sweep,cell,regime,kind,concentration,floor_regime,contention,contention_ratio,seed,task_workload_hash,scenario_hash,latent_probs_by_agent,realized_task_counts_by_agent,unique_archetypes_per_agent,frac_agents_all_four_archetypes,unique_archetypes_per_agent_mean,task_entropy_mean,task_mixture_tv_mean_pairwise,resource_demand_tv_mean_pairwise,resource_centroid_distance_mean,aggregate_mandatory_demand,capacity_by_resource,realized_contention_by_resource,active_resource_count,inactive_resources,floor_fraction_by_resource,declaration_source,redraws,reject_reason
workload,homogeneous__moderate,homogeneous,homogeneous,,unit,moderate,1.3,2098221685,faf5cb82d22de62a,6297631944ac369e,"[[0.25, 0.25, 0.25, 0.25], [0.25, 0.25, 0.25, 0.25], [0.25, 0.25, 0.25, 0.25], [0.25, 0.25, 0.25, 0.25], [0.25, 0.25, 0.25, 0.25], [0.25, 0.25, 0.25, 0.25]]","[{""research"": 1, ""code_review"": 3, ""doc_processing"": 1, ""monitoring"": 3}, {""research"": 1, ""code_review"": 3, ""doc_processing"": 1, ""monitoring"": 3}, {""research"": 1, ""code_review"": 3, ""doc_processing"": 1, ""monitoring"": 3}, {""research"": 1, ""code_review"": 3, ""doc_processing"": 1, ""monitoring"": 3}, {""research"": 1, ""code_review"": 3, ""doc_processing"": 1, ""monitoring"": 3}, {""research"": 1, ""code_review"": 3, ""doc_processing"": 1, ""monitoring"": 3}]","[4, 4, 4, 4, 4, 4]",1.0,4.0,0.9056390622295664,0.0,0.0,0.0,"{""COMPUTE"": 660, ""MEMORY"": 576, ""API_CREDITS"": 288, ""DATASET"": 192}","{""COMPUTE"": 508, ""MEMORY"": 443, ""API_CREDITS"": 222, ""DATASET"": 148}","{""COMPUTE"": 1.2992125984251968, ""MEMORY"": 1.3002257336343115, ""API_CREDITS"": 1.2972972972972974, ""DATASET"": 1.2972972972972974}",4,[],"{""COMPUTE"": 0.011811023622047244, ""MEMORY"": 0.013544018058690745, ""API_CREDITS"": 0.02702702702702703, ""DATASET"": 0.04054054054054054}",exact_pending_queue,0,
workload,homogeneous__moderate,homogeneous,homogeneous,,unit,moderate,1.3,1138347673,db9acdf82fca0f4e,9512ac75a9d0802f,"[[0.25, 0.25, 0.25, 0.25], [0.25, 0.25, 0.25, 0.25], [0.25, 0.25, 0.25, 0.25], [0.25, 0.25, 0.25, 0.25], [0.25, 0.25, 0.25, 0.25], [0.25, 0.25, 0.25, 0.25]]","[{""research"": 0, ""code_review"": 2, ""doc_processing"": 1, ""monitoring"": 5}, {""research"": 0, ""code_review"": 2, ""doc_processing"": 1, ""monitoring"": 5}, {""research"": 0, ""code_review"": 2, ""doc_processing"": 1, ""monitoring"": 5}, {""research"": 0, ""code_review"": 2, ""doc_processing"": 1, ""monitoring"": 5}, {""research"": 0, ""code_review"": 2, ""doc_processing"": 1, ""monitoring"": 5}, {""research"": 0, ""code_review"": 2, ""doc_processing"": 1, ""monitoring"": 5}]","[3, 3, 3, 3, 3, 3]",0.0,3.0,0.6493974703476993,0.0,0.0,4.163336342344337e-17,"{""COMPUTE"": 492, ""MEMORY"": 462, ""API_CREDITS"": 162, ""DATASET"": 240}","{""COMPUTE"": 378, ""MEMORY"": 355, ""API_CREDITS"": 125, ""DATASET"": 185}","{""COMPUTE"": 1.3015873015873016, ""MEMORY"": 1.3014084507042254, ""API_CREDITS"": 1.296, ""DATASET"": 1.2972972972972974}",4,[],"{""COMPUTE"": 0.015873015873015872, ""MEMORY"": 0.016901408450704224, ""API_CREDITS"": 0.048, ""DATASET"": 0.032432432432432434}",exact_pending_queue,0,
workload,homogeneous__moderate,homogeneous,homogeneous,,unit,moderate,1.3,2342860720,633dd143f984634b,3a2b7c3046719ecc,"[[0.25, 0.25, 0.25, 0.25], [0.25, 0.25, 0.25, 0.25], [0.25, 0.25, 0.25, 0.25], [0.25, 0.25, 0.25, 0.25], [0.25, 0.25, 0.25, 0.25], [0.25, 0.25, 0.25, 0.25]]","[{""research"": 2, ""code_review"": 2, ""doc_processing"": 2, ""monitoring"": 2}, {""research"": 2, ""code_review"": 2, ""doc_processing"": 2, ""monitoring"": 2}, {""research"": 2, ""code_review"": 2, ""doc_processing"": 2, ""monitoring"": 2}, {""research"": 2, ""code_review"": 2, ""doc_processing"": 2, ""monitoring"": 2}, {""research"": 2, ""code_review"": 2, ""doc_processing"": 2, ""monitoring"": 2}, {""research"": 2, ""code_review"": 2, ""doc_processing"": 2, ""monitoring"": 2}]","[4, 4, 4, 4, 4, 4]",1.0,4.0,1.0,0.0,0.0,4.85722573273506e-17,"{""COMPUTE"": 888, ""MEMORY"": 744, ""API_CREDITS"": 408, ""DATASET"": 192}","{""COMPUTE"": 683, ""MEMORY"": 572, ""API_CREDITS"": 314, ""DATASET"": 148}","{""COMPUTE"": 1.3001464128843339, ""MEMORY"": 1.3006993006993006, ""API_CREDITS"": 1.2993630573248407, ""DATASET"": 1.2972972972972974}",4,[],"{""COMPUTE"": 0.008784773060029283, ""MEMORY"": 0.01048951048951049, ""API_CREDITS"": 0.01910828025477707, ""DATASET"": 0.04054054054054054}",exact_pending_queue,0,
workload,homogeneous__moderate,homogeneous,homogeneous,,unit,moderate,1.3,1473714878,fd30f3f03eaaa13e,fa5b78a99028f5f0,"[[0.25, 0.25, 0.25, 0.25], [0.25, 0.25, 0.25, 0.25], [0.25, 0.25, 0.25, 0.25], [0.25, 0.25, 0.25, 0.25], [0.25, 0.25, 0.25, 0.25], [0.25, 0.25, 0.25, 0.25]]","[{""research"": 1, ""code_review"": 3, ""doc_processing"": 1, ""monitoring"": 3}, {""research"": 1, ""code_review"": 3, ""doc_processing"": 1, ""monitoring"": 3}, {""research"": 1, ""code_review"": 3, ""doc_processing"": 1, ""monitoring"": 3}, {""research"": 1, ""code_review"": 3, ""doc_processing"": 1, ""monitoring"": 3}, {""research"": 1, ""code_review"": 3, ""doc_processing"": 1, ""monitoring"": 3}, {""research"": 1, ""code_review"": 3, ""doc_processing"": 1, ""monitoring"": 3}]","[4, 4, 4, 4, 4, 4]",1.0,4.0,0.9056390622295664,0.0,0.0,0.0,"{""COMPUTE"": 660, ""MEMORY"": 576, ""API_CREDITS"": 288, ""DATASET"": 192}","{""COMPUTE"": 508, ""MEMORY"": 443, ""API_CREDITS"": 222, ""DATASET"": 148}","{""COMPUTE"": 1.2992125984251968, ""MEMORY"": 1.3002257336343115, ""API_CREDITS"": 1.2972972972972974, ""DATASET"": 1.2972972972972974}",4,[],"{""COMPUTE"": 0.011811023622047244, ""MEMORY"": 0.013544018058690745, ""API_CREDITS"": 0.02702702702702703, ""DATASET"": 0.04054054054054054}",exact_pending_queue,0,
workload,homogeneous__moderate,homogeneous,homogeneous,,unit,moderate,1.3,2114544130,a87f29994988420d,d7769260b72aa7d4,"[[0.25, 0.25, 0.25, 0.25], [0.25, 0.25, 0.25, 0.25], [0.25, 0.25, 0.25, 0.25], [0.25, 0.25, 0.25, 0.25], [0.25, 0.25, 0.25, 0.25], [0.25, 0.25, 0.25, 0.25]]","[{""research"": 3, ""code_review"": 3, ""doc_processing"": 1, ""monitoring"": 1}, {""research"": 3, ""code_review"": 3, ""doc_processing"": 1, ""monitoring"": 1}, {""research"": 3, ""code_review"": 3, ""doc_processing"": 1, ""monitoring"": 1}, {""research"": 3, ""code_review"": 3, ""doc_processing"": 1, ""monitoring"": 1}, {""research"": 3, ""code_review"": 3, ""doc_processing"": 1, ""monitoring"": 1}, {""research"": 3, ""code_review"": 3, ""doc_processing"": 1, ""monitoring"": 1}]","[4, 4, 4, 4, 4, 4]",1.0,4.0,0.9056390622295666,0.0,0.0,4.163336342344337e-17,"{""COMPUTE"": 972, ""MEMORY"": 816, ""API_CREDITS"": 480, ""DATASET"": 192}","{""COMPUTE"": 748, ""MEMORY"": 628, ""API_CREDITS"": 369, ""DATASET"": 148}","{""COMPUTE"": 1.2994652406417113, ""MEMORY"": 1.2993630573248407, ""API_CREDITS"": 1.3008130081300813, ""DATASET"": 1.2972972972972974}",4,[],"{""COMPUTE"": 0.008021390374331552, ""MEMORY"": 0.009554140127388535, ""API_CREDITS"": 0.016260162601626018, ""DATASET"": 0.04054054054054054}",exact_pending_queue,0,
workload,homogeneous__moderate,homogeneous,homogeneous,,unit,moderate,1.3,147595965,cd5c567e4a901f1b,acb3f0fa6e7ff141,"[[0.25, 0.25, 0.25, 0.25], [0.25, 0.25, 0.25, 0.25], [0.25, 0.25, 0.25, 0.25], [0.25, 0.25, 0.25, 0.25], [0.25, 0.25, 0.25, 0.25], [0.25, 0.25, 0.25, 0.25]]","[{""research"": 2, ""code_review"": 0, ""doc_processing"": 5, ""monitoring"": 1}, {""research"": 2, ""code_review"": 0, ""doc_processing"": 5, ""monitoring"": 1}, {""research"": 2, ""code_review"": 0, ""doc_processing"": 5, ""monitoring"": 1}, {""research"": 2, ""code_review"": 0, ""doc_processing"": 5, ""monitoring"": 1}, {""research"": 2, ""code_review"": 0, ""doc_processing"": 5, ""monitoring"": 1}, {""research"": 2, ""code_review"": 0, ""doc_processing"": 5, ""monitoring"": 1}]","[3, 3, 3, 3, 3, 3]",0.0,3.0,0.6493974703476993,0.0,0.0,0.0,"{""COMPUTE"": 1116, ""MEMORY"": 882, ""API_CREDITS"": 510, ""DATASET"": 144}","{""COMPUTE"": 858, ""MEMORY"": 678, ""API_CREDITS"": 392, ""DATASET"": 111}","{""COMPUTE"": 1.3006993006993006, ""MEMORY"": 1.3008849557522124, ""API_CREDITS"": 1.3010204081632653, ""DATASET"": 1.2972972972972974}",4,[],"{""COMPUTE"": 0.006993006993006993, ""MEMORY"": 0.008849557522123894, ""API_CREDITS"": 0.015306122448979591, ""DATASET"": 0.05405405405405406}",exact_pending_queue,0,
workload,homogeneous__moderate,homogeneous,homogeneous,,unit,moderate,1.3,393081195,9187f5f221873072,6e5cd6dcba463868,"[[0.25, 0.25, 0.25, 0.25], [0.25, 0.25, 0.25, 0.25], [0.25, 0.25, 0.25, 0.25], [0.25, 0.25, 0.25, 0.25], [0.25, 0.25, 0.25, 0.25], [0.25, 0.25, 0.25, 0.25]]","[{""research"": 3, ""code_review"": 1, ""doc_processing"": 1, ""monitoring"": 3}, {""research"": 3, ""code_review"": 1, ""doc_processing"": 1, ""monitoring"": 3}, {""research"": 3, ""code_review"": 1, ""doc_processing"": 1, ""monitoring"": 3}, {""research"": 3, ""code_review"": 1, ""doc_processing"": 1, ""monitoring"": 3}, {""research"": 3, ""code_review"": 1, ""doc_processing"": 1, ""monitoring"": 3}, {""research"": 3, ""code_review"": 1, ""doc_processing"": 1, ""monitoring"": 3}]","[4, 4, 4, 4, 4, 4]",1.0,4.0,0.9056390622295664,0.0,0.0,0.0,"{""COMPUTE"": 948, ""MEMORY"": 828, ""API_CREDITS"": 420, ""DATASET"": 288}","{""COMPUTE"": 729, ""MEMORY"": 637, ""API_CREDITS"": 323, ""DATASET"": 222}","{""COMPUTE"": 1.300411522633745, ""MEMORY"": 1.2998430141287285, ""API_CREDITS"": 1.3003095975232197, ""DATASET"": 1.2972972972972974}",4,[],"{""COMPUTE"": 0.00823045267489712, ""MEMORY"": 0.009419152276295133, ""API_CREDITS"": 0.018575851393188854, ""DATASET"": 0.02702702702702703}",exact_pending_queue,0,
workload,homogeneous__moderate,homogeneous,homogeneous,,unit,moderate,1.3,1217898226,e7d77d4bad3be373,9ecccedfd868b83e,"[[0.25, 0.25, 0.25, 0.25], [0.25, 0.25, 0.25, 0.25], [0.25, 0.25, 0.25, 0.25], [0.25, 0.25, 0.25, 0.25], [0.25, 0.25, 0.25, 0.25], [0.25, 0.25, 0.25, 0.25]]","[{""research"": 1, ""code_review"": 1, ""doc_processing"": 5, ""monitoring"": 1}, {""research"": 1, ""code_review"": 1, ""doc_processing"": 5, ""monitoring"": 1}, {""research"": 1, ""code_review"": 1, ""doc_processing"": 5, ""monitoring"": 1}, {""research"": 1, ""code_review"": 1, ""doc_processing"": 5, ""monitoring"": 1}, {""research"": 1, ""code_review"": 1, ""doc_processing"": 5, ""monitoring"": 1}, {""research"": 1, ""code_review"": 1, ""doc_processing"": 5, ""monitoring"": 1}]","[4, 4, 4, 4, 4, 4]",1.0,4.0,0.7743974703476993,0.0,0.0,1.3877787807814457e-17,"{""COMPUTE"": 972, ""MEMORY"": 756, ""API_CREDITS"": 444, ""DATASET"": 96}","{""COMPUTE"": 748, ""MEMORY"": 582, ""API_CREDITS"": 342, ""DATASET"": 74}","{""COMPUTE"": 1.2994652406417113, ""MEMORY"": 1.2989690721649485, ""API_CREDITS"": 1.2982456140350878, ""DATASET"": 1.2972972972972974}",4,[],"{""COMPUTE"": 0.008021390374331552, ""MEMORY"": 0.010309278350515464, ""API_CREDITS"": 0.017543859649122806, ""DATASET"": 0.08108108108108109}",exact_pending_queue,0,
workload,homogeneous__moderate,homogeneous,homogeneous,,unit,moderate,1.3,1595745102,636c253de8598ffd,dddfe092186ffce9,"[[0.25, 0.25, 0.25, 0.25], [0.25, 0.25, 0.25, 0.25], [0.25, 0.25, 0.25, 0.25], [0.25, 0.25, 0.25, 0.25], [0.25, 0.25, 0.25, 0.25], [0.25, 0.25, 0.25, 0.25]]","[{""research"": 0, ""code_review"": 4, ""doc_processing"": 4, ""monitoring"": 0}, {""research"": 0, ""code_review"": 4, ""doc_processing"": 4, ""monitoring"": 0}, {""research"": 0, ""code_review"": 4, ""doc_processing"": 4, ""monitoring"": 0}, {""research"": 0, ""code_review"": 4, ""doc_processing"": 4, ""monitoring"": 0}, {""research"": 0, ""code_review"": 4, ""doc_processing"": 4, ""monitoring"": 0}, {""research"": 0, ""code_review"": 4, ""doc_processing"": 4, ""monitoring"": 0}]","[2, 2, 2, 2, 2, 2]",0.0,2.0,0.5,0.0,0.0,0.0,"{""COMPUTE"": 768, ""MEMORY"": 576, ""API_CREDITS"": 384, ""DATASET"": 0}","{""COMPUTE"": 591, ""MEMORY"": 443, ""API_CREDITS"": 295, ""DATASET"": 1}","{""COMPUTE"": 1.299492385786802, ""MEMORY"": 1.3002257336343115, ""API_CREDITS"": 1.3016949152542372, ""DATASET"": 0.0}",3,"[""DATASET""]","{""COMPUTE"": 0.01015228426395939, ""MEMORY"": 0.013544018058690745, ""API_CREDITS"": 0.020338983050847456, ""DATASET"": 0.0}",exact_pending_queue,0,
workload,homogeneous__moderate,homogeneous,homogeneous,,unit,moderate,1.3,2413048586,97892531bed1aeb6,ae2d47f66254c9b5,"[[0.25, 0.25, 0.25, 0.25], [0.25, 0.25, 0.25, 0.25], [0.25, 0.25, 0.25, 0.25], [0.25, 0.25, 0.25, 0.25], [0.25, 0.25, 0.25, 0.25], [0.25, 0.25, 0.25, 0.25]]","[{""research"": 4, ""code_review"": 0, ""doc_processing"": 2, ""monitoring"": 2}, {""research"": 4, ""code_review"": 0, ""doc_processing"": 2, ""monitoring"": 2}, {""research"": 4, ""code_review"": 0, ""doc_processing"": 2, ""monitoring"": 2}, {""research"": 4, ""code_review"": 0, ""doc_processing"": 2, ""monitoring"": 2}, {""research"": 4, ""code_review"": 0, ""doc_processing"": 2, ""monitoring"": 2}, {""research"": 4, ""code_review"": 0, ""doc_processing"": 2, ""monitoring"": 2}]","[3, 3, 3, 3, 3, 3]",0.0,3.0,0.75,0.0,0.0,4.85722573273506e-17,"{""COMPUTE"": 1176, ""MEMORY"": 996, ""API_CREDITS"": 540, ""DATASET"": 288}","{""COMPUTE"": 905, ""MEMORY"": 766, ""API_CREDITS"": 415, ""DATASET"": 222}","{""COMPUTE"": 1.2994475138121546, ""MEMORY"": 1.3002610966057442, ""API_CREDITS"": 1.3012048192771084, ""DATASET"": 1.2972972972972974}",4,[],"{""COMPUTE"": 0.0066298342541436465, ""MEMORY"": 0.007832898172323759, ""API_CREDITS"": 0.014457831325301205, ""DATASET"": 0.02702702702702703}",exact_pending_queue,0,
workload,homogeneous__moderate,homogeneous,homogeneous,,unit,moderate,1.3,453209340,20b528f8c0a498c2,036957ce900305e2,"[[0.25, 0.25, 0.25, 0.25], [0.25, 0.25, 0.25, 0.25], [0.25, 0.25, 0.25, 0.25], [0.25, 0.25, 0.25, 0.25], [0.25, 0.25, 0.25, 0.25], [0.25, 0.25, 0.25, 0.25]]","[{""research"": 3, ""code_review"": 1, ""doc_processing"": 0, ""monitoring"": 4}, {""research"": 3, ""code_review"": 1, ""doc_processing"": 0, ""monitoring"": 4}, {""research"": 3, ""code_review"": 1, ""doc_processing"": 0, ""monitoring"": 4}, {""research"": 3, ""code_review"": 1, ""doc_processing"": 0, ""monitoring"": 4}, {""research"": 3, ""code_review"": 1, ""doc_processing"": 0, ""monitoring"": 4}, {""research"": 3, ""code_review"": 1, ""doc_processing"": 0, ""monitoring"": 4}]","[3, 3, 3, 3, 3, 3]",0.0,3.0,0.7028195311147832,0.0,0.0,0.0,"{""COMPUTE"": 864, ""MEMORY"": 786, ""API_CREDITS"": 366, ""DATASET"": 336}","{""COMPUTE"": 665, ""MEMORY"": 605, ""API_CREDITS"": 282, ""DATASET"": 258}","{""COMPUTE"": 1.299248120300752, ""MEMORY"": 1.2991735537190083, ""API_CREDITS"": 1.297872340425532, ""DATASET"": 1.302325581395349}",4,[],"{""COMPUTE"": 0.009022556390977444, ""MEMORY"": 0.009917355371900827, ""API_CREDITS"": 0.02127659574468085, ""DATASET"": 0.023255813953488372}",exact_pending_queue,0,
workload,homogeneous__moderate,homogeneous,homogeneous,,unit,moderate,1.3,2920410359,91ab4d46022a0de4,0a43e5f11488289b,"[[0.25, 0.25, 0.25, 0.25], [0.25, 0.25, 0.25, 0.25], [0.25, 0.25, 0.25, 0.25], [0.25, 0.25, 0.25, 0.25], [0.25, 0.25, 0.25, 0.25], [0.25, 0.25, 0.25, 0.25]]","[{""research"": 4, ""code_review"": 1, ""doc_processing"": 1, ""monitoring"": 2}, {""research"": 4, ""code_review"": 1, ""doc_processing"": 1, ""monitoring"": 2}, {""research"": 4, ""code_review"": 1, ""doc_processing"": 1, ""monitoring"": 2}, {""research"": 4, ""code_review"": 1, ""doc_processing"": 1, ""monitoring"": 2}, {""research"": 4, ""code_review"": 1, ""doc_processing"": 1, ""monitoring"": 2}, {""research"": 4, ""code_review"": 1, ""doc_processing"": 1, ""monitoring"": 2}]","[4, 4, 4, 4, 4, 4]",1.0,4.0,0.875,0.0,0.0,6.938893903907228e-18,"{""COMPUTE"": 1104, ""MEMORY"": 948, ""API_CREDITS"": 516, ""DATASET"": 288}","{""COMPUTE"": 849, ""MEMORY"": 729, ""API_CREDITS"": 397, ""DATASET"": 222}","{""COMPUTE"": 1.3003533568904593, ""MEMORY"": 1.300411522633745, ""API_CREDITS"": 1.2997481108312343, ""DATASET"": 1.2972972972972974}",4,[],"{""COMPUTE"": 0.007067137809187279, ""MEMORY"": 0.00823045267489712, ""API_CREDITS"": 0.015113350125944584, ""DATASET"": 0.02702702702702703}",exact_pending_queue,0,
workload,homogeneous__moderate,homogeneous,homogeneous,,unit,moderate,1.3,4282649469,08f2a67b5a2756bd,03456b85de4b870a,"[[0.25, 0.25, 0.25, 0.25], [0.25, 0.25, 0.25, 0.25], [0.25, 0.25, 0.25, 0.25], [0.25, 0.25, 0.25, 0.25], [0.25, 0.25, 0.25, 0.25], [0.25, 0.25, 0.25, 0.25]]","[{""research"": 2, ""code_review"": 1, ""doc_processing"": 2, ""monitoring"": 3}, {""research"": 2, ""code_review"": 1, ""doc_processing"": 2, ""monitoring"": 3}, {""research"": 2, ""code_review"": 1, ""doc_processing"": 2, ""monitoring"": 3}, {""research"": 2, ""code_review"": 1, ""doc_processing"": 2, ""monitoring"": 3}, {""research"": 2, ""code_review"": 1, ""doc_processing"": 2, ""monitoring"": 3}, {""research"": 2, ""code_review"": 1, ""doc_processing"": 2, ""monitoring"": 3}]","[4, 4, 4, 4, 4, 4]",1.0,4.0,0.9528195311147831,0.0,0.0,0.0,"{""COMPUTE"": 876, ""MEMORY"": 750, ""API_CREDITS"": 378, ""DATASET"": 240}","{""COMPUTE"": 674, ""MEMORY"": 577, ""API_CREDITS"": 291, ""DATASET"": 185}","{""COMPUTE"": 1.2997032640949555, ""MEMORY"": 1.2998266897746966, ""API_CREDITS"": 1.2989690721649485, ""DATASET"": 1.2972972972972974}",4,[],"{""COMPUTE"": 0.008902077151335312, ""MEMORY"": 0.010398613518197574, ""API_CREDITS"": 0.020618556701030927, ""DATASET"": 0.032432432432432434}",exact_pending_queue,0,
workload,homogeneous__moderate,homogeneous,homogeneous,,unit,moderate,1.3,2089981338,a001b977accfd560,e975e9f516e099eb,"[[0.25, 0.25, 0.25, 0.25], [0.25, 0.25, 0.25, 0.25], [0.25, 0.25, 0.25, 0.25], [0.25, 0.25, 0.25, 0.25], [0.25, 0.25, 0.25, 0.25], [0.25, 0.25, 0.25, 0.25]]","[{""research"": 1, ""code_review"": 4, ""doc_processing"": 2, ""monitoring"": 1}, {""research"": 1, ""code_review"": 4, ""doc_processing"": 2, ""monitoring"": 1}, {""research"": 1, ""code_review"": 4, ""doc_processing"": 2, ""monitoring"": 1}, {""research"": 1, ""code_review"": 4, ""doc_processing"": 2, ""monitoring"": 1}, {""research"": 1, ""code_review"": 4, ""doc_processing"": 2, ""monitoring"": 1}, {""research"": 1, ""code_review"": 4, ""doc_processing"": 2, ""monitoring"": 1}]","[4, 4, 4, 4, 4, 4]",1.0,4.0,0.875,0.0,0.0,4.163336342344337e-17,"{""COMPUTE"": 756, ""MEMORY"": 612, ""API_CREDITS"": 372, ""DATASET"": 96}","{""COMPUTE"": 582, ""MEMORY"": 471, ""API_CREDITS"": 286, ""DATASET"": 74}","{""COMPUTE"": 1.2989690721649485, ""MEMORY"": 1.2993630573248407, ""API_CREDITS"": 1.3006993006993006, ""DATASET"": 1.2972972972972974}",4,[],"{""COMPUTE"": 0.010309278350515464, ""MEMORY"": 0.012738853503184714, ""API_CREDITS"": 0.02097902097902098, ""DATASET"": 0.08108108108108109}",exact_pending_queue,0,
workload,homogeneous__moderate,homogeneous,homogeneous,,unit,moderate,1.3,1751949247,c5fceced6aaf84fd,98a6da28ed519fa7,"[[0.25, 0.25, 0.25, 0.25], [0.25, 0.25, 0.25, 0.25], [0.25, 0.25, 0.25, 0.25], [0.25, 0.25, 0.25, 0.25], [0.25, 0.25, 0.25, 0.25], [0.25, 0.25, 0.25, 0.25]]","[{""research"": 1, ""code_review"": 1, ""doc_processing"": 5, ""monitoring"": 1}, {""research"": 1, ""code_review"": 1, ""doc_processing"": 5, ""monitoring"": 1}, {""research"": 1, ""code_review"": 1, ""doc_processing"": 5, ""monitoring"": 1}, {""research"": 1, ""code_review"": 1, ""doc_processing"": 5, ""monitoring"": 1}, {""research"": 1, ""code_review"": 1, ""doc_processing"": 5, ""monitoring"": 1}, {""research"": 1, ""code_review"": 1, ""doc_processing"": 5, ""monitoring"": 1}]","[4, 4, 4, 4, 4, 4]",1.0,4.0,0.7743974703476993,0.0,0.0,1.3877787807814457e-17,"{""COMPUTE"": 972, ""MEMORY"": 756, ""API_CREDITS"": 444, ""DATASET"": 96}","{""COMPUTE"": 748, ""MEMORY"": 582, ""API_CREDITS"": 342, ""DATASET"": 74}","{""COMPUTE"": 1.2994652406417113, ""MEMORY"": 1.2989690721649485, ""API_CREDITS"": 1.2982456140350878, ""DATASET"": 1.2972972972972974}",4,[],"{""COMPUTE"": 0.008021390374331552, ""MEMORY"": 0.010309278350515464, ""API_CREDITS"": 0.017543859649122806, ""DATASET"": 0.08108108108108109}",exact_pending_queue,0,
workload,homogeneous__moderate,homogeneous,homogeneous,,unit,moderate,1.3,4210982914,cc65491cc5ae3969,ba16fbcc9df0cff1,"[[0.25, 0.25, 0.25, 0.25], [0.25, 0.25, 0.25, 0.25], [0.25, 0.25, 0.25, 0.25], [0.25, 0.25, 0.25, 0.25], [0.25, 0.25, 0.25, 0.25], [0.25, 0.25, 0.25, 0.25]]","[{""research"": 0, ""code_review"": 3, ""doc_processing"": 4, ""monitoring"": 1}, {""research"": 0, ""code_review"": 3, ""doc_processing"": 4, ""monitoring"": 1}, {""research"": 0, ""code_review"": 3, ""doc_processing"": 4, ""monitoring"": 1}, {""research"": 0, ""code_review"": 3, ""doc_processing"": 4, ""monitoring"": 1}, {""research"": 0, ""code_review"": 3, ""doc_processing"": 4, ""monitoring"": 1}, {""research"": 0, ""code_review"": 3, ""doc_processing"": 4, ""monitoring"": 1}]","[3, 3, 3, 3, 3, 3]",0.0,3.0,0.7028195311147832,0.0,0.0,2.7755575615628914e-17,"{""COMPUTE"": 756, ""MEMORY"": 582, ""API_CREDITS"": 354, ""DATASET"": 48}","{""COMPUTE"": 582, ""MEMORY"": 448, ""API_CREDITS"": 272, ""DATASET"": 37}","{""COMPUTE"": 1.2989690721649485, ""MEMORY"": 1.2991071428571428, ""API_CREDITS"": 1.3014705882352942, ""DATASET"": 1.2972972972972974}",4,[],"{""COMPUTE"": 0.010309278350515464, ""MEMORY"": 0.013392857142857142, ""API_CREDITS"": 0.022058823529411766, ""DATASET"": 0.16216216216216217}",exact_pending_queue,0,
workload,homogeneous__moderate,homogeneous,homogeneous,,unit,moderate,1.3,3922112564,42cf491365b1ea3b,42958d6d76ba8395,"[[0.25, 0.25, 0.25, 0.25], [0.25, 0.25, 0.25, 0.25], [0.25, 0.25, 0.25, 0.25], [0.25, 0.25, 0.25, 0.25], [0.25, 0.25, 0.25, 0.25], [0.25, 0.25, 0.25, 0.25]]","[{""research"": 1, ""code_review"": 4, ""doc_processing"": 1, ""monitoring"": 2}, {""research"": 1, ""code_review"": 4, ""doc_processing"": 1, ""monitoring"": 2}, {""research"": 1, ""code_review"": 4, ""doc_processing"": 1, ""monitoring"": 2}, {""research"": 1, ""code_review"": 4, ""doc_processing"": 1, ""monitoring"": 2}, {""research"": 1, ""code_review"": 4, ""doc_processing"": 1, ""monitoring"": 2}, {""research"": 1, ""code_review"": 4, ""doc_processing"": 1, ""monitoring"": 2}]","[4, 4, 4, 4, 4, 4]",1.0,4.0,0.875,0.0,0.0,2.7755575615628914e-17,"{""COMPUTE"": 672, ""MEMORY"": 570, ""API_CREDITS"": 318, ""DATASET"": 144}","{""COMPUTE"": 517, ""MEMORY"": 438, ""API_CREDITS"": 245, ""DATASET"": 111}","{""COMPUTE"": 1.299806576402321, ""MEMORY"": 1.3013698630136987, ""API_CREDITS"": 1.2979591836734694, ""DATASET"": 1.2972972972972974}",4,[],"{""COMPUTE"": 0.01160541586073501, ""MEMORY"": 0.0136986301369863, ""API_CREDITS"": 0.024489795918367346, ""DATASET"": 0.05405405405405406}",exact_pending_queue,0,
workload,homogeneous__moderate,homogeneous,homogeneous,,unit,moderate,1.3,183163032,90f99a8eaad66784,97549a9da44b8940,"[[0.25, 0.25, 0.25, 0.25], [0.25, 0.25, 0.25, 0.25], [0.25, 0.25, 0.25, 0.25], [0.25, 0.25, 0.25, 0.25], [0.25, 0.25, 0.25, 0.25], [0.25, 0.25, 0.25, 0.25]]","[{""research"": 0, ""code_review"": 3, ""doc_processing"": 2, ""monitoring"": 3}, {""research"": 0, ""code_review"": 3, ""doc_processing"": 2, ""monitoring"": 3}, {""research"": 0, ""code_review"": 3, ""doc_processing"": 2, ""monitoring"": 3}, {""research"": 0, ""code_review"": 3, ""doc_processing"": 2, ""monitoring"": 3}, {""research"": 0, ""code_review"": 3, ""doc_processing"": 2, ""monitoring"": 3}, {""research"": 0, ""code_review"": 3, ""doc_processing"": 2, ""monitoring"": 3}]","[3, 3, 3, 3, 3, 3]",0.0,3.0,0.7806390622295662,0.0,0.0,6.938893903907228e-18,"{""COMPUTE"": 588, ""MEMORY"": 498, ""API_CREDITS"": 246, ""DATASET"": 144}","{""COMPUTE"": 452, ""MEMORY"": 383, ""API_CREDITS"": 189, ""DATASET"": 111}","{""COMPUTE"": 1.3008849557522124, ""MEMORY"": 1.3002610966057442, ""API_CREDITS"": 1.3015873015873016, ""DATASET"": 1.2972972972972974}",4,[],"{""COMPUTE"": 0.01327433628318584, ""MEMORY"": 0.015665796344647518, ""API_CREDITS"": 0.031746031746031744, ""DATASET"": 0.05405405405405406}",exact_pending_queue,0,
workload,homogeneous__moderate,homogeneous,homogeneous,,unit,moderate,1.3,4222305526,b54e7d1d2a9c1131,0125d77b6b35caa5,"[[0.25, 0.25, 0.25, 0.25], [0.25, 0.25, 0.25, 0.25], [0.25, 0.25, 0.25, 0.25], [0.25, 0.25, 0.25, 0.25], [0.25, 0.25, 0.25, 0.25], [0.25, 0.25, 0.25, 0.25]]","[{""research"": 3, ""code_review"": 2, ""doc_processing"": 2, ""monitoring"": 1}, {""research"": 3, ""code_review"": 2, ""doc_processing"": 2, ""monitoring"": 1}, {""research"": 3, ""code_review"": 2, ""doc_processing"": 2, ""monitoring"": 1}, {""research"": 3, ""code_review"": 2, ""doc_processing"": 2, ""monitoring"": 1}, {""research"": 3, ""code_review"": 2, ""doc_processing"": 2, ""monitoring"": 1}, {""research"": 3, ""code_review"": 2, ""doc_processing"": 2, ""monitoring"": 1}]","[4, 4, 4, 4, 4, 4]",1.0,4.0,0.9528195311147832,0.0,0.0,1.3877787807814457e-17,"{""COMPUTE"": 1044, ""MEMORY"": 864, ""API_CREDITS"": 504, ""DATASET"": 192}","{""COMPUTE"": 803, ""MEMORY"": 665, ""API_CREDITS"": 388, ""DATASET"": 148}","{""COMPUTE"": 1.3001245330012454, ""MEMORY"": 1.299248120300752, ""API_CREDITS"": 1.2989690721649485, ""DATASET"": 1.2972972972972974}",4,[],"{""COMPUTE"": 0.007471980074719801, ""MEMORY"": 0.009022556390977444, ""API_CREDITS"": 0.015463917525773196, ""DATASET"": 0.04054054054054054}",exact_pending_queue,0,
workload,homogeneous__moderate,homogeneous,homogeneous,,unit,moderate,1.3,3706283824,19c4302024d9d860,27c6b91d5716e50b,"[[0.25, 0.25, 0.25, 0.25], [0.25, 0.25, 0.25, 0.25], [0.25, 0.25, 0.25, 0.25], [0.25, 0.25, 0.25, 0.25], [0.25, 0.25, 0.25, 0.25], [0.25, 0.25, 0.25, 0.25]]","[{""research"": 4, ""code_review"": 2, ""doc_processing"": 0, ""monitoring"": 2}, {""research"": 4, ""code_review"": 2, ""doc_processing"": 0, ""monitoring"": 2}, {""research"": 4, ""code_review"": 2, ""doc_processing"": 0, ""monitoring"": 2}, {""research"": 4, ""code_review"": 2, ""doc_processing"": 0, ""monitoring"": 2}, {""research"": 4, ""code_review"": 2, ""doc_processing"": 0, ""monitoring"": 2}, {""research"": 4, ""code_review"": 2, ""doc_processing"": 0, ""monitoring"": 2}]","[3, 3, 3, 3, 3, 3]",0.0,3.0,0.75,0.0,0.0,1.3877787807814457e-17,"{""COMPUTE"": 1032, ""MEMORY"": 900, ""API_CREDITS"": 492, ""DATASET"": 288}","{""COMPUTE"": 794, ""MEMORY"": 692, ""API_CREDITS"": 378, ""DATASET"": 222}","{""COMPUTE"": 1.2997481108312343, ""MEMORY"": 1.300578034682081, ""API_CREDITS"": 1.3015873015873016, ""DATASET"": 1.2972972972972974}",4,[],"{""COMPUTE"": 0.007556675062972292, ""MEMORY"": 0.008670520231213872, ""API_CREDITS"": 0.015873015873015872, ""DATASET"": 0.02702702702702703}",exact_pending_queue,0,
workload,homogeneous__moderate,homogeneous,homogeneous,,unit,moderate,1.3,927763105,43a39b186c3287f8,1a74d5ea8be0a1ee,"[[0.25, 0.25, 0.25, 0.25], [0.25, 0.25, 0.25, 0.25], [0.25, 0.25, 0.25, 0.25], [0.25, 0.25, 0.25, 0.25], [0.25, 0.25, 0.25, 0.25], [0.25, 0.25, 0.25, 0.25]]","[{""research"": 1, ""code_review"": 1, ""doc_processing"": 0, ""monitoring"": 6}, {""research"": 1, ""code_review"": 1, ""doc_processing"": 0, ""monitoring"": 6}, {""research"": 1, ""code_review"": 1, ""doc_processing"": 0, ""monitoring"": 6}, {""research"": 1, ""code_review"": 1, ""doc_processing"": 0, ""monitoring"": 6}, {""research"": 1, ""code_review"": 1, ""doc_processing"": 0, ""monitoring"": 6}, {""research"": 1, ""code_review"": 1, ""doc_processing"": 0, ""monitoring"": 6}]","[3, 3, 3, 3, 3, 3]",0.0,3.0,0.5306390622295665,0.0,0.0,4.163336342344337e-17,"{""COMPUTE"": 552, ""MEMORY"": 546, ""API_CREDITS"": 174, ""DATASET"": 336}","{""COMPUTE"": 425, ""MEMORY"": 420, ""API_CREDITS"": 134, ""DATASET"": 258}","{""COMPUTE"": 1.2988235294117647, ""MEMORY"": 1.3, ""API_CREDITS"": 1.2985074626865671, ""DATASET"": 1.302325581395349}",4,[],"{""COMPUTE"": 0.01411764705882353, ""MEMORY"": 0.014285714285714285, ""API_CREDITS"": 0.04477611940298507, ""DATASET"": 0.023255813953488372}",exact_pending_queue,0,
workload,homogeneous__moderate,homogeneous,homogeneous,,unit,moderate,1.3,642816875,eddb9ee2382ff7df,25dc548829592e78,"[[0.25, 0.25, 0.25, 0.25], [0.25, 0.25, 0.25, 0.25], [0.25, 0.25, 0.25, 0.25], [0.25, 0.25, 0.25, 0.25], [0.25, 0.25, 0.25, 0.25], [0.25, 0.25, 0.25, 0.25]]","[{""research"": 4, ""code_review"": 0, ""doc_processing"": 2, ""monitoring"": 2}, {""research"": 4, ""code_review"": 0, ""doc_processing"": 2, ""monitoring"": 2}, {""research"": 4, ""code_review"": 0, ""doc_processing"": 2, ""monitoring"": 2}, {""research"": 4, ""code_review"": 0, ""doc_processing"": 2, ""monitoring"": 2}, {""research"": 4, ""code_review"": 0, ""doc_processing"": 2, ""monitoring"": 2}, {""research"": 4, ""code_review"": 0, ""doc_processing"": 2, ""monitoring"": 2}]","[3, 3, 3, 3, 3, 3]",0.0,3.0,0.75,0.0,0.0,4.85722573273506e-17,"{""COMPUTE"": 1176, ""MEMORY"": 996, ""API_CREDITS"": 540, ""DATASET"": 288}","{""COMPUTE"": 905, ""MEMORY"": 766, ""API_CREDITS"": 415, ""DATASET"": 222}","{""COMPUTE"": 1.2994475138121546, ""MEMORY"": 1.3002610966057442, ""API_CREDITS"": 1.3012048192771084, ""DATASET"": 1.2972972972972974}",4,[],"{""COMPUTE"": 0.0066298342541436465, ""MEMORY"": 0.007832898172323759, ""API_CREDITS"": 0.014457831325301205, ""DATASET"": 0.02702702702702703}",exact_pending_queue,0,
workload,homogeneous__moderate,homogeneous,homogeneous,,unit,moderate,1.3,2485047775,dba8780c3005b5c1,74c2e67767403ece,"[[0.25, 0.25, 0.25, 0.25], [0.25, 0.25, 0.25, 0.25], [0.25, 0.25, 0.25, 0.25], [0.25, 0.25, 0.25, 0.25], [0.25, 0.25, 0.25, 0.25], [0.25, 0.25, 0.25, 0.25]]","[{""research"": 2, ""code_review"": 2, ""doc_processing"": 2, ""monitoring"": 2}, {""research"": 2, ""code_review"": 2, ""doc_processing"": 2, ""monitoring"": 2}, {""research"": 2, ""code_review"": 2, ""doc_processing"": 2, ""monitoring"": 2}, {""research"": 2, ""code_review"": 2, ""doc_processing"": 2, ""monitoring"": 2}, {""research"": 2, ""code_review"": 2, ""doc_processing"": 2, ""monitoring"": 2}, {""research"": 2, ""code_review"": 2, ""doc_processing"": 2, ""monitoring"": 2}]","[4, 4, 4, 4, 4, 4]",1.0,4.0,1.0,0.0,0.0,4.85722573273506e-17,"{""COMPUTE"": 888, ""MEMORY"": 744, ""API_CREDITS"": 408, ""DATASET"": 192}","{""COMPUTE"": 683, ""MEMORY"": 572, ""API_CREDITS"": 314, ""DATASET"": 148}","{""COMPUTE"": 1.3001464128843339, ""MEMORY"": 1.3006993006993006, ""API_CREDITS"": 1.2993630573248407, ""DATASET"": 1.2972972972972974}",4,[],"{""COMPUTE"": 0.008784773060029283, ""MEMORY"": 0.01048951048951049, ""API_CREDITS"": 0.01910828025477707, ""DATASET"": 0.04054054054054054}",exact_pending_queue,0,
workload,homogeneous__moderate,homogeneous,homogeneous,,unit,moderate,1.3,1464621060,b0daea299d20733d,28a112f98c331eb9,"[[0.25, 0.25, 0.25, 0.25], [0.25, 0.25, 0.25, 0.25], [0.25, 0.25, 0.25, 0.25], [0.25, 0.25, 0.25, 0.25], [0.25, 0.25, 0.25, 0.25], [0.25, 0.25, 0.25, 0.25]]","[{""research"": 4, ""code_review"": 2, ""doc_processing"": 2, ""monitoring"": 0}, {""research"": 4, ""code_review"": 2, ""doc_processing"": 2, ""monitoring"": 0}, {""research"": 4, ""code_review"": 2, ""doc_processing"": 2, ""monitoring"": 0}, {""research"": 4, ""code_review"": 2, ""doc_processing"": 2, ""monitoring"": 0}, {""research"": 4, ""code_review"": 2, ""doc_processing"": 2, ""monitoring"": 0}, {""research"": 4, ""code_review"": 2, ""doc_processing"": 2, ""monitoring"": 0}]","[3, 3, 3, 3, 3, 3]",0.0,3.0,0.75,0.0,0.0,4.163336342344337e-17,"{""COMPUTE"": 1200, ""MEMORY"": 984, ""API_CREDITS"": 600, ""DATASET"": 192}","{""COMPUTE"": 923, ""MEMORY"": 757, ""API_CREDITS"": 462, ""DATASET"": 148}","{""COMPUTE"": 1.3001083423618636, ""MEMORY"": 1.2998678996036988, ""API_CREDITS"": 1.2987012987012987, ""DATASET"": 1.2972972972972974}",4,[],"{""COMPUTE"": 0.0065005417118093175, ""MEMORY"": 0.007926023778071334, ""API_CREDITS"": 0.012987012987012988, ""DATASET"": 0.04054054054054054}",exact_pending_queue,0,
workload,homogeneous__moderate,homogeneous,homogeneous,,unit,moderate,1.3,1594198431,c0d1be668c9c7188,7c3e132181a7ca74,"[[0.25, 0.25, 0.25, 0.25], [0.25, 0.25, 0.25, 0.25], [0.25, 0.25, 0.25, 0.25], [0.25, 0.25, 0.25, 0.25], [0.25, 0.25, 0.25, 0.25], [0.25, 0.25, 0.25, 0.25]]","[{""research"": 1, ""code_review"": 1, ""doc_processing"": 3, ""monitoring"": 3}, {""research"": 1, ""code_review"": 1, ""doc_processing"": 3, ""monitoring"": 3}, {""research"": 1, ""code_review"": 1, ""doc_processing"": 3, ""monitoring"": 3}, {""research"": 1, ""code_review"": 1, ""doc_processing"": 3, ""monitoring"": 3}, {""research"": 1, ""code_review"": 1, ""doc_processing"": 3, ""monitoring"": 3}, {""research"": 1, ""code_review"": 1, ""doc_processing"": 3, ""monitoring"": 3}]","[4, 4, 4, 4, 4, 4]",1.0,4.0,0.9056390622295664,0.0,0.0,6.938893903907228e-18,"{""COMPUTE"": 804, ""MEMORY"": 672, ""API_CREDITS"": 336, ""DATASET"": 192}","{""COMPUTE"": 618, ""MEMORY"": 517, ""API_CREDITS"": 258, ""DATASET"": 148}","{""COMPUTE"": 1.3009708737864079, ""MEMORY"": 1.299806576402321, ""API_CREDITS"": 1.302325581395349, ""DATASET"": 1.2972972972972974}",4,[],"{""COMPUTE"": 0.009708737864077669, ""MEMORY"": 0.01160541586073501, ""API_CREDITS"": 0.023255813953488372, ""DATASET"": 0.04054054054054054}",exact_pending_queue,0,
workload,homogeneous__moderate,homogeneous,homogeneous,,unit,moderate,1.3,2964826275,ffc7d06a0a712a6d,804718ec330efacf,"[[0.25, 0.25, 0.25, 0.25], [0.25, 0.25, 0.25, 0.25], [0.25, 0.25, 0.25, 0.25], [0.25, 0.25, 0.25, 0.25], [0.25, 0.25, 0.25, 0.25], [0.25, 0.25, 0.25, 0.25]]","[{""research"": 4, ""code_review"": 0, ""doc_processing"": 1, ""monitoring"": 3}, {""research"": 4, ""code_review"": 0, ""doc_processing"": 1, ""monitoring"": 3}, {""research"": 4, ""code_review"": 0, ""doc_processing"": 1, ""monitoring"": 3}, {""research"": 4, ""code_review"": 0, ""doc_processing"": 1, ""monitoring"": 3}, {""research"": 4, ""code_review"": 0, ""doc_processing"": 1, ""monitoring"": 3}, {""research"": 4, ""code_review"": 0, ""doc_processing"": 1, ""monitoring"": 3}]","[3, 3, 3, 3, 3, 3]",0.0,3.0,0.7028195311147832,0.0,0.0,6.938893903907228e-18,"{""COMPUTE"": 1092, ""MEMORY"": 954, ""API_CREDITS"": 486, ""DATASET"": 336}","{""COMPUTE"": 840, ""MEMORY"": 734, ""API_CREDITS"": 374, ""DATASET"": 258}","{""COMPUTE"": 1.3, ""MEMORY"": 1.2997275204359673, ""API_CREDITS"": 1.2994652406417113, ""DATASET"": 1.302325581395349}",4,[],"{""COMPUTE"": 0.007142857142857143, ""MEMORY"": 0.008174386920980926, ""API_CREDITS"": 0.016042780748663103, ""DATASET"": 0.023255813953488372}",exact_pending_queue,0,
workload,homogeneous__moderate,homogeneous,homogeneous,,unit,moderate,1.3,3703943727,f9a23f8b16526911,842f72131a82db75,"[[0.25, 0.25, 0.25, 0.25], [0.25, 0.25, 0.25, 0.25], [0.25, 0.25, 0.25, 0.25], [0.25, 0.25, 0.25, 0.25], [0.25, 0.25, 0.25, 0.25], [0.25, 0.25, 0.25, 0.25]]","[{""research"": 3, ""code_review"": 2, ""doc_processing"": 1, ""monitoring"": 2}, {""research"": 3, ""code_review"": 2, ""doc_processing"": 1, ""monitoring"": 2}, {""research"": 3, ""code_review"": 2, ""doc_processing"": 1, ""monitoring"": 2}, {""research"": 3, ""code_review"": 2, ""doc_processing"": 1, ""monitoring"": 2}, {""research"": 3, ""code_review"": 2, ""doc_processing"": 1, ""monitoring"": 2}, {""research"": 3, ""code_review"": 2, ""doc_processing"": 1, ""monitoring"": 2}]","[4, 4, 4, 4, 4, 4]",1.0,4.0,0.9528195311147832,0.0,0.0,0.0,"{""COMPUTE"": 960, ""MEMORY"": 822, ""API_CREDITS"": 450, ""DATASET"": 240}","{""COMPUTE"": 738, ""MEMORY"": 632, ""API_CREDITS"": 346, ""DATASET"": 185}","{""COMPUTE"": 1.3008130081300813, ""MEMORY"": 1.3006329113924051, ""API_CREDITS"": 1.300578034682081, ""DATASET"": 1.2972972972972974}",4,[],"{""COMPUTE"": 0.008130081300813009, ""MEMORY"": 0.00949367088607595, ""API_CREDITS"": 0.017341040462427744, ""DATASET"": 0.032432432432432434}",exact_pending_queue,0,
workload,homogeneous__moderate,homogeneous,homogeneous,,unit,moderate,1.3,1321997983,e7b4a99fe42178be,0770df8323b633df,"[[0.25, 0.25, 0.25, 0.25], [0.25, 0.25, 0.25, 0.25], [0.25, 0.25, 0.25, 0.25], [0.25, 0.25, 0.25, 0.25], [0.25, 0.25, 0.25, 0.25], [0.25, 0.25, 0.25, 0.25]]","[{""research"": 4, ""code_review"": 3, ""doc_processing"": 0, ""monitoring"": 1}, {""research"": 4, ""code_review"": 3, ""doc_processing"": 0, ""monitoring"": 1}, {""research"": 4, ""code_review"": 3, ""doc_processing"": 0, ""monitoring"": 1}, {""research"": 4, ""code_review"": 3, ""doc_processing"": 0, ""monitoring"": 1}, {""research"": 4, ""code_review"": 3, ""doc_processing"": 0, ""monitoring"": 1}, {""research"": 4, ""code_review"": 3, ""doc_processing"": 0, ""monitoring"": 1}]","[3, 3, 3, 3, 3, 3]",0.0,3.0,0.7028195311147832,0.0,0.0,0.0,"{""COMPUTE"": 1044, ""MEMORY"": 894, ""API_CREDITS"": 522, ""DATASET"": 240}","{""COMPUTE"": 803, ""MEMORY"": 688, ""API_CREDITS"": 402, ""DATASET"": 185}","{""COMPUTE"": 1.3001245330012454, ""MEMORY"": 1.2994186046511629, ""API_CREDITS"": 1.2985074626865671, ""DATASET"": 1.2972972972972974}",4,[],"{""COMPUTE"": 0.007471980074719801, ""MEMORY"": 0.00872093023255814, ""API_CREDITS"": 0.014925373134328358, ""DATASET"": 0.032432432432432434}",exact_pending_queue,0,
workload,homogeneous__moderate,homogeneous,homogeneous,,unit,moderate,1.3,2789760346,7986ee890e16d2f8,810d34defa06daef,"[[0.25, 0.25, 0.25, 0.25], [0.25, 0.25, 0.25, 0.25], [0.25, 0.25, 0.25, 0.25], [0.25, 0.25, 0.25, 0.25], [0.25, 0.25, 0.25, 0.25], [0.25, 0.25, 0.25, 0.25]]","[{""research"": 3, ""code_review"": 2, ""doc_processing"": 2, ""monitoring"": 1}, {""research"": 3, ""code_review"": 2, ""doc_processing"": 2, ""monitoring"": 1}, {""research"": 3, ""code_review"": 2, ""doc_processing"": 2, ""monitoring"": 1}, {""research"": 3, ""code_review"": 2, ""doc_processing"": 2, ""monitoring"": 1}, {""research"": 3, ""code_review"": 2, ""doc_processing"": 2, ""monitoring"": 1}, {""research"": 3, ""code_review"": 2, ""doc_processing"": 2, ""monitoring"": 1}]","[4, 4, 4, 4, 4, 4]",1.0,4.0,0.9528195311147832,0.0,0.0,1.3877787807814457e-17,"{""COMPUTE"": 1044, ""MEMORY"": 864, ""API_CREDITS"": 504, ""DATASET"": 192}","{""COMPUTE"": 803, ""MEMORY"": 665, ""API_CREDITS"": 388, ""DATASET"": 148}","{""COMPUTE"": 1.3001245330012454, ""MEMORY"": 1.299248120300752, ""API_CREDITS"": 1.2989690721649485, ""DATASET"": 1.2972972972972974}",4,[],"{""COMPUTE"": 0.007471980074719801, ""MEMORY"": 0.009022556390977444, ""API_CREDITS"": 0.015463917525773196, ""DATASET"": 0.04054054054054054}",exact_pending_queue,0,
workload,homogeneous__moderate,homogeneous,homogeneous,,unit,moderate,1.3,4250606291,4c2a24394f44c5b1,ed9a96e378f0239f,"[[0.25, 0.25, 0.25, 0.25], [0.25, 0.25, 0.25, 0.25], [0.25, 0.25, 0.25, 0.25], [0.25, 0.25, 0.25, 0.25], [0.25, 0.25, 0.25, 0.25], [0.25, 0.25, 0.25, 0.25]]","[{""research"": 2, ""code_review"": 3, ""doc_processing"": 2, ""monitoring"": 1}, {""research"": 2, ""code_review"": 3, ""doc_processing"": 2, ""monitoring"": 1}, {""research"": 2, ""code_review"": 3, ""doc_processing"": 2, ""monitoring"": 1}, {""research"": 2, ""code_review"": 3, ""doc_processing"": 2, ""monitoring"": 1}, {""research"": 2, ""code_review"": 3, ""doc_processing"": 2, ""monitoring"": 1}, {""research"": 2, ""code_review"": 3, ""doc_processing"": 2, ""monitoring"": 1}]","[4, 4, 4, 4, 4, 4]",1.0,4.0,0.9528195311147832,0.0,0.0,0.0,"{""COMPUTE"": 900, ""MEMORY"": 738, ""API_CREDITS"": 438, ""DATASET"": 144}","{""COMPUTE"": 692, ""MEMORY"": 568, ""API_CREDITS"": 337, ""DATASET"": 111}","{""COMPUTE"": 1.300578034682081, ""MEMORY"": 1.2992957746478873, ""API_CREDITS"": 1.2997032640949555, ""DATASET"": 1.2972972972972974}",4,[],"{""COMPUTE"": 0.008670520231213872, ""MEMORY"": 0.01056338028169014, ""API_CREDITS"": 0.017804154302670624, ""DATASET"": 0.05405405405405406}",exact_pending_queue,0,
workload,homogeneous__high,homogeneous,homogeneous,,unit,high,1.9,2098221685,faf5cb82d22de62a,72b4e617bb89644d,"[[0.25, 0.25, 0.25, 0.25], [0.25, 0.25, 0.25, 0.25], [0.25, 0.25, 0.25, 0.25], [0.25, 0.25, 0.25, 0.25], [0.25, 0.25, 0.25, 0.25], [0.25, 0.25, 0.25, 0.25]]","[{""research"": 1, ""code_review"": 3, ""doc_processing"": 1, ""monitoring"": 3}, {""research"": 1, ""code_review"": 3, ""doc_processing"": 1, ""monitoring"": 3}, {""research"": 1, ""code_review"": 3, ""doc_processing"": 1, ""monitoring"": 3}, {""research"": 1, ""code_review"": 3, ""doc_processing"": 1, ""monitoring"": 3}, {""research"": 1, ""code_review"": 3, ""doc_processing"": 1, ""monitoring"": 3}, {""research"": 1, ""code_review"": 3, ""doc_processing"": 1, ""monitoring"": 3}]","[4, 4, 4, 4, 4, 4]",1.0,4.0,0.9056390622295664,0.0,0.0,0.0,"{""COMPUTE"": 660, ""MEMORY"": 576, ""API_CREDITS"": 288, ""DATASET"": 192}","{""COMPUTE"": 347, ""MEMORY"": 303, ""API_CREDITS"": 152, ""DATASET"": 101}","{""COMPUTE"": 1.9020172910662825, ""MEMORY"": 1.900990099009901, ""API_CREDITS"": 1.894736842105263, ""DATASET"": 1.900990099009901}",4,[],"{""COMPUTE"": 0.01729106628242075, ""MEMORY"": 0.019801980198019802, ""API_CREDITS"": 0.039473684210526314, ""DATASET"": 0.0594059405940594}",exact_pending_queue,0,
workload,homogeneous__high,homogeneous,homogeneous,,unit,high,1.9,1138347673,db9acdf82fca0f4e,06558afd7441d09a,"[[0.25, 0.25, 0.25, 0.25], [0.25, 0.25, 0.25, 0.25], [0.25, 0.25, 0.25, 0.25], [0.25, 0.25, 0.25, 0.25], [0.25, 0.25, 0.25, 0.25], [0.25, 0.25, 0.25, 0.25]]","[{""research"": 0, ""code_review"": 2, ""doc_processing"": 1, ""monitoring"": 5}, {""research"": 0, ""code_review"": 2, ""doc_processing"": 1, ""monitoring"": 5}, {""research"": 0, ""code_review"": 2, ""doc_processing"": 1, ""monitoring"": 5}, {""research"": 0, ""code_review"": 2, ""doc_processing"": 1, ""monitoring"": 5}, {""research"": 0, ""code_review"": 2, ""doc_processing"": 1, ""monitoring"": 5}, {""research"": 0, ""code_review"": 2, ""doc_processing"": 1, ""monitoring"": 5}]","[3, 3, 3, 3, 3, 3]",0.0,3.0,0.6493974703476993,0.0,0.0,4.163336342344337e-17,"{""COMPUTE"": 492, ""MEMORY"": 462, ""API_CREDITS"": 162, ""DATASET"": 240}","{""COMPUTE"": 259, ""MEMORY"": 243, ""API_CREDITS"": 85, ""DATASET"": 126}","{""COMPUTE"": 1.8996138996138996, ""MEMORY"": 1.9012345679012346, ""API_CREDITS"": 1.9058823529411764, ""DATASET"": 1.9047619047619047}",4,[],"{""COMPUTE"": 0.023166023166023165, ""MEMORY"": 0.024691358024691357, ""API_CREDITS"": 0.07058823529411765, ""DATASET"": 0.047619047619047616}",exact_pending_queue,0,
workload,homogeneous__high,homogeneous,homogeneous,,unit,high,1.9,2342860720,633dd143f984634b,c137738ce0957782,"[[0.25, 0.25, 0.25, 0.25], [0.25, 0.25, 0.25, 0.25], [0.25, 0.25, 0.25, 0.25], [0.25, 0.25, 0.25, 0.25], [0.25, 0.25, 0.25, 0.25], [0.25, 0.25, 0.25, 0.25]]","[{""research"": 2, ""code_review"": 2, ""doc_processing"": 2, ""monitoring"": 2}, {""research"": 2, ""code_review"": 2, ""doc_processing"": 2, ""monitoring"": 2}, {""research"": 2, ""code_review"": 2, ""doc_processing"": 2, ""monitoring"": 2}, {""research"": 2, ""code_review"": 2, ""doc_processing"": 2, ""monitoring"": 2}, {""research"": 2, ""code_review"": 2, ""doc_processing"": 2, ""monitoring"": 2}, {""research"": 2, ""code_review"": 2, ""doc_processing"": 2, ""monitoring"": 2}]","[4, 4, 4, 4, 4, 4]",1.0,4.0,1.0,0.0,0.0,4.85722573273506e-17,"{""COMPUTE"": 888, ""MEMORY"": 744, ""API_CREDITS"": 408, ""DATASET"": 192}","{""COMPUTE"": 467, ""MEMORY"": 392, ""API_CREDITS"": 215, ""DATASET"": 101}","{""COMPUTE"": 1.9014989293361884, ""MEMORY"": 1.8979591836734695, ""API_CREDITS"": 1.8976744186046512, ""DATASET"": 1.900990099009901}",4,[],"{""COMPUTE"": 0.01284796573875803, ""MEMORY"": 0.015306122448979591, ""API_CREDITS"": 0.027906976744186046, ""DATASET"": 0.0594059405940594}",exact_pending_queue,0,
workload,homogeneous__high,homogeneous,homogeneous,,unit,high,1.9,1473714878,fd30f3f03eaaa13e,35b67435670f3271,"[[0.25, 0.25, 0.25, 0.25], [0.25, 0.25, 0.25, 0.25], [0.25, 0.25, 0.25, 0.25], [0.25, 0.25, 0.25, 0.25], [0.25, 0.25, 0.25, 0.25], [0.25, 0.25, 0.25, 0.25]]","[{""research"": 1, ""code_review"": 3, ""doc_processing"": 1, ""monitoring"": 3}, {""research"": 1, ""code_review"": 3, ""doc_processing"": 1, ""monitoring"": 3}, {""research"": 1, ""code_review"": 3, ""doc_processing"": 1, ""monitoring"": 3}, {""research"": 1, ""code_review"": 3, ""doc_processing"": 1, ""monitoring"": 3}, {""research"": 1, ""code_review"": 3, ""doc_processing"": 1, ""monitoring"": 3}, {""research"": 1, ""code_review"": 3, ""doc_processing"": 1, ""monitoring"": 3}]","[4, 4, 4, 4, 4, 4]",1.0,4.0,0.9056390622295664,0.0,0.0,0.0,"{""COMPUTE"": 660, ""MEMORY"": 576, ""API_CREDITS"": 288, ""DATASET"": 192}","{""COMPUTE"": 347, ""MEMORY"": 303, ""API_CREDITS"": 152, ""DATASET"": 101}","{""COMPUTE"": 1.9020172910662825, ""MEMORY"": 1.900990099009901, ""API_CREDITS"": 1.894736842105263, ""DATASET"": 1.900990099009901}",4,[],"{""COMPUTE"": 0.01729106628242075, ""MEMORY"": 0.019801980198019802, ""API_CREDITS"": 0.039473684210526314, ""DATASET"": 0.0594059405940594}",exact_pending_queue,0,
workload,homogeneous__high,homogeneous,homogeneous,,unit,high,1.9,2114544130,a87f29994988420d,f10f06f8c74568cc,"[[0.25, 0.25, 0.25, 0.25], [0.25, 0.25, 0.25, 0.25], [0.25, 0.25, 0.25, 0.25], [0.25, 0.25, 0.25, 0.25], [0.25, 0.25, 0.25, 0.25], [0.25, 0.25, 0.25, 0.25]]","[{""research"": 3, ""code_review"": 3, ""doc_processing"": 1, ""monitoring"": 1}, {""research"": 3, ""code_review"": 3, ""doc_processing"": 1, ""monitoring"": 1}, {""research"": 3, ""code_review"": 3, ""doc_processing"": 1, ""monitoring"": 1}, {""research"": 3, ""code_review"": 3, ""doc_processing"": 1, ""monitoring"": 1}, {""research"": 3, ""code_review"": 3, ""doc_processing"": 1, ""monitoring"": 1}, {""research"": 3, ""code_review"": 3, ""doc_processing"": 1, ""monitoring"": 1}]","[4, 4, 4, 4, 4, 4]",1.0,4.0,0.9056390622295666,0.0,0.0,4.163336342344337e-17,"{""COMPUTE"": 972, ""MEMORY"": 816, ""API_CREDITS"": 480, ""DATASET"": 192}","{""COMPUTE"": 512, ""MEMORY"": 429, ""API_CREDITS"": 253, ""DATASET"": 101}","{""COMPUTE"": 1.8984375, ""MEMORY"": 1.902097902097902, ""API_CREDITS"": 1.8972332015810276, ""DATASET"": 1.900990099009901}",4,[],"{""COMPUTE"": 0.01171875, ""MEMORY"": 0.013986013986013986, ""API_CREDITS"": 0.023715415019762844, ""DATASET"": 0.0594059405940594}",exact_pending_queue,0,
workload,homogeneous__high,homogeneous,homogeneous,,unit,high,1.9,147595965,cd5c567e4a901f1b,c2499b722ede5deb,"[[0.25, 0.25, 0.25, 0.25], [0.25, 0.25, 0.25, 0.25], [0.25, 0.25, 0.25, 0.25], [0.25, 0.25, 0.25, 0.25], [0.25, 0.25, 0.25, 0.25], [0.25, 0.25, 0.25, 0.25]]","[{""research"": 2, ""code_review"": 0, ""doc_processing"": 5, ""monitoring"": 1}, {""research"": 2, ""code_review"": 0, ""doc_processing"": 5, ""monitoring"": 1}, {""research"": 2, ""code_review"": 0, ""doc_processing"": 5, ""monitoring"": 1}, {""research"": 2, ""code_review"": 0, ""doc_processing"": 5, ""monitoring"": 1}, {""research"": 2, ""code_review"": 0, ""doc_processing"": 5, ""monitoring"": 1}, {""research"": 2, ""code_review"": 0, ""doc_processing"": 5, ""monitoring"": 1}]","[3, 3, 3, 3, 3, 3]",0.0,3.0,0.6493974703476993,0.0,0.0,0.0,"{""COMPUTE"": 1116, ""MEMORY"": 882, ""API_CREDITS"": 510, ""DATASET"": 144}","{""COMPUTE"": 587, ""MEMORY"": 464, ""API_CREDITS"": 268, ""DATASET"": 76}","{""COMPUTE"": 1.9011925042589437, ""MEMORY"": 1.9008620689655173, ""API_CREDITS"": 1.9029850746268657, ""DATASET"": 1.894736842105263}",4,[],"{""COMPUTE"": 0.010221465076660987, ""MEMORY"": 0.01293103448275862, ""API_CREDITS"": 0.022388059701492536, ""DATASET"": 0.07894736842105263}",exact_pending_queue,0,
workload,homogeneous__high,homogeneous,homogeneous,,unit,high,1.9,393081195,9187f5f221873072,a9992bf1cdeaedde,"[[0.25, 0.25, 0.25, 0.25], [0.25, 0.25, 0.25, 0.25], [0.25, 0.25, 0.25, 0.25], [0.25, 0.25, 0.25, 0.25], [0.25, 0.25, 0.25, 0.25], [0.25, 0.25, 0.25, 0.25]]","[{""research"": 3, ""code_review"": 1, ""doc_processing"": 1, ""monitoring"": 3}, {""research"": 3, ""code_review"": 1, ""doc_processing"": 1, ""monitoring"": 3}, {""research"": 3, ""code_review"": 1, ""doc_processing"": 1, ""monitoring"": 3}, {""research"": 3, ""code_review"": 1, ""doc_processing"": 1, ""monitoring"": 3}, {""research"": 3, ""code_review"": 1, ""doc_processing"": 1, ""monitoring"": 3}, {""research"": 3, ""code_review"": 1, ""doc_processing"": 1, ""monitoring"": 3}]","[4, 4, 4, 4, 4, 4]",1.0,4.0,0.9056390622295664,0.0,0.0,0.0,"{""COMPUTE"": 948, ""MEMORY"": 828, ""API_CREDITS"": 420, ""DATASET"": 288}","{""COMPUTE"": 499, ""MEMORY"": 436, ""API_CREDITS"": 221, ""DATASET"": 152}","{""COMPUTE"": 1.8997995991983967, ""MEMORY"": 1.8990825688073394, ""API_CREDITS"": 1.9004524886877827, ""DATASET"": 1.894736842105263}",4,[],"{""COMPUTE"": 0.012024048096192385, ""MEMORY"": 0.013761467889908258, ""API_CREDITS"": 0.027149321266968326, ""DATASET"": 0.039473684210526314}",exact_pending_queue,0,
workload,homogeneous__high,homogeneous,homogeneous,,unit,high,1.9,1217898226,e7d77d4bad3be373,1c37887fe3d48a82,"[[0.25, 0.25, 0.25, 0.25], [0.25, 0.25, 0.25, 0.25], [0.25, 0.25, 0.25, 0.25], [0.25, 0.25, 0.25, 0.25], [0.25, 0.25, 0.25, 0.25], [0.25, 0.25, 0.25, 0.25]]","[{""research"": 1, ""code_review"": 1, ""doc_processing"": 5, ""monitoring"": 1}, {""research"": 1, ""code_review"": 1, ""doc_processing"": 5, ""monitoring"": 1}, {""research"": 1, ""code_review"": 1, ""doc_processing"": 5, ""monitoring"": 1}, {""research"": 1, ""code_review"": 1, ""doc_processing"": 5, ""monitoring"": 1}, {""research"": 1, ""code_review"": 1, ""doc_processing"": 5, ""monitoring"": 1}, {""research"": 1, ""code_review"": 1, ""doc_processing"": 5, ""monitoring"": 1}]","[4, 4, 4, 4, 4, 4]",1.0,4.0,0.7743974703476993,0.0,0.0,1.3877787807814457e-17,"{""COMPUTE"": 972, ""MEMORY"": 756, ""API_CREDITS"": 444, ""DATASET"": 96}","{""COMPUTE"": 512, ""MEMORY"": 398, ""API_CREDITS"": 234, ""DATASET"": 51}","{""COMPUTE"": 1.8984375, ""MEMORY"": 1.899497487437186, ""API_CREDITS"": 1.8974358974358974, ""DATASET"": 1.8823529411764706}",4,[],"{""COMPUTE"": 0.01171875, ""MEMORY"": 0.01507537688442211, ""API_CREDITS"": 0.02564102564102564, ""DATASET"": 0.11764705882352941}",exact_pending_queue,0,
workload,homogeneous__high,homogeneous,homogeneous,,unit,high,1.9,1595745102,636c253de8598ffd,d7d5f61d237e8cf5,"[[0.25, 0.25, 0.25, 0.25], [0.25, 0.25, 0.25, 0.25], [0.25, 0.25, 0.25, 0.25], [0.25, 0.25, 0.25, 0.25], [0.25, 0.25, 0.25, 0.25], [0.25, 0.25, 0.25, 0.25]]","[{""research"": 0, ""code_review"": 4, ""doc_processing"": 4, ""monitoring"": 0}, {""research"": 0, ""code_review"": 4, ""doc_processing"": 4, ""monitoring"": 0}, {""research"": 0, ""code_review"": 4, ""doc_processing"": 4, ""monitoring"": 0}, {""research"": 0, ""code_review"": 4, ""doc_processing"": 4, ""monitoring"": 0}, {""research"": 0, ""code_review"": 4, ""doc_processing"": 4, ""monitoring"": 0}, {""research"": 0, ""code_review"": 4, ""doc_processing"": 4, ""monitoring"": 0}]","[2, 2, 2, 2, 2, 2]",0.0,2.0,0.5,0.0,0.0,0.0,"{""COMPUTE"": 768, ""MEMORY"": 576, ""API_CREDITS"": 384, ""DATASET"": 0}","{""COMPUTE"": 404, ""MEMORY"": 303, ""API_CREDITS"": 202, ""DATASET"": 1}","{""COMPUTE"": 1.900990099009901, ""MEMORY"": 1.900990099009901, ""API_CREDITS"": 1.900990099009901, ""DATASET"": 0.0}",3,"[""DATASET""]","{""COMPUTE"": 0.01485148514851485, ""MEMORY"": 0.019801980198019802, ""API_CREDITS"": 0.0297029702970297, ""DATASET"": 0.0}",exact_pending_queue,0,
workload,homogeneous__high,homogeneous,homogeneous,,unit,high,1.9,2413048586,97892531bed1aeb6,1acd06caf95970dd,"[[0.25, 0.25, 0.25, 0.25], [0.25, 0.25, 0.25, 0.25], [0.25, 0.25, 0.25, 0.25], [0.25, 0.25, 0.25, 0.25], [0.25, 0.25, 0.25, 0.25], [0.25, 0.25, 0.25, 0.25]]","[{""research"": 4, ""code_review"": 0, ""doc_processing"": 2, ""monitoring"": 2}, {""research"": 4, ""code_review"": 0, ""doc_processing"": 2, ""monitoring"": 2}, {""research"": 4, ""code_review"": 0, ""doc_processing"": 2, ""monitoring"": 2}, {""research"": 4, ""code_review"": 0, ""doc_processing"": 2, ""monitoring"": 2}, {""research"": 4, ""code_review"": 0, ""doc_processing"": 2, ""monitoring"": 2}, {""research"": 4, ""code_review"": 0, ""doc_processing"": 2, ""monitoring"": 2}]","[3, 3, 3, 3, 3, 3]",0.0,3.0,0.75,0.0,0.0,4.85722573273506e-17,"{""COMPUTE"": 1176, ""MEMORY"": 996, ""API_CREDITS"": 540, ""DATASET"": 288}","{""COMPUTE"": 619, ""MEMORY"": 524, ""API_CREDITS"": 284, ""DATASET"": 152}","{""COMPUTE"": 1.8998384491114702, ""MEMORY"": 1.900763358778626, ""API_CREDITS"": 1.9014084507042253, ""DATASET"": 1.894736842105263}",4,[],"{""COMPUTE"": 0.009693053311793215, ""MEMORY"": 0.011450381679389313, ""API_CREDITS"": 0.02112676056338028, ""DATASET"": 0.039473684210526314}",exact_pending_queue,0,
workload,homogeneous__high,homogeneous,homogeneous,,unit,high,1.9,453209340,20b528f8c0a498c2,ecab5cb1cabce4fc,"[[0.25, 0.25, 0.25, 0.25], [0.25, 0.25, 0.25, 0.25], [0.25, 0.25, 0.25, 0.25], [0.25, 0.25, 0.25, 0.25], [0.25, 0.25, 0.25, 0.25], [0.25, 0.25, 0.25, 0.25]]","[{""research"": 3, ""code_review"": 1, ""doc_processing"": 0, ""monitoring"": 4}, {""research"": 3, ""code_review"": 1, ""doc_processing"": 0, ""monitoring"": 4}, {""research"": 3, ""code_review"": 1, ""doc_processing"": 0, ""monitoring"": 4}, {""research"": 3, ""code_review"": 1, ""doc_processing"": 0, ""monitoring"": 4}, {""research"": 3, ""code_review"": 1, ""doc_processing"": 0, ""monitoring"": 4}, {""research"": 3, ""code_review"": 1, ""doc_processing"": 0, ""monitoring"": 4}]","[3, 3, 3, 3, 3, 3]",0.0,3.0,0.7028195311147832,0.0,0.0,0.0,"{""COMPUTE"": 864, ""MEMORY"": 786, ""API_CREDITS"": 366, ""DATASET"": 336}","{""COMPUTE"": 455, ""MEMORY"": 414, ""API_CREDITS"": 193, ""DATASET"": 177}","{""COMPUTE"": 1.8989010989010988, ""MEMORY"": 1.8985507246376812, ""API_CREDITS"": 1.8963730569948187, ""DATASET"": 1.8983050847457628}",4,[],"{""COMPUTE"": 0.013186813186813187, ""MEMORY"": 0.014492753623188406, ""API_CREDITS"": 0.031088082901554404, ""DATASET"": 0.03389830508474576}",exact_pending_queue,0,
workload,homogeneous__high,homogeneous,homogeneous,,unit,high,1.9,2920410359,91ab4d46022a0de4,6b12cbadf9ff2013,"[[0.25, 0.25, 0.25, 0.25], [0.25, 0.25, 0.25, 0.25], [0.25, 0.25, 0.25, 0.25], [0.25, 0.25, 0.25, 0.25], [0.25, 0.25, 0.25, 0.25], [0.25, 0.25, 0.25, 0.25]]","[{""research"": 4, ""code_review"": 1, ""doc_processing"": 1, ""monitoring"": 2}, {""research"": 4, ""code_review"": 1, ""doc_processing"": 1, ""monitoring"": 2}, {""research"": 4, ""code_review"": 1, ""doc_processing"": 1, ""monitoring"": 2}, {""research"": 4, ""code_review"": 1, ""doc_processing"": 1, ""monitoring"": 2}, {""research"": 4, ""code_review"": 1, ""doc_processing"": 1, ""monitoring"": 2}, {""research"": 4, ""code_review"": 1, ""doc_processing"": 1, ""monitoring"": 2}]","[4, 4, 4, 4, 4, 4]",1.0,4.0,0.875,0.0,0.0,6.938893903907228e-18,"{""COMPUTE"": 1104, ""MEMORY"": 948, ""API_CREDITS"": 516, ""DATASET"": 288}","{""COMPUTE"": 581, ""MEMORY"": 499, ""API_CREDITS"": 272, ""DATASET"": 152}","{""COMPUTE"": 1.9001721170395869, ""MEMORY"": 1.8997995991983967, ""API_CREDITS"": 1.8970588235294117, ""DATASET"": 1.894736842105263}",4,[],"{""COMPUTE"": 0.010327022375215147, ""MEMORY"": 0.012024048096192385, ""API_CREDITS"": 0.022058823529411766, ""DATASET"": 0.039473684210526314}",exact_pending_queue,0,
workload,homogeneous__high,homogeneous,homogeneous,,unit,high,1.9,4282649469,08f2a67b5a2756bd,21ed4dcf4fdb05f0,"[[0.25, 0.25, 0.25, 0.25], [0.25, 0.25, 0.25, 0.25], [0.25, 0.25, 0.25, 0.25], [0.25, 0.25, 0.25, 0.25], [0.25, 0.25, 0.25, 0.25], [0.25, 0.25, 0.25, 0.25]]","[{""research"": 2, ""code_review"": 1, ""doc_processing"": 2, ""monitoring"": 3}, {""research"": 2, ""code_review"": 1, ""doc_processing"": 2, ""monitoring"": 3}, {""research"": 2, ""code_review"": 1, ""doc_processing"": 2, ""monitoring"": 3}, {""research"": 2, ""code_review"": 1, ""doc_processing"": 2, ""monitoring"": 3}, {""research"": 2, ""code_review"": 1, ""doc_processing"": 2, ""monitoring"": 3}, {""research"": 2, ""code_review"": 1, ""doc_processing"": 2, ""monitoring"": 3}]","[4, 4, 4, 4, 4, 4]",1.0,4.0,0.9528195311147831,0.0,0.0,0.0,"{""COMPUTE"": 876, ""MEMORY"": 750, ""API_CREDITS"": 378, ""DATASET"": 240}","{""COMPUTE"": 461, ""MEMORY"": 395, ""API_CREDITS"": 199, ""DATASET"": 126}","{""COMPUTE"": 1.9002169197396963, ""MEMORY"": 1.8987341772151898, ""API_CREDITS"": 1.899497487437186, ""DATASET"": 1.9047619047619047}",4,[],"{""COMPUTE"": 0.013015184381778741, ""MEMORY"": 0.015189873417721518, ""API_CREDITS"": 0.03015075376884422, ""DATASET"": 0.047619047619047616}",exact_pending_queue,0,
workload,homogeneous__high,homogeneous,homogeneous,,unit,high,1.9,2089981338,a001b977accfd560,bf3947113d9071b1,"[[0.25, 0.25, 0.25, 0.25], [0.25, 0.25, 0.25, 0.25], [0.25, 0.25, 0.25, 0.25], [0.25, 0.25, 0.25, 0.25], [0.25, 0.25, 0.25, 0.25], [0.25, 0.25, 0.25, 0.25]]","[{""research"": 1, ""code_review"": 4, ""doc_processing"": 2, ""monitoring"": 1}, {""research"": 1, ""code_review"": 4, ""doc_processing"": 2, ""monitoring"": 1}, {""research"": 1, ""code_review"": 4, ""doc_processing"": 2, ""monitoring"": 1}, {""research"": 1, ""code_review"": 4, ""doc_processing"": 2, ""monitoring"": 1}, {""research"": 1, ""code_review"": 4, ""doc_processing"": 2, ""monitoring"": 1}, {""research"": 1, ""code_review"": 4, ""doc_processing"": 2, ""monitoring"": 1}]","[4, 4, 4, 4, 4, 4]",1.0,4.0,0.875,0.0,0.0,4.163336342344337e-17,"{""COMPUTE"": 756, ""MEMORY"": 612, ""API_CREDITS"": 372, ""DATASET"": 96}","{""COMPUTE"": 398, ""MEMORY"": 322, ""API_CREDITS"": 196, ""DATASET"": 51}","{""COMPUTE"": 1.899497487437186, ""MEMORY"": 1.9006211180124224, ""API_CREDITS"": 1.8979591836734695, ""DATASET"": 1.8823529411764706}",4,[],"{""COMPUTE"": 0.01507537688442211, ""MEMORY"": 0.018633540372670808, ""API_CREDITS"": 0.030612244897959183, ""DATASET"": 0.11764705882352941}",exact_pending_queue,0,
workload,homogeneous__high,homogeneous,homogeneous,,unit,high,1.9,1751949247,c5fceced6aaf84fd,e81337824d673bdb,"[[0.25, 0.25, 0.25, 0.25], [0.25, 0.25, 0.25, 0.25], [0.25, 0.25, 0.25, 0.25], [0.25, 0.25, 0.25, 0.25], [0.25, 0.25, 0.25, 0.25], [0.25, 0.25, 0.25, 0.25]]","[{""research"": 1, ""code_review"": 1, ""doc_processing"": 5, ""monitoring"": 1}, {""research"": 1, ""code_review"": 1, ""doc_processing"": 5, ""monitoring"": 1}, {""research"": 1, ""code_review"": 1, ""doc_processing"": 5, ""monitoring"": 1}, {""research"": 1, ""code_review"": 1, ""doc_processing"": 5, ""monitoring"": 1}, {""research"": 1, ""code_review"": 1, ""doc_processing"": 5, ""monitoring"": 1}, {""research"": 1, ""code_review"": 1, ""doc_processing"": 5, ""monitoring"": 1}]","[4, 4, 4, 4, 4, 4]",1.0,4.0,0.7743974703476993,0.0,0.0,1.3877787807814457e-17,"{""COMPUTE"": 972, ""MEMORY"": 756, ""API_CREDITS"": 444, ""DATASET"": 96}","{""COMPUTE"": 512, ""MEMORY"": 398, ""API_CREDITS"": 234, ""DATASET"": 51}","{""COMPUTE"": 1.8984375, ""MEMORY"": 1.899497487437186, ""API_CREDITS"": 1.8974358974358974, ""DATASET"": 1.8823529411764706}",4,[],"{""COMPUTE"": 0.01171875, ""MEMORY"": 0.01507537688442211, ""API_CREDITS"": 0.02564102564102564, ""DATASET"": 0.11764705882352941}",exact_pending_queue,0,
workload,homogeneous__high,homogeneous,homogeneous,,unit,high,1.9,4210982914,cc65491cc5ae3969,b1c41d3fb412128b,"[[0.25, 0.25, 0.25, 0.25], [0.25, 0.25, 0.25, 0.25], [0.25, 0.25, 0.25, 0.25], [0.25, 0.25, 0.25, 0.25], [0.25, 0.25, 0.25, 0.25], [0.25, 0.25, 0.25, 0.25]]","[{""research"": 0, ""code_review"": 3, ""doc_processing"": 4, ""monitoring"": 1}, {""research"": 0, ""code_review"": 3, ""doc_processing"": 4, ""monitoring"": 1}, {""research"": 0, ""code_review"": 3, ""doc_processing"": 4, ""monitoring"": 1}, {""research"": 0, ""code_review"": 3, ""doc_processing"": 4, ""monitoring"": 1}, {""research"": 0, ""code_review"": 3, ""doc_processing"": 4, ""monitoring"": 1}, {""research"": 0, ""code_review"": 3, ""doc_processing"": 4, ""monitoring"": 1}]","[3, 3, 3, 3, 3, 3]",0.0,3.0,0.7028195311147832,0.0,0.0,2.7755575615628914e-17,"{""COMPUTE"": 756, ""MEMORY"": 582, ""API_CREDITS"": 354, ""DATASET"": 48}","{""COMPUTE"": 398, ""MEMORY"": 306, ""API_CREDITS"": 186, ""DATASET"": 25}","{""COMPUTE"": 1.899497487437186, ""MEMORY"": 1.9019607843137254, ""API_CREDITS"": 1.903225806451613, ""DATASET"": 1.92}",4,[],"{""COMPUTE"": 0.01507537688442211, ""MEMORY"": 0.0196078431372549, ""API_CREDITS"": 0.03225806451612903, ""DATASET"": 0.24}",exact_pending_queue,0,
workload,homogeneous__high,homogeneous,homogeneous,,unit,high,1.9,3922112564,42cf491365b1ea3b,7c6f68889db5e71e,"[[0.25, 0.25, 0.25, 0.25], [0.25, 0.25, 0.25, 0.25], [0.25, 0.25, 0.25, 0.25], [0.25, 0.25, 0.25, 0.25], [0.25, 0.25, 0.25, 0.25], [0.25, 0.25, 0.25, 0.25]]","[{""research"": 1, ""code_review"": 4, ""doc_processing"": 1, ""monitoring"": 2}, {""research"": 1, ""code_review"": 4, ""doc_processing"": 1, ""monitoring"": 2}, {""research"": 1, ""code_review"": 4, ""doc_processing"": 1, ""monitoring"": 2}, {""research"": 1, ""code_review"": 4, ""doc_processing"": 1, ""monitoring"": 2}, {""research"": 1, ""code_review"": 4, ""doc_processing"": 1, ""monitoring"": 2}, {""research"": 1, ""code_review"": 4, ""doc_processing"": 1, ""monitoring"": 2}]","[4, 4, 4, 4, 4, 4]",1.0,4.0,0.875,0.0,0.0,2.7755575615628914e-17,"{""COMPUTE"": 672, ""MEMORY"": 570, ""API_CREDITS"": 318, ""DATASET"": 144}","{""COMPUTE"": 354, ""MEMORY"": 300, ""API_CREDITS"": 167, ""DATASET"": 76}","{""COMPUTE"": 1.8983050847457628, ""MEMORY"": 1.9, ""API_CREDITS"": 1.904191616766467, ""DATASET"": 1.894736842105263}",4,[],"{""COMPUTE"": 0.01694915254237288, ""MEMORY"": 0.02, ""API_CREDITS"": 0.03592814371257485, ""DATASET"": 0.07894736842105263}",exact_pending_queue,0,
workload,homogeneous__high,homogeneous,homogeneous,,unit,high,1.9,183163032,90f99a8eaad66784,c74a5ab7498926d5,"[[0.25, 0.25, 0.25, 0.25], [0.25, 0.25, 0.25, 0.25], [0.25, 0.25, 0.25, 0.25], [0.25, 0.25, 0.25, 0.25], [0.25, 0.25, 0.25, 0.25], [0.25, 0.25, 0.25, 0.25]]","[{""research"": 0, ""code_review"": 3, ""doc_processing"": 2, ""monitoring"": 3}, {""research"": 0, ""code_review"": 3, ""doc_processing"": 2, ""monitoring"": 3}, {""research"": 0, ""code_review"": 3, ""doc_processing"": 2, ""monitoring"": 3}, {""research"": 0, ""code_review"": 3, ""doc_processing"": 2, ""monitoring"": 3}, {""research"": 0, ""code_review"": 3, ""doc_processing"": 2, ""monitoring"": 3}, {""research"": 0, ""code_review"": 3, ""doc_processing"": 2, ""monitoring"": 3}]","[3, 3, 3, 3, 3, 3]",0.0,3.0,0.7806390622295662,0.0,0.0,6.938893903907228e-18,"{""COMPUTE"": 588, ""MEMORY"": 498, ""API_CREDITS"": 246, ""DATASET"": 144}","{""COMPUTE"": 309, ""MEMORY"": 262, ""API_CREDITS"": 129, ""DATASET"": 76}","{""COMPUTE"": 1.9029126213592233, ""MEMORY"": 1.900763358778626, ""API_CREDITS"": 1.9069767441860466, ""DATASET"": 1.894736842105263}",4,[],"{""COMPUTE"": 0.019417475728155338, ""MEMORY"": 0.022900763358778626, ""API_CREDITS"": 0.046511627906976744, ""DATASET"": 0.07894736842105263}",exact_pending_queue,0,
workload,homogeneous__high,homogeneous,homogeneous,,unit,high,1.9,4222305526,b54e7d1d2a9c1131,7c3c3fdc9ffdb05e,"[[0.25, 0.25, 0.25, 0.25], [0.25, 0.25, 0.25, 0.25], [0.25, 0.25, 0.25, 0.25], [0.25, 0.25, 0.25, 0.25], [0.25, 0.25, 0.25, 0.25], [0.25, 0.25, 0.25, 0.25]]","[{""research"": 3, ""code_review"": 2, ""doc_processing"": 2, ""monitoring"": 1}, {""research"": 3, ""code_review"": 2, ""doc_processing"": 2, ""monitoring"": 1}, {""research"": 3, ""code_review"": 2, ""doc_processing"": 2, ""monitoring"": 1}, {""research"": 3, ""code_review"": 2, ""doc_processing"": 2, ""monitoring"": 1}, {""research"": 3, ""code_review"": 2, ""doc_processing"": 2, ""monitoring"": 1}, {""research"": 3, ""code_review"": 2, ""doc_processing"": 2, ""monitoring"": 1}]","[4, 4, 4, 4, 4, 4]",1.0,4.0,0.9528195311147832,0.0,0.0,1.3877787807814457e-17,"{""COMPUTE"": 1044, ""MEMORY"": 864, ""API_CREDITS"": 504, ""DATASET"": 192}","{""COMPUTE"": 549, ""MEMORY"": 455, ""API_CREDITS"": 265, ""DATASET"": 101}","{""COMPUTE"": 1.901639344262295, ""MEMORY"": 1.8989010989010988, ""API_CREDITS"": 1.9018867924528302, ""DATASET"": 1.900990099009901}",4,[],"{""COMPUTE"": 0.01092896174863388, ""MEMORY"": 0.013186813186813187, ""API_CREDITS"": 0.022641509433962263, ""DATASET"": 0.0594059405940594}",exact_pending_queue,0,
workload,homogeneous__high,homogeneous,homogeneous,,unit,high,1.9,3706283824,19c4302024d9d860,22bc0f7249e38129,"[[0.25, 0.25, 0.25, 0.25], [0.25, 0.25, 0.25, 0.25], [0.25, 0.25, 0.25, 0.25], [0.25, 0.25, 0.25, 0.25], [0.25, 0.25, 0.25, 0.25], [0.25, 0.25, 0.25, 0.25]]","[{""research"": 4, ""code_review"": 2, ""doc_processing"": 0, ""monitoring"": 2}, {""research"": 4, ""code_review"": 2, ""doc_processing"": 0, ""monitoring"": 2}, {""research"": 4, ""code_review"": 2, ""doc_processing"": 0, ""monitoring"": 2}, {""research"": 4, ""code_review"": 2, ""doc_processing"": 0, ""monitoring"": 2}, {""research"": 4, ""code_review"": 2, ""doc_processing"": 0, ""monitoring"": 2}, {""research"": 4, ""code_review"": 2, ""doc_processing"": 0, ""monitoring"": 2}]","[3, 3, 3, 3, 3, 3]",0.0,3.0,0.75,0.0,0.0,1.3877787807814457e-17,"{""COMPUTE"": 1032, ""MEMORY"": 900, ""API_CREDITS"": 492, ""DATASET"": 288}","{""COMPUTE"": 543, ""MEMORY"": 474, ""API_CREDITS"": 259, ""DATASET"": 152}","{""COMPUTE"": 1.9005524861878453, ""MEMORY"": 1.8987341772151898, ""API_CREDITS"": 1.8996138996138996, ""DATASET"": 1.894736842105263}",4,[],"{""COMPUTE"": 0.011049723756906077, ""MEMORY"": 0.012658227848101266, ""API_CREDITS"": 0.023166023166023165, ""DATASET"": 0.039473684210526314}",exact_pending_queue,0,
workload,homogeneous__high,homogeneous,homogeneous,,unit,high,1.9,927763105,43a39b186c3287f8,0e1b64893027e4ad,"[[0.25, 0.25, 0.25, 0.25], [0.25, 0.25, 0.25, 0.25], [0.25, 0.25, 0.25, 0.25], [0.25, 0.25, 0.25, 0.25], [0.25, 0.25, 0.25, 0.25], [0.25, 0.25, 0.25, 0.25]]","[{""research"": 1, ""code_review"": 1, ""doc_processing"": 0, ""monitoring"": 6}, {""research"": 1, ""code_review"": 1, ""doc_processing"": 0, ""monitoring"": 6}, {""research"": 1, ""code_review"": 1, ""doc_processing"": 0, ""monitoring"": 6}, {""research"": 1, ""code_review"": 1, ""doc_processing"": 0, ""monitoring"": 6}, {""research"": 1, ""code_review"": 1, ""doc_processing"": 0, ""monitoring"": 6}, {""research"": 1, ""code_review"": 1, ""doc_processing"": 0, ""monitoring"": 6}]","[3, 3, 3, 3, 3, 3]",0.0,3.0,0.5306390622295665,0.0,0.0,4.163336342344337e-17,"{""COMPUTE"": 552, ""MEMORY"": 546, ""API_CREDITS"": 174, ""DATASET"": 336}","{""COMPUTE"": 291, ""MEMORY"": 287, ""API_CREDITS"": 92, ""DATASET"": 177}","{""COMPUTE"": 1.8969072164948453, ""MEMORY"": 1.9024390243902438, ""API_CREDITS"": 1.891304347826087, ""DATASET"": 1.8983050847457628}",4,[],"{""COMPUTE"": 0.020618556701030927, ""MEMORY"": 0.020905923344947737, ""API_CREDITS"": 0.06521739130434782, ""DATASET"": 0.03389830508474576}",exact_pending_queue,0,
workload,homogeneous__high,homogeneous,homogeneous,,unit,high,1.9,642816875,eddb9ee2382ff7df,bd167b2de7d8a783,"[[0.25, 0.25, 0.25, 0.25], [0.25, 0.25, 0.25, 0.25], [0.25, 0.25, 0.25, 0.25], [0.25, 0.25, 0.25, 0.25], [0.25, 0.25, 0.25, 0.25], [0.25, 0.25, 0.25, 0.25]]","[{""research"": 4, ""code_review"": 0, ""doc_processing"": 2, ""monitoring"": 2}, {""research"": 4, ""code_review"": 0, ""doc_processing"": 2, ""monitoring"": 2}, {""research"": 4, ""code_review"": 0, ""doc_processing"": 2, ""monitoring"": 2}, {""research"": 4, ""code_review"": 0, ""doc_processing"": 2, ""monitoring"": 2}, {""research"": 4, ""code_review"": 0, ""doc_processing"": 2, ""monitoring"": 2}, {""research"": 4, ""code_review"": 0, ""doc_processing"": 2, ""monitoring"": 2}]","[3, 3, 3, 3, 3, 3]",0.0,3.0,0.75,0.0,0.0,4.85722573273506e-17,"{""COMPUTE"": 1176, ""MEMORY"": 996, ""API_CREDITS"": 540, ""DATASET"": 288}","{""COMPUTE"": 619, ""MEMORY"": 524, ""API_CREDITS"": 284, ""DATASET"": 152}","{""COMPUTE"": 1.8998384491114702, ""MEMORY"": 1.900763358778626, ""API_CREDITS"": 1.9014084507042253, ""DATASET"": 1.894736842105263}",4,[],"{""COMPUTE"": 0.009693053311793215, ""MEMORY"": 0.011450381679389313, ""API_CREDITS"": 0.02112676056338028, ""DATASET"": 0.039473684210526314}",exact_pending_queue,0,
workload,homogeneous__high,homogeneous,homogeneous,,unit,high,1.9,2485047775,dba8780c3005b5c1,984583c0db7fa859,"[[0.25, 0.25, 0.25, 0.25], [0.25, 0.25, 0.25, 0.25], [0.25, 0.25, 0.25, 0.25], [0.25, 0.25, 0.25, 0.25], [0.25, 0.25, 0.25, 0.25], [0.25, 0.25, 0.25, 0.25]]","[{""research"": 2, ""code_review"": 2, ""doc_processing"": 2, ""monitoring"": 2}, {""research"": 2, ""code_review"": 2, ""doc_processing"": 2, ""monitoring"": 2}, {""research"": 2, ""code_review"": 2, ""doc_processing"": 2, ""monitoring"": 2}, {""research"": 2, ""code_review"": 2, ""doc_processing"": 2, ""monitoring"": 2}, {""research"": 2, ""code_review"": 2, ""doc_processing"": 2, ""monitoring"": 2}, {""research"": 2, ""code_review"": 2, ""doc_processing"": 2, ""monitoring"": 2}]","[4, 4, 4, 4, 4, 4]",1.0,4.0,1.0,0.0,0.0,4.85722573273506e-17,"{""COMPUTE"": 888, ""MEMORY"": 744, ""API_CREDITS"": 408, ""DATASET"": 192}","{""COMPUTE"": 467, ""MEMORY"": 392, ""API_CREDITS"": 215, ""DATASET"": 101}","{""COMPUTE"": 1.9014989293361884, ""MEMORY"": 1.8979591836734695, ""API_CREDITS"": 1.8976744186046512, ""DATASET"": 1.900990099009901}",4,[],"{""COMPUTE"": 0.01284796573875803, ""MEMORY"": 0.015306122448979591, ""API_CREDITS"": 0.027906976744186046, ""DATASET"": 0.0594059405940594}",exact_pending_queue,0,
workload,homogeneous__high,homogeneous,homogeneous,,unit,high,1.9,1464621060,b0daea299d20733d,b1bf2c36eaa74b0f,"[[0.25, 0.25, 0.25, 0.25], [0.25, 0.25, 0.25, 0.25], [0.25, 0.25, 0.25, 0.25], [0.25, 0.25, 0.25, 0.25], [0.25, 0.25, 0.25, 0.25], [0.25, 0.25, 0.25, 0.25]]","[{""research"": 4, ""code_review"": 2, ""doc_processing"": 2, ""monitoring"": 0}, {""research"": 4, ""code_review"": 2, ""doc_processing"": 2, ""monitoring"": 0}, {""research"": 4, ""code_review"": 2, ""doc_processing"": 2, ""monitoring"": 0}, {""research"": 4, ""code_review"": 2, ""doc_processing"": 2, ""monitoring"": 0}, {""research"": 4, ""code_review"": 2, ""doc_processing"": 2, ""monitoring"": 0}, {""research"": 4, ""code_review"": 2, ""doc_processing"": 2, ""monitoring"": 0}]","[3, 3, 3, 3, 3, 3]",0.0,3.0,0.75,0.0,0.0,4.163336342344337e-17,"{""COMPUTE"": 1200, ""MEMORY"": 984, ""API_CREDITS"": 600, ""DATASET"": 192}","{""COMPUTE"": 632, ""MEMORY"": 518, ""API_CREDITS"": 316, ""DATASET"": 101}","{""COMPUTE"": 1.8987341772151898, ""MEMORY"": 1.8996138996138996, ""API_CREDITS"": 1.8987341772151898, ""DATASET"": 1.900990099009901}",4,[],"{""COMPUTE"": 0.00949367088607595, ""MEMORY"": 0.011583011583011582, ""API_CREDITS"": 0.0189873417721519, ""DATASET"": 0.0594059405940594}",exact_pending_queue,0,
workload,homogeneous__high,homogeneous,homogeneous,,unit,high,1.9,1594198431,c0d1be668c9c7188,a8c8f8b8fd1f8b8c,"[[0.25, 0.25, 0.25, 0.25], [0.25, 0.25, 0.25, 0.25], [0.25, 0.25, 0.25, 0.25], [0.25, 0.25, 0.25, 0.25], [0.25, 0.25, 0.25, 0.25], [0.25, 0.25, 0.25, 0.25]]","[{""research"": 1, ""code_review"": 1, ""doc_processing"": 3, ""monitoring"": 3}, {""research"": 1, ""code_review"": 1, ""doc_processing"": 3, ""monitoring"": 3}, {""research"": 1, ""code_review"": 1, ""doc_processing"": 3, ""monitoring"": 3}, {""research"": 1, ""code_review"": 1, ""doc_processing"": 3, ""monitoring"": 3}, {""research"": 1, ""code_review"": 1, ""doc_processing"": 3, ""monitoring"": 3}, {""research"": 1, ""code_review"": 1, ""doc_processing"": 3, ""monitoring"": 3}]","[4, 4, 4, 4, 4, 4]",1.0,4.0,0.9056390622295664,0.0,0.0,6.938893903907228e-18,"{""COMPUTE"": 804, ""MEMORY"": 672, ""API_CREDITS"": 336, ""DATASET"": 192}","{""COMPUTE"": 423, ""MEMORY"": 354, ""API_CREDITS"": 177, ""DATASET"": 101}","{""COMPUTE"": 1.900709219858156, ""MEMORY"": 1.8983050847457628, ""API_CREDITS"": 1.8983050847457628, ""DATASET"": 1.900990099009901}",4,[],"{""COMPUTE"": 0.014184397163120567, ""MEMORY"": 0.01694915254237288, ""API_CREDITS"": 0.03389830508474576, ""DATASET"": 0.0594059405940594}",exact_pending_queue,0,
workload,homogeneous__high,homogeneous,homogeneous,,unit,high,1.9,2964826275,ffc7d06a0a712a6d,191736bd83e0955c,"[[0.25, 0.25, 0.25, 0.25], [0.25, 0.25, 0.25, 0.25], [0.25, 0.25, 0.25, 0.25], [0.25, 0.25, 0.25, 0.25], [0.25, 0.25, 0.25, 0.25], [0.25, 0.25, 0.25, 0.25]]","[{""research"": 4, ""code_review"": 0, ""doc_processing"": 1, ""monitoring"": 3}, {""research"": 4, ""code_review"": 0, ""doc_processing"": 1, ""monitoring"": 3}, {""research"": 4, ""code_review"": 0, ""doc_processing"": 1, ""monitoring"": 3}, {""research"": 4, ""code_review"": 0, ""doc_processing"": 1, ""monitoring"": 3}, {""research"": 4, ""code_review"": 0, ""doc_processing"": 1, ""monitoring"": 3}, {""research"": 4, ""code_review"": 0, ""doc_processing"": 1, ""monitoring"": 3}]","[3, 3, 3, 3, 3, 3]",0.0,3.0,0.7028195311147832,0.0,0.0,6.938893903907228e-18,"{""COMPUTE"": 1092, ""MEMORY"": 954, ""API_CREDITS"": 486, ""DATASET"": 336}","{""COMPUTE"": 575, ""MEMORY"": 502, ""API_CREDITS"": 256, ""DATASET"": 177}","{""COMPUTE"": 1.8991304347826088, ""MEMORY"": 1.900398406374502, ""API_CREDITS"": 1.8984375, ""DATASET"": 1.8983050847457628}",4,[],"{""COMPUTE"": 0.010434782608695653, ""MEMORY"": 0.01195219123505976, ""API_CREDITS"": 0.0234375, ""DATASET"": 0.03389830508474576}",exact_pending_queue,0,
workload,homogeneous__high,homogeneous,homogeneous,,unit,high,1.9,3703943727,f9a23f8b16526911,5f9dc2969769995c,"[[0.25, 0.25, 0.25, 0.25], [0.25, 0.25, 0.25, 0.25], [0.25, 0.25, 0.25, 0.25], [0.25, 0.25, 0.25, 0.25], [0.25, 0.25, 0.25, 0.25], [0.25, 0.25, 0.25, 0.25]]","[{""research"": 3, ""code_review"": 2, ""doc_processing"": 1, ""monitoring"": 2}, {""research"": 3, ""code_review"": 2, ""doc_processing"": 1, ""monitoring"": 2}, {""research"": 3, ""code_review"": 2, ""doc_processing"": 1, ""monitoring"": 2}, {""research"": 3, ""code_review"": 2, ""doc_processing"": 1, ""monitoring"": 2}, {""research"": 3, ""code_review"": 2, ""doc_processing"": 1, ""monitoring"": 2}, {""research"": 3, ""code_review"": 2, ""doc_processing"": 1, ""monitoring"": 2}]","[4, 4, 4, 4, 4, 4]",1.0,4.0,0.9528195311147832,0.0,0.0,0.0,"{""COMPUTE"": 960, ""MEMORY"": 822, ""API_CREDITS"": 450, ""DATASET"": 240}","{""COMPUTE"": 505, ""MEMORY"": 433, ""API_CREDITS"": 237, ""DATASET"": 126}","{""COMPUTE"": 1.900990099009901, ""MEMORY"": 1.8983833718244805, ""API_CREDITS"": 1.8987341772151898, ""DATASET"": 1.9047619047619047}",4,[],"{""COMPUTE"": 0.011881188118811881, ""MEMORY"": 0.013856812933025405, ""API_CREDITS"": 0.02531645569620253, ""DATASET"": 0.047619047619047616}",exact_pending_queue,0,
workload,homogeneous__high,homogeneous,homogeneous,,unit,high,1.9,1321997983,e7b4a99fe42178be,6e830b6b264c4282,"[[0.25, 0.25, 0.25, 0.25], [0.25, 0.25, 0.25, 0.25], [0.25, 0.25, 0.25, 0.25], [0.25, 0.25, 0.25, 0.25], [0.25, 0.25, 0.25, 0.25], [0.25, 0.25, 0.25, 0.25]]","[{""research"": 4, ""code_review"": 3, ""doc_processing"": 0, ""monitoring"": 1}, {""research"": 4, ""code_review"": 3, ""doc_processing"": 0, ""monitoring"": 1}, {""research"": 4, ""code_review"": 3, ""doc_processing"": 0, ""monitoring"": 1}, {""research"": 4, ""code_review"": 3, ""doc_processing"": 0, ""monitoring"": 1}, {""research"": 4, ""code_review"": 3, ""doc_processing"": 0, ""monitoring"": 1}, {""research"": 4, ""code_review"": 3, ""doc_processing"": 0, ""monitoring"": 1}]","[3, 3, 3, 3, 3, 3]",0.0,3.0,0.7028195311147832,0.0,0.0,0.0,"{""COMPUTE"": 1044, ""MEMORY"": 894, ""API_CREDITS"": 522, ""DATASET"": 240}","{""COMPUTE"": 549, ""MEMORY"": 471, ""API_CREDITS"": 275, ""DATASET"": 126}","{""COMPUTE"": 1.901639344262295, ""MEMORY"": 1.8980891719745223, ""API_CREDITS"": 1.8981818181818182, ""DATASET"": 1.9047619047619047}",4,[],"{""COMPUTE"": 0.01092896174863388, ""MEMORY"": 0.012738853503184714, ""API_CREDITS"": 0.02181818181818182, ""DATASET"": 0.047619047619047616}",exact_pending_queue,0,
workload,homogeneous__high,homogeneous,homogeneous,,unit,high,1.9,2789760346,7986ee890e16d2f8,10b803c808124c4c,"[[0.25, 0.25, 0.25, 0.25], [0.25, 0.25, 0.25, 0.25], [0.25, 0.25, 0.25, 0.25], [0.25, 0.25, 0.25, 0.25], [0.25, 0.25, 0.25, 0.25], [0.25, 0.25, 0.25, 0.25]]","[{""research"": 3, ""code_review"": 2, ""doc_processing"": 2, ""monitoring"": 1}, {""research"": 3, ""code_review"": 2, ""doc_processing"": 2, ""monitoring"": 1}, {""research"": 3, ""code_review"": 2, ""doc_processing"": 2, ""monitoring"": 1}, {""research"": 3, ""code_review"": 2, ""doc_processing"": 2, ""monitoring"": 1}, {""research"": 3, ""code_review"": 2, ""doc_processing"": 2, ""monitoring"": 1}, {""research"": 3, ""code_review"": 2, ""doc_processing"": 2, ""monitoring"": 1}]","[4, 4, 4, 4, 4, 4]",1.0,4.0,0.9528195311147832,0.0,0.0,1.3877787807814457e-17,"{""COMPUTE"": 1044, ""MEMORY"": 864, ""API_CREDITS"": 504, ""DATASET"": 192}","{""COMPUTE"": 549, ""MEMORY"": 455, ""API_CREDITS"": 265, ""DATASET"": 101}","{""COMPUTE"": 1.901639344262295, ""MEMORY"": 1.8989010989010988, ""API_CREDITS"": 1.9018867924528302, ""DATASET"": 1.900990099009901}",4,[],"{""COMPUTE"": 0.01092896174863388, ""MEMORY"": 0.013186813186813187, ""API_CREDITS"": 0.022641509433962263, ""DATASET"": 0.0594059405940594}",exact_pending_queue,0,
workload,homogeneous__high,homogeneous,homogeneous,,unit,high,1.9,4250606291,4c2a24394f44c5b1,1b4286005c22c24f,"[[0.25, 0.25, 0.25, 0.25], [0.25, 0.25, 0.25, 0.25], [0.25, 0.25, 0.25, 0.25], [0.25, 0.25, 0.25, 0.25], [0.25, 0.25, 0.25, 0.25], [0.25, 0.25, 0.25, 0.25]]","[{""research"": 2, ""code_review"": 3, ""doc_processing"": 2, ""monitoring"": 1}, {""research"": 2, ""code_review"": 3, ""doc_processing"": 2, ""monitoring"": 1}, {""research"": 2, ""code_review"": 3, ""doc_processing"": 2, ""monitoring"": 1}, {""research"": 2, ""code_review"": 3, ""doc_processing"": 2, ""monitoring"": 1}, {""research"": 2, ""code_review"": 3, ""doc_processing"": 2, ""monitoring"": 1}, {""research"": 2, ""code_review"": 3, ""doc_processing"": 2, ""monitoring"": 1}]","[4, 4, 4, 4, 4, 4]",1.0,4.0,0.9528195311147832,0.0,0.0,0.0,"{""COMPUTE"": 900, ""MEMORY"": 738, ""API_CREDITS"": 438, ""DATASET"": 144}","{""COMPUTE"": 474, ""MEMORY"": 388, ""API_CREDITS"": 231, ""DATASET"": 76}","{""COMPUTE"": 1.8987341772151898, ""MEMORY"": 1.902061855670103, ""API_CREDITS"": 1.896103896103896, ""DATASET"": 1.894736842105263}",4,[],"{""COMPUTE"": 0.012658227848101266, ""MEMORY"": 0.015463917525773196, ""API_CREDITS"": 0.025974025974025976, ""DATASET"": 0.07894736842105263}",exact_pending_queue,0,
workload,iid_uniform__moderate,iid_uniform,iid_uniform,,unit,moderate,1.3,2098221685,602ca651a80c6f94,5119225df264b7cf,"[[0.25, 0.25, 0.25, 0.25], [0.25, 0.25, 0.25, 0.25], [0.25, 0.25, 0.25, 0.25], [0.25, 0.25, 0.25, 0.25], [0.25, 0.25, 0.25, 0.25], [0.25, 0.25, 0.25, 0.25]]","[{""research"": 1, ""code_review"": 4, ""doc_processing"": 2, ""monitoring"": 1}, {""research"": 2, ""code_review"": 1, ""doc_processing"": 1, ""monitoring"": 4}, {""research"": 0, ""code_review"": 5, ""doc_processing"": 2, ""monitoring"": 1}, {""research"": 4, ""code_review"": 1, ""doc_processing"": 1, ""monitoring"": 2}, {""research"": 3, ""code_review"": 2, ""doc_processing"": 1, ""monitoring"": 2}, {""research"": 1, ""code_review"": 4, ""doc_processing"": 1, ""monitoring"": 2}]","[4, 4, 3, 4, 4, 4]",0.8333333333333334,3.8333333333333335,0.8503695002437471,0.35,0.045671295568436826,0.02811724385877305,"{""COMPUTE"": 816, ""MEMORY"": 691, ""API_CREDITS"": 381, ""DATASET"": 184}","{""COMPUTE"": 628, ""MEMORY"": 532, ""API_CREDITS"": 293, ""DATASET"": 142}","{""COMPUTE"": 1.2993630573248407, ""MEMORY"": 1.2988721804511278, ""API_CREDITS"": 1.3003412969283277, ""DATASET"": 1.295774647887324}",4,[],"{""COMPUTE"": 0.009554140127388535, ""MEMORY"": 0.011278195488721804, ""API_CREDITS"": 0.020477815699658702, ""DATASET"": 0.04225352112676056}",exact_pending_queue,0,
workload,iid_uniform__moderate,iid_uniform,iid_uniform,,unit,moderate,1.3,1138347673,3ad27a75dce782ee,8542d5e7a645207f,"[[0.25, 0.25, 0.25, 0.25], [0.25, 0.25, 0.25, 0.25], [0.25, 0.25, 0.25, 0.25], [0.25, 0.25, 0.25, 0.25], [0.25, 0.25, 0.25, 0.25], [0.25, 0.25, 0.25, 0.25]]","[{""research"": 1, ""code_review"": 2, ""doc_processing"": 4, ""monitoring"": 1}, {""research"": 2, ""code_review"": 5, ""doc_processing"": 1, ""monitoring"": 0}, {""research"": 2, ""code_review"": 1, ""doc_processing"": 3, ""monitoring"": 2}, {""research"": 2, ""code_review"": 2, ""doc_processing"": 2, ""monitoring"": 2}, {""research"": 0, ""code_review"": 3, ""doc_processing"": 2, ""monitoring"": 3}, {""research"": 3, ""code_review"": 2, ""doc_processing"": 1, ""monitoring"": 2}]","[4, 3, 4, 4, 3, 4]",0.6666666666666666,3.6666666666666665,0.8684459324678054,0.3333333333333333,0.03173048815708122,0.02095823513647141,"{""COMPUTE"": 856, ""MEMORY"": 708, ""API_CREDITS"": 400, ""DATASET"": 160}","{""COMPUTE"": 658, ""MEMORY"": 545, ""API_CREDITS"": 308, ""DATASET"": 123}","{""COMPUTE"": 1.3009118541033435, ""MEMORY"": 1.2990825688073395, ""API_CREDITS"": 1.2987012987012987, ""DATASET"": 1.3008130081300813}",4,[],"{""COMPUTE"": 0.00911854103343465, ""MEMORY"": 0.011009174311926606, ""API_CREDITS"": 0.01948051948051948, ""DATASET"": 0.04878048780487805}",exact_pending_queue,0,
workload,iid_uniform__moderate,iid_uniform,iid_uniform,,unit,moderate,1.3,2342860720,d3bdf6732acfbd45,b25d6b5496f94eee,"[[0.25, 0.25, 0.25, 0.25], [0.25, 0.25, 0.25, 0.25], [0.25, 0.25, 0.25, 0.25], [0.25, 0.25, 0.25, 0.25], [0.25, 0.25, 0.25, 0.25], [0.25, 0.25, 0.25, 0.25]]","[{""research"": 2, ""code_review"": 3, ""doc_processing"": 2, ""monitoring"": 1}, {""research"": 3, ""code_review"": 2, ""doc_processing"": 2, ""monitoring"": 1}, {""research"": 1, ""code_review"": 3, ""doc_processing"": 4, ""monitoring"": 0}, {""research"": 4, ""code_review"": 0, ""doc_processing"": 3, ""monitoring"": 1}, {""research"": 0, ""code_review"": 0, ""doc_processing"": 5, ""monitoring"": 3}, {""research"": 3, ""code_review"": 2, ""doc_processing"": 2, ""monitoring"": 1}]","[4, 4, 3, 3, 2, 4]",0.5,3.3333333333333335,0.7902191095060664,0.36666666666666664,0.026767717324677885,0.01768617658194696,"{""COMPUTE"": 994, ""MEMORY"": 808, ""API_CREDITS"": 468, ""DATASET"": 160}","{""COMPUTE"": 765, ""MEMORY"": 622, ""API_CREDITS"": 360, ""DATASET"": 123}","{""COMPUTE"": 1.2993464052287582, ""MEMORY"": 1.2990353697749195, ""API_CREDITS"": 1.3, ""DATASET"": 1.3008130081300813}",4,[],"{""COMPUTE"": 0.00784313725490196, ""MEMORY"": 0.00964630225080386, ""API_CREDITS"": 0.016666666666666666, ""DATASET"": 0.04878048780487805}",exact_pending_queue,0,
workload,iid_uniform__moderate,iid_uniform,iid_uniform,,unit,moderate,1.3,1473714878,3101ee38c2d3e61e,72980594e8473910,"[[0.25, 0.25, 0.25, 0.25], [0.25, 0.25, 0.25, 0.25], [0.25, 0.25, 0.25, 0.25], [0.25, 0.25, 0.25, 0.25], [0.25, 0.25, 0.25, 0.25], [0.25, 0.25, 0.25, 0.25]]","[{""research"": 3, ""code_review"": 2, ""doc_processing"": 1, ""monitoring"": 2}, {""research"": 3, ""code_review"": 1, ""doc_processing"": 1, ""monitoring"": 3}, {""research"": 2, ""code_review"": 2, ""doc_processing"": 3, ""monitoring"": 1}, {""research"": 1, ""code_review"": 2, ""doc_processing"": 3, ""monitoring"": 2}, {""research"": 2, ""code_review"": 3, ""doc_processing"": 1, ""monitoring"": 2}, {""research"": 3, ""code_review"": 2, ""doc_processing"": 3, ""monitoring"": 0}]","[4, 4, 4, 4, 4, 3]",0.8333333333333334,3.8333333333333335,0.916259374819711,0.25,0.030640879728550854,0.02080169782919994,"{""COMPUTE"": 940, ""MEMORY"": 784, ""API_CREDITS"": 440, ""DATASET"": 192}","{""COMPUTE"": 723, ""MEMORY"": 603, ""API_CREDITS"": 338, ""DATASET"": 148}","{""COMPUTE"": 1.3001383125864454, ""MEMORY"": 1.3001658374792704, ""API_CREDITS"": 1.301775147928994, ""DATASET"": 1.2972972972972974}",4,[],"{""COMPUTE"": 0.008298755186721992, ""MEMORY"": 0.009950248756218905, ""API_CREDITS"": 0.01775147928994083, ""DATASET"": 0.04054054054054054}",exact_pending_queue,0,
workload,iid_uniform__moderate,iid_uniform,iid_uniform,,unit,moderate,1.3,2114544130,c84a7c89ed9e95f2,f6ea86dc19178bdc,"[[0.25, 0.25, 0.25, 0.25], [0.25, 0.25, 0.25, 0.25], [0.25, 0.25, 0.25, 0.25], [0.25, 0.25, 0.25, 0.25], [0.25, 0.25, 0.25, 0.25], [0.25, 0.25, 0.25, 0.25]]","[{""research"": 4, ""code_review"": 1, ""doc_processing"": 0, ""monitoring"": 3}, {""research"": 1, ""code_review"": 2, ""doc_processing"": 3, ""monitoring"": 2}, {""research"": 2, ""code_review"": 2, ""doc_processing"": 2, ""monitoring"": 2}, {""research"": 2, ""code_review"": 4, ""doc_processing"": 2, ""monitoring"": 0}, {""research"": 1, ""code_review"": 2, ""doc_processing"": 4, ""monitoring"": 1}, {""research"": 2, ""code_review"": 1, ""doc_processing"": 2, ""monitoring"": 3}]","[3, 4, 4, 3, 4, 4]",0.6666666666666666,3.6666666666666665,0.8722430988907249,0.3333333333333333,0.04154591829016208,0.02669098513784751,"{""COMPUTE"": 902, ""MEMORY"": 751, ""API_CREDITS"": 417, ""DATASET"": 184}","{""COMPUTE"": 694, ""MEMORY"": 578, ""API_CREDITS"": 321, ""DATASET"": 142}","{""COMPUTE"": 1.2997118155619596, ""MEMORY"": 1.2993079584775087, ""API_CREDITS"": 1.2990654205607477, ""DATASET"": 1.295774647887324}",4,[],"{""COMPUTE"": 0.008645533141210375, ""MEMORY"": 0.010380622837370242, ""API_CREDITS"": 0.018691588785046728, ""DATASET"": 0.04225352112676056}",exact_pending_queue,0,
workload,iid_uniform__moderate,iid_uniform,iid_uniform,,unit,moderate,1.3,147595965,bf037f7995743c11,c1c317f038bfd90d,"[[0.25, 0.25, 0.25, 0.25], [0.25, 0.25, 0.25, 0.25], [0.25, 0.25, 0.25, 0.25], [0.25, 0.25, 0.25, 0.25], [0.25, 0.25, 0.25, 0.25], [0.25, 0.25, 0.25, 0.25]]","[{""research"": 3, ""code_review"": 2, ""doc_processing"": 2, ""monitoring"": 1}, {""research"": 3, ""code_review"": 2, ""doc_processing"": 1, ""monitoring"": 2}, {""research"": 1, ""code_review"": 1, ""doc_processing"": 5, ""monitoring"": 1}, {""research"": 1, ""code_review"": 1, ""doc_processing"": 3, ""monitoring"": 3}, {""research"": 3, ""code_review"": 3, ""doc_processing"": 1, ""monitoring"": 1}, {""research"": 3, ""code_review"": 2, ""doc_processing"": 1, ""monitoring"": 2}]","[4, 4, 4, 4, 4, 4]",1.0,4.0,0.907355698025197,0.2916666666666667,0.027368791822793673,0.017773889444999174,"{""COMPUTE"": 952, ""MEMORY"": 792, ""API_CREDITS"": 444, ""DATASET"": 192}","{""COMPUTE"": 732, ""MEMORY"": 609, ""API_CREDITS"": 342, ""DATASET"": 148}","{""COMPUTE"": 1.3005464480874316, ""MEMORY"": 1.3004926108374384, ""API_CREDITS"": 1.2982456140350878, ""DATASET"": 1.2972972972972974}",4,[],"{""COMPUTE"": 0.00819672131147541, ""MEMORY"": 0.009852216748768473, ""API_CREDITS"": 0.017543859649122806, ""DATASET"": 0.04054054054054054}",exact_pending_queue,0,
workload,iid_uniform__moderate,iid_uniform,iid_uniform,,unit,moderate,1.3,393081195,47e71f92b92d189c,74b00691e0a70391,"[[0.25, 0.25, 0.25, 0.25], [0.25, 0.25, 0.25, 0.25], [0.25, 0.25, 0.25, 0.25], [0.25, 0.25, 0.25, 0.25], [0.25, 0.25, 0.25, 0.25], [0.25, 0.25, 0.25, 0.25]]","[{""research"": 0, ""code_review"": 1, ""doc_processing"": 4, ""monitoring"": 3}, {""research"": 3, ""code_review"": 2, ""doc_processing"": 1, ""monitoring"": 2}, {""research"": 3, ""code_review"": 0, ""doc_processing"": 0, ""monitoring"": 5}, {""research"": 0, ""code_review"": 2, ""doc_processing"": 2, ""monitoring"": 4}, {""research"": 3, ""code_review"": 2, ""doc_processing"": 3, ""monitoring"": 0}, {""research"": 3, ""code_review"": 1, ""doc_processing"": 3, ""monitoring"": 1}]","[3, 4, 2, 3, 3, 4]",0.3333333333333333,3.1666666666666665,0.7615223646918636,0.4166666666666667,0.05427959099887474,0.035367715614632075,"{""COMPUTE"": 894, ""MEMORY"": 755, ""API_CREDITS"": 397, ""DATASET"": 216}","{""COMPUTE"": 688, ""MEMORY"": 581, ""API_CREDITS"": 305, ""DATASET"": 166}","{""COMPUTE"": 1.2994186046511629, ""MEMORY"": 1.2994836488812394, ""API_CREDITS"": 1.301639344262295, ""DATASET"": 1.3012048192771084}",4,[],"{""COMPUTE"": 0.00872093023255814, ""MEMORY"": 0.010327022375215147, ""API_CREDITS"": 0.019672131147540985, ""DATASET"": 0.03614457831325301}",exact_pending_queue,0,
workload,iid_uniform__moderate,iid_uniform,iid_uniform,,unit,moderate,1.3,1217898226,b1027603f15915a9,993cdbcdb679fcb0,"[[0.25, 0.25, 0.25, 0.25], [0.25, 0.25, 0.25, 0.25], [0.25, 0.25, 0.25, 0.25], [0.25, 0.25, 0.25, 0.25], [0.25, 0.25, 0.25, 0.25], [0.25, 0.25, 0.25, 0.25]]","[{""research"": 4, ""code_review"": 1, ""doc_processing"": 1, ""monitoring"": 2}, {""research"": 2, ""code_review"": 2, ""doc_processing"": 2, ""monitoring"": 2}, {""research"": 3, ""code_review"": 3, ""doc_processing"": 1, ""monitoring"": 1}, {""research"": 1, ""code_review"": 2, ""doc_processing"": 2, ""monitoring"": 3}, {""research"": 3, ""code_review"": 3, ""doc_processing"": 0, ""monitoring"": 2}, {""research"": 2, ""code_review"": 2, ""doc_processing"": 2, ""monitoring"": 2}]","[4, 4, 4, 4, 3, 4]",0.8333333333333334,3.8333333333333335,0.919016275928986,0.23333333333333334,0.015906753280475708,0.010550171425972222,"{""COMPUTE"": 912, ""MEMORY"": 775, ""API_CREDITS"": 425, ""DATASET"": 216}","{""COMPUTE"": 702, ""MEMORY"": 596, ""API_CREDITS"": 327, ""DATASET"": 166}","{""COMPUTE"": 1.2991452991452992, ""MEMORY"": 1.3003355704697988, ""API_CREDITS"": 1.2996941896024465, ""DATASET"": 1.3012048192771084}",4,[],"{""COMPUTE"": 0.008547008547008548, ""MEMORY"": 0.010067114093959731, ""API_CREDITS"": 0.01834862385321101, ""DATASET"": 0.03614457831325301}",exact_pending_queue,0,
workload,iid_uniform__moderate,iid_uniform,iid_uniform,,unit,moderate,1.3,1595745102,be465bac15b0db77,81622674880b61e6,"[[0.25, 0.25, 0.25, 0.25], [0.25, 0.25, 0.25, 0.25], [0.25, 0.25, 0.25, 0.25], [0.25, 0.25, 0.25, 0.25], [0.25, 0.25, 0.25, 0.25], [0.25, 0.25, 0.25, 0.25]]","[{""research"": 2, ""code_review"": 2, ""doc_processing"": 3, ""monitoring"": 1}, {""research"": 1, ""code_review"": 2, ""doc_processing"": 1, ""monitoring"": 4}, {""research"": 3, ""code_review"": 2, ""doc_processing"": 1, ""monitoring"": 2}, {""research"": 0, ""code_review"": 2, ""doc_processing"": 3, ""monitoring"": 3}, {""research"": 3, ""code_review"": 1, ""doc_processing"": 2, ""monitoring"": 2}, {""research"": 1, ""code_review"": 3, ""doc_processing"": 2, ""monitoring"": 2}]","[4, 4, 4, 3, 4, 4]",0.8333333333333334,3.8333333333333335,0.9111528644481165,0.275,0.03401497027305807,0.020848665377961415,"{""COMPUTE"": 836, ""MEMORY"": 704, ""API_CREDITS"": 376, ""DATASET"": 192}","{""COMPUTE"": 643, ""MEMORY"": 542, ""API_CREDITS"": 289, ""DATASET"": 148}","{""COMPUTE"": 1.3001555209953344, ""MEMORY"": 1.2988929889298892, ""API_CREDITS"": 1.301038062283737, ""DATASET"": 1.2972972972972974}",4,[],"{""COMPUTE"": 0.00933125972006221, ""MEMORY"": 0.01107011070110701, ""API_CREDITS"": 0.020761245674740483, ""DATASET"": 0.04054054054054054}",exact_pending_queue,0,
workload,iid_uniform__moderate,iid_uniform,iid_uniform,,unit,moderate,1.3,2413048586,65889a103bcbd17c,2b51e381aab7611a,"[[0.25, 0.25, 0.25, 0.25], [0.25, 0.25, 0.25, 0.25], [0.25, 0.25, 0.25, 0.25], [0.25, 0.25, 0.25, 0.25], [0.25, 0.25, 0.25, 0.25], [0.25, 0.25, 0.25, 0.25]]","[{""research"": 1, ""code_review"": 1, ""doc_processing"": 2, ""monitoring"": 4}, {""research"": 1, ""code_review"": 4, ""doc_processing"": 1, ""monitoring"": 2}, {""research"": 2, ""code_review"": 2, ""doc_processing"": 2, ""monitoring"": 2}, {""research"": 2, ""code_review"": 2, ""doc_processing"": 2, ""monitoring"": 2}, {""research"": 3, ""code_review"": 1, ""doc_processing"": 2, ""monitoring"": 2}, {""research"": 1, ""code_review"": 2, ""doc_processing"": 2, ""monitoring"": 3}]","[4, 4, 4, 4, 4, 4]",1.0,4.0,0.9426065103715944,0.20833333333333334,0.020305305398382358,0.013910021886978772,"{""COMPUTE"": 822, ""MEMORY"": 697, ""API_CREDITS"": 367, ""DATASET"": 200}","{""COMPUTE"": 632, ""MEMORY"": 536, ""API_CREDITS"": 282, ""DATASET"": 154}","{""COMPUTE"": 1.3006329113924051, ""MEMORY"": 1.3003731343283582, ""API_CREDITS"": 1.301418439716312, ""DATASET"": 1.2987012987012987}",4,[],"{""COMPUTE"": 0.00949367088607595, ""MEMORY"": 0.011194029850746268, ""API_CREDITS"": 0.02127659574468085, ""DATASET"": 0.03896103896103896}",exact_pending_queue,0,
workload,iid_uniform__moderate,iid_uniform,iid_uniform,,unit,moderate,1.3,453209340,9b6d34c26bd299f1,2988d25cc255f116,"[[0.25, 0.25, 0.25, 0.25], [0.25, 0.25, 0.25, 0.25], [0.25, 0.25, 0.25, 0.25], [0.25, 0.25, 0.25, 0.25], [0.25, 0.25, 0.25, 0.25], [0.25, 0.25, 0.25, 0.25]]","[{""research"": 3, ""code_review"": 1, ""doc_processing"": 4, ""monitoring"": 0}, {""research"": 2, ""code_review"": 2, ""doc_processing"": 3, ""monitoring"": 1}, {""research"": 1, ""code_review"": 3, ""doc_processing"": 1, ""monitoring"": 3}, {""research"": 0, ""code_review"": 1, ""doc_processing"": 5, ""monitoring"": 2}, {""research"": 2, ""code_review"": 2, ""doc_processing"": 0, ""monitoring"": 4}, {""research"": 3, ""code_review"": 0, ""doc_processing"": 2, ""monitoring"": 3}]","[3, 4, 4, 3, 3, 3]",0.3333333333333333,3.3333333333333335,0.7902191095060664,0.425,0.051151919124570934,0.03559414651677955,"{""COMPUTE"": 898, ""MEMORY"": 748, ""API_CREDITS"": 404, ""DATASET"": 192}","{""COMPUTE"": 691, ""MEMORY"": 575, ""API_CREDITS"": 311, ""DATASET"": 148}","{""COMPUTE"": 1.2995658465991318, ""MEMORY"": 1.3008695652173914, ""API_CREDITS"": 1.2990353697749195, ""DATASET"": 1.2972972972972974}",4,[],"{""COMPUTE"": 0.008683068017366137, ""MEMORY"": 0.010434782608695653, ""API_CREDITS"": 0.01929260450160772, ""DATASET"": 0.04054054054054054}",exact_pending_queue,0,
workload,iid_uniform__moderate,iid_uniform,iid_uniform,,unit,moderate,1.3,2920410359,26a48977ae9220fe,b9eebf9767d01605,"[[0.25, 0.25, 0.25, 0.25], [0.25, 0.25, 0.25, 0.25], [0.25, 0.25, 0.25, 0.25], [0.25, 0.25, 0.25, 0.25], [0.25, 0.25, 0.25, 0.25], [0.25, 0.25, 0.25, 0.25]]","[{""research"": 2, ""code_review"": 2, ""doc_processing"": 1, ""monitoring"": 3}, {""research"": 1, ""code_review"": 2, ""doc_processing"": 2, ""monitoring"": 3}, {""research"": 2, ""code_review"": 2, ""doc_processing"": 2, ""monitoring"": 2}, {""research"": 4, ""code_review"": 2, ""doc_processing"": 2, ""monitoring"": 0}, {""research"": 3, ""code_review"": 2, ""doc_processing"": 3, ""monitoring"": 0}, {""research"": 2, ""code_review"": 3, ""doc_processing"": 1, ""monitoring"": 2}]","[4, 4, 4, 3, 3, 4]",0.6666666666666666,3.6666666666666665,0.8981829425956526,0.25,0.031130276562745394,0.019521058857748737,"{""COMPUTE"": 928, ""MEMORY"": 776, ""API_CREDITS"": 436, ""DATASET"": 192}","{""COMPUTE"": 714, ""MEMORY"": 597, ""API_CREDITS"": 335, ""DATASET"": 148}","{""COMPUTE"": 1.2997198879551821, ""MEMORY"": 1.2998324958123952, ""API_CREDITS"": 1.3014925373134327, ""DATASET"": 1.2972972972972974}",4,[],"{""COMPUTE"": 0.008403361344537815, ""MEMORY"": 0.010050251256281407, ""API_CREDITS"": 0.01791044776119403, ""DATASET"": 0.04054054054054054}",exact_pending_queue,0,
workload,iid_uniform__moderate,iid_uniform,iid_uniform,,unit,moderate,1.3,4282649469,f7e21f235ea30f8e,6d506d3892c4f455,"[[0.25, 0.25, 0.25, 0.25], [0.25, 0.25, 0.25, 0.25], [0.25, 0.25, 0.25, 0.25], [0.25, 0.25, 0.25, 0.25], [0.25, 0.25, 0.25, 0.25], [0.25, 0.25, 0.25, 0.25]]","[{""research"": 2, ""code_review"": 2, ""doc_processing"": 3, ""monitoring"": 1}, {""research"": 2, ""code_review"": 2, ""doc_processing"": 1, ""monitoring"": 3}, {""research"": 2, ""code_review"": 2, ""doc_processing"": 1, ""monitoring"": 3}, {""research"": 4, ""code_review"": 2, ""doc_processing"": 1, ""monitoring"": 1}, {""research"": 4, ""code_review"": 1, ""doc_processing"": 2, ""monitoring"": 1}, {""research"": 2, ""code_review"": 2, ""doc_processing"": 1, ""monitoring"": 3}]","[4, 4, 4, 4, 4, 4]",1.0,4.0,0.9268796874098554,0.21666666666666667,0.02822224264519979,0.020842478299081046,"{""COMPUTE"": 948, ""MEMORY"": 804, ""API_CREDITS"": 440, ""DATASET"": 224}","{""COMPUTE"": 729, ""MEMORY"": 618, ""API_CREDITS"": 338, ""DATASET"": 172}","{""COMPUTE"": 1.300411522633745, ""MEMORY"": 1.3009708737864079, ""API_CREDITS"": 1.301775147928994, ""DATASET"": 1.302325581395349}",4,[],"{""COMPUTE"": 0.00823045267489712, ""MEMORY"": 0.009708737864077669, ""API_CREDITS"": 0.01775147928994083, ""DATASET"": 0.03488372093023256}",exact_pending_queue,0,
workload,iid_uniform__moderate,iid_uniform,iid_uniform,,unit,moderate,1.3,2089981338,00c79f24d4770271,47e628155d9867c2,"[[0.25, 0.25, 0.25, 0.25], [0.25, 0.25, 0.25, 0.25], [0.25, 0.25, 0.25, 0.25], [0.25, 0.25, 0.25, 0.25], [0.25, 0.25, 0.25, 0.25], [0.25, 0.25, 0.25, 0.25]]","[{""research"": 1, ""code_review"": 3, ""doc_processing"": 0, ""monitoring"": 4}, {""research"": 4, ""code_review"": 0, ""doc_processing"": 0, ""monitoring"": 4}, {""research"": 4, ""code_review"": 4, ""doc_processing"": 0, ""monitoring"": 0}, {""research"": 2, ""code_review"": 2, ""doc_processing"": 2, ""monitoring"": 2}, {""research"": 2, ""code_review"": 2, ""doc_processing"": 2, ""monitoring"": 2}, {""research"": 2, ""code_review"": 2, ""doc_processing"": 2, ""monitoring"": 2}]","[3, 2, 2, 4, 4, 4]",0.5,3.1666666666666665,0.7838032551857972,0.36666666666666664,0.040814554715233826,0.02944375999872605,"{""COMPUTE"": 884, ""MEMORY"": 761, ""API_CREDITS"": 407, ""DATASET"": 232}","{""COMPUTE"": 680, ""MEMORY"": 585, ""API_CREDITS"": 313, ""DATASET"": 178}","{""COMPUTE"": 1.3, ""MEMORY"": 1.300854700854701, ""API_CREDITS"": 1.3003194888178913, ""DATASET"": 1.303370786516854}",4,[],"{""COMPUTE"": 0.008823529411764706, ""MEMORY"": 0.010256410256410256, ""API_CREDITS"": 0.019169329073482427, ""DATASET"": 0.033707865168539325}",exact_pending_queue,0,
workload,iid_uniform__moderate,iid_uniform,iid_uniform,,unit,moderate,1.3,1751949247,0e136bbda9a2ce07,664d66addc8b1009,"[[0.25, 0.25, 0.25, 0.25], [0.25, 0.25, 0.25, 0.25], [0.25, 0.25, 0.25, 0.25], [0.25, 0.25, 0.25, 0.25], [0.25, 0.25, 0.25, 0.25], [0.25, 0.25, 0.25, 0.25]]","[{""research"": 2, ""code_review"": 1, ""doc_processing"": 3, ""monitoring"": 2}, {""research"": 3, ""code_review"": 1, ""doc_processing"": 0, ""monitoring"": 4}, {""research"": 2, ""code_review"": 2, ""doc_processing"": 2, ""monitoring"": 2}, {""research"": 0, ""code_review"": 2, ""doc_processing"": 5, ""monitoring"": 1}, {""research"": 2, ""code_review"": 1, ""doc_processing"": 1, ""monitoring"": 4}, {""research"": 3, ""code_review"": 4, ""doc_processing"": 1, ""monitoring"": 0}]","[4, 3, 4, 3, 4, 3]",0.5,3.5,0.8138093439486749,0.4083333333333333,0.05710378230568657,0.03504914925422233,"{""COMPUTE"": 886, ""MEMORY"": 745, ""API_CREDITS"": 403, ""DATASET"": 200}","{""COMPUTE"": 682, ""MEMORY"": 573, ""API_CREDITS"": 310, ""DATASET"": 154}","{""COMPUTE"": 1.2991202346041055, ""MEMORY"": 1.300174520069808, ""API_CREDITS"": 1.3, ""DATASET"": 1.2987012987012987}",4,[],"{""COMPUTE"": 0.008797653958944282, ""MEMORY"": 0.010471204188481676, ""API_CREDITS"": 0.01935483870967742, ""DATASET"": 0.03896103896103896}",exact_pending_queue,0,
workload,iid_uniform__moderate,iid_uniform,iid_uniform,,unit,moderate,1.3,4210982914,0f35084df2eb9d7c,cf560eca64741a39,"[[0.25, 0.25, 0.25, 0.25], [0.25, 0.25, 0.25, 0.25], [0.25, 0.25, 0.25, 0.25], [0.25, 0.25, 0.25, 0.25], [0.25, 0.25, 0.25, 0.25], [0.25, 0.25, 0.25, 0.25]]","[{""research"": 2, ""code_review"": 3, ""doc_processing"": 1, ""monitoring"": 2}, {""research"": 1, ""code_review"": 2, ""doc_processing"": 2, ""monitoring"": 3}, {""research"": 3, ""code_review"": 2, ""doc_processing"": 3, ""monitoring"": 0}, {""research"": 0, ""code_review"": 1, ""doc_processing"": 3, ""monitoring"": 4}, {""research"": 2, ""code_review"": 2, ""doc_processing"": 3, ""monitoring"": 1}, {""research"": 2, ""code_review"": 1, ""doc_processing"": 3, ""monitoring"": 2}]","[4, 4, 3, 3, 4, 4]",0.6666666666666666,3.6666666666666665,0.8824561196339138,0.2916666666666667,0.03481482401010934,0.022192947382029208,"{""COMPUTE"": 876, ""MEMORY"": 726, ""API_CREDITS"": 398, ""DATASET"": 176}","{""COMPUTE"": 674, ""MEMORY"": 558, ""API_CREDITS"": 306, ""DATASET"": 135}","{""COMPUTE"": 1.2997032640949555, ""MEMORY"": 1.3010752688172043, ""API_CREDITS"": 1.3006535947712419, ""DATASET"": 1.3037037037037038}",4,[],"{""COMPUTE"": 0.008902077151335312, ""MEMORY"": 0.010752688172043012, ""API_CREDITS"": 0.0196078431372549, ""DATASET"": 0.044444444444444446}",exact_pending_queue,0,
workload,iid_uniform__moderate,iid_uniform,iid_uniform,,unit,moderate,1.3,3922112564,8dc9762c036a7714,4bbe6987560948da,"[[0.25, 0.25, 0.25, 0.25], [0.25, 0.25, 0.25, 0.25], [0.25, 0.25, 0.25, 0.25], [0.25, 0.25, 0.25, 0.25], [0.25, 0.25, 0.25, 0.25], [0.25, 0.25, 0.25, 0.25]]","[{""research"": 3, ""code_review"": 1, ""doc_processing"": 1, ""monitoring"": 3}, {""research"": 1, ""code_review"": 1, ""doc_processing"": 3, ""monitoring"": 3}, {""research"": 2, ""code_review"": 3, ""doc_processing"": 1, ""monitoring"": 2}, {""research"": 3, ""code_review"": 2, ""doc_processing"": 1, ""monitoring"": 2}, {""research"": 1, ""code_review"": 3, ""doc_processing"": 2, ""monitoring"": 2}, {""research"": 1, ""code_review"": 2, ""doc_processing"": 2, ""monitoring"": 3}]","[4, 4, 4, 4, 4, 4]",1.0,4.0,0.9370927081530444,0.23333333333333334,0.01805270824332815,0.011639870209431219,"{""COMPUTE"": 834, ""MEMORY"": 710, ""API_CREDITS"": 374, ""DATASET"": 208}","{""COMPUTE"": 642, ""MEMORY"": 546, ""API_CREDITS"": 288, ""DATASET"": 160}","{""COMPUTE"": 1.2990654205607477, ""MEMORY"": 1.3003663003663004, ""API_CREDITS"": 1.2986111111111112, ""DATASET"": 1.3}",4,[],"{""COMPUTE"": 0.009345794392523364, ""MEMORY"": 0.01098901098901099, ""API_CREDITS"": 0.020833333333333332, ""DATASET"": 0.0375}",exact_pending_queue,0,
workload,iid_uniform__moderate,iid_uniform,iid_uniform,,unit,moderate,1.3,183163032,4d79fa3005d281ee,1096ce9f9a8f9d7a,"[[0.25, 0.25, 0.25, 0.25], [0.25, 0.25, 0.25, 0.25], [0.25, 0.25, 0.25, 0.25], [0.25, 0.25, 0.25, 0.25], [0.25, 0.25, 0.25, 0.25], [0.25, 0.25, 0.25, 0.25]]","[{""research"": 1, ""code_review"": 3, ""doc_processing"": 0, ""monitoring"": 4}, {""research"": 1, ""code_review"": 3, ""doc_processing"": 0, ""monitoring"": 4}, {""research"": 0, ""code_review"": 2, ""doc_processing"": 2, ""monitoring"": 4}, {""research"": 2, ""code_review"": 2, ""doc_processing"": 4, ""monitoring"": 0}, {""research"": 1, ""code_review"": 2, ""doc_processing"": 1, ""monitoring"": 4}, {""research"": 2, ""code_review"": 1, ""doc_processing"": 1, ""monitoring"": 4}]","[3, 3, 3, 3, 4, 4]",0.3333333333333333,3.3333333333333335,0.7759398437049277,0.3,0.045672972487488604,0.031198978863629396,"{""COMPUTE"": 704, ""MEMORY"": 615, ""API_CREDITS"": 297, ""DATASET"": 216}","{""COMPUTE"": 542, ""MEMORY"": 473, ""API_CREDITS"": 228, ""DATASET"": 166}","{""COMPUTE"": 1.2988929889298892, ""MEMORY"": 1.3002114164904863, ""API_CREDITS"": 1.3026315789473684, ""DATASET"": 1.3012048192771084}",4,[],"{""COMPUTE"": 0.01107011070110701, ""MEMORY"": 0.012684989429175475, ""API_CREDITS"": 0.02631578947368421, ""DATASET"": 0.03614457831325301}",exact_pending_queue,0,
workload,iid_uniform__moderate,iid_uniform,iid_uniform,,unit,moderate,1.3,4222305526,fa86cd0f601b56ae,58532fcae5763415,"[[0.25, 0.25, 0.25, 0.25], [0.25, 0.25, 0.25, 0.25], [0.25, 0.25, 0.25, 0.25], [0.25, 0.25, 0.25, 0.25], [0.25, 0.25, 0.25, 0.25], [0.25, 0.25, 0.25, 0.25]]","[{""research"": 2, ""code_review"": 2, ""doc_processing"": 1, ""monitoring"": 3}, {""research"": 2, ""code_review"": 3, ""doc_processing"": 1, ""monitoring"": 2}, {""research"": 1, ""code_review"": 3, ""doc_processing"": 2, ""monitoring"": 2}, {""research"": 1, ""code_review"": 1, ""doc_processing"": 1, ""monitoring"": 5}, {""research"": 1, ""code_review"": 2, ""doc_processing"": 3, ""monitoring"": 2}, {""research"": 1, ""code_review"": 2, ""doc_processing"": 2, ""monitoring"": 3}]","[4, 4, 4, 4, 4, 4]",1.0,4.0,0.9230825209869359,0.225,0.04098498547106773,0.02514560170838231,"{""COMPUTE"": 758, ""MEMORY"": 649, ""API_CREDITS"": 331, ""DATASET"": 200}","{""COMPUTE"": 583, ""MEMORY"": 499, ""API_CREDITS"": 255, ""DATASET"": 154}","{""COMPUTE"": 1.300171526586621, ""MEMORY"": 1.3006012024048097, ""API_CREDITS"": 1.2980392156862746, ""DATASET"": 1.2987012987012987}",4,[],"{""COMPUTE"": 0.010291595197255575, ""MEMORY"": 0.012024048096192385, ""API_CREDITS"": 0.023529411764705882, ""DATASET"": 0.03896103896103896}",exact_pending_queue,0,
workload,iid_uniform__moderate,iid_uniform,iid_uniform,,unit,moderate,1.3,3706283824,1fa53430cc630c33,4274ac5e8acdb1a5,"[[0.25, 0.25, 0.25, 0.25], [0.25, 0.25, 0.25, 0.25], [0.25, 0.25, 0.25, 0.25], [0.25, 0.25, 0.25, 0.25], [0.25, 0.25, 0.25, 0.25], [0.25, 0.25, 0.25, 0.25]]","[{""research"": 2, ""code_review"": 4, ""doc_processing"": 1, ""monitoring"": 1}, {""research"": 3, ""code_review"": 3, ""doc_processing"": 0, ""monitoring"": 2}, {""research"": 1, ""code_review"": 1, ""doc_processing"": 3, ""monitoring"": 3}, {""research"": 2, ""code_review"": 2, ""doc_processing"": 3, ""monitoring"": 1}, {""research"": 1, ""code_review"": 3, ""doc_processing"": 4, ""monitoring"": 0}, {""research"": 0, ""code_review"": 3, ""doc_processing"": 3, ""monitoring"": 2}]","[4, 3, 4, 4, 3, 3]",0.5,3.5,0.8329260414863776,0.3416666666666667,0.03829726752556087,0.023618556683684885,"{""COMPUTE"": 846, ""MEMORY"": 694, ""API_CREDITS"": 398, ""DATASET"": 144}","{""COMPUTE"": 651, ""MEMORY"": 534, ""API_CREDITS"": 306, ""DATASET"": 111}","{""COMPUTE"": 1.2995391705069124, ""MEMORY"": 1.299625468164794, ""API_CREDITS"": 1.3006535947712419, ""DATASET"": 1.2972972972972974}",4,[],"{""COMPUTE"": 0.009216589861751152, ""MEMORY"": 0.011235955056179775, ""API_CREDITS"": 0.0196078431372549, ""DATASET"": 0.05405405405405406}",exact_pending_queue,0,
workload,iid_uniform__moderate,iid_uniform,iid_uniform,,unit,moderate,1.3,927763105,5b2d931777605753,c4804d1df34d43eb,"[[0.25, 0.25, 0.25, 0.25], [0.25, 0.25, 0.25, 0.25], [0.25, 0.25, 0.25, 0.25], [0.25, 0.25, 0.25, 0.25], [0.25, 0.25, 0.25, 0.25], [0.25, 0.25, 0.25, 0.25]]","[{""research"": 3, ""code_review"": 1, ""doc_processing"": 3, ""monitoring"": 1}, {""research"": 2, ""code_review"": 3, ""doc_processing"": 1, ""monitoring"": 2}, {""research"": 1, ""code_review"": 1, ""doc_processing"": 4, ""monitoring"": 2}, {""research"": 2, ""code_review"": 1, ""doc_processing"": 2, ""monitoring"": 3}, {""research"": 2, ""code_review"": 1, ""doc_processing"": 3, ""monitoring"": 2}, {""research"": 3, ""code_review"": 0, ""doc_processing"": 1, ""monitoring"": 4}]","[4, 4, 4, 4, 4, 3]",0.8333333333333334,3.8333333333333335,0.8903195311147831,0.2833333333333333,0.0321508006463316,0.020826627438784353,"{""COMPUTE"": 932, ""MEMORY"": 783, ""API_CREDITS"": 417, ""DATASET"": 216}","{""COMPUTE"": 717, ""MEMORY"": 602, ""API_CREDITS"": 321, ""DATASET"": 166}","{""COMPUTE"": 1.299860529986053, ""MEMORY"": 1.3006644518272426, ""API_CREDITS"": 1.2990654205607477, ""DATASET"": 1.3012048192771084}",4,[],"{""COMPUTE"": 0.008368200836820083, ""MEMORY"": 0.009966777408637873, ""API_CREDITS"": 0.018691588785046728, ""DATASET"": 0.03614457831325301}",exact_pending_queue,0,
workload,iid_uniform__moderate,iid_uniform,iid_uniform,,unit,moderate,1.3,642816875,3f59994561c4c4f5,eeb50f52d13b7d68,"[[0.25, 0.25, 0.25, 0.25], [0.25, 0.25, 0.25, 0.25], [0.25, 0.25, 0.25, 0.25], [0.25, 0.25, 0.25, 0.25], [0.25, 0.25, 0.25, 0.25], [0.25, 0.25, 0.25, 0.25]]","[{""research"": 2, ""code_review"": 3, ""doc_processing"": 0, ""monitoring"": 3}, {""research"": 1, ""code_review"": 4, ""doc_processing"": 1, ""monitoring"": 2}, {""research"": 2, ""code_review"": 1, ""doc_processing"": 3, ""monitoring"": 2}, {""research"": 1, ""code_review"": 0, ""doc_processing"": 4, ""monitoring"": 3}, {""research"": 1, ""code_review"": 4, ""doc_processing"": 1, ""monitoring"": 2}, {""research"": 2, ""code_review"": 3, ""doc_processing"": 2, ""monitoring"": 1}]","[3, 4, 4, 3, 4, 4]",0.6666666666666666,3.6666666666666665,0.8565162759289859,0.325,0.025004944566030463,0.015428052752125157,"{""COMPUTE"": 802, ""MEMORY"": 674, ""API_CREDITS"": 366, ""DATASET"": 176}","{""COMPUTE"": 617, ""MEMORY"": 518, ""API_CREDITS"": 282, ""DATASET"": 135}","{""COMPUTE"": 1.299837925445705, ""MEMORY"": 1.3011583011583012, ""API_CREDITS"": 1.297872340425532, ""DATASET"": 1.3037037037037038}",4,[],"{""COMPUTE"": 0.009724473257698542, ""MEMORY"": 0.011583011583011582, ""API_CREDITS"": 0.02127659574468085, ""DATASET"": 0.044444444444444446}",exact_pending_queue,0,
workload,iid_uniform__moderate,iid_uniform,iid_uniform,,unit,moderate,1.3,2485047775,a3e70c5fc0b49a7e,6e13a5446abe4326,"[[0.25, 0.25, 0.25, 0.25], [0.25, 0.25, 0.25, 0.25], [0.25, 0.25, 0.25, 0.25], [0.25, 0.25, 0.25, 0.25], [0.25, 0.25, 0.25, 0.25], [0.25, 0.25, 0.25, 0.25]]","[{""research"": 3, ""code_review"": 1, ""doc_processing"": 2, ""monitoring"": 2}, {""research"": 1, ""code_review"": 2, ""doc_processing"": 3, ""monitoring"": 2}, {""research"": 3, ""code_review"": 3, ""doc_processing"": 0, ""monitoring"": 2}, {""research"": 1, ""code_review"": 1, ""doc_processing"": 3, ""monitoring"": 3}, {""research"": 5, ""code_review"": 0, ""doc_processing"": 2, ""monitoring"": 1}, {""research"": 1, ""code_review"": 2, ""doc_processing"": 3, ""monitoring"": 2}]","[4, 4, 3, 4, 3, 4]",0.6666666666666666,3.6666666666666665,0.8656890313585303,0.31666666666666665,0.018860158997266726,0.012145534840521234,"{""COMPUTE"": 948, ""MEMORY"": 794, ""API_CREDITS"": 434, ""DATASET"": 208}","{""COMPUTE"": 729, ""MEMORY"": 611, ""API_CREDITS"": 334, ""DATASET"": 160}","{""COMPUTE"": 1.300411522633745, ""MEMORY"": 1.2995090016366613, ""API_CREDITS"": 1.2994011976047903, ""DATASET"": 1.3}",4,[],"{""COMPUTE"": 0.00823045267489712, ""MEMORY"": 0.009819967266775777, ""API_CREDITS"": 0.017964071856287425, ""DATASET"": 0.0375}",exact_pending_queue,0,
workload,iid_uniform__moderate,iid_uniform,iid_uniform,,unit,moderate,1.3,1464621060,284a0e5b333e723f,1280b54e0c1efc4e,"[[0.25, 0.25, 0.25, 0.25], [0.25, 0.25, 0.25, 0.25], [0.25, 0.25, 0.25, 0.25], [0.25, 0.25, 0.25, 0.25], [0.25, 0.25, 0.25, 0.25], [0.25, 0.25, 0.25, 0.25]]","[{""research"": 3, ""code_review"": 2, ""doc_processing"": 3, ""monitoring"": 0}, {""research"": 1, ""code_review"": 2, ""doc_processing"": 3, ""monitoring"": 2}, {""research"": 2, ""code_review"": 1, ""doc_processing"": 2, ""monitoring"": 3}, {""research"": 1, ""code_review"": 3, ""doc_processing"": 3, ""monitoring"": 1}, {""research"": 4, ""code_review"": 2, ""doc_processing"": 1, ""monitoring"": 1}, {""research"": 4, ""code_review"": 1, ""doc_processing"": 2, ""monitoring"": 1}]","[3, 4, 4, 4, 4, 4]",0.8333333333333334,3.8333333333333335,0.8903195311147831,0.2916666666666667,0.028695054831259323,0.018423049081794297,"{""COMPUTE"": 992, ""MEMORY"": 819, ""API_CREDITS"": 469, ""DATASET"": 184}","{""COMPUTE"": 763, ""MEMORY"": 630, ""API_CREDITS"": 361, ""DATASET"": 142}","{""COMPUTE"": 1.3001310615989514, ""MEMORY"": 1.3, ""API_CREDITS"": 1.299168975069252, ""DATASET"": 1.295774647887324}",4,[],"{""COMPUTE"": 0.007863695937090432, ""MEMORY"": 0.009523809523809525, ""API_CREDITS"": 0.01662049861495845, ""DATASET"": 0.04225352112676056}",exact_pending_queue,0,
workload,iid_uniform__moderate,iid_uniform,iid_uniform,,unit,moderate,1.3,1594198431,f18d092f209dea89,00df9005d2d0ebbf,"[[0.25, 0.25, 0.25, 0.25], [0.25, 0.25, 0.25, 0.25], [0.25, 0.25, 0.25, 0.25], [0.25, 0.25, 0.25, 0.25], [0.25, 0.25, 0.25, 0.25], [0.25, 0.25, 0.25, 0.25]]","[{""research"": 2, ""code_review"": 1, ""doc_processing"": 5, ""monitoring"": 0}, {""research"": 4, ""code_review"": 1, ""doc_processing"": 2, ""monitoring"": 1}, {""research"": 1, ""code_review"": 4, ""doc_processing"": 2, ""monitoring"": 1}, {""research"": 3, ""code_review"": 3, ""doc_processing"": 1, ""monitoring"": 1}, {""research"": 0, ""code_review"": 3, ""doc_processing"": 1, ""monitoring"": 4}, {""research"": 1, ""code_review"": 4, ""doc_processing"": 3, ""monitoring"": 0}]","[3, 4, 4, 4, 3, 3]",0.5,3.5,0.7851125991344721,0.4166666666666667,0.05275595237367721,0.033282513015397204,"{""COMPUTE"": 898, ""MEMORY"": 734, ""API_CREDITS"": 430, ""DATASET"": 144}","{""COMPUTE"": 691, ""MEMORY"": 565, ""API_CREDITS"": 331, ""DATASET"": 111}","{""COMPUTE"": 1.2995658465991318, ""MEMORY"": 1.2991150442477877, ""API_CREDITS"": 1.299093655589124, ""DATASET"": 1.2972972972972974}",4,[],"{""COMPUTE"": 0.008683068017366137, ""MEMORY"": 0.010619469026548672, ""API_CREDITS"": 0.01812688821752266, ""DATASET"": 0.05405405405405406}",exact_pending_queue,0,
workload,iid_uniform__moderate,iid_uniform,iid_uniform,,unit,moderate,1.3,2964826275,afe14518d76076b8,3d1a61c99391c749,"[[0.25, 0.25, 0.25, 0.25], [0.25, 0.25, 0.25, 0.25], [0.25, 0.25, 0.25, 0.25], [0.25, 0.25, 0.25, 0.25], [0.25, 0.25, 0.25, 0.25], [0.25, 0.25, 0.25, 0.25]]","[{""research"": 1, ""code_review"": 2, ""doc_processing"": 2, ""monitoring"": 3}, {""research"": 1, ""code_review"": 2, ""doc_processing"": 2, ""monitoring"": 3}, {""research"": 0, ""code_review"": 2, ""doc_processing"": 2, ""monitoring"": 4}, {""research"": 2, ""code_review"": 0, ""doc_processing"": 3, ""monitoring"": 3}, {""research"": 1, ""code_review"": 2, ""doc_processing"": 3, ""monitoring"": 2}, {""research"": 1, ""code_review"": 0, ""doc_processing"": 5, ""monitoring"": 2}]","[4, 4, 3, 3, 4, 3]",0.5,3.5,0.8397491876536026,0.24166666666666667,0.030301037099229166,0.01929861765901713,"{""COMPUTE"": 794, ""MEMORY"": 663, ""API_CREDITS"": 337, ""DATASET"": 184}","{""COMPUTE"": 611, ""MEMORY"": 510, ""API_CREDITS"": 259, ""DATASET"": 142}","{""COMPUTE"": 1.2995090016366613, ""MEMORY"": 1.3, ""API_CREDITS"": 1.3011583011583012, ""DATASET"": 1.295774647887324}",4,[],"{""COMPUTE"": 0.009819967266775777, ""MEMORY"": 0.011764705882352941, ""API_CREDITS"": 0.023166023166023165, ""DATASET"": 0.04225352112676056}",exact_pending_queue,0,
workload,iid_uniform__moderate,iid_uniform,iid_uniform,,unit,moderate,1.3,3703943727,a96c322dfefd7c16,d535b4b850464d60,"[[0.25, 0.25, 0.25, 0.25], [0.25, 0.25, 0.25, 0.25], [0.25, 0.25, 0.25, 0.25], [0.25, 0.25, 0.25, 0.25], [0.25, 0.25, 0.25, 0.25], [0.25, 0.25, 0.25, 0.25]]","[{""research"": 5, ""code_review"": 1, ""doc_processing"": 1, ""monitoring"": 1}, {""research"": 1, ""code_review"": 3, ""doc_processing"": 1, ""monitoring"": 3}, {""research"": 1, ""code_review"": 2, ""doc_processing"": 2, ""monitoring"": 3}, {""research"": 1, ""code_review"": 3, ""doc_processing"": 2, ""monitoring"": 2}, {""research"": 1, ""code_review"": 2, ""doc_processing"": 3, ""monitoring"": 2}, {""research"": 0, ""code_review"": 2, ""doc_processing"": 5, ""monitoring"": 1}]","[4, 4, 4, 4, 4, 3]",0.8333333333333334,3.8333333333333335,0.8646487660448857,0.3333333333333333,0.037869469524580715,0.02322327109613272,"{""COMPUTE"": 840, ""MEMORY"": 697, ""API_CREDITS"": 383, ""DATASET"": 168}","{""COMPUTE"": 646, ""MEMORY"": 536, ""API_CREDITS"": 295, ""DATASET"": 129}","{""COMPUTE"": 1.3003095975232197, ""MEMORY"": 1.3003731343283582, ""API_CREDITS"": 1.2983050847457627, ""DATASET"": 1.302325581395349}",4,[],"{""COMPUTE"": 0.009287925696594427, ""MEMORY"": 0.011194029850746268, ""API_CREDITS"": 0.020338983050847456, ""DATASET"": 0.046511627906976744}",exact_pending_queue,0,
workload,iid_uniform__moderate,iid_uniform,iid_uniform,,unit,moderate,1.3,1321997983,982c8f0162901a6c,d4757594377c07e5,"[[0.25, 0.25, 0.25, 0.25], [0.25, 0.25, 0.25, 0.25], [0.25, 0.25, 0.25, 0.25], [0.25, 0.25, 0.25, 0.25], [0.25, 0.25, 0.25, 0.25], [0.25, 0.25, 0.25, 0.25]]","[{""research"": 1, ""code_review"": 2, ""doc_processing"": 1, ""monitoring"": 4}, {""research"": 2, ""code_review"": 1, ""doc_processing"": 4, ""monitoring"": 1}, {""research"": 1, ""code_review"": 0, ""doc_processing"": 3, ""monitoring"": 4}, {""research"": 3, ""code_review"": 2, ""doc_processing"": 1, ""monitoring"": 2}, {""research"": 3, ""code_review"": 0, ""doc_processing"": 2, ""monitoring"": 3}, {""research"": 4, ""code_review"": 3, ""doc_processing"": 0, ""monitoring"": 1}]","[4, 4, 3, 4, 3, 3]",0.5,3.5,0.8148496092623193,0.4,0.03787342834251893,0.02398320888749304,"{""COMPUTE"": 918, ""MEMORY"": 781, ""API_CREDITS"": 411, ""DATASET"": 232}","{""COMPUTE"": 706, ""MEMORY"": 601, ""API_CREDITS"": 316, ""DATASET"": 178}","{""COMPUTE"": 1.3002832861189801, ""MEMORY"": 1.2995008319467554, ""API_CREDITS"": 1.3006329113924051, ""DATASET"": 1.303370786516854}",4,[],"{""COMPUTE"": 0.0084985835694051, ""MEMORY"": 0.009983361064891847, ""API_CREDITS"": 0.0189873417721519, ""DATASET"": 0.033707865168539325}",exact_pending_queue,0,
workload,iid_uniform__moderate,iid_uniform,iid_uniform,,unit,moderate,1.3,2789760346,4be0e83130a19138,1f7b3b38a711c3cf,"[[0.25, 0.25, 0.25, 0.25], [0.25, 0.25, 0.25, 0.25], [0.25, 0.25, 0.25, 0.25], [0.25, 0.25, 0.25, 0.25], [0.25, 0.25, 0.25, 0.25], [0.25, 0.25, 0.25, 0.25]]","[{""research"": 2, ""code_review"": 2, ""doc_processing"": 1, ""monitoring"": 3}, {""research"": 2, ""code_review"": 2, ""doc_processing"": 2, ""monitoring"": 2}, {""research"": 1, ""code_review"": 0, ""doc_processing"": 6, ""monitoring"": 1}, {""research"": 3, ""code_review"": 1, ""doc_processing"": 2, ""monitoring"": 2}, {""research"": 2, ""code_review"": 3, ""doc_processing"": 1, ""monitoring"": 2}, {""research"": 1, ""code_review"": 2, ""doc_processing"": 3, ""monitoring"": 2}]","[4, 4, 3, 4, 4, 4]",0.8333333333333334,3.8333333333333335,0.8903195311147832,0.3,0.02983221598921735,0.01824354834784156,"{""COMPUTE"": 900, ""MEMORY"": 747, ""API_CREDITS"": 409, ""DATASET"": 184}","{""COMPUTE"": 692, ""MEMORY"": 575, ""API_CREDITS"": 315, ""DATASET"": 142}","{""COMPUTE"": 1.300578034682081, ""MEMORY"": 1.2991304347826087, ""API_CREDITS"": 1.2984126984126985, ""DATASET"": 1.295774647887324}",4,[],"{""COMPUTE"": 0.008670520231213872, ""MEMORY"": 0.010434782608695653, ""API_CREDITS"": 0.01904761904761905, ""DATASET"": 0.04225352112676056}",exact_pending_queue,0,
workload,iid_uniform__moderate,iid_uniform,iid_uniform,,unit,moderate,1.3,4250606291,f3b1a1785ea57dee,56e5d3a948d6079b,"[[0.25, 0.25, 0.25, 0.25], [0.25, 0.25, 0.25, 0.25], [0.25, 0.25, 0.25, 0.25], [0.25, 0.25, 0.25, 0.25], [0.25, 0.25, 0.25, 0.25], [0.25, 0.25, 0.25, 0.25]]","[{""research"": 4, ""code_review"": 3, ""doc_processing"": 1, ""monitoring"": 0}, {""research"": 1, ""code_review"": 2, ""doc_processing"": 3, ""monitoring"": 2}, {""research"": 1, ""code_review"": 3, ""doc_processing"": 4, ""monitoring"": 0}, {""research"": 2, ""code_review"": 1, ""doc_processing"": 1, ""monitoring"": 4}, {""research"": 1, ""code_review"": 3, ""doc_processing"": 1, ""monitoring"": 3}, {""research"": 1, ""code_review"": 2, ""doc_processing"": 4, ""monitoring"": 1}]","[3, 4, 3, 4, 4, 4]",0.6666666666666666,3.6666666666666665,0.8356829425956528,0.36666666666666664,0.05465966033150023,0.034818022600721185,"{""COMPUTE"": 868, ""MEMORY"": 716, ""API_CREDITS"": 404, ""DATASET"": 160}","{""COMPUTE"": 668, ""MEMORY"": 551, ""API_CREDITS"": 311, ""DATASET"": 123}","{""COMPUTE"": 1.2994011976047903, ""MEMORY"": 1.2994555353901995, ""API_CREDITS"": 1.2990353697749195, ""DATASET"": 1.3008130081300813}",4,[],"{""COMPUTE"": 0.008982035928143712, ""MEMORY"": 0.010889292196007259, ""API_CREDITS"": 0.01929260450160772, ""DATASET"": 0.04878048780487805}",exact_pending_queue,0,
workload,iid_uniform__high,iid_uniform,iid_uniform,,unit,high,1.9,2098221685,602ca651a80c6f94,e20caa1bcfd78bc6,"[[0.25, 0.25, 0.25, 0.25], [0.25, 0.25, 0.25, 0.25], [0.25, 0.25, 0.25, 0.25], [0.25, 0.25, 0.25, 0.25], [0.25, 0.25, 0.25, 0.25], [0.25, 0.25, 0.25, 0.25]]","[{""research"": 1, ""code_review"": 4, ""doc_processing"": 2, ""monitoring"": 1}, {""research"": 2, ""code_review"": 1, ""doc_processing"": 1, ""monitoring"": 4}, {""research"": 0, ""code_review"": 5, ""doc_processing"": 2, ""monitoring"": 1}, {""research"": 4, ""code_review"": 1, ""doc_processing"": 1, ""monitoring"": 2}, {""research"": 3, ""code_review"": 2, ""doc_processing"": 1, ""monitoring"": 2}, {""research"": 1, ""code_review"": 4, ""doc_processing"": 1, ""monitoring"": 2}]","[4, 4, 3, 4, 4, 4]",0.8333333333333334,3.8333333333333335,0.8503695002437471,0.35,0.045671295568436826,0.02811724385877305,"{""COMPUTE"": 816, ""MEMORY"": 691, ""API_CREDITS"": 381, ""DATASET"": 184}","{""COMPUTE"": 429, ""MEMORY"": 364, ""API_CREDITS"": 201, ""DATASET"": 97}","{""COMPUTE"": 1.902097902097902, ""MEMORY"": 1.8983516483516483, ""API_CREDITS"": 1.8955223880597014, ""DATASET"": 1.8969072164948453}",4,[],"{""COMPUTE"": 0.013986013986013986, ""MEMORY"": 0.016483516483516484, ""API_CREDITS"": 0.029850746268656716, ""DATASET"": 0.061855670103092786}",exact_pending_queue,0,
workload,iid_uniform__high,iid_uniform,iid_uniform,,unit,high,1.9,1138347673,3ad27a75dce782ee,ef7edade5119417e,"[[0.25, 0.25, 0.25, 0.25], [0.25, 0.25, 0.25, 0.25], [0.25, 0.25, 0.25, 0.25], [0.25, 0.25, 0.25, 0.25], [0.25, 0.25, 0.25, 0.25], [0.25, 0.25, 0.25, 0.25]]","[{""research"": 1, ""code_review"": 2, ""doc_processing"": 4, ""monitoring"": 1}, {""research"": 2, ""code_review"": 5, ""doc_processing"": 1, ""monitoring"": 0}, {""research"": 2, ""code_review"": 1, ""doc_processing"": 3, ""monitoring"": 2}, {""research"": 2, ""code_review"": 2, ""doc_processing"": 2, ""monitoring"": 2}, {""research"": 0, ""code_review"": 3, ""doc_processing"": 2, ""monitoring"": 3}, {""research"": 3, ""code_review"": 2, ""doc_processing"": 1, ""monitoring"": 2}]","[4, 3, 4, 4, 3, 4]",0.6666666666666666,3.6666666666666665,0.8684459324678054,0.3333333333333333,0.03173048815708122,0.02095823513647141,"{""COMPUTE"": 856, ""MEMORY"": 708, ""API_CREDITS"": 400, ""DATASET"": 160}","{""COMPUTE"": 451, ""MEMORY"": 373, ""API_CREDITS"": 211, ""DATASET"": 84}","{""COMPUTE"": 1.8980044345898004, ""MEMORY"": 1.8981233243967828, ""API_CREDITS"": 1.8957345971563981, ""DATASET"": 1.9047619047619047}",4,[],"{""COMPUTE"": 0.013303769401330377, ""MEMORY"": 0.0160857908847185, ""API_CREDITS"": 0.02843601895734597, ""DATASET"": 0.07142857142857142}",exact_pending_queue,0,
workload,iid_uniform__high,iid_uniform,iid_uniform,,unit,high,1.9,2342860720,d3bdf6732acfbd45,292f282af8e230b7,"[[0.25, 0.25, 0.25, 0.25], [0.25, 0.25, 0.25, 0.25], [0.25, 0.25, 0.25, 0.25], [0.25, 0.25, 0.25, 0.25], [0.25, 0.25, 0.25, 0.25], [0.25, 0.25, 0.25, 0.25]]","[{""research"": 2, ""code_review"": 3, ""doc_processing"": 2, ""monitoring"": 1}, {""research"": 3, ""code_review"": 2, ""doc_processing"": 2, ""monitoring"": 1}, {""research"": 1, ""code_review"": 3, ""doc_processing"": 4, ""monitoring"": 0}, {""research"": 4, ""code_review"": 0, ""doc_processing"": 3, ""monitoring"": 1}, {""research"": 0, ""code_review"": 0, ""doc_processing"": 5, ""monitoring"": 3}, {""research"": 3, ""code_review"": 2, ""doc_processing"": 2, ""monitoring"": 1}]","[4, 4, 3, 3, 2, 4]",0.5,3.3333333333333335,0.7902191095060664,0.36666666666666664,0.026767717324677885,0.01768617658194696,"{""COMPUTE"": 994, ""MEMORY"": 808, ""API_CREDITS"": 468, ""DATASET"": 160}","{""COMPUTE"": 523, ""MEMORY"": 425, ""API_CREDITS"": 246, ""DATASET"": 84}","{""COMPUTE"": 1.9005736137667304, ""MEMORY"": 1.9011764705882352, ""API_CREDITS"": 1.9024390243902438, ""DATASET"": 1.9047619047619047}",4,[],"{""COMPUTE"": 0.011472275334608031, ""MEMORY"": 0.01411764705882353, ""API_CREDITS"": 0.024390243902439025, ""DATASET"": 0.07142857142857142}",exact_pending_queue,0,
workload,iid_uniform__high,iid_uniform,iid_uniform,,unit,high,1.9,1473714878,3101ee38c2d3e61e,526209605103ad01,"[[0.25, 0.25, 0.25, 0.25], [0.25, 0.25, 0.25, 0.25], [0.25, 0.25, 0.25, 0.25], [0.25, 0.25, 0.25, 0.25], [0.25, 0.25, 0.25, 0.25], [0.25, 0.25, 0.25, 0.25]]","[{""research"": 3, ""code_review"": 2, ""doc_processing"": 1, ""monitoring"": 2}, {""research"": 3, ""code_review"": 1, ""doc_processing"": 1, ""monitoring"": 3}, {""research"": 2, ""code_review"": 2, ""doc_processing"": 3, ""monitoring"": 1}, {""research"": 1, ""code_review"": 2, ""doc_processing"": 3, ""monitoring"": 2}, {""research"": 2, ""code_review"": 3, ""doc_processing"": 1, ""monitoring"": 2}, {""research"": 3, ""code_review"": 2, ""doc_processing"": 3, ""monitoring"": 0}]","[4, 4, 4, 4, 4, 3]",0.8333333333333334,3.8333333333333335,0.916259374819711,0.25,0.030640879728550854,0.02080169782919994,"{""COMPUTE"": 940, ""MEMORY"": 784, ""API_CREDITS"": 440, ""DATASET"": 192}","{""COMPUTE"": 495, ""MEMORY"": 413, ""API_CREDITS"": 232, ""DATASET"": 101}","{""COMPUTE"": 1.898989898989899, ""MEMORY"": 1.8983050847457628, ""API_CREDITS"": 1.896551724137931, ""DATASET"": 1.900990099009901}",4,[],"{""COMPUTE"": 0.012121212121212121, ""MEMORY"": 0.014527845036319613, ""API_CREDITS"": 0.02586206896551724, ""DATASET"": 0.0594059405940594}",exact_pending_queue,0,
workload,iid_uniform__high,iid_uniform,iid_uniform,,unit,high,1.9,2114544130,c84a7c89ed9e95f2,6326440137729054,"[[0.25, 0.25, 0.25, 0.25], [0.25, 0.25, 0.25, 0.25], [0.25, 0.25, 0.25, 0.25], [0.25, 0.25, 0.25, 0.25], [0.25, 0.25, 0.25, 0.25], [0.25, 0.25, 0.25, 0.25]]","[{""research"": 4, ""code_review"": 1, ""doc_processing"": 0, ""monitoring"": 3}, {""research"": 1, ""code_review"": 2, ""doc_processing"": 3, ""monitoring"": 2}, {""research"": 2, ""code_review"": 2, ""doc_processing"": 2, ""monitoring"": 2}, {""research"": 2, ""code_review"": 4, ""doc_processing"": 2, ""monitoring"": 0}, {""research"": 1, ""code_review"": 2, ""doc_processing"": 4, ""monitoring"": 1}, {""research"": 2, ""code_review"": 1, ""doc_processing"": 2, ""monitoring"": 3}]","[3, 4, 4, 3, 4, 4]",0.6666666666666666,3.6666666666666665,0.8722430988907249,0.3333333333333333,0.04154591829016208,0.02669098513784751,"{""COMPUTE"": 902, ""MEMORY"": 751, ""API_CREDITS"": 417, ""DATASET"": 184}","{""COMPUTE"": 475, ""MEMORY"": 395, ""API_CREDITS"": 219, ""DATASET"": 97}","{""COMPUTE"": 1.8989473684210527, ""MEMORY"": 1.90126582278481, ""API_CREDITS"": 1.904109589041096, ""DATASET"": 1.8969072164948453}",4,[],"{""COMPUTE"": 0.01263157894736842, ""MEMORY"": 0.015189873417721518, ""API_CREDITS"": 0.0273972602739726, ""DATASET"": 0.061855670103092786}",exact_pending_queue,0,
workload,iid_uniform__high,iid_uniform,iid_uniform,,unit,high,1.9,147595965,bf037f7995743c11,6e61e175fc8bdc8a,"[[0.25, 0.25, 0.25, 0.25], [0.25, 0.25, 0.25, 0.25], [0.25, 0.25, 0.25, 0.25], [0.25, 0.25, 0.25, 0.25], [0.25, 0.25, 0.25, 0.25], [0.25, 0.25, 0.25, 0.25]]","[{""research"": 3, ""code_review"": 2, ""doc_processing"": 2, ""monitoring"": 1}, {""research"": 3, ""code_review"": 2, ""doc_processing"": 1, ""monitoring"": 2}, {""research"": 1, ""code_review"": 1, ""doc_processing"": 5, ""monitoring"": 1}, {""research"": 1, ""code_review"": 1, ""doc_processing"": 3, ""monitoring"": 3}, {""research"": 3, ""code_review"": 3, ""doc_processing"": 1, ""monitoring"": 1}, {""research"": 3, ""code_review"": 2, ""doc_processing"": 1, ""monitoring"": 2}]","[4, 4, 4, 4, 4, 4]",1.0,4.0,0.907355698025197,0.2916666666666667,0.027368791822793673,0.017773889444999174,"{""COMPUTE"": 952, ""MEMORY"": 792, ""API_CREDITS"": 444, ""DATASET"": 192}","{""COMPUTE"": 501, ""MEMORY"": 417, ""API_CREDITS"": 234, ""DATASET"": 101}","{""COMPUTE"": 1.9001996007984032, ""MEMORY"": 1.8992805755395683, ""API_CREDITS"": 1.8974358974358974, ""DATASET"": 1.900990099009901}",4,[],"{""COMPUTE"": 0.011976047904191617, ""MEMORY"": 0.014388489208633094, ""API_CREDITS"": 0.02564102564102564, ""DATASET"": 0.0594059405940594}",exact_pending_queue,0,
workload,iid_uniform__high,iid_uniform,iid_uniform,,unit,high,1.9,393081195,47e71f92b92d189c,026cbbd7bae31fa3,"[[0.25, 0.25, 0.25, 0.25], [0.25, 0.25, 0.25, 0.25], [0.25, 0.25, 0.25, 0.25], [0.25, 0.25, 0.25, 0.25], [0.25, 0.25, 0.25, 0.25], [0.25, 0.25, 0.25, 0.25]]","[{""research"": 0, ""code_review"": 1, ""doc_processing"": 4, ""monitoring"": 3}, {""research"": 3, ""code_review"": 2, ""doc_processing"": 1, ""monitoring"": 2}, {""research"": 3, ""code_review"": 0, ""doc_processing"": 0, ""monitoring"": 5}, {""research"": 0, ""code_review"": 2, ""doc_processing"": 2, ""monitoring"": 4}, {""research"": 3, ""code_review"": 2, ""doc_processing"": 3, ""monitoring"": 0}, {""research"": 3, ""code_review"": 1, ""doc_processing"": 3, ""monitoring"": 1}]","[3, 4, 2, 3, 3, 4]",0.3333333333333333,3.1666666666666665,0.7615223646918636,0.4166666666666667,0.05427959099887474,0.035367715614632075,"{""COMPUTE"": 894, ""MEMORY"": 755, ""API_CREDITS"": 397, ""DATASET"": 216}","{""COMPUTE"": 471, ""MEMORY"": 397, ""API_CREDITS"": 209, ""DATASET"": 114}","{""COMPUTE"": 1.8980891719745223, ""MEMORY"": 1.9017632241813602, ""API_CREDITS"": 1.8995215311004785, ""DATASET"": 1.894736842105263}",4,[],"{""COMPUTE"": 0.012738853503184714, ""MEMORY"": 0.015113350125944584, ""API_CREDITS"": 0.028708133971291867, ""DATASET"": 0.05263157894736842}",exact_pending_queue,0,
workload,iid_uniform__high,iid_uniform,iid_uniform,,unit,high,1.9,1217898226,b1027603f15915a9,1b4ebc37402b2b36,"[[0.25, 0.25, 0.25, 0.25], [0.25, 0.25, 0.25, 0.25], [0.25, 0.25, 0.25, 0.25], [0.25, 0.25, 0.25, 0.25], [0.25, 0.25, 0.25, 0.25], [0.25, 0.25, 0.25, 0.25]]","[{""research"": 4, ""code_review"": 1, ""doc_processing"": 1, ""monitoring"": 2}, {""research"": 2, ""code_review"": 2, ""doc_processing"": 2, ""monitoring"": 2}, {""research"": 3, ""code_review"": 3, ""doc_processing"": 1, ""monitoring"": 1}, {""research"": 1, ""code_review"": 2, ""doc_processing"": 2, ""monitoring"": 3}, {""research"": 3, ""code_review"": 3, ""doc_processing"": 0, ""monitoring"": 2}, {""research"": 2, ""code_review"": 2, ""doc_processing"": 2, ""monitoring"": 2}]","[4, 4, 4, 4, 3, 4]",0.8333333333333334,3.8333333333333335,0.919016275928986,0.23333333333333334,0.015906753280475708,0.010550171425972222,"{""COMPUTE"": 912, ""MEMORY"": 775, ""API_CREDITS"": 425, ""DATASET"": 216}","{""COMPUTE"": 480, ""MEMORY"": 408, ""API_CREDITS"": 224, ""DATASET"": 114}","{""COMPUTE"": 1.9, ""MEMORY"": 1.8995098039215685, ""API_CREDITS"": 1.8973214285714286, ""DATASET"": 1.894736842105263}",4,[],"{""COMPUTE"": 0.0125, ""MEMORY"": 0.014705882352941176, ""API_CREDITS"": 0.026785714285714284, ""DATASET"": 0.05263157894736842}",exact_pending_queue,0,
workload,iid_uniform__high,iid_uniform,iid_uniform,,unit,high,1.9,1595745102,be465bac15b0db77,2b8a9edcb18f3c96,"[[0.25, 0.25, 0.25, 0.25], [0.25, 0.25, 0.25, 0.25], [0.25, 0.25, 0.25, 0.25], [0.25, 0.25, 0.25, 0.25], [0.25, 0.25, 0.25, 0.25], [0.25, 0.25, 0.25, 0.25]]","[{""research"": 2, ""code_review"": 2, ""doc_processing"": 3, ""monitoring"": 1}, {""research"": 1, ""code_review"": 2, ""doc_processing"": 1, ""monitoring"": 4}, {""research"": 3, ""code_review"": 2, ""doc_processing"": 1, ""monitoring"": 2}, {""research"": 0, ""code_review"": 2, ""doc_processing"": 3, ""monitoring"": 3}, {""research"": 3, ""code_review"": 1, ""doc_processing"": 2, ""monitoring"": 2}, {""research"": 1, ""code_review"": 3, ""doc_processing"": 2, ""monitoring"": 2}]","[4, 4, 4, 3, 4, 4]",0.8333333333333334,3.8333333333333335,0.9111528644481165,0.275,0.03401497027305807,0.020848665377961415,"{""COMPUTE"": 836, ""MEMORY"": 704, ""API_CREDITS"": 376, ""DATASET"": 192}","{""COMPUTE"": 440, ""MEMORY"": 371, ""API_CREDITS"": 198, ""DATASET"": 101}","{""COMPUTE"": 1.9, ""MEMORY"": 1.8975741239892183, ""API_CREDITS"": 1.898989898989899, ""DATASET"": 1.900990099009901}",4,[],"{""COMPUTE"": 0.013636363636363636, ""MEMORY"": 0.016172506738544475, ""API_CREDITS"": 0.030303030303030304, ""DATASET"": 0.0594059405940594}",exact_pending_queue,0,
workload,iid_uniform__high,iid_uniform,iid_uniform,,unit,high,1.9,2413048586,65889a103bcbd17c,4d8033a67933a70f,"[[0.25, 0.25, 0.25, 0.25], [0.25, 0.25, 0.25, 0.25], [0.25, 0.25, 0.25, 0.25], [0.25, 0.25, 0.25, 0.25], [0.25, 0.25, 0.25, 0.25], [0.25, 0.25, 0.25, 0.25]]","[{""research"": 1, ""code_review"": 1, ""doc_processing"": 2, ""monitoring"": 4}, {""research"": 1, ""code_review"": 4, ""doc_processing"": 1, ""monitoring"": 2}, {""research"": 2, ""code_review"": 2, ""doc_processing"": 2, ""monitoring"": 2}, {""research"": 2, ""code_review"": 2, ""doc_processing"": 2, ""monitoring"": 2}, {""research"": 3, ""code_review"": 1, ""doc_processing"": 2, ""monitoring"": 2}, {""research"": 1, ""code_review"": 2, ""doc_processing"": 2, ""monitoring"": 3}]","[4, 4, 4, 4, 4, 4]",1.0,4.0,0.9426065103715944,0.20833333333333334,0.020305305398382358,0.013910021886978772,"{""COMPUTE"": 822, ""MEMORY"": 697, ""API_CREDITS"": 367, ""DATASET"": 200}","{""COMPUTE"": 433, ""MEMORY"": 367, ""API_CREDITS"": 193, ""DATASET"": 105}","{""COMPUTE"": 1.8983833718244805, ""MEMORY"": 1.8991825613079019, ""API_CREDITS"": 1.9015544041450778, ""DATASET"": 1.9047619047619047}",4,[],"{""COMPUTE"": 0.013856812933025405, ""MEMORY"": 0.01634877384196185, ""API_CREDITS"": 0.031088082901554404, ""DATASET"": 0.05714285714285714}",exact_pending_queue,0,
workload,iid_uniform__high,iid_uniform,iid_uniform,,unit,high,1.9,453209340,9b6d34c26bd299f1,dab558e5c5650a8f,"[[0.25, 0.25, 0.25, 0.25], [0.25, 0.25, 0.25, 0.25], [0.25, 0.25, 0.25, 0.25], [0.25, 0.25, 0.25, 0.25], [0.25, 0.25, 0.25, 0.25], [0.25, 0.25, 0.25, 0.25]]","[{""research"": 3, ""code_review"": 1, ""doc_processing"": 4, ""monitoring"": 0}, {""research"": 2, ""code_review"": 2, ""doc_processing"": 3, ""monitoring"": 1}, {""research"": 1, ""code_review"": 3, ""doc_processing"": 1, ""monitoring"": 3}, {""research"": 0, ""code_review"": 1, ""doc_processing"": 5, ""monitoring"": 2}, {""research"": 2, ""code_review"": 2, ""doc_processing"": 0, ""monitoring"": 4}, {""research"": 3, ""code_review"": 0, ""doc_processing"": 2, ""monitoring"": 3}]","[3, 4, 4, 3, 3, 3]",0.3333333333333333,3.3333333333333335,0.7902191095060664,0.425,0.051151919124570934,0.03559414651677955,"{""COMPUTE"": 898, ""MEMORY"": 748, ""API_CREDITS"": 404, ""DATASET"": 192}","{""COMPUTE"": 473, ""MEMORY"": 394, ""API_CREDITS"": 213, ""DATASET"": 101}","{""COMPUTE"": 1.8985200845665962, ""MEMORY"": 1.898477157360406, ""API_CREDITS"": 1.8967136150234742, ""DATASET"": 1.900990099009901}",4,[],"{""COMPUTE"": 0.012684989429175475, ""MEMORY"": 0.015228426395939087, ""API_CREDITS"": 0.028169014084507043, ""DATASET"": 0.0594059405940594}",exact_pending_queue,0,
workload,iid_uniform__high,iid_uniform,iid_uniform,,unit,high,1.9,2920410359,26a48977ae9220fe,e0b6dd16b1f20ecf,"[[0.25, 0.25, 0.25, 0.25], [0.25, 0.25, 0.25, 0.25], [0.25, 0.25, 0.25, 0.25], [0.25, 0.25, 0.25, 0.25], [0.25, 0.25, 0.25, 0.25], [0.25, 0.25, 0.25, 0.25]]","[{""research"": 2, ""code_review"": 2, ""doc_processing"": 1, ""monitoring"": 3}, {""research"": 1, ""code_review"": 2, ""doc_processing"": 2, ""monitoring"": 3}, {""research"": 2, ""code_review"": 2, ""doc_processing"": 2, ""monitoring"": 2}, {""research"": 4, ""code_review"": 2, ""doc_processing"": 2, ""monitoring"": 0}, {""research"": 3, ""code_review"": 2, ""doc_processing"": 3, ""monitoring"": 0}, {""research"": 2, ""code_review"": 3, ""doc_processing"": 1, ""monitoring"": 2}]","[4, 4, 4, 3, 3, 4]",0.6666666666666666,3.6666666666666665,0.8981829425956526,0.25,0.031130276562745394,0.019521058857748737,"{""COMPUTE"": 928, ""MEMORY"": 776, ""API_CREDITS"": 436, ""DATASET"": 192}","{""COMPUTE"": 488, ""MEMORY"": 408, ""API_CREDITS"": 229, ""DATASET"": 101}","{""COMPUTE"": 1.901639344262295, ""MEMORY"": 1.9019607843137254, ""API_CREDITS"": 1.9039301310043668, ""DATASET"": 1.900990099009901}",4,[],"{""COMPUTE"": 0.012295081967213115, ""MEMORY"": 0.014705882352941176, ""API_CREDITS"": 0.026200873362445413, ""DATASET"": 0.0594059405940594}",exact_pending_queue,0,
workload,iid_uniform__high,iid_uniform,iid_uniform,,unit,high,1.9,4282649469,f7e21f235ea30f8e,d91ba3ea2e6e30a0,"[[0.25, 0.25, 0.25, 0.25], [0.25, 0.25, 0.25, 0.25], [0.25, 0.25, 0.25, 0.25], [0.25, 0.25, 0.25, 0.25], [0.25, 0.25, 0.25, 0.25], [0.25, 0.25, 0.25, 0.25]]","[{""research"": 2, ""code_review"": 2, ""doc_processing"": 3, ""monitoring"": 1}, {""research"": 2, ""code_review"": 2, ""doc_processing"": 1, ""monitoring"": 3}, {""research"": 2, ""code_review"": 2, ""doc_processing"": 1, ""monitoring"": 3}, {""research"": 4, ""code_review"": 2, ""doc_processing"": 1, ""monitoring"": 1}, {""research"": 4, ""code_review"": 1, ""doc_processing"": 2, ""monitoring"": 1}, {""research"": 2, ""code_review"": 2, ""doc_processing"": 1, ""monitoring"": 3}]","[4, 4, 4, 4, 4, 4]",1.0,4.0,0.9268796874098554,0.21666666666666667,0.02822224264519979,0.020842478299081046,"{""COMPUTE"": 948, ""MEMORY"": 804, ""API_CREDITS"": 440, ""DATASET"": 224}","{""COMPUTE"": 499, ""MEMORY"": 423, ""API_CREDITS"": 232, ""DATASET"": 118}","{""COMPUTE"": 1.8997995991983967, ""MEMORY"": 1.900709219858156, ""API_CREDITS"": 1.896551724137931, ""DATASET"": 1.8983050847457628}",4,[],"{""COMPUTE"": 0.012024048096192385, ""MEMORY"": 0.014184397163120567, ""API_CREDITS"": 0.02586206896551724, ""DATASET"": 0.05084745762711865}",exact_pending_queue,0,
workload,iid_uniform__high,iid_uniform,iid_uniform,,unit,high,1.9,2089981338,00c79f24d4770271,c60abf1962e00e30,"[[0.25, 0.25, 0.25, 0.25], [0.25, 0.25, 0.25, 0.25], [0.25, 0.25, 0.25, 0.25], [0.25, 0.25, 0.25, 0.25], [0.25, 0.25, 0.25, 0.25], [0.25, 0.25, 0.25, 0.25]]","[{""research"": 1, ""code_review"": 3, ""doc_processing"": 0, ""monitoring"": 4}, {""research"": 4, ""code_review"": 0, ""doc_processing"": 0, ""monitoring"": 4}, {""research"": 4, ""code_review"": 4, ""doc_processing"": 0, ""monitoring"": 0}, {""research"": 2, ""code_review"": 2, ""doc_processing"": 2, ""monitoring"": 2}, {""research"": 2, ""code_review"": 2, ""doc_processing"": 2, ""monitoring"": 2}, {""research"": 2, ""code_review"": 2, ""doc_processing"": 2, ""monitoring"": 2}]","[3, 2, 2, 4, 4, 4]",0.5,3.1666666666666665,0.7838032551857972,0.36666666666666664,0.040814554715233826,0.02944375999872605,"{""COMPUTE"": 884, ""MEMORY"": 761, ""API_CREDITS"": 407, ""DATASET"": 232}","{""COMPUTE"": 465, ""MEMORY"": 401, ""API_CREDITS"": 214, ""DATASET"": 122}","{""COMPUTE"": 1.9010752688172043, ""MEMORY"": 1.8977556109725686, ""API_CREDITS"": 1.9018691588785046, ""DATASET"": 1.901639344262295}",4,[],"{""COMPUTE"": 0.012903225806451613, ""MEMORY"": 0.014962593516209476, ""API_CREDITS"": 0.028037383177570093, ""DATASET"": 0.04918032786885246}",exact_pending_queue,0,
workload,iid_uniform__high,iid_uniform,iid_uniform,,unit,high,1.9,1751949247,0e136bbda9a2ce07,594cb7ceeb63fe1b,"[[0.25, 0.25, 0.25, 0.25], [0.25, 0.25, 0.25, 0.25], [0.25, 0.25, 0.25, 0.25], [0.25, 0.25, 0.25, 0.25], [0.25, 0.25, 0.25, 0.25], [0.25, 0.25, 0.25, 0.25]]","[{""research"": 2, ""code_review"": 1, ""doc_processing"": 3, ""monitoring"": 2}, {""research"": 3, ""code_review"": 1, ""doc_processing"": 0, ""monitoring"": 4}, {""research"": 2, ""code_review"": 2, ""doc_processing"": 2, ""monitoring"": 2}, {""research"": 0, ""code_review"": 2, ""doc_processing"": 5, ""monitoring"": 1}, {""research"": 2, ""code_review"": 1, ""doc_processing"": 1, ""monitoring"": 4}, {""research"": 3, ""code_review"": 4, ""doc_processing"": 1, ""monitoring"": 0}]","[4, 3, 4, 3, 4, 3]",0.5,3.5,0.8138093439486749,0.4083333333333333,0.05710378230568657,0.03504914925422233,"{""COMPUTE"": 886, ""MEMORY"": 745, ""API_CREDITS"": 403, ""DATASET"": 200}","{""COMPUTE"": 466, ""MEMORY"": 392, ""API_CREDITS"": 212, ""DATASET"": 105}","{""COMPUTE"": 1.9012875536480687, ""MEMORY"": 1.9005102040816326, ""API_CREDITS"": 1.900943396226415, ""DATASET"": 1.9047619047619047}",4,[],"{""COMPUTE"": 0.012875536480686695, ""MEMORY"": 0.015306122448979591, ""API_CREDITS"": 0.02830188679245283, ""DATASET"": 0.05714285714285714}",exact_pending_queue,0,
workload,iid_uniform__high,iid_uniform,iid_uniform,,unit,high,1.9,4210982914,0f35084df2eb9d7c,e5096c279d1a982b,"[[0.25, 0.25, 0.25, 0.25], [0.25, 0.25, 0.25, 0.25], [0.25, 0.25, 0.25, 0.25], [0.25, 0.25, 0.25, 0.25], [0.25, 0.25, 0.25, 0.25], [0.25, 0.25, 0.25, 0.25]]","[{""research"": 2, ""code_review"": 3, ""doc_processing"": 1, ""monitoring"": 2}, {""research"": 1, ""code_review"": 2, ""doc_processing"": 2, ""monitoring"": 3}, {""research"": 3, ""code_review"": 2, ""doc_processing"": 3, ""monitoring"": 0}, {""research"": 0, ""code_review"": 1, ""doc_processing"": 3, ""monitoring"": 4}, {""research"": 2, ""code_review"": 2, ""doc_processing"": 3, ""monitoring"": 1}, {""research"": 2, ""code_review"": 1, ""doc_processing"": 3, ""monitoring"": 2}]","[4, 4, 3, 3, 4, 4]",0.6666666666666666,3.6666666666666665,0.8824561196339138,0.2916666666666667,0.03481482401010934,0.022192947382029208,"{""COMPUTE"": 876, ""MEMORY"": 726, ""API_CREDITS"": 398, ""DATASET"": 176}","{""COMPUTE"": 461, ""MEMORY"": 382, ""API_CREDITS"": 209, ""DATASET"": 93}","{""COMPUTE"": 1.9002169197396963, ""MEMORY"": 1.9005235602094241, ""API_CREDITS"": 1.9043062200956937, ""DATASET"": 1.89247311827957}",4,[],"{""COMPUTE"": 0.013015184381778741, ""MEMORY"": 0.015706806282722512, ""API_CREDITS"": 0.028708133971291867, ""DATASET"": 0.06451612903225806}",exact_pending_queue,0,
workload,iid_uniform__high,iid_uniform,iid_uniform,,unit,high,1.9,3922112564,8dc9762c036a7714,d6cf148864955131,"[[0.25, 0.25, 0.25, 0.25], [0.25, 0.25, 0.25, 0.25], [0.25, 0.25, 0.25, 0.25], [0.25, 0.25, 0.25, 0.25], [0.25, 0.25, 0.25, 0.25], [0.25, 0.25, 0.25, 0.25]]","[{""research"": 3, ""code_review"": 1, ""doc_processing"": 1, ""monitoring"": 3}, {""research"": 1, ""code_review"": 1, ""doc_processing"": 3, ""monitoring"": 3}, {""research"": 2, ""code_review"": 3, ""doc_processing"": 1, ""monitoring"": 2}, {""research"": 3, ""code_review"": 2, ""doc_processing"": 1, ""monitoring"": 2}, {""research"": 1, ""code_review"": 3, ""doc_processing"": 2, ""monitoring"": 2}, {""research"": 1, ""code_review"": 2, ""doc_processing"": 2, ""monitoring"": 3}]","[4, 4, 4, 4, 4, 4]",1.0,4.0,0.9370927081530444,0.23333333333333334,0.01805270824332815,0.011639870209431219,"{""COMPUTE"": 834, ""MEMORY"": 710, ""API_CREDITS"": 374, ""DATASET"": 208}","{""COMPUTE"": 439, ""MEMORY"": 374, ""API_CREDITS"": 197, ""DATASET"": 109}","{""COMPUTE"": 1.8997722095671983, ""MEMORY"": 1.8983957219251337, ""API_CREDITS"": 1.898477157360406, ""DATASET"": 1.908256880733945}",4,[],"{""COMPUTE"": 0.01366742596810934, ""MEMORY"": 0.016042780748663103, ""API_CREDITS"": 0.030456852791878174, ""DATASET"": 0.05504587155963303}",exact_pending_queue,0,
workload,iid_uniform__high,iid_uniform,iid_uniform,,unit,high,1.9,183163032,4d79fa3005d281ee,c5149dfada6c4ddd,"[[0.25, 0.25, 0.25, 0.25], [0.25, 0.25, 0.25, 0.25], [0.25, 0.25, 0.25, 0.25], [0.25, 0.25, 0.25, 0.25], [0.25, 0.25, 0.25, 0.25], [0.25, 0.25, 0.25, 0.25]]","[{""research"": 1, ""code_review"": 3, ""doc_processing"": 0, ""monitoring"": 4}, {""research"": 1, ""code_review"": 3, ""doc_processing"": 0, ""monitoring"": 4}, {""research"": 0, ""code_review"": 2, ""doc_processing"": 2, ""monitoring"": 4}, {""research"": 2, ""code_review"": 2, ""doc_processing"": 4, ""monitoring"": 0}, {""research"": 1, ""code_review"": 2, ""doc_processing"": 1, ""monitoring"": 4}, {""research"": 2, ""code_review"": 1, ""doc_processing"": 1, ""monitoring"": 4}]","[3, 3, 3, 3, 4, 4]",0.3333333333333333,3.3333333333333335,0.7759398437049277,0.3,0.045672972487488604,0.031198978863629396,"{""COMPUTE"": 704, ""MEMORY"": 615, ""API_CREDITS"": 297, ""DATASET"": 216}","{""COMPUTE"": 371, ""MEMORY"": 324, ""API_CREDITS"": 156, ""DATASET"": 114}","{""COMPUTE"": 1.8975741239892183, ""MEMORY"": 1.8981481481481481, ""API_CREDITS"": 1.9038461538461537, ""DATASET"": 1.894736842105263}",4,[],"{""COMPUTE"": 0.016172506738544475, ""MEMORY"": 0.018518518518518517, ""API_CREDITS"": 0.038461538461538464, ""DATASET"": 0.05263157894736842}",exact_pending_queue,0,
workload,iid_uniform__high,iid_uniform,iid_uniform,,unit,high,1.9,4222305526,fa86cd0f601b56ae,3ab2d1555856dd04,"[[0.25, 0.25, 0.25, 0.25], [0.25, 0.25, 0.25, 0.25], [0.25, 0.25, 0.25, 0.25], [0.25, 0.25, 0.25, 0.25], [0.25, 0.25, 0.25, 0.25], [0.25, 0.25, 0.25, 0.25]]","[{""research"": 2, ""code_review"": 2, ""doc_processing"": 1, ""monitoring"": 3}, {""research"": 2, ""code_review"": 3, ""doc_processing"": 1, ""monitoring"": 2}, {""research"": 1, ""code_review"": 3, ""doc_processing"": 2, ""monitoring"": 2}, {""research"": 1, ""code_review"": 1, ""doc_processing"": 1, ""monitoring"": 5}, {""research"": 1, ""code_review"": 2, ""doc_processing"": 3, ""monitoring"": 2}, {""research"": 1, ""code_review"": 2, ""doc_processing"": 2, ""monitoring"": 3}]","[4, 4, 4, 4, 4, 4]",1.0,4.0,0.9230825209869359,0.225,0.04098498547106773,0.02514560170838231,"{""COMPUTE"": 758, ""MEMORY"": 649, ""API_CREDITS"": 331, ""DATASET"": 200}","{""COMPUTE"": 399, ""MEMORY"": 342, ""API_CREDITS"": 174, ""DATASET"": 105}","{""COMPUTE"": 1.899749373433584, ""MEMORY"": 1.8976608187134503, ""API_CREDITS"": 1.9022988505747127, ""DATASET"": 1.9047619047619047}",4,[],"{""COMPUTE"": 0.015037593984962405, ""MEMORY"": 0.017543859649122806, ""API_CREDITS"": 0.034482758620689655, ""DATASET"": 0.05714285714285714}",exact_pending_queue,0,
workload,iid_uniform__high,iid_uniform,iid_uniform,,unit,high,1.9,3706283824,1fa53430cc630c33,eb0784da5475ce0b,"[[0.25, 0.25, 0.25, 0.25], [0.25, 0.25, 0.25, 0.25], [0.25, 0.25, 0.25, 0.25], [0.25, 0.25, 0.25, 0.25], [0.25, 0.25, 0.25, 0.25], [0.25, 0.25, 0.25, 0.25]]","[{""research"": 2, ""code_review"": 4, ""doc_processing"": 1, ""monitoring"": 1}, {""research"": 3, ""code_review"": 3, ""doc_processing"": 0, ""monitoring"": 2}, {""research"": 1, ""code_review"": 1, ""doc_processing"": 3, ""monitoring"": 3}, {""research"": 2, ""code_review"": 2, ""doc_processing"": 3, ""monitoring"": 1}, {""research"": 1, ""code_review"": 3, ""doc_processing"": 4, ""monitoring"": 0}, {""research"": 0, ""code_review"": 3, ""doc_processing"": 3, ""monitoring"": 2}]","[4, 3, 4, 4, 3, 3]",0.5,3.5,0.8329260414863776,0.3416666666666667,0.03829726752556087,0.023618556683684885,"{""COMPUTE"": 846, ""MEMORY"": 694, ""API_CREDITS"": 398, ""DATASET"": 144}","{""COMPUTE"": 445, ""MEMORY"": 365, ""API_CREDITS"": 209, ""DATASET"": 76}","{""COMPUTE"": 1.901123595505618, ""MEMORY"": 1.9013698630136986, ""API_CREDITS"": 1.9043062200956937, ""DATASET"": 1.894736842105263}",4,[],"{""COMPUTE"": 0.01348314606741573, ""MEMORY"": 0.01643835616438356, ""API_CREDITS"": 0.028708133971291867, ""DATASET"": 0.07894736842105263}",exact_pending_queue,0,
workload,iid_uniform__high,iid_uniform,iid_uniform,,unit,high,1.9,927763105,5b2d931777605753,0f4acc66930d128c,"[[0.25, 0.25, 0.25, 0.25], [0.25, 0.25, 0.25, 0.25], [0.25, 0.25, 0.25, 0.25], [0.25, 0.25, 0.25, 0.25], [0.25, 0.25, 0.25, 0.25], [0.25, 0.25, 0.25, 0.25]]","[{""research"": 3, ""code_review"": 1, ""doc_processing"": 3, ""monitoring"": 1}, {""research"": 2, ""code_review"": 3, ""doc_processing"": 1, ""monitoring"": 2}, {""research"": 1, ""code_review"": 1, ""doc_processing"": 4, ""monitoring"": 2}, {""research"": 2, ""code_review"": 1, ""doc_processing"": 2, ""monitoring"": 3}, {""research"": 2, ""code_review"": 1, ""doc_processing"": 3, ""monitoring"": 2}, {""research"": 3, ""code_review"": 0, ""doc_processing"": 1, ""monitoring"": 4}]","[4, 4, 4, 4, 4, 3]",0.8333333333333334,3.8333333333333335,0.8903195311147831,0.2833333333333333,0.0321508006463316,0.020826627438784353,"{""COMPUTE"": 932, ""MEMORY"": 783, ""API_CREDITS"": 417, ""DATASET"": 216}","{""COMPUTE"": 491, ""MEMORY"": 412, ""API_CREDITS"": 219, ""DATASET"": 114}","{""COMPUTE"": 1.8981670061099796, ""MEMORY"": 1.9004854368932038, ""API_CREDITS"": 1.904109589041096, ""DATASET"": 1.894736842105263}",4,[],"{""COMPUTE"": 0.012219959266802444, ""MEMORY"": 0.014563106796116505, ""API_CREDITS"": 0.0273972602739726, ""DATASET"": 0.05263157894736842}",exact_pending_queue,0,
workload,iid_uniform__high,iid_uniform,iid_uniform,,unit,high,1.9,642816875,3f59994561c4c4f5,e1cb51bef957f511,"[[0.25, 0.25, 0.25, 0.25], [0.25, 0.25, 0.25, 0.25], [0.25, 0.25, 0.25, 0.25], [0.25, 0.25, 0.25, 0.25], [0.25, 0.25, 0.25, 0.25], [0.25, 0.25, 0.25, 0.25]]","[{""research"": 2, ""code_review"": 3, ""doc_processing"": 0, ""monitoring"": 3}, {""research"": 1, ""code_review"": 4, ""doc_processing"": 1, ""monitoring"": 2}, {""research"": 2, ""code_review"": 1, ""doc_processing"": 3, ""monitoring"": 2}, {""research"": 1, ""code_review"": 0, ""doc_processing"": 4, ""monitoring"": 3}, {""research"": 1, ""code_review"": 4, ""doc_processing"": 1, ""monitoring"": 2}, {""research"": 2, ""code_review"": 3, ""doc_processing"": 2, ""monitoring"": 1}]","[3, 4, 4, 3, 4, 4]",0.6666666666666666,3.6666666666666665,0.8565162759289859,0.325,0.025004944566030463,0.015428052752125157,"{""COMPUTE"": 802, ""MEMORY"": 674, ""API_CREDITS"": 366, ""DATASET"": 176}","{""COMPUTE"": 422, ""MEMORY"": 355, ""API_CREDITS"": 193, ""DATASET"": 93}","{""COMPUTE"": 1.900473933649289, ""MEMORY"": 1.8985915492957746, ""API_CREDITS"": 1.8963730569948187, ""DATASET"": 1.89247311827957}",4,[],"{""COMPUTE"": 0.014218009478672985, ""MEMORY"": 0.016901408450704224, ""API_CREDITS"": 0.031088082901554404, ""DATASET"": 0.06451612903225806}",exact_pending_queue,0,
workload,iid_uniform__high,iid_uniform,iid_uniform,,unit,high,1.9,2485047775,a3e70c5fc0b49a7e,441c626cc1570062,"[[0.25, 0.25, 0.25, 0.25], [0.25, 0.25, 0.25, 0.25], [0.25, 0.25, 0.25, 0.25], [0.25, 0.25, 0.25, 0.25], [0.25, 0.25, 0.25, 0.25], [0.25, 0.25, 0.25, 0.25]]","[{""research"": 3, ""code_review"": 1, ""doc_processing"": 2, ""monitoring"": 2}, {""research"": 1, ""code_review"": 2, ""doc_processing"": 3, ""monitoring"": 2}, {""research"": 3, ""code_review"": 3, ""doc_processing"": 0, ""monitoring"": 2}, {""research"": 1, ""code_review"": 1, ""doc_processing"": 3, ""monitoring"": 3}, {""research"": 5, ""code_review"": 0, ""doc_processing"": 2, ""monitoring"": 1}, {""research"": 1, ""code_review"": 2, ""doc_processing"": 3, ""monitoring"": 2}]","[4, 4, 3, 4, 3, 4]",0.6666666666666666,3.6666666666666665,0.8656890313585303,0.31666666666666665,0.018860158997266726,0.012145534840521234,"{""COMPUTE"": 948, ""MEMORY"": 794, ""API_CREDITS"": 434, ""DATASET"": 208}","{""COMPUTE"": 499, ""MEMORY"": 418, ""API_CREDITS"": 228, ""DATASET"": 109}","{""COMPUTE"": 1.8997995991983967, ""MEMORY"": 1.8995215311004785, ""API_CREDITS"": 1.9035087719298245, ""DATASET"": 1.908256880733945}",4,[],"{""COMPUTE"": 0.012024048096192385, ""MEMORY"": 0.014354066985645933, ""API_CREDITS"": 0.02631578947368421, ""DATASET"": 0.05504587155963303}",exact_pending_queue,0,
workload,iid_uniform__high,iid_uniform,iid_uniform,,unit,high,1.9,1464621060,284a0e5b333e723f,91916853af674696,"[[0.25, 0.25, 0.25, 0.25], [0.25, 0.25, 0.25, 0.25], [0.25, 0.25, 0.25, 0.25], [0.25, 0.25, 0.25, 0.25], [0.25, 0.25, 0.25, 0.25], [0.25, 0.25, 0.25, 0.25]]","[{""research"": 3, ""code_review"": 2, ""doc_processing"": 3, ""monitoring"": 0}, {""research"": 1, ""code_review"": 2, ""doc_processing"": 3, ""monitoring"": 2}, {""research"": 2, ""code_review"": 1, ""doc_processing"": 2, ""monitoring"": 3}, {""research"": 1, ""code_review"": 3, ""doc_processing"": 3, ""monitoring"": 1}, {""research"": 4, ""code_review"": 2, ""doc_processing"": 1, ""monitoring"": 1}, {""research"": 4, ""code_review"": 1, ""doc_processing"": 2, ""monitoring"": 1}]","[3, 4, 4, 4, 4, 4]",0.8333333333333334,3.8333333333333335,0.8903195311147831,0.2916666666666667,0.028695054831259323,0.018423049081794297,"{""COMPUTE"": 992, ""MEMORY"": 819, ""API_CREDITS"": 469, ""DATASET"": 184}","{""COMPUTE"": 522, ""MEMORY"": 431, ""API_CREDITS"": 247, ""DATASET"": 97}","{""COMPUTE"": 1.9003831417624522, ""MEMORY"": 1.900232018561485, ""API_CREDITS"": 1.8987854251012146, ""DATASET"": 1.8969072164948453}",4,[],"{""COMPUTE"": 0.011494252873563218, ""MEMORY"": 0.013921113689095127, ""API_CREDITS"": 0.024291497975708502, ""DATASET"": 0.061855670103092786}",exact_pending_queue,0,
workload,iid_uniform__high,iid_uniform,iid_uniform,,unit,high,1.9,1594198431,f18d092f209dea89,8e83b98f374e112b,"[[0.25, 0.25, 0.25, 0.25], [0.25, 0.25, 0.25, 0.25], [0.25, 0.25, 0.25, 0.25], [0.25, 0.25, 0.25, 0.25], [0.25, 0.25, 0.25, 0.25], [0.25, 0.25, 0.25, 0.25]]","[{""research"": 2, ""code_review"": 1, ""doc_processing"": 5, ""monitoring"": 0}, {""research"": 4, ""code_review"": 1, ""doc_processing"": 2, ""monitoring"": 1}, {""research"": 1, ""code_review"": 4, ""doc_processing"": 2, ""monitoring"": 1}, {""research"": 3, ""code_review"": 3, ""doc_processing"": 1, ""monitoring"": 1}, {""research"": 0, ""code_review"": 3, ""doc_processing"": 1, ""monitoring"": 4}, {""research"": 1, ""code_review"": 4, ""doc_processing"": 3, ""monitoring"": 0}]","[3, 4, 4, 4, 3, 3]",0.5,3.5,0.7851125991344721,0.4166666666666667,0.05275595237367721,0.033282513015397204,"{""COMPUTE"": 898, ""MEMORY"": 734, ""API_CREDITS"": 430, ""DATASET"": 144}","{""COMPUTE"": 473, ""MEMORY"": 386, ""API_CREDITS"": 226, ""DATASET"": 76}","{""COMPUTE"": 1.8985200845665962, ""MEMORY"": 1.9015544041450778, ""API_CREDITS"": 1.9026548672566372, ""DATASET"": 1.894736842105263}",4,[],"{""COMPUTE"": 0.012684989429175475, ""MEMORY"": 0.015544041450777202, ""API_CREDITS"": 0.02654867256637168, ""DATASET"": 0.07894736842105263}",exact_pending_queue,0,
workload,iid_uniform__high,iid_uniform,iid_uniform,,unit,high,1.9,2964826275,afe14518d76076b8,25f7d14fb46e6847,"[[0.25, 0.25, 0.25, 0.25], [0.25, 0.25, 0.25, 0.25], [0.25, 0.25, 0.25, 0.25], [0.25, 0.25, 0.25, 0.25], [0.25, 0.25, 0.25, 0.25], [0.25, 0.25, 0.25, 0.25]]","[{""research"": 1, ""code_review"": 2, ""doc_processing"": 2, ""monitoring"": 3}, {""research"": 1, ""code_review"": 2, ""doc_processing"": 2, ""monitoring"": 3}, {""research"": 0, ""code_review"": 2, ""doc_processing"": 2, ""monitoring"": 4}, {""research"": 2, ""code_review"": 0, ""doc_processing"": 3, ""monitoring"": 3}, {""research"": 1, ""code_review"": 2, ""doc_processing"": 3, ""monitoring"": 2}, {""research"": 1, ""code_review"": 0, ""doc_processing"": 5, ""monitoring"": 2}]","[4, 4, 3, 3, 4, 3]",0.5,3.5,0.8397491876536026,0.24166666666666667,0.030301037099229166,0.01929861765901713,"{""COMPUTE"": 794, ""MEMORY"": 663, ""API_CREDITS"": 337, ""DATASET"": 184}","{""COMPUTE"": 418, ""MEMORY"": 349, ""API_CREDITS"": 177, ""DATASET"": 97}","{""COMPUTE"": 1.8995215311004785, ""MEMORY"": 1.8997134670487106, ""API_CREDITS"": 1.9039548022598871, ""DATASET"": 1.8969072164948453}",4,[],"{""COMPUTE"": 0.014354066985645933, ""MEMORY"": 0.017191977077363897, ""API_CREDITS"": 0.03389830508474576, ""DATASET"": 0.061855670103092786}",exact_pending_queue,0,
workload,iid_uniform__high,iid_uniform,iid_uniform,,unit,high,1.9,3703943727,a96c322dfefd7c16,02952d4d09da74c8,"[[0.25, 0.25, 0.25, 0.25], [0.25, 0.25, 0.25, 0.25], [0.25, 0.25, 0.25, 0.25], [0.25, 0.25, 0.25, 0.25], [0.25, 0.25, 0.25, 0.25], [0.25, 0.25, 0.25, 0.25]]","[{""research"": 5, ""code_review"": 1, ""doc_processing"": 1, ""monitoring"": 1}, {""research"": 1, ""code_review"": 3, ""doc_processing"": 1, ""monitoring"": 3}, {""research"": 1, ""code_review"": 2, ""doc_processing"": 2, ""monitoring"": 3}, {""research"": 1, ""code_review"": 3, ""doc_processing"": 2, ""monitoring"": 2}, {""research"": 1, ""code_review"": 2, ""doc_processing"": 3, ""monitoring"": 2}, {""research"": 0, ""code_review"": 2, ""doc_processing"": 5, ""monitoring"": 1}]","[4, 4, 4, 4, 4, 3]",0.8333333333333334,3.8333333333333335,0.8646487660448857,0.3333333333333333,0.037869469524580715,0.02322327109613272,"{""COMPUTE"": 840, ""MEMORY"": 697, ""API_CREDITS"": 383, ""DATASET"": 168}","{""COMPUTE"": 442, ""MEMORY"": 367, ""API_CREDITS"": 202, ""DATASET"": 88}","{""COMPUTE"": 1.9004524886877827, ""MEMORY"": 1.8991825613079019, ""API_CREDITS"": 1.896039603960396, ""DATASET"": 1.9090909090909092}",4,[],"{""COMPUTE"": 0.013574660633484163, ""MEMORY"": 0.01634877384196185, ""API_CREDITS"": 0.0297029702970297, ""DATASET"": 0.06818181818181818}",exact_pending_queue,0,
workload,iid_uniform__high,iid_uniform,iid_uniform,,unit,high,1.9,1321997983,982c8f0162901a6c,830271874d3e7f3d,"[[0.25, 0.25, 0.25, 0.25], [0.25, 0.25, 0.25, 0.25], [0.25, 0.25, 0.25, 0.25], [0.25, 0.25, 0.25, 0.25], [0.25, 0.25, 0.25, 0.25], [0.25, 0.25, 0.25, 0.25]]","[{""research"": 1, ""code_review"": 2, ""doc_processing"": 1, ""monitoring"": 4}, {""research"": 2, ""code_review"": 1, ""doc_processing"": 4, ""monitoring"": 1}, {""research"": 1, ""code_review"": 0, ""doc_processing"": 3, ""monitoring"": 4}, {""research"": 3, ""code_review"": 2, ""doc_processing"": 1, ""monitoring"": 2}, {""research"": 3, ""code_review"": 0, ""doc_processing"": 2, ""monitoring"": 3}, {""research"": 4, ""code_review"": 3, ""doc_processing"": 0, ""monitoring"": 1}]","[4, 4, 3, 4, 3, 3]",0.5,3.5,0.8148496092623193,0.4,0.03787342834251893,0.02398320888749304,"{""COMPUTE"": 918, ""MEMORY"": 781, ""API_CREDITS"": 411, ""DATASET"": 232}","{""COMPUTE"": 483, ""MEMORY"": 411, ""API_CREDITS"": 216, ""DATASET"": 122}","{""COMPUTE"": 1.9006211180124224, ""MEMORY"": 1.900243309002433, ""API_CREDITS"": 1.9027777777777777, ""DATASET"": 1.901639344262295}",4,[],"{""COMPUTE"": 0.012422360248447204, ""MEMORY"": 0.014598540145985401, ""API_CREDITS"": 0.027777777777777776, ""DATASET"": 0.04918032786885246}",exact_pending_queue,0,
workload,iid_uniform__high,iid_uniform,iid_uniform,,unit,high,1.9,2789760346,4be0e83130a19138,f87999a81fcc2ea7,"[[0.25, 0.25, 0.25, 0.25], [0.25, 0.25, 0.25, 0.25], [0.25, 0.25, 0.25, 0.25], [0.25, 0.25, 0.25, 0.25], [0.25, 0.25, 0.25, 0.25], [0.25, 0.25, 0.25, 0.25]]","[{""research"": 2, ""code_review"": 2, ""doc_processing"": 1, ""monitoring"": 3}, {""research"": 2, ""code_review"": 2, ""doc_processing"": 2, ""monitoring"": 2}, {""research"": 1, ""code_review"": 0, ""doc_processing"": 6, ""monitoring"": 1}, {""research"": 3, ""code_review"": 1, ""doc_processing"": 2, ""monitoring"": 2}, {""research"": 2, ""code_review"": 3, ""doc_processing"": 1, ""monitoring"": 2}, {""research"": 1, ""code_review"": 2, ""doc_processing"": 3, ""monitoring"": 2}]","[4, 4, 3, 4, 4, 4]",0.8333333333333334,3.8333333333333335,0.8903195311147832,0.3,0.02983221598921735,0.01824354834784156,"{""COMPUTE"": 900, ""MEMORY"": 747, ""API_CREDITS"": 409, ""DATASET"": 184}","{""COMPUTE"": 474, ""MEMORY"": 393, ""API_CREDITS"": 215, ""DATASET"": 97}","{""COMPUTE"": 1.8987341772151898, ""MEMORY"": 1.900763358778626, ""API_CREDITS"": 1.9023255813953488, ""DATASET"": 1.8969072164948453}",4,[],"{""COMPUTE"": 0.012658227848101266, ""MEMORY"": 0.015267175572519083, ""API_CREDITS"": 0.027906976744186046, ""DATASET"": 0.061855670103092786}",exact_pending_queue,0,
workload,iid_uniform__high,iid_uniform,iid_uniform,,unit,high,1.9,4250606291,f3b1a1785ea57dee,e8f62bbb26573db5,"[[0.25, 0.25, 0.25, 0.25], [0.25, 0.25, 0.25, 0.25], [0.25, 0.25, 0.25, 0.25], [0.25, 0.25, 0.25, 0.25], [0.25, 0.25, 0.25, 0.25], [0.25, 0.25, 0.25, 0.25]]","[{""research"": 4, ""code_review"": 3, ""doc_processing"": 1, ""monitoring"": 0}, {""research"": 1, ""code_review"": 2, ""doc_processing"": 3, ""monitoring"": 2}, {""research"": 1, ""code_review"": 3, ""doc_processing"": 4, ""monitoring"": 0}, {""research"": 2, ""code_review"": 1, ""doc_processing"": 1, ""monitoring"": 4}, {""research"": 1, ""code_review"": 3, ""doc_processing"": 1, ""monitoring"": 3}, {""research"": 1, ""code_review"": 2, ""doc_processing"": 4, ""monitoring"": 1}]","[3, 4, 3, 4, 4, 4]",0.6666666666666666,3.6666666666666665,0.8356829425956528,0.36666666666666664,0.05465966033150023,0.034818022600721185,"{""COMPUTE"": 868, ""MEMORY"": 716, ""API_CREDITS"": 404, ""DATASET"": 160}","{""COMPUTE"": 457, ""MEMORY"": 377, ""API_CREDITS"": 213, ""DATASET"": 84}","{""COMPUTE"": 1.899343544857768, ""MEMORY"": 1.8992042440318302, ""API_CREDITS"": 1.8967136150234742, ""DATASET"": 1.9047619047619047}",4,[],"{""COMPUTE"": 0.01312910284463895, ""MEMORY"": 0.015915119363395226, ""API_CREDITS"": 0.028169014084507043, ""DATASET"": 0.07142857142857142}",exact_pending_queue,0,
workload,dirichlet_3.0__moderate,dirichlet_3.0,dirichlet,3.0,unit,moderate,1.3,2098221685,93ed2aaa7304fbe1,2c346dfc94c5eed4,"[[0.4542336071705834, 0.15216392586672745, 0.1898534486108804, 0.20374901835180873], [0.44317550374133285, 0.12510488870738495, 0.10688218642880323, 0.3248374211224788], [0.32162545526813047, 0.16527084534252542, 0.12842692675810313, 0.38467677263124084], [0.17319585745816482, 0.24139866846781294, 0.3780988209010427, 0.20730665317297964], [0.07167527920790945, 0.18891301332793425, 0.36959306516714285, 0.3698186422970134], [0.07838682170624375, 0.5518482958373288, 0.12939499335218027, 0.24036988910424728]]","[{""research"": 6, ""code_review"": 2, ""doc_processing"": 0, ""monitoring"": 0}, {""research"": 3, ""code_review"": 0, ""doc_processing"": 3, ""monitoring"": 2}, {""research"": 5, ""code_review"": 0, ""doc_processing"": 2, ""monitoring"": 1}, {""research"": 0, ""code_review"": 1, ""doc_processing"": 3, ""monitoring"": 4}, {""research"": 2, ""code_review"": 2, ""doc_processing"": 2, ""monitoring"": 2}, {""research"": 0, ""code_review"": 6, ""doc_processing"": 0, ""monitoring"": 2}]","[2, 3, 3, 3, 4, 2]",0.16666666666666666,2.8333333333333335,0.657355698025197,0.5416666666666666,0.021401736020235786,0.013914994298897594,"{""COMPUTE"": 962, ""MEMORY"": 811, ""API_CREDITS"": 449, ""DATASET"": 216}","{""COMPUTE"": 740, ""MEMORY"": 624, ""API_CREDITS"": 345, ""DATASET"": 166}","{""COMPUTE"": 1.3, ""MEMORY"": 1.2996794871794872, ""API_CREDITS"": 1.3014492753623188, ""DATASET"": 1.3012048192771084}",4,[],"{""COMPUTE"": 0.008108108108108109, ""MEMORY"": 0.009615384615384616, ""API_CREDITS"": 0.017391304347826087, ""DATASET"": 0.03614457831325301}",exact_pending_queue,0,
workload,dirichlet_3.0__moderate,dirichlet_3.0,dirichlet,3.0,unit,moderate,1.3,1138347673,bb1272e6e876157d,b8220b7c9d631d3d,"[[0.3538626401139977, 0.2235819730980595, 0.19483512402588324, 0.22772026276205956], [0.4087981754322524, 0.1318631356058503, 0.17245151841065412, 0.2868871705512433], [0.12019019320824019, 0.2350897612850554, 0.2316317330184964, 0.4130883124882081], [0.4765262753492286, 0.244857279221761, 0.090468448362452, 0.18814799706655827], [0.3472131280429873, 0.20997940448126784, 0.26050661728437946, 0.18230085019136552], [0.23422734947147136, 0.3164224902930735, 0.026547771664782973, 0.4228023885706721]]","[{""research"": 3, ""code_review"": 2, ""doc_processing"": 1, ""monitoring"": 2}, {""research"": 3, ""code_review"": 3, ""doc_processing"": 1, ""monitoring"": 1}, {""research"": 1, ""code_review"": 2, ""doc_processing"": 1, ""monitoring"": 4}, {""research"": 6, ""code_review"": 2, ""doc_processing"": 0, ""monitoring"": 0}, {""research"": 3, ""code_review"": 1, ""doc_processing"": 2, ""monitoring"": 2}, {""research"": 1, ""code_review"": 3, ""doc_processing"": 0, ""monitoring"": 4}]","[4, 4, 4, 2, 4, 3]",0.6666666666666666,3.5,0.7991227863005804,0.35833333333333334,0.03988928063446808,0.02797638856280607,"{""COMPUTE"": 922, ""MEMORY"": 794, ""API_CREDITS"": 430, ""DATASET"": 240}","{""COMPUTE"": 709, ""MEMORY"": 611, ""API_CREDITS"": 331, ""DATASET"": 185}","{""COMPUTE"": 1.3004231311706629, ""MEMORY"": 1.2995090016366613, ""API_CREDITS"": 1.299093655589124, ""DATASET"": 1.2972972972972974}",4,[],"{""COMPUTE"": 0.00846262341325811, ""MEMORY"": 0.009819967266775777, ""API_CREDITS"": 0.01812688821752266, ""DATASET"": 0.032432432432432434}",exact_pending_queue,0,
workload,dirichlet_3.0__moderate,dirichlet_3.0,dirichlet,3.0,unit,moderate,1.3,2342860720,ca6399fc6bec642a,82ef92bdad03c775,"[[0.1297459203703243, 0.1851563355366959, 0.4895058686739748, 0.19559187541900508], [0.180515480396932, 0.13535863788722835, 0.5244657618271651, 0.15966011988867457], [0.31964144060630195, 0.20388726429802073, 0.4634381314307635, 0.013033163664913618], [0.10149299629087466, 0.351553244569403, 0.481607374588164, 0.06534638455155838], [0.37922890441702445, 0.2827564802819505, 0.16585786472541217, 0.17215675057561272], [0.2993224886738872, 0.28058236362658817, 0.2773343795964798, 0.14276076810304467]]","[{""research"": 0, ""code_review"": 3, ""doc_processing"": 3, ""monitoring"": 2}, {""research"": 1, ""code_review"": 2, ""doc_processing"": 4, ""monitoring"": 1}, {""research"": 3, ""code_review"": 1, ""doc_processing"": 4, ""monitoring"": 0}, {""research"": 1, ""code_review"": 3, ""doc_processing"": 4, ""monitoring"": 0}, {""research"": 3, ""code_review"": 1, ""doc_processing"": 3, ""monitoring"": 1}, {""research"": 3, ""code_review"": 3, ""doc_processing"": 2, ""monitoring"": 0}]","[3, 4, 3, 3, 4, 3]",0.3333333333333333,3.3333333333333335,0.791259374819711,0.2833333333333333,0.022425393997464807,0.013587037128091761,"{""COMPUTE"": 976, ""MEMORY"": 779, ""API_CREDITS"": 469, ""DATASET"": 120}","{""COMPUTE"": 751, ""MEMORY"": 599, ""API_CREDITS"": 361, ""DATASET"": 92}","{""COMPUTE"": 1.2996005326231692, ""MEMORY"": 1.3005008347245408, ""API_CREDITS"": 1.299168975069252, ""DATASET"": 1.3043478260869565}",4,[],"{""COMPUTE"": 0.007989347536617843, ""MEMORY"": 0.01001669449081803, ""API_CREDITS"": 0.01662049861495845, ""DATASET"": 0.06521739130434782}",exact_pending_queue,0,
workload,dirichlet_3.0__moderate,dirichlet_3.0,dirichlet,3.0,unit,moderate,1.3,1473714878,788bfae873eebfaa,482a35e8a4de9b23,"[[0.48248552354132473, 0.04130515182294242, 0.27964023203559246, 0.19656909260014038], [0.2755458051848711, 0.2850270529930143, 0.23479530238912566, 0.20463183943298896], [0.2360150974313118, 0.4870556723330253, 0.13285176699927329, 0.14407746323638954], [0.5161658853869309, 0.09569208604687379, 0.09366592804848764, 0.2944761005177077], [0.27607168451234976, 0.3097077101409251, 0.28976060578099094, 0.12445999956573425], [0.3987277524957295, 0.27816906446749623, 0.03854882542979142, 0.2845543576069829]]","[{""research"": 2, ""code_review"": 2, ""doc_processing"": 2, ""monitoring"": 2}, {""research"": 2, ""code_review"": 2, ""doc_processing"": 3, ""monitoring"": 1}, {""research"": 2, ""code_review"": 4, ""doc_processing"": 2, ""monitoring"": 0}, {""research"": 7, ""code_review"": 0, ""doc_processing"": 0, ""monitoring"": 1}, {""research"": 1, ""code_review"": 0, ""doc_processing"": 7, ""monitoring"": 0}, {""research"": 5, ""code_review"": 2, ""doc_processing"": 0, ""monitoring"": 1}]","[4, 4, 3, 2, 2, 3]",0.3333333333333333,3.0,0.6492969074436798,0.5083333333333333,0.04013963781259059,0.02628450785296238,"{""COMPUTE"": 1094, ""MEMORY"": 900, ""API_CREDITS"": 528, ""DATASET"": 192}","{""COMPUTE"": 842, ""MEMORY"": 692, ""API_CREDITS"": 406, ""DATASET"": 148}","{""COMPUTE"": 1.299287410926366, ""MEMORY"": 1.300578034682081, ""API_CREDITS"": 1.3004926108374384, ""DATASET"": 1.2972972972972974}",4,[],"{""COMPUTE"": 0.007125890736342043, ""MEMORY"": 0.008670520231213872, ""API_CREDITS"": 0.014778325123152709, ""DATASET"": 0.04054054054054054}",exact_pending_queue,0,
workload,dirichlet_3.0__moderate,dirichlet_3.0,dirichlet,3.0,unit,moderate,1.3,2114544130,ba8ad79b58547176,8a94f5c04de4958e,"[[0.11680994803213991, 0.25305216306100475, 0.4224889936130236, 0.20764889529383168], [0.190076033669802, 0.4640155975132016, 0.16319642738369605, 0.18271194143330033], [0.20357854493102623, 0.1356492418622575, 0.10378808586714314, 0.5569841273395731], [0.08977272456449939, 0.47646964472347586, 0.18990452177496125, 0.24385310893706347], [0.4857483971126351, 0.15135387802947312, 0.14470445212490407, 0.21819327273298764], [0.3344192238184776, 0.11658206170601795, 0.23205677430288596, 0.31694194017261856]]","[{""research"": 0, ""code_review"": 0, ""doc_processing"": 7, ""monitoring"": 1}, {""research"": 1, ""code_review"": 3, ""doc_processing"": 2, ""monitoring"": 2}, {""research"": 1, ""code_review"": 1, ""doc_processing"": 2, ""monitoring"": 4}, {""research"": 0, ""code_review"": 3, ""doc_processing"": 1, ""monitoring"": 4}, {""research"": 2, ""code_review"": 2, ""doc_processing"": 1, ""monitoring"": 3}, {""research"": 2, ""code_review"": 2, ""doc_processing"": 3, ""monitoring"": 1}]","[2, 4, 4, 3, 4, 4]",0.6666666666666666,3.5,0.7846767243431553,0.4083333333333333,0.05885751770548587,0.03904850784699063,"{""COMPUTE"": 786, ""MEMORY"": 653, ""API_CREDITS"": 343, ""DATASET"": 168}","{""COMPUTE"": 605, ""MEMORY"": 502, ""API_CREDITS"": 264, ""DATASET"": 129}","{""COMPUTE"": 1.2991735537190083, ""MEMORY"": 1.300796812749004, ""API_CREDITS"": 1.2992424242424243, ""DATASET"": 1.302325581395349}",4,[],"{""COMPUTE"": 0.009917355371900827, ""MEMORY"": 0.01195219123505976, ""API_CREDITS"": 0.022727272727272728, ""DATASET"": 0.046511627906976744}",exact_pending_queue,0,
workload,dirichlet_3.0__moderate,dirichlet_3.0,dirichlet,3.0,unit,moderate,1.3,147595965,d23e838d20dda4d5,f02596fc0eb8f3b5,"[[0.18476677236843547, 0.14927419538124048, 0.47622360730826857, 0.1897354249420555], [0.1514374051210018, 0.23014224554670026, 0.2585197452986927, 0.35990060403360524], [0.21468491833794373, 0.42901669867177417, 0.2350244819268, 0.12127390106348203], [0.12570710148415104, 0.1471569378482917, 0.6130665381874738, 0.11406942248008352], [0.2684046946360251, 0.30078077720364554, 0.2470786493263302, 0.18373587883399925], [0.34683054702510835, 0.23590250269347277, 0.23656136872214878, 0.18070558155927013]]","[{""research"": 1, ""code_review"": 0, ""doc_processing"": 4, ""monitoring"": 3}, {""research"": 3, ""code_review"": 2, ""doc_processing"": 2, ""monitoring"": 1}, {""research"": 0, ""code_review"": 6, ""doc_processing"": 1, ""monitoring"": 1}, {""research"": 1, ""code_review"": 1, ""doc_processing"": 5, ""monitoring"": 1}, {""research"": 1, ""code_review"": 2, ""doc_processing"": 3, ""monitoring"": 2}, {""research"": 4, ""code_review"": 2, ""doc_processing"": 1, ""monitoring"": 1}]","[3, 4, 3, 4, 4, 4]",0.6666666666666666,3.6666666666666665,0.7980825209869359,0.425,0.030573174905497092,0.019049738114193332,"{""COMPUTE"": 894, ""MEMORY"": 731, ""API_CREDITS"": 417, ""DATASET"": 152}","{""COMPUTE"": 688, ""MEMORY"": 562, ""API_CREDITS"": 321, ""DATASET"": 117}","{""COMPUTE"": 1.2994186046511629, ""MEMORY"": 1.300711743772242, ""API_CREDITS"": 1.2990654205607477, ""DATASET"": 1.2991452991452992}",4,[],"{""COMPUTE"": 0.00872093023255814, ""MEMORY"": 0.010676156583629894, ""API_CREDITS"": 0.018691588785046728, ""DATASET"": 0.05128205128205128}",exact_pending_queue,0,
workload,dirichlet_3.0__moderate,dirichlet_3.0,dirichlet,3.0,unit,moderate,1.3,393081195,81660a332a26f7eb,ae95ffb6cac30c27,"[[0.22761580563438447, 0.23186065229175418, 0.32229218501191514, 0.21823135706194613], [0.2123521312700681, 0.23133809799650634, 0.2805105143641263, 0.2757992563692993], [0.38703106736397114, 0.136449652915005, 0.34670160535985417, 0.1298176743611697], [0.16011110273577775, 0.24979045277466194, 0.21419112121018938, 0.3759073232793709], [0.07220759865176167, 0.4450417120325794, 0.1130065628274609, 0.36974412648819804], [0.15492363549197935, 0.18476640898872843, 0.36738709968116756, 0.29292285583812466]]","[{""research"": 2, ""code_review"": 2, ""doc_processing"": 4, ""monitoring"": 0}, {""research"": 3, ""code_review"": 2, ""doc_processing"": 2, ""monitoring"": 1}, {""research"": 6, ""code_review"": 1, ""doc_processing"": 1, ""monitoring"": 0}, {""research"": 2, ""code_review"": 1, ""doc_processing"": 3, ""monitoring"": 2}, {""research"": 1, ""code_review"": 4, ""doc_processing"": 0, ""monitoring"": 3}, {""research"": 3, ""code_review"": 2, ""doc_processing"": 3, ""monitoring"": 0}]","[3, 4, 3, 4, 3, 3]",0.3333333333333333,3.3333333333333335,0.7782894529672472,0.4,0.03712641101770691,0.022164351559788253,"{""COMPUTE"": 1032, ""MEMORY"": 851, ""API_CREDITS"": 497, ""DATASET"": 184}","{""COMPUTE"": 794, ""MEMORY"": 655, ""API_CREDITS"": 382, ""DATASET"": 142}","{""COMPUTE"": 1.2997481108312343, ""MEMORY"": 1.299236641221374, ""API_CREDITS"": 1.301047120418848, ""DATASET"": 1.295774647887324}",4,[],"{""COMPUTE"": 0.007556675062972292, ""MEMORY"": 0.00916030534351145, ""API_CREDITS"": 0.015706806282722512, ""DATASET"": 0.04225352112676056}",exact_pending_queue,0,
workload,dirichlet_3.0__moderate,dirichlet_3.0,dirichlet,3.0,unit,moderate,1.3,1217898226,1237aa56f8991fe4,a6131d8efc14224e,"[[0.5275564275824988, 0.12742773426324258, 0.151214272030847, 0.19380156612341176], [0.24552136240472852, 0.20368228311087247, 0.2840856874824134, 0.2667106670019857], [0.2884070661244218, 0.24774518208551616, 0.2866655617708536, 0.17718219001920835], [0.06774886829123523, 0.11395991404469813, 0.21751851395351762, 0.600772703710549], [0.19934661702815742, 0.10153955233786231, 0.2622376149008995, 0.4368762157330808], [0.06976385379287034, 0.33769851656803124, 0.44568604823997404, 0.14685158139912433]]","[{""research"": 1, ""code_review"": 1, ""doc_processing"": 1, ""monitoring"": 5}, {""research"": 1, ""code_review"": 5, ""doc_processing"": 1, ""monitoring"": 1}, {""research"": 1, ""code_review"": 3, ""doc_processing"": 4, ""monitoring"": 0}, {""research"": 0, ""code_review"": 0, ""doc_processing"": 3, ""monitoring"": 5}, {""research"": 3, ""code_review"": 2, ""doc_processing"": 1, ""monitoring"": 2}, {""research"": 2, ""code_review"": 2, ""doc_processing"": 4, ""monitoring"": 0}]","[4, 4, 3, 2, 4, 3]",0.5,3.3333333333333335,0.7386085007312412,0.48333333333333334,0.07553922125092152,0.05157314101721495,"{""COMPUTE"": 814, ""MEMORY"": 677, ""API_CREDITS"": 367, ""DATASET"": 168}","{""COMPUTE"": 626, ""MEMORY"": 521, ""API_CREDITS"": 282, ""DATASET"": 129}","{""COMPUTE"": 1.3003194888178913, ""MEMORY"": 1.2994241842610366, ""API_CREDITS"": 1.301418439716312, ""DATASET"": 1.302325581395349}",4,[],"{""COMPUTE"": 0.009584664536741214, ""MEMORY"": 0.011516314779270634, ""API_CREDITS"": 0.02127659574468085, ""DATASET"": 0.046511627906976744}",exact_pending_queue,0,
workload,dirichlet_3.0__moderate,dirichlet_3.0,dirichlet,3.0,unit,moderate,1.3,1595745102,8d51c199245f28f7,1ba519dd0aa9f07f,"[[0.18814604947458363, 0.2056628179084461, 0.4713823468369683, 0.13480878578000183], [0.23315669508904813, 0.48762104374952964, 0.16193124108204074, 0.11729102007938143], [0.1634080568974934, 0.1842576311932779, 0.4268034769988072, 0.22553083491042145], [0.3875328187776873, 0.22870049676504237, 0.29929269462425384, 0.0844739898330165], [0.3288005577905098, 0.3000554277969096, 0.10347633982456178, 0.26766767458801877], [0.25796360382520056, 0.2981000014099501, 0.3487637187559962, 0.09517267600885312]]","[{""research"": 0, ""code_review"": 1, ""doc_processing"": 5, ""monitoring"": 2}, {""research"": 3, ""code_review"": 3, ""doc_processing"": 0, ""monitoring"": 2}, {""research"": 1, ""code_review"": 0, ""doc_processing"": 4, ""monitoring"": 3}, {""research"": 1, ""code_review"": 1, ""doc_processing"": 5, ""monitoring"": 1}, {""research"": 2, ""code_review"": 3, ""doc_processing"": 0, ""monitoring"": 3}, {""research"": 2, ""code_review"": 2, ""doc_processing"": 4, ""monitoring"": 0}]","[3, 3, 3, 4, 3, 3]",0.16666666666666666,3.1666666666666665,0.7396487660448857,0.425,0.046158106693667156,0.031525878664411165,"{""COMPUTE"": 890, ""MEMORY"": 728, ""API_CREDITS"": 404, ""DATASET"": 160}","{""COMPUTE"": 685, ""MEMORY"": 560, ""API_CREDITS"": 311, ""DATASET"": 123}","{""COMPUTE"": 1.2992700729927007, ""MEMORY"": 1.3, ""API_CREDITS"": 1.2990353697749195, ""DATASET"": 1.3008130081300813}",4,[],"{""COMPUTE"": 0.008759124087591242, ""MEMORY"": 0.010714285714285714, ""API_CREDITS"": 0.01929260450160772, ""DATASET"": 0.04878048780487805}",exact_pending_queue,0,
workload,dirichlet_3.0__moderate,dirichlet_3.0,dirichlet,3.0,unit,moderate,1.3,2413048586,a187d35cab50b3c7,00e16f75318ea174,"[[0.3397448087530891, 0.11011740258872159, 0.09160031634381306, 0.45853747231437636], [0.18101956820895646, 0.3361962617438766, 0.24368335664537527, 0.23910081340179165], [0.43780723578610975, 0.19813441078414964, 0.15987063469441656, 0.20418771873532401], [0.3907562704074448, 0.1876001845997799, 0.09673210452271896, 0.3249114404700563], [0.2673876797650902, 0.2942560431876571, 0.32717390125279877, 0.11118237579445406], [0.28695765013524444, 0.15295681031964695, 0.28704366092084554, 0.27304187862426316]]","[{""research"": 2, ""code_review"": 1, ""doc_processing"": 2, ""monitoring"": 3}, {""research"": 2, ""code_review"": 3, ""doc_processing"": 1, ""monitoring"": 2}, {""research"": 4, ""code_review"": 2, ""doc_processing"": 2, ""monitoring"": 0}, {""research"": 2, ""code_review"": 2, ""doc_processing"": 2, ""monitoring"": 2}, {""research"": 3, ""code_review"": 2, ""doc_processing"": 3, ""monitoring"": 0}, {""research"": 3, ""code_review"": 0, ""doc_processing"": 2, ""monitoring"": 3}]","[4, 4, 3, 4, 3, 3]",0.5,3.5,0.8694861977814498,0.275,0.02951531049981808,0.019109233875208163,"{""COMPUTE"": 988, ""MEMORY"": 826, ""API_CREDITS"": 462, ""DATASET"": 208}","{""COMPUTE"": 760, ""MEMORY"": 635, ""API_CREDITS"": 355, ""DATASET"": 160}","{""COMPUTE"": 1.3, ""MEMORY"": 1.300787401574803, ""API_CREDITS"": 1.3014084507042254, ""DATASET"": 1.3}",4,[],"{""COMPUTE"": 0.007894736842105263, ""MEMORY"": 0.009448818897637795, ""API_CREDITS"": 0.016901408450704224, ""DATASET"": 0.0375}",exact_pending_queue,0,
workload,dirichlet_3.0__moderate,dirichlet_3.0,dirichlet,3.0,unit,moderate,1.3,453209340,650997eb77efaea1,6a9933642d5cd2ef,"[[0.14390178629303985, 0.42314875943775315, 0.07223896623463737, 0.36071048803456957], [0.16318186378841354, 0.29140891117437334, 0.12747005843053696, 0.4179391666066761], [0.11629838602303375, 0.14693246168643706, 0.5180839076051779, 0.21868524468535136], [0.3593856080408993, 0.4651277897341317, 0.07847097616508163, 0.09701562605988731], [0.2360763776124578, 0.10870079645489256, 0.2152063581714187, 0.4400164677612308], [0.24172931540664483, 0.21317711248350413, 0.39201823182090223, 0.153075340288949]]","[{""research"": 2, ""code_review"": 1, ""doc_processing"": 1, ""monitoring"": 4}, {""research"": 1, ""code_review"": 3, ""doc_processing"": 1, ""monitoring"": 3}, {""research"": 1, ""code_review"": 1, ""doc_processing"": 6, ""monitoring"": 0}, {""research"": 2, ""code_review"": 5, ""doc_processing"": 1, ""monitoring"": 0}, {""research"": 2, ""code_review"": 0, ""doc_processing"": 2, ""monitoring"": 4}, {""research"": 1, ""code_review"": 6, ""doc_processing"": 1, ""monitoring"": 0}]","[4, 4, 3, 3, 3, 3]",0.3333333333333333,3.3333333333333335,0.7068857761727331,0.48333333333333334,0.06663837523189328,0.0484646752719489,"{""COMPUTE"": 818, ""MEMORY"": 680, ""API_CREDITS"": 380, ""DATASET"": 160}","{""COMPUTE"": 629, ""MEMORY"": 523, ""API_CREDITS"": 292, ""DATASET"": 123}","{""COMPUTE"": 1.3004769475357711, ""MEMORY"": 1.3001912045889101, ""API_CREDITS"": 1.3013698630136987, ""DATASET"": 1.3008130081300813}",4,[],"{""COMPUTE"": 0.009538950715421303, ""MEMORY"": 0.011472275334608031, ""API_CREDITS"": 0.02054794520547945, ""DATASET"": 0.04878048780487805}",exact_pending_queue,0,
workload,dirichlet_3.0__moderate,dirichlet_3.0,dirichlet,3.0,unit,moderate,1.3,2920410359,3402ac532e55f2cb,4db567cbe041f47e,"[[0.16176847908025, 0.37282710161905447, 0.2645549010592186, 0.20084951824147687], [0.1923095879589211, 0.3300986022802667, 0.14132992621564316, 0.3362618835451691], [0.5948973991892675, 0.1156679127735612, 0.22229487128517408, 0.06713981675199723], [0.48419216509512475, 0.07793945321994268, 0.13847489303470079, 0.29939348865023185], [0.501150117738275, 0.309786325951365, 0.03875205660723453, 0.15031149970312543], [0.25835380049901296, 0.19783581700514813, 0.33275801377857456, 0.21105236871726432]]","[{""research"": 0, ""code_review"": 4, ""doc_processing"": 4, ""monitoring"": 0}, {""research"": 1, ""code_review"": 2, ""doc_processing"": 2, ""monitoring"": 3}, {""research"": 5, ""code_review"": 0, ""doc_processing"": 3, ""monitoring"": 0}, {""research"": 7, ""code_review"": 0, ""doc_processing"": 0, ""monitoring"": 1}, {""research"": 4, ""code_review"": 2, ""doc_processing"": 0, ""monitoring"": 2}, {""research"": 2, ""code_review"": 2, ""doc_processing"": 3, ""monitoring"": 1}]","[2, 4, 2, 2, 3, 4]",0.3333333333333333,2.8333333333333335,0.6507730475486412,0.525,0.048871522499885474,0.030784422146934737,"{""COMPUTE"": 1066, ""MEMORY"": 886, ""API_CREDITS"": 510, ""DATASET"": 208}","{""COMPUTE"": 820, ""MEMORY"": 682, ""API_CREDITS"": 392, ""DATASET"": 160}","{""COMPUTE"": 1.3, ""MEMORY"": 1.2991202346041055, ""API_CREDITS"": 1.3010204081632653, ""DATASET"": 1.3}",4,[],"{""COMPUTE"": 0.007317073170731708, ""MEMORY"": 0.008797653958944282, ""API_CREDITS"": 0.015306122448979591, ""DATASET"": 0.03125}",exact_pending_queue,0,
workload,dirichlet_3.0__moderate,dirichlet_3.0,dirichlet,3.0,unit,moderate,1.3,4282649469,991007ef00050d23,72203e2ba97b08eb,"[[0.21954481374298096, 0.08231745408691862, 0.5284603453970921, 0.16967738677300823], [0.30053389442936057, 0.4647226429072545, 0.03644423831441093, 0.1982992243489739], [0.21889761799448076, 0.31611798867110397, 0.4009754781821863, 0.06400891515222897], [0.1276223509230546, 0.24918937064925598, 0.3758941097714689, 0.24729416865622042], [0.4279187775548413, 0.09553477212461628, 0.36109277769505305, 0.11545367262548943], [0.5383006834437929, 0.2348027218602396, 0.13250469927401556, 0.09439189542195196]]","[{""research"": 3, ""code_review"": 0, ""doc_processing"": 5, ""monitoring"": 0}, {""research"": 2, ""code_review"": 5, ""doc_processing"": 0, ""monitoring"": 1}, {""research"": 1, ""code_review"": 4, ""doc_processing"": 3, ""monitoring"": 0}, {""research"": 1, ""code_review"": 3, ""doc_processing"": 3, ""monitoring"": 1}, {""research"": 3, ""code_review"": 0, ""doc_processing"": 3, ""monitoring"": 2}, {""research"": 5, ""code_review"": 2, ""doc_processing"": 0, ""monitoring"": 1}]","[2, 3, 3, 4, 3, 3]",0.16666666666666666,3.0,0.6941849329552996,0.4666666666666667,0.03447332033127016,0.023231967312952472,"{""COMPUTE"": 998, ""MEMORY"": 816, ""API_CREDITS"": 484, ""DATASET"": 160}","{""COMPUTE"": 768, ""MEMORY"": 628, ""API_CREDITS"": 372, ""DATASET"": 123}","{""COMPUTE"": 1.2994791666666667, ""MEMORY"": 1.2993630573248407, ""API_CREDITS"": 1.3010752688172043, ""DATASET"": 1.3008130081300813}",4,[],"{""COMPUTE"": 0.0078125, ""MEMORY"": 0.009554140127388535, ""API_CREDITS"": 0.016129032258064516, ""DATASET"": 0.04878048780487805}",exact_pending_queue,0,
workload,dirichlet_3.0__moderate,dirichlet_3.0,dirichlet,3.0,unit,moderate,1.3,2089981338,46c2ed6ee54a4696,7419d7c2b794d49f,"[[0.08220016201823734, 0.4651941348130368, 0.3802608036666825, 0.07234489950204324], [0.19894440881607775, 0.1465557381471574, 0.24333407667641369, 0.4111657763603512], [0.1681577381412977, 0.45013330829213727, 0.19677100638401174, 0.1849379471825533], [0.36721445010450937, 0.13066429137783486, 0.2931605632781195, 0.20896069523953645], [0.06959944161980766, 0.1620363534129243, 0.2504287013309166, 0.5179355036363513], [0.26571542969802936, 0.21206376542421845, 0.29525209484624493, 0.22696871003150734]]","[{""research"": 0, ""code_review"": 3, ""doc_processing"": 5, ""monitoring"": 0}, {""research"": 2, ""code_review"": 0, ""doc_processing"": 1, ""monitoring"": 5}, {""research"": 2, ""code_review"": 4, ""doc_processing"": 2, ""monitoring"": 0}, {""research"": 2, ""code_review"": 1, ""doc_processing"": 3, ""monitoring"": 2}, {""research"": 2, ""code_review"": 0, ""doc_processing"": 2, ""monitoring"": 4}, {""research"": 2, ""code_review"": 1, ""doc_processing"": 2, ""monitoring"": 3}]","[2, 3, 3, 4, 3, 4]",0.3333333333333333,3.1666666666666665,0.7553755890066247,0.4166666666666667,0.07314861791685716,0.04596966050769535,"{""COMPUTE"": 872, ""MEMORY"": 728, ""API_CREDITS"": 388, ""DATASET"": 192}","{""COMPUTE"": 671, ""MEMORY"": 560, ""API_CREDITS"": 298, ""DATASET"": 148}","{""COMPUTE"": 1.299552906110283, ""MEMORY"": 1.3, ""API_CREDITS"": 1.3020134228187918, ""DATASET"": 1.2972972972972974}",4,[],"{""COMPUTE"": 0.00894187779433681, ""MEMORY"": 0.010714285714285714, ""API_CREDITS"": 0.020134228187919462, ""DATASET"": 0.033783783783783786}",exact_pending_queue,0,
workload,dirichlet_3.0__moderate,dirichlet_3.0,dirichlet,3.0,unit,moderate,1.3,1751949247,909e41bf64f25495,f464a3af846add2c,"[[0.21852394315084275, 0.17616903107590742, 0.14545859137448403, 0.459848434398766], [0.1362007076919509, 0.10622095104594095, 0.32526448378688766, 0.43231385747522055], [0.2255404446173398, 0.47023084819686817, 0.22598311728449091, 0.07824558990130102], [0.0500269579070908, 0.6033752632116222, 0.30110790041681806, 0.04548987846446886], [0.2700856762846091, 0.1674267146899174, 0.18903401996677577, 0.37345358905869774], [0.2575724564204965, 0.39260157799889794, 0.09362003542170662, 0.2562059301588988]]","[{""research"": 3, ""code_review"": 3, ""doc_processing"": 2, ""monitoring"": 0}, {""research"": 3, ""code_review"": 0, ""doc_processing"": 1, ""monitoring"": 4}, {""research"": 1, ""code_review"": 7, ""doc_processing"": 0, ""monitoring"": 0}, {""research"": 0, ""code_review"": 6, ""doc_processing"": 2, ""monitoring"": 0}, {""research"": 4, ""code_review"": 0, ""doc_processing"": 1, ""monitoring"": 3}, {""research"": 5, ""code_review"": 2, ""doc_processing"": 0, ""monitoring"": 1}]","[3, 3, 2, 2, 3, 3]",0.0,2.6666666666666665,0.5855161464393661,0.5583333333333333,0.06565413319607424,0.04367844748546459,"{""COMPUTE"": 920, ""MEMORY"": 776, ""API_CREDITS"": 448, ""DATASET"": 192}","{""COMPUTE"": 708, ""MEMORY"": 597, ""API_CREDITS"": 345, ""DATASET"": 148}","{""COMPUTE"": 1.2994350282485876, ""MEMORY"": 1.2998324958123952, ""API_CREDITS"": 1.298550724637681, ""DATASET"": 1.2972972972972974}",4,[],"{""COMPUTE"": 0.00847457627118644, ""MEMORY"": 0.010050251256281407, ""API_CREDITS"": 0.017391304347826087, ""DATASET"": 0.033783783783783786}",exact_pending_queue,0,
workload,dirichlet_3.0__moderate,dirichlet_3.0,dirichlet,3.0,unit,moderate,1.3,4210982914,c2a33fdf37cc2dfc,115d036db4eb3a14,"[[0.33290275860988466, 0.25503921791706385, 0.07007823563111329, 0.3419797878419382], [0.35871508568914223, 0.20068635089120263, 0.12969191009966838, 0.3109066533199868], [0.5156927515172459, 0.18324899463482056, 0.136860673596583, 0.16419758025135062], [0.37568366459942104, 0.2607284021110666, 0.13491272981822758, 0.2286752034712849], [0.10468379493404699, 0.2839564258178717, 0.22686416138416074, 0.3844956178639206], [0.20239516945275685, 0.3017892202846592, 0.3237916504565778, 0.17202395980600607]]","[{""research"": 2, ""code_review"": 0, ""doc_processing"": 2, ""monitoring"": 4}, {""research"": 5, ""code_review"": 1, ""doc_processing"": 2, ""monitoring"": 0}, {""research"": 3, ""code_review"": 2, ""doc_processing"": 1, ""monitoring"": 2}, {""research"": 2, ""code_review"": 2, ""doc_processing"": 2, ""monitoring"": 2}, {""research"": 0, ""code_review"": 2, ""doc_processing"": 3, ""monitoring"": 3}, {""research"": 0, ""code_review"": 2, ""doc_processing"": 6, ""monitoring"": 0}]","[3, 3, 4, 4, 3, 2]",0.3333333333333333,3.1666666666666665,0.7564158543202693,0.43333333333333335,0.05203915132140217,0.03117674792955438,"{""COMPUTE"": 938, ""MEMORY"": 775, ""API_CREDITS"": 429, ""DATASET"": 184}","{""COMPUTE"": 722, ""MEMORY"": 596, ""API_CREDITS"": 330, ""DATASET"": 142}","{""COMPUTE"": 1.299168975069252, ""MEMORY"": 1.3003355704697988, ""API_CREDITS"": 1.3, ""DATASET"": 1.295774647887324}",4,[],"{""COMPUTE"": 0.008310249307479225, ""MEMORY"": 0.010067114093959731, ""API_CREDITS"": 0.01818181818181818, ""DATASET"": 0.035211267605633804}",exact_pending_queue,0,
workload,dirichlet_3.0__moderate,dirichlet_3.0,dirichlet,3.0,unit,moderate,1.3,3922112564,19a3fcef5417bf7c,f76eaf93afacbfac,"[[0.1151795120099334, 0.3005266145327389, 0.2994685314968322, 0.2848253419604957], [0.2224878295338992, 0.17398772874031082, 0.2517780537136543, 0.3517463880121357], [0.33513959208560173, 0.15213299707348124, 0.3033832566956758, 0.20934415414524118], [0.08743419594554948, 0.1566103773097493, 0.34166050659602, 0.41429492014868124], [0.25809318506307194, 0.15778218927372345, 0.3576350590431367, 0.22648956662006783], [0.09451184573860563, 0.7242006056227543, 0.10924284687683572, 0.07204470176180429]]","[{""research"": 0, ""code_review"": 2, ""doc_processing"": 4, ""monitoring"": 2}, {""research"": 1, ""code_review"": 1, ""doc_processing"": 2, ""monitoring"": 4}, {""research"": 2, ""code_review"": 1, ""doc_processing"": 4, ""monitoring"": 1}, {""research"": 2, ""code_review"": 1, ""doc_processing"": 3, ""monitoring"": 2}, {""research"": 2, ""code_review"": 2, ""doc_processing"": 2, ""monitoring"": 2}, {""research"": 2, ""code_review"": 5, ""doc_processing"": 0, ""monitoring"": 1}]","[3, 4, 4, 4, 4, 3]",0.6666666666666666,3.6666666666666665,0.8503695002437471,0.3416666666666667,0.035500368180226526,0.021138379789792276,"{""COMPUTE"": 852, ""MEMORY"": 705, ""API_CREDITS"": 387, ""DATASET"": 168}","{""COMPUTE"": 655, ""MEMORY"": 542, ""API_CREDITS"": 298, ""DATASET"": 129}","{""COMPUTE"": 1.300763358778626, ""MEMORY"": 1.3007380073800738, ""API_CREDITS"": 1.2986577181208054, ""DATASET"": 1.302325581395349}",4,[],"{""COMPUTE"": 0.00916030534351145, ""MEMORY"": 0.01107011070110701, ""API_CREDITS"": 0.020134228187919462, ""DATASET"": 0.046511627906976744}",exact_pending_queue,0,
workload,dirichlet_3.0__moderate,dirichlet_3.0,dirichlet,3.0,unit,moderate,1.3,183163032,b98d82ff69c7ea69,13dc3157f68e557f,"[[0.07989911625649138, 0.1803545800417358, 0.390958938277904, 0.3487873654238688], [0.17965012343415288, 0.17586009066097327, 0.3616041189392057, 0.28288566696566814], [0.5440217452984738, 0.14040367240139834, 0.10725039033137454, 0.2083241919687535], [0.4769574698949033, 0.25189283553287056, 0.09963124635203945, 0.1715184482201866], [0.48687059774621605, 0.1026370504247376, 0.17180701287048492, 0.2386853389585613], [0.45317807155861356, 0.1211201003801963, 0.29520695027986504, 0.13049487778132515]]","[{""research"": 1, ""code_review"": 1, ""doc_processing"": 4, ""monitoring"": 2}, {""research"": 1, ""code_review"": 1, ""doc_processing"": 4, ""monitoring"": 2}, {""research"": 2, ""code_review"": 2, ""doc_processing"": 2, ""monitoring"": 2}, {""research"": 3, ""code_review"": 5, ""doc_processing"": 0, ""monitoring"": 0}, {""research"": 2, ""code_review"": 2, ""doc_processing"": 3, ""monitoring"": 1}, {""research"": 3, ""code_review"": 1, ""doc_processing"": 3, ""monitoring"": 1}]","[4, 4, 4, 2, 4, 4]",0.8333333333333334,3.6666666666666665,0.8476125991344721,0.3333333333333333,0.017373456942024534,0.011320444719491016,"{""COMPUTE"": 944, ""MEMORY"": 772, ""API_CREDITS"": 444, ""DATASET"": 160}","{""COMPUTE"": 726, ""MEMORY"": 594, ""API_CREDITS"": 342, ""DATASET"": 123}","{""COMPUTE"": 1.300275482093664, ""MEMORY"": 1.2996632996632997, ""API_CREDITS"": 1.2982456140350878, ""DATASET"": 1.3008130081300813}",4,[],"{""COMPUTE"": 0.008264462809917356, ""MEMORY"": 0.010101010101010102, ""API_CREDITS"": 0.017543859649122806, ""DATASET"": 0.04878048780487805}",exact_pending_queue,0,
workload,dirichlet_3.0__moderate,dirichlet_3.0,dirichlet,3.0,unit,moderate,1.3,4222305526,ba6f71a552cdf630,91d426ed4d805285,"[[0.5127419029191462, 0.10553321763825349, 0.06615601765110785, 0.31556886179149235], [0.28393945929628955, 0.22745876198212853, 0.2703104671607124, 0.21829131156086953], [0.2557660732379281, 0.2466932305463312, 0.4061566843166399, 0.0913840118991007], [0.42769757651530393, 0.13845264566477097, 0.16842550508255114, 0.26542427273737385], [0.10279676639171235, 0.2973927030448463, 0.365899898158527, 0.2339106324049143], [0.1859057486340264, 0.26594293334338986, 0.09287733623756524, 0.4552739817850186]]","[{""research"": 5, ""code_review"": 0, ""doc_processing"": 1, ""monitoring"": 2}, {""research"": 1, ""code_review"": 1, ""doc_processing"": 2, ""monitoring"": 4}, {""research"": 2, ""code_review"": 1, ""doc_processing"": 5, ""monitoring"": 0}, {""research"": 3, ""code_review"": 1, ""doc_processing"": 3, ""monitoring"": 1}, {""research"": 0, ""code_review"": 3, ""doc_processing"": 3, ""monitoring"": 2}, {""research"": 1, ""code_review"": 5, ""doc_processing"": 0, ""monitoring"": 2}]","[3, 4, 3, 4, 3, 3]",0.3333333333333333,3.3333333333333335,0.7515784225837052,0.49166666666666664,0.04322435282275817,0.028422963580101823,"{""COMPUTE"": 914, ""MEMORY"": 759, ""API_CREDITS"": 421, ""DATASET"": 184}","{""COMPUTE"": 703, ""MEMORY"": 584, ""API_CREDITS"": 324, ""DATASET"": 142}","{""COMPUTE"": 1.3001422475106685, ""MEMORY"": 1.2996575342465753, ""API_CREDITS"": 1.2993827160493827, ""DATASET"": 1.295774647887324}",4,[],"{""COMPUTE"": 0.008534850640113799, ""MEMORY"": 0.010273972602739725, ""API_CREDITS"": 0.018518518518518517, ""DATASET"": 0.04225352112676056}",exact_pending_queue,0,
workload,dirichlet_3.0__moderate,dirichlet_3.0,dirichlet,3.0,unit,moderate,1.3,3706283824,b3d309ee86b33287,9b96dc2c4a9c098a,"[[0.08607306921149692, 0.3557472087635504, 0.17197665528535963, 0.386203066739593], [0.3963691504208044, 0.19846129057598194, 0.14321268128748818, 0.26195687771572557], [0.2815791569520273, 0.4177562617684483, 0.14072035151812093, 0.1599442297614036], [0.19295129071088013, 0.32171798137023205, 0.20445785004846054, 0.2808728778704273], [0.40235657855592455, 0.30347956700178824, 0.13752262276204041, 0.1566412316802468], [0.20177366811202804, 0.2840233727593887, 0.3499660117572262, 0.164236947371357]]","[{""research"": 1, ""code_review"": 4, ""doc_processing"": 1, ""monitoring"": 2}, {""research"": 2, ""code_review"": 3, ""doc_processing"": 1, ""monitoring"": 2}, {""research"": 3, ""code_review"": 3, ""doc_processing"": 0, ""monitoring"": 2}, {""research"": 4, ""code_review"": 2, ""doc_processing"": 1, ""monitoring"": 1}, {""research"": 0, ""code_review"": 5, ""doc_processing"": 1, ""monitoring"": 2}, {""research"": 3, ""code_review"": 2, ""doc_processing"": 3, ""monitoring"": 0}]","[4, 4, 3, 4, 3, 3]",0.5,3.5,0.8189158543202693,0.31666666666666665,0.022132274992902812,0.013488804211596988,"{""COMPUTE"": 858, ""MEMORY"": 722, ""API_CREDITS"": 414, ""DATASET"": 176}","{""COMPUTE"": 660, ""MEMORY"": 555, ""API_CREDITS"": 318, ""DATASET"": 135}","{""COMPUTE"": 1.3, ""MEMORY"": 1.300900900900901, ""API_CREDITS"": 1.3018867924528301, ""DATASET"": 1.3037037037037038}",4,[],"{""COMPUTE"": 0.00909090909090909, ""MEMORY"": 0.010810810810810811, ""API_CREDITS"": 0.018867924528301886, ""DATASET"": 0.044444444444444446}",exact_pending_queue,0,
workload,dirichlet_3.0__moderate,dirichlet_3.0,dirichlet,3.0,unit,moderate,1.3,927763105,302a4dcfdc77c1a7,5981cf4871cde672,"[[0.24602475672859336, 0.23827757711887437, 0.15289100943572373, 0.36280665671680856], [0.14098761977989172, 0.3173326546151046, 0.10164511918200286, 0.4400346064230007], [0.23969867404695316, 0.25280999868338433, 0.36905806909265915, 0.13843325817700336], [0.37315859729323136, 0.2344186138233083, 0.18891292663312165, 0.2035098622503386], [0.10497851496596283, 0.1231094951854036, 0.4889154620956178, 0.28299652775301576], [0.13431938819728162, 0.4221189101450202, 0.21476978811915534, 0.22879191353854272]]","[{""research"": 3, ""code_review"": 0, ""doc_processing"": 0, ""monitoring"": 5}, {""research"": 1, ""code_review"": 3, ""doc_processing"": 0, ""monitoring"": 4}, {""research"": 1, ""code_review"": 0, ""doc_processing"": 5, ""monitoring"": 2}, {""research"": 5, ""code_review"": 0, ""doc_processing"": 1, ""monitoring"": 2}, {""research"": 2, ""code_review"": 0, ""doc_processing"": 4, ""monitoring"": 2}, {""research"": 0, ""code_review"": 4, ""doc_processing"": 3, ""monitoring"": 1}]","[2, 3, 3, 3, 3, 3]",0.0,2.8333333333333335,0.6552751673979079,0.525,0.06505030372338233,0.04322216990215772,"{""COMPUTE"": 892, ""MEMORY"": 756, ""API_CREDITS"": 392, ""DATASET"": 224}","{""COMPUTE"": 686, ""MEMORY"": 582, ""API_CREDITS"": 302, ""DATASET"": 172}","{""COMPUTE"": 1.3002915451895043, ""MEMORY"": 1.2989690721649485, ""API_CREDITS"": 1.2980132450331126, ""DATASET"": 1.302325581395349}",4,[],"{""COMPUTE"": 0.008746355685131196, ""MEMORY"": 0.010309278350515464, ""API_CREDITS"": 0.019867549668874173, ""DATASET"": 0.03488372093023256}",exact_pending_queue,0,
workload,dirichlet_3.0__moderate,dirichlet_3.0,dirichlet,3.0,unit,moderate,1.3,642816875,9869054f53d2e34a,80462fe2632270ef,"[[0.07845057617391607, 0.53237921084078, 0.2530570751103761, 0.13611313787492788], [0.20828091697151788, 0.22496600061286942, 0.38256417583399366, 0.1841889065816191], [0.3637737441479294, 0.0875506061065629, 0.20534214766305206, 0.3433335020824555], [0.3497051464128894, 0.17026186322660847, 0.32250112377311985, 0.15753186658738239], [0.35200648850233096, 0.26285749337102726, 0.063069399186553, 0.32206661894008876], [0.2173220409469195, 0.2207644835281463, 0.21495338744125617, 0.346960088083678]]","[{""research"": 3, ""code_review"": 3, ""doc_processing"": 2, ""monitoring"": 0}, {""research"": 2, ""code_review"": 1, ""doc_processing"": 2, ""monitoring"": 3}, {""research"": 3, ""code_review"": 2, ""doc_processing"": 1, ""monitoring"": 2}, {""research"": 3, ""code_review"": 0, ""doc_processing"": 3, ""monitoring"": 2}, {""research"": 4, ""code_review"": 2, ""doc_processing"": 1, ""monitoring"": 1}, {""research"": 2, ""code_review"": 3, ""doc_processing"": 0, ""monitoring"": 3}]","[3, 4, 4, 3, 4, 3]",0.5,3.5,0.853759374819711,0.30833333333333335,0.030047786233180725,0.018121964105559222,"{""COMPUTE"": 974, ""MEMORY"": 824, ""API_CREDITS"": 456, ""DATASET"": 224}","{""COMPUTE"": 749, ""MEMORY"": 634, ""API_CREDITS"": 351, ""DATASET"": 172}","{""COMPUTE"": 1.300400534045394, ""MEMORY"": 1.2996845425867507, ""API_CREDITS"": 1.2991452991452992, ""DATASET"": 1.302325581395349}",4,[],"{""COMPUTE"": 0.00801068090787717, ""MEMORY"": 0.00946372239747634, ""API_CREDITS"": 0.017094017094017096, ""DATASET"": 0.03488372093023256}",exact_pending_queue,0,
workload,dirichlet_3.0__moderate,dirichlet_3.0,dirichlet,3.0,unit,moderate,1.3,2485047775,41d6b6d40d4a436c,d30409a0f2a93d84,"[[0.23636504450275522, 0.41722516933199477, 0.24300258819921364, 0.10340719796603645], [0.32261278094306245, 0.18271432741154214, 0.2912953629016448, 0.20337752874375054], [0.23670431636063263, 0.1339700330347105, 0.0946570802923619, 0.534668570312295], [0.2609352363844486, 0.2655264623045843, 0.37518758947248065, 0.09835071183848647], [0.17955023540491158, 0.15157632618756994, 0.05016520383575063, 0.6187082345717678], [0.2966493878613313, 0.3222401714639662, 0.21465024589788806, 0.1664601947768144]]","[{""research"": 2, ""code_review"": 1, ""doc_processing"": 5, ""monitoring"": 0}, {""research"": 3, ""code_review"": 3, ""doc_processing"": 1, ""monitoring"": 1}, {""research"": 1, ""code_review"": 2, ""doc_processing"": 0, ""monitoring"": 5}, {""research"": 0, ""code_review"": 2, ""doc_processing"": 4, ""monitoring"": 2}, {""research"": 2, ""code_review"": 2, ""doc_processing"": 0, ""monitoring"": 4}, {""research"": 1, ""code_review"": 5, ""doc_processing"": 2, ""monitoring"": 0}]","[3, 4, 3, 3, 3, 3]",0.16666666666666666,3.1666666666666665,0.7256385788787774,0.49166666666666664,0.0790918425745742,0.05337907883831925,"{""COMPUTE"": 816, ""MEMORY"": 681, ""API_CREDITS"": 375, ""DATASET"": 168}","{""COMPUTE"": 628, ""MEMORY"": 524, ""API_CREDITS"": 288, ""DATASET"": 129}","{""COMPUTE"": 1.2993630573248407, ""MEMORY"": 1.299618320610687, ""API_CREDITS"": 1.3020833333333333, ""DATASET"": 1.302325581395349}",4,[],"{""COMPUTE"": 0.009554140127388535, ""MEMORY"": 0.011450381679389313, ""API_CREDITS"": 0.020833333333333332, ""DATASET"": 0.046511627906976744}",exact_pending_queue,0,
workload,dirichlet_3.0__moderate,dirichlet_3.0,dirichlet,3.0,unit,moderate,1.3,1464621060,9b9c1e1c3639af2a,78656c1a867d0a92,"[[0.13855267258853013, 0.33462195738051015, 0.16889775306599933, 0.3579276169649605], [0.11780722655419211, 0.2775778469780834, 0.40709902016857297, 0.19751590629915158], [0.17410287963768503, 0.26209740893005046, 0.2428367415804639, 0.32096296985180056], [0.11697497208667532, 0.4673626340920223, 0.09308391027943676, 0.3225784835418657], [0.27861515356397637, 0.14606803836782642, 0.0512973527388652, 0.524019455329332], [0.47794670283167795, 0.14568196815287393, 0.11934353419727552, 0.2570277948181726]]","[{""research"": 0, ""code_review"": 3, ""doc_processing"": 2, ""monitoring"": 3}, {""research"": 1, ""code_review"": 1, ""doc_processing"": 3, ""monitoring"": 3}, {""research"": 2, ""code_review"": 0, ""doc_processing"": 2, ""monitoring"": 4}, {""research"": 2, ""code_review"": 3, ""doc_processing"": 0, ""monitoring"": 3}, {""research"": 3, ""code_review"": 1, ""doc_processing"": 0, ""monitoring"": 4}, {""research"": 3, ""code_review"": 3, ""doc_processing"": 1, ""monitoring"": 1}]","[3, 4, 3, 3, 3, 4]",0.3333333333333333,3.3333333333333335,0.8042292966721748,0.35,0.032527505362690605,0.021263794615228076,"{""COMPUTE"": 804, ""MEMORY"": 697, ""API_CREDITS"": 351, ""DATASET"": 232}","{""COMPUTE"": 618, ""MEMORY"": 536, ""API_CREDITS"": 270, ""DATASET"": 178}","{""COMPUTE"": 1.3009708737864079, ""MEMORY"": 1.3003731343283582, ""API_CREDITS"": 1.3, ""DATASET"": 1.303370786516854}",4,[],"{""COMPUTE"": 0.009708737864077669, ""MEMORY"": 0.011194029850746268, ""API_CREDITS"": 0.022222222222222223, ""DATASET"": 0.033707865168539325}",exact_pending_queue,0,
workload,dirichlet_3.0__moderate,dirichlet_3.0,dirichlet,3.0,unit,moderate,1.3,1594198431,7744c821263b0ea7,8d81f88dc5c9e26f,"[[0.14677495931486523, 0.17651504462228979, 0.44017218324529955, 0.23653781281754543], [0.23227925157498816, 0.38563690698299, 0.3049217877276451, 0.07716205371437668], [0.6610412661473158, 0.06279278367463406, 0.11654558721612354, 0.15962036296192644], [0.2491906675703354, 0.40296994089776794, 0.18146262957746892, 0.16637676195442752], [0.22023712925974837, 0.29277657000590074, 0.2228235902073933, 0.2641627105269576], [0.30931915233403945, 0.319180821254481, 0.23496413409236602, 0.13653589231911367]]","[{""research"": 1, ""code_review"": 0, ""doc_processing"": 5, ""monitoring"": 2}, {""research"": 2, ""code_review"": 3, ""doc_processing"": 3, ""monitoring"": 0}, {""research"": 7, ""code_review"": 1, ""doc_processing"": 0, ""monitoring"": 0}, {""research"": 0, ""code_review"": 4, ""doc_processing"": 1, ""monitoring"": 3}, {""research"": 3, ""code_review"": 2, ""doc_processing"": 2, ""monitoring"": 1}, {""research"": 3, ""code_review"": 3, ""doc_processing"": 0, ""monitoring"": 2}]","[3, 3, 2, 3, 4, 3]",0.16666666666666666,3.0,0.6896828131060327,0.525,0.036264858166851884,0.023679241723992144,"{""COMPUTE"": 980, ""MEMORY"": 816, ""API_CREDITS"": 468, ""DATASET"": 192}","{""COMPUTE"": 754, ""MEMORY"": 628, ""API_CREDITS"": 360, ""DATASET"": 148}","{""COMPUTE"": 1.29973474801061, ""MEMORY"": 1.2993630573248407, ""API_CREDITS"": 1.3, ""DATASET"": 1.2972972972972974}",4,[],"{""COMPUTE"": 0.007957559681697613, ""MEMORY"": 0.009554140127388535, ""API_CREDITS"": 0.016666666666666666, ""DATASET"": 0.04054054054054054}",exact_pending_queue,0,
workload,dirichlet_3.0__moderate,dirichlet_3.0,dirichlet,3.0,unit,moderate,1.3,2964826275,97d272df7529f159,fc877723ad12c98f,"[[0.39201329982856337, 0.22291209423869845, 0.14524568668279073, 0.2398289192499476], [0.22440562446718362, 0.2208513224356008, 0.4057074964425384, 0.14903555665467733], [0.05724088923732056, 0.18095504395589881, 0.4121543490654392, 0.34964971774134135], [0.22241942691122604, 0.17403221148384018, 0.3294362251132048, 0.27411213649172905], [0.07831528835521452, 0.05833138966400691, 0.6896716575586042, 0.1736816644221744], [0.2641221478755406, 0.1696545103276454, 0.4102742732832003, 0.15594906851361356]]","[{""research"": 3, ""code_review"": 1, ""doc_processing"": 2, ""monitoring"": 2}, {""research"": 2, ""code_review"": 1, ""doc_processing"": 1, ""monitoring"": 4}, {""research"": 0, ""code_review"": 4, ""doc_processing"": 1, ""monitoring"": 3}, {""research"": 0, ""code_review"": 1, ""doc_processing"": 4, ""monitoring"": 3}, {""research"": 1, ""code_review"": 1, ""doc_processing"": 3, ""monitoring"": 3}, {""research"": 2, ""code_review"": 3, ""doc_processing"": 3, ""monitoring"": 0}]","[4, 4, 3, 3, 4, 3]",0.5,3.5,0.8199561196339138,0.36666666666666664,0.04115258174891203,0.024926447122602,"{""COMPUTE"": 810, ""MEMORY"": 679, ""API_CREDITS"": 357, ""DATASET"": 184}","{""COMPUTE"": 623, ""MEMORY"": 522, ""API_CREDITS"": 275, ""DATASET"": 142}","{""COMPUTE"": 1.3001605136436598, ""MEMORY"": 1.3007662835249043, ""API_CREDITS"": 1.298181818181818, ""DATASET"": 1.295774647887324}",4,[],"{""COMPUTE"": 0.009630818619582664, ""MEMORY"": 0.011494252873563218, ""API_CREDITS"": 0.02181818181818182, ""DATASET"": 0.04225352112676056}",exact_pending_queue,0,
workload,dirichlet_3.0__moderate,dirichlet_3.0,dirichlet,3.0,unit,moderate,1.3,3703943727,8d6870d104b1ed3d,149a2dc6cd25f5d1,"[[0.27667998865675936, 0.2553226836795432, 0.056691479725184915, 0.4113058479385124], [0.08277386977286577, 0.16882705995988181, 0.5670803507336245, 0.18131871953362788], [0.19113188419407556, 0.2759859868830499, 0.45135347617137916, 0.08152865275149544], [0.2871235699102672, 0.05399607054188165, 0.36852253674873015, 0.2903578227991209], [0.38399823051318727, 0.19995709282980606, 0.3343743904002714, 0.0816702862567352], [0.26535278874355855, 0.2726732388228214, 0.12613961547978825, 0.3358343569538317]]","[{""research"": 1, ""code_review"": 2, ""doc_processing"": 2, ""monitoring"": 3}, {""research"": 1, ""code_review"": 0, ""doc_processing"": 5, ""monitoring"": 2}, {""research"": 1, ""code_review"": 2, ""doc_processing"": 5, ""monitoring"": 0}, {""research"": 2, ""code_review"": 1, ""doc_processing"": 4, ""monitoring"": 1}, {""research"": 3, ""code_review"": 3, ""doc_processing"": 1, ""monitoring"": 1}, {""research"": 1, ""code_review"": 4, ""doc_processing"": 1, ""monitoring"": 2}]","[4, 3, 3, 4, 4, 4]",0.6666666666666666,3.6666666666666665,0.8178755890066247,0.38333333333333336,0.03688577439966147,0.023747015693847334,"{""COMPUTE"": 894, ""MEMORY"": 726, ""API_CREDITS"": 414, ""DATASET"": 144}","{""COMPUTE"": 688, ""MEMORY"": 558, ""API_CREDITS"": 318, ""DATASET"": 111}","{""COMPUTE"": 1.2994186046511629, ""MEMORY"": 1.3010752688172043, ""API_CREDITS"": 1.3018867924528301, ""DATASET"": 1.2972972972972974}",4,[],"{""COMPUTE"": 0.00872093023255814, ""MEMORY"": 0.010752688172043012, ""API_CREDITS"": 0.018867924528301886, ""DATASET"": 0.05405405405405406}",exact_pending_queue,0,
workload,dirichlet_3.0__moderate,dirichlet_3.0,dirichlet,3.0,unit,moderate,1.3,1321997983,8b73c23c5a7bd871,81757ee18fd1efad,"[[0.3331421958817429, 0.14251489538953038, 0.17720829405510669, 0.34713461467362006], [0.36933164584914724, 0.46306261861979636, 0.05004578494776613, 0.11755995058329034], [0.3383242365112657, 0.2565854358055462, 0.1082428608942201, 0.29684746678896795], [0.4234155485569029, 0.1508533436199118, 0.2654470927723698, 0.1602840150508155], [0.12213224192219471, 0.20537180684734543, 0.4962090191927227, 0.17628693203773715], [0.25708806774463316, 0.21515521847763894, 0.216815244352619, 0.31094146942510903]]","[{""research"": 2, ""code_review"": 1, ""doc_processing"": 1, ""monitoring"": 4}, {""research"": 2, ""code_review"": 4, ""doc_processing"": 1, ""monitoring"": 1}, {""research"": 5, ""code_review"": 1, ""doc_processing"": 1, ""monitoring"": 1}, {""research"": 5, ""code_review"": 0, ""doc_processing"": 3, ""monitoring"": 0}, {""research"": 2, ""code_review"": 3, ""doc_processing"": 3, ""monitoring"": 0}, {""research"": 1, ""code_review"": 3, ""doc_processing"": 1, ""monitoring"": 3}]","[4, 4, 4, 2, 3, 4]",0.6666666666666666,3.5,0.7813154327115525,0.425,0.04441176043032878,0.028573926822271306,"{""COMPUTE"": 990, ""MEMORY"": 830, ""API_CREDITS"": 470, ""DATASET"": 208}","{""COMPUTE"": 762, ""MEMORY"": 638, ""API_CREDITS"": 362, ""DATASET"": 160}","{""COMPUTE"": 1.2992125984251968, ""MEMORY"": 1.3009404388714734, ""API_CREDITS"": 1.298342541436464, ""DATASET"": 1.3}",4,[],"{""COMPUTE"": 0.007874015748031496, ""MEMORY"": 0.009404388714733543, ""API_CREDITS"": 0.016574585635359115, ""DATASET"": 0.0375}",exact_pending_queue,0,
workload,dirichlet_3.0__moderate,dirichlet_3.0,dirichlet,3.0,unit,moderate,1.3,2789760346,0e214db2f22f1a97,4f72c24ca6428a3d,"[[0.09541826851668342, 0.4073201278061783, 0.14556357935969508, 0.3516980243174432], [0.16129763975768954, 0.1527314198403902, 0.2506150442683955, 0.43535589613352477], [0.40700083976300305, 0.24912437070330826, 0.14184824051955935, 0.20202654901412928], [0.13929134826537232, 0.3588402500598024, 0.28660356042189317, 0.215264841252932], [0.18108796694449636, 0.443969044050393, 0.11678146883927912, 0.2581615201658315], [0.3418414259012131, 0.22880944899045497, 0.24214299786691285, 0.187206127241419]]","[{""research"": 2, ""code_review"": 4, ""doc_processing"": 1, ""monitoring"": 1}, {""research"": 2, ""code_review"": 2, ""doc_processing"": 1, ""monitoring"": 3}, {""research"": 4, ""code_review"": 3, ""doc_processing"": 0, ""monitoring"": 1}, {""research"": 1, ""code_review"": 4, ""doc_processing"": 3, ""monitoring"": 0}, {""research"": 2, ""code_review"": 3, ""doc_processing"": 1, ""monitoring"": 2}, {""research"": 6, ""code_review"": 1, ""doc_processing"": 1, ""monitoring"": 0}]","[4, 4, 3, 3, 4, 3]",0.5,3.5,0.7861528644481166,0.36666666666666664,0.03675133692432438,0.022017485754268495,"{""COMPUTE"": 958, ""MEMORY"": 804, ""API_CREDITS"": 468, ""DATASET"": 192}","{""COMPUTE"": 737, ""MEMORY"": 618, ""API_CREDITS"": 360, ""DATASET"": 148}","{""COMPUTE"": 1.299864314789688, ""MEMORY"": 1.3009708737864079, ""API_CREDITS"": 1.3, ""DATASET"": 1.2972972972972974}",4,[],"{""COMPUTE"": 0.008141112618724558, ""MEMORY"": 0.009708737864077669, ""API_CREDITS"": 0.016666666666666666, ""DATASET"": 0.04054054054054054}",exact_pending_queue,0,
workload,dirichlet_3.0__moderate,dirichlet_3.0,dirichlet,3.0,unit,moderate,1.3,4250606291,09148e912a56dcd1,d0cfb1ed6265be3e,"[[0.11827343178766273, 0.3748359028727528, 0.15576063354201874, 0.35113003179756574], [0.2212558822968403, 0.14681477784346536, 0.23812032239759487, 0.39380901746209945], [0.521750761179659, 0.13125061010693861, 0.22494674010307564, 0.12205188861032674], [0.12997619667465501, 0.2389976068247184, 0.46561973772904486, 0.16540645877158192], [0.339160700003853, 0.13526941388426755, 0.4332985863353168, 0.09227129977656268], [0.17521464614557342, 0.4652002211039635, 0.06664587344138556, 0.2929392593090775]]","[{""research"": 0, ""code_review"": 4, ""doc_processing"": 1, ""monitoring"": 3}, {""research"": 4, ""code_review"": 1, ""doc_processing"": 2, ""monitoring"": 1}, {""research"": 5, ""code_review"": 0, ""doc_processing"": 2, ""monitoring"": 1}, {""research"": 0, ""code_review"": 3, ""doc_processing"": 4, ""monitoring"": 1}, {""research"": 2, ""code_review"": 0, ""doc_processing"": 4, ""monitoring"": 2}, {""research"": 1, ""code_review"": 4, ""doc_processing"": 2, ""monitoring"": 1}]","[3, 4, 3, 3, 3, 4]",0.3333333333333333,3.3333333333333335,0.7591727554295443,0.44166666666666665,0.03662195509797564,0.022806964061529936,"{""COMPUTE"": 930, ""MEMORY"": 765, ""API_CREDITS"": 435, ""DATASET"": 168}","{""COMPUTE"": 715, ""MEMORY"": 588, ""API_CREDITS"": 335, ""DATASET"": 129}","{""COMPUTE"": 1.3006993006993006, ""MEMORY"": 1.3010204081632653, ""API_CREDITS"": 1.2985074626865671, ""DATASET"": 1.302325581395349}",4,[],"{""COMPUTE"": 0.008391608391608392, ""MEMORY"": 0.01020408163265306, ""API_CREDITS"": 0.01791044776119403, ""DATASET"": 0.046511627906976744}",exact_pending_queue,0,
workload,dirichlet_3.0__high,dirichlet_3.0,dirichlet,3.0,unit,high,1.9,2098221685,93ed2aaa7304fbe1,63d1217705a6b646,"[[0.4542336071705834, 0.15216392586672745, 0.1898534486108804, 0.20374901835180873], [0.44317550374133285, 0.12510488870738495, 0.10688218642880323, 0.3248374211224788], [0.32162545526813047, 0.16527084534252542, 0.12842692675810313, 0.38467677263124084], [0.17319585745816482, 0.24139866846781294, 0.3780988209010427, 0.20730665317297964], [0.07167527920790945, 0.18891301332793425, 0.36959306516714285, 0.3698186422970134], [0.07838682170624375, 0.5518482958373288, 0.12939499335218027, 0.24036988910424728]]","[{""research"": 6, ""code_review"": 2, ""doc_processing"": 0, ""monitoring"": 0}, {""research"": 3, ""code_review"": 0, ""doc_processing"": 3, ""monitoring"": 2}, {""research"": 5, ""code_review"": 0, ""doc_processing"": 2, ""monitoring"": 1}, {""research"": 0, ""code_review"": 1, ""doc_processing"": 3, ""monitoring"": 4}, {""research"": 2, ""code_review"": 2, ""doc_processing"": 2, ""monitoring"": 2}, {""research"": 0, ""code_review"": 6, ""doc_processing"": 0, ""monitoring"": 2}]","[2, 3, 3, 3, 4, 2]",0.16666666666666666,2.8333333333333335,0.657355698025197,0.5416666666666666,0.021401736020235786,0.013914994298897594,"{""COMPUTE"": 962, ""MEMORY"": 811, ""API_CREDITS"": 449, ""DATASET"": 216}","{""COMPUTE"": 506, ""MEMORY"": 427, ""API_CREDITS"": 236, ""DATASET"": 114}","{""COMPUTE"": 1.901185770750988, ""MEMORY"": 1.899297423887588, ""API_CREDITS"": 1.902542372881356, ""DATASET"": 1.894736842105263}",4,[],"{""COMPUTE"": 0.011857707509881422, ""MEMORY"": 0.01405152224824356, ""API_CREDITS"": 0.025423728813559324, ""DATASET"": 0.05263157894736842}",exact_pending_queue,0,
workload,dirichlet_3.0__high,dirichlet_3.0,dirichlet,3.0,unit,high,1.9,1138347673,bb1272e6e876157d,9658c6f5c09bd64c,"[[0.3538626401139977, 0.2235819730980595, 0.19483512402588324, 0.22772026276205956], [0.4087981754322524, 0.1318631356058503, 0.17245151841065412, 0.2868871705512433], [0.12019019320824019, 0.2350897612850554, 0.2316317330184964, 0.4130883124882081], [0.4765262753492286, 0.244857279221761, 0.090468448362452, 0.18814799706655827], [0.3472131280429873, 0.20997940448126784, 0.26050661728437946, 0.18230085019136552], [0.23422734947147136, 0.3164224902930735, 0.026547771664782973, 0.4228023885706721]]","[{""research"": 3, ""code_review"": 2, ""doc_processing"": 1, ""monitoring"": 2}, {""research"": 3, ""code_review"": 3, ""doc_processing"": 1, ""monitoring"": 1}, {""research"": 1, ""code_review"": 2, ""doc_processing"": 1, ""monitoring"": 4}, {""research"": 6, ""code_review"": 2, ""doc_processing"": 0, ""monitoring"": 0}, {""research"": 3, ""code_review"": 1, ""doc_processing"": 2, ""monitoring"": 2}, {""research"": 1, ""code_review"": 3, ""doc_processing"": 0, ""monitoring"": 4}]","[4, 4, 4, 2, 4, 3]",0.6666666666666666,3.5,0.7991227863005804,0.35833333333333334,0.03988928063446808,0.02797638856280607,"{""COMPUTE"": 922, ""MEMORY"": 794, ""API_CREDITS"": 430, ""DATASET"": 240}","{""COMPUTE"": 485, ""MEMORY"": 418, ""API_CREDITS"": 226, ""DATASET"": 126}","{""COMPUTE"": 1.9010309278350515, ""MEMORY"": 1.8995215311004785, ""API_CREDITS"": 1.9026548672566372, ""DATASET"": 1.9047619047619047}",4,[],"{""COMPUTE"": 0.012371134020618556, ""MEMORY"": 0.014354066985645933, ""API_CREDITS"": 0.02654867256637168, ""DATASET"": 0.047619047619047616}",exact_pending_queue,0,
workload,dirichlet_3.0__high,dirichlet_3.0,dirichlet,3.0,unit,high,1.9,2342860720,ca6399fc6bec642a,a5e641e798906e6a,"[[0.1297459203703243, 0.1851563355366959, 0.4895058686739748, 0.19559187541900508], [0.180515480396932, 0.13535863788722835, 0.5244657618271651, 0.15966011988867457], [0.31964144060630195, 0.20388726429802073, 0.4634381314307635, 0.013033163664913618], [0.10149299629087466, 0.351553244569403, 0.481607374588164, 0.06534638455155838], [0.37922890441702445, 0.2827564802819505, 0.16585786472541217, 0.17215675057561272], [0.2993224886738872, 0.28058236362658817, 0.2773343795964798, 0.14276076810304467]]","[{""research"": 0, ""code_review"": 3, ""doc_processing"": 3, ""monitoring"": 2}, {""research"": 1, ""code_review"": 2, ""doc_processing"": 4, ""monitoring"": 1}, {""research"": 3, ""code_review"": 1, ""doc_processing"": 4, ""monitoring"": 0}, {""research"": 1, ""code_review"": 3, ""doc_processing"": 4, ""monitoring"": 0}, {""research"": 3, ""code_review"": 1, ""doc_processing"": 3, ""monitoring"": 1}, {""research"": 3, ""code_review"": 3, ""doc_processing"": 2, ""monitoring"": 0}]","[3, 4, 3, 3, 4, 3]",0.3333333333333333,3.3333333333333335,0.791259374819711,0.2833333333333333,0.022425393997464807,0.013587037128091761,"{""COMPUTE"": 976, ""MEMORY"": 779, ""API_CREDITS"": 469, ""DATASET"": 120}","{""COMPUTE"": 514, ""MEMORY"": 410, ""API_CREDITS"": 247, ""DATASET"": 63}","{""COMPUTE"": 1.8988326848249026, ""MEMORY"": 1.9, ""API_CREDITS"": 1.8987854251012146, ""DATASET"": 1.9047619047619047}",4,[],"{""COMPUTE"": 0.011673151750972763, ""MEMORY"": 0.014634146341463415, ""API_CREDITS"": 0.024291497975708502, ""DATASET"": 0.09523809523809523}",exact_pending_queue,0,
workload,dirichlet_3.0__high,dirichlet_3.0,dirichlet,3.0,unit,high,1.9,1473714878,788bfae873eebfaa,ac861ddddb0d656f,"[[0.48248552354132473, 0.04130515182294242, 0.27964023203559246, 0.19656909260014038], [0.2755458051848711, 0.2850270529930143, 0.23479530238912566, 0.20463183943298896], [0.2360150974313118, 0.4870556723330253, 0.13285176699927329, 0.14407746323638954], [0.5161658853869309, 0.09569208604687379, 0.09366592804848764, 0.2944761005177077], [0.27607168451234976, 0.3097077101409251, 0.28976060578099094, 0.12445999956573425], [0.3987277524957295, 0.27816906446749623, 0.03854882542979142, 0.2845543576069829]]","[{""research"": 2, ""code_review"": 2, ""doc_processing"": 2, ""monitoring"": 2}, {""research"": 2, ""code_review"": 2, ""doc_processing"": 3, ""monitoring"": 1}, {""research"": 2, ""code_review"": 4, ""doc_processing"": 2, ""monitoring"": 0}, {""research"": 7, ""code_review"": 0, ""doc_processing"": 0, ""monitoring"": 1}, {""research"": 1, ""code_review"": 0, ""doc_processing"": 7, ""monitoring"": 0}, {""research"": 5, ""code_review"": 2, ""doc_processing"": 0, ""monitoring"": 1}]","[4, 4, 3, 2, 2, 3]",0.3333333333333333,3.0,0.6492969074436798,0.5083333333333333,0.04013963781259059,0.02628450785296238,"{""COMPUTE"": 1094, ""MEMORY"": 900, ""API_CREDITS"": 528, ""DATASET"": 192}","{""COMPUTE"": 576, ""MEMORY"": 474, ""API_CREDITS"": 278, ""DATASET"": 101}","{""COMPUTE"": 1.8993055555555556, ""MEMORY"": 1.8987341772151898, ""API_CREDITS"": 1.8992805755395683, ""DATASET"": 1.900990099009901}",4,[],"{""COMPUTE"": 0.010416666666666666, ""MEMORY"": 0.012658227848101266, ""API_CREDITS"": 0.02158273381294964, ""DATASET"": 0.0594059405940594}",exact_pending_queue,0,
workload,dirichlet_3.0__high,dirichlet_3.0,dirichlet,3.0,unit,high,1.9,2114544130,ba8ad79b58547176,a022ce553d7ef31e,"[[0.11680994803213991, 0.25305216306100475, 0.4224889936130236, 0.20764889529383168], [0.190076033669802, 0.4640155975132016, 0.16319642738369605, 0.18271194143330033], [0.20357854493102623, 0.1356492418622575, 0.10378808586714314, 0.5569841273395731], [0.08977272456449939, 0.47646964472347586, 0.18990452177496125, 0.24385310893706347], [0.4857483971126351, 0.15135387802947312, 0.14470445212490407, 0.21819327273298764], [0.3344192238184776, 0.11658206170601795, 0.23205677430288596, 0.31694194017261856]]","[{""research"": 0, ""code_review"": 0, ""doc_processing"": 7, ""monitoring"": 1}, {""research"": 1, ""code_review"": 3, ""doc_processing"": 2, ""monitoring"": 2}, {""research"": 1, ""code_review"": 1, ""doc_processing"": 2, ""monitoring"": 4}, {""research"": 0, ""code_review"": 3, ""doc_processing"": 1, ""monitoring"": 4}, {""research"": 2, ""code_review"": 2, ""doc_processing"": 1, ""monitoring"": 3}, {""research"": 2, ""code_review"": 2, ""doc_processing"": 3, ""monitoring"": 1}]","[2, 4, 4, 3, 4, 4]",0.6666666666666666,3.5,0.7846767243431553,0.4083333333333333,0.05885751770548587,0.03904850784699063,"{""COMPUTE"": 786, ""MEMORY"": 653, ""API_CREDITS"": 343, ""DATASET"": 168}","{""COMPUTE"": 414, ""MEMORY"": 344, ""API_CREDITS"": 181, ""DATASET"": 88}","{""COMPUTE"": 1.8985507246376812, ""MEMORY"": 1.8982558139534884, ""API_CREDITS"": 1.8950276243093922, ""DATASET"": 1.9090909090909092}",4,[],"{""COMPUTE"": 0.014492753623188406, ""MEMORY"": 0.01744186046511628, ""API_CREDITS"": 0.03314917127071823, ""DATASET"": 0.06818181818181818}",exact_pending_queue,0,
workload,dirichlet_3.0__high,dirichlet_3.0,dirichlet,3.0,unit,high,1.9,147595965,d23e838d20dda4d5,c6163890fb0bf2df,"[[0.18476677236843547, 0.14927419538124048, 0.47622360730826857, 0.1897354249420555], [0.1514374051210018, 0.23014224554670026, 0.2585197452986927, 0.35990060403360524], [0.21468491833794373, 0.42901669867177417, 0.2350244819268, 0.12127390106348203], [0.12570710148415104, 0.1471569378482917, 0.6130665381874738, 0.11406942248008352], [0.2684046946360251, 0.30078077720364554, 0.2470786493263302, 0.18373587883399925], [0.34683054702510835, 0.23590250269347277, 0.23656136872214878, 0.18070558155927013]]","[{""research"": 1, ""code_review"": 0, ""doc_processing"": 4, ""monitoring"": 3}, {""research"": 3, ""code_review"": 2, ""doc_processing"": 2, ""monitoring"": 1}, {""research"": 0, ""code_review"": 6, ""doc_processing"": 1, ""monitoring"": 1}, {""research"": 1, ""code_review"": 1, ""doc_processing"": 5, ""monitoring"": 1}, {""research"": 1, ""code_review"": 2, ""doc_processing"": 3, ""monitoring"": 2}, {""research"": 4, ""code_review"": 2, ""doc_processing"": 1, ""monitoring"": 1}]","[3, 4, 3, 4, 4, 4]",0.6666666666666666,3.6666666666666665,0.7980825209869359,0.425,0.030573174905497092,0.019049738114193332,"{""COMPUTE"": 894, ""MEMORY"": 731, ""API_CREDITS"": 417, ""DATASET"": 152}","{""COMPUTE"": 471, ""MEMORY"": 385, ""API_CREDITS"": 219, ""DATASET"": 80}","{""COMPUTE"": 1.8980891719745223, ""MEMORY"": 1.8987012987012988, ""API_CREDITS"": 1.904109589041096, ""DATASET"": 1.9}",4,[],"{""COMPUTE"": 0.012738853503184714, ""MEMORY"": 0.015584415584415584, ""API_CREDITS"": 0.0273972602739726, ""DATASET"": 0.075}",exact_pending_queue,0,
workload,dirichlet_3.0__high,dirichlet_3.0,dirichlet,3.0,unit,high,1.9,393081195,81660a332a26f7eb,8c119d90e073d0cf,"[[0.22761580563438447, 0.23186065229175418, 0.32229218501191514, 0.21823135706194613], [0.2123521312700681, 0.23133809799650634, 0.2805105143641263, 0.2757992563692993], [0.38703106736397114, 0.136449652915005, 0.34670160535985417, 0.1298176743611697], [0.16011110273577775, 0.24979045277466194, 0.21419112121018938, 0.3759073232793709], [0.07220759865176167, 0.4450417120325794, 0.1130065628274609, 0.36974412648819804], [0.15492363549197935, 0.18476640898872843, 0.36738709968116756, 0.29292285583812466]]","[{""research"": 2, ""code_review"": 2, ""doc_processing"": 4, ""monitoring"": 0}, {""research"": 3, ""code_review"": 2, ""doc_processing"": 2, ""monitoring"": 1}, {""research"": 6, ""code_review"": 1, ""doc_processing"": 1, ""monitoring"": 0}, {""research"": 2, ""code_review"": 1, ""doc_processing"": 3, ""monitoring"": 2}, {""research"": 1, ""code_review"": 4, ""doc_processing"": 0, ""monitoring"": 3}, {""research"": 3, ""code_review"": 2, ""doc_processing"": 3, ""monitoring"": 0}]","[3, 4, 3, 4, 3, 3]",0.3333333333333333,3.3333333333333335,0.7782894529672472,0.4,0.03712641101770691,0.022164351559788253,"{""COMPUTE"": 1032, ""MEMORY"": 851, ""API_CREDITS"": 497, ""DATASET"": 184}","{""COMPUTE"": 543, ""MEMORY"": 448, ""API_CREDITS"": 262, ""DATASET"": 97}","{""COMPUTE"": 1.9005524861878453, ""MEMORY"": 1.8995535714285714, ""API_CREDITS"": 1.8969465648854962, ""DATASET"": 1.8969072164948453}",4,[],"{""COMPUTE"": 0.011049723756906077, ""MEMORY"": 0.013392857142857142, ""API_CREDITS"": 0.022900763358778626, ""DATASET"": 0.061855670103092786}",exact_pending_queue,0,
workload,dirichlet_3.0__high,dirichlet_3.0,dirichlet,3.0,unit,high,1.9,1217898226,1237aa56f8991fe4,bc704f46dbbccb99,"[[0.5275564275824988, 0.12742773426324258, 0.151214272030847, 0.19380156612341176], [0.24552136240472852, 0.20368228311087247, 0.2840856874824134, 0.2667106670019857], [0.2884070661244218, 0.24774518208551616, 0.2866655617708536, 0.17718219001920835], [0.06774886829123523, 0.11395991404469813, 0.21751851395351762, 0.600772703710549], [0.19934661702815742, 0.10153955233786231, 0.2622376149008995, 0.4368762157330808], [0.06976385379287034, 0.33769851656803124, 0.44568604823997404, 0.14685158139912433]]","[{""research"": 1, ""code_review"": 1, ""doc_processing"": 1, ""monitoring"": 5}, {""research"": 1, ""code_review"": 5, ""doc_processing"": 1, ""monitoring"": 1}, {""research"": 1, ""code_review"": 3, ""doc_processing"": 4, ""monitoring"": 0}, {""research"": 0, ""code_review"": 0, ""doc_processing"": 3, ""monitoring"": 5}, {""research"": 3, ""code_review"": 2, ""doc_processing"": 1, ""monitoring"": 2}, {""research"": 2, ""code_review"": 2, ""doc_processing"": 4, ""monitoring"": 0}]","[4, 4, 3, 2, 4, 3]",0.5,3.3333333333333335,0.7386085007312412,0.48333333333333334,0.07553922125092152,0.05157314101721495,"{""COMPUTE"": 814, ""MEMORY"": 677, ""API_CREDITS"": 367, ""DATASET"": 168}","{""COMPUTE"": 428, ""MEMORY"": 356, ""API_CREDITS"": 193, ""DATASET"": 88}","{""COMPUTE"": 1.9018691588785046, ""MEMORY"": 1.901685393258427, ""API_CREDITS"": 1.9015544041450778, ""DATASET"": 1.9090909090909092}",4,[],"{""COMPUTE"": 0.014018691588785047, ""MEMORY"": 0.016853932584269662, ""API_CREDITS"": 0.031088082901554404, ""DATASET"": 0.06818181818181818}",exact_pending_queue,0,
workload,dirichlet_3.0__high,dirichlet_3.0,dirichlet,3.0,unit,high,1.9,1595745102,8d51c199245f28f7,08915e7ab0fd5053,"[[0.18814604947458363, 0.2056628179084461, 0.4713823468369683, 0.13480878578000183], [0.23315669508904813, 0.48762104374952964, 0.16193124108204074, 0.11729102007938143], [0.1634080568974934, 0.1842576311932779, 0.4268034769988072, 0.22553083491042145], [0.3875328187776873, 0.22870049676504237, 0.29929269462425384, 0.0844739898330165], [0.3288005577905098, 0.3000554277969096, 0.10347633982456178, 0.26766767458801877], [0.25796360382520056, 0.2981000014099501, 0.3487637187559962, 0.09517267600885312]]","[{""research"": 0, ""code_review"": 1, ""doc_processing"": 5, ""monitoring"": 2}, {""research"": 3, ""code_review"": 3, ""doc_processing"": 0, ""monitoring"": 2}, {""research"": 1, ""code_review"": 0, ""doc_processing"": 4, ""monitoring"": 3}, {""research"": 1, ""code_review"": 1, ""doc_processing"": 5, ""monitoring"": 1}, {""research"": 2, ""code_review"": 3, ""doc_processing"": 0, ""monitoring"": 3}, {""research"": 2, ""code_review"": 2, ""doc_processing"": 4, ""monitoring"": 0}]","[3, 3, 3, 4, 3, 3]",0.16666666666666666,3.1666666666666665,0.7396487660448857,0.425,0.046158106693667156,0.031525878664411165,"{""COMPUTE"": 890, ""MEMORY"": 728, ""API_CREDITS"": 404, ""DATASET"": 160}","{""COMPUTE"": 468, ""MEMORY"": 383, ""API_CREDITS"": 213, ""DATASET"": 84}","{""COMPUTE"": 1.9017094017094016, ""MEMORY"": 1.9007832898172323, ""API_CREDITS"": 1.8967136150234742, ""DATASET"": 1.9047619047619047}",4,[],"{""COMPUTE"": 0.01282051282051282, ""MEMORY"": 0.015665796344647518, ""API_CREDITS"": 0.028169014084507043, ""DATASET"": 0.07142857142857142}",exact_pending_queue,0,
workload,dirichlet_3.0__high,dirichlet_3.0,dirichlet,3.0,unit,high,1.9,2413048586,a187d35cab50b3c7,97f952c35960ca8c,"[[0.3397448087530891, 0.11011740258872159, 0.09160031634381306, 0.45853747231437636], [0.18101956820895646, 0.3361962617438766, 0.24368335664537527, 0.23910081340179165], [0.43780723578610975, 0.19813441078414964, 0.15987063469441656, 0.20418771873532401], [0.3907562704074448, 0.1876001845997799, 0.09673210452271896, 0.3249114404700563], [0.2673876797650902, 0.2942560431876571, 0.32717390125279877, 0.11118237579445406], [0.28695765013524444, 0.15295681031964695, 0.28704366092084554, 0.27304187862426316]]","[{""research"": 2, ""code_review"": 1, ""doc_processing"": 2, ""monitoring"": 3}, {""research"": 2, ""code_review"": 3, ""doc_processing"": 1, ""monitoring"": 2}, {""research"": 4, ""code_review"": 2, ""doc_processing"": 2, ""monitoring"": 0}, {""research"": 2, ""code_review"": 2, ""doc_processing"": 2, ""monitoring"": 2}, {""research"": 3, ""code_review"": 2, ""doc_processing"": 3, ""monitoring"": 0}, {""research"": 3, ""code_review"": 0, ""doc_processing"": 2, ""monitoring"": 3}]","[4, 4, 3, 4, 3, 3]",0.5,3.5,0.8694861977814498,0.275,0.02951531049981808,0.019109233875208163,"{""COMPUTE"": 988, ""MEMORY"": 826, ""API_CREDITS"": 462, ""DATASET"": 208}","{""COMPUTE"": 520, ""MEMORY"": 435, ""API_CREDITS"": 243, ""DATASET"": 109}","{""COMPUTE"": 1.9, ""MEMORY"": 1.8988505747126436, ""API_CREDITS"": 1.9012345679012346, ""DATASET"": 1.908256880733945}",4,[],"{""COMPUTE"": 0.011538461538461539, ""MEMORY"": 0.013793103448275862, ""API_CREDITS"": 0.024691358024691357, ""DATASET"": 0.05504587155963303}",exact_pending_queue,0,
workload,dirichlet_3.0__high,dirichlet_3.0,dirichlet,3.0,unit,high,1.9,453209340,650997eb77efaea1,72e7f10401343949,"[[0.14390178629303985, 0.42314875943775315, 0.07223896623463737, 0.36071048803456957], [0.16318186378841354, 0.29140891117437334, 0.12747005843053696, 0.4179391666066761], [0.11629838602303375, 0.14693246168643706, 0.5180839076051779, 0.21868524468535136], [0.3593856080408993, 0.4651277897341317, 0.07847097616508163, 0.09701562605988731], [0.2360763776124578, 0.10870079645489256, 0.2152063581714187, 0.4400164677612308], [0.24172931540664483, 0.21317711248350413, 0.39201823182090223, 0.153075340288949]]","[{""research"": 2, ""code_review"": 1, ""doc_processing"": 1, ""monitoring"": 4}, {""research"": 1, ""code_review"": 3, ""doc_processing"": 1, ""monitoring"": 3}, {""research"": 1, ""code_review"": 1, ""doc_processing"": 6, ""monitoring"": 0}, {""research"": 2, ""code_review"": 5, ""doc_processing"": 1, ""monitoring"": 0}, {""research"": 2, ""code_review"": 0, ""doc_processing"": 2, ""monitoring"": 4}, {""research"": 1, ""code_review"": 6, ""doc_processing"": 1, ""monitoring"": 0}]","[4, 4, 3, 3, 3, 3]",0.3333333333333333,3.3333333333333335,0.7068857761727331,0.48333333333333334,0.06663837523189328,0.0484646752719489,"{""COMPUTE"": 818, ""MEMORY"": 680, ""API_CREDITS"": 380, ""DATASET"": 160}","{""COMPUTE"": 431, ""MEMORY"": 358, ""API_CREDITS"": 200, ""DATASET"": 84}","{""COMPUTE"": 1.8979118329466358, ""MEMORY"": 1.899441340782123, ""API_CREDITS"": 1.9, ""DATASET"": 1.9047619047619047}",4,[],"{""COMPUTE"": 0.013921113689095127, ""MEMORY"": 0.01675977653631285, ""API_CREDITS"": 0.03, ""DATASET"": 0.07142857142857142}",exact_pending_queue,0,
workload,dirichlet_3.0__high,dirichlet_3.0,dirichlet,3.0,unit,high,1.9,2920410359,3402ac532e55f2cb,fd1684b6ce166742,"[[0.16176847908025, 0.37282710161905447, 0.2645549010592186, 0.20084951824147687], [0.1923095879589211, 0.3300986022802667, 0.14132992621564316, 0.3362618835451691], [0.5948973991892675, 0.1156679127735612, 0.22229487128517408, 0.06713981675199723], [0.48419216509512475, 0.07793945321994268, 0.13847489303470079, 0.29939348865023185], [0.501150117738275, 0.309786325951365, 0.03875205660723453, 0.15031149970312543], [0.25835380049901296, 0.19783581700514813, 0.33275801377857456, 0.21105236871726432]]","[{""research"": 0, ""code_review"": 4, ""doc_processing"": 4, ""monitoring"": 0}, {""research"": 1, ""code_review"": 2, ""doc_processing"": 2, ""monitoring"": 3}, {""research"": 5, ""code_review"": 0, ""doc_processing"": 3, ""monitoring"": 0}, {""research"": 7, ""code_review"": 0, ""doc_processing"": 0, ""monitoring"": 1}, {""research"": 4, ""code_review"": 2, ""doc_processing"": 0, ""monitoring"": 2}, {""research"": 2, ""code_review"": 2, ""doc_processing"": 3, ""monitoring"": 1}]","[2, 4, 2, 2, 3, 4]",0.3333333333333333,2.8333333333333335,0.6507730475486412,0.525,0.048871522499885474,0.030784422146934737,"{""COMPUTE"": 1066, ""MEMORY"": 886, ""API_CREDITS"": 510, ""DATASET"": 208}","{""COMPUTE"": 561, ""MEMORY"": 466, ""API_CREDITS"": 268, ""DATASET"": 109}","{""COMPUTE"": 1.9001782531194296, ""MEMORY"": 1.9012875536480687, ""API_CREDITS"": 1.9029850746268657, ""DATASET"": 1.908256880733945}",4,[],"{""COMPUTE"": 0.0106951871657754, ""MEMORY"": 0.012875536480686695, ""API_CREDITS"": 0.022388059701492536, ""DATASET"": 0.045871559633027525}",exact_pending_queue,0,
workload,dirichlet_3.0__high,dirichlet_3.0,dirichlet,3.0,unit,high,1.9,4282649469,991007ef00050d23,1f0dabb70ad444e5,"[[0.21954481374298096, 0.08231745408691862, 0.5284603453970921, 0.16967738677300823], [0.30053389442936057, 0.4647226429072545, 0.03644423831441093, 0.1982992243489739], [0.21889761799448076, 0.31611798867110397, 0.4009754781821863, 0.06400891515222897], [0.1276223509230546, 0.24918937064925598, 0.3758941097714689, 0.24729416865622042], [0.4279187775548413, 0.09553477212461628, 0.36109277769505305, 0.11545367262548943], [0.5383006834437929, 0.2348027218602396, 0.13250469927401556, 0.09439189542195196]]","[{""research"": 3, ""code_review"": 0, ""doc_processing"": 5, ""monitoring"": 0}, {""research"": 2, ""code_review"": 5, ""doc_processing"": 0, ""monitoring"": 1}, {""research"": 1, ""code_review"": 4, ""doc_processing"": 3, ""monitoring"": 0}, {""research"": 1, ""code_review"": 3, ""doc_processing"": 3, ""monitoring"": 1}, {""research"": 3, ""code_review"": 0, ""doc_processing"": 3, ""monitoring"": 2}, {""research"": 5, ""code_review"": 2, ""doc_processing"": 0, ""monitoring"": 1}]","[2, 3, 3, 4, 3, 3]",0.16666666666666666,3.0,0.6941849329552996,0.4666666666666667,0.03447332033127016,0.023231967312952472,"{""COMPUTE"": 998, ""MEMORY"": 816, ""API_CREDITS"": 484, ""DATASET"": 160}","{""COMPUTE"": 525, ""MEMORY"": 429, ""API_CREDITS"": 255, ""DATASET"": 84}","{""COMPUTE"": 1.900952380952381, ""MEMORY"": 1.902097902097902, ""API_CREDITS"": 1.8980392156862744, ""DATASET"": 1.9047619047619047}",4,[],"{""COMPUTE"": 0.011428571428571429, ""MEMORY"": 0.013986013986013986, ""API_CREDITS"": 0.023529411764705882, ""DATASET"": 0.07142857142857142}",exact_pending_queue,0,
workload,dirichlet_3.0__high,dirichlet_3.0,dirichlet,3.0,unit,high,1.9,2089981338,46c2ed6ee54a4696,60fcd039e83d015e,"[[0.08220016201823734, 0.4651941348130368, 0.3802608036666825, 0.07234489950204324], [0.19894440881607775, 0.1465557381471574, 0.24333407667641369, 0.4111657763603512], [0.1681577381412977, 0.45013330829213727, 0.19677100638401174, 0.1849379471825533], [0.36721445010450937, 0.13066429137783486, 0.2931605632781195, 0.20896069523953645], [0.06959944161980766, 0.1620363534129243, 0.2504287013309166, 0.5179355036363513], [0.26571542969802936, 0.21206376542421845, 0.29525209484624493, 0.22696871003150734]]","[{""research"": 0, ""code_review"": 3, ""doc_processing"": 5, ""monitoring"": 0}, {""research"": 2, ""code_review"": 0, ""doc_processing"": 1, ""monitoring"": 5}, {""research"": 2, ""code_review"": 4, ""doc_processing"": 2, ""monitoring"": 0}, {""research"": 2, ""code_review"": 1, ""doc_processing"": 3, ""monitoring"": 2}, {""research"": 2, ""code_review"": 0, ""doc_processing"": 2, ""monitoring"": 4}, {""research"": 2, ""code_review"": 1, ""doc_processing"": 2, ""monitoring"": 3}]","[2, 3, 3, 4, 3, 4]",0.3333333333333333,3.1666666666666665,0.7553755890066247,0.4166666666666667,0.07314861791685716,0.04596966050769535,"{""COMPUTE"": 872, ""MEMORY"": 728, ""API_CREDITS"": 388, ""DATASET"": 192}","{""COMPUTE"": 459, ""MEMORY"": 383, ""API_CREDITS"": 204, ""DATASET"": 101}","{""COMPUTE"": 1.8997821350762527, ""MEMORY"": 1.9007832898172323, ""API_CREDITS"": 1.9019607843137254, ""DATASET"": 1.900990099009901}",4,[],"{""COMPUTE"": 0.013071895424836602, ""MEMORY"": 0.015665796344647518, ""API_CREDITS"": 0.029411764705882353, ""DATASET"": 0.04950495049504951}",exact_pending_queue,0,
workload,dirichlet_3.0__high,dirichlet_3.0,dirichlet,3.0,unit,high,1.9,1751949247,909e41bf64f25495,bf1e6a0c59202c22,"[[0.21852394315084275, 0.17616903107590742, 0.14545859137448403, 0.459848434398766], [0.1362007076919509, 0.10622095104594095, 0.32526448378688766, 0.43231385747522055], [0.2255404446173398, 0.47023084819686817, 0.22598311728449091, 0.07824558990130102], [0.0500269579070908, 0.6033752632116222, 0.30110790041681806, 0.04548987846446886], [0.2700856762846091, 0.1674267146899174, 0.18903401996677577, 0.37345358905869774], [0.2575724564204965, 0.39260157799889794, 0.09362003542170662, 0.2562059301588988]]","[{""research"": 3, ""code_review"": 3, ""doc_processing"": 2, ""monitoring"": 0}, {""research"": 3, ""code_review"": 0, ""doc_processing"": 1, ""monitoring"": 4}, {""research"": 1, ""code_review"": 7, ""doc_processing"": 0, ""monitoring"": 0}, {""research"": 0, ""code_review"": 6, ""doc_processing"": 2, ""monitoring"": 0}, {""research"": 4, ""code_review"": 0, ""doc_processing"": 1, ""monitoring"": 3}, {""research"": 5, ""code_review"": 2, ""doc_processing"": 0, ""monitoring"": 1}]","[3, 3, 2, 2, 3, 3]",0.0,2.6666666666666665,0.5855161464393661,0.5583333333333333,0.06565413319607424,0.04367844748546459,"{""COMPUTE"": 920, ""MEMORY"": 776, ""API_CREDITS"": 448, ""DATASET"": 192}","{""COMPUTE"": 484, ""MEMORY"": 408, ""API_CREDITS"": 236, ""DATASET"": 101}","{""COMPUTE"": 1.9008264462809918, ""MEMORY"": 1.9019607843137254, ""API_CREDITS"": 1.8983050847457628, ""DATASET"": 1.900990099009901}",4,[],"{""COMPUTE"": 0.012396694214876033, ""MEMORY"": 0.014705882352941176, ""API_CREDITS"": 0.025423728813559324, ""DATASET"": 0.04950495049504951}",exact_pending_queue,0,
workload,dirichlet_3.0__high,dirichlet_3.0,dirichlet,3.0,unit,high,1.9,4210982914,c2a33fdf37cc2dfc,00638e4208d08c76,"[[0.33290275860988466, 0.25503921791706385, 0.07007823563111329, 0.3419797878419382], [0.35871508568914223, 0.20068635089120263, 0.12969191009966838, 0.3109066533199868], [0.5156927515172459, 0.18324899463482056, 0.136860673596583, 0.16419758025135062], [0.37568366459942104, 0.2607284021110666, 0.13491272981822758, 0.2286752034712849], [0.10468379493404699, 0.2839564258178717, 0.22686416138416074, 0.3844956178639206], [0.20239516945275685, 0.3017892202846592, 0.3237916504565778, 0.17202395980600607]]","[{""research"": 2, ""code_review"": 0, ""doc_processing"": 2, ""monitoring"": 4}, {""research"": 5, ""code_review"": 1, ""doc_processing"": 2, ""monitoring"": 0}, {""research"": 3, ""code_review"": 2, ""doc_processing"": 1, ""monitoring"": 2}, {""research"": 2, ""code_review"": 2, ""doc_processing"": 2, ""monitoring"": 2}, {""research"": 0, ""code_review"": 2, ""doc_processing"": 3, ""monitoring"": 3}, {""research"": 0, ""code_review"": 2, ""doc_processing"": 6, ""monitoring"": 0}]","[3, 3, 4, 4, 3, 2]",0.3333333333333333,3.1666666666666665,0.7564158543202693,0.43333333333333335,0.05203915132140217,0.03117674792955438,"{""COMPUTE"": 938, ""MEMORY"": 775, ""API_CREDITS"": 429, ""DATASET"": 184}","{""COMPUTE"": 494, ""MEMORY"": 408, ""API_CREDITS"": 226, ""DATASET"": 97}","{""COMPUTE"": 1.8987854251012146, ""MEMORY"": 1.8995098039215685, ""API_CREDITS"": 1.8982300884955752, ""DATASET"": 1.8969072164948453}",4,[],"{""COMPUTE"": 0.012145748987854251, ""MEMORY"": 0.014705882352941176, ""API_CREDITS"": 0.02654867256637168, ""DATASET"": 0.05154639175257732}",exact_pending_queue,0,
workload,dirichlet_3.0__high,dirichlet_3.0,dirichlet,3.0,unit,high,1.9,3922112564,19a3fcef5417bf7c,3e51cb9a2f033d9f,"[[0.1151795120099334, 0.3005266145327389, 0.2994685314968322, 0.2848253419604957], [0.2224878295338992, 0.17398772874031082, 0.2517780537136543, 0.3517463880121357], [0.33513959208560173, 0.15213299707348124, 0.3033832566956758, 0.20934415414524118], [0.08743419594554948, 0.1566103773097493, 0.34166050659602, 0.41429492014868124], [0.25809318506307194, 0.15778218927372345, 0.3576350590431367, 0.22648956662006783], [0.09451184573860563, 0.7242006056227543, 0.10924284687683572, 0.07204470176180429]]","[{""research"": 0, ""code_review"": 2, ""doc_processing"": 4, ""monitoring"": 2}, {""research"": 1, ""code_review"": 1, ""doc_processing"": 2, ""monitoring"": 4}, {""research"": 2, ""code_review"": 1, ""doc_processing"": 4, ""monitoring"": 1}, {""research"": 2, ""code_review"": 1, ""doc_processing"": 3, ""monitoring"": 2}, {""research"": 2, ""code_review"": 2, ""doc_processing"": 2, ""monitoring"": 2}, {""research"": 2, ""code_review"": 5, ""doc_processing"": 0, ""monitoring"": 1}]","[3, 4, 4, 4, 4, 3]",0.6666666666666666,3.6666666666666665,0.8503695002437471,0.3416666666666667,0.035500368180226526,0.021138379789792276,"{""COMPUTE"": 852, ""MEMORY"": 705, ""API_CREDITS"": 387, ""DATASET"": 168}","{""COMPUTE"": 448, ""MEMORY"": 371, ""API_CREDITS"": 204, ""DATASET"": 88}","{""COMPUTE"": 1.9017857142857142, ""MEMORY"": 1.9002695417789757, ""API_CREDITS"": 1.8970588235294117, ""DATASET"": 1.9090909090909092}",4,[],"{""COMPUTE"": 0.013392857142857142, ""MEMORY"": 0.016172506738544475, ""API_CREDITS"": 0.029411764705882353, ""DATASET"": 0.06818181818181818}",exact_pending_queue,0,
workload,dirichlet_3.0__high,dirichlet_3.0,dirichlet,3.0,unit,high,1.9,183163032,b98d82ff69c7ea69,de81362f29f28f89,"[[0.07989911625649138, 0.1803545800417358, 0.390958938277904, 0.3487873654238688], [0.17965012343415288, 0.17586009066097327, 0.3616041189392057, 0.28288566696566814], [0.5440217452984738, 0.14040367240139834, 0.10725039033137454, 0.2083241919687535], [0.4769574698949033, 0.25189283553287056, 0.09963124635203945, 0.1715184482201866], [0.48687059774621605, 0.1026370504247376, 0.17180701287048492, 0.2386853389585613], [0.45317807155861356, 0.1211201003801963, 0.29520695027986504, 0.13049487778132515]]","[{""research"": 1, ""code_review"": 1, ""doc_processing"": 4, ""monitoring"": 2}, {""research"": 1, ""code_review"": 1, ""doc_processing"": 4, ""monitoring"": 2}, {""research"": 2, ""code_review"": 2, ""doc_processing"": 2, ""monitoring"": 2}, {""research"": 3, ""code_review"": 5, ""doc_processing"": 0, ""monitoring"": 0}, {""research"": 2, ""code_review"": 2, ""doc_processing"": 3, ""monitoring"": 1}, {""research"": 3, ""code_review"": 1, ""doc_processing"": 3, ""monitoring"": 1}]","[4, 4, 4, 2, 4, 4]",0.8333333333333334,3.6666666666666665,0.8476125991344721,0.3333333333333333,0.017373456942024534,0.011320444719491016,"{""COMPUTE"": 944, ""MEMORY"": 772, ""API_CREDITS"": 444, ""DATASET"": 160}","{""COMPUTE"": 497, ""MEMORY"": 406, ""API_CREDITS"": 234, ""DATASET"": 84}","{""COMPUTE"": 1.8993963782696177, ""MEMORY"": 1.9014778325123152, ""API_CREDITS"": 1.8974358974358974, ""DATASET"": 1.9047619047619047}",4,[],"{""COMPUTE"": 0.012072434607645875, ""MEMORY"": 0.014778325123152709, ""API_CREDITS"": 0.02564102564102564, ""DATASET"": 0.07142857142857142}",exact_pending_queue,0,
workload,dirichlet_3.0__high,dirichlet_3.0,dirichlet,3.0,unit,high,1.9,4222305526,ba6f71a552cdf630,9b06d70205c4cda3,"[[0.5127419029191462, 0.10553321763825349, 0.06615601765110785, 0.31556886179149235], [0.28393945929628955, 0.22745876198212853, 0.2703104671607124, 0.21829131156086953], [0.2557660732379281, 0.2466932305463312, 0.4061566843166399, 0.0913840118991007], [0.42769757651530393, 0.13845264566477097, 0.16842550508255114, 0.26542427273737385], [0.10279676639171235, 0.2973927030448463, 0.365899898158527, 0.2339106324049143], [0.1859057486340264, 0.26594293334338986, 0.09287733623756524, 0.4552739817850186]]","[{""research"": 5, ""code_review"": 0, ""doc_processing"": 1, ""monitoring"": 2}, {""research"": 1, ""code_review"": 1, ""doc_processing"": 2, ""monitoring"": 4}, {""research"": 2, ""code_review"": 1, ""doc_processing"": 5, ""monitoring"": 0}, {""research"": 3, ""code_review"": 1, ""doc_processing"": 3, ""monitoring"": 1}, {""research"": 0, ""code_review"": 3, ""doc_processing"": 3, ""monitoring"": 2}, {""research"": 1, ""code_review"": 5, ""doc_processing"": 0, ""monitoring"": 2}]","[3, 4, 3, 4, 3, 3]",0.3333333333333333,3.3333333333333335,0.7515784225837052,0.49166666666666664,0.04322435282275817,0.028422963580101823,"{""COMPUTE"": 914, ""MEMORY"": 759, ""API_CREDITS"": 421, ""DATASET"": 184}","{""COMPUTE"": 481, ""MEMORY"": 399, ""API_CREDITS"": 222, ""DATASET"": 97}","{""COMPUTE"": 1.9002079002079002, ""MEMORY"": 1.9022556390977443, ""API_CREDITS"": 1.8963963963963963, ""DATASET"": 1.8969072164948453}",4,[],"{""COMPUTE"": 0.012474012474012475, ""MEMORY"": 0.015037593984962405, ""API_CREDITS"": 0.02702702702702703, ""DATASET"": 0.061855670103092786}",exact_pending_queue,0,
workload,dirichlet_3.0__high,dirichlet_3.0,dirichlet,3.0,unit,high,1.9,3706283824,b3d309ee86b33287,e00d67d5dde54b7b,"[[0.08607306921149692, 0.3557472087635504, 0.17197665528535963, 0.386203066739593], [0.3963691504208044, 0.19846129057598194, 0.14321268128748818, 0.26195687771572557], [0.2815791569520273, 0.4177562617684483, 0.14072035151812093, 0.1599442297614036], [0.19295129071088013, 0.32171798137023205, 0.20445785004846054, 0.2808728778704273], [0.40235657855592455, 0.30347956700178824, 0.13752262276204041, 0.1566412316802468], [0.20177366811202804, 0.2840233727593887, 0.3499660117572262, 0.164236947371357]]","[{""research"": 1, ""code_review"": 4, ""doc_processing"": 1, ""monitoring"": 2}, {""research"": 2, ""code_review"": 3, ""doc_processing"": 1, ""monitoring"": 2}, {""research"": 3, ""code_review"": 3, ""doc_processing"": 0, ""monitoring"": 2}, {""research"": 4, ""code_review"": 2, ""doc_processing"": 1, ""monitoring"": 1}, {""research"": 0, ""code_review"": 5, ""doc_processing"": 1, ""monitoring"": 2}, {""research"": 3, ""code_review"": 2, ""doc_processing"": 3, ""monitoring"": 0}]","[4, 4, 3, 4, 3, 3]",0.5,3.5,0.8189158543202693,0.31666666666666665,0.022132274992902812,0.013488804211596988,"{""COMPUTE"": 858, ""MEMORY"": 722, ""API_CREDITS"": 414, ""DATASET"": 176}","{""COMPUTE"": 452, ""MEMORY"": 380, ""API_CREDITS"": 218, ""DATASET"": 93}","{""COMPUTE"": 1.8982300884955752, ""MEMORY"": 1.9, ""API_CREDITS"": 1.8990825688073394, ""DATASET"": 1.89247311827957}",4,[],"{""COMPUTE"": 0.01327433628318584, ""MEMORY"": 0.015789473684210527, ""API_CREDITS"": 0.027522935779816515, ""DATASET"": 0.06451612903225806}",exact_pending_queue,0,
workload,dirichlet_3.0__high,dirichlet_3.0,dirichlet,3.0,unit,high,1.9,927763105,302a4dcfdc77c1a7,48fd2039ce407ba7,"[[0.24602475672859336, 0.23827757711887437, 0.15289100943572373, 0.36280665671680856], [0.14098761977989172, 0.3173326546151046, 0.10164511918200286, 0.4400346064230007], [0.23969867404695316, 0.25280999868338433, 0.36905806909265915, 0.13843325817700336], [0.37315859729323136, 0.2344186138233083, 0.18891292663312165, 0.2035098622503386], [0.10497851496596283, 0.1231094951854036, 0.4889154620956178, 0.28299652775301576], [0.13431938819728162, 0.4221189101450202, 0.21476978811915534, 0.22879191353854272]]","[{""research"": 3, ""code_review"": 0, ""doc_processing"": 0, ""monitoring"": 5}, {""research"": 1, ""code_review"": 3, ""doc_processing"": 0, ""monitoring"": 4}, {""research"": 1, ""code_review"": 0, ""doc_processing"": 5, ""monitoring"": 2}, {""research"": 5, ""code_review"": 0, ""doc_processing"": 1, ""monitoring"": 2}, {""research"": 2, ""code_review"": 0, ""doc_processing"": 4, ""monitoring"": 2}, {""research"": 0, ""code_review"": 4, ""doc_processing"": 3, ""monitoring"": 1}]","[2, 3, 3, 3, 3, 3]",0.0,2.8333333333333335,0.6552751673979079,0.525,0.06505030372338233,0.04322216990215772,"{""COMPUTE"": 892, ""MEMORY"": 756, ""API_CREDITS"": 392, ""DATASET"": 224}","{""COMPUTE"": 469, ""MEMORY"": 398, ""API_CREDITS"": 206, ""DATASET"": 118}","{""COMPUTE"": 1.9019189765458422, ""MEMORY"": 1.899497487437186, ""API_CREDITS"": 1.9029126213592233, ""DATASET"": 1.8983050847457628}",4,[],"{""COMPUTE"": 0.01279317697228145, ""MEMORY"": 0.01507537688442211, ""API_CREDITS"": 0.02912621359223301, ""DATASET"": 0.05084745762711865}",exact_pending_queue,0,
workload,dirichlet_3.0__high,dirichlet_3.0,dirichlet,3.0,unit,high,1.9,642816875,9869054f53d2e34a,a2e53c1efc4d3dbb,"[[0.07845057617391607, 0.53237921084078, 0.2530570751103761, 0.13611313787492788], [0.20828091697151788, 0.22496600061286942, 0.38256417583399366, 0.1841889065816191], [0.3637737441479294, 0.0875506061065629, 0.20534214766305206, 0.3433335020824555], [0.3497051464128894, 0.17026186322660847, 0.32250112377311985, 0.15753186658738239], [0.35200648850233096, 0.26285749337102726, 0.063069399186553, 0.32206661894008876], [0.2173220409469195, 0.2207644835281463, 0.21495338744125617, 0.346960088083678]]","[{""research"": 3, ""code_review"": 3, ""doc_processing"": 2, ""monitoring"": 0}, {""research"": 2, ""code_review"": 1, ""doc_processing"": 2, ""monitoring"": 3}, {""research"": 3, ""code_review"": 2, ""doc_processing"": 1, ""monitoring"": 2}, {""research"": 3, ""code_review"": 0, ""doc_processing"": 3, ""monitoring"": 2}, {""research"": 4, ""code_review"": 2, ""doc_processing"": 1, ""monitoring"": 1}, {""research"": 2, ""code_review"": 3, ""doc_processing"": 0, ""monitoring"": 3}]","[3, 4, 4, 3, 4, 3]",0.5,3.5,0.853759374819711,0.30833333333333335,0.030047786233180725,0.018121964105559222,"{""COMPUTE"": 974, ""MEMORY"": 824, ""API_CREDITS"": 456, ""DATASET"": 224}","{""COMPUTE"": 513, ""MEMORY"": 434, ""API_CREDITS"": 240, ""DATASET"": 118}","{""COMPUTE"": 1.898635477582846, ""MEMORY"": 1.8986175115207373, ""API_CREDITS"": 1.9, ""DATASET"": 1.8983050847457628}",4,[],"{""COMPUTE"": 0.011695906432748537, ""MEMORY"": 0.013824884792626729, ""API_CREDITS"": 0.025, ""DATASET"": 0.05084745762711865}",exact_pending_queue,0,
workload,dirichlet_3.0__high,dirichlet_3.0,dirichlet,3.0,unit,high,1.9,2485047775,41d6b6d40d4a436c,615207e4f702b1b1,"[[0.23636504450275522, 0.41722516933199477, 0.24300258819921364, 0.10340719796603645], [0.32261278094306245, 0.18271432741154214, 0.2912953629016448, 0.20337752874375054], [0.23670431636063263, 0.1339700330347105, 0.0946570802923619, 0.534668570312295], [0.2609352363844486, 0.2655264623045843, 0.37518758947248065, 0.09835071183848647], [0.17955023540491158, 0.15157632618756994, 0.05016520383575063, 0.6187082345717678], [0.2966493878613313, 0.3222401714639662, 0.21465024589788806, 0.1664601947768144]]","[{""research"": 2, ""code_review"": 1, ""doc_processing"": 5, ""monitoring"": 0}, {""research"": 3, ""code_review"": 3, ""doc_processing"": 1, ""monitoring"": 1}, {""research"": 1, ""code_review"": 2, ""doc_processing"": 0, ""monitoring"": 5}, {""research"": 0, ""code_review"": 2, ""doc_processing"": 4, ""monitoring"": 2}, {""research"": 2, ""code_review"": 2, ""doc_processing"": 0, ""monitoring"": 4}, {""research"": 1, ""code_review"": 5, ""doc_processing"": 2, ""monitoring"": 0}]","[3, 4, 3, 3, 3, 3]",0.16666666666666666,3.1666666666666665,0.7256385788787774,0.49166666666666664,0.0790918425745742,0.05337907883831925,"{""COMPUTE"": 816, ""MEMORY"": 681, ""API_CREDITS"": 375, ""DATASET"": 168}","{""COMPUTE"": 429, ""MEMORY"": 358, ""API_CREDITS"": 197, ""DATASET"": 88}","{""COMPUTE"": 1.902097902097902, ""MEMORY"": 1.9022346368715084, ""API_CREDITS"": 1.9035532994923858, ""DATASET"": 1.9090909090909092}",4,[],"{""COMPUTE"": 0.013986013986013986, ""MEMORY"": 0.01675977653631285, ""API_CREDITS"": 0.030456852791878174, ""DATASET"": 0.06818181818181818}",exact_pending_queue,0,
workload,dirichlet_3.0__high,dirichlet_3.0,dirichlet,3.0,unit,high,1.9,1464621060,9b9c1e1c3639af2a,6167d3b644f3255a,"[[0.13855267258853013, 0.33462195738051015, 0.16889775306599933, 0.3579276169649605], [0.11780722655419211, 0.2775778469780834, 0.40709902016857297, 0.19751590629915158], [0.17410287963768503, 0.26209740893005046, 0.2428367415804639, 0.32096296985180056], [0.11697497208667532, 0.4673626340920223, 0.09308391027943676, 0.3225784835418657], [0.27861515356397637, 0.14606803836782642, 0.0512973527388652, 0.524019455329332], [0.47794670283167795, 0.14568196815287393, 0.11934353419727552, 0.2570277948181726]]","[{""research"": 0, ""code_review"": 3, ""doc_processing"": 2, ""monitoring"": 3}, {""research"": 1, ""code_review"": 1, ""doc_processing"": 3, ""monitoring"": 3}, {""research"": 2, ""code_review"": 0, ""doc_processing"": 2, ""monitoring"": 4}, {""research"": 2, ""code_review"": 3, ""doc_processing"": 0, ""monitoring"": 3}, {""research"": 3, ""code_review"": 1, ""doc_processing"": 0, ""monitoring"": 4}, {""research"": 3, ""code_review"": 3, ""doc_processing"": 1, ""monitoring"": 1}]","[3, 4, 3, 3, 3, 4]",0.3333333333333333,3.3333333333333335,0.8042292966721748,0.35,0.032527505362690605,0.021263794615228076,"{""COMPUTE"": 804, ""MEMORY"": 697, ""API_CREDITS"": 351, ""DATASET"": 232}","{""COMPUTE"": 423, ""MEMORY"": 367, ""API_CREDITS"": 185, ""DATASET"": 122}","{""COMPUTE"": 1.900709219858156, ""MEMORY"": 1.8991825613079019, ""API_CREDITS"": 1.8972972972972972, ""DATASET"": 1.901639344262295}",4,[],"{""COMPUTE"": 0.014184397163120567, ""MEMORY"": 0.01634877384196185, ""API_CREDITS"": 0.032432432432432434, ""DATASET"": 0.04918032786885246}",exact_pending_queue,0,
workload,dirichlet_3.0__high,dirichlet_3.0,dirichlet,3.0,unit,high,1.9,1594198431,7744c821263b0ea7,2504b58095137907,"[[0.14677495931486523, 0.17651504462228979, 0.44017218324529955, 0.23653781281754543], [0.23227925157498816, 0.38563690698299, 0.3049217877276451, 0.07716205371437668], [0.6610412661473158, 0.06279278367463406, 0.11654558721612354, 0.15962036296192644], [0.2491906675703354, 0.40296994089776794, 0.18146262957746892, 0.16637676195442752], [0.22023712925974837, 0.29277657000590074, 0.2228235902073933, 0.2641627105269576], [0.30931915233403945, 0.319180821254481, 0.23496413409236602, 0.13653589231911367]]","[{""research"": 1, ""code_review"": 0, ""doc_processing"": 5, ""monitoring"": 2}, {""research"": 2, ""code_review"": 3, ""doc_processing"": 3, ""monitoring"": 0}, {""research"": 7, ""code_review"": 1, ""doc_processing"": 0, ""monitoring"": 0}, {""research"": 0, ""code_review"": 4, ""doc_processing"": 1, ""monitoring"": 3}, {""research"": 3, ""code_review"": 2, ""doc_processing"": 2, ""monitoring"": 1}, {""research"": 3, ""code_review"": 3, ""doc_processing"": 0, ""monitoring"": 2}]","[3, 3, 2, 3, 4, 3]",0.16666666666666666,3.0,0.6896828131060327,0.525,0.036264858166851884,0.023679241723992144,"{""COMPUTE"": 980, ""MEMORY"": 816, ""API_CREDITS"": 468, ""DATASET"": 192}","{""COMPUTE"": 516, ""MEMORY"": 429, ""API_CREDITS"": 246, ""DATASET"": 101}","{""COMPUTE"": 1.8992248062015504, ""MEMORY"": 1.902097902097902, ""API_CREDITS"": 1.9024390243902438, ""DATASET"": 1.900990099009901}",4,[],"{""COMPUTE"": 0.011627906976744186, ""MEMORY"": 0.013986013986013986, ""API_CREDITS"": 0.024390243902439025, ""DATASET"": 0.0594059405940594}",exact_pending_queue,0,
workload,dirichlet_3.0__high,dirichlet_3.0,dirichlet,3.0,unit,high,1.9,2964826275,97d272df7529f159,eb5807fa211f987a,"[[0.39201329982856337, 0.22291209423869845, 0.14524568668279073, 0.2398289192499476], [0.22440562446718362, 0.2208513224356008, 0.4057074964425384, 0.14903555665467733], [0.05724088923732056, 0.18095504395589881, 0.4121543490654392, 0.34964971774134135], [0.22241942691122604, 0.17403221148384018, 0.3294362251132048, 0.27411213649172905], [0.07831528835521452, 0.05833138966400691, 0.6896716575586042, 0.1736816644221744], [0.2641221478755406, 0.1696545103276454, 0.4102742732832003, 0.15594906851361356]]","[{""research"": 3, ""code_review"": 1, ""doc_processing"": 2, ""monitoring"": 2}, {""research"": 2, ""code_review"": 1, ""doc_processing"": 1, ""monitoring"": 4}, {""research"": 0, ""code_review"": 4, ""doc_processing"": 1, ""monitoring"": 3}, {""research"": 0, ""code_review"": 1, ""doc_processing"": 4, ""monitoring"": 3}, {""research"": 1, ""code_review"": 1, ""doc_processing"": 3, ""monitoring"": 3}, {""research"": 2, ""code_review"": 3, ""doc_processing"": 3, ""monitoring"": 0}]","[4, 4, 3, 3, 4, 3]",0.5,3.5,0.8199561196339138,0.36666666666666664,0.04115258174891203,0.024926447122602,"{""COMPUTE"": 810, ""MEMORY"": 679, ""API_CREDITS"": 357, ""DATASET"": 184}","{""COMPUTE"": 426, ""MEMORY"": 357, ""API_CREDITS"": 188, ""DATASET"": 97}","{""COMPUTE"": 1.9014084507042253, ""MEMORY"": 1.9019607843137254, ""API_CREDITS"": 1.898936170212766, ""DATASET"": 1.8969072164948453}",4,[],"{""COMPUTE"": 0.014084507042253521, ""MEMORY"": 0.01680672268907563, ""API_CREDITS"": 0.031914893617021274, ""DATASET"": 0.061855670103092786}",exact_pending_queue,0,
workload,dirichlet_3.0__high,dirichlet_3.0,dirichlet,3.0,unit,high,1.9,3703943727,8d6870d104b1ed3d,3ee5fcb387ce173a,"[[0.27667998865675936, 0.2553226836795432, 0.056691479725184915, 0.4113058479385124], [0.08277386977286577, 0.16882705995988181, 0.5670803507336245, 0.18131871953362788], [0.19113188419407556, 0.2759859868830499, 0.45135347617137916, 0.08152865275149544], [0.2871235699102672, 0.05399607054188165, 0.36852253674873015, 0.2903578227991209], [0.38399823051318727, 0.19995709282980606, 0.3343743904002714, 0.0816702862567352], [0.26535278874355855, 0.2726732388228214, 0.12613961547978825, 0.3358343569538317]]","[{""research"": 1, ""code_review"": 2, ""doc_processing"": 2, ""monitoring"": 3}, {""research"": 1, ""code_review"": 0, ""doc_processing"": 5, ""monitoring"": 2}, {""research"": 1, ""code_review"": 2, ""doc_processing"": 5, ""monitoring"": 0}, {""research"": 2, ""code_review"": 1, ""doc_processing"": 4, ""monitoring"": 1}, {""research"": 3, ""code_review"": 3, ""doc_processing"": 1, ""monitoring"": 1}, {""research"": 1, ""code_review"": 4, ""doc_processing"": 1, ""monitoring"": 2}]","[4, 3, 3, 4, 4, 4]",0.6666666666666666,3.6666666666666665,0.8178755890066247,0.38333333333333336,0.03688577439966147,0.023747015693847334,"{""COMPUTE"": 894, ""MEMORY"": 726, ""API_CREDITS"": 414, ""DATASET"": 144}","{""COMPUTE"": 471, ""MEMORY"": 382, ""API_CREDITS"": 218, ""DATASET"": 76}","{""COMPUTE"": 1.8980891719745223, ""MEMORY"": 1.9005235602094241, ""API_CREDITS"": 1.8990825688073394, ""DATASET"": 1.894736842105263}",4,[],"{""COMPUTE"": 0.012738853503184714, ""MEMORY"": 0.015706806282722512, ""API_CREDITS"": 0.027522935779816515, ""DATASET"": 0.07894736842105263}",exact_pending_queue,0,
workload,dirichlet_3.0__high,dirichlet_3.0,dirichlet,3.0,unit,high,1.9,1321997983,8b73c23c5a7bd871,e44280eb547e6db0,"[[0.3331421958817429, 0.14251489538953038, 0.17720829405510669, 0.34713461467362006], [0.36933164584914724, 0.46306261861979636, 0.05004578494776613, 0.11755995058329034], [0.3383242365112657, 0.2565854358055462, 0.1082428608942201, 0.29684746678896795], [0.4234155485569029, 0.1508533436199118, 0.2654470927723698, 0.1602840150508155], [0.12213224192219471, 0.20537180684734543, 0.4962090191927227, 0.17628693203773715], [0.25708806774463316, 0.21515521847763894, 0.216815244352619, 0.31094146942510903]]","[{""research"": 2, ""code_review"": 1, ""doc_processing"": 1, ""monitoring"": 4}, {""research"": 2, ""code_review"": 4, ""doc_processing"": 1, ""monitoring"": 1}, {""research"": 5, ""code_review"": 1, ""doc_processing"": 1, ""monitoring"": 1}, {""research"": 5, ""code_review"": 0, ""doc_processing"": 3, ""monitoring"": 0}, {""research"": 2, ""code_review"": 3, ""doc_processing"": 3, ""monitoring"": 0}, {""research"": 1, ""code_review"": 3, ""doc_processing"": 1, ""monitoring"": 3}]","[4, 4, 4, 2, 3, 4]",0.6666666666666666,3.5,0.7813154327115525,0.425,0.04441176043032878,0.028573926822271306,"{""COMPUTE"": 990, ""MEMORY"": 830, ""API_CREDITS"": 470, ""DATASET"": 208}","{""COMPUTE"": 521, ""MEMORY"": 437, ""API_CREDITS"": 247, ""DATASET"": 109}","{""COMPUTE"": 1.9001919385796544, ""MEMORY"": 1.8993135011441649, ""API_CREDITS"": 1.902834008097166, ""DATASET"": 1.908256880733945}",4,[],"{""COMPUTE"": 0.011516314779270634, ""MEMORY"": 0.013729977116704805, ""API_CREDITS"": 0.024291497975708502, ""DATASET"": 0.05504587155963303}",exact_pending_queue,0,
workload,dirichlet_3.0__high,dirichlet_3.0,dirichlet,3.0,unit,high,1.9,2789760346,0e214db2f22f1a97,c1c2ef1cb2cc6ba6,"[[0.09541826851668342, 0.4073201278061783, 0.14556357935969508, 0.3516980243174432], [0.16129763975768954, 0.1527314198403902, 0.2506150442683955, 0.43535589613352477], [0.40700083976300305, 0.24912437070330826, 0.14184824051955935, 0.20202654901412928], [0.13929134826537232, 0.3588402500598024, 0.28660356042189317, 0.215264841252932], [0.18108796694449636, 0.443969044050393, 0.11678146883927912, 0.2581615201658315], [0.3418414259012131, 0.22880944899045497, 0.24214299786691285, 0.187206127241419]]","[{""research"": 2, ""code_review"": 4, ""doc_processing"": 1, ""monitoring"": 1}, {""research"": 2, ""code_review"": 2, ""doc_processing"": 1, ""monitoring"": 3}, {""research"": 4, ""code_review"": 3, ""doc_processing"": 0, ""monitoring"": 1}, {""research"": 1, ""code_review"": 4, ""doc_processing"": 3, ""monitoring"": 0}, {""research"": 2, ""code_review"": 3, ""doc_processing"": 1, ""monitoring"": 2}, {""research"": 6, ""code_review"": 1, ""doc_processing"": 1, ""monitoring"": 0}]","[4, 4, 3, 3, 4, 3]",0.5,3.5,0.7861528644481166,0.36666666666666664,0.03675133692432438,0.022017485754268495,"{""COMPUTE"": 958, ""MEMORY"": 804, ""API_CREDITS"": 468, ""DATASET"": 192}","{""COMPUTE"": 504, ""MEMORY"": 423, ""API_CREDITS"": 246, ""DATASET"": 101}","{""COMPUTE"": 1.9007936507936507, ""MEMORY"": 1.900709219858156, ""API_CREDITS"": 1.9024390243902438, ""DATASET"": 1.900990099009901}",4,[],"{""COMPUTE"": 0.011904761904761904, ""MEMORY"": 0.014184397163120567, ""API_CREDITS"": 0.024390243902439025, ""DATASET"": 0.0594059405940594}",exact_pending_queue,0,
workload,dirichlet_3.0__high,dirichlet_3.0,dirichlet,3.0,unit,high,1.9,4250606291,09148e912a56dcd1,2ac578700ee1848f,"[[0.11827343178766273, 0.3748359028727528, 0.15576063354201874, 0.35113003179756574], [0.2212558822968403, 0.14681477784346536, 0.23812032239759487, 0.39380901746209945], [0.521750761179659, 0.13125061010693861, 0.22494674010307564, 0.12205188861032674], [0.12997619667465501, 0.2389976068247184, 0.46561973772904486, 0.16540645877158192], [0.339160700003853, 0.13526941388426755, 0.4332985863353168, 0.09227129977656268], [0.17521464614557342, 0.4652002211039635, 0.06664587344138556, 0.2929392593090775]]","[{""research"": 0, ""code_review"": 4, ""doc_processing"": 1, ""monitoring"": 3}, {""research"": 4, ""code_review"": 1, ""doc_processing"": 2, ""monitoring"": 1}, {""research"": 5, ""code_review"": 0, ""doc_processing"": 2, ""monitoring"": 1}, {""research"": 0, ""code_review"": 3, ""doc_processing"": 4, ""monitoring"": 1}, {""research"": 2, ""code_review"": 0, ""doc_processing"": 4, ""monitoring"": 2}, {""research"": 1, ""code_review"": 4, ""doc_processing"": 2, ""monitoring"": 1}]","[3, 4, 3, 3, 3, 4]",0.3333333333333333,3.3333333333333335,0.7591727554295443,0.44166666666666665,0.03662195509797564,0.022806964061529936,"{""COMPUTE"": 930, ""MEMORY"": 765, ""API_CREDITS"": 435, ""DATASET"": 168}","{""COMPUTE"": 489, ""MEMORY"": 403, ""API_CREDITS"": 229, ""DATASET"": 88}","{""COMPUTE"": 1.901840490797546, ""MEMORY"": 1.8982630272952854, ""API_CREDITS"": 1.8995633187772927, ""DATASET"": 1.9090909090909092}",4,[],"{""COMPUTE"": 0.012269938650306749, ""MEMORY"": 0.01488833746898263, ""API_CREDITS"": 0.026200873362445413, ""DATASET"": 0.06818181818181818}",exact_pending_queue,0,
workload,dirichlet_1.0__moderate,dirichlet_1.0,dirichlet,1.0,unit,moderate,1.3,2098221685,40810cb0c5e92e70,222ee6151ed0089c,"[[0.08249406727425489, 0.061620501792972265, 0.3580874985407338, 0.49779793239203907], [0.7047183838901585, 0.01665121329034717, 0.08182652164930874, 0.19680388117018546], [0.45557069537105727, 0.19062707709229215, 0.05850722275375302, 0.29529500478289766], [0.3465101874086825, 0.5246010890186769, 0.06070683784109487, 0.0681818857315457], [0.5978228138371817, 0.11950780667769491, 0.03598212457171529, 0.24668725491340815], [0.6302098116513879, 0.2388753949335244, 0.029011108407058603, 0.1019036850080291]]","[{""research"": 1, ""code_review"": 0, ""doc_processing"": 1, ""monitoring"": 6}, {""research"": 6, ""code_review"": 0, ""doc_processing"": 0, ""monitoring"": 2}, {""research"": 3, ""code_review"": 2, ""doc_processing"": 0, ""monitoring"": 3}, {""research"": 5, ""code_review"": 2, ""doc_processing"": 0, ""monitoring"": 1}, {""research"": 4, ""code_review"": 0, ""doc_processing"": 1, ""monitoring"": 3}, {""research"": 6, ""code_review"": 2, ""doc_processing"": 0, ""monitoring"": 0}]","[3, 2, 3, 3, 3, 2]",0.0,2.6666666666666665,0.579128875063458,0.4083333333333333,0.04632325820503943,0.02740982676183439,"{""COMPUTE"": 1074, ""MEMORY"": 940, ""API_CREDITS"": 496, ""DATASET"": 320}","{""COMPUTE"": 826, ""MEMORY"": 723, ""API_CREDITS"": 382, ""DATASET"": 246}","{""COMPUTE"": 1.3002421307506054, ""MEMORY"": 1.3001383125864454, ""API_CREDITS"": 1.2984293193717278, ""DATASET"": 1.3008130081300813}",4,[],"{""COMPUTE"": 0.007263922518159807, ""MEMORY"": 0.008298755186721992, ""API_CREDITS"": 0.015706806282722512, ""DATASET"": 0.024390243902439025}",exact_pending_queue,0,
workload,dirichlet_1.0__moderate,dirichlet_1.0,dirichlet,1.0,unit,moderate,1.3,1138347673,793561cac44c9f4e,181f0ee27c44167a,"[[0.08221062799404903, 0.13076681660873676, 0.07727014614879747, 0.7097524092484168], [0.09806712993744021, 0.19989461889184246, 0.09132190449034902, 0.6107163466803683], [0.25369084976824385, 0.11953236124430557, 0.16695621599773863, 0.45982057298971196], [0.2035033037729483, 0.2995237822222166, 0.20281642039497932, 0.2941564936098558], [0.4662918024110294, 0.10095473573528907, 0.0020426616697111445, 0.43071080018397045], [0.19246700696412014, 0.5708854698207985, 0.19230540068139915, 0.04434212253368228]]","[{""research"": 0, ""code_review"": 2, ""doc_processing"": 2, ""monitoring"": 4}, {""research"": 1, ""code_review"": 3, ""doc_processing"": 1, ""monitoring"": 3}, {""research"": 1, ""code_review"": 1, ""doc_processing"": 1, ""monitoring"": 5}, {""research"": 3, ""code_review"": 3, ""doc_processing"": 0, ""monitoring"": 2}, {""research"": 4, ""code_review"": 0, ""doc_processing"": 0, ""monitoring"": 4}, {""research"": 3, ""code_review"": 5, ""doc_processing"": 0, ""monitoring"": 0}]","[3, 4, 4, 3, 2, 2]",0.3333333333333333,3.0,0.6979820993782191,0.44166666666666665,0.04787753472544295,0.029577621058007094,"{""COMPUTE"": 780, ""MEMORY"": 686, ""API_CREDITS"": 346, ""DATASET"": 240}","{""COMPUTE"": 600, ""MEMORY"": 528, ""API_CREDITS"": 266, ""DATASET"": 185}","{""COMPUTE"": 1.3, ""MEMORY"": 1.2992424242424243, ""API_CREDITS"": 1.300751879699248, ""DATASET"": 1.2972972972972974}",4,[],"{""COMPUTE"": 0.01, ""MEMORY"": 0.011363636363636364, ""API_CREDITS"": 0.022556390977443608, ""DATASET"": 0.032432432432432434}",exact_pending_queue,0,
workload,dirichlet_1.0__moderate,dirichlet_1.0,dirichlet,1.0,unit,moderate,1.3,2342860720,f5b8d0233d385eb5,ca527d8c416e4d23,"[[0.2522645409758717, 0.20046284710021395, 0.19117074229838352, 0.3561018696255308], [0.25652360712537997, 0.5217444049430403, 0.019861967826890183, 0.20187002010468938], [0.4376553669668847, 0.26767760156431447, 0.12453752222132258, 0.17012950924747822], [0.12669807487196108, 0.1592233882614816, 0.004317157656124185, 0.7097613792104331], [0.07926195868897289, 0.7413353743126235, 0.0023778842617126106, 0.17702478273669112], [0.4700762956416062, 0.13010537515351997, 0.14330744851249216, 0.2565108806923817]]","[{""research"": 1, ""code_review"": 3, ""doc_processing"": 2, ""monitoring"": 2}, {""research"": 1, ""code_review"": 4, ""doc_processing"": 0, ""monitoring"": 3}, {""research"": 6, ""code_review"": 2, ""doc_processing"": 0, ""monitoring"": 0}, {""research"": 2, ""code_review"": 2, ""doc_processing"": 0, ""monitoring"": 4}, {""research"": 1, ""code_review"": 5, ""doc_processing"": 0, ""monitoring"": 2}, {""research"": 4, ""code_review"": 1, ""doc_processing"": 2, ""monitoring"": 1}]","[4, 3, 2, 3, 3, 4]",0.3333333333333333,3.1666666666666665,0.7226125991344721,0.43333333333333335,0.03589359805284294,0.024403788963617834,"{""COMPUTE"": 864, ""MEMORY"": 743, ""API_CREDITS"": 409, ""DATASET"": 216}","{""COMPUTE"": 665, ""MEMORY"": 572, ""API_CREDITS"": 315, ""DATASET"": 166}","{""COMPUTE"": 1.299248120300752, ""MEMORY"": 1.298951048951049, ""API_CREDITS"": 1.2984126984126985, ""DATASET"": 1.3012048192771084}",4,[],"{""COMPUTE"": 0.009022556390977444, ""MEMORY"": 0.01048951048951049, ""API_CREDITS"": 0.01904761904761905, ""DATASET"": 0.03614457831325301}",exact_pending_queue,0,
workload,dirichlet_1.0__moderate,dirichlet_1.0,dirichlet,1.0,unit,moderate,1.3,1473714878,1cbc2a1ae2de5a4e,cf9783e3992f6d8e,"[[0.3181015160449231, 0.0780808686777482, 0.02389947381756216, 0.5799181414597666], [0.37306245286908424, 0.11490604230793232, 0.1994138264436335, 0.31261767837934995], [0.015414003659874527, 0.04143496815486028, 0.6653758752496792, 0.27777515293558597], [0.4274009334272848, 0.04781991378263537, 0.2283402205249832, 0.29643893226509654], [0.10514439738880267, 0.14403214542610612, 0.732559708835597, 0.018263748349494235], [0.0808043247059401, 0.43827438683687686, 0.09304129441174967, 0.3878799940454334]]","[{""research"": 3, ""code_review"": 0, ""doc_processing"": 0, ""monitoring"": 5}, {""research"": 3, ""code_review"": 3, ""doc_processing"": 1, ""monitoring"": 1}, {""research"": 0, ""code_review"": 0, ""doc_processing"": 6, ""monitoring"": 2}, {""research"": 4, ""code_review"": 0, ""doc_processing"": 2, ""monitoring"": 2}, {""research"": 2, ""code_review"": 0, ""doc_processing"": 6, ""monitoring"": 0}, {""research"": 0, ""code_review"": 4, ""doc_processing"": 2, ""monitoring"": 2}]","[2, 4, 2, 3, 2, 3]",0.16666666666666666,2.6666666666666665,0.6156890313585303,0.55,0.0564714394017107,0.03473096852572326,"{""COMPUTE"": 948, ""MEMORY"": 784, ""API_CREDITS"": 428, ""DATASET"": 192}","{""COMPUTE"": 729, ""MEMORY"": 603, ""API_CREDITS"": 329, ""DATASET"": 148}","{""COMPUTE"": 1.300411522633745, ""MEMORY"": 1.3001658374792704, ""API_CREDITS"": 1.3009118541033435, ""DATASET"": 1.2972972972972974}",4,[],"{""COMPUTE"": 0.00823045267489712, ""MEMORY"": 0.009950248756218905, ""API_CREDITS"": 0.0182370820668693, ""DATASET"": 0.04054054054054054}",exact_pending_queue,0,
workload,dirichlet_1.0__moderate,dirichlet_1.0,dirichlet,1.0,unit,moderate,1.3,2114544130,25750831c1399949,a401113b6961963f,"[[0.2800430363335545, 0.4420869948642735, 0.2475873393002498, 0.030282629501922256], [0.10789812317426818, 0.21397927888665663, 0.2642331854437185, 0.4138894124953566], [0.20559467656869784, 0.18365265323234423, 0.047785911594154996, 0.5629667586048028], [0.5685852061630189, 0.09798497828447846, 0.028786748814332852, 0.30464306673816977], [0.5412992509190493, 0.14648093839122941, 0.23356346164791866, 0.07865634904180269], [0.2760837537654222, 0.31524297163885556, 0.3133663639581591, 0.09530691063756314]]","[{""research"": 3, ""code_review"": 3, ""doc_processing"": 1, ""monitoring"": 1}, {""research"": 2, ""code_review"": 2, ""doc_processing"": 3, ""monitoring"": 1}, {""research"": 1, ""code_review"": 0, ""doc_processing"": 0, ""monitoring"": 7}, {""research"": 8, ""code_review"": 0, ""doc_processing"": 0, ""monitoring"": 0}, {""research"": 7, ""code_review"": 0, ""doc_processing"": 1, ""monitoring"": 0}, {""research"": 1, ""code_review"": 4, ""doc_processing"": 2, ""monitoring"": 1}]","[4, 4, 2, 1, 2, 4]",0.5,2.8333333333333335,0.5461705060906578,0.6,0.0711222009048589,0.04845837589261904,"{""COMPUTE"": 1072, ""MEMORY"": 912, ""API_CREDITS"": 508, ""DATASET"": 256}","{""COMPUTE"": 825, ""MEMORY"": 702, ""API_CREDITS"": 391, ""DATASET"": 197}","{""COMPUTE"": 1.2993939393939393, ""MEMORY"": 1.2991452991452992, ""API_CREDITS"": 1.29923273657289, ""DATASET"": 1.299492385786802}",4,[],"{""COMPUTE"": 0.007272727272727273, ""MEMORY"": 0.008547008547008548, ""API_CREDITS"": 0.015345268542199489, ""DATASET"": 0.030456852791878174}",exact_pending_queue,0,
workload,dirichlet_1.0__moderate,dirichlet_1.0,dirichlet,1.0,unit,moderate,1.3,147595965,217d42e6e30f00b6,d44afd58ba6a9a1c,"[[0.007891912320669891, 0.3410663608906216, 0.5184081570024415, 0.13263356978626709], [0.29867127686762435, 0.200068756009042, 0.4748053663019693, 0.026454600821364412], [0.1894388679852595, 0.022223172597893116, 0.14938331957250048, 0.6389546398443468], [0.20988924831995456, 0.15680044080769123, 0.14343579378549734, 0.4898745170868569], [0.3389289274363697, 0.013346491609232592, 0.042036759516841084, 0.6056878214375567], [0.11356194776722657, 0.2454916412277445, 0.08119236119425882, 0.5597540498107703]]","[{""research"": 0, ""code_review"": 4, ""doc_processing"": 3, ""monitoring"": 1}, {""research"": 3, ""code_review"": 1, ""doc_processing"": 3, ""monitoring"": 1}, {""research"": 1, ""code_review"": 0, ""doc_processing"": 3, ""monitoring"": 4}, {""research"": 2, ""code_review"": 0, ""doc_processing"": 0, ""monitoring"": 6}, {""research"": 3, ""code_review"": 0, ""doc_processing"": 0, ""monitoring"": 5}, {""research"": 1, ""code_review"": 1, ""doc_processing"": 1, ""monitoring"": 5}]","[3, 4, 3, 2, 2, 4]",0.3333333333333333,3.0,0.6614219430831468,0.4583333333333333,0.0789459496573488,0.05269228671269114,"{""COMPUTE"": 796, ""MEMORY"": 696, ""API_CREDITS"": 328, ""DATASET"": 256}","{""COMPUTE"": 612, ""MEMORY"": 535, ""API_CREDITS"": 252, ""DATASET"": 197}","{""COMPUTE"": 1.3006535947712419, ""MEMORY"": 1.3009345794392524, ""API_CREDITS"": 1.3015873015873016, ""DATASET"": 1.299492385786802}",4,[],"{""COMPUTE"": 0.00980392156862745, ""MEMORY"": 0.011214953271028037, ""API_CREDITS"": 0.023809523809523808, ""DATASET"": 0.030456852791878174}",exact_pending_queue,0,
workload,dirichlet_1.0__moderate,dirichlet_1.0,dirichlet,1.0,unit,moderate,1.3,393081195,4c8ba35211b2eeae,73dceb400a26674e,"[[0.014198828425653637, 0.3198605469043399, 0.10380723216784948, 0.562133392502157], [0.04943405003927873, 0.4548180938262154, 0.01804110392702559, 0.4777067522074803], [0.21142868555327984, 0.1195240592678149, 0.5641524731177475, 0.10489478206115778], [0.0768981813813325, 0.005419763426337713, 0.14160998985614023, 0.7760720653361894], [0.09624279315269578, 0.6607525462050912, 0.00227963909203701, 0.240725021550176], [0.5315929346438985, 0.07965606299541188, 0.34912570070920956, 0.03962530165148029]]","[{""research"": 0, ""code_review"": 4, ""doc_processing"": 2, ""monitoring"": 2}, {""research"": 0, ""code_review"": 4, ""doc_processing"": 0, ""monitoring"": 4}, {""research"": 2, ""code_review"": 1, ""doc_processing"": 3, ""monitoring"": 2}, {""research"": 0, ""code_review"": 0, ""doc_processing"": 1, ""monitoring"": 7}, {""research"": 0, ""code_review"": 6, ""doc_processing"": 0, ""monitoring"": 2}, {""research"": 3, ""code_review"": 2, ""doc_processing"": 3, ""monitoring"": 0}]","[3, 2, 4, 2, 2, 3]",0.16666666666666666,2.6666666666666665,0.610146646195619,0.5333333333333333,0.08902502867194535,0.061777000923468335,"{""COMPUTE"": 674, ""MEMORY"": 578, ""API_CREDITS"": 294, ""DATASET"": 176}","{""COMPUTE"": 518, ""MEMORY"": 445, ""API_CREDITS"": 226, ""DATASET"": 135}","{""COMPUTE"": 1.3011583011583012, ""MEMORY"": 1.2988764044943821, ""API_CREDITS"": 1.3008849557522124, ""DATASET"": 1.3037037037037038}",4,[],"{""COMPUTE"": 0.011583011583011582, ""MEMORY"": 0.01348314606741573, ""API_CREDITS"": 0.02654867256637168, ""DATASET"": 0.044444444444444446}",exact_pending_queue,0,
workload,dirichlet_1.0__moderate,dirichlet_1.0,dirichlet,1.0,unit,moderate,1.3,1217898226,d1f67ac61bfaf12f,99dd6024005193ca,"[[0.2402444861951271, 0.02150095903784004, 0.5175447032775135, 0.2207098514895194], [0.7166261616868411, 0.17423558490519753, 0.10870192879314063, 0.000436324614820835], [0.02834399458469745, 0.228333746757574, 0.7173600721957888, 0.02596218646193982], [0.16594176186852289, 0.5322666358543614, 0.17723518776725655, 0.12455641450985912], [0.3719216699117264, 0.036659973098951595, 0.19263981464275312, 0.3987785423465689], [0.019269445162710324, 0.859023411136544, 0.0458011218970266, 0.0759060218037191]]","[{""research"": 2, ""code_review"": 0, ""doc_processing"": 4, ""monitoring"": 2}, {""research"": 7, ""code_review"": 1, ""doc_processing"": 0, ""monitoring"": 0}, {""research"": 1, ""code_review"": 1, ""doc_processing"": 6, ""monitoring"": 0}, {""research"": 1, ""code_review"": 3, ""doc_processing"": 2, ""monitoring"": 2}, {""research"": 3, ""code_review"": 0, ""doc_processing"": 3, ""monitoring"": 2}, {""research"": 0, ""code_review"": 8, ""doc_processing"": 0, ""monitoring"": 0}]","[3, 2, 3, 4, 3, 1]",0.16666666666666666,2.6666666666666665,0.5476466461956191,0.6333333333333333,0.04747030475563083,0.03252073170891104,"{""COMPUTE"": 984, ""MEMORY"": 804, ""API_CREDITS"": 472, ""DATASET"": 160}","{""COMPUTE"": 757, ""MEMORY"": 618, ""API_CREDITS"": 363, ""DATASET"": 123}","{""COMPUTE"": 1.2998678996036988, ""MEMORY"": 1.3009708737864079, ""API_CREDITS"": 1.300275482093664, ""DATASET"": 1.3008130081300813}",4,[],"{""COMPUTE"": 0.007926023778071334, ""MEMORY"": 0.009708737864077669, ""API_CREDITS"": 0.01652892561983471, ""DATASET"": 0.04065040650406504}",exact_pending_queue,0,
workload,dirichlet_1.0__moderate,dirichlet_1.0,dirichlet,1.0,unit,moderate,1.3,1595745102,2e57aaef8a04eeee,a68865bf71aec190,"[[0.17589533582365316, 0.19244987144360504, 0.31268131887136796, 0.3189734738613738], [0.033388387815296225, 0.2557054572980592, 0.5155916245692956, 0.19531453031734888], [0.22293719263430323, 0.34204215283362543, 0.06046420155273145, 0.3745564529793399], [0.18190610141550947, 0.6071747309794067, 0.04187260772491871, 0.16904655988016526], [0.3014982536449366, 0.1357112585922598, 0.41668903740734864, 0.14610145035545502], [0.11223478592000781, 0.15240636082432957, 0.06971822078305007, 0.6656406324726126]]","[{""research"": 1, ""code_review"": 2, ""doc_processing"": 3, ""monitoring"": 2}, {""research"": 0, ""code_review"": 2, ""doc_processing"": 4, ""monitoring"": 2}, {""research"": 3, ""code_review"": 1, ""doc_processing"": 0, ""monitoring"": 4}, {""research"": 3, ""code_review"": 2, ""doc_processing"": 0, ""monitoring"": 3}, {""research"": 3, ""code_review"": 2, ""doc_processing"": 2, ""monitoring"": 1}, {""research"": 3, ""code_review"": 0, ""doc_processing"": 0, ""monitoring"": 5}]","[4, 3, 3, 3, 4, 2]",0.3333333333333333,3.1666666666666665,0.7693857761727331,0.38333333333333336,0.055260762489935056,0.038486189255155394,"{""COMPUTE"": 866, ""MEMORY"": 746, ""API_CREDITS"": 382, ""DATASET"": 240}","{""COMPUTE"": 666, ""MEMORY"": 574, ""API_CREDITS"": 294, ""DATASET"": 185}","{""COMPUTE"": 1.3003003003003002, ""MEMORY"": 1.2996515679442509, ""API_CREDITS"": 1.2993197278911566, ""DATASET"": 1.2972972972972974}",4,[],"{""COMPUTE"": 0.009009009009009009, ""MEMORY"": 0.010452961672473868, ""API_CREDITS"": 0.02040816326530612, ""DATASET"": 0.032432432432432434}",exact_pending_queue,0,
workload,dirichlet_1.0__moderate,dirichlet_1.0,dirichlet,1.0,unit,moderate,1.3,2413048586,0fc4752547ff501a,ccc9cc3561e614b8,"[[0.2559334618052529, 0.4029030141388479, 0.2507229578590592, 0.09044056619683999], [0.10803936932218874, 0.2381905139394441, 0.016640941540449816, 0.6371291751979172], [0.4506753543929671, 0.23652521544576194, 0.26154463659823407, 0.05125479356303701], [0.027139966933394977, 0.1000055000839957, 0.6528085907456813, 0.220045942236928], [0.4196378107430701, 0.15057757894373194, 0.4172623706822082, 0.012522239630989803], [0.41695533901528, 0.28954127744909525, 0.20492594613095794, 0.0885774374046668]]","[{""research"": 3, ""code_review"": 0, ""doc_processing"": 3, ""monitoring"": 2}, {""research"": 1, ""code_review"": 2, ""doc_processing"": 0, ""monitoring"": 5}, {""research"": 3, ""code_review"": 3, ""doc_processing"": 1, ""monitoring"": 1}, {""research"": 0, ""code_review"": 2, ""doc_processing"": 4, ""monitoring"": 2}, {""research"": 4, ""code_review"": 2, ""doc_processing"": 2, ""monitoring"": 0}, {""research"": 4, ""code_review"": 1, ""doc_processing"": 2, ""monitoring"": 1}]","[3, 3, 4, 3, 3, 4]",0.3333333333333333,3.3333333333333335,0.7851125991344721,0.425,0.05173688104105005,0.031988524454306506,"{""COMPUTE"": 962, ""MEMORY"": 806, ""API_CREDITS"": 446, ""DATASET"": 208}","{""COMPUTE"": 740, ""MEMORY"": 620, ""API_CREDITS"": 343, ""DATASET"": 160}","{""COMPUTE"": 1.3, ""MEMORY"": 1.3, ""API_CREDITS"": 1.3002915451895043, ""DATASET"": 1.3}",4,[],"{""COMPUTE"": 0.008108108108108109, ""MEMORY"": 0.00967741935483871, ""API_CREDITS"": 0.01749271137026239, ""DATASET"": 0.0375}",exact_pending_queue,0,
workload,dirichlet_1.0__moderate,dirichlet_1.0,dirichlet,1.0,unit,moderate,1.3,453209340,932db7e5efe8966f,2c90fb37e082d9da,"[[0.16681005992631806, 0.01844677840680161, 0.4816940898702762, 0.33304907179660415], [0.43486638466466304, 0.0889549796643777, 0.47105116705325845, 0.005127468617700737], [0.4300897073580208, 0.03793148042908669, 0.46918137058054354, 0.06279744163234892], [0.2750370382564242, 0.14859846459594972, 0.4033829954393837, 0.17298150170824222], [0.028651153798144022, 0.3777218936322777, 0.2675591026590031, 0.32606784991057525], [0.49394449978240984, 0.009388338709258974, 0.4561656210700163, 0.04050154043831484]]","[{""research"": 5, ""code_review"": 0, ""doc_processing"": 2, ""monitoring"": 1}, {""research"": 3, ""code_review"": 0, ""doc_processing"": 5, ""monitoring"": 0}, {""research"": 4, ""code_review"": 0, ""doc_processing"": 4, ""monitoring"": 0}, {""research"": 3, ""code_review"": 0, ""doc_processing"": 4, ""monitoring"": 1}, {""research"": 3, ""code_review"": 3, ""doc_processing"": 0, ""monitoring"": 2}, {""research"": 5, ""code_review"": 0, ""doc_processing"": 3, ""monitoring"": 0}]","[3, 2, 2, 3, 3, 2]",0.0,2.5,0.5978816777695023,0.325,0.024950214484572002,0.015849280389000627,"{""COMPUTE"": 1240, ""MEMORY"": 1015, ""API_CREDITS"": 593, ""DATASET"": 216}","{""COMPUTE"": 954, ""MEMORY"": 781, ""API_CREDITS"": 456, ""DATASET"": 166}","{""COMPUTE"": 1.29979035639413, ""MEMORY"": 1.2996158770806658, ""API_CREDITS"": 1.3004385964912282, ""DATASET"": 1.3012048192771084}",4,[],"{""COMPUTE"": 0.006289308176100629, ""MEMORY"": 0.0076824583866837385, ""API_CREDITS"": 0.013157894736842105, ""DATASET"": 0.03614457831325301}",exact_pending_queue,0,
workload,dirichlet_1.0__moderate,dirichlet_1.0,dirichlet,1.0,unit,moderate,1.3,2920410359,fad76d4cde605e60,2f11fa8333772190,"[[0.629021828177719, 0.07832775269303009, 0.09071259996341251, 0.20193781916583847], [0.4526459967644549, 0.07814284337231618, 0.04291362218755978, 0.4262975376756693], [0.17970426116196028, 0.6814693188901048, 0.0783875284891677, 0.0604388914587673], [0.2343953075511926, 0.16818321636492806, 0.09345908509172364, 0.5039623909921557], [0.40676737147248665, 0.17846539857612576, 0.3638259539097307, 0.050941276041656755], [0.008275272893250881, 0.32979068250419924, 0.2089165830726648, 0.45301746152988515]]","[{""research"": 6, ""code_review"": 0, ""doc_processing"": 1, ""monitoring"": 1}, {""research"": 5, ""code_review"": 1, ""doc_processing"": 0, ""monitoring"": 2}, {""research"": 2, ""code_review"": 5, ""doc_processing"": 0, ""monitoring"": 1}, {""research"": 3, ""code_review"": 0, ""doc_processing"": 0, ""monitoring"": 5}, {""research"": 3, ""code_review"": 3, ""doc_processing"": 2, ""monitoring"": 0}, {""research"": 0, ""code_review"": 3, ""doc_processing"": 1, ""monitoring"": 4}]","[3, 3, 3, 2, 3, 3]",0.0,2.8333333333333335,0.6316849329552996,0.5166666666666667,0.05360370670088906,0.03463880755934506,"{""COMPUTE"": 958, ""MEMORY"": 828, ""API_CREDITS"": 448, ""DATASET"": 256}","{""COMPUTE"": 737, ""MEMORY"": 637, ""API_CREDITS"": 345, ""DATASET"": 197}","{""COMPUTE"": 1.299864314789688, ""MEMORY"": 1.2998430141287285, ""API_CREDITS"": 1.298550724637681, ""DATASET"": 1.299492385786802}",4,[],"{""COMPUTE"": 0.008141112618724558, ""MEMORY"": 0.009419152276295133, ""API_CREDITS"": 0.017391304347826087, ""DATASET"": 0.030456852791878174}",exact_pending_queue,0,
workload,dirichlet_1.0__moderate,dirichlet_1.0,dirichlet,1.0,unit,moderate,1.3,4282649469,37a15f323222970c,cd059141cb9563a5,"[[0.20480110553536726, 0.14703922520668616, 0.11585811671155241, 0.5323015525463942], [0.026371817010660718, 0.5313526457052701, 0.20427052847330412, 0.23800500881076508], [0.3260206920389787, 0.41347259685721016, 0.2214398288646211, 0.03906688223919009], [0.7590428115457717, 0.16641944368230244, 0.06902045981217361, 0.005517284959752417], [0.11106864869792883, 0.5390059313670095, 0.3298607400494723, 0.02006467988558958], [0.04658156849594949, 0.07988140700085172, 0.04008528999865066, 0.833451734504548]]","[{""research"": 2, ""code_review"": 0, ""doc_processing"": 1, ""monitoring"": 5}, {""research"": 0, ""code_review"": 2, ""doc_processing"": 2, ""monitoring"": 4}, {""research"": 5, ""code_review"": 2, ""doc_processing"": 1, ""monitoring"": 0}, {""research"": 8, ""code_review"": 0, ""doc_processing"": 0, ""monitoring"": 0}, {""research"": 0, ""code_review"": 5, ""doc_processing"": 3, ""monitoring"": 0}, {""research"": 0, ""code_review"": 1, ""doc_processing"": 1, ""monitoring"": 6}]","[3, 3, 3, 1, 2, 3]",0.0,2.5,0.5094418340645747,0.65,0.09487584049905246,0.05957818839980611,"{""COMPUTE"": 906, ""MEMORY"": 778, ""API_CREDITS"": 410, ""DATASET"": 240}","{""COMPUTE"": 697, ""MEMORY"": 598, ""API_CREDITS"": 315, ""DATASET"": 185}","{""COMPUTE"": 1.2998565279770444, ""MEMORY"": 1.3010033444816054, ""API_CREDITS"": 1.3015873015873016, ""DATASET"": 1.2972972972972974}",4,[],"{""COMPUTE"": 0.00860832137733142, ""MEMORY"": 0.010033444816053512, ""API_CREDITS"": 0.01904761904761905, ""DATASET"": 0.02702702702702703}",exact_pending_queue,0,
workload,dirichlet_1.0__moderate,dirichlet_1.0,dirichlet,1.0,unit,moderate,1.3,2089981338,d28934ae1a92b748,32f7d012995375cd,"[[0.19169589291940992, 0.28089054964122145, 0.39788753847456076, 0.12952601896480795], [0.13233865704271944, 0.6111612089160852, 0.024082579354112756, 0.23241755468708272], [0.11015830641942373, 0.24329907974905918, 0.3294052158158545, 0.31713739801566254], [0.03740988217428836, 0.25451635705863845, 0.5925693348634425, 0.11550442590363061], [0.09553938667286055, 0.09161441059763836, 0.21680536223178315, 0.5960408404977178], [0.631711468409749, 0.0008847588352479272, 0.11724509319899915, 0.25015867955600385]]","[{""research"": 0, ""code_review"": 3, ""doc_processing"": 4, ""monitoring"": 1}, {""research"": 2, ""code_review"": 4, ""doc_processing"": 0, ""monitoring"": 2}, {""research"": 0, ""code_review"": 1, ""doc_processing"": 6, ""monitoring"": 1}, {""research"": 0, ""code_review"": 2, ""doc_processing"": 6, ""monitoring"": 0}, {""research"": 1, ""code_review"": 0, ""doc_processing"": 1, ""monitoring"": 6}, {""research"": 6, ""code_review"": 0, ""doc_processing"": 1, ""monitoring"": 1}]","[3, 3, 3, 2, 3, 3]",0.0,2.8333333333333335,0.5750626300055082,0.6166666666666667,0.08593960698488348,0.05727113284593704,"{""COMPUTE"": 890, ""MEMORY"": 728, ""API_CREDITS"": 404, ""DATASET"": 160}","{""COMPUTE"": 685, ""MEMORY"": 560, ""API_CREDITS"": 311, ""DATASET"": 123}","{""COMPUTE"": 1.2992700729927007, ""MEMORY"": 1.3, ""API_CREDITS"": 1.2990353697749195, ""DATASET"": 1.3008130081300813}",4,[],"{""COMPUTE"": 0.008759124087591242, ""MEMORY"": 0.010714285714285714, ""API_CREDITS"": 0.01929260450160772, ""DATASET"": 0.04065040650406504}",exact_pending_queue,0,
workload,dirichlet_1.0__moderate,dirichlet_1.0,dirichlet,1.0,unit,moderate,1.3,1751949247,aa2944cb9d067b8b,5d27596fbe7eb656,"[[0.4124807671712969, 0.14132424137289723, 0.064151287087141, 0.3820437043686649], [0.14693144338265002, 0.5690464300977145, 0.05094262580434727, 0.23307950071528824], [0.2261017678837323, 0.1516820621826549, 0.5078133258241294, 0.11440284410948355], [0.00854988252343121, 0.14949351851447043, 0.11067258144346295, 0.7312840175186354], [0.0002657228928163636, 0.10772444767054025, 0.10444108678844596, 0.7875687426481974], [0.20646635984278158, 0.12617470240492393, 0.2737978778915727, 0.39356105986072176]]","[{""research"": 2, ""code_review"": 0, ""doc_processing"": 0, ""monitoring"": 6}, {""research"": 2, ""code_review"": 3, ""doc_processing"": 1, ""monitoring"": 2}, {""research"": 0, ""code_review"": 0, ""doc_processing"": 6, ""monitoring"": 2}, {""research"": 0, ""code_review"": 1, ""doc_processing"": 1, ""monitoring"": 6}, {""research"": 0, ""code_review"": 1, ""doc_processing"": 2, ""monitoring"": 5}, {""research"": 1, ""code_review"": 0, ""doc_processing"": 3, ""monitoring"": 4}]","[2, 4, 2, 3, 3, 3]",0.16666666666666666,2.8333333333333335,0.6078256198776608,0.44166666666666665,0.08134893747439136,0.053300638142049,"{""COMPUTE"": 706, ""MEMORY"": 618, ""API_CREDITS"": 270, ""DATASET"": 240}","{""COMPUTE"": 543, ""MEMORY"": 475, ""API_CREDITS"": 208, ""DATASET"": 185}","{""COMPUTE"": 1.3001841620626151, ""MEMORY"": 1.3010526315789475, ""API_CREDITS"": 1.2980769230769231, ""DATASET"": 1.2972972972972974}",4,[],"{""COMPUTE"": 0.011049723756906077, ""MEMORY"": 0.01263157894736842, ""API_CREDITS"": 0.028846153846153848, ""DATASET"": 0.032432432432432434}",exact_pending_queue,0,
workload,dirichlet_1.0__moderate,dirichlet_1.0,dirichlet,1.0,unit,moderate,1.3,4210982914,9a0d1d691557c5c7,0fb9232401cf34cb,"[[0.09121983238153239, 0.30035421681086566, 0.18621465015666716, 0.4222113006509348], [0.6487456493146712, 0.037896723768984446, 0.07626226403169532, 0.237095362884649], [0.2806279047780838, 0.4266702489742504, 0.019809374141114507, 0.2728924721065513], [0.7382854987672153, 0.0006493624600384978, 0.12104712929537992, 0.14001800947736615], [0.5030066289642727, 0.17323349191288834, 0.2965140576998206, 0.027245821423018287], [0.34267759387791863, 0.1603879673730076, 0.3808047714324015, 0.11612966731667233]]","[{""research"": 1, ""code_review"": 0, ""doc_processing"": 3, ""monitoring"": 4}, {""research"": 3, ""code_review"": 2, ""doc_processing"": 0, ""monitoring"": 3}, {""research"": 2, ""code_review"": 3, ""doc_processing"": 0, ""monitoring"": 3}, {""research"": 5, ""code_review"": 0, ""doc_processing"": 1, ""monitoring"": 2}, {""research"": 3, ""code_review"": 0, ""doc_processing"": 5, ""monitoring"": 0}, {""research"": 3, ""code_review"": 2, ""doc_processing"": 1, ""monitoring"": 2}]","[3, 3, 3, 3, 2, 4]",0.16666666666666666,3.0,0.7239219430831468,0.43333333333333335,0.03626022501958136,0.022524634300904817,"{""COMPUTE"": 980, ""MEMORY"": 835, ""API_CREDITS"": 445, ""DATASET"": 248}","{""COMPUTE"": 754, ""MEMORY"": 642, ""API_CREDITS"": 342, ""DATASET"": 191}","{""COMPUTE"": 1.29973474801061, ""MEMORY"": 1.3006230529595015, ""API_CREDITS"": 1.3011695906432748, ""DATASET"": 1.2984293193717278}",4,[],"{""COMPUTE"": 0.007957559681697613, ""MEMORY"": 0.009345794392523364, ""API_CREDITS"": 0.017543859649122806, ""DATASET"": 0.031413612565445025}",exact_pending_queue,0,
workload,dirichlet_1.0__moderate,dirichlet_1.0,dirichlet,1.0,unit,moderate,1.3,3922112564,0a5ece6bc53be4f2,1f4c2bdf18dd8eba,"[[0.08010426176407433, 0.06394399659224291, 0.5146007368957619, 0.34135100474792085], [0.1384124431446875, 0.13639384093929266, 0.1033248579563711, 0.6218688579596486], [0.11163051692287684, 0.4268991502406661, 0.00468184904188579, 0.4567884837945714], [0.5478029531535217, 0.43751149326783817, 0.005340171772076491, 0.00934538180656357], [0.05200610859983472, 0.7165232945070904, 0.05102341154238239, 0.1804471853506924], [0.0020474762663814576, 0.5029629622572517, 0.10930060578770617, 0.3856889556886607]]","[{""research"": 1, ""code_review"": 1, ""doc_processing"": 2, ""monitoring"": 4}, {""research"": 3, ""code_review"": 1, ""doc_processing"": 2, ""monitoring"": 2}, {""research"": 2, ""code_review"": 3, ""doc_processing"": 1, ""monitoring"": 2}, {""research"": 5, ""code_review"": 3, ""doc_processing"": 0, ""monitoring"": 0}, {""research"": 1, ""code_review"": 6, ""doc_processing"": 1, ""monitoring"": 0}, {""research"": 0, ""code_review"": 4, ""doc_processing"": 1, ""monitoring"": 3}]","[4, 4, 4, 2, 3, 3]",0.5,3.3333333333333335,0.7485524428393998,0.45,0.04296532780764433,0.02562845739346206,"{""COMPUTE"": 830, ""MEMORY"": 703, ""API_CREDITS"": 393, ""DATASET"": 184}","{""COMPUTE"": 638, ""MEMORY"": 541, ""API_CREDITS"": 302, ""DATASET"": 142}","{""COMPUTE"": 1.3009404388714734, ""MEMORY"": 1.299445471349353, ""API_CREDITS"": 1.3013245033112584, ""DATASET"": 1.295774647887324}",4,[],"{""COMPUTE"": 0.009404388714733543, ""MEMORY"": 0.011090573012939002, ""API_CREDITS"": 0.019867549668874173, ""DATASET"": 0.04225352112676056}",exact_pending_queue,0,
workload,dirichlet_1.0__moderate,dirichlet_1.0,dirichlet,1.0,unit,moderate,1.3,183163032,64a2987eccada00f,4226db4c40dfc083,"[[0.29199688650635847, 0.6517309569470221, 0.029603960039400055, 0.026668196507219393], [0.32645668665504807, 0.18911406184156382, 0.17991426302422406, 0.304514988479164], [0.16164677590694726, 0.03944884869324578, 0.48900178100666075, 0.30990259439314627], [0.252272667941672, 0.5487124935060003, 0.17242232763166326, 0.02659251092066452], [0.30275940045262356, 0.16538031051182653, 0.1305745644873413, 0.40128572454820866], [0.052181887628117984, 0.38415469944512565, 0.5175653457404389, 0.046098067186317586]]","[{""research"": 1, ""code_review"": 7, ""doc_processing"": 0, ""monitoring"": 0}, {""research"": 2, ""code_review"": 3, ""doc_processing"": 2, ""monitoring"": 1}, {""research"": 2, ""code_review"": 0, ""doc_processing"": 5, ""monitoring"": 1}, {""research"": 1, ""code_review"": 6, ""doc_processing"": 1, ""monitoring"": 0}, {""research"": 1, ""code_review"": 3, ""doc_processing"": 2, ""monitoring"": 2}, {""research"": 0, ""code_review"": 2, ""doc_processing"": 6, ""monitoring"": 0}]","[2, 4, 3, 3, 4, 2]",0.3333333333333333,3.0,0.6271828131060327,0.48333333333333334,0.03941480984679513,0.026260416483302507,"{""COMPUTE"": 832, ""MEMORY"": 663, ""API_CREDITS"": 409, ""DATASET"": 88}","{""COMPUTE"": 640, ""MEMORY"": 510, ""API_CREDITS"": 315, ""DATASET"": 68}","{""COMPUTE"": 1.3, ""MEMORY"": 1.3, ""API_CREDITS"": 1.2984126984126985, ""DATASET"": 1.2941176470588236}",4,[],"{""COMPUTE"": 0.009375, ""MEMORY"": 0.011764705882352941, ""API_CREDITS"": 0.01904761904761905, ""DATASET"": 0.07352941176470588}",exact_pending_queue,0,
workload,dirichlet_1.0__moderate,dirichlet_1.0,dirichlet,1.0,unit,moderate,1.3,4222305526,8e21a1e40f5d998b,7c6e0d73cd25028f,"[[0.0398914336289534, 0.13800114870225383, 0.676372851215755, 0.1457345664530378], [0.15117888947022218, 0.5309296723828796, 0.10791110874881046, 0.20998032939808767], [0.5195136296576136, 0.007289247065646185, 0.42239531974239364, 0.05080180353434655], [0.5224148611636587, 0.1049615215748851, 0.3700576732927105, 0.0025659439687457557], [0.0683054726307133, 0.5565635114259176, 0.09372173134387875, 0.2814092845994905], [0.06853614460169571, 0.22832664162610028, 0.5849128335446131, 0.11822438022759092]]","[{""research"": 0, ""code_review"": 3, ""doc_processing"": 4, ""monitoring"": 1}, {""research"": 2, ""code_review"": 4, ""doc_processing"": 1, ""monitoring"": 1}, {""research"": 4, ""code_review"": 0, ""doc_processing"": 3, ""monitoring"": 1}, {""research"": 5, ""code_review"": 0, ""doc_processing"": 3, ""monitoring"": 0}, {""research"": 0, ""code_review"": 3, ""doc_processing"": 1, ""monitoring"": 4}, {""research"": 2, ""code_review"": 2, ""doc_processing"": 4, ""monitoring"": 0}]","[3, 4, 3, 2, 3, 3]",0.16666666666666666,3.0,0.7017792658011387,0.475,0.04935890425594609,0.029609237324648752,"{""COMPUTE"": 970, ""MEMORY"": 792, ""API_CREDITS"": 460, ""DATASET"": 160}","{""COMPUTE"": 746, ""MEMORY"": 609, ""API_CREDITS"": 354, ""DATASET"": 123}","{""COMPUTE"": 1.3002680965147453, ""MEMORY"": 1.3004926108374384, ""API_CREDITS"": 1.2994350282485876, ""DATASET"": 1.3008130081300813}",4,[],"{""COMPUTE"": 0.00804289544235925, ""MEMORY"": 0.009852216748768473, ""API_CREDITS"": 0.01694915254237288, ""DATASET"": 0.04878048780487805}",exact_pending_queue,0,
workload,dirichlet_1.0__moderate,dirichlet_1.0,dirichlet,1.0,unit,moderate,1.3,3706283824,c4fb3b218a59dd76,17c9576944fc2d4f,"[[0.05160551479351177, 0.4906503088636039, 0.15988256508388832, 0.29786161125899596], [0.06343608604876122, 0.6444788159911163, 0.07204944105790761, 0.22003565690221483], [0.7211002424235129, 0.03523206168692891, 0.07559178673278914, 0.16807590915676895], [0.28562352463712976, 0.03231545729689219, 0.14248054125515563, 0.5395804768108224], [0.1211371241427114, 0.12959649394203704, 0.570157799897645, 0.1791085820176064], [0.04713046068249376, 0.6261627191799253, 0.1604089074408701, 0.16629791269671082]]","[{""research"": 0, ""code_review"": 1, ""doc_processing"": 3, ""monitoring"": 4}, {""research"": 0, ""code_review"": 7, ""doc_processing"": 0, ""monitoring"": 1}, {""research"": 5, ""code_review"": 0, ""doc_processing"": 0, ""monitoring"": 3}, {""research"": 1, ""code_review"": 1, ""doc_processing"": 1, ""monitoring"": 5}, {""research"": 2, ""code_review"": 1, ""doc_processing"": 4, ""monitoring"": 1}, {""research"": 0, ""code_review"": 4, ""doc_processing"": 3, ""monitoring"": 1}]","[3, 2, 2, 4, 4, 3]",0.3333333333333333,3.0,0.6340059592732578,0.575,0.07112007079360114,0.04784078528523273,"{""COMPUTE"": 774, ""MEMORY"": 655, ""API_CREDITS"": 345, ""DATASET"": 184}","{""COMPUTE"": 595, ""MEMORY"": 504, ""API_CREDITS"": 265, ""DATASET"": 142}","{""COMPUTE"": 1.3008403361344538, ""MEMORY"": 1.2996031746031746, ""API_CREDITS"": 1.3018867924528301, ""DATASET"": 1.295774647887324}",4,[],"{""COMPUTE"": 0.010084033613445379, ""MEMORY"": 0.011904761904761904, ""API_CREDITS"": 0.022641509433962263, ""DATASET"": 0.04225352112676056}",exact_pending_queue,0,
workload,dirichlet_1.0__moderate,dirichlet_1.0,dirichlet,1.0,unit,moderate,1.3,927763105,0e6b92913a82732d,bbf6ec63d37eefcf,"[[0.34180878257739833, 0.2423229264747268, 0.2593983829899397, 0.15646990795793514], [0.2929379328216254, 0.06031939242469575, 0.22588982469647906, 0.4208528500571997], [0.433159076720961, 0.0900785847424551, 0.4722277042908829, 0.004534634245701194], [0.5407866556059943, 0.3162608325051962, 0.11709159721698822, 0.0258609146718213], [0.201331838301325, 0.15015638136687193, 0.0672244896582536, 0.5812872906735495], [0.08388570938840302, 0.23603723176237337, 0.1851527055953804, 0.4949243532538434]]","[{""research"": 4, ""code_review"": 2, ""doc_processing"": 0, ""monitoring"": 2}, {""research"": 3, ""code_review"": 0, ""doc_processing"": 2, ""monitoring"": 3}, {""research"": 3, ""code_review"": 2, ""doc_processing"": 3, ""monitoring"": 0}, {""research"": 4, ""code_review"": 2, ""doc_processing"": 2, ""monitoring"": 0}, {""research"": 0, ""code_review"": 1, ""doc_processing"": 1, ""monitoring"": 6}, {""research"": 2, ""code_review"": 2, ""doc_processing"": 0, ""monitoring"": 4}]","[3, 3, 3, 3, 3, 3]",0.0,3.0,0.7236528644481165,0.43333333333333335,0.07445984486444787,0.04591074296744448,"{""COMPUTE"": 930, ""MEMORY"": 799, ""API_CREDITS"": 421, ""DATASET"": 248}","{""COMPUTE"": 715, ""MEMORY"": 615, ""API_CREDITS"": 324, ""DATASET"": 191}","{""COMPUTE"": 1.3006993006993006, ""MEMORY"": 1.2991869918699186, ""API_CREDITS"": 1.2993827160493827, ""DATASET"": 1.2984293193717278}",4,[],"{""COMPUTE"": 0.008391608391608392, ""MEMORY"": 0.00975609756097561, ""API_CREDITS"": 0.018518518518518517, ""DATASET"": 0.031413612565445025}",exact_pending_queue,0,
workload,dirichlet_1.0__moderate,dirichlet_1.0,dirichlet,1.0,unit,moderate,1.3,642816875,7ef8bd2853c16875,bf5837c0727fb938,"[[0.44113469384726073, 0.23847550760955313, 0.04893844456231693, 0.2714513539808692], [0.07184280651010573, 0.3366512607246369, 0.29042979764215376, 0.30107613512310366], [0.5265112904974109, 0.15458484868762346, 0.1936337461979655, 0.12527011461700027], [0.33875111499768806, 0.025058676941834068, 0.4263459484183526, 0.20984425964212522], [0.25067985989892394, 0.13946367214641428, 0.03093656476629054, 0.5789199031883712], [0.25650020641555193, 0.5819488352177629, 0.022391012624228792, 0.13915994574245638]]","[{""research"": 1, ""code_review"": 2, ""doc_processing"": 0, ""monitoring"": 5}, {""research"": 0, ""code_review"": 3, ""doc_processing"": 2, ""monitoring"": 3}, {""research"": 3, ""code_review"": 0, ""doc_processing"": 3, ""monitoring"": 2}, {""research"": 4, ""code_review"": 0, ""doc_processing"": 2, ""monitoring"": 2}, {""research"": 2, ""code_review"": 0, ""doc_processing"": 0, ""monitoring"": 6}, {""research"": 2, ""code_review"": 5, ""doc_processing"": 0, ""monitoring"": 1}]","[3, 3, 3, 3, 2, 3]",0.0,2.8333333333333335,0.6692853545640163,0.5,0.06305885290551587,0.04578616972650202,"{""COMPUTE"": 814, ""MEMORY"": 711, ""API_CREDITS"": 353, ""DATASET"": 248}","{""COMPUTE"": 626, ""MEMORY"": 547, ""API_CREDITS"": 272, ""DATASET"": 191}","{""COMPUTE"": 1.3003194888178913, ""MEMORY"": 1.29981718464351, ""API_CREDITS"": 1.2977941176470589, ""DATASET"": 1.2984293193717278}",4,[],"{""COMPUTE"": 0.009584664536741214, ""MEMORY"": 0.010968921389396709, ""API_CREDITS"": 0.022058823529411766, ""DATASET"": 0.031413612565445025}",exact_pending_queue,0,
workload,dirichlet_1.0__moderate,dirichlet_1.0,dirichlet,1.0,unit,moderate,1.3,2485047775,80ff342e9c9f99f2,af2f725f507b8cdd,"[[0.218105147968583, 0.6065829301111253, 0.034830445984822864, 0.1404814759354688], [0.07390034749991252, 0.3794536725426131, 0.11966138813434901, 0.4269845918231254], [0.43636398306714197, 0.11019205721378214, 0.18454963359554152, 0.26889432612353453], [0.01377599647066101, 0.27467821377664814, 0.3457387313997996, 0.3658070583528913], [0.5809512355354146, 0.1748574876961009, 0.023288651226433792, 0.22090262554205067], [0.2866685875706949, 0.47823448807903507, 0.13535606904260375, 0.09974085530766634]]","[{""research"": 0, ""code_review"": 7, ""doc_processing"": 1, ""monitoring"": 0}, {""research"": 0, ""code_review"": 3, ""doc_processing"": 2, ""monitoring"": 3}, {""research"": 3, ""code_review"": 2, ""doc_processing"": 1, ""monitoring"": 2}, {""research"": 0, ""code_review"": 1, ""doc_processing"": 3, ""monitoring"": 4}, {""research"": 5, ""code_review"": 1, ""doc_processing"": 1, ""monitoring"": 1}, {""research"": 2, ""code_review"": 5, ""doc_processing"": 0, ""monitoring"": 1}]","[2, 3, 4, 3, 4, 3]",0.3333333333333333,3.1666666666666665,0.6886425477923882,0.5166666666666667,0.05058338643209261,0.031191859001416276,"{""COMPUTE"": 794, ""MEMORY"": 669, ""API_CREDITS"": 375, ""DATASET"": 168}","{""COMPUTE"": 611, ""MEMORY"": 515, ""API_CREDITS"": 288, ""DATASET"": 129}","{""COMPUTE"": 1.2995090016366613, ""MEMORY"": 1.2990291262135922, ""API_CREDITS"": 1.3020833333333333, ""DATASET"": 1.302325581395349}",4,[],"{""COMPUTE"": 0.009819967266775777, ""MEMORY"": 0.011650485436893204, ""API_CREDITS"": 0.020833333333333332, ""DATASET"": 0.03875968992248062}",exact_pending_queue,0,
workload,dirichlet_1.0__moderate,dirichlet_1.0,dirichlet,1.0,unit,moderate,1.3,1464621060,1991d21fe5058e9f,b6f6c517508bf778,"[[0.10875863277180882, 0.20106405586300247, 0.3030762933697338, 0.3871010179954549], [0.09869830544500452, 0.32815517191388466, 0.20888409823172488, 0.36426242440938594], [0.4769059696843108, 0.01688567357653393, 0.22348170515028187, 0.28272665158887333], [0.10608741809436907, 0.2815320536842164, 0.39979356305733277, 0.21258696516408185], [0.29926917685240634, 0.313355265397541, 0.20858358911012517, 0.17879196863992747], [0.1369334438596728, 0.29961826538056174, 0.4899314635997582, 0.0735168271600073]]","[{""research"": 0, ""code_review"": 3, ""doc_processing"": 2, ""monitoring"": 3}, {""research"": 0, ""code_review"": 4, ""doc_processing"": 3, ""monitoring"": 1}, {""research"": 4, ""code_review"": 0, ""doc_processing"": 3, ""monitoring"": 1}, {""research"": 1, ""code_review"": 1, ""doc_processing"": 5, ""monitoring"": 1}, {""research"": 1, ""code_review"": 5, ""doc_processing"": 1, ""monitoring"": 1}, {""research"": 1, ""code_review"": 1, ""doc_processing"": 6, ""monitoring"": 0}]","[3, 3, 3, 4, 4, 3]",0.3333333333333333,3.3333333333333335,0.7109520212306829,0.45,0.03849031509535927,0.025697620448690006,"{""COMPUTE"": 874, ""MEMORY"": 698, ""API_CREDITS"": 410, ""DATASET"": 112}","{""COMPUTE"": 672, ""MEMORY"": 537, ""API_CREDITS"": 315, ""DATASET"": 86}","{""COMPUTE"": 1.3005952380952381, ""MEMORY"": 1.2998137802607077, ""API_CREDITS"": 1.3015873015873016, ""DATASET"": 1.302325581395349}",4,[],"{""COMPUTE"": 0.008928571428571428, ""MEMORY"": 0.0111731843575419, ""API_CREDITS"": 0.01904761904761905, ""DATASET"": 0.06976744186046512}",exact_pending_queue,0,
workload,dirichlet_1.0__moderate,dirichlet_1.0,dirichlet,1.0,unit,moderate,1.3,1594198431,b89c161aba882674,2fa565f2ae77871e,"[[0.4493243438271909, 0.0975118355937651, 0.14477020912521554, 0.30839361145382854], [0.37500636682336896, 0.07579882217805498, 0.0127705859810586, 0.5364242250175173], [0.5332353469419214, 0.0002641128113583195, 0.11564773021167932, 0.3508528100350408], [0.23905724450326832, 0.12178086572936828, 0.4268678572778773, 0.21229403248948608], [0.2906010937379351, 0.11857927418454675, 0.23939544983007827, 0.3514241822474398], [0.34640500849427747, 0.2415452309226074, 0.07109606349286941, 0.3409536970902457]]","[{""research"": 4, ""code_review"": 2, ""doc_processing"": 0, ""monitoring"": 2}, {""research"": 4, ""code_review"": 2, ""doc_processing"": 0, ""monitoring"": 2}, {""research"": 3, ""code_review"": 0, ""doc_processing"": 2, ""monitoring"": 3}, {""research"": 0, ""code_review"": 0, ""doc_processing"": 2, ""monitoring"": 6}, {""research"": 3, ""code_review"": 1, ""doc_processing"": 2, ""monitoring"": 2}, {""research"": 3, ""code_review"": 3, ""doc_processing"": 1, ""monitoring"": 1}]","[3, 3, 3, 2, 4, 4]",0.3333333333333333,3.1666666666666665,0.7574561196339138,0.375,0.04552280753880732,0.029240791925726234,"{""COMPUTE"": 940, ""MEMORY"": 813, ""API_CREDITS"": 423, ""DATASET"": 264}","{""COMPUTE"": 723, ""MEMORY"": 625, ""API_CREDITS"": 325, ""DATASET"": 203}","{""COMPUTE"": 1.3001383125864454, ""MEMORY"": 1.3008, ""API_CREDITS"": 1.3015384615384615, ""DATASET"": 1.3004926108374384}",4,[],"{""COMPUTE"": 0.008298755186721992, ""MEMORY"": 0.0096, ""API_CREDITS"": 0.018461538461538463, ""DATASET"": 0.029556650246305417}",exact_pending_queue,0,
workload,dirichlet_1.0__moderate,dirichlet_1.0,dirichlet,1.0,unit,moderate,1.3,2964826275,e8b779247b1263ab,885d189080ecee0e,"[[0.2631800026030734, 0.3302404097569674, 0.2763447887538052, 0.1302347988861539], [0.005982664502648878, 0.6283087387840284, 0.278238471452413, 0.08747012526090961], [0.12379331520431333, 0.5048071904704474, 0.3124450982833652, 0.05895439604187404], [0.4064011897650745, 0.22180353661745225, 0.045222096975538584, 0.32657317664193464], [0.09538406755909132, 0.1909463281601989, 0.2327960853587201, 0.4808735189219896], [0.17973120749889224, 0.16203942806161775, 0.4636292768351205, 0.19460008760436948]]","[{""research"": 2, ""code_review"": 3, ""doc_processing"": 3, ""monitoring"": 0}, {""research"": 0, ""code_review"": 4, ""doc_processing"": 4, ""monitoring"": 0}, {""research"": 0, ""code_review"": 6, ""doc_processing"": 2, ""monitoring"": 0}, {""research"": 2, ""code_review"": 2, ""doc_processing"": 0, ""monitoring"": 4}, {""research"": 0, ""code_review"": 2, ""doc_processing"": 2, ""monitoring"": 4}, {""research"": 1, ""code_review"": 1, ""doc_processing"": 5, ""monitoring"": 1}]","[3, 2, 2, 3, 3, 4]",0.16666666666666666,2.8333333333333335,0.660112599134472,0.475,0.07890974882245347,0.053791275910467146,"{""COMPUTE"": 774, ""MEMORY"": 626, ""API_CREDITS"": 362, ""DATASET"": 112}","{""COMPUTE"": 595, ""MEMORY"": 482, ""API_CREDITS"": 278, ""DATASET"": 86}","{""COMPUTE"": 1.3008403361344538, ""MEMORY"": 1.2987551867219918, ""API_CREDITS"": 1.3021582733812949, ""DATASET"": 1.302325581395349}",4,[],"{""COMPUTE"": 0.010084033613445379, ""MEMORY"": 0.012448132780082987, ""API_CREDITS"": 0.02158273381294964, ""DATASET"": 0.046511627906976744}",exact_pending_queue,0,
workload,dirichlet_1.0__moderate,dirichlet_1.0,dirichlet,1.0,unit,moderate,1.3,3703943727,50b85968ac32c8a1,dae5e5085f9659d5,"[[0.3445696445393629, 0.1153988606757972, 0.4146986191908224, 0.12533287559401757], [0.026107954550195434, 0.2901359156618895, 0.24884175513517517, 0.4349143746527399], [0.10884947686478166, 0.08918487547869884, 0.7435924175480173, 0.058373230108502205], [0.015568838339869603, 0.47394814804476326, 0.10324543527216752, 0.40723757834319974], [0.07663788505307337, 0.3412657333502981, 0.11030603090374953, 0.47179035069287883], [0.2604109907406417, 0.615278103064751, 0.11966580520729822, 0.004645100987309119]]","[{""research"": 4, ""code_review"": 2, ""doc_processing"": 1, ""monitoring"": 1}, {""research"": 0, ""code_review"": 1, ""doc_processing"": 2, ""monitoring"": 5}, {""research"": 0, ""code_review"": 1, ""doc_processing"": 7, ""monitoring"": 0}, {""research"": 0, ""code_review"": 3, ""doc_processing"": 2, ""monitoring"": 3}, {""research"": 0, ""code_review"": 3, ""doc_processing"": 1, ""monitoring"": 4}, {""research"": 1, ""code_review"": 7, ""doc_processing"": 0, ""monitoring"": 0}]","[4, 3, 2, 3, 3, 2]",0.16666666666666666,2.8333333333333335,0.5919034178152742,0.575,0.08265411057531313,0.0521780299217185,"{""COMPUTE"": 730, ""MEMORY"": 606, ""API_CREDITS"": 330, ""DATASET"": 144}","{""COMPUTE"": 562, ""MEMORY"": 466, ""API_CREDITS"": 254, ""DATASET"": 111}","{""COMPUTE"": 1.298932384341637, ""MEMORY"": 1.3004291845493563, ""API_CREDITS"": 1.2992125984251968, ""DATASET"": 1.2972972972972974}",4,[],"{""COMPUTE"": 0.010676156583629894, ""MEMORY"": 0.012875536480686695, ""API_CREDITS"": 0.023622047244094488, ""DATASET"": 0.04504504504504504}",exact_pending_queue,0,
workload,dirichlet_1.0__moderate,dirichlet_1.0,dirichlet,1.0,unit,moderate,1.3,1321997983,2a79035e2731e9a9,1d9ae7e58d5249ad,"[[0.008165791571305994, 0.42352885838141696, 0.20907510803217638, 0.35923024201510056], [0.052462461809533005, 0.11395919105893026, 0.6487678882652772, 0.1848104588662594], [0.14873078737914583, 0.5101853082932296, 0.05269414254380439, 0.2883897617838201], [0.17397619829116265, 0.38610907710135184, 0.2841693143714538, 0.15574541023603156], [0.468924100598692, 0.1748551200689046, 0.05701773673594191, 0.2992030425964614], [0.31746062797675834, 0.03099250532750083, 0.2870079394196663, 0.36453892727607445]]","[{""research"": 0, ""code_review"": 3, ""doc_processing"": 2, ""monitoring"": 3}, {""research"": 0, ""code_review"": 0, ""doc_processing"": 6, ""monitoring"": 2}, {""research"": 1, ""code_review"": 4, ""doc_processing"": 1, ""monitoring"": 2}, {""research"": 0, ""code_review"": 5, ""doc_processing"": 3, ""monitoring"": 0}, {""research"": 6, ""code_review"": 2, ""doc_processing"": 0, ""monitoring"": 0}, {""research"": 2, ""code_review"": 0, ""doc_processing"": 2, ""monitoring"": 4}]","[3, 2, 4, 2, 2, 3]",0.16666666666666666,2.6666666666666665,0.6156890313585303,0.5833333333333334,0.057451647202106056,0.03680166140731735,"{""COMPUTE"": 842, ""MEMORY"": 696, ""API_CREDITS"": 388, ""DATASET"": 160}","{""COMPUTE"": 648, ""MEMORY"": 535, ""API_CREDITS"": 298, ""DATASET"": 123}","{""COMPUTE"": 1.2993827160493827, ""MEMORY"": 1.3009345794392524, ""API_CREDITS"": 1.3020134228187918, ""DATASET"": 1.3008130081300813}",4,[],"{""COMPUTE"": 0.009259259259259259, ""MEMORY"": 0.011214953271028037, ""API_CREDITS"": 0.020134228187919462, ""DATASET"": 0.04065040650406504}",exact_pending_queue,0,
workload,dirichlet_1.0__moderate,dirichlet_1.0,dirichlet,1.0,unit,moderate,1.3,2789760346,16b1f8885da7cc0f,4e18655080180d02,"[[0.14675965462742246, 0.0954990135915555, 0.6977524973903131, 0.059988834390708984], [0.2211573313709803, 0.12534023114185114, 0.2751025275883965, 0.37839990989877204], [0.1348740312980877, 0.21127601213232775, 0.26370314162476477, 0.39014681494481984], [0.423527097403593, 0.031155129504342325, 0.41854838755142837, 0.12676938554063613], [0.6969532427699415, 0.21185479176233413, 0.07132981256885648, 0.019862152898867804], [0.445099711177088, 0.09044893210772144, 0.3826810335829257, 0.08177032313226484]]","[{""research"": 1, ""code_review"": 1, ""doc_processing"": 6, ""monitoring"": 0}, {""research"": 3, ""code_review"": 0, ""doc_processing"": 0, ""monitoring"": 5}, {""research"": 0, ""code_review"": 0, ""doc_processing"": 2, ""monitoring"": 6}, {""research"": 4, ""code_review"": 1, ""doc_processing"": 3, ""monitoring"": 0}, {""research"": 6, ""code_review"": 1, ""doc_processing"": 1, ""monitoring"": 0}, {""research"": 5, ""code_review"": 1, ""doc_processing"": 2, ""monitoring"": 0}]","[3, 2, 2, 3, 3, 3]",0.0,2.6666666666666665,0.5493918649356108,0.55,0.0821661677296195,0.05593892101506315,"{""COMPUTE"": 1082, ""MEMORY"": 906, ""API_CREDITS"": 498, ""DATASET"": 240}","{""COMPUTE"": 832, ""MEMORY"": 697, ""API_CREDITS"": 383, ""DATASET"": 185}","{""COMPUTE"": 1.3004807692307692, ""MEMORY"": 1.2998565279770444, ""API_CREDITS"": 1.3002610966057442, ""DATASET"": 1.2972972972972974}",4,[],"{""COMPUTE"": 0.007211538461538462, ""MEMORY"": 0.00860832137733142, ""API_CREDITS"": 0.015665796344647518, ""DATASET"": 0.032432432432432434}",exact_pending_queue,0,
workload,dirichlet_1.0__moderate,dirichlet_1.0,dirichlet,1.0,unit,moderate,1.3,4250606291,efd2492b3030fbf1,26cc97a09650fdf9,"[[0.10094591721903466, 0.14263554033869552, 0.344059629406945, 0.4123589130353249], [0.32930561895153027, 0.040099955666457396, 0.13340062587492882, 0.4971937995070836], [0.43395578558958947, 0.2596336861675924, 0.05479766357322409, 0.2516128646695939], [0.040158157305722995, 0.3260875560150802, 0.04207140698874185, 0.591682879690455], [0.6272289287522599, 0.04022286167261913, 0.15850863799864276, 0.17403957157647823], [0.40451590606149407, 0.11892622124511203, 0.3929466423701399, 0.08361123032325395]]","[{""research"": 1, ""code_review"": 1, ""doc_processing"": 4, ""monitoring"": 2}, {""research"": 2, ""code_review"": 0, ""doc_processing"": 0, ""monitoring"": 6}, {""research"": 3, ""code_review"": 1, ""doc_processing"": 0, ""monitoring"": 4}, {""research"": 1, ""code_review"": 2, ""doc_processing"": 0, ""monitoring"": 5}, {""research"": 4, ""code_review"": 0, ""doc_processing"": 3, ""monitoring"": 1}, {""research"": 4, ""code_review"": 1, ""doc_processing"": 2, ""monitoring"": 1}]","[4, 2, 3, 3, 3, 4]",0.3333333333333333,3.1666666666666665,0.7017792658011387,0.45,0.07087676431898894,0.05081309689647687,"{""COMPUTE"": 910, ""MEMORY"": 790, ""API_CREDITS"": 394, ""DATASET"": 272}","{""COMPUTE"": 700, ""MEMORY"": 608, ""API_CREDITS"": 303, ""DATASET"": 209}","{""COMPUTE"": 1.3, ""MEMORY"": 1.299342105263158, ""API_CREDITS"": 1.3003300330033003, ""DATASET"": 1.3014354066985645}",4,[],"{""COMPUTE"": 0.008571428571428572, ""MEMORY"": 0.009868421052631578, ""API_CREDITS"": 0.019801980198019802, ""DATASET"": 0.028708133971291867}",exact_pending_queue,0,
workload,dirichlet_1.0__high,dirichlet_1.0,dirichlet,1.0,unit,high,1.9,2098221685,40810cb0c5e92e70,78fd08d76268b053,"[[0.08249406727425489, 0.061620501792972265, 0.3580874985407338, 0.49779793239203907], [0.7047183838901585, 0.01665121329034717, 0.08182652164930874, 0.19680388117018546], [0.45557069537105727, 0.19062707709229215, 0.05850722275375302, 0.29529500478289766], [0.3465101874086825, 0.5246010890186769, 0.06070683784109487, 0.0681818857315457], [0.5978228138371817, 0.11950780667769491, 0.03598212457171529, 0.24668725491340815], [0.6302098116513879, 0.2388753949335244, 0.029011108407058603, 0.1019036850080291]]","[{""research"": 1, ""code_review"": 0, ""doc_processing"": 1, ""monitoring"": 6}, {""research"": 6, ""code_review"": 0, ""doc_processing"": 0, ""monitoring"": 2}, {""research"": 3, ""code_review"": 2, ""doc_processing"": 0, ""monitoring"": 3}, {""research"": 5, ""code_review"": 2, ""doc_processing"": 0, ""monitoring"": 1}, {""research"": 4, ""code_review"": 0, ""doc_processing"": 1, ""monitoring"": 3}, {""research"": 6, ""code_review"": 2, ""doc_processing"": 0, ""monitoring"": 0}]","[3, 2, 3, 3, 3, 2]",0.0,2.6666666666666665,0.579128875063458,0.4083333333333333,0.04632325820503943,0.02740982676183439,"{""COMPUTE"": 1074, ""MEMORY"": 940, ""API_CREDITS"": 496, ""DATASET"": 320}","{""COMPUTE"": 565, ""MEMORY"": 495, ""API_CREDITS"": 261, ""DATASET"": 168}","{""COMPUTE"": 1.9008849557522123, ""MEMORY"": 1.898989898989899, ""API_CREDITS"": 1.9003831417624522, ""DATASET"": 1.9047619047619047}",4,[],"{""COMPUTE"": 0.010619469026548672, ""MEMORY"": 0.012121212121212121, ""API_CREDITS"": 0.022988505747126436, ""DATASET"": 0.03571428571428571}",exact_pending_queue,0,
workload,dirichlet_1.0__high,dirichlet_1.0,dirichlet,1.0,unit,high,1.9,1138347673,793561cac44c9f4e,50a935308accc15e,"[[0.08221062799404903, 0.13076681660873676, 0.07727014614879747, 0.7097524092484168], [0.09806712993744021, 0.19989461889184246, 0.09132190449034902, 0.6107163466803683], [0.25369084976824385, 0.11953236124430557, 0.16695621599773863, 0.45982057298971196], [0.2035033037729483, 0.2995237822222166, 0.20281642039497932, 0.2941564936098558], [0.4662918024110294, 0.10095473573528907, 0.0020426616697111445, 0.43071080018397045], [0.19246700696412014, 0.5708854698207985, 0.19230540068139915, 0.04434212253368228]]","[{""research"": 0, ""code_review"": 2, ""doc_processing"": 2, ""monitoring"": 4}, {""research"": 1, ""code_review"": 3, ""doc_processing"": 1, ""monitoring"": 3}, {""research"": 1, ""code_review"": 1, ""doc_processing"": 1, ""monitoring"": 5}, {""research"": 3, ""code_review"": 3, ""doc_processing"": 0, ""monitoring"": 2}, {""research"": 4, ""code_review"": 0, ""doc_processing"": 0, ""monitoring"": 4}, {""research"": 3, ""code_review"": 5, ""doc_processing"": 0, ""monitoring"": 0}]","[3, 4, 4, 3, 2, 2]",0.3333333333333333,3.0,0.6979820993782191,0.44166666666666665,0.04787753472544295,0.029577621058007094,"{""COMPUTE"": 780, ""MEMORY"": 686, ""API_CREDITS"": 346, ""DATASET"": 240}","{""COMPUTE"": 411, ""MEMORY"": 361, ""API_CREDITS"": 182, ""DATASET"": 126}","{""COMPUTE"": 1.897810218978102, ""MEMORY"": 1.9002770083102494, ""API_CREDITS"": 1.901098901098901, ""DATASET"": 1.9047619047619047}",4,[],"{""COMPUTE"": 0.014598540145985401, ""MEMORY"": 0.01662049861495845, ""API_CREDITS"": 0.03296703296703297, ""DATASET"": 0.047619047619047616}",exact_pending_queue,0,
workload,dirichlet_1.0__high,dirichlet_1.0,dirichlet,1.0,unit,high,1.9,2342860720,f5b8d0233d385eb5,63d16519fbfa3636,"[[0.2522645409758717, 0.20046284710021395, 0.19117074229838352, 0.3561018696255308], [0.25652360712537997, 0.5217444049430403, 0.019861967826890183, 0.20187002010468938], [0.4376553669668847, 0.26767760156431447, 0.12453752222132258, 0.17012950924747822], [0.12669807487196108, 0.1592233882614816, 0.004317157656124185, 0.7097613792104331], [0.07926195868897289, 0.7413353743126235, 0.0023778842617126106, 0.17702478273669112], [0.4700762956416062, 0.13010537515351997, 0.14330744851249216, 0.2565108806923817]]","[{""research"": 1, ""code_review"": 3, ""doc_processing"": 2, ""monitoring"": 2}, {""research"": 1, ""code_review"": 4, ""doc_processing"": 0, ""monitoring"": 3}, {""research"": 6, ""code_review"": 2, ""doc_processing"": 0, ""monitoring"": 0}, {""research"": 2, ""code_review"": 2, ""doc_processing"": 0, ""monitoring"": 4}, {""research"": 1, ""code_review"": 5, ""doc_processing"": 0, ""monitoring"": 2}, {""research"": 4, ""code_review"": 1, ""doc_processing"": 2, ""monitoring"": 1}]","[4, 3, 2, 3, 3, 4]",0.3333333333333333,3.1666666666666665,0.7226125991344721,0.43333333333333335,0.03589359805284294,0.024403788963617834,"{""COMPUTE"": 864, ""MEMORY"": 743, ""API_CREDITS"": 409, ""DATASET"": 216}","{""COMPUTE"": 455, ""MEMORY"": 391, ""API_CREDITS"": 215, ""DATASET"": 114}","{""COMPUTE"": 1.8989010989010988, ""MEMORY"": 1.9002557544757033, ""API_CREDITS"": 1.9023255813953488, ""DATASET"": 1.894736842105263}",4,[],"{""COMPUTE"": 0.013186813186813187, ""MEMORY"": 0.015345268542199489, ""API_CREDITS"": 0.027906976744186046, ""DATASET"": 0.05263157894736842}",exact_pending_queue,0,
workload,dirichlet_1.0__high,dirichlet_1.0,dirichlet,1.0,unit,high,1.9,1473714878,1cbc2a1ae2de5a4e,175ffcda655d8a0e,"[[0.3181015160449231, 0.0780808686777482, 0.02389947381756216, 0.5799181414597666], [0.37306245286908424, 0.11490604230793232, 0.1994138264436335, 0.31261767837934995], [0.015414003659874527, 0.04143496815486028, 0.6653758752496792, 0.27777515293558597], [0.4274009334272848, 0.04781991378263537, 0.2283402205249832, 0.29643893226509654], [0.10514439738880267, 0.14403214542610612, 0.732559708835597, 0.018263748349494235], [0.0808043247059401, 0.43827438683687686, 0.09304129441174967, 0.3878799940454334]]","[{""research"": 3, ""code_review"": 0, ""doc_processing"": 0, ""monitoring"": 5}, {""research"": 3, ""code_review"": 3, ""doc_processing"": 1, ""monitoring"": 1}, {""research"": 0, ""code_review"": 0, ""doc_processing"": 6, ""monitoring"": 2}, {""research"": 4, ""code_review"": 0, ""doc_processing"": 2, ""monitoring"": 2}, {""research"": 2, ""code_review"": 0, ""doc_processing"": 6, ""monitoring"": 0}, {""research"": 0, ""code_review"": 4, ""doc_processing"": 2, ""monitoring"": 2}]","[2, 4, 2, 3, 2, 3]",0.16666666666666666,2.6666666666666665,0.6156890313585303,0.55,0.0564714394017107,0.03473096852572326,"{""COMPUTE"": 948, ""MEMORY"": 784, ""API_CREDITS"": 428, ""DATASET"": 192}","{""COMPUTE"": 499, ""MEMORY"": 413, ""API_CREDITS"": 225, ""DATASET"": 101}","{""COMPUTE"": 1.8997995991983967, ""MEMORY"": 1.8983050847457628, ""API_CREDITS"": 1.9022222222222223, ""DATASET"": 1.900990099009901}",4,[],"{""COMPUTE"": 0.012024048096192385, ""MEMORY"": 0.014527845036319613, ""API_CREDITS"": 0.02666666666666667, ""DATASET"": 0.0594059405940594}",exact_pending_queue,0,
workload,dirichlet_1.0__high,dirichlet_1.0,dirichlet,1.0,unit,high,1.9,2114544130,25750831c1399949,8b887be5c9cfd711,"[[0.2800430363335545, 0.4420869948642735, 0.2475873393002498, 0.030282629501922256], [0.10789812317426818, 0.21397927888665663, 0.2642331854437185, 0.4138894124953566], [0.20559467656869784, 0.18365265323234423, 0.047785911594154996, 0.5629667586048028], [0.5685852061630189, 0.09798497828447846, 0.028786748814332852, 0.30464306673816977], [0.5412992509190493, 0.14648093839122941, 0.23356346164791866, 0.07865634904180269], [0.2760837537654222, 0.31524297163885556, 0.3133663639581591, 0.09530691063756314]]","[{""research"": 3, ""code_review"": 3, ""doc_processing"": 1, ""monitoring"": 1}, {""research"": 2, ""code_review"": 2, ""doc_processing"": 3, ""monitoring"": 1}, {""research"": 1, ""code_review"": 0, ""doc_processing"": 0, ""monitoring"": 7}, {""research"": 8, ""code_review"": 0, ""doc_processing"": 0, ""monitoring"": 0}, {""research"": 7, ""code_review"": 0, ""doc_processing"": 1, ""monitoring"": 0}, {""research"": 1, ""code_review"": 4, ""doc_processing"": 2, ""monitoring"": 1}]","[4, 4, 2, 1, 2, 4]",0.5,2.8333333333333335,0.5461705060906578,0.6,0.0711222009048589,0.04845837589261904,"{""COMPUTE"": 1072, ""MEMORY"": 912, ""API_CREDITS"": 508, ""DATASET"": 256}","{""COMPUTE"": 564, ""MEMORY"": 480, ""API_CREDITS"": 267, ""DATASET"": 135}","{""COMPUTE"": 1.900709219858156, ""MEMORY"": 1.9, ""API_CREDITS"": 1.902621722846442, ""DATASET"": 1.8962962962962964}",4,[],"{""COMPUTE"": 0.010638297872340425, ""MEMORY"": 0.0125, ""API_CREDITS"": 0.02247191011235955, ""DATASET"": 0.044444444444444446}",exact_pending_queue,0,
workload,dirichlet_1.0__high,dirichlet_1.0,dirichlet,1.0,unit,high,1.9,147595965,217d42e6e30f00b6,b5243e1e5bb3543d,"[[0.007891912320669891, 0.3410663608906216, 0.5184081570024415, 0.13263356978626709], [0.29867127686762435, 0.200068756009042, 0.4748053663019693, 0.026454600821364412], [0.1894388679852595, 0.022223172597893116, 0.14938331957250048, 0.6389546398443468], [0.20988924831995456, 0.15680044080769123, 0.14343579378549734, 0.4898745170868569], [0.3389289274363697, 0.013346491609232592, 0.042036759516841084, 0.6056878214375567], [0.11356194776722657, 0.2454916412277445, 0.08119236119425882, 0.5597540498107703]]","[{""research"": 0, ""code_review"": 4, ""doc_processing"": 3, ""monitoring"": 1}, {""research"": 3, ""code_review"": 1, ""doc_processing"": 3, ""monitoring"": 1}, {""research"": 1, ""code_review"": 0, ""doc_processing"": 3, ""monitoring"": 4}, {""research"": 2, ""code_review"": 0, ""doc_processing"": 0, ""monitoring"": 6}, {""research"": 3, ""code_review"": 0, ""doc_processing"": 0, ""monitoring"": 5}, {""research"": 1, ""code_review"": 1, ""doc_processing"": 1, ""monitoring"": 5}]","[3, 4, 3, 2, 2, 4]",0.3333333333333333,3.0,0.6614219430831468,0.4583333333333333,0.0789459496573488,0.05269228671269114,"{""COMPUTE"": 796, ""MEMORY"": 696, ""API_CREDITS"": 328, ""DATASET"": 256}","{""COMPUTE"": 419, ""MEMORY"": 366, ""API_CREDITS"": 173, ""DATASET"": 135}","{""COMPUTE"": 1.899761336515513, ""MEMORY"": 1.901639344262295, ""API_CREDITS"": 1.8959537572254335, ""DATASET"": 1.8962962962962964}",4,[],"{""COMPUTE"": 0.014319809069212411, ""MEMORY"": 0.01639344262295082, ""API_CREDITS"": 0.03468208092485549, ""DATASET"": 0.044444444444444446}",exact_pending_queue,0,
workload,dirichlet_1.0__high,dirichlet_1.0,dirichlet,1.0,unit,high,1.9,393081195,4c8ba35211b2eeae,052056b4dae5ee0c,"[[0.014198828425653637, 0.3198605469043399, 0.10380723216784948, 0.562133392502157], [0.04943405003927873, 0.4548180938262154, 0.01804110392702559, 0.4777067522074803], [0.21142868555327984, 0.1195240592678149, 0.5641524731177475, 0.10489478206115778], [0.0768981813813325, 0.005419763426337713, 0.14160998985614023, 0.7760720653361894], [0.09624279315269578, 0.6607525462050912, 0.00227963909203701, 0.240725021550176], [0.5315929346438985, 0.07965606299541188, 0.34912570070920956, 0.03962530165148029]]","[{""research"": 0, ""code_review"": 4, ""doc_processing"": 2, ""monitoring"": 2}, {""research"": 0, ""code_review"": 4, ""doc_processing"": 0, ""monitoring"": 4}, {""research"": 2, ""code_review"": 1, ""doc_processing"": 3, ""monitoring"": 2}, {""research"": 0, ""code_review"": 0, ""doc_processing"": 1, ""monitoring"": 7}, {""research"": 0, ""code_review"": 6, ""doc_processing"": 0, ""monitoring"": 2}, {""research"": 3, ""code_review"": 2, ""doc_processing"": 3, ""monitoring"": 0}]","[3, 2, 4, 2, 2, 3]",0.16666666666666666,2.6666666666666665,0.610146646195619,0.5333333333333333,0.08902502867194535,0.061777000923468335,"{""COMPUTE"": 674, ""MEMORY"": 578, ""API_CREDITS"": 294, ""DATASET"": 176}","{""COMPUTE"": 355, ""MEMORY"": 304, ""API_CREDITS"": 155, ""DATASET"": 93}","{""COMPUTE"": 1.8985915492957746, ""MEMORY"": 1.9013157894736843, ""API_CREDITS"": 1.896774193548387, ""DATASET"": 1.89247311827957}",4,[],"{""COMPUTE"": 0.016901408450704224, ""MEMORY"": 0.019736842105263157, ""API_CREDITS"": 0.03870967741935484, ""DATASET"": 0.06451612903225806}",exact_pending_queue,0,
workload,dirichlet_1.0__high,dirichlet_1.0,dirichlet,1.0,unit,high,1.9,1217898226,d1f67ac61bfaf12f,149c4e9661022acc,"[[0.2402444861951271, 0.02150095903784004, 0.5175447032775135, 0.2207098514895194], [0.7166261616868411, 0.17423558490519753, 0.10870192879314063, 0.000436324614820835], [0.02834399458469745, 0.228333746757574, 0.7173600721957888, 0.02596218646193982], [0.16594176186852289, 0.5322666358543614, 0.17723518776725655, 0.12455641450985912], [0.3719216699117264, 0.036659973098951595, 0.19263981464275312, 0.3987785423465689], [0.019269445162710324, 0.859023411136544, 0.0458011218970266, 0.0759060218037191]]","[{""research"": 2, ""code_review"": 0, ""doc_processing"": 4, ""monitoring"": 2}, {""research"": 7, ""code_review"": 1, ""doc_processing"": 0, ""monitoring"": 0}, {""research"": 1, ""code_review"": 1, ""doc_processing"": 6, ""monitoring"": 0}, {""research"": 1, ""code_review"": 3, ""doc_processing"": 2, ""monitoring"": 2}, {""research"": 3, ""code_review"": 0, ""doc_processing"": 3, ""monitoring"": 2}, {""research"": 0, ""code_review"": 8, ""doc_processing"": 0, ""monitoring"": 0}]","[3, 2, 3, 4, 3, 1]",0.16666666666666666,2.6666666666666665,0.5476466461956191,0.6333333333333333,0.04747030475563083,0.03252073170891104,"{""COMPUTE"": 984, ""MEMORY"": 804, ""API_CREDITS"": 472, ""DATASET"": 160}","{""COMPUTE"": 518, ""MEMORY"": 423, ""API_CREDITS"": 248, ""DATASET"": 84}","{""COMPUTE"": 1.8996138996138996, ""MEMORY"": 1.900709219858156, ""API_CREDITS"": 1.903225806451613, ""DATASET"": 1.9047619047619047}",4,[],"{""COMPUTE"": 0.011583011583011582, ""MEMORY"": 0.014184397163120567, ""API_CREDITS"": 0.024193548387096774, ""DATASET"": 0.05952380952380952}",exact_pending_queue,0,
workload,dirichlet_1.0__high,dirichlet_1.0,dirichlet,1.0,unit,high,1.9,1595745102,2e57aaef8a04eeee,8f77232e7561f939,"[[0.17589533582365316, 0.19244987144360504, 0.31268131887136796, 0.3189734738613738], [0.033388387815296225, 0.2557054572980592, 0.5155916245692956, 0.19531453031734888], [0.22293719263430323, 0.34204215283362543, 0.06046420155273145, 0.3745564529793399], [0.18190610141550947, 0.6071747309794067, 0.04187260772491871, 0.16904655988016526], [0.3014982536449366, 0.1357112585922598, 0.41668903740734864, 0.14610145035545502], [0.11223478592000781, 0.15240636082432957, 0.06971822078305007, 0.6656406324726126]]","[{""research"": 1, ""code_review"": 2, ""doc_processing"": 3, ""monitoring"": 2}, {""research"": 0, ""code_review"": 2, ""doc_processing"": 4, ""monitoring"": 2}, {""research"": 3, ""code_review"": 1, ""doc_processing"": 0, ""monitoring"": 4}, {""research"": 3, ""code_review"": 2, ""doc_processing"": 0, ""monitoring"": 3}, {""research"": 3, ""code_review"": 2, ""doc_processing"": 2, ""monitoring"": 1}, {""research"": 3, ""code_review"": 0, ""doc_processing"": 0, ""monitoring"": 5}]","[4, 3, 3, 3, 4, 2]",0.3333333333333333,3.1666666666666665,0.7693857761727331,0.38333333333333336,0.055260762489935056,0.038486189255155394,"{""COMPUTE"": 866, ""MEMORY"": 746, ""API_CREDITS"": 382, ""DATASET"": 240}","{""COMPUTE"": 456, ""MEMORY"": 393, ""API_CREDITS"": 201, ""DATASET"": 126}","{""COMPUTE"": 1.8991228070175439, ""MEMORY"": 1.8982188295165394, ""API_CREDITS"": 1.900497512437811, ""DATASET"": 1.9047619047619047}",4,[],"{""COMPUTE"": 0.013157894736842105, ""MEMORY"": 0.015267175572519083, ""API_CREDITS"": 0.029850746268656716, ""DATASET"": 0.047619047619047616}",exact_pending_queue,0,
workload,dirichlet_1.0__high,dirichlet_1.0,dirichlet,1.0,unit,high,1.9,2413048586,0fc4752547ff501a,b71784e85d29cce8,"[[0.2559334618052529, 0.4029030141388479, 0.2507229578590592, 0.09044056619683999], [0.10803936932218874, 0.2381905139394441, 0.016640941540449816, 0.6371291751979172], [0.4506753543929671, 0.23652521544576194, 0.26154463659823407, 0.05125479356303701], [0.027139966933394977, 0.1000055000839957, 0.6528085907456813, 0.220045942236928], [0.4196378107430701, 0.15057757894373194, 0.4172623706822082, 0.012522239630989803], [0.41695533901528, 0.28954127744909525, 0.20492594613095794, 0.0885774374046668]]","[{""research"": 3, ""code_review"": 0, ""doc_processing"": 3, ""monitoring"": 2}, {""research"": 1, ""code_review"": 2, ""doc_processing"": 0, ""monitoring"": 5}, {""research"": 3, ""code_review"": 3, ""doc_processing"": 1, ""monitoring"": 1}, {""research"": 0, ""code_review"": 2, ""doc_processing"": 4, ""monitoring"": 2}, {""research"": 4, ""code_review"": 2, ""doc_processing"": 2, ""monitoring"": 0}, {""research"": 4, ""code_review"": 1, ""doc_processing"": 2, ""monitoring"": 1}]","[3, 3, 4, 3, 3, 4]",0.3333333333333333,3.3333333333333335,0.7851125991344721,0.425,0.05173688104105005,0.031988524454306506,"{""COMPUTE"": 962, ""MEMORY"": 806, ""API_CREDITS"": 446, ""DATASET"": 208}","{""COMPUTE"": 506, ""MEMORY"": 424, ""API_CREDITS"": 235, ""DATASET"": 109}","{""COMPUTE"": 1.901185770750988, ""MEMORY"": 1.900943396226415, ""API_CREDITS"": 1.897872340425532, ""DATASET"": 1.908256880733945}",4,[],"{""COMPUTE"": 0.011857707509881422, ""MEMORY"": 0.014150943396226415, ""API_CREDITS"": 0.02553191489361702, ""DATASET"": 0.05504587155963303}",exact_pending_queue,0,
workload,dirichlet_1.0__high,dirichlet_1.0,dirichlet,1.0,unit,high,1.9,453209340,932db7e5efe8966f,4b07e892d2dbca66,"[[0.16681005992631806, 0.01844677840680161, 0.4816940898702762, 0.33304907179660415], [0.43486638466466304, 0.0889549796643777, 0.47105116705325845, 0.005127468617700737], [0.4300897073580208, 0.03793148042908669, 0.46918137058054354, 0.06279744163234892], [0.2750370382564242, 0.14859846459594972, 0.4033829954393837, 0.17298150170824222], [0.028651153798144022, 0.3777218936322777, 0.2675591026590031, 0.32606784991057525], [0.49394449978240984, 0.009388338709258974, 0.4561656210700163, 0.04050154043831484]]","[{""research"": 5, ""code_review"": 0, ""doc_processing"": 2, ""monitoring"": 1}, {""research"": 3, ""code_review"": 0, ""doc_processing"": 5, ""monitoring"": 0}, {""research"": 4, ""code_review"": 0, ""doc_processing"": 4, ""monitoring"": 0}, {""research"": 3, ""code_review"": 0, ""doc_processing"": 4, ""monitoring"": 1}, {""research"": 3, ""code_review"": 3, ""doc_processing"": 0, ""monitoring"": 2}, {""research"": 5, ""code_review"": 0, ""doc_processing"": 3, ""monitoring"": 0}]","[3, 2, 2, 3, 3, 2]",0.0,2.5,0.5978816777695023,0.325,0.024950214484572002,0.015849280389000627,"{""COMPUTE"": 1240, ""MEMORY"": 1015, ""API_CREDITS"": 593, ""DATASET"": 216}","{""COMPUTE"": 653, ""MEMORY"": 534, ""API_CREDITS"": 312, ""DATASET"": 114}","{""COMPUTE"": 1.898928024502297, ""MEMORY"": 1.900749063670412, ""API_CREDITS"": 1.9006410256410255, ""DATASET"": 1.894736842105263}",4,[],"{""COMPUTE"": 0.009188361408882083, ""MEMORY"": 0.011235955056179775, ""API_CREDITS"": 0.019230769230769232, ""DATASET"": 0.05263157894736842}",exact_pending_queue,0,
workload,dirichlet_1.0__high,dirichlet_1.0,dirichlet,1.0,unit,high,1.9,2920410359,fad76d4cde605e60,687eb81be6f50250,"[[0.629021828177719, 0.07832775269303009, 0.09071259996341251, 0.20193781916583847], [0.4526459967644549, 0.07814284337231618, 0.04291362218755978, 0.4262975376756693], [0.17970426116196028, 0.6814693188901048, 0.0783875284891677, 0.0604388914587673], [0.2343953075511926, 0.16818321636492806, 0.09345908509172364, 0.5039623909921557], [0.40676737147248665, 0.17846539857612576, 0.3638259539097307, 0.050941276041656755], [0.008275272893250881, 0.32979068250419924, 0.2089165830726648, 0.45301746152988515]]","[{""research"": 6, ""code_review"": 0, ""doc_processing"": 1, ""monitoring"": 1}, {""research"": 5, ""code_review"": 1, ""doc_processing"": 0, ""monitoring"": 2}, {""research"": 2, ""code_review"": 5, ""doc_processing"": 0, ""monitoring"": 1}, {""research"": 3, ""code_review"": 0, ""doc_processing"": 0, ""monitoring"": 5}, {""research"": 3, ""code_review"": 3, ""doc_processing"": 2, ""monitoring"": 0}, {""research"": 0, ""code_review"": 3, ""doc_processing"": 1, ""monitoring"": 4}]","[3, 3, 3, 2, 3, 3]",0.0,2.8333333333333335,0.6316849329552996,0.5166666666666667,0.05360370670088906,0.03463880755934506,"{""COMPUTE"": 958, ""MEMORY"": 828, ""API_CREDITS"": 448, ""DATASET"": 256}","{""COMPUTE"": 504, ""MEMORY"": 436, ""API_CREDITS"": 236, ""DATASET"": 135}","{""COMPUTE"": 1.9007936507936507, ""MEMORY"": 1.8990825688073394, ""API_CREDITS"": 1.8983050847457628, ""DATASET"": 1.8962962962962964}",4,[],"{""COMPUTE"": 0.011904761904761904, ""MEMORY"": 0.013761467889908258, ""API_CREDITS"": 0.025423728813559324, ""DATASET"": 0.044444444444444446}",exact_pending_queue,0,
workload,dirichlet_1.0__high,dirichlet_1.0,dirichlet,1.0,unit,high,1.9,4282649469,37a15f323222970c,cfdc062f6389e569,"[[0.20480110553536726, 0.14703922520668616, 0.11585811671155241, 0.5323015525463942], [0.026371817010660718, 0.5313526457052701, 0.20427052847330412, 0.23800500881076508], [0.3260206920389787, 0.41347259685721016, 0.2214398288646211, 0.03906688223919009], [0.7590428115457717, 0.16641944368230244, 0.06902045981217361, 0.005517284959752417], [0.11106864869792883, 0.5390059313670095, 0.3298607400494723, 0.02006467988558958], [0.04658156849594949, 0.07988140700085172, 0.04008528999865066, 0.833451734504548]]","[{""research"": 2, ""code_review"": 0, ""doc_processing"": 1, ""monitoring"": 5}, {""research"": 0, ""code_review"": 2, ""doc_processing"": 2, ""monitoring"": 4}, {""research"": 5, ""code_review"": 2, ""doc_processing"": 1, ""monitoring"": 0}, {""research"": 8, ""code_review"": 0, ""doc_processing"": 0, ""monitoring"": 0}, {""research"": 0, ""code_review"": 5, ""doc_processing"": 3, ""monitoring"": 0}, {""research"": 0, ""code_review"": 1, ""doc_processing"": 1, ""monitoring"": 6}]","[3, 3, 3, 1, 2, 3]",0.0,2.5,0.5094418340645747,0.65,0.09487584049905246,0.05957818839980611,"{""COMPUTE"": 906, ""MEMORY"": 778, ""API_CREDITS"": 410, ""DATASET"": 240}","{""COMPUTE"": 477, ""MEMORY"": 409, ""API_CREDITS"": 216, ""DATASET"": 126}","{""COMPUTE"": 1.89937106918239, ""MEMORY"": 1.902200488997555, ""API_CREDITS"": 1.8981481481481481, ""DATASET"": 1.9047619047619047}",4,[],"{""COMPUTE"": 0.012578616352201259, ""MEMORY"": 0.014669926650366748, ""API_CREDITS"": 0.027777777777777776, ""DATASET"": 0.03968253968253968}",exact_pending_queue,0,
workload,dirichlet_1.0__high,dirichlet_1.0,dirichlet,1.0,unit,high,1.9,2089981338,d28934ae1a92b748,0e836970ba923681,"[[0.19169589291940992, 0.28089054964122145, 0.39788753847456076, 0.12952601896480795], [0.13233865704271944, 0.6111612089160852, 0.024082579354112756, 0.23241755468708272], [0.11015830641942373, 0.24329907974905918, 0.3294052158158545, 0.31713739801566254], [0.03740988217428836, 0.25451635705863845, 0.5925693348634425, 0.11550442590363061], [0.09553938667286055, 0.09161441059763836, 0.21680536223178315, 0.5960408404977178], [0.631711468409749, 0.0008847588352479272, 0.11724509319899915, 0.25015867955600385]]","[{""research"": 0, ""code_review"": 3, ""doc_processing"": 4, ""monitoring"": 1}, {""research"": 2, ""code_review"": 4, ""doc_processing"": 0, ""monitoring"": 2}, {""research"": 0, ""code_review"": 1, ""doc_processing"": 6, ""monitoring"": 1}, {""research"": 0, ""code_review"": 2, ""doc_processing"": 6, ""monitoring"": 0}, {""research"": 1, ""code_review"": 0, ""doc_processing"": 1, ""monitoring"": 6}, {""research"": 6, ""code_review"": 0, ""doc_processing"": 1, ""monitoring"": 1}]","[3, 3, 3, 2, 3, 3]",0.0,2.8333333333333335,0.5750626300055082,0.6166666666666667,0.08593960698488348,0.05727113284593704,"{""COMPUTE"": 890, ""MEMORY"": 728, ""API_CREDITS"": 404, ""DATASET"": 160}","{""COMPUTE"": 468, ""MEMORY"": 383, ""API_CREDITS"": 213, ""DATASET"": 84}","{""COMPUTE"": 1.9017094017094016, ""MEMORY"": 1.9007832898172323, ""API_CREDITS"": 1.8967136150234742, ""DATASET"": 1.9047619047619047}",4,[],"{""COMPUTE"": 0.01282051282051282, ""MEMORY"": 0.015665796344647518, ""API_CREDITS"": 0.028169014084507043, ""DATASET"": 0.05952380952380952}",exact_pending_queue,0,
workload,dirichlet_1.0__high,dirichlet_1.0,dirichlet,1.0,unit,high,1.9,1751949247,aa2944cb9d067b8b,1ed4ec537bb56fd1,"[[0.4124807671712969, 0.14132424137289723, 0.064151287087141, 0.3820437043686649], [0.14693144338265002, 0.5690464300977145, 0.05094262580434727, 0.23307950071528824], [0.2261017678837323, 0.1516820621826549, 0.5078133258241294, 0.11440284410948355], [0.00854988252343121, 0.14949351851447043, 0.11067258144346295, 0.7312840175186354], [0.0002657228928163636, 0.10772444767054025, 0.10444108678844596, 0.7875687426481974], [0.20646635984278158, 0.12617470240492393, 0.2737978778915727, 0.39356105986072176]]","[{""research"": 2, ""code_review"": 0, ""doc_processing"": 0, ""monitoring"": 6}, {""research"": 2, ""code_review"": 3, ""doc_processing"": 1, ""monitoring"": 2}, {""research"": 0, ""code_review"": 0, ""doc_processing"": 6, ""monitoring"": 2}, {""research"": 0, ""code_review"": 1, ""doc_processing"": 1, ""monitoring"": 6}, {""research"": 0, ""code_review"": 1, ""doc_processing"": 2, ""monitoring"": 5}, {""research"": 1, ""code_review"": 0, ""doc_processing"": 3, ""monitoring"": 4}]","[2, 4, 2, 3, 3, 3]",0.16666666666666666,2.8333333333333335,0.6078256198776608,0.44166666666666665,0.08134893747439136,0.053300638142049,"{""COMPUTE"": 706, ""MEMORY"": 618, ""API_CREDITS"": 270, ""DATASET"": 240}","{""COMPUTE"": 372, ""MEMORY"": 325, ""API_CREDITS"": 142, ""DATASET"": 126}","{""COMPUTE"": 1.8978494623655915, ""MEMORY"": 1.9015384615384616, ""API_CREDITS"": 1.9014084507042253, ""DATASET"": 1.9047619047619047}",4,[],"{""COMPUTE"": 0.016129032258064516, ""MEMORY"": 0.018461538461538463, ""API_CREDITS"": 0.04225352112676056, ""DATASET"": 0.047619047619047616}",exact_pending_queue,0,
workload,dirichlet_1.0__high,dirichlet_1.0,dirichlet,1.0,unit,high,1.9,4210982914,9a0d1d691557c5c7,b2e3fd8baf3cc7aa,"[[0.09121983238153239, 0.30035421681086566, 0.18621465015666716, 0.4222113006509348], [0.6487456493146712, 0.037896723768984446, 0.07626226403169532, 0.237095362884649], [0.2806279047780838, 0.4266702489742504, 0.019809374141114507, 0.2728924721065513], [0.7382854987672153, 0.0006493624600384978, 0.12104712929537992, 0.14001800947736615], [0.5030066289642727, 0.17323349191288834, 0.2965140576998206, 0.027245821423018287], [0.34267759387791863, 0.1603879673730076, 0.3808047714324015, 0.11612966731667233]]","[{""research"": 1, ""code_review"": 0, ""doc_processing"": 3, ""monitoring"": 4}, {""research"": 3, ""code_review"": 2, ""doc_processing"": 0, ""monitoring"": 3}, {""research"": 2, ""code_review"": 3, ""doc_processing"": 0, ""monitoring"": 3}, {""research"": 5, ""code_review"": 0, ""doc_processing"": 1, ""monitoring"": 2}, {""research"": 3, ""code_review"": 0, ""doc_processing"": 5, ""monitoring"": 0}, {""research"": 3, ""code_review"": 2, ""doc_processing"": 1, ""monitoring"": 2}]","[3, 3, 3, 3, 2, 4]",0.16666666666666666,3.0,0.7239219430831468,0.43333333333333335,0.03626022501958136,0.022524634300904817,"{""COMPUTE"": 980, ""MEMORY"": 835, ""API_CREDITS"": 445, ""DATASET"": 248}","{""COMPUTE"": 516, ""MEMORY"": 439, ""API_CREDITS"": 234, ""DATASET"": 131}","{""COMPUTE"": 1.8992248062015504, ""MEMORY"": 1.9020501138952164, ""API_CREDITS"": 1.9017094017094016, ""DATASET"": 1.8931297709923665}",4,[],"{""COMPUTE"": 0.011627906976744186, ""MEMORY"": 0.01366742596810934, ""API_CREDITS"": 0.02564102564102564, ""DATASET"": 0.04580152671755725}",exact_pending_queue,0,
workload,dirichlet_1.0__high,dirichlet_1.0,dirichlet,1.0,unit,high,1.9,3922112564,0a5ece6bc53be4f2,61002cce3fe832ae,"[[0.08010426176407433, 0.06394399659224291, 0.5146007368957619, 0.34135100474792085], [0.1384124431446875, 0.13639384093929266, 0.1033248579563711, 0.6218688579596486], [0.11163051692287684, 0.4268991502406661, 0.00468184904188579, 0.4567884837945714], [0.5478029531535217, 0.43751149326783817, 0.005340171772076491, 0.00934538180656357], [0.05200610859983472, 0.7165232945070904, 0.05102341154238239, 0.1804471853506924], [0.0020474762663814576, 0.5029629622572517, 0.10930060578770617, 0.3856889556886607]]","[{""research"": 1, ""code_review"": 1, ""doc_processing"": 2, ""monitoring"": 4}, {""research"": 3, ""code_review"": 1, ""doc_processing"": 2, ""monitoring"": 2}, {""research"": 2, ""code_review"": 3, ""doc_processing"": 1, ""monitoring"": 2}, {""research"": 5, ""code_review"": 3, ""doc_processing"": 0, ""monitoring"": 0}, {""research"": 1, ""code_review"": 6, ""doc_processing"": 1, ""monitoring"": 0}, {""research"": 0, ""code_review"": 4, ""doc_processing"": 1, ""monitoring"": 3}]","[4, 4, 4, 2, 3, 3]",0.5,3.3333333333333335,0.7485524428393998,0.45,0.04296532780764433,0.02562845739346206,"{""COMPUTE"": 830, ""MEMORY"": 703, ""API_CREDITS"": 393, ""DATASET"": 184}","{""COMPUTE"": 437, ""MEMORY"": 370, ""API_CREDITS"": 207, ""DATASET"": 97}","{""COMPUTE"": 1.8993135011441649, ""MEMORY"": 1.9, ""API_CREDITS"": 1.8985507246376812, ""DATASET"": 1.8969072164948453}",4,[],"{""COMPUTE"": 0.013729977116704805, ""MEMORY"": 0.016216216216216217, ""API_CREDITS"": 0.028985507246376812, ""DATASET"": 0.061855670103092786}",exact_pending_queue,0,
workload,dirichlet_1.0__high,dirichlet_1.0,dirichlet,1.0,unit,high,1.9,183163032,64a2987eccada00f,24d548302e56336d,"[[0.29199688650635847, 0.6517309569470221, 0.029603960039400055, 0.026668196507219393], [0.32645668665504807, 0.18911406184156382, 0.17991426302422406, 0.304514988479164], [0.16164677590694726, 0.03944884869324578, 0.48900178100666075, 0.30990259439314627], [0.252272667941672, 0.5487124935060003, 0.17242232763166326, 0.02659251092066452], [0.30275940045262356, 0.16538031051182653, 0.1305745644873413, 0.40128572454820866], [0.052181887628117984, 0.38415469944512565, 0.5175653457404389, 0.046098067186317586]]","[{""research"": 1, ""code_review"": 7, ""doc_processing"": 0, ""monitoring"": 0}, {""research"": 2, ""code_review"": 3, ""doc_processing"": 2, ""monitoring"": 1}, {""research"": 2, ""code_review"": 0, ""doc_processing"": 5, ""monitoring"": 1}, {""research"": 1, ""code_review"": 6, ""doc_processing"": 1, ""monitoring"": 0}, {""research"": 1, ""code_review"": 3, ""doc_processing"": 2, ""monitoring"": 2}, {""research"": 0, ""code_review"": 2, ""doc_processing"": 6, ""monitoring"": 0}]","[2, 4, 3, 3, 4, 2]",0.3333333333333333,3.0,0.6271828131060327,0.48333333333333334,0.03941480984679513,0.026260416483302507,"{""COMPUTE"": 832, ""MEMORY"": 663, ""API_CREDITS"": 409, ""DATASET"": 88}","{""COMPUTE"": 438, ""MEMORY"": 349, ""API_CREDITS"": 215, ""DATASET"": 46}","{""COMPUTE"": 1.8995433789954337, ""MEMORY"": 1.8997134670487106, ""API_CREDITS"": 1.9023255813953488, ""DATASET"": 1.9130434782608696}",4,[],"{""COMPUTE"": 0.0136986301369863, ""MEMORY"": 0.017191977077363897, ""API_CREDITS"": 0.027906976744186046, ""DATASET"": 0.10869565217391304}",exact_pending_queue,0,
workload,dirichlet_1.0__high,dirichlet_1.0,dirichlet,1.0,unit,high,1.9,4222305526,8e21a1e40f5d998b,9823d081100f456c,"[[0.0398914336289534, 0.13800114870225383, 0.676372851215755, 0.1457345664530378], [0.15117888947022218, 0.5309296723828796, 0.10791110874881046, 0.20998032939808767], [0.5195136296576136, 0.007289247065646185, 0.42239531974239364, 0.05080180353434655], [0.5224148611636587, 0.1049615215748851, 0.3700576732927105, 0.0025659439687457557], [0.0683054726307133, 0.5565635114259176, 0.09372173134387875, 0.2814092845994905], [0.06853614460169571, 0.22832664162610028, 0.5849128335446131, 0.11822438022759092]]","[{""research"": 0, ""code_review"": 3, ""doc_processing"": 4, ""monitoring"": 1}, {""research"": 2, ""code_review"": 4, ""doc_processing"": 1, ""monitoring"": 1}, {""research"": 4, ""code_review"": 0, ""doc_processing"": 3, ""monitoring"": 1}, {""research"": 5, ""code_review"": 0, ""doc_processing"": 3, ""monitoring"": 0}, {""research"": 0, ""code_review"": 3, ""doc_processing"": 1, ""monitoring"": 4}, {""research"": 2, ""code_review"": 2, ""doc_processing"": 4, ""monitoring"": 0}]","[3, 4, 3, 2, 3, 3]",0.16666666666666666,3.0,0.7017792658011387,0.475,0.04935890425594609,0.029609237324648752,"{""COMPUTE"": 970, ""MEMORY"": 792, ""API_CREDITS"": 460, ""DATASET"": 160}","{""COMPUTE"": 511, ""MEMORY"": 417, ""API_CREDITS"": 242, ""DATASET"": 84}","{""COMPUTE"": 1.898238747553816, ""MEMORY"": 1.8992805755395683, ""API_CREDITS"": 1.9008264462809918, ""DATASET"": 1.9047619047619047}",4,[],"{""COMPUTE"": 0.011741682974559686, ""MEMORY"": 0.014388489208633094, ""API_CREDITS"": 0.024793388429752067, ""DATASET"": 0.07142857142857142}",exact_pending_queue,0,
workload,dirichlet_1.0__high,dirichlet_1.0,dirichlet,1.0,unit,high,1.9,3706283824,c4fb3b218a59dd76,47bd52312ff6e3a6,"[[0.05160551479351177, 0.4906503088636039, 0.15988256508388832, 0.29786161125899596], [0.06343608604876122, 0.6444788159911163, 0.07204944105790761, 0.22003565690221483], [0.7211002424235129, 0.03523206168692891, 0.07559178673278914, 0.16807590915676895], [0.28562352463712976, 0.03231545729689219, 0.14248054125515563, 0.5395804768108224], [0.1211371241427114, 0.12959649394203704, 0.570157799897645, 0.1791085820176064], [0.04713046068249376, 0.6261627191799253, 0.1604089074408701, 0.16629791269671082]]","[{""research"": 0, ""code_review"": 1, ""doc_processing"": 3, ""monitoring"": 4}, {""research"": 0, ""code_review"": 7, ""doc_processing"": 0, ""monitoring"": 1}, {""research"": 5, ""code_review"": 0, ""doc_processing"": 0, ""monitoring"": 3}, {""research"": 1, ""code_review"": 1, ""doc_processing"": 1, ""monitoring"": 5}, {""research"": 2, ""code_review"": 1, ""doc_processing"": 4, ""monitoring"": 1}, {""research"": 0, ""code_review"": 4, ""doc_processing"": 3, ""monitoring"": 1}]","[3, 2, 2, 4, 4, 3]",0.3333333333333333,3.0,0.6340059592732578,0.575,0.07112007079360114,0.04784078528523273,"{""COMPUTE"": 774, ""MEMORY"": 655, ""API_CREDITS"": 345, ""DATASET"": 184}","{""COMPUTE"": 407, ""MEMORY"": 345, ""API_CREDITS"": 182, ""DATASET"": 97}","{""COMPUTE"": 1.9017199017199018, ""MEMORY"": 1.8985507246376812, ""API_CREDITS"": 1.8956043956043955, ""DATASET"": 1.8969072164948453}",4,[],"{""COMPUTE"": 0.014742014742014743, ""MEMORY"": 0.017391304347826087, ""API_CREDITS"": 0.03296703296703297, ""DATASET"": 0.061855670103092786}",exact_pending_queue,0,
workload,dirichlet_1.0__high,dirichlet_1.0,dirichlet,1.0,unit,high,1.9,927763105,0e6b92913a82732d,a4b8212ad9be3aa9,"[[0.34180878257739833, 0.2423229264747268, 0.2593983829899397, 0.15646990795793514], [0.2929379328216254, 0.06031939242469575, 0.22588982469647906, 0.4208528500571997], [0.433159076720961, 0.0900785847424551, 0.4722277042908829, 0.004534634245701194], [0.5407866556059943, 0.3162608325051962, 0.11709159721698822, 0.0258609146718213], [0.201331838301325, 0.15015638136687193, 0.0672244896582536, 0.5812872906735495], [0.08388570938840302, 0.23603723176237337, 0.1851527055953804, 0.4949243532538434]]","[{""research"": 4, ""code_review"": 2, ""doc_processing"": 0, ""monitoring"": 2}, {""research"": 3, ""code_review"": 0, ""doc_processing"": 2, ""monitoring"": 3}, {""research"": 3, ""code_review"": 2, ""doc_processing"": 3, ""monitoring"": 0}, {""research"": 4, ""code_review"": 2, ""doc_processing"": 2, ""monitoring"": 0}, {""research"": 0, ""code_review"": 1, ""doc_processing"": 1, ""monitoring"": 6}, {""research"": 2, ""code_review"": 2, ""doc_processing"": 0, ""monitoring"": 4}]","[3, 3, 3, 3, 3, 3]",0.0,3.0,0.7236528644481165,0.43333333333333335,0.07445984486444787,0.04591074296744448,"{""COMPUTE"": 930, ""MEMORY"": 799, ""API_CREDITS"": 421, ""DATASET"": 248}","{""COMPUTE"": 489, ""MEMORY"": 421, ""API_CREDITS"": 222, ""DATASET"": 131}","{""COMPUTE"": 1.901840490797546, ""MEMORY"": 1.8978622327790975, ""API_CREDITS"": 1.8963963963963963, ""DATASET"": 1.8931297709923665}",4,[],"{""COMPUTE"": 0.012269938650306749, ""MEMORY"": 0.014251781472684086, ""API_CREDITS"": 0.02702702702702703, ""DATASET"": 0.04580152671755725}",exact_pending_queue,0,
workload,dirichlet_1.0__high,dirichlet_1.0,dirichlet,1.0,unit,high,1.9,642816875,7ef8bd2853c16875,2408ad20a3f6addf,"[[0.44113469384726073, 0.23847550760955313, 0.04893844456231693, 0.2714513539808692], [0.07184280651010573, 0.3366512607246369, 0.29042979764215376, 0.30107613512310366], [0.5265112904974109, 0.15458484868762346, 0.1936337461979655, 0.12527011461700027], [0.33875111499768806, 0.025058676941834068, 0.4263459484183526, 0.20984425964212522], [0.25067985989892394, 0.13946367214641428, 0.03093656476629054, 0.5789199031883712], [0.25650020641555193, 0.5819488352177629, 0.022391012624228792, 0.13915994574245638]]","[{""research"": 1, ""code_review"": 2, ""doc_processing"": 0, ""monitoring"": 5}, {""research"": 0, ""code_review"": 3, ""doc_processing"": 2, ""monitoring"": 3}, {""research"": 3, ""code_review"": 0, ""doc_processing"": 3, ""monitoring"": 2}, {""research"": 4, ""code_review"": 0, ""doc_processing"": 2, ""monitoring"": 2}, {""research"": 2, ""code_review"": 0, ""doc_processing"": 0, ""monitoring"": 6}, {""research"": 2, ""code_review"": 5, ""doc_processing"": 0, ""monitoring"": 1}]","[3, 3, 3, 3, 2, 3]",0.0,2.8333333333333335,0.6692853545640163,0.5,0.06305885290551587,0.04578616972650202,"{""COMPUTE"": 814, ""MEMORY"": 711, ""API_CREDITS"": 353, ""DATASET"": 248}","{""COMPUTE"": 428, ""MEMORY"": 374, ""API_CREDITS"": 186, ""DATASET"": 131}","{""COMPUTE"": 1.9018691588785046, ""MEMORY"": 1.9010695187165776, ""API_CREDITS"": 1.8978494623655915, ""DATASET"": 1.8931297709923665}",4,[],"{""COMPUTE"": 0.014018691588785047, ""MEMORY"": 0.016042780748663103, ""API_CREDITS"": 0.03225806451612903, ""DATASET"": 0.04580152671755725}",exact_pending_queue,0,
workload,dirichlet_1.0__high,dirichlet_1.0,dirichlet,1.0,unit,high,1.9,2485047775,80ff342e9c9f99f2,21f38cce00aee9d5,"[[0.218105147968583, 0.6065829301111253, 0.034830445984822864, 0.1404814759354688], [0.07390034749991252, 0.3794536725426131, 0.11966138813434901, 0.4269845918231254], [0.43636398306714197, 0.11019205721378214, 0.18454963359554152, 0.26889432612353453], [0.01377599647066101, 0.27467821377664814, 0.3457387313997996, 0.3658070583528913], [0.5809512355354146, 0.1748574876961009, 0.023288651226433792, 0.22090262554205067], [0.2866685875706949, 0.47823448807903507, 0.13535606904260375, 0.09974085530766634]]","[{""research"": 0, ""code_review"": 7, ""doc_processing"": 1, ""monitoring"": 0}, {""research"": 0, ""code_review"": 3, ""doc_processing"": 2, ""monitoring"": 3}, {""research"": 3, ""code_review"": 2, ""doc_processing"": 1, ""monitoring"": 2}, {""research"": 0, ""code_review"": 1, ""doc_processing"": 3, ""monitoring"": 4}, {""research"": 5, ""code_review"": 1, ""doc_processing"": 1, ""monitoring"": 1}, {""research"": 2, ""code_review"": 5, ""doc_processing"": 0, ""monitoring"": 1}]","[2, 3, 4, 3, 4, 3]",0.3333333333333333,3.1666666666666665,0.6886425477923882,0.5166666666666667,0.05058338643209261,0.031191859001416276,"{""COMPUTE"": 794, ""MEMORY"": 669, ""API_CREDITS"": 375, ""DATASET"": 168}","{""COMPUTE"": 418, ""MEMORY"": 352, ""API_CREDITS"": 197, ""DATASET"": 88}","{""COMPUTE"": 1.8995215311004785, ""MEMORY"": 1.9005681818181819, ""API_CREDITS"": 1.9035532994923858, ""DATASET"": 1.9090909090909092}",4,[],"{""COMPUTE"": 0.014354066985645933, ""MEMORY"": 0.017045454545454544, ""API_CREDITS"": 0.030456852791878174, ""DATASET"": 0.056818181818181816}",exact_pending_queue,0,
workload,dirichlet_1.0__high,dirichlet_1.0,dirichlet,1.0,unit,high,1.9,1464621060,1991d21fe5058e9f,b6be75de715dd8b4,"[[0.10875863277180882, 0.20106405586300247, 0.3030762933697338, 0.3871010179954549], [0.09869830544500452, 0.32815517191388466, 0.20888409823172488, 0.36426242440938594], [0.4769059696843108, 0.01688567357653393, 0.22348170515028187, 0.28272665158887333], [0.10608741809436907, 0.2815320536842164, 0.39979356305733277, 0.21258696516408185], [0.29926917685240634, 0.313355265397541, 0.20858358911012517, 0.17879196863992747], [0.1369334438596728, 0.29961826538056174, 0.4899314635997582, 0.0735168271600073]]","[{""research"": 0, ""code_review"": 3, ""doc_processing"": 2, ""monitoring"": 3}, {""research"": 0, ""code_review"": 4, ""doc_processing"": 3, ""monitoring"": 1}, {""research"": 4, ""code_review"": 0, ""doc_processing"": 3, ""monitoring"": 1}, {""research"": 1, ""code_review"": 1, ""doc_processing"": 5, ""monitoring"": 1}, {""research"": 1, ""code_review"": 5, ""doc_processing"": 1, ""monitoring"": 1}, {""research"": 1, ""code_review"": 1, ""doc_processing"": 6, ""monitoring"": 0}]","[3, 3, 3, 4, 4, 3]",0.3333333333333333,3.3333333333333335,0.7109520212306829,0.45,0.03849031509535927,0.025697620448690006,"{""COMPUTE"": 874, ""MEMORY"": 698, ""API_CREDITS"": 410, ""DATASET"": 112}","{""COMPUTE"": 460, ""MEMORY"": 367, ""API_CREDITS"": 216, ""DATASET"": 59}","{""COMPUTE"": 1.9, ""MEMORY"": 1.901907356948229, ""API_CREDITS"": 1.8981481481481481, ""DATASET"": 1.8983050847457628}",4,[],"{""COMPUTE"": 0.013043478260869565, ""MEMORY"": 0.01634877384196185, ""API_CREDITS"": 0.027777777777777776, ""DATASET"": 0.1016949152542373}",exact_pending_queue,0,
workload,dirichlet_1.0__high,dirichlet_1.0,dirichlet,1.0,unit,high,1.9,1594198431,b89c161aba882674,036fcb94d8b8f8b7,"[[0.4493243438271909, 0.0975118355937651, 0.14477020912521554, 0.30839361145382854], [0.37500636682336896, 0.07579882217805498, 0.0127705859810586, 0.5364242250175173], [0.5332353469419214, 0.0002641128113583195, 0.11564773021167932, 0.3508528100350408], [0.23905724450326832, 0.12178086572936828, 0.4268678572778773, 0.21229403248948608], [0.2906010937379351, 0.11857927418454675, 0.23939544983007827, 0.3514241822474398], [0.34640500849427747, 0.2415452309226074, 0.07109606349286941, 0.3409536970902457]]","[{""research"": 4, ""code_review"": 2, ""doc_processing"": 0, ""monitoring"": 2}, {""research"": 4, ""code_review"": 2, ""doc_processing"": 0, ""monitoring"": 2}, {""research"": 3, ""code_review"": 0, ""doc_processing"": 2, ""monitoring"": 3}, {""research"": 0, ""code_review"": 0, ""doc_processing"": 2, ""monitoring"": 6}, {""research"": 3, ""code_review"": 1, ""doc_processing"": 2, ""monitoring"": 2}, {""research"": 3, ""code_review"": 3, ""doc_processing"": 1, ""monitoring"": 1}]","[3, 3, 3, 2, 4, 4]",0.3333333333333333,3.1666666666666665,0.7574561196339138,0.375,0.04552280753880732,0.029240791925726234,"{""COMPUTE"": 940, ""MEMORY"": 813, ""API_CREDITS"": 423, ""DATASET"": 264}","{""COMPUTE"": 495, ""MEMORY"": 428, ""API_CREDITS"": 223, ""DATASET"": 139}","{""COMPUTE"": 1.898989898989899, ""MEMORY"": 1.8995327102803738, ""API_CREDITS"": 1.8968609865470851, ""DATASET"": 1.8992805755395683}",4,[],"{""COMPUTE"": 0.012121212121212121, ""MEMORY"": 0.014018691588785047, ""API_CREDITS"": 0.026905829596412557, ""DATASET"": 0.04316546762589928}",exact_pending_queue,0,
workload,dirichlet_1.0__high,dirichlet_1.0,dirichlet,1.0,unit,high,1.9,2964826275,e8b779247b1263ab,544bc12453590a4b,"[[0.2631800026030734, 0.3302404097569674, 0.2763447887538052, 0.1302347988861539], [0.005982664502648878, 0.6283087387840284, 0.278238471452413, 0.08747012526090961], [0.12379331520431333, 0.5048071904704474, 0.3124450982833652, 0.05895439604187404], [0.4064011897650745, 0.22180353661745225, 0.045222096975538584, 0.32657317664193464], [0.09538406755909132, 0.1909463281601989, 0.2327960853587201, 0.4808735189219896], [0.17973120749889224, 0.16203942806161775, 0.4636292768351205, 0.19460008760436948]]","[{""research"": 2, ""code_review"": 3, ""doc_processing"": 3, ""monitoring"": 0}, {""research"": 0, ""code_review"": 4, ""doc_processing"": 4, ""monitoring"": 0}, {""research"": 0, ""code_review"": 6, ""doc_processing"": 2, ""monitoring"": 0}, {""research"": 2, ""code_review"": 2, ""doc_processing"": 0, ""monitoring"": 4}, {""research"": 0, ""code_review"": 2, ""doc_processing"": 2, ""monitoring"": 4}, {""research"": 1, ""code_review"": 1, ""doc_processing"": 5, ""monitoring"": 1}]","[3, 2, 2, 3, 3, 4]",0.16666666666666666,2.8333333333333335,0.660112599134472,0.475,0.07890974882245347,0.053791275910467146,"{""COMPUTE"": 774, ""MEMORY"": 626, ""API_CREDITS"": 362, ""DATASET"": 112}","{""COMPUTE"": 407, ""MEMORY"": 329, ""API_CREDITS"": 191, ""DATASET"": 59}","{""COMPUTE"": 1.9017199017199018, ""MEMORY"": 1.9027355623100304, ""API_CREDITS"": 1.8952879581151831, ""DATASET"": 1.8983050847457628}",4,[],"{""COMPUTE"": 0.014742014742014743, ""MEMORY"": 0.0182370820668693, ""API_CREDITS"": 0.031413612565445025, ""DATASET"": 0.06779661016949153}",exact_pending_queue,0,
workload,dirichlet_1.0__high,dirichlet_1.0,dirichlet,1.0,unit,high,1.9,3703943727,50b85968ac32c8a1,070aa7b33a636329,"[[0.3445696445393629, 0.1153988606757972, 0.4146986191908224, 0.12533287559401757], [0.026107954550195434, 0.2901359156618895, 0.24884175513517517, 0.4349143746527399], [0.10884947686478166, 0.08918487547869884, 0.7435924175480173, 0.058373230108502205], [0.015568838339869603, 0.47394814804476326, 0.10324543527216752, 0.40723757834319974], [0.07663788505307337, 0.3412657333502981, 0.11030603090374953, 0.47179035069287883], [0.2604109907406417, 0.615278103064751, 0.11966580520729822, 0.004645100987309119]]","[{""research"": 4, ""code_review"": 2, ""doc_processing"": 1, ""monitoring"": 1}, {""research"": 0, ""code_review"": 1, ""doc_processing"": 2, ""monitoring"": 5}, {""research"": 0, ""code_review"": 1, ""doc_processing"": 7, ""monitoring"": 0}, {""research"": 0, ""code_review"": 3, ""doc_processing"": 2, ""monitoring"": 3}, {""research"": 0, ""code_review"": 3, ""doc_processing"": 1, ""monitoring"": 4}, {""research"": 1, ""code_review"": 7, ""doc_processing"": 0, ""monitoring"": 0}]","[4, 3, 2, 3, 3, 2]",0.16666666666666666,2.8333333333333335,0.5919034178152742,0.575,0.08265411057531313,0.0521780299217185,"{""COMPUTE"": 730, ""MEMORY"": 606, ""API_CREDITS"": 330, ""DATASET"": 144}","{""COMPUTE"": 384, ""MEMORY"": 319, ""API_CREDITS"": 174, ""DATASET"": 76}","{""COMPUTE"": 1.9010416666666667, ""MEMORY"": 1.8996865203761755, ""API_CREDITS"": 1.896551724137931, ""DATASET"": 1.894736842105263}",4,[],"{""COMPUTE"": 0.015625, ""MEMORY"": 0.018808777429467086, ""API_CREDITS"": 0.034482758620689655, ""DATASET"": 0.06578947368421052}",exact_pending_queue,0,
workload,dirichlet_1.0__high,dirichlet_1.0,dirichlet,1.0,unit,high,1.9,1321997983,2a79035e2731e9a9,d0aec88c17a38baa,"[[0.008165791571305994, 0.42352885838141696, 0.20907510803217638, 0.35923024201510056], [0.052462461809533005, 0.11395919105893026, 0.6487678882652772, 0.1848104588662594], [0.14873078737914583, 0.5101853082932296, 0.05269414254380439, 0.2883897617838201], [0.17397619829116265, 0.38610907710135184, 0.2841693143714538, 0.15574541023603156], [0.468924100598692, 0.1748551200689046, 0.05701773673594191, 0.2992030425964614], [0.31746062797675834, 0.03099250532750083, 0.2870079394196663, 0.36453892727607445]]","[{""research"": 0, ""code_review"": 3, ""doc_processing"": 2, ""monitoring"": 3}, {""research"": 0, ""code_review"": 0, ""doc_processing"": 6, ""monitoring"": 2}, {""research"": 1, ""code_review"": 4, ""doc_processing"": 1, ""monitoring"": 2}, {""research"": 0, ""code_review"": 5, ""doc_processing"": 3, ""monitoring"": 0}, {""research"": 6, ""code_review"": 2, ""doc_processing"": 0, ""monitoring"": 0}, {""research"": 2, ""code_review"": 0, ""doc_processing"": 2, ""monitoring"": 4}]","[3, 2, 4, 2, 2, 3]",0.16666666666666666,2.6666666666666665,0.6156890313585303,0.5833333333333334,0.057451647202106056,0.03680166140731735,"{""COMPUTE"": 842, ""MEMORY"": 696, ""API_CREDITS"": 388, ""DATASET"": 160}","{""COMPUTE"": 443, ""MEMORY"": 366, ""API_CREDITS"": 204, ""DATASET"": 84}","{""COMPUTE"": 1.9006772009029345, ""MEMORY"": 1.901639344262295, ""API_CREDITS"": 1.9019607843137254, ""DATASET"": 1.9047619047619047}",4,[],"{""COMPUTE"": 0.013544018058690745, ""MEMORY"": 0.01639344262295082, ""API_CREDITS"": 0.029411764705882353, ""DATASET"": 0.05952380952380952}",exact_pending_queue,0,
workload,dirichlet_1.0__high,dirichlet_1.0,dirichlet,1.0,unit,high,1.9,2789760346,16b1f8885da7cc0f,5143abe727b4a6b6,"[[0.14675965462742246, 0.0954990135915555, 0.6977524973903131, 0.059988834390708984], [0.2211573313709803, 0.12534023114185114, 0.2751025275883965, 0.37839990989877204], [0.1348740312980877, 0.21127601213232775, 0.26370314162476477, 0.39014681494481984], [0.423527097403593, 0.031155129504342325, 0.41854838755142837, 0.12676938554063613], [0.6969532427699415, 0.21185479176233413, 0.07132981256885648, 0.019862152898867804], [0.445099711177088, 0.09044893210772144, 0.3826810335829257, 0.08177032313226484]]","[{""research"": 1, ""code_review"": 1, ""doc_processing"": 6, ""monitoring"": 0}, {""research"": 3, ""code_review"": 0, ""doc_processing"": 0, ""monitoring"": 5}, {""research"": 0, ""code_review"": 0, ""doc_processing"": 2, ""monitoring"": 6}, {""research"": 4, ""code_review"": 1, ""doc_processing"": 3, ""monitoring"": 0}, {""research"": 6, ""code_review"": 1, ""doc_processing"": 1, ""monitoring"": 0}, {""research"": 5, ""code_review"": 1, ""doc_processing"": 2, ""monitoring"": 0}]","[3, 2, 2, 3, 3, 3]",0.0,2.6666666666666665,0.5493918649356108,0.55,0.0821661677296195,0.05593892101506315,"{""COMPUTE"": 1082, ""MEMORY"": 906, ""API_CREDITS"": 498, ""DATASET"": 240}","{""COMPUTE"": 569, ""MEMORY"": 477, ""API_CREDITS"": 262, ""DATASET"": 126}","{""COMPUTE"": 1.9015817223198594, ""MEMORY"": 1.89937106918239, ""API_CREDITS"": 1.900763358778626, ""DATASET"": 1.9047619047619047}",4,[],"{""COMPUTE"": 0.01054481546572935, ""MEMORY"": 0.012578616352201259, ""API_CREDITS"": 0.022900763358778626, ""DATASET"": 0.047619047619047616}",exact_pending_queue,0,
workload,dirichlet_1.0__high,dirichlet_1.0,dirichlet,1.0,unit,high,1.9,4250606291,efd2492b3030fbf1,e9b3c77380f00e42,"[[0.10094591721903466, 0.14263554033869552, 0.344059629406945, 0.4123589130353249], [0.32930561895153027, 0.040099955666457396, 0.13340062587492882, 0.4971937995070836], [0.43395578558958947, 0.2596336861675924, 0.05479766357322409, 0.2516128646695939], [0.040158157305722995, 0.3260875560150802, 0.04207140698874185, 0.591682879690455], [0.6272289287522599, 0.04022286167261913, 0.15850863799864276, 0.17403957157647823], [0.40451590606149407, 0.11892622124511203, 0.3929466423701399, 0.08361123032325395]]","[{""research"": 1, ""code_review"": 1, ""doc_processing"": 4, ""monitoring"": 2}, {""research"": 2, ""code_review"": 0, ""doc_processing"": 0, ""monitoring"": 6}, {""research"": 3, ""code_review"": 1, ""doc_processing"": 0, ""monitoring"": 4}, {""research"": 1, ""code_review"": 2, ""doc_processing"": 0, ""monitoring"": 5}, {""research"": 4, ""code_review"": 0, ""doc_processing"": 3, ""monitoring"": 1}, {""research"": 4, ""code_review"": 1, ""doc_processing"": 2, ""monitoring"": 1}]","[4, 2, 3, 3, 3, 4]",0.3333333333333333,3.1666666666666665,0.7017792658011387,0.45,0.07087676431898894,0.05081309689647687,"{""COMPUTE"": 910, ""MEMORY"": 790, ""API_CREDITS"": 394, ""DATASET"": 272}","{""COMPUTE"": 479, ""MEMORY"": 416, ""API_CREDITS"": 207, ""DATASET"": 143}","{""COMPUTE"": 1.8997912317327765, ""MEMORY"": 1.8990384615384615, ""API_CREDITS"": 1.9033816425120773, ""DATASET"": 1.902097902097902}",4,[],"{""COMPUTE"": 0.012526096033402923, ""MEMORY"": 0.014423076923076924, ""API_CREDITS"": 0.028985507246376812, ""DATASET"": 0.04195804195804196}",exact_pending_queue,0,
workload,dirichlet_0.3__moderate,dirichlet_0.3,dirichlet,0.3,unit,moderate,1.3,2098221685,9dc6afdf0f9522d1,35b48bc213cb4353,"[[0.5080842099568694, 0.425027162524813, 0.01583805256026392, 0.05105057495805357], [0.016810007460872148, 0.04872777660097131, 0.8772735736186463, 0.05718864231951012], [0.0496088596040305, 0.001640771992282643, 0.23511425498814756, 0.7136361134155393], [0.8872567389191243, 0.09662037513673527, 0.014726410813202665, 0.0013964751309379028], [0.19739668820274278, 0.0013462310259447063, 0.05629219173613072, 0.7449648890351819], [0.05457809889514091, 0.7858630887128595, 9.386097514459374e-06, 0.15954942629448507]]","[{""research"": 6, ""code_review"": 2, ""doc_processing"": 0, ""monitoring"": 0}, {""research"": 1, ""code_review"": 1, ""doc_processing"": 5, ""monitoring"": 1}, {""research"": 0, ""code_review"": 0, ""doc_processing"": 0, ""monitoring"": 8}, {""research"": 6, ""code_review"": 2, ""doc_processing"": 0, ""monitoring"": 0}, {""research"": 3, ""code_review"": 0, ""doc_processing"": 1, ""monitoring"": 4}, {""research"": 2, ""code_review"": 6, ""doc_processing"": 0, ""monitoring"": 0}]","[2, 4, 1, 2, 3, 2]",0.16666666666666666,2.3333333333333335,0.44902236469186363,0.6833333333333333,0.11283407950074617,0.0735435603491159,"{""COMPUTE"": 958, ""MEMORY"": 823, ""API_CREDITS"": 445, ""DATASET"": 248}","{""COMPUTE"": 737, ""MEMORY"": 633, ""API_CREDITS"": 342, ""DATASET"": 191}","{""COMPUTE"": 1.299864314789688, ""MEMORY"": 1.3001579778830963, ""API_CREDITS"": 1.3011695906432748, ""DATASET"": 1.2984293193717278}",4,[],"{""COMPUTE"": 0.008141112618724558, ""MEMORY"": 0.009478672985781991, ""API_CREDITS"": 0.017543859649122806, ""DATASET"": 0.031413612565445025}",exact_pending_queue,0,
workload,dirichlet_0.3__moderate,dirichlet_0.3,dirichlet,0.3,unit,moderate,1.3,1138347673,65fc541f1a50a988,ce5bac97d8b1cea2,"[[0.9337254875304603, 0.014397685580524485, 0.0006122000366458361, 0.05126462685236934], [0.8936961072481419, 0.0063196399836654826, 0.06061056081766263, 0.039373691950530004], [0.010914691991494406, 0.09494388532247783, 0.274066866333335, 0.6200745563526927], [0.05830588967635856, 0.009564272505675517, 0.608274500482591, 0.3238553373353749], [0.086741028627186, 0.30519583668132677, 0.2685729149030668, 0.33949021978842037], [0.006134991476464273, 0.5552523105823179, 0.33454973705777197, 0.10406296088344595]]","[{""research"": 8, ""code_review"": 0, ""doc_processing"": 0, ""monitoring"": 0}, {""research"": 7, ""code_review"": 0, ""doc_processing"": 1, ""monitoring"": 0}, {""research"": 0, ""code_review"": 1, ""doc_processing"": 2, ""monitoring"": 5}, {""research"": 0, ""code_review"": 0, ""doc_processing"": 5, ""monitoring"": 3}, {""research"": 0, ""code_review"": 6, ""doc_processing"": 0, ""monitoring"": 2}, {""research"": 0, ""code_review"": 5, ""doc_processing"": 2, ""monitoring"": 1}]","[1, 2, 3, 2, 2, 3]",0.0,2.1666666666666665,0.40890553766454096,0.725,0.053735637332780146,0.0339620575832879,"{""COMPUTE"": 938, ""MEMORY"": 790, ""API_CREDITS"": 438, ""DATASET"": 208}","{""COMPUTE"": 722, ""MEMORY"": 608, ""API_CREDITS"": 337, ""DATASET"": 160}","{""COMPUTE"": 1.299168975069252, ""MEMORY"": 1.299342105263158, ""API_CREDITS"": 1.2997032640949555, ""DATASET"": 1.3}",4,[],"{""COMPUTE"": 0.008310249307479225, ""MEMORY"": 0.009868421052631578, ""API_CREDITS"": 0.017804154302670624, ""DATASET"": 0.0375}",exact_pending_queue,0,
workload,dirichlet_0.3__moderate,dirichlet_0.3,dirichlet,0.3,unit,moderate,1.3,2342860720,4324871acc8f2126,edf3260ef9f61a2d,"[[0.0030965363267340075, 0.15309238582673404, 0.8423884360927357, 0.001422641753796293], [0.00066910652579526, 0.10927833282061072, 0.5187139967017874, 0.37133856395180653], [0.17413499333636043, 0.47360210254752794, 0.35124740741213367, 0.0010154967039779673], [0.09435776944148694, 0.0011403584361616079, 0.897478468344359, 0.007023403777992512], [0.14879564785924926, 0.0539700789189003, 0.3318590342443647, 0.4653752389774858], [0.16838264767059677, 0.7807381667669522, 0.04346272590048394, 0.0074164596619670795]]","[{""research"": 0, ""code_review"": 1, ""doc_processing"": 6, ""monitoring"": 1}, {""research"": 0, ""code_review"": 2, ""doc_processing"": 4, ""monitoring"": 2}, {""research"": 0, ""code_review"": 4, ""doc_processing"": 4, ""monitoring"": 0}, {""research"": 0, ""code_review"": 0, ""doc_processing"": 8, ""monitoring"": 0}, {""research"": 0, ""code_review"": 1, ""doc_processing"": 4, ""monitoring"": 3}, {""research"": 3, ""code_review"": 5, ""doc_processing"": 0, ""monitoring"": 0}]","[3, 3, 2, 1, 3, 2]",0.0,2.3333333333333335,0.4934459324678054,0.49166666666666664,0.048354045062045964,0.03227594134199301,"{""COMPUTE"": 852, ""MEMORY"": 661, ""API_CREDITS"": 395, ""DATASET"": 72}","{""COMPUTE"": 655, ""MEMORY"": 508, ""API_CREDITS"": 304, ""DATASET"": 55}","{""COMPUTE"": 1.300763358778626, ""MEMORY"": 1.3011811023622046, ""API_CREDITS"": 1.299342105263158, ""DATASET"": 1.309090909090909}",4,[],"{""COMPUTE"": 0.00916030534351145, ""MEMORY"": 0.011811023622047244, ""API_CREDITS"": 0.019736842105263157, ""DATASET"": 0.07272727272727272}",exact_pending_queue,0,
workload,dirichlet_0.3__moderate,dirichlet_0.3,dirichlet,0.3,unit,moderate,1.3,1473714878,d763c471814b68dd,23bbbceb16351e6c,"[[0.2522438901380764, 0.2726096004360921, 0.4353198856976838, 0.039826623728147645], [0.2586167769788751, 0.16527268915918858, 0.2733491323475733, 0.3027614015143631], [0.012024579733476919, 0.22045944029958867, 0.5059967251627172, 0.26151925480421734], [0.4333523065185371, 0.5663633382402713, 1.7283455501847514e-05, 0.00026707178568984204], [0.29937531581539506, 0.00014491203999521889, 0.048038037008238, 0.6524417351363717], [0.0010901390203175733, 0.057388007402229324, 0.6949385747948833, 0.2465832787825699]]","[{""research"": 1, ""code_review"": 2, ""doc_processing"": 5, ""monitoring"": 0}, {""research"": 2, ""code_review"": 2, ""doc_processing"": 1, ""monitoring"": 3}, {""research"": 1, ""code_review"": 2, ""doc_processing"": 5, ""monitoring"": 0}, {""research"": 1, ""code_review"": 7, ""doc_processing"": 0, ""monitoring"": 0}, {""research"": 4, ""code_review"": 0, ""doc_processing"": 0, ""monitoring"": 4}, {""research"": 0, ""code_review"": 0, ""doc_processing"": 5, ""monitoring"": 3}]","[3, 4, 3, 2, 2, 2]",0.16666666666666666,2.6666666666666665,0.5834356158120771,0.5833333333333334,0.06652667391875583,0.04646353848845402,"{""COMPUTE"": 868, ""MEMORY"": 711, ""API_CREDITS"": 401, ""DATASET"": 152}","{""COMPUTE"": 668, ""MEMORY"": 547, ""API_CREDITS"": 308, ""DATASET"": 117}","{""COMPUTE"": 1.2994011976047903, ""MEMORY"": 1.29981718464351, ""API_CREDITS"": 1.301948051948052, ""DATASET"": 1.2991452991452992}",4,[],"{""COMPUTE"": 0.008982035928143712, ""MEMORY"": 0.010968921389396709, ""API_CREDITS"": 0.01948051948051948, ""DATASET"": 0.05128205128205128}",exact_pending_queue,0,
workload,dirichlet_0.3__moderate,dirichlet_0.3,dirichlet,0.3,unit,moderate,1.3,2114544130,f8cb04888ffacd4d,a2b5b90138f37f19,"[[0.0996978059324027, 0.5394392694620065, 0.35124824963402196, 0.0096146749715688], [7.261369052300651e-05, 0.16167276519971369, 0.4106124824011343, 0.427642138708629], [5.061073919795643e-06, 0.338638561353391, 0.540668807109353, 0.12068757046333617], [0.09343003452915477, 0.8887806450052258, 0.007866905456677842, 0.009922415008941447], [0.0017228839601640016, 0.48240289817996496, 0.008956546162388402, 0.5069176716974826], [0.00015361330403723233, 0.007689366721911596, 0.7930685325001828, 0.1990884874738683]]","[{""research"": 1, ""code_review"": 5, ""doc_processing"": 2, ""monitoring"": 0}, {""research"": 0, ""code_review"": 1, ""doc_processing"": 2, ""monitoring"": 5}, {""research"": 0, ""code_review"": 4, ""doc_processing"": 4, ""monitoring"": 0}, {""research"": 1, ""code_review"": 7, ""doc_processing"": 0, ""monitoring"": 0}, {""research"": 0, ""code_review"": 5, ""doc_processing"": 0, ""monitoring"": 3}, {""research"": 0, ""code_review"": 0, ""doc_processing"": 5, ""monitoring"": 3}]","[3, 3, 2, 2, 2, 2]",0.0,2.3333333333333335,0.5041685275366937,0.5416666666666666,0.08158558338683088,0.055252013002835366,"{""COMPUTE"": 662, ""MEMORY"": 541, ""API_CREDITS"": 307, ""DATASET"": 104}","{""COMPUTE"": 509, ""MEMORY"": 416, ""API_CREDITS"": 236, ""DATASET"": 80}","{""COMPUTE"": 1.300589390962672, ""MEMORY"": 1.3004807692307692, ""API_CREDITS"": 1.3008474576271187, ""DATASET"": 1.3}",4,[],"{""COMPUTE"": 0.011787819253438114, ""MEMORY"": 0.014423076923076924, ""API_CREDITS"": 0.025423728813559324, ""DATASET"": 0.0625}",exact_pending_queue,0,
workload,dirichlet_0.3__moderate,dirichlet_0.3,dirichlet,0.3,unit,moderate,1.3,147595965,f8b351a86d0bb50a,e55e73f444256f7b,"[[0.019683752802133133, 0.8659593989640075, 0.11435576962740022, 1.078606458992734e-06], [0.6322915821816995, 0.11906708009500337, 0.2455672006238047, 0.003074137099492475], [0.3760365505744414, 0.16068593638277834, 0.06317603278442153, 0.4001014802583586], [0.0017721864863292059, 0.02875529536602664, 0.19895826072946401, 0.7705142574181801], [0.05093654488444617, 0.9381950588851431, 1.814973498734766e-09, 0.010868394415437395], [0.07182532746337597, 0.6063410016180555, 0.11934370633574806, 0.20248996458282031]]","[{""research"": 0, ""code_review"": 7, ""doc_processing"": 1, ""monitoring"": 0}, {""research"": 3, ""code_review"": 2, ""doc_processing"": 3, ""monitoring"": 0}, {""research"": 3, ""code_review"": 2, ""doc_processing"": 0, ""monitoring"": 3}, {""research"": 0, ""code_review"": 0, ""doc_processing"": 1, ""monitoring"": 7}, {""research"": 0, ""code_review"": 8, ""doc_processing"": 0, ""monitoring"": 0}, {""research"": 0, ""code_review"": 5, ""doc_processing"": 1, ""monitoring"": 2}]","[2, 3, 3, 2, 1, 3]",0.0,2.3333333333333335,0.4590400063344047,0.6083333333333333,0.11195608118186302,0.0701943894735657,"{""COMPUTE"": 672, ""MEMORY"": 570, ""API_CREDITS"": 318, ""DATASET"": 144}","{""COMPUTE"": 517, ""MEMORY"": 438, ""API_CREDITS"": 245, ""DATASET"": 111}","{""COMPUTE"": 1.299806576402321, ""MEMORY"": 1.3013698630136987, ""API_CREDITS"": 1.2979591836734694, ""DATASET"": 1.2972972972972974}",4,[],"{""COMPUTE"": 0.01160541586073501, ""MEMORY"": 0.0136986301369863, ""API_CREDITS"": 0.024489795918367346, ""DATASET"": 0.036036036036036036}",exact_pending_queue,0,
workload,dirichlet_0.3__moderate,dirichlet_0.3,dirichlet,0.3,unit,moderate,1.3,393081195,a866e3f6ee7ebc24,f97e57bf5c1a0be7,"[[0.2317645315793725, 0.2574687345546834, 0.5106562307438685, 0.00011050312207572684], [0.5582013843045621, 6.307622359304591e-05, 4.677817687371945e-07, 0.4417350716900762], [0.1306898996937479, 0.10600761225463297, 0.5949370337494515, 0.16836545430216748], [0.3468513619534231, 0.5418490960549287, 0.09466858762852129, 0.016630954363126824], [0.001220034348939201, 0.03889834696417823, 0.02656608381846485, 0.9333155348684177], [0.6154360306493735, 0.2739516390144404, 0.07497561500713909, 0.03563671532904686]]","[{""research"": 3, ""code_review"": 3, ""doc_processing"": 2, ""monitoring"": 0}, {""research"": 3, ""code_review"": 0, ""doc_processing"": 0, ""monitoring"": 5}, {""research"": 1, ""code_review"": 1, ""doc_processing"": 4, ""monitoring"": 2}, {""research"": 4, ""code_review"": 3, ""doc_processing"": 1, ""monitoring"": 0}, {""research"": 0, ""code_review"": 0, ""doc_processing"": 0, ""monitoring"": 8}, {""research"": 3, ""code_review"": 5, ""doc_processing"": 0, ""monitoring"": 0}]","[3, 2, 4, 3, 1, 2]",0.16666666666666666,2.5,0.5521487660448857,0.6083333333333333,0.11379172536902424,0.08031360520171081,"{""COMPUTE"": 870, ""MEMORY"": 749, ""API_CREDITS"": 395, ""DATASET"": 232}","{""COMPUTE"": 669, ""MEMORY"": 576, ""API_CREDITS"": 304, ""DATASET"": 178}","{""COMPUTE"": 1.3004484304932735, ""MEMORY"": 1.3003472222222223, ""API_CREDITS"": 1.299342105263158, ""DATASET"": 1.303370786516854}",4,[],"{""COMPUTE"": 0.008968609865470852, ""MEMORY"": 0.010416666666666666, ""API_CREDITS"": 0.019736842105263157, ""DATASET"": 0.033707865168539325}",exact_pending_queue,0,
workload,dirichlet_0.3__moderate,dirichlet_0.3,dirichlet,0.3,unit,moderate,1.3,1217898226,dadfbeaecf13d7d9,f0d94c7b4e236a22,"[[0.08312571690132962, 0.9102443808861884, 0.005655581277577341, 0.0009743209349045295], [0.02438478824290761, 0.005396726788772397, 0.9684782912044255, 0.0017401937638945515], [0.16051098182065068, 0.00025186137945723205, 0.7815735211059754, 0.05766363569391656], [0.12586200483908208, 0.22594235190820341, 0.507478201204836, 0.1407174420478783], [0.4287115944986161, 0.5566911631669073, 1.8653703611396327e-06, 0.01459537696411552], [0.04305940293438597, 0.11573211517230203, 0.08490106056786706, 0.7563074213254449]]","[{""research"": 2, ""code_review"": 6, ""doc_processing"": 0, ""monitoring"": 0}, {""research"": 0, ""code_review"": 0, ""doc_processing"": 8, ""monitoring"": 0}, {""research"": 3, ""code_review"": 0, ""doc_processing"": 5, ""monitoring"": 0}, {""research"": 1, ""code_review"": 1, ""doc_processing"": 6, ""monitoring"": 0}, {""research"": 5, ""code_review"": 3, ""doc_processing"": 0, ""monitoring"": 0}, {""research"": 1, ""code_review"": 0, ""doc_processing"": 0, ""monitoring"": 7}]","[2, 1, 2, 3, 2, 2]",0.0,2.0,0.3604157248306494,0.7083333333333334,0.0965286044973545,0.0624469177138448,"{""COMPUTE"": 982, ""MEMORY"": 795, ""API_CREDITS"": 461, ""DATASET"": 152}","{""COMPUTE"": 755, ""MEMORY"": 612, ""API_CREDITS"": 355, ""DATASET"": 117}","{""COMPUTE"": 1.3006622516556292, ""MEMORY"": 1.2990196078431373, ""API_CREDITS"": 1.2985915492957747, ""DATASET"": 1.2991452991452992}",4,[],"{""COMPUTE"": 0.007947019867549669, ""MEMORY"": 0.00980392156862745, ""API_CREDITS"": 0.016901408450704224, ""DATASET"": 0.042735042735042736}",exact_pending_queue,0,
workload,dirichlet_0.3__moderate,dirichlet_0.3,dirichlet,0.3,unit,moderate,1.3,1595745102,54a7164dba7246cb,b95f64edf047133a,"[[0.013725919108165152, 0.02180506369126937, 0.8881102363308524, 0.07635878086971305], [0.005313377098933559, 0.0004712556314479353, 0.9942151387306742, 2.2853894421146716e-07], [0.2048975484969395, 0.4693739918013176, 0.15636171862133502, 0.1693667410804078], [0.0009149078781123869, 0.017531088867353897, 0.4256407065190211, 0.5559132967355127], [0.33091257165984145, 0.17813516223669904, 0.48119022852394794, 0.009762037579511692], [0.7617013158410203, 0.008489344701140378, 0.007620684818031799, 0.22218865463980744]]","[{""research"": 0, ""code_review"": 0, ""doc_processing"": 8, ""monitoring"": 0}, {""research"": 0, ""code_review"": 0, ""doc_processing"": 8, ""monitoring"": 0}, {""research"": 3, ""code_review"": 1, ""doc_processing"": 2, ""monitoring"": 2}, {""research"": 0, ""code_review"": 0, ""doc_processing"": 2, ""monitoring"": 6}, {""research"": 4, ""code_review"": 1, ""doc_processing"": 3, ""monitoring"": 0}, {""research"": 7, ""code_review"": 0, ""doc_processing"": 0, ""monitoring"": 1}]","[1, 1, 4, 2, 3, 2]",0.16666666666666666,2.1666666666666665,0.38884339100982185,0.6416666666666667,0.08902001783850365,0.05674188354423573,"{""COMPUTE"": 1074, ""MEMORY"": 871, ""API_CREDITS"": 489, ""DATASET"": 184}","{""COMPUTE"": 826, ""MEMORY"": 670, ""API_CREDITS"": 376, ""DATASET"": 142}","{""COMPUTE"": 1.3002421307506054, ""MEMORY"": 1.3, ""API_CREDITS"": 1.300531914893617, ""DATASET"": 1.295774647887324}",4,[],"{""COMPUTE"": 0.007263922518159807, ""MEMORY"": 0.008955223880597015, ""API_CREDITS"": 0.015957446808510637, ""DATASET"": 0.028169014084507043}",exact_pending_queue,0,
workload,dirichlet_0.3__moderate,dirichlet_0.3,dirichlet,0.3,unit,moderate,1.3,2413048586,86f290e019ed792b,ab648bf22eb3053d,"[[0.00022207454292892686, 0.261035005578426, 0.005204067223533835, 0.7335388526551112], [0.20715198952728456, 0.04305111801681771, 0.03412024698512649, 0.7156766454707711], [0.5603911160898454, 0.28087525047264966, 0.08814682248843057, 0.07058681094907451], [0.12970146967219395, 0.026426801483351598, 0.09066158899647662, 0.7532101398479778], [0.22513261482340496, 0.00017145241972294092, 0.0611821931242476, 0.7135137396326244], [0.002238914747500322, 0.15294977629741738, 0.6218906764173603, 0.222920632537722]]","[{""research"": 0, ""code_review"": 2, ""doc_processing"": 0, ""monitoring"": 6}, {""research"": 1, ""code_review"": 1, ""doc_processing"": 1, ""monitoring"": 5}, {""research"": 3, ""code_review"": 2, ""doc_processing"": 2, ""monitoring"": 1}, {""research"": 1, ""code_review"": 0, ""doc_processing"": 1, ""monitoring"": 6}, {""research"": 1, ""code_review"": 0, ""doc_processing"": 2, ""monitoring"": 5}, {""research"": 0, ""code_review"": 1, ""doc_processing"": 5, ""monitoring"": 2}]","[2, 4, 4, 3, 3, 3]",0.3333333333333333,3.1666666666666665,0.6603816777695023,0.4166666666666667,0.09095368732157107,0.05777062439151564,"{""COMPUTE"": 706, ""MEMORY"": 623, ""API_CREDITS"": 273, ""DATASET"": 248}","{""COMPUTE"": 543, ""MEMORY"": 479, ""API_CREDITS"": 210, ""DATASET"": 191}","{""COMPUTE"": 1.3001841620626151, ""MEMORY"": 1.3006263048016702, ""API_CREDITS"": 1.3, ""DATASET"": 1.2984293193717278}",4,[],"{""COMPUTE"": 0.011049723756906077, ""MEMORY"": 0.012526096033402923, ""API_CREDITS"": 0.02857142857142857, ""DATASET"": 0.031413612565445025}",exact_pending_queue,0,
workload,dirichlet_0.3__moderate,dirichlet_0.3,dirichlet,0.3,unit,moderate,1.3,453209340,f950c7ee00fe6223,236f7046051acafa,"[[0.15795096219901583, 0.09931195701619912, 0.1805778097576522, 0.5621592710271329], [0.4816643987646055, 9.646433334514427e-05, 0.356930975636032, 0.16130816126601732], [1.3261919689840405e-10, 0.47259993185413035, 0.20185295209780255, 0.325547115915448], [0.42307152745602666, 0.049191005173085556, 0.0015490669437912509, 0.5261884004270965], [0.011077671908002386, 0.3957021573475883, 0.5175809451015818, 0.07563922564282763], [0.30447466962732267, 0.022049804539177587, 0.6715222225519026, 0.0019533032815972516]]","[{""research"": 1, ""code_review"": 1, ""doc_processing"": 1, ""monitoring"": 5}, {""research"": 3, ""code_review"": 0, ""doc_processing"": 4, ""monitoring"": 1}, {""research"": 0, ""code_review"": 3, ""doc_processing"": 0, ""monitoring"": 5}, {""research"": 4, ""code_review"": 0, ""doc_processing"": 0, ""monitoring"": 4}, {""research"": 1, ""code_review"": 4, ""doc_processing"": 3, ""monitoring"": 0}, {""research"": 0, ""code_review"": 0, ""doc_processing"": 8, ""monitoring"": 0}]","[4, 3, 2, 2, 3, 1]",0.16666666666666666,2.5,0.5262089223399581,0.65,0.10385442041824043,0.0716828451304574,"{""COMPUTE"": 858, ""MEMORY"": 716, ""API_CREDITS"": 376, ""DATASET"": 192}","{""COMPUTE"": 660, ""MEMORY"": 551, ""API_CREDITS"": 289, ""DATASET"": 148}","{""COMPUTE"": 1.3, ""MEMORY"": 1.2994555353901995, ""API_CREDITS"": 1.301038062283737, ""DATASET"": 1.2972972972972974}",4,[],"{""COMPUTE"": 0.00909090909090909, ""MEMORY"": 0.010889292196007259, ""API_CREDITS"": 0.020761245674740483, ""DATASET"": 0.033783783783783786}",exact_pending_queue,0,
workload,dirichlet_0.3__moderate,dirichlet_0.3,dirichlet,0.3,unit,moderate,1.3,2920410359,2c1a3bb8e5d909da,c8f4817d14506ef7,"[[0.6346753119763923, 0.3415599982824914, 0.019142803856820673, 0.004621885884295685], [0.970239093879207, 0.001631584886169176, 0.025981655394573457, 0.002147665840050454], [0.029678595577071195, 0.07456510178361134, 0.19323461278401508, 0.7025216898553024], [0.6909149892426085, 0.015585223463243598, 0.2635325660372356, 0.029967221256912195], [0.09019845880385648, 0.5957148690402134, 0.14657416145187574, 0.16751251070405437], [0.01761170293179784, 0.8709468596339917, 9.438894956574886e-09, 0.11144142799531563]]","[{""research"": 6, ""code_review"": 2, ""doc_processing"": 0, ""monitoring"": 0}, {""research"": 8, ""code_review"": 0, ""doc_processing"": 0, ""monitoring"": 0}, {""research"": 1, ""code_review"": 1, ""doc_processing"": 3, ""monitoring"": 3}, {""research"": 7, ""code_review"": 0, ""doc_processing"": 1, ""monitoring"": 0}, {""research"": 0, ""code_review"": 6, ""doc_processing"": 0, ""monitoring"": 2}, {""research"": 0, ""code_review"": 8, ""doc_processing"": 0, ""monitoring"": 0}]","[2, 1, 4, 2, 2, 1]",0.16666666666666666,2.0,0.3314499013814162,0.6833333333333333,0.03948748809315972,0.026386857594010844,"{""COMPUTE"": 1046, ""MEMORY"": 883, ""API_CREDITS"": 521, ""DATASET"": 216}","{""COMPUTE"": 805, ""MEMORY"": 679, ""API_CREDITS"": 401, ""DATASET"": 166}","{""COMPUTE"": 1.2993788819875776, ""MEMORY"": 1.3004418262150221, ""API_CREDITS"": 1.2992518703241895, ""DATASET"": 1.3012048192771084}",4,[],"{""COMPUTE"": 0.007453416149068323, ""MEMORY"": 0.008836524300441826, ""API_CREDITS"": 0.014962593516209476, ""DATASET"": 0.030120481927710843}",exact_pending_queue,0,
workload,dirichlet_0.3__moderate,dirichlet_0.3,dirichlet,0.3,unit,moderate,1.3,4282649469,d99db52a775b1947,7426a4c0e5e5a5f4,"[[0.8349918516215922, 0.13142941796071245, 0.0328110963859519, 0.0007676340317433818], [0.8663676464593009, 0.12011295426333908, 2.829153380535148e-07, 0.013519116362022023], [0.4495986894624598, 0.14031859446484735, 0.3453121747379674, 0.06477054133472539], [0.0003035468749252275, 0.01714057912017907, 0.0001045263889417699, 0.9824513476159541], [0.22081341055334516, 0.1341722224753501, 0.3002159357207693, 0.34479843125053544], [0.4232962956174448, 0.09634985809757332, 0.005990513529220286, 0.4743633327557618]]","[{""research"": 7, ""code_review"": 1, ""doc_processing"": 0, ""monitoring"": 0}, {""research"": 6, ""code_review"": 2, ""doc_processing"": 0, ""monitoring"": 0}, {""research"": 2, ""code_review"": 1, ""doc_processing"": 5, ""monitoring"": 0}, {""research"": 0, ""code_review"": 0, ""doc_processing"": 0, ""monitoring"": 8}, {""research"": 2, ""code_review"": 1, ""doc_processing"": 3, ""monitoring"": 2}, {""research"": 2, ""code_review"": 0, ""doc_processing"": 1, ""monitoring"": 5}]","[2, 2, 3, 1, 4, 3]",0.16666666666666666,2.5,0.4881726259399244,0.6333333333333333,0.11426090407552271,0.07596529954404249,"{""COMPUTE"": 1014, ""MEMORY"": 870, ""API_CREDITS"": 458, ""DATASET"": 272}","{""COMPUTE"": 780, ""MEMORY"": 669, ""API_CREDITS"": 352, ""DATASET"": 209}","{""COMPUTE"": 1.3, ""MEMORY"": 1.3004484304932735, ""API_CREDITS"": 1.3011363636363635, ""DATASET"": 1.3014354066985645}",4,[],"{""COMPUTE"": 0.007692307692307693, ""MEMORY"": 0.008968609865470852, ""API_CREDITS"": 0.017045454545454544, ""DATASET"": 0.028708133971291867}",exact_pending_queue,0,
workload,dirichlet_0.3__moderate,dirichlet_0.3,dirichlet,0.3,unit,moderate,1.3,2089981338,ce67109df061a7c3,3ced102717e80c73,"[[0.9968291066047148, 0.0013689100308652727, 4.3826943597323025e-07, 0.0018015450949839418], [0.3237292916339121, 0.16205865323444826, 0.09947631982438454, 0.4147357353072551], [0.7440300546691537, 1.3357154216391721e-05, 0.24849789336455158, 0.007458694812078258], [6.821351968682708e-07, 0.6929401876292385, 0.28632531918714155, 0.02073381104842314], [1.1168486891060825e-05, 1.8795146430661713e-06, 0.8878908696794563, 0.11209608231900951], [0.20839656264112666, 0.1297933521966939, 0.4644869084347432, 0.19732317672743607]]","[{""research"": 7, ""code_review"": 1, ""doc_processing"": 0, ""monitoring"": 0}, {""research"": 1, ""code_review"": 1, ""doc_processing"": 0, ""monitoring"": 6}, {""research"": 7, ""code_review"": 0, ""doc_processing"": 1, ""monitoring"": 0}, {""research"": 0, ""code_review"": 4, ""doc_processing"": 4, ""monitoring"": 0}, {""research"": 0, ""code_review"": 0, ""doc_processing"": 7, ""monitoring"": 1}, {""research"": 2, ""code_review"": 0, ""doc_processing"": 5, ""monitoring"": 1}]","[2, 3, 2, 2, 2, 3]",0.0,2.3333333333333335,0.4158971995627767,0.7,0.08794026877029718,0.055245019998707325,"{""COMPUTE"": 1076, ""MEMORY"": 885, ""API_CREDITS"": 503, ""DATASET"": 200}","{""COMPUTE"": 828, ""MEMORY"": 681, ""API_CREDITS"": 387, ""DATASET"": 154}","{""COMPUTE"": 1.2995169082125604, ""MEMORY"": 1.2995594713656389, ""API_CREDITS"": 1.2997416020671835, ""DATASET"": 1.2987012987012987}",4,[],"{""COMPUTE"": 0.007246376811594203, ""MEMORY"": 0.00881057268722467, ""API_CREDITS"": 0.015503875968992248, ""DATASET"": 0.032467532467532464}",exact_pending_queue,0,
workload,dirichlet_0.3__moderate,dirichlet_0.3,dirichlet,0.3,unit,moderate,1.3,1751949247,6b035674b8c71a1e,824bdcc0f81d1581,"[[0.6436132926878148, 0.08879066542904336, 0.2666514511670456, 0.0009445907160963864], [0.7407817729957896, 0.0012017848376821437, 0.16614842263284849, 0.09186801953367975], [0.07812224878530323, 0.04449234031874961, 0.5752592463937063, 0.3021261645022409], [0.1394074308915268, 0.5294779368971945, 0.331114602758802, 2.9452476858160532e-08], [0.033274153037939194, 0.9601634826744982, 0.00655936848217636, 2.995805386193657e-06], [0.7709250908579506, 0.001007392642891992, 0.2280674222359599, 9.42631975866561e-08]]","[{""research"": 5, ""code_review"": 1, ""doc_processing"": 2, ""monitoring"": 0}, {""research"": 7, ""code_review"": 0, ""doc_processing"": 0, ""monitoring"": 1}, {""research"": 0, ""code_review"": 0, ""doc_processing"": 4, ""monitoring"": 4}, {""research"": 3, ""code_review"": 4, ""doc_processing"": 1, ""monitoring"": 0}, {""research"": 0, ""code_review"": 8, ""doc_processing"": 0, ""monitoring"": 0}, {""research"": 6, ""code_review"": 0, ""doc_processing"": 2, ""monitoring"": 0}]","[3, 2, 2, 3, 1, 2]",0.0,2.1666666666666665,0.42160638088197455,0.6583333333333333,0.049469146529344456,0.02847734557636977,"{""COMPUTE"": 1082, ""MEMORY"": 902, ""API_CREDITS"": 530, ""DATASET"": 208}","{""COMPUTE"": 832, ""MEMORY"": 694, ""API_CREDITS"": 408, ""DATASET"": 160}","{""COMPUTE"": 1.3004807692307692, ""MEMORY"": 1.2997118155619596, ""API_CREDITS"": 1.2990196078431373, ""DATASET"": 1.3}",4,[],"{""COMPUTE"": 0.007211538461538462, ""MEMORY"": 0.008645533141210375, ""API_CREDITS"": 0.014705882352941176, ""DATASET"": 0.03125}",exact_pending_queue,0,
workload,dirichlet_0.3__moderate,dirichlet_0.3,dirichlet,0.3,unit,moderate,1.3,4210982914,afa4b806fe5d9c18,ecfe2c21362cc879,"[[0.2130707303713069, 0.008910893223530046, 0.6601820106421992, 0.11783636576296375], [0.08379437295451256, 3.566141877103624e-05, 0.024596147153073178, 0.8915738184736431], [0.054848433650131395, 0.3204671288322304, 0.37768009987028384, 0.24700433764735436], [0.2368582073625075, 0.39252217896359565, 0.3578332021409987, 0.012786411532898233], [0.03860081889215806, 0.0007907912191795275, 0.9490555496375489, 0.011552840251113493], [0.0007786566388653016, 0.0035074198758898623, 0.004221675373668933, 0.991492248111576]]","[{""research"": 0, ""code_review"": 0, ""doc_processing"": 8, ""monitoring"": 0}, {""research"": 0, ""code_review"": 0, ""doc_processing"": 1, ""monitoring"": 7}, {""research"": 0, ""code_review"": 1, ""doc_processing"": 5, ""monitoring"": 2}, {""research"": 1, ""code_review"": 4, ""doc_processing"": 3, ""monitoring"": 0}, {""research"": 0, ""code_review"": 0, ""doc_processing"": 8, ""monitoring"": 0}, {""research"": 0, ""code_review"": 0, ""doc_processing"": 0, ""monitoring"": 8}]","[1, 2, 3, 3, 1, 1]",0.0,1.8333333333333333,0.2706665371770468,0.6416666666666667,0.16097636410300004,0.11912837978484918,"{""COMPUTE"": 770, ""MEMORY"": 622, ""API_CREDITS"": 314, ""DATASET"": 144}","{""COMPUTE"": 592, ""MEMORY"": 478, ""API_CREDITS"": 242, ""DATASET"": 111}","{""COMPUTE"": 1.3006756756756757, ""MEMORY"": 1.301255230125523, ""API_CREDITS"": 1.2975206611570247, ""DATASET"": 1.2972972972972974}",4,[],"{""COMPUTE"": 0.010135135135135136, ""MEMORY"": 0.012552301255230125, ""API_CREDITS"": 0.024793388429752067, ""DATASET"": 0.036036036036036036}",exact_pending_queue,0,
workload,dirichlet_0.3__moderate,dirichlet_0.3,dirichlet,0.3,unit,moderate,1.3,3922112564,9320ec629a1da530,1f702c81d8f60b7e,"[[0.03856346157793913, 0.00044480172745336484, 0.36340718803431954, 0.597584548660288], [0.3221689399406653, 0.4955522679362947, 0.0015207330003075053, 0.1807580591227325], [0.9131785907785888, 0.0603556555153438, 0.026460271243445823, 5.482462621532629e-06], [0.22516885873698245, 0.0005004496469193917, 0.7739704327308423, 0.00036025888525571733], [0.056644333758133804, 0.0374569439422449, 0.18631867549907571, 0.7195800468005458], [0.12609936972977845, 0.8189876104951748, 0.02693055082101722, 0.027982468954029546]]","[{""research"": 0, ""code_review"": 0, ""doc_processing"": 2, ""monitoring"": 6}, {""research"": 0, ""code_review"": 6, ""doc_processing"": 0, ""monitoring"": 2}, {""research"": 8, ""code_review"": 0, ""doc_processing"": 0, ""monitoring"": 0}, {""research"": 1, ""code_review"": 0, ""doc_processing"": 7, ""monitoring"": 0}, {""research"": 0, ""code_review"": 0, ""doc_processing"": 2, ""monitoring"": 6}, {""research"": 2, ""code_review"": 6, ""doc_processing"": 0, ""monitoring"": 0}]","[2, 2, 1, 2, 2, 2]",0.0,1.8333333333333333,0.31572307841967734,0.7833333333333333,0.09213226476029712,0.06334485230627414,"{""COMPUTE"": 848, ""MEMORY"": 717, ""API_CREDITS"": 383, ""DATASET"": 200}","{""COMPUTE"": 652, ""MEMORY"": 552, ""API_CREDITS"": 295, ""DATASET"": 154}","{""COMPUTE"": 1.3006134969325154, ""MEMORY"": 1.298913043478261, ""API_CREDITS"": 1.2983050847457627, ""DATASET"": 1.2987012987012987}",4,[],"{""COMPUTE"": 0.009202453987730062, ""MEMORY"": 0.010869565217391304, ""API_CREDITS"": 0.020338983050847456, ""DATASET"": 0.03896103896103896}",exact_pending_queue,0,
workload,dirichlet_0.3__moderate,dirichlet_0.3,dirichlet,0.3,unit,moderate,1.3,183163032,23f6389b26bee5ab,0e7d72e2afae79d3,"[[0.02003797808717619, 0.12594684519979535, 0.8387541026179053, 0.015261074095123272], [0.31874673007542426, 0.649287423102755, 0.021295048371575448, 0.010670798450245104], [0.03570372571805458, 0.8938402706282378, 0.06993821570215779, 0.0005177879515496798], [0.601060217849092, 0.1628127661905814, 0.21790934575202292, 0.018217670208303584], [0.001904949735815643, 0.9954007877144072, 3.719266586957985e-05, 0.0026570698839075836], [0.5451200800637377, 0.1330771391409292, 0.2719708424640125, 0.049831938331320574]]","[{""research"": 0, ""code_review"": 2, ""doc_processing"": 6, ""monitoring"": 0}, {""research"": 4, ""code_review"": 4, ""doc_processing"": 0, ""monitoring"": 0}, {""research"": 0, ""code_review"": 7, ""doc_processing"": 1, ""monitoring"": 0}, {""research"": 3, ""code_review"": 4, ""doc_processing"": 1, ""monitoring"": 0}, {""research"": 0, ""code_review"": 8, ""doc_processing"": 0, ""monitoring"": 0}, {""research"": 8, ""code_review"": 0, ""doc_processing"": 0, ""monitoring"": 0}]","[2, 2, 2, 3, 1, 1]",0.0,1.8333333333333333,0.313373469157358,0.6,0.053272217978100334,0.03758754483836183,"{""COMPUTE"": 936, ""MEMORY"": 763, ""API_CREDITS"": 485, ""DATASET"": 120}","{""COMPUTE"": 720, ""MEMORY"": 587, ""API_CREDITS"": 373, ""DATASET"": 92}","{""COMPUTE"": 1.3, ""MEMORY"": 1.2998296422487223, ""API_CREDITS"": 1.3002680965147453, ""DATASET"": 1.3043478260869565}",4,[],"{""COMPUTE"": 0.008333333333333333, ""MEMORY"": 0.010221465076660987, ""API_CREDITS"": 0.0160857908847185, ""DATASET"": 0.03260869565217391}",exact_pending_queue,0,
workload,dirichlet_0.3__moderate,dirichlet_0.3,dirichlet,0.3,unit,moderate,1.3,4222305526,83c04ae3f921b9f7,45f152c49ca59355,"[[0.43700040088116077, 0.24703570133447683, 0.15608889164563874, 0.15987500613872363], [0.08822590900003187, 0.003722950044539089, 0.0002493558769434084, 0.9078017850784856], [0.03106635782767631, 0.32026605776494843, 0.6362740897183402, 0.012393494689034994], [0.44231259933893946, 0.0020674064667030897, 0.023399300860070547, 0.5322206933342869], [0.2650723165283946, 0.5274879584264734, 0.06048985804631778, 0.14694986699881413], [0.6145060934282706, 0.1527495228356114, 2.003462791165232e-06, 0.23274238027332678]]","[{""research"": 3, ""code_review"": 3, ""doc_processing"": 1, ""monitoring"": 1}, {""research"": 1, ""code_review"": 0, ""doc_processing"": 0, ""monitoring"": 7}, {""research"": 0, ""code_review"": 3, ""doc_processing"": 5, ""monitoring"": 0}, {""research"": 4, ""code_review"": 0, ""doc_processing"": 0, ""monitoring"": 4}, {""research"": 4, ""code_review"": 1, ""doc_processing"": 0, ""monitoring"": 3}, {""research"": 6, ""code_review"": 2, ""doc_processing"": 0, ""monitoring"": 0}]","[4, 2, 2, 2, 3, 2]",0.16666666666666666,2.5,0.5438494797726995,0.5916666666666667,0.09781550850132506,0.05873074146077096,"{""COMPUTE"": 954, ""MEMORY"": 825, ""API_CREDITS"": 435, ""DATASET"": 264}","{""COMPUTE"": 734, ""MEMORY"": 635, ""API_CREDITS"": 335, ""DATASET"": 203}","{""COMPUTE"": 1.2997275204359673, ""MEMORY"": 1.2992125984251968, ""API_CREDITS"": 1.2985074626865671, ""DATASET"": 1.3004926108374384}",4,[],"{""COMPUTE"": 0.008174386920980926, ""MEMORY"": 0.009448818897637795, ""API_CREDITS"": 0.01791044776119403, ""DATASET"": 0.024630541871921183}",exact_pending_queue,0,
workload,dirichlet_0.3__moderate,dirichlet_0.3,dirichlet,0.3,unit,moderate,1.3,3706283824,b018d15a4314084b,fd01735bc5292378,"[[0.3934860436409089, 0.0442307952164104, 0.09856134555162689, 0.46372181559105374], [0.4074527838239999, 0.0023647785765012765, 0.5846101794885873, 0.005572258110911607], [0.37728178716849037, 0.13095822056343864, 0.47219267568638007, 0.01956731658169093], [0.2067613015077275, 0.7932018464607226, 1.2719710319349216e-05, 2.4132321230585252e-05], [0.0023386771509740518, 0.7423469513441656, 0.04215996620320514, 0.2131544053016554], [5.992940982686777e-06, 0.3275808950490713, 0.6644752739033508, 0.007937838106595143]]","[{""research"": 4, ""code_review"": 0, ""doc_processing"": 1, ""monitoring"": 3}, {""research"": 3, ""code_review"": 0, ""doc_processing"": 5, ""monitoring"": 0}, {""research"": 3, ""code_review"": 1, ""doc_processing"": 4, ""monitoring"": 0}, {""research"": 1, ""code_review"": 7, ""doc_processing"": 0, ""monitoring"": 0}, {""research"": 0, ""code_review"": 6, ""doc_processing"": 1, ""monitoring"": 1}, {""research"": 0, ""code_review"": 1, ""doc_processing"": 7, ""monitoring"": 0}]","[3, 2, 3, 2, 3, 2]",0.0,2.5,0.492843261520202,0.6333333333333333,0.04860813620906203,0.027606482582674115,"{""COMPUTE"": 952, ""MEMORY"": 763, ""API_CREDITS"": 461, ""DATASET"": 120}","{""COMPUTE"": 732, ""MEMORY"": 587, ""API_CREDITS"": 355, ""DATASET"": 92}","{""COMPUTE"": 1.3005464480874316, ""MEMORY"": 1.2998296422487223, ""API_CREDITS"": 1.2985915492957747, ""DATASET"": 1.3043478260869565}",4,[],"{""COMPUTE"": 0.00819672131147541, ""MEMORY"": 0.010221465076660987, ""API_CREDITS"": 0.016901408450704224, ""DATASET"": 0.05434782608695652}",exact_pending_queue,0,
workload,dirichlet_0.3__moderate,dirichlet_0.3,dirichlet,0.3,unit,moderate,1.3,927763105,c6c3febb5cbf5a35,aa0d8068df2eb021,"[[0.6122750480367524, 0.2670666471037429, 1.245498548567838e-07, 0.12065818030964987], [0.33418665813051796, 0.1396568223452018, 0.006007121480774304, 0.520149398043506], [0.6686153449882375, 0.3124818575821333, 0.01702397774944393, 0.001878819680185339], [0.5269238529068736, 0.00019698512400315898, 0.00886406674064452, 0.4640150952284787], [0.0009732171153665873, 0.34831335282307485, 0.16454549161056278, 0.48616793845099565], [0.030595750488750174, 0.2660159955228993, 4.5623407023439e-05, 0.7033426305813271]]","[{""research"": 5, ""code_review"": 3, ""doc_processing"": 0, ""monitoring"": 0}, {""research"": 3, ""code_review"": 0, ""doc_processing"": 0, ""monitoring"": 5}, {""research"": 6, ""code_review"": 2, ""doc_processing"": 0, ""monitoring"": 0}, {""research"": 5, ""code_review"": 0, ""doc_processing"": 0, ""monitoring"": 3}, {""research"": 0, ""code_review"": 2, ""doc_processing"": 2, ""monitoring"": 4}, {""research"": 0, ""code_review"": 2, ""doc_processing"": 0, ""monitoring"": 6}]","[2, 2, 2, 2, 3, 2]",0.0,2.1666666666666665,0.49882152147443004,0.5166666666666667,0.07550452542486455,0.047920230189857665,"{""COMPUTE"": 924, ""MEMORY"": 817, ""API_CREDITS"": 415, ""DATASET"": 296}","{""COMPUTE"": 711, ""MEMORY"": 628, ""API_CREDITS"": 319, ""DATASET"": 228}","{""COMPUTE"": 1.2995780590717299, ""MEMORY"": 1.3009554140127388, ""API_CREDITS"": 1.3009404388714734, ""DATASET"": 1.2982456140350878}",4,[],"{""COMPUTE"": 0.008438818565400843, ""MEMORY"": 0.009554140127388535, ""API_CREDITS"": 0.018808777429467086, ""DATASET"": 0.02631578947368421}",exact_pending_queue,0,
workload,dirichlet_0.3__moderate,dirichlet_0.3,dirichlet,0.3,unit,moderate,1.3,642816875,33c67b4591ef066f,ea60740bffa1e1e9,"[[0.2653901846317533, 0.04430250897318178, 0.32368098161949305, 0.3666263247755717], [0.6729553279622142, 0.31829499845922804, 8.329425705256041e-06, 0.00874134415285249], [0.0004444119988716302, 0.21015515199357399, 0.000620612722893124, 0.7887798232846613], [0.1942187893410104, 0.01058694758961494, 0.7667499757705899, 0.028444287298784815], [0.6431681216151101, 0.045696797046127995, 0.28346114662019123, 0.0276739347185708], [0.0017116082261963202, 0.0010616232905838391, 0.7020587240810086, 0.29516804440221134]]","[{""research"": 1, ""code_review"": 0, ""doc_processing"": 3, ""monitoring"": 4}, {""research"": 6, ""code_review"": 2, ""doc_processing"": 0, ""monitoring"": 0}, {""research"": 0, ""code_review"": 0, ""doc_processing"": 0, ""monitoring"": 8}, {""research"": 1, ""code_review"": 0, ""doc_processing"": 6, ""monitoring"": 1}, {""research"": 5, ""code_review"": 0, ""doc_processing"": 3, ""monitoring"": 0}, {""research"": 0, ""code_review"": 0, ""doc_processing"": 7, ""monitoring"": 1}]","[3, 2, 1, 3, 2, 2]",0.0,2.1666666666666665,0.3980161464393661,0.6666666666666666,0.1185798163226897,0.07632140930589701,"{""COMPUTE"": 992, ""MEMORY"": 823, ""API_CREDITS"": 437, ""DATASET"": 216}","{""COMPUTE"": 763, ""MEMORY"": 633, ""API_CREDITS"": 336, ""DATASET"": 166}","{""COMPUTE"": 1.3001310615989514, ""MEMORY"": 1.3001579778830963, ""API_CREDITS"": 1.3005952380952381, ""DATASET"": 1.3012048192771084}",4,[],"{""COMPUTE"": 0.007863695937090432, ""MEMORY"": 0.009478672985781991, ""API_CREDITS"": 0.017857142857142856, ""DATASET"": 0.03614457831325301}",exact_pending_queue,0,
workload,dirichlet_0.3__moderate,dirichlet_0.3,dirichlet,0.3,unit,moderate,1.3,2485047775,6a2399c27f95b755,e2a7b4375ec7aa0a,"[[0.0026907362639806798, 0.7965983728377986, 0.07813742571040506, 0.1225734651878157], [7.532999032586332e-07, 0.5805218903371165, 0.2903603463371722, 0.12911701002580792], [0.30778068002156883, 0.6668816307396489, 0.022025244233398633, 0.0033124450053834986], [0.4248963569391943, 0.029265339062017136, 1.0178152795990082e-05, 0.5458281258459925], [0.11156064627279909, 0.7782578481567118, 0.06829428560312364, 0.04188721996736546], [0.009445398151464487, 0.003728793264810992, 0.27311149876189816, 0.7137143098218263]]","[{""research"": 0, ""code_review"": 6, ""doc_processing"": 1, ""monitoring"": 1}, {""research"": 0, ""code_review"": 7, ""doc_processing"": 1, ""monitoring"": 0}, {""research"": 2, ""code_review"": 6, ""doc_processing"": 0, ""monitoring"": 0}, {""research"": 3, ""code_review"": 0, ""doc_processing"": 0, ""monitoring"": 5}, {""research"": 0, ""code_review"": 7, ""doc_processing"": 1, ""monitoring"": 0}, {""research"": 0, ""code_review"": 0, ""doc_processing"": 3, ""monitoring"": 5}]","[3, 2, 2, 2, 2, 2]",0.0,2.1666666666666665,0.40571276176394905,0.5666666666666667,0.08775039182346686,0.06108108405971466,"{""COMPUTE"": 650, ""MEMORY"": 548, ""API_CREDITS"": 312, ""DATASET"": 128}","{""COMPUTE"": 500, ""MEMORY"": 422, ""API_CREDITS"": 240, ""DATASET"": 98}","{""COMPUTE"": 1.3, ""MEMORY"": 1.2985781990521328, ""API_CREDITS"": 1.3, ""DATASET"": 1.3061224489795917}",4,[],"{""COMPUTE"": 0.012, ""MEMORY"": 0.014218009478672985, ""API_CREDITS"": 0.025, ""DATASET"": 0.04081632653061224}",exact_pending_queue,0,
workload,dirichlet_0.3__moderate,dirichlet_0.3,dirichlet,0.3,unit,moderate,1.3,1464621060,f228d760fedd2224,cf5cc15f2bf2a491,"[[0.3577559308415157, 0.11700242580169666, 0.026252197030599035, 0.4989894463261885], [0.6772055607221079, 0.004061839553137338, 0.001465694021440281, 0.3172669057033145], [0.1068395529282279, 0.3224256560209095, 0.5144951279272943, 0.05623966312356817], [0.006387856329154644, 0.7709733850553248, 0.2071532289943064, 0.015485529621214194], [0.7632693852872213, 0.13107525048814683, 0.006442857937947185, 0.09921250628668445], [0.15081734378469086, 0.4314232200213567, 0.41158926600518003, 0.0061701701887723484]]","[{""research"": 2, ""code_review"": 1, ""doc_processing"": 0, ""monitoring"": 5}, {""research"": 4, ""code_review"": 1, ""doc_processing"": 0, ""monitoring"": 3}, {""research"": 1, ""code_review"": 5, ""doc_processing"": 2, ""monitoring"": 0}, {""research"": 0, ""code_review"": 6, ""doc_processing"": 2, ""monitoring"": 0}, {""research"": 7, ""code_review"": 1, ""doc_processing"": 0, ""monitoring"": 0}, {""research"": 2, ""code_review"": 5, ""doc_processing"": 1, ""monitoring"": 0}]","[3, 3, 3, 2, 2, 3]",0.0,2.6666666666666665,0.5547388709978743,0.5666666666666667,0.08050757396704142,0.05222391283044344,"{""COMPUTE"": 908, ""MEMORY"": 768, ""API_CREDITS"": 444, ""DATASET"": 192}","{""COMPUTE"": 698, ""MEMORY"": 591, ""API_CREDITS"": 342, ""DATASET"": 148}","{""COMPUTE"": 1.3008595988538683, ""MEMORY"": 1.299492385786802, ""API_CREDITS"": 1.2982456140350878, ""DATASET"": 1.2972972972972974}",4,[],"{""COMPUTE"": 0.008595988538681949, ""MEMORY"": 0.01015228426395939, ""API_CREDITS"": 0.017543859649122806, ""DATASET"": 0.033783783783783786}",exact_pending_queue,0,
workload,dirichlet_0.3__moderate,dirichlet_0.3,dirichlet,0.3,unit,moderate,1.3,1594198431,86d555def4f0c9c1,139bb84df677aa57,"[[0.3512493975999984, 0.5017083073381648, 0.045087896834585896, 0.10195439822725114], [0.0008252654317480349, 0.8561689683302733, 3.1356929020081923e-06, 0.14300263054507645], [0.06753022850660252, 8.411291760461352e-05, 0.08350765075525027, 0.8488780078205426], [0.03138797513925141, 0.23706740676593496, 0.6247254011836187, 0.10681921691119499], [0.04763668903985287, 0.20280135762201723, 0.09005205380859366, 0.6595098995295362], [0.11948971503911616, 0.07444217880801449, 0.02144504253174918, 0.7846230636211201]]","[{""research"": 5, ""code_review"": 3, ""doc_processing"": 0, ""monitoring"": 0}, {""research"": 0, ""code_review"": 8, ""doc_processing"": 0, ""monitoring"": 0}, {""research"": 1, ""code_review"": 0, ""doc_processing"": 1, ""monitoring"": 6}, {""research"": 1, ""code_review"": 3, ""doc_processing"": 3, ""monitoring"": 1}, {""research"": 0, ""code_review"": 3, ""doc_processing"": 1, ""monitoring"": 4}, {""research"": 0, ""code_review"": 1, ""doc_processing"": 0, ""monitoring"": 7}]","[2, 1, 3, 4, 3, 2]",0.16666666666666666,2.5,0.48134947977269943,0.625,0.12975004045787228,0.08435249819474888,"{""COMPUTE"": 672, ""MEMORY"": 589, ""API_CREDITS"": 295, ""DATASET"": 200}","{""COMPUTE"": 517, ""MEMORY"": 453, ""API_CREDITS"": 227, ""DATASET"": 154}","{""COMPUTE"": 1.299806576402321, ""MEMORY"": 1.3002207505518764, ""API_CREDITS"": 1.2995594713656389, ""DATASET"": 1.2987012987012987}",4,[],"{""COMPUTE"": 0.01160541586073501, ""MEMORY"": 0.013245033112582781, ""API_CREDITS"": 0.02643171806167401, ""DATASET"": 0.032467532467532464}",exact_pending_queue,0,
workload,dirichlet_0.3__moderate,dirichlet_0.3,dirichlet,0.3,unit,moderate,1.3,2964826275,6b2583093658b82f,fa80c75dcb73d7fc,"[[0.9376381633669633, 0.05010882637721847, 0.00711507287447844, 0.005137937381339842], [0.19103360499584598, 1.552386108153987e-05, 0.8003067034558258, 0.008644167687246762], [0.17821479664903825, 0.013701848365057199, 0.2097348854726805, 0.5983484695132241], [0.41776287786921645, 0.1323655174538632, 0.4298912287528484, 0.01998037592407187], [0.5861494352575236, 0.05725700235896825, 0.24099916867814447, 0.11559439370536366], [0.0038295811450147297, 0.6045904928035211, 5.392803536017457e-05, 0.39152599801610405]]","[{""research"": 7, ""code_review"": 1, ""doc_processing"": 0, ""monitoring"": 0}, {""research"": 0, ""code_review"": 0, ""doc_processing"": 8, ""monitoring"": 0}, {""research"": 1, ""code_review"": 0, ""doc_processing"": 2, ""monitoring"": 5}, {""research"": 5, ""code_review"": 0, ""doc_processing"": 3, ""monitoring"": 0}, {""research"": 6, ""code_review"": 0, ""doc_processing"": 2, ""monitoring"": 0}, {""research"": 0, ""code_review"": 5, ""doc_processing"": 0, ""monitoring"": 3}]","[2, 1, 3, 2, 2, 2]",0.0,2.0,0.38020879285033815,0.7,0.06611471288642783,0.041021625134061226,"{""COMPUTE"": 1100, ""MEMORY"": 911, ""API_CREDITS"": 517, ""DATASET"": 216}","{""COMPUTE"": 846, ""MEMORY"": 701, ""API_CREDITS"": 398, ""DATASET"": 166}","{""COMPUTE"": 1.3002364066193854, ""MEMORY"": 1.2995720399429387, ""API_CREDITS"": 1.2989949748743719, ""DATASET"": 1.3012048192771084}",4,[],"{""COMPUTE"": 0.0070921985815602835, ""MEMORY"": 0.008559201141226819, ""API_CREDITS"": 0.01507537688442211, ""DATASET"": 0.030120481927710843}",exact_pending_queue,0,
workload,dirichlet_0.3__moderate,dirichlet_0.3,dirichlet,0.3,unit,moderate,1.3,3703943727,453c799332a411d3,e3bf07afa0c2ceda,"[[0.6302088594289711, 0.01937889396010598, 0.01697909441054334, 0.3334331522003796], [0.005796030099246893, 0.38655748645893834, 0.00036683243447124656, 0.6072796510073435], [0.0005383031560697004, 0.643023572917543, 0.34765409756326066, 0.00878402636312671], [1.3669225801821034e-05, 0.27640333293352953, 0.7235357550620707, 4.72427785980893e-05], [0.009469070084962096, 0.2661980364854409, 0.0062692741696058095, 0.7180636192599913], [0.457313570288442, 0.04322816531304916, 0.460616798206352, 0.03884146619215685]]","[{""research"": 6, ""code_review"": 0, ""doc_processing"": 0, ""monitoring"": 2}, {""research"": 0, ""code_review"": 4, ""doc_processing"": 0, ""monitoring"": 4}, {""research"": 0, ""code_review"": 3, ""doc_processing"": 5, ""monitoring"": 0}, {""research"": 0, ""code_review"": 3, ""doc_processing"": 5, ""monitoring"": 0}, {""research"": 0, ""code_review"": 2, ""doc_processing"": 0, ""monitoring"": 6}, {""research"": 5, ""code_review"": 0, ""doc_processing"": 3, ""monitoring"": 0}]","[2, 2, 2, 2, 2, 2]",0.0,2.0,0.45715485480776336,0.675,0.11854682449266907,0.07737890629607544,"{""COMPUTE"": 876, ""MEMORY"": 731, ""API_CREDITS"": 401, ""DATASET"": 184}","{""COMPUTE"": 674, ""MEMORY"": 562, ""API_CREDITS"": 308, ""DATASET"": 142}","{""COMPUTE"": 1.2997032640949555, ""MEMORY"": 1.300711743772242, ""API_CREDITS"": 1.301948051948052, ""DATASET"": 1.295774647887324}",4,[],"{""COMPUTE"": 0.008902077151335312, ""MEMORY"": 0.010676156583629894, ""API_CREDITS"": 0.01948051948051948, ""DATASET"": 0.028169014084507043}",exact_pending_queue,0,
workload,dirichlet_0.3__moderate,dirichlet_0.3,dirichlet,0.3,unit,moderate,1.3,1321997983,c1579d1bd7b4db9e,1c692c067eefccc8,"[[0.19598772500805675, 0.05497421552358659, 0.6109742964330191, 0.1380637630353376], [3.92837986264074e-05, 0.6142618092372207, 0.3855840928682326, 0.00011481409592047286], [0.3202961616248452, 0.00010314498842709252, 0.2403288311568922, 0.43927186222983555], [0.06701883759989735, 0.48121290442501585, 0.451719484880318, 4.877309476886227e-05], [0.35142492798210634, 0.0031740575774700827, 0.592532451676895, 0.05286856276352851], [0.008959137925989555, 0.009929909683281784, 0.5363798081930192, 0.4447311441977095]]","[{""research"": 1, ""code_review"": 0, ""doc_processing"": 6, ""monitoring"": 1}, {""research"": 0, ""code_review"": 6, ""doc_processing"": 2, ""monitoring"": 0}, {""research"": 4, ""code_review"": 0, ""doc_processing"": 2, ""monitoring"": 2}, {""research"": 1, ""code_review"": 3, ""doc_processing"": 4, ""monitoring"": 0}, {""research"": 2, ""code_review"": 0, ""doc_processing"": 6, ""monitoring"": 0}, {""research"": 0, ""code_review"": 0, ""doc_processing"": 6, ""monitoring"": 2}]","[3, 2, 3, 3, 2, 2]",0.0,2.5,0.5333959633388415,0.48333333333333334,0.03906670706336777,0.02437159930723175,"{""COMPUTE"": 974, ""MEMORY"": 765, ""API_CREDITS"": 455, ""DATASET"": 104}","{""COMPUTE"": 749, ""MEMORY"": 588, ""API_CREDITS"": 350, ""DATASET"": 80}","{""COMPUTE"": 1.300400534045394, ""MEMORY"": 1.3010204081632653, ""API_CREDITS"": 1.3, ""DATASET"": 1.3}",4,[],"{""COMPUTE"": 0.00801068090787717, ""MEMORY"": 0.01020408163265306, ""API_CREDITS"": 0.017142857142857144, ""DATASET"": 0.0625}",exact_pending_queue,0,
workload,dirichlet_0.3__moderate,dirichlet_0.3,dirichlet,0.3,unit,moderate,1.3,2789760346,b43394c44b461087,9436a97bdfcd16dd,"[[0.01961692907516925, 0.9123624093855877, 0.06386523951552564, 0.004155422023717578], [0.29502699996615156, 0.000868471117259115, 0.06192209315265309, 0.6421824357639363], [0.6822390850987872, 0.18901145293044466, 0.12852767134356752, 0.00022179062720070885], [0.3099117754328063, 0.10492951473737598, 0.04891312355148003, 0.5362455862783376], [9.282790490050908e-05, 0.983546301617988, 0.015612756081512599, 0.0007481143955989467], [0.018649161237913738, 0.5757295085088553, 0.20399035363293067, 0.20163097662030022]]","[{""research"": 0, ""code_review"": 8, ""doc_processing"": 0, ""monitoring"": 0}, {""research"": 2, ""code_review"": 0, ""doc_processing"": 0, ""monitoring"": 6}, {""research"": 4, ""code_review"": 4, ""doc_processing"": 0, ""monitoring"": 0}, {""research"": 2, ""code_review"": 1, ""doc_processing"": 0, ""monitoring"": 5}, {""research"": 0, ""code_review"": 8, ""doc_processing"": 0, ""monitoring"": 0}, {""research"": 0, ""code_review"": 4, ""doc_processing"": 1, ""monitoring"": 3}]","[1, 2, 2, 3, 1, 3]",0.0,2.0,0.3763093439486748,0.5916666666666667,0.10361285436586641,0.06905058418612636,"{""COMPUTE"": 656, ""MEMORY"": 574, ""API_CREDITS"": 310, ""DATASET"": 176}","{""COMPUTE"": 505, ""MEMORY"": 442, ""API_CREDITS"": 238, ""DATASET"": 135}","{""COMPUTE"": 1.299009900990099, ""MEMORY"": 1.2986425339366516, ""API_CREDITS"": 1.3025210084033614, ""DATASET"": 1.3037037037037038}",4,[],"{""COMPUTE"": 0.011881188118811881, ""MEMORY"": 0.013574660633484163, ""API_CREDITS"": 0.025210084033613446, ""DATASET"": 0.02962962962962963}",exact_pending_queue,0,
workload,dirichlet_0.3__moderate,dirichlet_0.3,dirichlet,0.3,unit,moderate,1.3,4250606291,a02c062e9b745c06,60c2fa3251632121,"[[0.0029661865843672395, 0.657715791015577, 0.27526027830965105, 0.0640577440904047], [0.051246423150708834, 0.2593586286839386, 0.19706853870793423, 0.49232640945741823], [0.7938432281902297, 0.01788210885183312, 0.04604179884498171, 0.14223286411295563], [0.24813986755865297, 0.6860916334364743, 0.06427333836181374, 0.0014951606430590014], [0.015798047893817228, 0.5450379327691117, 0.037376350906428955, 0.4017876684306421], [0.7716315098621882, 0.0023947738668392564, 0.10478617319400191, 0.12118754307697073]]","[{""research"": 0, ""code_review"": 6, ""doc_processing"": 1, ""monitoring"": 1}, {""research"": 0, ""code_review"": 3, ""doc_processing"": 2, ""monitoring"": 3}, {""research"": 7, ""code_review"": 0, ""doc_processing"": 0, ""monitoring"": 1}, {""research"": 2, ""code_review"": 6, ""doc_processing"": 0, ""monitoring"": 0}, {""research"": 0, ""code_review"": 4, ""doc_processing"": 0, ""monitoring"": 4}, {""research"": 5, ""code_review"": 0, ""doc_processing"": 1, ""monitoring"": 2}]","[3, 3, 2, 2, 2, 3]",0.0,2.5,0.5230161464393661,0.5916666666666667,0.057539652480274955,0.03573651399077384,"{""COMPUTE"": 842, ""MEMORY"": 721, ""API_CREDITS"": 403, ""DATASET"": 200}","{""COMPUTE"": 648, ""MEMORY"": 555, ""API_CREDITS"": 310, ""DATASET"": 154}","{""COMPUTE"": 1.2993827160493827, ""MEMORY"": 1.2990990990990992, ""API_CREDITS"": 1.3, ""DATASET"": 1.2987012987012987}",4,[],"{""COMPUTE"": 0.009259259259259259, ""MEMORY"": 0.010810810810810811, ""API_CREDITS"": 0.01935483870967742, ""DATASET"": 0.03896103896103896}",exact_pending_queue,0,
workload,dirichlet_0.3__high,dirichlet_0.3,dirichlet,0.3,unit,high,1.9,2098221685,9dc6afdf0f9522d1,de5f8b8d755fe81c,"[[0.5080842099568694, 0.425027162524813, 0.01583805256026392, 0.05105057495805357], [0.016810007460872148, 0.04872777660097131, 0.8772735736186463, 0.05718864231951012], [0.0496088596040305, 0.001640771992282643, 0.23511425498814756, 0.7136361134155393], [0.8872567389191243, 0.09662037513673527, 0.014726410813202665, 0.0013964751309379028], [0.19739668820274278, 0.0013462310259447063, 0.05629219173613072, 0.7449648890351819], [0.05457809889514091, 0.7858630887128595, 9.386097514459374e-06, 0.15954942629448507]]","[{""research"": 6, ""code_review"": 2, ""doc_processing"": 0, ""monitoring"": 0}, {""research"": 1, ""code_review"": 1, ""doc_processing"": 5, ""monitoring"": 1}, {""research"": 0, ""code_review"": 0, ""doc_processing"": 0, ""monitoring"": 8}, {""research"": 6, ""code_review"": 2, ""doc_processing"": 0, ""monitoring"": 0}, {""research"": 3, ""code_review"": 0, ""doc_processing"": 1, ""monitoring"": 4}, {""research"": 2, ""code_review"": 6, ""doc_processing"": 0, ""monitoring"": 0}]","[2, 4, 1, 2, 3, 2]",0.16666666666666666,2.3333333333333335,0.44902236469186363,0.6833333333333333,0.11283407950074617,0.0735435603491159,"{""COMPUTE"": 958, ""MEMORY"": 823, ""API_CREDITS"": 445, ""DATASET"": 248}","{""COMPUTE"": 504, ""MEMORY"": 433, ""API_CREDITS"": 234, ""DATASET"": 131}","{""COMPUTE"": 1.9007936507936507, ""MEMORY"": 1.9006928406466512, ""API_CREDITS"": 1.9017094017094016, ""DATASET"": 1.8931297709923665}",4,[],"{""COMPUTE"": 0.011904761904761904, ""MEMORY"": 0.013856812933025405, ""API_CREDITS"": 0.02564102564102564, ""DATASET"": 0.04580152671755725}",exact_pending_queue,0,
workload,dirichlet_0.3__high,dirichlet_0.3,dirichlet,0.3,unit,high,1.9,1138347673,65fc541f1a50a988,b0fc80850f0669e0,"[[0.9337254875304603, 0.014397685580524485, 0.0006122000366458361, 0.05126462685236934], [0.8936961072481419, 0.0063196399836654826, 0.06061056081766263, 0.039373691950530004], [0.010914691991494406, 0.09494388532247783, 0.274066866333335, 0.6200745563526927], [0.05830588967635856, 0.009564272505675517, 0.608274500482591, 0.3238553373353749], [0.086741028627186, 0.30519583668132677, 0.2685729149030668, 0.33949021978842037], [0.006134991476464273, 0.5552523105823179, 0.33454973705777197, 0.10406296088344595]]","[{""research"": 8, ""code_review"": 0, ""doc_processing"": 0, ""monitoring"": 0}, {""research"": 7, ""code_review"": 0, ""doc_processing"": 1, ""monitoring"": 0}, {""research"": 0, ""code_review"": 1, ""doc_processing"": 2, ""monitoring"": 5}, {""research"": 0, ""code_review"": 0, ""doc_processing"": 5, ""monitoring"": 3}, {""research"": 0, ""code_review"": 6, ""doc_processing"": 0, ""monitoring"": 2}, {""research"": 0, ""code_review"": 5, ""doc_processing"": 2, ""monitoring"": 1}]","[1, 2, 3, 2, 2, 3]",0.0,2.1666666666666665,0.40890553766454096,0.725,0.053735637332780146,0.0339620575832879,"{""COMPUTE"": 938, ""MEMORY"": 790, ""API_CREDITS"": 438, ""DATASET"": 208}","{""COMPUTE"": 494, ""MEMORY"": 416, ""API_CREDITS"": 231, ""DATASET"": 109}","{""COMPUTE"": 1.8987854251012146, ""MEMORY"": 1.8990384615384615, ""API_CREDITS"": 1.896103896103896, ""DATASET"": 1.908256880733945}",4,[],"{""COMPUTE"": 0.012145748987854251, ""MEMORY"": 0.014423076923076924, ""API_CREDITS"": 0.025974025974025976, ""DATASET"": 0.05504587155963303}",exact_pending_queue,0,
workload,dirichlet_0.3__high,dirichlet_0.3,dirichlet,0.3,unit,high,1.9,2342860720,4324871acc8f2126,e86370122fdbb24b,"[[0.0030965363267340075, 0.15309238582673404, 0.8423884360927357, 0.001422641753796293], [0.00066910652579526, 0.10927833282061072, 0.5187139967017874, 0.37133856395180653], [0.17413499333636043, 0.47360210254752794, 0.35124740741213367, 0.0010154967039779673], [0.09435776944148694, 0.0011403584361616079, 0.897478468344359, 0.007023403777992512], [0.14879564785924926, 0.0539700789189003, 0.3318590342443647, 0.4653752389774858], [0.16838264767059677, 0.7807381667669522, 0.04346272590048394, 0.0074164596619670795]]","[{""research"": 0, ""code_review"": 1, ""doc_processing"": 6, ""monitoring"": 1}, {""research"": 0, ""code_review"": 2, ""doc_processing"": 4, ""monitoring"": 2}, {""research"": 0, ""code_review"": 4, ""doc_processing"": 4, ""monitoring"": 0}, {""research"": 0, ""code_review"": 0, ""doc_processing"": 8, ""monitoring"": 0}, {""research"": 0, ""code_review"": 1, ""doc_processing"": 4, ""monitoring"": 3}, {""research"": 3, ""code_review"": 5, ""doc_processing"": 0, ""monitoring"": 0}]","[3, 3, 2, 1, 3, 2]",0.0,2.3333333333333335,0.4934459324678054,0.49166666666666664,0.048354045062045964,0.03227594134199301,"{""COMPUTE"": 852, ""MEMORY"": 661, ""API_CREDITS"": 395, ""DATASET"": 72}","{""COMPUTE"": 448, ""MEMORY"": 348, ""API_CREDITS"": 208, ""DATASET"": 38}","{""COMPUTE"": 1.9017857142857142, ""MEMORY"": 1.8994252873563218, ""API_CREDITS"": 1.8990384615384615, ""DATASET"": 1.894736842105263}",4,[],"{""COMPUTE"": 0.013392857142857142, ""MEMORY"": 0.017241379310344827, ""API_CREDITS"": 0.028846153846153848, ""DATASET"": 0.10526315789473684}",exact_pending_queue,0,
workload,dirichlet_0.3__high,dirichlet_0.3,dirichlet,0.3,unit,high,1.9,1473714878,d763c471814b68dd,8bf81fa004a6a2eb,"[[0.2522438901380764, 0.2726096004360921, 0.4353198856976838, 0.039826623728147645], [0.2586167769788751, 0.16527268915918858, 0.2733491323475733, 0.3027614015143631], [0.012024579733476919, 0.22045944029958867, 0.5059967251627172, 0.26151925480421734], [0.4333523065185371, 0.5663633382402713, 1.7283455501847514e-05, 0.00026707178568984204], [0.29937531581539506, 0.00014491203999521889, 0.048038037008238, 0.6524417351363717], [0.0010901390203175733, 0.057388007402229324, 0.6949385747948833, 0.2465832787825699]]","[{""research"": 1, ""code_review"": 2, ""doc_processing"": 5, ""monitoring"": 0}, {""research"": 2, ""code_review"": 2, ""doc_processing"": 1, ""monitoring"": 3}, {""research"": 1, ""code_review"": 2, ""doc_processing"": 5, ""monitoring"": 0}, {""research"": 1, ""code_review"": 7, ""doc_processing"": 0, ""monitoring"": 0}, {""research"": 4, ""code_review"": 0, ""doc_processing"": 0, ""monitoring"": 4}, {""research"": 0, ""code_review"": 0, ""doc_processing"": 5, ""monitoring"": 3}]","[3, 4, 3, 2, 2, 2]",0.16666666666666666,2.6666666666666665,0.5834356158120771,0.5833333333333334,0.06652667391875583,0.04646353848845402,"{""COMPUTE"": 868, ""MEMORY"": 711, ""API_CREDITS"": 401, ""DATASET"": 152}","{""COMPUTE"": 457, ""MEMORY"": 374, ""API_CREDITS"": 211, ""DATASET"": 80}","{""COMPUTE"": 1.899343544857768, ""MEMORY"": 1.9010695187165776, ""API_CREDITS"": 1.900473933649289, ""DATASET"": 1.9}",4,[],"{""COMPUTE"": 0.01312910284463895, ""MEMORY"": 0.016042780748663103, ""API_CREDITS"": 0.02843601895734597, ""DATASET"": 0.075}",exact_pending_queue,0,
workload,dirichlet_0.3__high,dirichlet_0.3,dirichlet,0.3,unit,high,1.9,2114544130,f8cb04888ffacd4d,89713edc5611309f,"[[0.0996978059324027, 0.5394392694620065, 0.35124824963402196, 0.0096146749715688], [7.261369052300651e-05, 0.16167276519971369, 0.4106124824011343, 0.427642138708629], [5.061073919795643e-06, 0.338638561353391, 0.540668807109353, 0.12068757046333617], [0.09343003452915477, 0.8887806450052258, 0.007866905456677842, 0.009922415008941447], [0.0017228839601640016, 0.48240289817996496, 0.008956546162388402, 0.5069176716974826], [0.00015361330403723233, 0.007689366721911596, 0.7930685325001828, 0.1990884874738683]]","[{""research"": 1, ""code_review"": 5, ""doc_processing"": 2, ""monitoring"": 0}, {""research"": 0, ""code_review"": 1, ""doc_processing"": 2, ""monitoring"": 5}, {""research"": 0, ""code_review"": 4, ""doc_processing"": 4, ""monitoring"": 0}, {""research"": 1, ""code_review"": 7, ""doc_processing"": 0, ""monitoring"": 0}, {""research"": 0, ""code_review"": 5, ""doc_processing"": 0, ""monitoring"": 3}, {""research"": 0, ""code_review"": 0, ""doc_processing"": 5, ""monitoring"": 3}]","[3, 3, 2, 2, 2, 2]",0.0,2.3333333333333335,0.5041685275366937,0.5416666666666666,0.08158558338683088,0.055252013002835366,"{""COMPUTE"": 662, ""MEMORY"": 541, ""API_CREDITS"": 307, ""DATASET"": 104}","{""COMPUTE"": 348, ""MEMORY"": 285, ""API_CREDITS"": 162, ""DATASET"": 55}","{""COMPUTE"": 1.9022988505747127, ""MEMORY"": 1.8982456140350876, ""API_CREDITS"": 1.8950617283950617, ""DATASET"": 1.8909090909090909}",4,[],"{""COMPUTE"": 0.017241379310344827, ""MEMORY"": 0.021052631578947368, ""API_CREDITS"": 0.037037037037037035, ""DATASET"": 0.09090909090909091}",exact_pending_queue,0,
workload,dirichlet_0.3__high,dirichlet_0.3,dirichlet,0.3,unit,high,1.9,147595965,f8b351a86d0bb50a,f59d4e46923a267e,"[[0.019683752802133133, 0.8659593989640075, 0.11435576962740022, 1.078606458992734e-06], [0.6322915821816995, 0.11906708009500337, 0.2455672006238047, 0.003074137099492475], [0.3760365505744414, 0.16068593638277834, 0.06317603278442153, 0.4001014802583586], [0.0017721864863292059, 0.02875529536602664, 0.19895826072946401, 0.7705142574181801], [0.05093654488444617, 0.9381950588851431, 1.814973498734766e-09, 0.010868394415437395], [0.07182532746337597, 0.6063410016180555, 0.11934370633574806, 0.20248996458282031]]","[{""research"": 0, ""code_review"": 7, ""doc_processing"": 1, ""monitoring"": 0}, {""research"": 3, ""code_review"": 2, ""doc_processing"": 3, ""monitoring"": 0}, {""research"": 3, ""code_review"": 2, ""doc_processing"": 0, ""monitoring"": 3}, {""research"": 0, ""code_review"": 0, ""doc_processing"": 1, ""monitoring"": 7}, {""research"": 0, ""code_review"": 8, ""doc_processing"": 0, ""monitoring"": 0}, {""research"": 0, ""code_review"": 5, ""doc_processing"": 1, ""monitoring"": 2}]","[2, 3, 3, 2, 1, 3]",0.0,2.3333333333333335,0.4590400063344047,0.6083333333333333,0.11195608118186302,0.0701943894735657,"{""COMPUTE"": 672, ""MEMORY"": 570, ""API_CREDITS"": 318, ""DATASET"": 144}","{""COMPUTE"": 354, ""MEMORY"": 300, ""API_CREDITS"": 167, ""DATASET"": 76}","{""COMPUTE"": 1.8983050847457628, ""MEMORY"": 1.9, ""API_CREDITS"": 1.904191616766467, ""DATASET"": 1.894736842105263}",4,[],"{""COMPUTE"": 0.01694915254237288, ""MEMORY"": 0.02, ""API_CREDITS"": 0.03592814371257485, ""DATASET"": 0.05263157894736842}",exact_pending_queue,0,
workload,dirichlet_0.3__high,dirichlet_0.3,dirichlet,0.3,unit,high,1.9,393081195,a866e3f6ee7ebc24,cd01c45e1d079ce5,"[[0.2317645315793725, 0.2574687345546834, 0.5106562307438685, 0.00011050312207572684], [0.5582013843045621, 6.307622359304591e-05, 4.677817687371945e-07, 0.4417350716900762], [0.1306898996937479, 0.10600761225463297, 0.5949370337494515, 0.16836545430216748], [0.3468513619534231, 0.5418490960549287, 0.09466858762852129, 0.016630954363126824], [0.001220034348939201, 0.03889834696417823, 0.02656608381846485, 0.9333155348684177], [0.6154360306493735, 0.2739516390144404, 0.07497561500713909, 0.03563671532904686]]","[{""research"": 3, ""code_review"": 3, ""doc_processing"": 2, ""monitoring"": 0}, {""research"": 3, ""code_review"": 0, ""doc_processing"": 0, ""monitoring"": 5}, {""research"": 1, ""code_review"": 1, ""doc_processing"": 4, ""monitoring"": 2}, {""research"": 4, ""code_review"": 3, ""doc_processing"": 1, ""monitoring"": 0}, {""research"": 0, ""code_review"": 0, ""doc_processing"": 0, ""monitoring"": 8}, {""research"": 3, ""code_review"": 5, ""doc_processing"": 0, ""monitoring"": 0}]","[3, 2, 4, 3, 1, 2]",0.16666666666666666,2.5,0.5521487660448857,0.6083333333333333,0.11379172536902424,0.08031360520171081,"{""COMPUTE"": 870, ""MEMORY"": 749, ""API_CREDITS"": 395, ""DATASET"": 232}","{""COMPUTE"": 458, ""MEMORY"": 394, ""API_CREDITS"": 208, ""DATASET"": 122}","{""COMPUTE"": 1.8995633187772927, ""MEMORY"": 1.901015228426396, ""API_CREDITS"": 1.8990384615384615, ""DATASET"": 1.901639344262295}",4,[],"{""COMPUTE"": 0.013100436681222707, ""MEMORY"": 0.015228426395939087, ""API_CREDITS"": 0.028846153846153848, ""DATASET"": 0.04918032786885246}",exact_pending_queue,0,
workload,dirichlet_0.3__high,dirichlet_0.3,dirichlet,0.3,unit,high,1.9,1217898226,dadfbeaecf13d7d9,bad87ab49c832884,"[[0.08312571690132962, 0.9102443808861884, 0.005655581277577341, 0.0009743209349045295], [0.02438478824290761, 0.005396726788772397, 0.9684782912044255, 0.0017401937638945515], [0.16051098182065068, 0.00025186137945723205, 0.7815735211059754, 0.05766363569391656], [0.12586200483908208, 0.22594235190820341, 0.507478201204836, 0.1407174420478783], [0.4287115944986161, 0.5566911631669073, 1.8653703611396327e-06, 0.01459537696411552], [0.04305940293438597, 0.11573211517230203, 0.08490106056786706, 0.7563074213254449]]","[{""research"": 2, ""code_review"": 6, ""doc_processing"": 0, ""monitoring"": 0}, {""research"": 0, ""code_review"": 0, ""doc_processing"": 8, ""monitoring"": 0}, {""research"": 3, ""code_review"": 0, ""doc_processing"": 5, ""monitoring"": 0}, {""research"": 1, ""code_review"": 1, ""doc_processing"": 6, ""monitoring"": 0}, {""research"": 5, ""code_review"": 3, ""doc_processing"": 0, ""monitoring"": 0}, {""research"": 1, ""code_review"": 0, ""doc_processing"": 0, ""monitoring"": 7}]","[2, 1, 2, 3, 2, 2]",0.0,2.0,0.3604157248306494,0.7083333333333334,0.0965286044973545,0.0624469177138448,"{""COMPUTE"": 982, ""MEMORY"": 795, ""API_CREDITS"": 461, ""DATASET"": 152}","{""COMPUTE"": 517, ""MEMORY"": 418, ""API_CREDITS"": 243, ""DATASET"": 80}","{""COMPUTE"": 1.8994197292069632, ""MEMORY"": 1.9019138755980862, ""API_CREDITS"": 1.897119341563786, ""DATASET"": 1.9}",4,[],"{""COMPUTE"": 0.01160541586073501, ""MEMORY"": 0.014354066985645933, ""API_CREDITS"": 0.024691358024691357, ""DATASET"": 0.0625}",exact_pending_queue,0,
workload,dirichlet_0.3__high,dirichlet_0.3,dirichlet,0.3,unit,high,1.9,1595745102,54a7164dba7246cb,9464d7b37a598324,"[[0.013725919108165152, 0.02180506369126937, 0.8881102363308524, 0.07635878086971305], [0.005313377098933559, 0.0004712556314479353, 0.9942151387306742, 2.2853894421146716e-07], [0.2048975484969395, 0.4693739918013176, 0.15636171862133502, 0.1693667410804078], [0.0009149078781123869, 0.017531088867353897, 0.4256407065190211, 0.5559132967355127], [0.33091257165984145, 0.17813516223669904, 0.48119022852394794, 0.009762037579511692], [0.7617013158410203, 0.008489344701140378, 0.007620684818031799, 0.22218865463980744]]","[{""research"": 0, ""code_review"": 0, ""doc_processing"": 8, ""monitoring"": 0}, {""research"": 0, ""code_review"": 0, ""doc_processing"": 8, ""monitoring"": 0}, {""research"": 3, ""code_review"": 1, ""doc_processing"": 2, ""monitoring"": 2}, {""research"": 0, ""code_review"": 0, ""doc_processing"": 2, ""monitoring"": 6}, {""research"": 4, ""code_review"": 1, ""doc_processing"": 3, ""monitoring"": 0}, {""research"": 7, ""code_review"": 0, ""doc_processing"": 0, ""monitoring"": 1}]","[1, 1, 4, 2, 3, 2]",0.16666666666666666,2.1666666666666665,0.38884339100982185,0.6416666666666667,0.08902001783850365,0.05674188354423573,"{""COMPUTE"": 1074, ""MEMORY"": 871, ""API_CREDITS"": 489, ""DATASET"": 184}","{""COMPUTE"": 565, ""MEMORY"": 458, ""API_CREDITS"": 257, ""DATASET"": 97}","{""COMPUTE"": 1.9008849557522123, ""MEMORY"": 1.9017467248908297, ""API_CREDITS"": 1.9027237354085602, ""DATASET"": 1.8969072164948453}",4,[],"{""COMPUTE"": 0.010619469026548672, ""MEMORY"": 0.013100436681222707, ""API_CREDITS"": 0.023346303501945526, ""DATASET"": 0.041237113402061855}",exact_pending_queue,0,
workload,dirichlet_0.3__high,dirichlet_0.3,dirichlet,0.3,unit,high,1.9,2413048586,86f290e019ed792b,d1c44833bb39d560,"[[0.00022207454292892686, 0.261035005578426, 0.005204067223533835, 0.7335388526551112], [0.20715198952728456, 0.04305111801681771, 0.03412024698512649, 0.7156766454707711], [0.5603911160898454, 0.28087525047264966, 0.08814682248843057, 0.07058681094907451], [0.12970146967219395, 0.026426801483351598, 0.09066158899647662, 0.7532101398479778], [0.22513261482340496, 0.00017145241972294092, 0.0611821931242476, 0.7135137396326244], [0.002238914747500322, 0.15294977629741738, 0.6218906764173603, 0.222920632537722]]","[{""research"": 0, ""code_review"": 2, ""doc_processing"": 0, ""monitoring"": 6}, {""research"": 1, ""code_review"": 1, ""doc_processing"": 1, ""monitoring"": 5}, {""research"": 3, ""code_review"": 2, ""doc_processing"": 2, ""monitoring"": 1}, {""research"": 1, ""code_review"": 0, ""doc_processing"": 1, ""monitoring"": 6}, {""research"": 1, ""code_review"": 0, ""doc_processing"": 2, ""monitoring"": 5}, {""research"": 0, ""code_review"": 1, ""doc_processing"": 5, ""monitoring"": 2}]","[2, 4, 4, 3, 3, 3]",0.3333333333333333,3.1666666666666665,0.6603816777695023,0.4166666666666667,0.09095368732157107,0.05777062439151564,"{""COMPUTE"": 706, ""MEMORY"": 623, ""API_CREDITS"": 273, ""DATASET"": 248}","{""COMPUTE"": 372, ""MEMORY"": 328, ""API_CREDITS"": 144, ""DATASET"": 131}","{""COMPUTE"": 1.8978494623655915, ""MEMORY"": 1.899390243902439, ""API_CREDITS"": 1.8958333333333333, ""DATASET"": 1.8931297709923665}",4,[],"{""COMPUTE"": 0.016129032258064516, ""MEMORY"": 0.018292682926829267, ""API_CREDITS"": 0.041666666666666664, ""DATASET"": 0.04580152671755725}",exact_pending_queue,0,
workload,dirichlet_0.3__high,dirichlet_0.3,dirichlet,0.3,unit,high,1.9,453209340,f950c7ee00fe6223,b6cb4e02e2bd5bb3,"[[0.15795096219901583, 0.09931195701619912, 0.1805778097576522, 0.5621592710271329], [0.4816643987646055, 9.646433334514427e-05, 0.356930975636032, 0.16130816126601732], [1.3261919689840405e-10, 0.47259993185413035, 0.20185295209780255, 0.325547115915448], [0.42307152745602666, 0.049191005173085556, 0.0015490669437912509, 0.5261884004270965], [0.011077671908002386, 0.3957021573475883, 0.5175809451015818, 0.07563922564282763], [0.30447466962732267, 0.022049804539177587, 0.6715222225519026, 0.0019533032815972516]]","[{""research"": 1, ""code_review"": 1, ""doc_processing"": 1, ""monitoring"": 5}, {""research"": 3, ""code_review"": 0, ""doc_processing"": 4, ""monitoring"": 1}, {""research"": 0, ""code_review"": 3, ""doc_processing"": 0, ""monitoring"": 5}, {""research"": 4, ""code_review"": 0, ""doc_processing"": 0, ""monitoring"": 4}, {""research"": 1, ""code_review"": 4, ""doc_processing"": 3, ""monitoring"": 0}, {""research"": 0, ""code_review"": 0, ""doc_processing"": 8, ""monitoring"": 0}]","[4, 3, 2, 2, 3, 1]",0.16666666666666666,2.5,0.5262089223399581,0.65,0.10385442041824043,0.0716828451304574,"{""COMPUTE"": 858, ""MEMORY"": 716, ""API_CREDITS"": 376, ""DATASET"": 192}","{""COMPUTE"": 452, ""MEMORY"": 377, ""API_CREDITS"": 198, ""DATASET"": 101}","{""COMPUTE"": 1.8982300884955752, ""MEMORY"": 1.8992042440318302, ""API_CREDITS"": 1.898989898989899, ""DATASET"": 1.900990099009901}",4,[],"{""COMPUTE"": 0.01327433628318584, ""MEMORY"": 0.015915119363395226, ""API_CREDITS"": 0.030303030303030304, ""DATASET"": 0.04950495049504951}",exact_pending_queue,0,
workload,dirichlet_0.3__high,dirichlet_0.3,dirichlet,0.3,unit,high,1.9,2920410359,2c1a3bb8e5d909da,f5e2a8ae9c86b7fa,"[[0.6346753119763923, 0.3415599982824914, 0.019142803856820673, 0.004621885884295685], [0.970239093879207, 0.001631584886169176, 0.025981655394573457, 0.002147665840050454], [0.029678595577071195, 0.07456510178361134, 0.19323461278401508, 0.7025216898553024], [0.6909149892426085, 0.015585223463243598, 0.2635325660372356, 0.029967221256912195], [0.09019845880385648, 0.5957148690402134, 0.14657416145187574, 0.16751251070405437], [0.01761170293179784, 0.8709468596339917, 9.438894956574886e-09, 0.11144142799531563]]","[{""research"": 6, ""code_review"": 2, ""doc_processing"": 0, ""monitoring"": 0}, {""research"": 8, ""code_review"": 0, ""doc_processing"": 0, ""monitoring"": 0}, {""research"": 1, ""code_review"": 1, ""doc_processing"": 3, ""monitoring"": 3}, {""research"": 7, ""code_review"": 0, ""doc_processing"": 1, ""monitoring"": 0}, {""research"": 0, ""code_review"": 6, ""doc_processing"": 0, ""monitoring"": 2}, {""research"": 0, ""code_review"": 8, ""doc_processing"": 0, ""monitoring"": 0}]","[2, 1, 4, 2, 2, 1]",0.16666666666666666,2.0,0.3314499013814162,0.6833333333333333,0.03948748809315972,0.026386857594010844,"{""COMPUTE"": 1046, ""MEMORY"": 883, ""API_CREDITS"": 521, ""DATASET"": 216}","{""COMPUTE"": 551, ""MEMORY"": 465, ""API_CREDITS"": 274, ""DATASET"": 114}","{""COMPUTE"": 1.8983666061705988, ""MEMORY"": 1.8989247311827957, ""API_CREDITS"": 1.9014598540145986, ""DATASET"": 1.894736842105263}",4,[],"{""COMPUTE"": 0.010889292196007259, ""MEMORY"": 0.012903225806451613, ""API_CREDITS"": 0.021897810218978103, ""DATASET"": 0.043859649122807015}",exact_pending_queue,0,
workload,dirichlet_0.3__high,dirichlet_0.3,dirichlet,0.3,unit,high,1.9,4282649469,d99db52a775b1947,489dccd93bc95800,"[[0.8349918516215922, 0.13142941796071245, 0.0328110963859519, 0.0007676340317433818], [0.8663676464593009, 0.12011295426333908, 2.829153380535148e-07, 0.013519116362022023], [0.4495986894624598, 0.14031859446484735, 0.3453121747379674, 0.06477054133472539], [0.0003035468749252275, 0.01714057912017907, 0.0001045263889417699, 0.9824513476159541], [0.22081341055334516, 0.1341722224753501, 0.3002159357207693, 0.34479843125053544], [0.4232962956174448, 0.09634985809757332, 0.005990513529220286, 0.4743633327557618]]","[{""research"": 7, ""code_review"": 1, ""doc_processing"": 0, ""monitoring"": 0}, {""research"": 6, ""code_review"": 2, ""doc_processing"": 0, ""monitoring"": 0}, {""research"": 2, ""code_review"": 1, ""doc_processing"": 5, ""monitoring"": 0}, {""research"": 0, ""code_review"": 0, ""doc_processing"": 0, ""monitoring"": 8}, {""research"": 2, ""code_review"": 1, ""doc_processing"": 3, ""monitoring"": 2}, {""research"": 2, ""code_review"": 0, ""doc_processing"": 1, ""monitoring"": 5}]","[2, 2, 3, 1, 4, 3]",0.16666666666666666,2.5,0.4881726259399244,0.6333333333333333,0.11426090407552271,0.07596529954404249,"{""COMPUTE"": 1014, ""MEMORY"": 870, ""API_CREDITS"": 458, ""DATASET"": 272}","{""COMPUTE"": 534, ""MEMORY"": 458, ""API_CREDITS"": 241, ""DATASET"": 143}","{""COMPUTE"": 1.898876404494382, ""MEMORY"": 1.8995633187772927, ""API_CREDITS"": 1.900414937759336, ""DATASET"": 1.902097902097902}",4,[],"{""COMPUTE"": 0.011235955056179775, ""MEMORY"": 0.013100436681222707, ""API_CREDITS"": 0.024896265560165973, ""DATASET"": 0.04195804195804196}",exact_pending_queue,0,
workload,dirichlet_0.3__high,dirichlet_0.3,dirichlet,0.3,unit,high,1.9,2089981338,ce67109df061a7c3,f7c611fa4bc29f35,"[[0.9968291066047148, 0.0013689100308652727, 4.3826943597323025e-07, 0.0018015450949839418], [0.3237292916339121, 0.16205865323444826, 0.09947631982438454, 0.4147357353072551], [0.7440300546691537, 1.3357154216391721e-05, 0.24849789336455158, 0.007458694812078258], [6.821351968682708e-07, 0.6929401876292385, 0.28632531918714155, 0.02073381104842314], [1.1168486891060825e-05, 1.8795146430661713e-06, 0.8878908696794563, 0.11209608231900951], [0.20839656264112666, 0.1297933521966939, 0.4644869084347432, 0.19732317672743607]]","[{""research"": 7, ""code_review"": 1, ""doc_processing"": 0, ""monitoring"": 0}, {""research"": 1, ""code_review"": 1, ""doc_processing"": 0, ""monitoring"": 6}, {""research"": 7, ""code_review"": 0, ""doc_processing"": 1, ""monitoring"": 0}, {""research"": 0, ""code_review"": 4, ""doc_processing"": 4, ""monitoring"": 0}, {""research"": 0, ""code_review"": 0, ""doc_processing"": 7, ""monitoring"": 1}, {""research"": 2, ""code_review"": 0, ""doc_processing"": 5, ""monitoring"": 1}]","[2, 3, 2, 2, 2, 3]",0.0,2.3333333333333335,0.4158971995627767,0.7,0.08794026877029718,0.055245019998707325,"{""COMPUTE"": 1076, ""MEMORY"": 885, ""API_CREDITS"": 503, ""DATASET"": 200}","{""COMPUTE"": 566, ""MEMORY"": 466, ""API_CREDITS"": 265, ""DATASET"": 105}","{""COMPUTE"": 1.901060070671378, ""MEMORY"": 1.8991416309012876, ""API_CREDITS"": 1.8981132075471698, ""DATASET"": 1.9047619047619047}",4,[],"{""COMPUTE"": 0.01060070671378092, ""MEMORY"": 0.012875536480686695, ""API_CREDITS"": 0.022641509433962263, ""DATASET"": 0.047619047619047616}",exact_pending_queue,0,
workload,dirichlet_0.3__high,dirichlet_0.3,dirichlet,0.3,unit,high,1.9,1751949247,6b035674b8c71a1e,03da62ec78f981e8,"[[0.6436132926878148, 0.08879066542904336, 0.2666514511670456, 0.0009445907160963864], [0.7407817729957896, 0.0012017848376821437, 0.16614842263284849, 0.09186801953367975], [0.07812224878530323, 0.04449234031874961, 0.5752592463937063, 0.3021261645022409], [0.1394074308915268, 0.5294779368971945, 0.331114602758802, 2.9452476858160532e-08], [0.033274153037939194, 0.9601634826744982, 0.00655936848217636, 2.995805386193657e-06], [0.7709250908579506, 0.001007392642891992, 0.2280674222359599, 9.42631975866561e-08]]","[{""research"": 5, ""code_review"": 1, ""doc_processing"": 2, ""monitoring"": 0}, {""research"": 7, ""code_review"": 0, ""doc_processing"": 0, ""monitoring"": 1}, {""research"": 0, ""code_review"": 0, ""doc_processing"": 4, ""monitoring"": 4}, {""research"": 3, ""code_review"": 4, ""doc_processing"": 1, ""monitoring"": 0}, {""research"": 0, ""code_review"": 8, ""doc_processing"": 0, ""monitoring"": 0}, {""research"": 6, ""code_review"": 0, ""doc_processing"": 2, ""monitoring"": 0}]","[3, 2, 2, 3, 1, 2]",0.0,2.1666666666666665,0.42160638088197455,0.6583333333333333,0.049469146529344456,0.02847734557636977,"{""COMPUTE"": 1082, ""MEMORY"": 902, ""API_CREDITS"": 530, ""DATASET"": 208}","{""COMPUTE"": 569, ""MEMORY"": 475, ""API_CREDITS"": 279, ""DATASET"": 109}","{""COMPUTE"": 1.9015817223198594, ""MEMORY"": 1.8989473684210527, ""API_CREDITS"": 1.8996415770609318, ""DATASET"": 1.908256880733945}",4,[],"{""COMPUTE"": 0.01054481546572935, ""MEMORY"": 0.01263157894736842, ""API_CREDITS"": 0.021505376344086023, ""DATASET"": 0.045871559633027525}",exact_pending_queue,0,
workload,dirichlet_0.3__high,dirichlet_0.3,dirichlet,0.3,unit,high,1.9,4210982914,afa4b806fe5d9c18,cb2fae3d76305e06,"[[0.2130707303713069, 0.008910893223530046, 0.6601820106421992, 0.11783636576296375], [0.08379437295451256, 3.566141877103624e-05, 0.024596147153073178, 0.8915738184736431], [0.054848433650131395, 0.3204671288322304, 0.37768009987028384, 0.24700433764735436], [0.2368582073625075, 0.39252217896359565, 0.3578332021409987, 0.012786411532898233], [0.03860081889215806, 0.0007907912191795275, 0.9490555496375489, 0.011552840251113493], [0.0007786566388653016, 0.0035074198758898623, 0.004221675373668933, 0.991492248111576]]","[{""research"": 0, ""code_review"": 0, ""doc_processing"": 8, ""monitoring"": 0}, {""research"": 0, ""code_review"": 0, ""doc_processing"": 1, ""monitoring"": 7}, {""research"": 0, ""code_review"": 1, ""doc_processing"": 5, ""monitoring"": 2}, {""research"": 1, ""code_review"": 4, ""doc_processing"": 3, ""monitoring"": 0}, {""research"": 0, ""code_review"": 0, ""doc_processing"": 8, ""monitoring"": 0}, {""research"": 0, ""code_review"": 0, ""doc_processing"": 0, ""monitoring"": 8}]","[1, 2, 3, 3, 1, 1]",0.0,1.8333333333333333,0.2706665371770468,0.6416666666666667,0.16097636410300004,0.11912837978484918,"{""COMPUTE"": 770, ""MEMORY"": 622, ""API_CREDITS"": 314, ""DATASET"": 144}","{""COMPUTE"": 405, ""MEMORY"": 327, ""API_CREDITS"": 165, ""DATASET"": 76}","{""COMPUTE"": 1.9012345679012346, ""MEMORY"": 1.9021406727828747, ""API_CREDITS"": 1.903030303030303, ""DATASET"": 1.894736842105263}",4,[],"{""COMPUTE"": 0.014814814814814815, ""MEMORY"": 0.01834862385321101, ""API_CREDITS"": 0.03636363636363636, ""DATASET"": 0.05263157894736842}",exact_pending_queue,0,
workload,dirichlet_0.3__high,dirichlet_0.3,dirichlet,0.3,unit,high,1.9,3922112564,9320ec629a1da530,524ccf3a01b8c37d,"[[0.03856346157793913, 0.00044480172745336484, 0.36340718803431954, 0.597584548660288], [0.3221689399406653, 0.4955522679362947, 0.0015207330003075053, 0.1807580591227325], [0.9131785907785888, 0.0603556555153438, 0.026460271243445823, 5.482462621532629e-06], [0.22516885873698245, 0.0005004496469193917, 0.7739704327308423, 0.00036025888525571733], [0.056644333758133804, 0.0374569439422449, 0.18631867549907571, 0.7195800468005458], [0.12609936972977845, 0.8189876104951748, 0.02693055082101722, 0.027982468954029546]]","[{""research"": 0, ""code_review"": 0, ""doc_processing"": 2, ""monitoring"": 6}, {""research"": 0, ""code_review"": 6, ""doc_processing"": 0, ""monitoring"": 2}, {""research"": 8, ""code_review"": 0, ""doc_processing"": 0, ""monitoring"": 0}, {""research"": 1, ""code_review"": 0, ""doc_processing"": 7, ""monitoring"": 0}, {""research"": 0, ""code_review"": 0, ""doc_processing"": 2, ""monitoring"": 6}, {""research"": 2, ""code_review"": 6, ""doc_processing"": 0, ""monitoring"": 0}]","[2, 2, 1, 2, 2, 2]",0.0,1.8333333333333333,0.31572307841967734,0.7833333333333333,0.09213226476029712,0.06334485230627414,"{""COMPUTE"": 848, ""MEMORY"": 717, ""API_CREDITS"": 383, ""DATASET"": 200}","{""COMPUTE"": 446, ""MEMORY"": 377, ""API_CREDITS"": 202, ""DATASET"": 105}","{""COMPUTE"": 1.9013452914798206, ""MEMORY"": 1.9018567639257293, ""API_CREDITS"": 1.896039603960396, ""DATASET"": 1.9047619047619047}",4,[],"{""COMPUTE"": 0.013452914798206279, ""MEMORY"": 0.015915119363395226, ""API_CREDITS"": 0.0297029702970297, ""DATASET"": 0.05714285714285714}",exact_pending_queue,0,
workload,dirichlet_0.3__high,dirichlet_0.3,dirichlet,0.3,unit,high,1.9,183163032,23f6389b26bee5ab,44d5992b450c78d6,"[[0.02003797808717619, 0.12594684519979535, 0.8387541026179053, 0.015261074095123272], [0.31874673007542426, 0.649287423102755, 0.021295048371575448, 0.010670798450245104], [0.03570372571805458, 0.8938402706282378, 0.06993821570215779, 0.0005177879515496798], [0.601060217849092, 0.1628127661905814, 0.21790934575202292, 0.018217670208303584], [0.001904949735815643, 0.9954007877144072, 3.719266586957985e-05, 0.0026570698839075836], [0.5451200800637377, 0.1330771391409292, 0.2719708424640125, 0.049831938331320574]]","[{""research"": 0, ""code_review"": 2, ""doc_processing"": 6, ""monitoring"": 0}, {""research"": 4, ""code_review"": 4, ""doc_processing"": 0, ""monitoring"": 0}, {""research"": 0, ""code_review"": 7, ""doc_processing"": 1, ""monitoring"": 0}, {""research"": 3, ""code_review"": 4, ""doc_processing"": 1, ""monitoring"": 0}, {""research"": 0, ""code_review"": 8, ""doc_processing"": 0, ""monitoring"": 0}, {""research"": 8, ""code_review"": 0, ""doc_processing"": 0, ""monitoring"": 0}]","[2, 2, 2, 3, 1, 1]",0.0,1.8333333333333333,0.313373469157358,0.6,0.053272217978100334,0.03758754483836183,"{""COMPUTE"": 936, ""MEMORY"": 763, ""API_CREDITS"": 485, ""DATASET"": 120}","{""COMPUTE"": 493, ""MEMORY"": 402, ""API_CREDITS"": 255, ""DATASET"": 63}","{""COMPUTE"": 1.898580121703854, ""MEMORY"": 1.8980099502487562, ""API_CREDITS"": 1.9019607843137254, ""DATASET"": 1.9047619047619047}",4,[],"{""COMPUTE"": 0.012170385395537525, ""MEMORY"": 0.014925373134328358, ""API_CREDITS"": 0.023529411764705882, ""DATASET"": 0.047619047619047616}",exact_pending_queue,0,
workload,dirichlet_0.3__high,dirichlet_0.3,dirichlet,0.3,unit,high,1.9,4222305526,83c04ae3f921b9f7,f6c501577273243d,"[[0.43700040088116077, 0.24703570133447683, 0.15608889164563874, 0.15987500613872363], [0.08822590900003187, 0.003722950044539089, 0.0002493558769434084, 0.9078017850784856], [0.03106635782767631, 0.32026605776494843, 0.6362740897183402, 0.012393494689034994], [0.44231259933893946, 0.0020674064667030897, 0.023399300860070547, 0.5322206933342869], [0.2650723165283946, 0.5274879584264734, 0.06048985804631778, 0.14694986699881413], [0.6145060934282706, 0.1527495228356114, 2.003462791165232e-06, 0.23274238027332678]]","[{""research"": 3, ""code_review"": 3, ""doc_processing"": 1, ""monitoring"": 1}, {""research"": 1, ""code_review"": 0, ""doc_processing"": 0, ""monitoring"": 7}, {""research"": 0, ""code_review"": 3, ""doc_processing"": 5, ""monitoring"": 0}, {""research"": 4, ""code_review"": 0, ""doc_processing"": 0, ""monitoring"": 4}, {""research"": 4, ""code_review"": 1, ""doc_processing"": 0, ""monitoring"": 3}, {""research"": 6, ""code_review"": 2, ""doc_processing"": 0, ""monitoring"": 0}]","[4, 2, 2, 2, 3, 2]",0.16666666666666666,2.5,0.5438494797726995,0.5916666666666667,0.09781550850132506,0.05873074146077096,"{""COMPUTE"": 954, ""MEMORY"": 825, ""API_CREDITS"": 435, ""DATASET"": 264}","{""COMPUTE"": 502, ""MEMORY"": 434, ""API_CREDITS"": 229, ""DATASET"": 139}","{""COMPUTE"": 1.900398406374502, ""MEMORY"": 1.900921658986175, ""API_CREDITS"": 1.8995633187772927, ""DATASET"": 1.8992805755395683}",4,[],"{""COMPUTE"": 0.01195219123505976, ""MEMORY"": 0.013824884792626729, ""API_CREDITS"": 0.026200873362445413, ""DATASET"": 0.03597122302158273}",exact_pending_queue,0,
workload,dirichlet_0.3__high,dirichlet_0.3,dirichlet,0.3,unit,high,1.9,3706283824,b018d15a4314084b,67ae1c499bedb19e,"[[0.3934860436409089, 0.0442307952164104, 0.09856134555162689, 0.46372181559105374], [0.4074527838239999, 0.0023647785765012765, 0.5846101794885873, 0.005572258110911607], [0.37728178716849037, 0.13095822056343864, 0.47219267568638007, 0.01956731658169093], [0.2067613015077275, 0.7932018464607226, 1.2719710319349216e-05, 2.4132321230585252e-05], [0.0023386771509740518, 0.7423469513441656, 0.04215996620320514, 0.2131544053016554], [5.992940982686777e-06, 0.3275808950490713, 0.6644752739033508, 0.007937838106595143]]","[{""research"": 4, ""code_review"": 0, ""doc_processing"": 1, ""monitoring"": 3}, {""research"": 3, ""code_review"": 0, ""doc_processing"": 5, ""monitoring"": 0}, {""research"": 3, ""code_review"": 1, ""doc_processing"": 4, ""monitoring"": 0}, {""research"": 1, ""code_review"": 7, ""doc_processing"": 0, ""monitoring"": 0}, {""research"": 0, ""code_review"": 6, ""doc_processing"": 1, ""monitoring"": 1}, {""research"": 0, ""code_review"": 1, ""doc_processing"": 7, ""monitoring"": 0}]","[3, 2, 3, 2, 3, 2]",0.0,2.5,0.492843261520202,0.6333333333333333,0.04860813620906203,0.027606482582674115,"{""COMPUTE"": 952, ""MEMORY"": 763, ""API_CREDITS"": 461, ""DATASET"": 120}","{""COMPUTE"": 501, ""MEMORY"": 402, ""API_CREDITS"": 243, ""DATASET"": 63}","{""COMPUTE"": 1.9001996007984032, ""MEMORY"": 1.8980099502487562, ""API_CREDITS"": 1.897119341563786, ""DATASET"": 1.9047619047619047}",4,[],"{""COMPUTE"": 0.011976047904191617, ""MEMORY"": 0.014925373134328358, ""API_CREDITS"": 0.024691358024691357, ""DATASET"": 0.07936507936507936}",exact_pending_queue,0,
workload,dirichlet_0.3__high,dirichlet_0.3,dirichlet,0.3,unit,high,1.9,927763105,c6c3febb5cbf5a35,d960e15099d863bc,"[[0.6122750480367524, 0.2670666471037429, 1.245498548567838e-07, 0.12065818030964987], [0.33418665813051796, 0.1396568223452018, 0.006007121480774304, 0.520149398043506], [0.6686153449882375, 0.3124818575821333, 0.01702397774944393, 0.001878819680185339], [0.5269238529068736, 0.00019698512400315898, 0.00886406674064452, 0.4640150952284787], [0.0009732171153665873, 0.34831335282307485, 0.16454549161056278, 0.48616793845099565], [0.030595750488750174, 0.2660159955228993, 4.5623407023439e-05, 0.7033426305813271]]","[{""research"": 5, ""code_review"": 3, ""doc_processing"": 0, ""monitoring"": 0}, {""research"": 3, ""code_review"": 0, ""doc_processing"": 0, ""monitoring"": 5}, {""research"": 6, ""code_review"": 2, ""doc_processing"": 0, ""monitoring"": 0}, {""research"": 5, ""code_review"": 0, ""doc_processing"": 0, ""monitoring"": 3}, {""research"": 0, ""code_review"": 2, ""doc_processing"": 2, ""monitoring"": 4}, {""research"": 0, ""code_review"": 2, ""doc_processing"": 0, ""monitoring"": 6}]","[2, 2, 2, 2, 3, 2]",0.0,2.1666666666666665,0.49882152147443004,0.5166666666666667,0.07550452542486455,0.047920230189857665,"{""COMPUTE"": 924, ""MEMORY"": 817, ""API_CREDITS"": 415, ""DATASET"": 296}","{""COMPUTE"": 486, ""MEMORY"": 430, ""API_CREDITS"": 218, ""DATASET"": 156}","{""COMPUTE"": 1.9012345679012346, ""MEMORY"": 1.9, ""API_CREDITS"": 1.9036697247706422, ""DATASET"": 1.8974358974358974}",4,[],"{""COMPUTE"": 0.012345679012345678, ""MEMORY"": 0.013953488372093023, ""API_CREDITS"": 0.027522935779816515, ""DATASET"": 0.038461538461538464}",exact_pending_queue,0,
workload,dirichlet_0.3__high,dirichlet_0.3,dirichlet,0.3,unit,high,1.9,642816875,33c67b4591ef066f,bd4d5421581db4d9,"[[0.2653901846317533, 0.04430250897318178, 0.32368098161949305, 0.3666263247755717], [0.6729553279622142, 0.31829499845922804, 8.329425705256041e-06, 0.00874134415285249], [0.0004444119988716302, 0.21015515199357399, 0.000620612722893124, 0.7887798232846613], [0.1942187893410104, 0.01058694758961494, 0.7667499757705899, 0.028444287298784815], [0.6431681216151101, 0.045696797046127995, 0.28346114662019123, 0.0276739347185708], [0.0017116082261963202, 0.0010616232905838391, 0.7020587240810086, 0.29516804440221134]]","[{""research"": 1, ""code_review"": 0, ""doc_processing"": 3, ""monitoring"": 4}, {""research"": 6, ""code_review"": 2, ""doc_processing"": 0, ""monitoring"": 0}, {""research"": 0, ""code_review"": 0, ""doc_processing"": 0, ""monitoring"": 8}, {""research"": 1, ""code_review"": 0, ""doc_processing"": 6, ""monitoring"": 1}, {""research"": 5, ""code_review"": 0, ""doc_processing"": 3, ""monitoring"": 0}, {""research"": 0, ""code_review"": 0, ""doc_processing"": 7, ""monitoring"": 1}]","[3, 2, 1, 3, 2, 2]",0.0,2.1666666666666665,0.3980161464393661,0.6666666666666666,0.1185798163226897,0.07632140930589701,"{""COMPUTE"": 992, ""MEMORY"": 823, ""API_CREDITS"": 437, ""DATASET"": 216}","{""COMPUTE"": 522, ""MEMORY"": 433, ""API_CREDITS"": 230, ""DATASET"": 114}","{""COMPUTE"": 1.9003831417624522, ""MEMORY"": 1.9006928406466512, ""API_CREDITS"": 1.9, ""DATASET"": 1.894736842105263}",4,[],"{""COMPUTE"": 0.011494252873563218, ""MEMORY"": 0.013856812933025405, ""API_CREDITS"": 0.02608695652173913, ""DATASET"": 0.05263157894736842}",exact_pending_queue,0,
workload,dirichlet_0.3__high,dirichlet_0.3,dirichlet,0.3,unit,high,1.9,2485047775,6a2399c27f95b755,1ec63451bffb7cba,"[[0.0026907362639806798, 0.7965983728377986, 0.07813742571040506, 0.1225734651878157], [7.532999032586332e-07, 0.5805218903371165, 0.2903603463371722, 0.12911701002580792], [0.30778068002156883, 0.6668816307396489, 0.022025244233398633, 0.0033124450053834986], [0.4248963569391943, 0.029265339062017136, 1.0178152795990082e-05, 0.5458281258459925], [0.11156064627279909, 0.7782578481567118, 0.06829428560312364, 0.04188721996736546], [0.009445398151464487, 0.003728793264810992, 0.27311149876189816, 0.7137143098218263]]","[{""research"": 0, ""code_review"": 6, ""doc_processing"": 1, ""monitoring"": 1}, {""research"": 0, ""code_review"": 7, ""doc_processing"": 1, ""monitoring"": 0}, {""research"": 2, ""code_review"": 6, ""doc_processing"": 0, ""monitoring"": 0}, {""research"": 3, ""code_review"": 0, ""doc_processing"": 0, ""monitoring"": 5}, {""research"": 0, ""code_review"": 7, ""doc_processing"": 1, ""monitoring"": 0}, {""research"": 0, ""code_review"": 0, ""doc_processing"": 3, ""monitoring"": 5}]","[3, 2, 2, 2, 2, 2]",0.0,2.1666666666666665,0.40571276176394905,0.5666666666666667,0.08775039182346686,0.06108108405971466,"{""COMPUTE"": 650, ""MEMORY"": 548, ""API_CREDITS"": 312, ""DATASET"": 128}","{""COMPUTE"": 342, ""MEMORY"": 288, ""API_CREDITS"": 164, ""DATASET"": 67}","{""COMPUTE"": 1.9005847953216375, ""MEMORY"": 1.9027777777777777, ""API_CREDITS"": 1.9024390243902438, ""DATASET"": 1.9104477611940298}",4,[],"{""COMPUTE"": 0.017543859649122806, ""MEMORY"": 0.020833333333333332, ""API_CREDITS"": 0.036585365853658534, ""DATASET"": 0.05970149253731343}",exact_pending_queue,0,
workload,dirichlet_0.3__high,dirichlet_0.3,dirichlet,0.3,unit,high,1.9,1464621060,f228d760fedd2224,0d49655b57ef80f8,"[[0.3577559308415157, 0.11700242580169666, 0.026252197030599035, 0.4989894463261885], [0.6772055607221079, 0.004061839553137338, 0.001465694021440281, 0.3172669057033145], [0.1068395529282279, 0.3224256560209095, 0.5144951279272943, 0.05623966312356817], [0.006387856329154644, 0.7709733850553248, 0.2071532289943064, 0.015485529621214194], [0.7632693852872213, 0.13107525048814683, 0.006442857937947185, 0.09921250628668445], [0.15081734378469086, 0.4314232200213567, 0.41158926600518003, 0.0061701701887723484]]","[{""research"": 2, ""code_review"": 1, ""doc_processing"": 0, ""monitoring"": 5}, {""research"": 4, ""code_review"": 1, ""doc_processing"": 0, ""monitoring"": 3}, {""research"": 1, ""code_review"": 5, ""doc_processing"": 2, ""monitoring"": 0}, {""research"": 0, ""code_review"": 6, ""doc_processing"": 2, ""monitoring"": 0}, {""research"": 7, ""code_review"": 1, ""doc_processing"": 0, ""monitoring"": 0}, {""research"": 2, ""code_review"": 5, ""doc_processing"": 1, ""monitoring"": 0}]","[3, 3, 3, 2, 2, 3]",0.0,2.6666666666666665,0.5547388709978743,0.5666666666666667,0.08050757396704142,0.05222391283044344,"{""COMPUTE"": 908, ""MEMORY"": 768, ""API_CREDITS"": 444, ""DATASET"": 192}","{""COMPUTE"": 478, ""MEMORY"": 404, ""API_CREDITS"": 234, ""DATASET"": 101}","{""COMPUTE"": 1.899581589958159, ""MEMORY"": 1.900990099009901, ""API_CREDITS"": 1.8974358974358974, ""DATASET"": 1.900990099009901}",4,[],"{""COMPUTE"": 0.012552301255230125, ""MEMORY"": 0.01485148514851485, ""API_CREDITS"": 0.02564102564102564, ""DATASET"": 0.04950495049504951}",exact_pending_queue,0,
workload,dirichlet_0.3__high,dirichlet_0.3,dirichlet,0.3,unit,high,1.9,1594198431,86d555def4f0c9c1,14dd123abfc9ffdd,"[[0.3512493975999984, 0.5017083073381648, 0.045087896834585896, 0.10195439822725114], [0.0008252654317480349, 0.8561689683302733, 3.1356929020081923e-06, 0.14300263054507645], [0.06753022850660252, 8.411291760461352e-05, 0.08350765075525027, 0.8488780078205426], [0.03138797513925141, 0.23706740676593496, 0.6247254011836187, 0.10681921691119499], [0.04763668903985287, 0.20280135762201723, 0.09005205380859366, 0.6595098995295362], [0.11948971503911616, 0.07444217880801449, 0.02144504253174918, 0.7846230636211201]]","[{""research"": 5, ""code_review"": 3, ""doc_processing"": 0, ""monitoring"": 0}, {""research"": 0, ""code_review"": 8, ""doc_processing"": 0, ""monitoring"": 0}, {""research"": 1, ""code_review"": 0, ""doc_processing"": 1, ""monitoring"": 6}, {""research"": 1, ""code_review"": 3, ""doc_processing"": 3, ""monitoring"": 1}, {""research"": 0, ""code_review"": 3, ""doc_processing"": 1, ""monitoring"": 4}, {""research"": 0, ""code_review"": 1, ""doc_processing"": 0, ""monitoring"": 7}]","[2, 1, 3, 4, 3, 2]",0.16666666666666666,2.5,0.48134947977269943,0.625,0.12975004045787228,0.08435249819474888,"{""COMPUTE"": 672, ""MEMORY"": 589, ""API_CREDITS"": 295, ""DATASET"": 200}","{""COMPUTE"": 354, ""MEMORY"": 310, ""API_CREDITS"": 155, ""DATASET"": 105}","{""COMPUTE"": 1.8983050847457628, ""MEMORY"": 1.9, ""API_CREDITS"": 1.903225806451613, ""DATASET"": 1.9047619047619047}",4,[],"{""COMPUTE"": 0.01694915254237288, ""MEMORY"": 0.01935483870967742, ""API_CREDITS"": 0.03870967741935484, ""DATASET"": 0.047619047619047616}",exact_pending_queue,0,
workload,dirichlet_0.3__high,dirichlet_0.3,dirichlet,0.3,unit,high,1.9,2964826275,6b2583093658b82f,d86a262c1af43818,"[[0.9376381633669633, 0.05010882637721847, 0.00711507287447844, 0.005137937381339842], [0.19103360499584598, 1.552386108153987e-05, 0.8003067034558258, 0.008644167687246762], [0.17821479664903825, 0.013701848365057199, 0.2097348854726805, 0.5983484695132241], [0.41776287786921645, 0.1323655174538632, 0.4298912287528484, 0.01998037592407187], [0.5861494352575236, 0.05725700235896825, 0.24099916867814447, 0.11559439370536366], [0.0038295811450147297, 0.6045904928035211, 5.392803536017457e-05, 0.39152599801610405]]","[{""research"": 7, ""code_review"": 1, ""doc_processing"": 0, ""monitoring"": 0}, {""research"": 0, ""code_review"": 0, ""doc_processing"": 8, ""monitoring"": 0}, {""research"": 1, ""code_review"": 0, ""doc_processing"": 2, ""monitoring"": 5}, {""research"": 5, ""code_review"": 0, ""doc_processing"": 3, ""monitoring"": 0}, {""research"": 6, ""code_review"": 0, ""doc_processing"": 2, ""monitoring"": 0}, {""research"": 0, ""code_review"": 5, ""doc_processing"": 0, ""monitoring"": 3}]","[2, 1, 3, 2, 2, 2]",0.0,2.0,0.38020879285033815,0.7,0.06611471288642783,0.041021625134061226,"{""COMPUTE"": 1100, ""MEMORY"": 911, ""API_CREDITS"": 517, ""DATASET"": 216}","{""COMPUTE"": 579, ""MEMORY"": 479, ""API_CREDITS"": 272, ""DATASET"": 114}","{""COMPUTE"": 1.8998272884283247, ""MEMORY"": 1.9018789144050103, ""API_CREDITS"": 1.900735294117647, ""DATASET"": 1.894736842105263}",4,[],"{""COMPUTE"": 0.010362694300518135, ""MEMORY"": 0.012526096033402923, ""API_CREDITS"": 0.022058823529411766, ""DATASET"": 0.043859649122807015}",exact_pending_queue,0,
workload,dirichlet_0.3__high,dirichlet_0.3,dirichlet,0.3,unit,high,1.9,3703943727,453c799332a411d3,13e263c46f05b383,"[[0.6302088594289711, 0.01937889396010598, 0.01697909441054334, 0.3334331522003796], [0.005796030099246893, 0.38655748645893834, 0.00036683243447124656, 0.6072796510073435], [0.0005383031560697004, 0.643023572917543, 0.34765409756326066, 0.00878402636312671], [1.3669225801821034e-05, 0.27640333293352953, 0.7235357550620707, 4.72427785980893e-05], [0.009469070084962096, 0.2661980364854409, 0.0062692741696058095, 0.7180636192599913], [0.457313570288442, 0.04322816531304916, 0.460616798206352, 0.03884146619215685]]","[{""research"": 6, ""code_review"": 0, ""doc_processing"": 0, ""monitoring"": 2}, {""research"": 0, ""code_review"": 4, ""doc_processing"": 0, ""monitoring"": 4}, {""research"": 0, ""code_review"": 3, ""doc_processing"": 5, ""monitoring"": 0}, {""research"": 0, ""code_review"": 3, ""doc_processing"": 5, ""monitoring"": 0}, {""research"": 0, ""code_review"": 2, ""doc_processing"": 0, ""monitoring"": 6}, {""research"": 5, ""code_review"": 0, ""doc_processing"": 3, ""monitoring"": 0}]","[2, 2, 2, 2, 2, 2]",0.0,2.0,0.45715485480776336,0.675,0.11854682449266907,0.07737890629607544,"{""COMPUTE"": 876, ""MEMORY"": 731, ""API_CREDITS"": 401, ""DATASET"": 184}","{""COMPUTE"": 461, ""MEMORY"": 385, ""API_CREDITS"": 211, ""DATASET"": 97}","{""COMPUTE"": 1.9002169197396963, ""MEMORY"": 1.8987012987012988, ""API_CREDITS"": 1.900473933649289, ""DATASET"": 1.8969072164948453}",4,[],"{""COMPUTE"": 0.013015184381778741, ""MEMORY"": 0.015584415584415584, ""API_CREDITS"": 0.02843601895734597, ""DATASET"": 0.041237113402061855}",exact_pending_queue,0,
workload,dirichlet_0.3__high,dirichlet_0.3,dirichlet,0.3,unit,high,1.9,1321997983,c1579d1bd7b4db9e,a0a5b44d4c43c9ec,"[[0.19598772500805675, 0.05497421552358659, 0.6109742964330191, 0.1380637630353376], [3.92837986264074e-05, 0.6142618092372207, 0.3855840928682326, 0.00011481409592047286], [0.3202961616248452, 0.00010314498842709252, 0.2403288311568922, 0.43927186222983555], [0.06701883759989735, 0.48121290442501585, 0.451719484880318, 4.877309476886227e-05], [0.35142492798210634, 0.0031740575774700827, 0.592532451676895, 0.05286856276352851], [0.008959137925989555, 0.009929909683281784, 0.5363798081930192, 0.4447311441977095]]","[{""research"": 1, ""code_review"": 0, ""doc_processing"": 6, ""monitoring"": 1}, {""research"": 0, ""code_review"": 6, ""doc_processing"": 2, ""monitoring"": 0}, {""research"": 4, ""code_review"": 0, ""doc_processing"": 2, ""monitoring"": 2}, {""research"": 1, ""code_review"": 3, ""doc_processing"": 4, ""monitoring"": 0}, {""research"": 2, ""code_review"": 0, ""doc_processing"": 6, ""monitoring"": 0}, {""research"": 0, ""code_review"": 0, ""doc_processing"": 6, ""monitoring"": 2}]","[3, 2, 3, 3, 2, 2]",0.0,2.5,0.5333959633388415,0.48333333333333334,0.03906670706336777,0.02437159930723175,"{""COMPUTE"": 974, ""MEMORY"": 765, ""API_CREDITS"": 455, ""DATASET"": 104}","{""COMPUTE"": 513, ""MEMORY"": 403, ""API_CREDITS"": 239, ""DATASET"": 55}","{""COMPUTE"": 1.898635477582846, ""MEMORY"": 1.8982630272952854, ""API_CREDITS"": 1.903765690376569, ""DATASET"": 1.8909090909090909}",4,[],"{""COMPUTE"": 0.011695906432748537, ""MEMORY"": 0.01488833746898263, ""API_CREDITS"": 0.02510460251046025, ""DATASET"": 0.09090909090909091}",exact_pending_queue,0,
workload,dirichlet_0.3__high,dirichlet_0.3,dirichlet,0.3,unit,high,1.9,2789760346,b43394c44b461087,9dc5f9ba14b99ce2,"[[0.01961692907516925, 0.9123624093855877, 0.06386523951552564, 0.004155422023717578], [0.29502699996615156, 0.000868471117259115, 0.06192209315265309, 0.6421824357639363], [0.6822390850987872, 0.18901145293044466, 0.12852767134356752, 0.00022179062720070885], [0.3099117754328063, 0.10492951473737598, 0.04891312355148003, 0.5362455862783376], [9.282790490050908e-05, 0.983546301617988, 0.015612756081512599, 0.0007481143955989467], [0.018649161237913738, 0.5757295085088553, 0.20399035363293067, 0.20163097662030022]]","[{""research"": 0, ""code_review"": 8, ""doc_processing"": 0, ""monitoring"": 0}, {""research"": 2, ""code_review"": 0, ""doc_processing"": 0, ""monitoring"": 6}, {""research"": 4, ""code_review"": 4, ""doc_processing"": 0, ""monitoring"": 0}, {""research"": 2, ""code_review"": 1, ""doc_processing"": 0, ""monitoring"": 5}, {""research"": 0, ""code_review"": 8, ""doc_processing"": 0, ""monitoring"": 0}, {""research"": 0, ""code_review"": 4, ""doc_processing"": 1, ""monitoring"": 3}]","[1, 2, 2, 3, 1, 3]",0.0,2.0,0.3763093439486748,0.5916666666666667,0.10361285436586641,0.06905058418612636,"{""COMPUTE"": 656, ""MEMORY"": 574, ""API_CREDITS"": 310, ""DATASET"": 176}","{""COMPUTE"": 345, ""MEMORY"": 302, ""API_CREDITS"": 163, ""DATASET"": 93}","{""COMPUTE"": 1.901449275362319, ""MEMORY"": 1.900662251655629, ""API_CREDITS"": 1.901840490797546, ""DATASET"": 1.89247311827957}",4,[],"{""COMPUTE"": 0.017391304347826087, ""MEMORY"": 0.019867549668874173, ""API_CREDITS"": 0.03680981595092025, ""DATASET"": 0.043010752688172046}",exact_pending_queue,0,
workload,dirichlet_0.3__high,dirichlet_0.3,dirichlet,0.3,unit,high,1.9,4250606291,a02c062e9b745c06,72739fb57559a130,"[[0.0029661865843672395, 0.657715791015577, 0.27526027830965105, 0.0640577440904047], [0.051246423150708834, 0.2593586286839386, 0.19706853870793423, 0.49232640945741823], [0.7938432281902297, 0.01788210885183312, 0.04604179884498171, 0.14223286411295563], [0.24813986755865297, 0.6860916334364743, 0.06427333836181374, 0.0014951606430590014], [0.015798047893817228, 0.5450379327691117, 0.037376350906428955, 0.4017876684306421], [0.7716315098621882, 0.0023947738668392564, 0.10478617319400191, 0.12118754307697073]]","[{""research"": 0, ""code_review"": 6, ""doc_processing"": 1, ""monitoring"": 1}, {""research"": 0, ""code_review"": 3, ""doc_processing"": 2, ""monitoring"": 3}, {""research"": 7, ""code_review"": 0, ""doc_processing"": 0, ""monitoring"": 1}, {""research"": 2, ""code_review"": 6, ""doc_processing"": 0, ""monitoring"": 0}, {""research"": 0, ""code_review"": 4, ""doc_processing"": 0, ""monitoring"": 4}, {""research"": 5, ""code_review"": 0, ""doc_processing"": 1, ""monitoring"": 2}]","[3, 3, 2, 2, 2, 3]",0.0,2.5,0.5230161464393661,0.5916666666666667,0.057539652480274955,0.03573651399077384,"{""COMPUTE"": 842, ""MEMORY"": 721, ""API_CREDITS"": 403, ""DATASET"": 200}","{""COMPUTE"": 443, ""MEMORY"": 379, ""API_CREDITS"": 212, ""DATASET"": 105}","{""COMPUTE"": 1.9006772009029345, ""MEMORY"": 1.9023746701846966, ""API_CREDITS"": 1.900943396226415, ""DATASET"": 1.9047619047619047}",4,[],"{""COMPUTE"": 0.013544018058690745, ""MEMORY"": 0.0158311345646438, ""API_CREDITS"": 0.02830188679245283, ""DATASET"": 0.05714285714285714}",exact_pending_queue,0,
workload,dirichlet_0.1__moderate,dirichlet_0.1,dirichlet,0.1,unit,moderate,1.3,2098221685,ffafac20458a2009,5153ba5e184b5b79,"[[7.235298776890418e-08, 0.7071127029861072, 0.04673745440920127, 0.24614977025170376], [0.47443427531887433, 0.40895361221393717, 0.11661211246703643, 1.5205385165264925e-13], [0.99535588844094, 1.452682479522763e-05, 0.00462958473426385, 8.10573732007584e-16], [0.248857694782329, 0.0007526818168449895, 0.03185916825721293, 0.7185304551436131], [0.16562541088220786, 0.6854627561839588, 0.14622825344577015, 0.0026835794880629704], [0.15885119110551058, 0.0005312168343639917, 0.23003703708062403, 0.6105805549795014]]","[{""research"": 0, ""code_review"": 5, ""doc_processing"": 0, ""monitoring"": 3}, {""research"": 4, ""code_review"": 2, ""doc_processing"": 2, ""monitoring"": 0}, {""research"": 8, ""code_review"": 0, ""doc_processing"": 0, ""monitoring"": 0}, {""research"": 1, ""code_review"": 0, ""doc_processing"": 2, ""monitoring"": 5}, {""research"": 1, ""code_review"": 6, ""doc_processing"": 1, ""monitoring"": 0}, {""research"": 1, ""code_review"": 0, ""doc_processing"": 3, ""monitoring"": 4}]","[2, 3, 1, 3, 3, 3]",0.0,2.5,0.5183455108590885,0.6583333333333333,0.060419784349309724,0.039260391221301434,"{""COMPUTE"": 912, ""MEMORY"": 775, ""API_CREDITS"": 425, ""DATASET"": 216}","{""COMPUTE"": 702, ""MEMORY"": 596, ""API_CREDITS"": 327, ""DATASET"": 166}","{""COMPUTE"": 1.2991452991452992, ""MEMORY"": 1.3003355704697988, ""API_CREDITS"": 1.2996941896024465, ""DATASET"": 1.3012048192771084}",4,[],"{""COMPUTE"": 0.008547008547008548, ""MEMORY"": 0.010067114093959731, ""API_CREDITS"": 0.01834862385321101, ""DATASET"": 0.03614457831325301}",exact_pending_queue,0,
workload,dirichlet_0.1__moderate,dirichlet_0.1,dirichlet,0.1,unit,moderate,1.3,1138347673,f217c3796ab09d29,a1237338598eb423,"[[0.9073777032632475, 0.0023431253777462537, 4.4694909748840836e-12, 0.09027917135453684], [0.9770701769139916, 0.002976799028958179, 9.468260785152122e-12, 0.019953024047581973], [0.9974637422553048, 1.2762035573668354e-05, 2.393365081261994e-07, 0.002523256372613412], [0.9999992617588521, 1.9427035028879036e-11, 6.792865576911746e-07, 5.893516314667139e-08], [0.008691279325890765, 3.4533891099922594e-12, 0.4126188991342465, 0.5786898215364092], [0.48668442612087665, 0.0317289147608559, 0.4815866591182668, 5.646859177778962e-16]]","[{""research"": 8, ""code_review"": 0, ""doc_processing"": 0, ""monitoring"": 0}, {""research"": 8, ""code_review"": 0, ""doc_processing"": 0, ""monitoring"": 0}, {""research"": 8, ""code_review"": 0, ""doc_processing"": 0, ""monitoring"": 0}, {""research"": 8, ""code_review"": 0, ""doc_processing"": 0, ""monitoring"": 0}, {""research"": 0, ""code_review"": 0, ""doc_processing"": 2, ""monitoring"": 6}, {""research"": 3, ""code_review"": 0, ""doc_processing"": 5, ""monitoring"": 0}]","[1, 1, 1, 1, 2, 2]",0.0,1.3333333333333333,0.14714267728200817,0.48333333333333334,0.051406926406926415,0.034662097162097165,"{""COMPUTE"": 1392, ""MEMORY"": 1181, ""API_CREDITS"": 671, ""DATASET"": 328}","{""COMPUTE"": 1071, ""MEMORY"": 908, ""API_CREDITS"": 516, ""DATASET"": 252}","{""COMPUTE"": 1.2997198879551821, ""MEMORY"": 1.300660792951542, ""API_CREDITS"": 1.300387596899225, ""DATASET"": 1.3015873015873016}",4,[],"{""COMPUTE"": 0.0056022408963585435, ""MEMORY"": 0.006607929515418502, ""API_CREDITS"": 0.011627906976744186, ""DATASET"": 0.023809523809523808}",exact_pending_queue,0,
workload,dirichlet_0.1__moderate,dirichlet_0.1,dirichlet,0.1,unit,moderate,1.3,2342860720,0032c5bf8b917870,57be959771a415d3,"[[5.3951746180056266e-08, 1.8680731866237265e-17, 0.0003867899675632565, 0.9996131560806906], [0.9998851606691698, 9.743259724206564e-05, 1.7406730945257967e-05, 2.642973116691793e-12], [0.9998166936362128, 5.205782932819307e-07, 0.0001827857854940283, 1.6945190474496298e-34], [4.812241640538261e-06, 7.347235276081859e-07, 0.9976141898254366, 0.0023802632093952872], [0.9994390172626196, 0.0005114655629469637, 4.951461909851455e-05, 2.55533501034857e-09], [0.9998004254411077, 1.458964184596883e-09, 0.00011877896441019413, 8.079413551802646e-05]]","[{""research"": 0, ""code_review"": 0, ""doc_processing"": 0, ""monitoring"": 8}, {""research"": 8, ""code_review"": 0, ""doc_processing"": 0, ""monitoring"": 0}, {""research"": 8, ""code_review"": 0, ""doc_processing"": 0, ""monitoring"": 0}, {""research"": 0, ""code_review"": 0, ""doc_processing"": 8, ""monitoring"": 0}, {""research"": 8, ""code_review"": 0, ""doc_processing"": 0, ""monitoring"": 0}, {""research"": 8, ""code_review"": 0, ""doc_processing"": 0, ""monitoring"": 0}]","[1, 1, 1, 1, 1, 1]",0.0,1.0,0.0,0.6,0.10784770784770782,0.06973581973581974,"{""COMPUTE"": 1328, ""MEMORY"": 1128, ""API_CREDITS"": 632, ""DATASET"": 320}","{""COMPUTE"": 1022, ""MEMORY"": 868, ""API_CREDITS"": 486, ""DATASET"": 246}","{""COMPUTE"": 1.299412915851272, ""MEMORY"": 1.2995391705069124, ""API_CREDITS"": 1.300411522633745, ""DATASET"": 1.3008130081300813}",4,[],"{""COMPUTE"": 0.005870841487279843, ""MEMORY"": 0.0069124423963133645, ""API_CREDITS"": 0.012345679012345678, ""DATASET"": 0.02032520325203252}",exact_pending_queue,0,
workload,dirichlet_0.1__moderate,dirichlet_0.1,dirichlet,0.1,unit,moderate,1.3,1473714878,31822142564765d0,454a479d379a5261,"[[2.7124434647411527e-14, 0.04165423055796735, 1.5060915622925717e-06, 0.9583442633504433], [0.004489432264892749, 0.9954765853922792, 2.380475094022696e-13, 3.398234258977641e-05], [1.3235680872084643e-14, 0.07492446338177619, 6.72030896044172e-05, 0.9250083335286061], [0.27330869226898963, 0.04474880599917302, 1.5945637770438457e-14, 0.6819425017318214], [0.38186157814206106, 0.03179730399402535, 0.586323188208758, 1.792965515549396e-05], [0.6085910252966685, 0.08788898928936578, 0.3000658071104384, 0.003454178303527286]]","[{""research"": 0, ""code_review"": 0, ""doc_processing"": 0, ""monitoring"": 8}, {""research"": 0, ""code_review"": 8, ""doc_processing"": 0, ""monitoring"": 0}, {""research"": 0, ""code_review"": 2, ""doc_processing"": 0, ""monitoring"": 6}, {""research"": 3, ""code_review"": 0, ""doc_processing"": 0, ""monitoring"": 5}, {""research"": 4, ""code_review"": 1, ""doc_processing"": 3, ""monitoring"": 0}, {""research"": 7, ""code_review"": 0, ""doc_processing"": 1, ""monitoring"": 0}]","[1, 1, 2, 2, 3, 2]",0.0,1.8333333333333333,0.3095763027344384,0.7416666666666667,0.1500845705443913,0.09854824605017524,"{""COMPUTE"": 826, ""MEMORY"": 729, ""API_CREDITS"": 363, ""DATASET"": 264}","{""COMPUTE"": 635, ""MEMORY"": 561, ""API_CREDITS"": 279, ""DATASET"": 203}","{""COMPUTE"": 1.300787401574803, ""MEMORY"": 1.2994652406417113, ""API_CREDITS"": 1.3010752688172043, ""DATASET"": 1.3004926108374384}",4,[],"{""COMPUTE"": 0.009448818897637795, ""MEMORY"": 0.0106951871657754, ""API_CREDITS"": 0.021505376344086023, ""DATASET"": 0.024630541871921183}",exact_pending_queue,0,
workload,dirichlet_0.1__moderate,dirichlet_0.1,dirichlet,0.1,unit,moderate,1.3,2114544130,14b4823a8cb8d0a1,bdda4fa734ddc01e,"[[0.7560766150401168, 2.6530592609542187e-06, 0.2438780150297549, 4.271687086748519e-05], [1.3303743568566384e-11, 0.018242363255593145, 0.9817576367311031, 1.941500266257809e-17], [0.5941407333942059, 0.0007531178313272386, 0.4051058917425575, 2.5703190946132465e-07], [0.9756975025169302, 0.023670818237947422, 0.0003553233804806157, 0.0002763558646417361], [0.7384363849602054, 0.09962686923637655, 0.13356323425001812, 0.0283735115534], [0.013747698837113305, 0.7895844851280179, 0.14988586480811944, 0.04678195122674933]]","[{""research"": 7, ""code_review"": 0, ""doc_processing"": 1, ""monitoring"": 0}, {""research"": 0, ""code_review"": 0, ""doc_processing"": 8, ""monitoring"": 0}, {""research"": 3, ""code_review"": 0, ""doc_processing"": 5, ""monitoring"": 0}, {""research"": 8, ""code_review"": 0, ""doc_processing"": 0, ""monitoring"": 0}, {""research"": 6, ""code_review"": 1, ""doc_processing"": 1, ""monitoring"": 0}, {""research"": 0, ""code_review"": 8, ""doc_processing"": 0, ""monitoring"": 0}]","[2, 1, 2, 1, 3, 1]",0.0,1.6666666666666667,0.2132730475486412,0.675,0.05237155838360657,0.035728865437700784,"{""COMPUTE"": 1236, ""MEMORY"": 1008, ""API_CREDITS"": 612, ""DATASET"": 192}","{""COMPUTE"": 951, ""MEMORY"": 775, ""API_CREDITS"": 471, ""DATASET"": 148}","{""COMPUTE"": 1.2996845425867507, ""MEMORY"": 1.3006451612903225, ""API_CREDITS"": 1.2993630573248407, ""DATASET"": 1.2972972972972974}",4,[],"{""COMPUTE"": 0.006309148264984227, ""MEMORY"": 0.007741935483870968, ""API_CREDITS"": 0.012738853503184714, ""DATASET"": 0.02702702702702703}",exact_pending_queue,0,
workload,dirichlet_0.1__moderate,dirichlet_0.1,dirichlet,0.1,unit,moderate,1.3,147595965,acfef6629e9487cb,09f41b134ce1bb54,"[[1.8498344841118e-16, 0.0002482508491994679, 0.999751530308691, 2.188421092936914e-07], [0.12055847868070926, 0.8770511449200564, 0.0013498357123501057, 0.001040540686884199], [0.37309339543909753, 0.03366989700622948, 0.5932367075532904, 1.3826051401479963e-12], [2.527421033165005e-07, 0.9999991428700181, 6.5848083514798875e-24, 6.043878784296567e-07], [0.004430023673296438, 4.046065736838471e-17, 0.99307375235741, 0.0024962239692934763], [0.9162651833087179, 6.999644957583177e-05, 0.0767133851707245, 0.006951435070981761]]","[{""research"": 0, ""code_review"": 0, ""doc_processing"": 8, ""monitoring"": 0}, {""research"": 2, ""code_review"": 6, ""doc_processing"": 0, ""monitoring"": 0}, {""research"": 3, ""code_review"": 0, ""doc_processing"": 5, ""monitoring"": 0}, {""research"": 0, ""code_review"": 8, ""doc_processing"": 0, ""monitoring"": 0}, {""research"": 0, ""code_review"": 0, ""doc_processing"": 8, ""monitoring"": 0}, {""research"": 5, ""code_review"": 0, ""doc_processing"": 3, ""monitoring"": 0}]","[1, 2, 2, 1, 1, 2]",0.0,1.5,0.2266788441924219,0.6666666666666666,0.04471216568819306,0.03194395369766373,"{""COMPUTE"": 1008, ""MEMORY"": 786, ""API_CREDITS"": 494, ""DATASET"": 80}","{""COMPUTE"": 775, ""MEMORY"": 605, ""API_CREDITS"": 380, ""DATASET"": 62}","{""COMPUTE"": 1.3006451612903225, ""MEMORY"": 1.2991735537190083, ""API_CREDITS"": 1.3, ""DATASET"": 1.2903225806451613}",4,[],"{""COMPUTE"": 0.007741935483870968, ""MEMORY"": 0.009917355371900827, ""API_CREDITS"": 0.015789473684210527, ""DATASET"": 0.04838709677419355}",exact_pending_queue,0,
workload,dirichlet_0.1__moderate,dirichlet_0.1,dirichlet,0.1,unit,moderate,1.3,393081195,a0460ede0100c06a,0ee122ba64ade658,"[[0.04574454357161995, 0.09140196925844579, 0.0247583179589598, 0.8380951692109745], [0.041029657511674866, 0.020430398283218715, 1.0398498956993217e-07, 0.9385398402201167], [0.3106886160679214, 5.393573354385971e-09, 0.5907185209973078, 0.09859285754119733], [0.037125350703101134, 0.06604206013542561, 0.8968318620972526, 7.270642206316851e-07], [0.026301213275948483, 0.6219192778613816, 5.6241093247055125e-22, 0.3517795088626699], [4.6666439104106384e-05, 8.362256994890103e-09, 0.9960956497291421, 0.003857675469496821]]","[{""research"": 0, ""code_review"": 2, ""doc_processing"": 0, ""monitoring"": 6}, {""research"": 0, ""code_review"": 0, ""doc_processing"": 0, ""monitoring"": 8}, {""research"": 5, ""code_review"": 0, ""doc_processing"": 3, ""monitoring"": 0}, {""research"": 0, ""code_review"": 0, ""doc_processing"": 8, ""monitoring"": 0}, {""research"": 0, ""code_review"": 3, ""doc_processing"": 0, ""monitoring"": 5}, {""research"": 0, ""code_review"": 0, ""doc_processing"": 8, ""monitoring"": 0}]","[2, 1, 2, 1, 2, 1]",0.0,1.5,0.2266788441924219,0.7333333333333333,0.1656131560283035,0.1177070362308034,"{""COMPUTE"": 790, ""MEMORY"": 660, ""API_CREDITS"": 324, ""DATASET"": 192}","{""COMPUTE"": 608, ""MEMORY"": 508, ""API_CREDITS"": 249, ""DATASET"": 148}","{""COMPUTE"": 1.299342105263158, ""MEMORY"": 1.2992125984251968, ""API_CREDITS"": 1.3012048192771084, ""DATASET"": 1.2972972972972974}",4,[],"{""COMPUTE"": 0.009868421052631578, ""MEMORY"": 0.011811023622047244, ""API_CREDITS"": 0.024096385542168676, ""DATASET"": 0.02702702702702703}",exact_pending_queue,0,
workload,dirichlet_0.1__moderate,dirichlet_0.1,dirichlet,0.1,unit,moderate,1.3,1217898226,04563512906cf356,ae44eb4c373f7e68,"[[0.0016485722166518996, 9.828651891315188e-07, 0.9983489303175622, 1.514600596769357e-06], [0.01886378021907989, 0.08304641441237143, 2.576659821494146e-06, 0.8980872287087271], [0.15226167602522303, 0.8359767951591198, 0.01038924563046888, 0.001372283185188272], [0.13874766335173536, 0.5001938582346368, 0.024595560235252303, 0.33646291817837537], [9.411697861719526e-06, 2.4444988034178753e-05, 0.9523096122114472, 0.047656531102656906], [1.897231891435133e-12, 0.18342427278660603, 0.7923380203937987, 0.02423770681769806]]","[{""research"": 0, ""code_review"": 0, ""doc_processing"": 8, ""monitoring"": 0}, {""research"": 0, ""code_review"": 0, ""doc_processing"": 0, ""monitoring"": 8}, {""research"": 2, ""code_review"": 6, ""doc_processing"": 0, ""monitoring"": 0}, {""research"": 3, ""code_review"": 5, ""doc_processing"": 0, ""monitoring"": 0}, {""research"": 0, ""code_review"": 0, ""doc_processing"": 8, ""monitoring"": 0}, {""research"": 0, ""code_review"": 2, ""doc_processing"": 6, ""monitoring"": 0}]","[1, 1, 2, 2, 1, 2]",0.0,1.5,0.21474918765360254,0.7416666666666667,0.12581082112332112,0.08776804792429792,"{""COMPUTE"": 848, ""MEMORY"": 673, ""API_CREDITS"": 391, ""DATASET"": 104}","{""COMPUTE"": 652, ""MEMORY"": 518, ""API_CREDITS"": 301, ""DATASET"": 80}","{""COMPUTE"": 1.3006134969325154, ""MEMORY"": 1.2992277992277992, ""API_CREDITS"": 1.2990033222591362, ""DATASET"": 1.3}",4,[],"{""COMPUTE"": 0.009202453987730062, ""MEMORY"": 0.011583011583011582, ""API_CREDITS"": 0.019933554817275746, ""DATASET"": 0.0375}",exact_pending_queue,0,
workload,dirichlet_0.1__moderate,dirichlet_0.1,dirichlet,0.1,unit,moderate,1.3,1595745102,5dd93dc8586fbe7d,210ad5aece93690b,"[[0.013650050564789741, 0.9862201501321568, 0.00012979930298225365, 7.132440566135526e-14], [0.9905314934748206, 6.854284802192041e-05, 0.009263715768170947, 0.0001362479089864231], [0.006600183345202149, 0.004495963686086186, 0.5741944286466555, 0.41470942432205615], [0.39579960487983173, 0.4357094978953841, 0.1643019873046505, 0.004188909920133808], [0.9884505483274514, 0.00030788115963364027, 0.00048410853414168766, 0.010757461978773095], [4.991234638117975e-16, 0.4996314752422612, 0.5002854622691812, 8.30624885569885e-05]]","[{""research"": 0, ""code_review"": 8, ""doc_processing"": 0, ""monitoring"": 0}, {""research"": 8, ""code_review"": 0, ""doc_processing"": 0, ""monitoring"": 0}, {""research"": 0, ""code_review"": 0, ""doc_processing"": 4, ""monitoring"": 4}, {""research"": 4, ""code_review"": 2, ""doc_processing"": 2, ""monitoring"": 0}, {""research"": 7, ""code_review"": 0, ""doc_processing"": 0, ""monitoring"": 1}, {""research"": 0, ""code_review"": 3, ""doc_processing"": 5, ""monitoring"": 0}]","[1, 1, 2, 3, 2, 2]",0.0,1.8333333333333333,0.33316653717704675,0.7416666666666667,0.06495239069854687,0.04156584688692016,"{""COMPUTE"": 1058, ""MEMORY"": 876, ""API_CREDITS"": 516, ""DATASET"": 192}","{""COMPUTE"": 814, ""MEMORY"": 674, ""API_CREDITS"": 397, ""DATASET"": 148}","{""COMPUTE"": 1.2997542997542997, ""MEMORY"": 1.2997032640949555, ""API_CREDITS"": 1.2997481108312343, ""DATASET"": 1.2972972972972974}",4,[],"{""COMPUTE"": 0.007371007371007371, ""MEMORY"": 0.008902077151335312, ""API_CREDITS"": 0.015113350125944584, ""DATASET"": 0.02702702702702703}",exact_pending_queue,0,
workload,dirichlet_0.1__moderate,dirichlet_0.1,dirichlet,0.1,unit,moderate,1.3,2413048586,b5e4d02f2330b234,9851707ebd553995,"[[0.5806058222885824, 0.0010873320042156963, 0.387967279575181, 0.030339566132020886], [5.431208038186914e-13, 7.420292586816988e-11, 0.9999996044600822, 3.954651717620599e-07], [0.00028508775616309015, 7.768805915027828e-09, 1.9460331068721043e-09, 0.999714902528998], [0.8817850552788701, 0.0011028995974682984, 0.08372529943569217, 0.033386745687969475], [0.9683815362872789, 0.03161459544575699, 1.4408082798622888e-07, 3.724186136333661e-06], [0.703959966397614, 8.162214516939085e-12, 0.0026209877292971574, 0.2934190458649266]]","[{""research"": 5, ""code_review"": 0, ""doc_processing"": 3, ""monitoring"": 0}, {""research"": 0, ""code_review"": 0, ""doc_processing"": 8, ""monitoring"": 0}, {""research"": 0, ""code_review"": 0, ""doc_processing"": 0, ""monitoring"": 8}, {""research"": 8, ""code_review"": 0, ""doc_processing"": 0, ""monitoring"": 0}, {""research"": 8, ""code_review"": 0, ""doc_processing"": 0, ""monitoring"": 0}, {""research"": 8, ""code_review"": 0, ""doc_processing"": 0, ""monitoring"": 0}]","[2, 1, 1, 1, 1, 1]",0.0,1.1666666666666667,0.07953616691041375,0.65,0.11226862939191706,0.07182367670381369,"{""COMPUTE"": 1292, ""MEMORY"": 1089, ""API_CREDITS"": 611, ""DATASET"": 296}","{""COMPUTE"": 994, ""MEMORY"": 838, ""API_CREDITS"": 470, ""DATASET"": 228}","{""COMPUTE"": 1.2997987927565393, ""MEMORY"": 1.2995226730310263, ""API_CREDITS"": 1.3, ""DATASET"": 1.2982456140350878}",4,[],"{""COMPUTE"": 0.006036217303822937, ""MEMORY"": 0.007159904534606206, ""API_CREDITS"": 0.01276595744680851, ""DATASET"": 0.021929824561403508}",exact_pending_queue,0,
workload,dirichlet_0.1__moderate,dirichlet_0.1,dirichlet,0.1,unit,moderate,1.3,453209340,1833075d81c27bdd,58db810bc9097922,"[[2.645110895481629e-06, 6.8618422263379015e-12, 0.15214538111300402, 0.8478519737692387], [0.43582591489236333, 0.0003370497244105726, 0.5638368747925369, 1.605906890724094e-07], [0.1773160643890873, 0.08308757123534286, 0.7395963287136952, 3.566187467527164e-08], [0.008686044507707718, 0.9913139537810469, 1.6466859772456103e-09, 6.45594241915137e-11], [2.452005764378753e-12, 0.9943586654243128, 4.409227774772247e-17, 0.005641334573235138], [0.5921292955736572, 0.0004694467725971787, 4.486176053909615e-05, 0.40735639589320666]]","[{""research"": 0, ""code_review"": 0, ""doc_processing"": 2, ""monitoring"": 6}, {""research"": 2, ""code_review"": 0, ""doc_processing"": 6, ""monitoring"": 0}, {""research"": 1, ""code_review"": 0, ""doc_processing"": 7, ""monitoring"": 0}, {""research"": 0, ""code_review"": 8, ""doc_processing"": 0, ""monitoring"": 0}, {""research"": 0, ""code_review"": 8, ""doc_processing"": 0, ""monitoring"": 0}, {""research"": 5, ""code_review"": 0, ""doc_processing"": 0, ""monitoring"": 3}]","[2, 2, 2, 1, 1, 2]",0.0,1.6666666666666667,0.26004622458690224,0.7916666666666666,0.0976126116822278,0.06591833840532606,"{""COMPUTE"": 834, ""MEMORY"": 681, ""API_CREDITS"": 391, ""DATASET"": 136}","{""COMPUTE"": 642, ""MEMORY"": 524, ""API_CREDITS"": 301, ""DATASET"": 105}","{""COMPUTE"": 1.2990654205607477, ""MEMORY"": 1.299618320610687, ""API_CREDITS"": 1.2990033222591362, ""DATASET"": 1.2952380952380953}",4,[],"{""COMPUTE"": 0.009345794392523364, ""MEMORY"": 0.011450381679389313, ""API_CREDITS"": 0.019933554817275746, ""DATASET"": 0.0380952380952381}",exact_pending_queue,0,
workload,dirichlet_0.1__moderate,dirichlet_0.1,dirichlet,0.1,unit,moderate,1.3,2920410359,7b4d5047af5c782f,65a935c430f38159,"[[2.0306713279696207e-05, 0.04284975923344723, 1.4059413210605546e-07, 0.9571297934591411], [0.011565752358541377, 1.2055501865508486e-08, 0.98419794629667, 0.004236289289286737], [1.7640108474527016e-05, 0.014811774280614755, 3.767397827144296e-06, 0.9851668182130837], [0.25668194371515785, 0.2974869298466707, 5.458268559961428e-13, 0.44583112643762557], [0.07618219389250926, 5.364454433939018e-05, 0.31400209103762416, 0.609762070525527], [0.8582075126777908, 0.1370756963889723, 0.004711956677513616, 4.834255723318552e-06]]","[{""research"": 0, ""code_review"": 0, ""doc_processing"": 0, ""monitoring"": 8}, {""research"": 0, ""code_review"": 0, ""doc_processing"": 8, ""monitoring"": 0}, {""research"": 0, ""code_review"": 1, ""doc_processing"": 0, ""monitoring"": 7}, {""research"": 2, ""code_review"": 1, ""doc_processing"": 0, ""monitoring"": 5}, {""research"": 0, ""code_review"": 0, ""doc_processing"": 3, ""monitoring"": 5}, {""research"": 8, ""code_review"": 0, ""doc_processing"": 0, ""monitoring"": 0}]","[1, 1, 2, 3, 2, 1]",0.0,1.6666666666666667,0.23306611556833,0.6833333333333333,0.14848923759489982,0.09148351795843114,"{""COMPUTE"": 802, ""MEMORY"": 707, ""API_CREDITS"": 317, ""DATASET"": 280}","{""COMPUTE"": 617, ""MEMORY"": 544, ""API_CREDITS"": 244, ""DATASET"": 215}","{""COMPUTE"": 1.299837925445705, ""MEMORY"": 1.2996323529411764, ""API_CREDITS"": 1.2991803278688525, ""DATASET"": 1.302325581395349}",4,[],"{""COMPUTE"": 0.009724473257698542, ""MEMORY"": 0.011029411764705883, ""API_CREDITS"": 0.02459016393442623, ""DATASET"": 0.023255813953488372}",exact_pending_queue,0,
workload,dirichlet_0.1__moderate,dirichlet_0.1,dirichlet,0.1,unit,moderate,1.3,4282649469,aedcf0dedf0807de,5c3ee81b0f8203f8,"[[0.9542388493954471, 3.3962384236742525e-05, 0.00022193304062584644, 0.04550525517969031], [0.0006882334339689623, 0.0001797421620971182, 0.465496129777599, 0.5336358946263349], [0.35818043154598517, 0.6410476217481849, 8.780392436818813e-11, 0.0007719466180260612], [0.061180733942981826, 0.9352768436363601, 4.4982798930086267e-07, 0.0035419725926686954], [0.00010105810925244808, 0.00027196381448567076, 0.0005561001118473344, 0.9990708779644146], [0.40984102572627684, 0.0021636353870350686, 0.5874068354005243, 0.0005885034861637376]]","[{""research"": 7, ""code_review"": 0, ""doc_processing"": 0, ""monitoring"": 1}, {""research"": 0, ""code_review"": 0, ""doc_processing"": 3, ""monitoring"": 5}, {""research"": 4, ""code_review"": 4, ""doc_processing"": 0, ""monitoring"": 0}, {""research"": 1, ""code_review"": 7, ""doc_processing"": 0, ""monitoring"": 0}, {""research"": 0, ""code_review"": 0, ""doc_processing"": 0, ""monitoring"": 8}, {""research"": 2, ""code_review"": 0, ""doc_processing"": 6, ""monitoring"": 0}]","[2, 2, 2, 2, 1, 2]",0.0,1.8333333333333333,0.3210700844819409,0.7916666666666666,0.12508199408550508,0.08029644737516144,"{""COMPUTE"": 896, ""MEMORY"": 764, ""API_CREDITS"": 408, ""DATASET"": 224}","{""COMPUTE"": 689, ""MEMORY"": 588, ""API_CREDITS"": 314, ""DATASET"": 172}","{""COMPUTE"": 1.3004354136429608, ""MEMORY"": 1.2993197278911566, ""API_CREDITS"": 1.2993630573248407, ""DATASET"": 1.302325581395349}",4,[],"{""COMPUTE"": 0.008708272859216255, ""MEMORY"": 0.01020408163265306, ""API_CREDITS"": 0.01910828025477707, ""DATASET"": 0.03488372093023256}",exact_pending_queue,0,
workload,dirichlet_0.1__moderate,dirichlet_0.1,dirichlet,0.1,unit,moderate,1.3,2089981338,6fb3f1f8baf768cf,93be67e8afed37c7,"[[0.1746675839001882, 7.536649377306029e-10, 0.11061827272296523, 0.7147141426231814], [0.625499329457585, 9.901589459213841e-11, 0.37081544821672136, 0.0036852222266777254], [5.005643988711833e-10, 0.9227254090933381, 0.0037862707430681105, 0.07348831966302943], [3.0951504683376e-05, 5.948000355510529e-05, 0.37390906331140805, 0.6260005051803537], [4.486282037833476e-05, 1.3328422460328657e-25, 0.0841330539847196, 0.9158220831949022], [3.046812201913288e-07, 0.9999933825784065, 5.104870369121613e-07, 5.802253336440899e-06]]","[{""research"": 1, ""code_review"": 0, ""doc_processing"": 0, ""monitoring"": 7}, {""research"": 6, ""code_review"": 0, ""doc_processing"": 2, ""monitoring"": 0}, {""research"": 0, ""code_review"": 7, ""doc_processing"": 1, ""monitoring"": 0}, {""research"": 0, ""code_review"": 0, ""doc_processing"": 3, ""monitoring"": 5}, {""research"": 0, ""code_review"": 0, ""doc_processing"": 1, ""monitoring"": 7}, {""research"": 0, ""code_review"": 8, ""doc_processing"": 0, ""monitoring"": 0}]","[2, 2, 2, 2, 2, 1]",0.0,1.8333333333333333,0.28303378808190727,0.7333333333333333,0.1400844046855895,0.09667558819767996,"{""COMPUTE"": 694, ""MEMORY"": 606, ""API_CREDITS"": 298, ""DATASET"": 208}","{""COMPUTE"": 534, ""MEMORY"": 466, ""API_CREDITS"": 229, ""DATASET"": 160}","{""COMPUTE"": 1.299625468164794, ""MEMORY"": 1.3004291845493563, ""API_CREDITS"": 1.3013100436681222, ""DATASET"": 1.3}",4,[],"{""COMPUTE"": 0.011235955056179775, ""MEMORY"": 0.012875536480686695, ""API_CREDITS"": 0.026200873362445413, ""DATASET"": 0.025}",exact_pending_queue,0,
workload,dirichlet_0.1__moderate,dirichlet_0.1,dirichlet,0.1,unit,moderate,1.3,1751949247,35457ed9cbd9231f,c52575c41a3c2885,"[[0.1442596601198595, 0.855504412384574, 0.00023591810326602925, 9.392300440387848e-09], [0.02084089497211442, 0.10740234622762597, 6.927897623867742e-05, 0.8716874798240208], [0.6979966362497128, 3.701849595156329e-07, 0.17800185163014437, 0.12400114193518343], [0.14722723363158102, 0.11389753609952688, 1.4492393362140512e-08, 0.7388752157764988], [1.6468508801832387e-13, 0.2558096924390341, 2.7162856304385138e-17, 0.7441903075608012], [0.9885785122535197, 0.007170224391388375, 7.868530374027455e-12, 0.004251263347223394]]","[{""research"": 0, ""code_review"": 8, ""doc_processing"": 0, ""monitoring"": 0}, {""research"": 0, ""code_review"": 0, ""doc_processing"": 0, ""monitoring"": 8}, {""research"": 4, ""code_review"": 0, ""doc_processing"": 3, ""monitoring"": 1}, {""research"": 1, ""code_review"": 1, ""doc_processing"": 0, ""monitoring"": 6}, {""research"": 0, ""code_review"": 2, ""doc_processing"": 0, ""monitoring"": 6}, {""research"": 7, ""code_review"": 0, ""doc_processing"": 0, ""monitoring"": 1}]","[1, 1, 3, 3, 2, 2]",0.0,2.0,0.3184799795289524,0.7083333333333334,0.14923678262681245,0.10158318944680637,"{""COMPUTE"": 760, ""MEMORY"": 682, ""API_CREDITS"": 322, ""DATASET"": 272}","{""COMPUTE"": 585, ""MEMORY"": 525, ""API_CREDITS"": 248, ""DATASET"": 209}","{""COMPUTE"": 1.2991452991452992, ""MEMORY"": 1.299047619047619, ""API_CREDITS"": 1.2983870967741935, ""DATASET"": 1.3014354066985645}",4,[],"{""COMPUTE"": 0.010256410256410256, ""MEMORY"": 0.011428571428571429, ""API_CREDITS"": 0.024193548387096774, ""DATASET"": 0.023923444976076555}",exact_pending_queue,0,
workload,dirichlet_0.1__moderate,dirichlet_0.1,dirichlet,0.1,unit,moderate,1.3,4210982914,128f25cc16e200c6,6e5e002d872a9de5,"[[0.21762338392864886, 0.5368123153630149, 2.8058386846479318e-14, 0.24556430070830818], [3.2733768825287803e-07, 0.9752178579089437, 0.023411459285773723, 0.001370355467594536], [0.003108054588948397, 7.338570697350486e-07, 1.940036860225049e-08, 0.9968911921536134], [0.9706504728282509, 0.0005526903524157852, 0.00012078112485467339, 0.028676055694478633], [0.9999578525765295, 2.9187743766103475e-05, 4.4358248202991015e-06, 8.523854884268245e-06], [0.28457299240369227, 0.7152597986116512, 2.887608895006236e-11, 0.00016720895578053172]]","[{""research"": 0, ""code_review"": 7, ""doc_processing"": 0, ""monitoring"": 1}, {""research"": 0, ""code_review"": 8, ""doc_processing"": 0, ""monitoring"": 0}, {""research"": 0, ""code_review"": 0, ""doc_processing"": 0, ""monitoring"": 8}, {""research"": 8, ""code_review"": 0, ""doc_processing"": 0, ""monitoring"": 0}, {""research"": 8, ""code_review"": 0, ""doc_processing"": 0, ""monitoring"": 0}, {""research"": 1, ""code_review"": 7, ""doc_processing"": 0, ""monitoring"": 0}]","[2, 1, 1, 1, 1, 2]",0.0,1.3333333333333333,0.0905940738665994,0.7333333333333333,0.12287409933994985,0.07543014621582597,"{""COMPUTE"": 870, ""MEMORY"": 750, ""API_CREDITS"": 430, ""DATASET"": 208}","{""COMPUTE"": 669, ""MEMORY"": 577, ""API_CREDITS"": 331, ""DATASET"": 160}","{""COMPUTE"": 1.3004484304932735, ""MEMORY"": 1.2998266897746966, ""API_CREDITS"": 1.299093655589124, ""DATASET"": 1.3}",4,[],"{""COMPUTE"": 0.008968609865470852, ""MEMORY"": 0.010398613518197574, ""API_CREDITS"": 0.01812688821752266, ""DATASET"": 0.03125}",exact_pending_queue,0,
workload,dirichlet_0.1__moderate,dirichlet_0.1,dirichlet,0.1,unit,moderate,1.3,3922112564,fa299358b36214a7,657f38ffac43c2f0,"[[0.9994904496453282, 1.6339815393202168e-22, 3.9372129504603073e-07, 0.0005091566333766934], [0.030480880850819615, 0.6068776444773958, 0.34684726919038106, 0.01579420548140338], [0.9544937004740774, 2.5435333874581027e-07, 0.007199820705992087, 0.03830622446659172], [0.6773728811789136, 0.00889368108219996, 0.3021214293546294, 0.01161200838425709], [0.5626646612527022, 0.00025816006438721405, 1.5718839494022328e-17, 0.4370771786829105], [0.02646601761434392, 0.6065678448603185, 0.11793814325840231, 0.24902799426693545]]","[{""research"": 8, ""code_review"": 0, ""doc_processing"": 0, ""monitoring"": 0}, {""research"": 0, ""code_review"": 5, ""doc_processing"": 2, ""monitoring"": 1}, {""research"": 8, ""code_review"": 0, ""doc_processing"": 0, ""monitoring"": 0}, {""research"": 6, ""code_review"": 0, ""doc_processing"": 2, ""monitoring"": 0}, {""research"": 5, ""code_review"": 0, ""doc_processing"": 0, ""monitoring"": 3}, {""research"": 0, ""code_review"": 5, ""doc_processing"": 2, ""monitoring"": 1}]","[1, 3, 1, 2, 2, 3]",0.0,2.0,0.3636085007312413,0.5916666666666667,0.04312873176509539,0.02782886021522385,"{""COMPUTE"": 1190, ""MEMORY"": 1004, ""API_CREDITS"": 584, ""DATASET"": 256}","{""COMPUTE"": 915, ""MEMORY"": 772, ""API_CREDITS"": 449, ""DATASET"": 197}","{""COMPUTE"": 1.3005464480874316, ""MEMORY"": 1.3005181347150259, ""API_CREDITS"": 1.3006681514476615, ""DATASET"": 1.299492385786802}",4,[],"{""COMPUTE"": 0.006557377049180328, ""MEMORY"": 0.007772020725388601, ""API_CREDITS"": 0.013363028953229399, ""DATASET"": 0.030456852791878174}",exact_pending_queue,0,
workload,dirichlet_0.1__moderate,dirichlet_0.1,dirichlet,0.1,unit,moderate,1.3,183163032,6b7658e8aa33a768,d2b841f5e7f3315b,"[[4.940469069004057e-05, 0.999923798679429, 2.7960186702037105e-10, 2.6796350278983284e-05], [3.346827397474145e-07, 1.2772921698098164e-08, 0.0763889459163436, 0.9236107066279949], [0.006374185901552828, 0.8049038877807403, 2.7577372263729507e-06, 0.18871916858048063], [0.0007551855605232257, 1.6576116620626446e-13, 1.1602785901734462e-07, 0.999244698411452], [1.7572224972669604e-05, 1.816957558804469e-11, 0.0023596582829959662, 0.9976227694738616], [0.0006651597920879265, 0.3334406906954065, 4.810027125041414e-07, 0.6658936685097931]]","[{""research"": 0, ""code_review"": 8, ""doc_processing"": 0, ""monitoring"": 0}, {""research"": 0, ""code_review"": 0, ""doc_processing"": 1, ""monitoring"": 7}, {""research"": 0, ""code_review"": 5, ""doc_processing"": 0, ""monitoring"": 3}, {""research"": 0, ""code_review"": 0, ""doc_processing"": 0, ""monitoring"": 8}, {""research"": 0, ""code_review"": 0, ""doc_processing"": 0, ""monitoring"": 8}, {""research"": 0, ""code_review"": 2, ""doc_processing"": 0, ""monitoring"": 6}]","[1, 2, 2, 1, 1, 2]",0.0,1.5,0.19243971421530784,0.49166666666666664,0.14664246239693812,0.09858017956909687,"{""COMPUTE"": 428, ""MEMORY"": 424, ""API_CREDITS"": 132, ""DATASET"": 256}","{""COMPUTE"": 329, ""MEMORY"": 326, ""API_CREDITS"": 102, ""DATASET"": 197}","{""COMPUTE"": 1.3009118541033435, ""MEMORY"": 1.3006134969325154, ""API_CREDITS"": 1.2941176470588236, ""DATASET"": 1.299492385786802}",4,[],"{""COMPUTE"": 0.0182370820668693, ""MEMORY"": 0.018404907975460124, ""API_CREDITS"": 0.058823529411764705, ""DATASET"": 0.025380710659898477}",exact_pending_queue,0,
workload,dirichlet_0.1__moderate,dirichlet_0.1,dirichlet,0.1,unit,moderate,1.3,4222305526,68dfd78be3134dd1,19fb417599db3e91,"[[5.6058834083932514e-05, 0.9987077684225233, 3.595102413892924e-08, 0.0012361367923683709], [0.9994660014895606, 0.0001421890689415869, 4.862782115102368e-05, 0.0003431816203466089], [0.5831800700685933, 0.00023233167221800116, 0.414510451058108, 0.0020771472010807446], [7.04198845303861e-07, 0.9904615670082596, 0.008789401116055393, 0.0007483276768396439], [9.219997335309809e-07, 0.0016873031564476003, 0.9756129453174813, 0.022698829526337606], [0.6507756161230769, 0.0028030875586255916, 1.4960933805464592e-05, 0.3464063353844921]]","[{""research"": 0, ""code_review"": 8, ""doc_processing"": 0, ""monitoring"": 0}, {""research"": 8, ""code_review"": 0, ""doc_processing"": 0, ""monitoring"": 0}, {""research"": 6, ""code_review"": 0, ""doc_processing"": 2, ""monitoring"": 0}, {""research"": 0, ""code_review"": 8, ""doc_processing"": 0, ""monitoring"": 0}, {""research"": 0, ""code_review"": 0, ""doc_processing"": 8, ""monitoring"": 0}, {""research"": 5, ""code_review"": 0, ""doc_processing"": 0, ""monitoring"": 3}]","[1, 1, 2, 1, 1, 2]",0.0,1.3333333333333333,0.14714267728200817,0.7833333333333333,0.07034422034422035,0.049049330299330306,"{""COMPUTE"": 1050, ""MEMORY"": 866, ""API_CREDITS"": 522, ""DATASET"": 176}","{""COMPUTE"": 808, ""MEMORY"": 666, ""API_CREDITS"": 402, ""DATASET"": 135}","{""COMPUTE"": 1.2995049504950495, ""MEMORY"": 1.3003003003003002, ""API_CREDITS"": 1.2985074626865671, ""DATASET"": 1.3037037037037038}",4,[],"{""COMPUTE"": 0.007425742574257425, ""MEMORY"": 0.009009009009009009, ""API_CREDITS"": 0.014925373134328358, ""DATASET"": 0.022222222222222223}",exact_pending_queue,0,
workload,dirichlet_0.1__moderate,dirichlet_0.1,dirichlet,0.1,unit,moderate,1.3,3706283824,75d5b47a8755bab0,f1f740ea98bd0a1e,"[[1.4644093349189461e-06, 0.0069026002448709925, 0.00040631557770791284, 0.9926896197680862], [0.0008298688575013939, 0.9736022656101144, 0.025551580206041768, 1.6285326342515895e-05], [0.0009195853938299895, 0.9990804146061699, 4.8794596399910154e-27, 7.11406996208218e-19], [0.0020661131468521893, 0.011682469591278805, 0.98616981251623, 8.160474563900957e-05], [9.59747402106692e-07, 0.9997966709334482, 3.9987230857433405e-12, 0.00020236931515094783], [0.6687822885603831, 0.00011635451236788479, 1.4965345428608786e-09, 0.33110135543071434]]","[{""research"": 0, ""code_review"": 0, ""doc_processing"": 0, ""monitoring"": 8}, {""research"": 0, ""code_review"": 8, ""doc_processing"": 0, ""monitoring"": 0}, {""research"": 0, ""code_review"": 8, ""doc_processing"": 0, ""monitoring"": 0}, {""research"": 0, ""code_review"": 1, ""doc_processing"": 7, ""monitoring"": 0}, {""research"": 0, ""code_review"": 8, ""doc_processing"": 0, ""monitoring"": 0}, {""research"": 7, ""code_review"": 0, ""doc_processing"": 0, ""monitoring"": 1}]","[1, 1, 1, 2, 1, 2]",0.0,1.3333333333333333,0.0905940738665994,0.7666666666666667,0.13476076363926834,0.0934745852970152,"{""COMPUTE"": 714, ""MEMORY"": 596, ""API_CREDITS"": 348, ""DATASET"": 128}","{""COMPUTE"": 549, ""MEMORY"": 458, ""API_CREDITS"": 268, ""DATASET"": 98}","{""COMPUTE"": 1.3005464480874316, ""MEMORY"": 1.3013100436681222, ""API_CREDITS"": 1.2985074626865671, ""DATASET"": 1.3061224489795917}",4,[],"{""COMPUTE"": 0.01092896174863388, ""MEMORY"": 0.013100436681222707, ""API_CREDITS"": 0.022388059701492536, ""DATASET"": 0.02040816326530612}",exact_pending_queue,0,
workload,dirichlet_0.1__moderate,dirichlet_0.1,dirichlet,0.1,unit,moderate,1.3,927763105,d40f3418da821ae5,5738c0fb59c6b119,"[[0.28145568013431654, 0.1047524338025197, 0.21731996736433912, 0.3964719186988246], [0.6283169708820979, 0.0009485177915300139, 0.370730900276354, 3.611050018030228e-06], [0.02415389377609244, 0.9370270086223461, 0.012283878219305036, 0.02653521938225646], [0.41211548192796565, 2.7868136675036452e-11, 0.18014972823493527, 0.4077347898092309], [0.09356568671846031, 0.9063446704032315, 3.256600985565596e-05, 5.70768684526097e-05], [5.5805442175069365e-06, 0.6986082554359649, 8.141833900467432e-08, 0.3013860826014786]]","[{""research"": 1, ""code_review"": 0, ""doc_processing"": 4, ""monitoring"": 3}, {""research"": 3, ""code_review"": 0, ""doc_processing"": 5, ""monitoring"": 0}, {""research"": 0, ""code_review"": 8, ""doc_processing"": 0, ""monitoring"": 0}, {""research"": 3, ""code_review"": 0, ""doc_processing"": 2, ""monitoring"": 3}, {""research"": 2, ""code_review"": 6, ""doc_processing"": 0, ""monitoring"": 0}, {""research"": 0, ""code_review"": 4, ""doc_processing"": 0, ""monitoring"": 4}]","[3, 2, 1, 3, 2, 2]",0.0,2.1666666666666665,0.47771910950606644,0.6583333333333333,0.07373668188736683,0.047273579558223144,"{""COMPUTE"": 808, ""MEMORY"": 671, ""API_CREDITS"": 381, ""DATASET"": 152}","{""COMPUTE"": 622, ""MEMORY"": 516, ""API_CREDITS"": 293, ""DATASET"": 117}","{""COMPUTE"": 1.2990353697749195, ""MEMORY"": 1.300387596899225, ""API_CREDITS"": 1.3003412969283277, ""DATASET"": 1.2991452991452992}",4,[],"{""COMPUTE"": 0.00964630225080386, ""MEMORY"": 0.011627906976744186, ""API_CREDITS"": 0.020477815699658702, ""DATASET"": 0.042735042735042736}",exact_pending_queue,0,
workload,dirichlet_0.1__moderate,dirichlet_0.1,dirichlet,0.1,unit,moderate,1.3,642816875,a2fb1fcfb651dc66,49652e3227007849,"[[0.23065680422833928, 0.7533407933583508, 2.811116012345868e-07, 0.01600212130170867], [0.9998941247630916, 0.00010136948526561843, 6.602385764161106e-10, 4.505091404170491e-06], [6.033326551630034e-05, 2.4087710486861083e-06, 0.9999372579619734, 1.4616845045368006e-12], [0.5983968276539392, 7.439815774095593e-05, 0.4015287741696977, 1.8622123877573202e-11], [0.09771384392516656, 2.5135443060506753e-05, 0.36456037065670327, 0.5377006499750698], [0.10864486190767576, 0.002343018504537425, 0.004324140776003405, 0.8846879788117835]]","[{""research"": 2, ""code_review"": 6, ""doc_processing"": 0, ""monitoring"": 0}, {""research"": 8, ""code_review"": 0, ""doc_processing"": 0, ""monitoring"": 0}, {""research"": 0, ""code_review"": 0, ""doc_processing"": 8, ""monitoring"": 0}, {""research"": 6, ""code_review"": 0, ""doc_processing"": 2, ""monitoring"": 0}, {""research"": 1, ""code_review"": 0, ""doc_processing"": 2, ""monitoring"": 5}, {""research"": 0, ""code_review"": 0, ""doc_processing"": 0, ""monitoring"": 8}]","[2, 1, 1, 2, 3, 1]",0.0,1.6666666666666667,0.24344593246780535,0.8,0.13109713623248653,0.0831505278161329,"{""COMPUTE"": 1006, ""MEMORY"": 850, ""API_CREDITS"": 458, ""DATASET"": 240}","{""COMPUTE"": 774, ""MEMORY"": 654, ""API_CREDITS"": 352, ""DATASET"": 185}","{""COMPUTE"": 1.2997416020671835, ""MEMORY"": 1.2996941896024465, ""API_CREDITS"": 1.3011363636363635, ""DATASET"": 1.2972972972972974}",4,[],"{""COMPUTE"": 0.007751937984496124, ""MEMORY"": 0.009174311926605505, ""API_CREDITS"": 0.017045454545454544, ""DATASET"": 0.02702702702702703}",exact_pending_queue,0,
workload,dirichlet_0.1__moderate,dirichlet_0.1,dirichlet,0.1,unit,moderate,1.3,2485047775,3e40f341a32fe4e1,2d445727f3fd816a,"[[9.762894023151007e-12, 0.1490973661152351, 0.062044581960871786, 0.7888580519141302], [0.00032995427817323085, 0.9996693411844711, 3.8401351991834667e-14, 7.045373170983978e-07], [0.0007326387289021152, 1.6907794395154894e-08, 0.013380308493893113, 0.9858870358694105], [4.810433357640101e-08, 0.9181908395902033, 0.08162058281697625, 0.00018852948848689449], [0.010896925074917673, 5.759484955043724e-19, 0.9891019927251405, 1.0821999417315767e-06], [5.56325358923423e-19, 0.9999581024141455, 7.784919723802182e-10, 4.1896807362431704e-05]]","[{""research"": 0, ""code_review"": 2, ""doc_processing"": 0, ""monitoring"": 6}, {""research"": 0, ""code_review"": 8, ""doc_processing"": 0, ""monitoring"": 0}, {""research"": 0, ""code_review"": 0, ""doc_processing"": 0, ""monitoring"": 8}, {""research"": 0, ""code_review"": 7, ""doc_processing"": 1, ""monitoring"": 0}, {""research"": 0, ""code_review"": 0, ""doc_processing"": 8, ""monitoring"": 0}, {""research"": 0, ""code_review"": 8, ""doc_processing"": 0, ""monitoring"": 0}]","[2, 1, 1, 2, 1, 1]",0.0,1.3333333333333333,0.1129035473048941,0.7083333333333334,0.1648078319646947,0.1256913021618904,"{""COMPUTE"": 560, ""MEMORY"": 470, ""API_CREDITS"": 254, ""DATASET"": 112}","{""COMPUTE"": 431, ""MEMORY"": 362, ""API_CREDITS"": 195, ""DATASET"": 86}","{""COMPUTE"": 1.2993039443155452, ""MEMORY"": 1.298342541436464, ""API_CREDITS"": 1.3025641025641026, ""DATASET"": 1.302325581395349}",4,[],"{""COMPUTE"": 0.013921113689095127, ""MEMORY"": 0.016574585635359115, ""API_CREDITS"": 0.03076923076923077, ""DATASET"": 0.023255813953488372}",exact_pending_queue,0,
workload,dirichlet_0.1__moderate,dirichlet_0.1,dirichlet,0.1,unit,moderate,1.3,1464621060,c96babf98ae421af,6cf17c2260a98b5b,"[[0.9975962127693144, 1.7781799549147618e-05, 0.002386005431132689, 3.831677897927607e-15], [2.9065751458836248e-05, 5.135277929586872e-08, 0.21505745681431393, 0.784913426081448], [1.6868436326563588e-07, 1.1911738046572342e-08, 1.3035543959074944e-15, 0.9999998194038974], [0.4778582327050345, 0.43248270359048024, 0.08962583436466265, 3.32293398225933e-05], [2.32739245063191e-16, 9.229786411738109e-08, 0.7606173335180479, 0.2393825741840878], [1.5767233941185053e-09, 0.9999998980632785, 7.070923909731548e-08, 2.9650758951487953e-08]]","[{""research"": 8, ""code_review"": 0, ""doc_processing"": 0, ""monitoring"": 0}, {""research"": 0, ""code_review"": 0, ""doc_processing"": 1, ""monitoring"": 7}, {""research"": 0, ""code_review"": 0, ""doc_processing"": 0, ""monitoring"": 8}, {""research"": 3, ""code_review"": 5, ""doc_processing"": 0, ""monitoring"": 0}, {""research"": 0, ""code_review"": 0, ""doc_processing"": 7, ""monitoring"": 1}, {""research"": 0, ""code_review"": 8, ""doc_processing"": 0, ""monitoring"": 0}]","[1, 2, 1, 2, 2, 1]",0.0,1.5,0.17013024077701314,0.85,0.15887064970320738,0.10869274606175579,"{""COMPUTE"": 808, ""MEMORY"": 695, ""API_CREDITS"": 361, ""DATASET"": 216}","{""COMPUTE"": 622, ""MEMORY"": 535, ""API_CREDITS"": 278, ""DATASET"": 166}","{""COMPUTE"": 1.2990353697749195, ""MEMORY"": 1.2990654205607477, ""API_CREDITS"": 1.2985611510791366, ""DATASET"": 1.3012048192771084}",4,[],"{""COMPUTE"": 0.00964630225080386, ""MEMORY"": 0.011214953271028037, ""API_CREDITS"": 0.02158273381294964, ""DATASET"": 0.030120481927710843}",exact_pending_queue,0,
workload,dirichlet_0.1__moderate,dirichlet_0.1,dirichlet,0.1,unit,moderate,1.3,1594198431,c517a6781e002027,aeff315ee7d5f6bb,"[[0.048295482746809996, 0.4064560659785791, 1.2616169695090756e-15, 0.5452484512746097], [0.011139009454996407, 0.9510524295916475, 2.0757459351445544e-06, 0.03780648520742111], [4.822506448255187e-10, 0.9987627236698355, 4.6510855709586835e-12, 0.0012372758432625355], [0.653633049292585, 6.020186139330178e-09, 0.0002800501623244679, 0.3460868945249043], [3.569002681498973e-07, 0.021314483575935773, 0.9786851462930772, 1.323071885829946e-08], [0.0034556067840046684, 0.004229344312674778, 0.9867862152878717, 0.005528833615448872]]","[{""research"": 1, ""code_review"": 3, ""doc_processing"": 0, ""monitoring"": 4}, {""research"": 0, ""code_review"": 8, ""doc_processing"": 0, ""monitoring"": 0}, {""research"": 0, ""code_review"": 8, ""doc_processing"": 0, ""monitoring"": 0}, {""research"": 6, ""code_review"": 0, ""doc_processing"": 0, ""monitoring"": 2}, {""research"": 0, ""code_review"": 0, ""doc_processing"": 8, ""monitoring"": 0}, {""research"": 0, ""code_review"": 0, ""doc_processing"": 8, ""monitoring"": 0}]","[3, 1, 1, 2, 1, 1]",0.0,1.5,0.18474309889072493,0.7916666666666666,0.0851010101010101,0.05894650528271219,"{""COMPUTE"": 828, ""MEMORY"": 665, ""API_CREDITS"": 399, ""DATASET"": 104}","{""COMPUTE"": 637, ""MEMORY"": 512, ""API_CREDITS"": 307, ""DATASET"": 80}","{""COMPUTE"": 1.2998430141287285, ""MEMORY"": 1.298828125, ""API_CREDITS"": 1.299674267100977, ""DATASET"": 1.3}",4,[],"{""COMPUTE"": 0.009419152276295133, ""MEMORY"": 0.01171875, ""API_CREDITS"": 0.019543973941368076, ""DATASET"": 0.025}",exact_pending_queue,0,
workload,dirichlet_0.1__moderate,dirichlet_0.1,dirichlet,0.1,unit,moderate,1.3,2964826275,73f70f2c6236d544,743def9ea2d341e7,"[[0.9915278800667772, 3.702706828484071e-12, 3.011679704841713e-15, 0.008472119929517028], [0.961163061416953, 0.038836338426681084, 5.831603477359412e-07, 1.6996018235716327e-08], [0.49256036193882724, 0.49033432290223083, 0.012323104358977911, 0.004782210799964028], [0.09857823190698986, 0.9014200884308182, 1.6796621883233345e-06, 3.598669639666834e-15], [0.9268038843060354, 0.00010931942275281904, 0.07307191170849467, 1.4884562716914915e-05], [0.0018492388326830412, 0.998073635271041, 5.193458373991534e-13, 7.712589575675198e-05]]","[{""research"": 8, ""code_review"": 0, ""doc_processing"": 0, ""monitoring"": 0}, {""research"": 8, ""code_review"": 0, ""doc_processing"": 0, ""monitoring"": 0}, {""research"": 5, ""code_review"": 2, ""doc_processing"": 1, ""monitoring"": 0}, {""research"": 1, ""code_review"": 7, ""doc_processing"": 0, ""monitoring"": 0}, {""research"": 7, ""code_review"": 0, ""doc_processing"": 1, ""monitoring"": 0}, {""research"": 0, ""code_review"": 8, ""doc_processing"": 0, ""monitoring"": 0}]","[1, 1, 3, 2, 2, 1]",0.0,1.6666666666666667,0.19882698559121595,0.5583333333333333,0.042882214066578404,0.030920266320823786,"{""COMPUTE"": 1200, ""MEMORY"": 1009, ""API_CREDITS"": 615, ""DATASET"": 232}","{""COMPUTE"": 923, ""MEMORY"": 776, ""API_CREDITS"": 473, ""DATASET"": 178}","{""COMPUTE"": 1.3001083423618636, ""MEMORY"": 1.300257731958763, ""API_CREDITS"": 1.3002114164904863, ""DATASET"": 1.303370786516854}",4,[],"{""COMPUTE"": 0.0065005417118093175, ""MEMORY"": 0.007731958762886598, ""API_CREDITS"": 0.012684989429175475, ""DATASET"": 0.028089887640449437}",exact_pending_queue,0,
workload,dirichlet_0.1__moderate,dirichlet_0.1,dirichlet,0.1,unit,moderate,1.3,3703943727,bf71be0643c5965a,494c95b8779dbf92,"[[0.35248517745356434, 0.6425568215744921, 0.004955211857272685, 2.789114670644229e-06], [9.110928099038599e-08, 0.5519076488619246, 0.04809376157242022, 0.39999849845637425], [7.949101910487387e-05, 0.0113032487852403, 0.39664783069392634, 0.5919694295017285], [0.9983119291457394, 1.4533906534416422e-11, 0.0016880234581191837, 4.7381607466660604e-08], [0.001504293029870566, 0.0005999730413633569, 0.9973798166395527, 0.000515917289213315], [8.012302338787013e-14, 0.0006391065645610076, 9.548828346318556e-07, 0.9993599385525241]]","[{""research"": 3, ""code_review"": 5, ""doc_processing"": 0, ""monitoring"": 0}, {""research"": 0, ""code_review"": 5, ""doc_processing"": 0, ""monitoring"": 3}, {""research"": 0, ""code_review"": 0, ""doc_processing"": 2, ""monitoring"": 6}, {""research"": 8, ""code_review"": 0, ""doc_processing"": 0, ""monitoring"": 0}, {""research"": 0, ""code_review"": 0, ""doc_processing"": 8, ""monitoring"": 0}, {""research"": 0, ""code_review"": 0, ""doc_processing"": 0, ""monitoring"": 8}]","[2, 2, 2, 1, 1, 1]",0.0,1.5,0.2266788441924219,0.8166666666666667,0.13782906907906908,0.08649411448890615,"{""COMPUTE"": 830, ""MEMORY"": 712, ""API_CREDITS"": 364, ""DATASET"": 224}","{""COMPUTE"": 638, ""MEMORY"": 548, ""API_CREDITS"": 280, ""DATASET"": 172}","{""COMPUTE"": 1.3009404388714734, ""MEMORY"": 1.2992700729927007, ""API_CREDITS"": 1.3, ""DATASET"": 1.302325581395349}",4,[],"{""COMPUTE"": 0.009404388714733543, ""MEMORY"": 0.010948905109489052, ""API_CREDITS"": 0.02142857142857143, ""DATASET"": 0.029069767441860465}",exact_pending_queue,0,
workload,dirichlet_0.1__moderate,dirichlet_0.1,dirichlet,0.1,unit,moderate,1.3,1321997983,dad43412a262edd9,d34963f80d441b1e,"[[0.012130048363298299, 0.7387204437640079, 0.2487014484522529, 0.00044805942044098476], [0.028657955117729093, 0.4071895352871046, 6.389446070818747e-05, 0.5640886151344581], [0.9984068918523701, 1.4674742960264295e-05, 0.0015699073946516563, 8.526010017778754e-06], [3.8283656316038066e-10, 0.16004741214196663, 0.23812715144970753, 0.6018254360254893], [0.9999407748625306, 1.9429667118910054e-08, 2.898027792979686e-08, 5.917672752448822e-05], [0.9778876250326878, 0.02207835931673687, 4.754931938833471e-06, 2.926071863672866e-05]]","[{""research"": 0, ""code_review"": 8, ""doc_processing"": 0, ""monitoring"": 0}, {""research"": 0, ""code_review"": 6, ""doc_processing"": 0, ""monitoring"": 2}, {""research"": 8, ""code_review"": 0, ""doc_processing"": 0, ""monitoring"": 0}, {""research"": 0, ""code_review"": 1, ""doc_processing"": 3, ""monitoring"": 4}, {""research"": 8, ""code_review"": 0, ""doc_processing"": 0, ""monitoring"": 0}, {""research"": 8, ""code_review"": 0, ""doc_processing"": 0, ""monitoring"": 0}]","[1, 2, 1, 3, 1, 1]",0.0,1.5,0.18474309889072493,0.7166666666666667,0.04622182206215821,0.028381554642058864,"{""COMPUTE"": 1080, ""MEMORY"": 918, ""API_CREDITS"": 534, ""DATASET"": 240}","{""COMPUTE"": 831, ""MEMORY"": 706, ""API_CREDITS"": 411, ""DATASET"": 185}","{""COMPUTE"": 1.2996389891696751, ""MEMORY"": 1.3002832861189801, ""API_CREDITS"": 1.2992700729927007, ""DATASET"": 1.2972972972972974}",4,[],"{""COMPUTE"": 0.007220216606498195, ""MEMORY"": 0.0084985835694051, ""API_CREDITS"": 0.014598540145985401, ""DATASET"": 0.02702702702702703}",exact_pending_queue,0,
workload,dirichlet_0.1__moderate,dirichlet_0.1,dirichlet,0.1,unit,moderate,1.3,2789760346,5be82258ec6d1e02,4835e783974aa711,"[[0.013033829703784095, 0.9869467944686774, 1.934138507557387e-05, 3.44424628368725e-08], [0.00037950477428140875, 0.006552068447255515, 0.5439468024790531, 0.4491216242994099], [0.0036953607348017203, 0.9911664074529889, 9.933436853434233e-05, 0.005038897443675129], [0.003513008023817497, 0.9964741677095501, 1.7061982394569418e-07, 1.2653646808533932e-05], [0.6194319977312641, 0.3774489037724958, 2.7783784934274617e-15, 0.0031190984962373336], [0.023332961509792926, 1.2616856129684392e-13, 0.9227649033203684, 0.05390213516971259]]","[{""research"": 0, ""code_review"": 8, ""doc_processing"": 0, ""monitoring"": 0}, {""research"": 0, ""code_review"": 0, ""doc_processing"": 4, ""monitoring"": 4}, {""research"": 0, ""code_review"": 8, ""doc_processing"": 0, ""monitoring"": 0}, {""research"": 0, ""code_review"": 8, ""doc_processing"": 0, ""monitoring"": 0}, {""research"": 6, ""code_review"": 2, ""doc_processing"": 0, ""monitoring"": 0}, {""research"": 0, ""code_review"": 0, ""doc_processing"": 7, ""monitoring"": 1}]","[1, 2, 1, 1, 2, 2]",0.0,1.5,0.19623688063822745,0.7083333333333334,0.06342122509249583,0.044165813488442396,"{""COMPUTE"": 746, ""MEMORY"": 603, ""API_CREDITS"": 373, ""DATASET"": 88}","{""COMPUTE"": 574, ""MEMORY"": 464, ""API_CREDITS"": 287, ""DATASET"": 68}","{""COMPUTE"": 1.2996515679442509, ""MEMORY"": 1.2995689655172413, ""API_CREDITS"": 1.2996515679442509, ""DATASET"": 1.2941176470588236}",4,[],"{""COMPUTE"": 0.010452961672473868, ""MEMORY"": 0.01293103448275862, ""API_CREDITS"": 0.020905923344947737, ""DATASET"": 0.04411764705882353}",exact_pending_queue,0,
workload,dirichlet_0.1__moderate,dirichlet_0.1,dirichlet,0.1,unit,moderate,1.3,4250606291,657db474a102bc04,53c5e5f7388455c8,"[[0.0016390672959240478, 3.541961384318538e-09, 0.9953283747270484, 0.003032554435066067], [1.2407986493981633e-05, 0.9468400969880764, 1.7581360432368875e-07, 0.05314731921182537], [0.0005323307881709629, 3.2316648116018735e-06, 0.42425421819840714, 0.5752102193486104], [2.0969758671262594e-06, 0.9797088387748694, 6.63158791725817e-05, 0.020222748370090977], [0.002120392466056998, 0.21164477781263355, 0.7850593445022666, 0.0011754852190428932], [1.2342115370113968e-05, 0.8159733948890894, 0.18394891978896785, 6.534320657242591e-05]]","[{""research"": 0, ""code_review"": 0, ""doc_processing"": 8, ""monitoring"": 0}, {""research"": 0, ""code_review"": 8, ""doc_processing"": 0, ""monitoring"": 0}, {""research"": 0, ""code_review"": 0, ""doc_processing"": 5, ""monitoring"": 3}, {""research"": 0, ""code_review"": 8, ""doc_processing"": 0, ""monitoring"": 0}, {""research"": 0, ""code_review"": 2, ""doc_processing"": 6, ""monitoring"": 0}, {""research"": 0, ""code_review"": 7, ""doc_processing"": 1, ""monitoring"": 0}]","[1, 1, 2, 1, 2, 2]",0.0,1.5,0.19243971421530784,0.6083333333333333,0.042707397424378554,0.0313616158086808,"{""COMPUTE"": 714, ""MEMORY"": 547, ""API_CREDITS"": 353, ""DATASET"": 24}","{""COMPUTE"": 549, ""MEMORY"": 421, ""API_CREDITS"": 272, ""DATASET"": 18}","{""COMPUTE"": 1.3005464480874316, ""MEMORY"": 1.299287410926366, ""API_CREDITS"": 1.2977941176470589, ""DATASET"": 1.3333333333333333}",4,[],"{""COMPUTE"": 0.01092896174863388, ""MEMORY"": 0.014251781472684086, ""API_CREDITS"": 0.022058823529411766, ""DATASET"": 0.05555555555555555}",exact_pending_queue,0,
workload,dirichlet_0.1__high,dirichlet_0.1,dirichlet,0.1,unit,high,1.9,2098221685,ffafac20458a2009,ff0d5ef3c41bd179,"[[7.235298776890418e-08, 0.7071127029861072, 0.04673745440920127, 0.24614977025170376], [0.47443427531887433, 0.40895361221393717, 0.11661211246703643, 1.5205385165264925e-13], [0.99535588844094, 1.452682479522763e-05, 0.00462958473426385, 8.10573732007584e-16], [0.248857694782329, 0.0007526818168449895, 0.03185916825721293, 0.7185304551436131], [0.16562541088220786, 0.6854627561839588, 0.14622825344577015, 0.0026835794880629704], [0.15885119110551058, 0.0005312168343639917, 0.23003703708062403, 0.6105805549795014]]","[{""research"": 0, ""code_review"": 5, ""doc_processing"": 0, ""monitoring"": 3}, {""research"": 4, ""code_review"": 2, ""doc_processing"": 2, ""monitoring"": 0}, {""research"": 8, ""code_review"": 0, ""doc_processing"": 0, ""monitoring"": 0}, {""research"": 1, ""code_review"": 0, ""doc_processing"": 2, ""monitoring"": 5}, {""research"": 1, ""code_review"": 6, ""doc_processing"": 1, ""monitoring"": 0}, {""research"": 1, ""code_review"": 0, ""doc_processing"": 3, ""monitoring"": 4}]","[2, 3, 1, 3, 3, 3]",0.0,2.5,0.5183455108590885,0.6583333333333333,0.060419784349309724,0.039260391221301434,"{""COMPUTE"": 912, ""MEMORY"": 775, ""API_CREDITS"": 425, ""DATASET"": 216}","{""COMPUTE"": 480, ""MEMORY"": 408, ""API_CREDITS"": 224, ""DATASET"": 114}","{""COMPUTE"": 1.9, ""MEMORY"": 1.8995098039215685, ""API_CREDITS"": 1.8973214285714286, ""DATASET"": 1.894736842105263}",4,[],"{""COMPUTE"": 0.0125, ""MEMORY"": 0.014705882352941176, ""API_CREDITS"": 0.026785714285714284, ""DATASET"": 0.05263157894736842}",exact_pending_queue,0,
workload,dirichlet_0.1__high,dirichlet_0.1,dirichlet,0.1,unit,high,1.9,1138347673,f217c3796ab09d29,3f3c7baaf567f350,"[[0.9073777032632475, 0.0023431253777462537, 4.4694909748840836e-12, 0.09027917135453684], [0.9770701769139916, 0.002976799028958179, 9.468260785152122e-12, 0.019953024047581973], [0.9974637422553048, 1.2762035573668354e-05, 2.393365081261994e-07, 0.002523256372613412], [0.9999992617588521, 1.9427035028879036e-11, 6.792865576911746e-07, 5.893516314667139e-08], [0.008691279325890765, 3.4533891099922594e-12, 0.4126188991342465, 0.5786898215364092], [0.48668442612087665, 0.0317289147608559, 0.4815866591182668, 5.646859177778962e-16]]","[{""research"": 8, ""code_review"": 0, ""doc_processing"": 0, ""monitoring"": 0}, {""research"": 8, ""code_review"": 0, ""doc_processing"": 0, ""monitoring"": 0}, {""research"": 8, ""code_review"": 0, ""doc_processing"": 0, ""monitoring"": 0}, {""research"": 8, ""code_review"": 0, ""doc_processing"": 0, ""monitoring"": 0}, {""research"": 0, ""code_review"": 0, ""doc_processing"": 2, ""monitoring"": 6}, {""research"": 3, ""code_review"": 0, ""doc_processing"": 5, ""monitoring"": 0}]","[1, 1, 1, 1, 2, 2]",0.0,1.3333333333333333,0.14714267728200817,0.48333333333333334,0.051406926406926415,0.034662097162097165,"{""COMPUTE"": 1392, ""MEMORY"": 1181, ""API_CREDITS"": 671, ""DATASET"": 328}","{""COMPUTE"": 733, ""MEMORY"": 622, ""API_CREDITS"": 353, ""DATASET"": 173}","{""COMPUTE"": 1.8990450204638472, ""MEMORY"": 1.8987138263665595, ""API_CREDITS"": 1.9008498583569404, ""DATASET"": 1.8959537572254335}",4,[],"{""COMPUTE"": 0.008185538881309686, ""MEMORY"": 0.00964630225080386, ""API_CREDITS"": 0.0169971671388102, ""DATASET"": 0.03468208092485549}",exact_pending_queue,0,
workload,dirichlet_0.1__high,dirichlet_0.1,dirichlet,0.1,unit,high,1.9,2342860720,0032c5bf8b917870,dbd108fb57dc0680,"[[5.3951746180056266e-08, 1.8680731866237265e-17, 0.0003867899675632565, 0.9996131560806906], [0.9998851606691698, 9.743259724206564e-05, 1.7406730945257967e-05, 2.642973116691793e-12], [0.9998166936362128, 5.205782932819307e-07, 0.0001827857854940283, 1.6945190474496298e-34], [4.812241640538261e-06, 7.347235276081859e-07, 0.9976141898254366, 0.0023802632093952872], [0.9994390172626196, 0.0005114655629469637, 4.951461909851455e-05, 2.55533501034857e-09], [0.9998004254411077, 1.458964184596883e-09, 0.00011877896441019413, 8.079413551802646e-05]]","[{""research"": 0, ""code_review"": 0, ""doc_processing"": 0, ""monitoring"": 8}, {""research"": 8, ""code_review"": 0, ""doc_processing"": 0, ""monitoring"": 0}, {""research"": 8, ""code_review"": 0, ""doc_processing"": 0, ""monitoring"": 0}, {""research"": 0, ""code_review"": 0, ""doc_processing"": 8, ""monitoring"": 0}, {""research"": 8, ""code_review"": 0, ""doc_processing"": 0, ""monitoring"": 0}, {""research"": 8, ""code_review"": 0, ""doc_processing"": 0, ""monitoring"": 0}]","[1, 1, 1, 1, 1, 1]",0.0,1.0,0.0,0.6,0.10784770784770782,0.06973581973581974,"{""COMPUTE"": 1328, ""MEMORY"": 1128, ""API_CREDITS"": 632, ""DATASET"": 320}","{""COMPUTE"": 699, ""MEMORY"": 594, ""API_CREDITS"": 333, ""DATASET"": 168}","{""COMPUTE"": 1.899856938483548, ""MEMORY"": 1.898989898989899, ""API_CREDITS"": 1.897897897897898, ""DATASET"": 1.9047619047619047}",4,[],"{""COMPUTE"": 0.008583690987124463, ""MEMORY"": 0.010101010101010102, ""API_CREDITS"": 0.018018018018018018, ""DATASET"": 0.02976190476190476}",exact_pending_queue,0,
workload,dirichlet_0.1__high,dirichlet_0.1,dirichlet,0.1,unit,high,1.9,1473714878,31822142564765d0,3c30d34a4e8eee1f,"[[2.7124434647411527e-14, 0.04165423055796735, 1.5060915622925717e-06, 0.9583442633504433], [0.004489432264892749, 0.9954765853922792, 2.380475094022696e-13, 3.398234258977641e-05], [1.3235680872084643e-14, 0.07492446338177619, 6.72030896044172e-05, 0.9250083335286061], [0.27330869226898963, 0.04474880599917302, 1.5945637770438457e-14, 0.6819425017318214], [0.38186157814206106, 0.03179730399402535, 0.586323188208758, 1.792965515549396e-05], [0.6085910252966685, 0.08788898928936578, 0.3000658071104384, 0.003454178303527286]]","[{""research"": 0, ""code_review"": 0, ""doc_processing"": 0, ""monitoring"": 8}, {""research"": 0, ""code_review"": 8, ""doc_processing"": 0, ""monitoring"": 0}, {""research"": 0, ""code_review"": 2, ""doc_processing"": 0, ""monitoring"": 6}, {""research"": 3, ""code_review"": 0, ""doc_processing"": 0, ""monitoring"": 5}, {""research"": 4, ""code_review"": 1, ""doc_processing"": 3, ""monitoring"": 0}, {""research"": 7, ""code_review"": 0, ""doc_processing"": 1, ""monitoring"": 0}]","[1, 1, 2, 2, 3, 2]",0.0,1.8333333333333333,0.3095763027344384,0.7416666666666667,0.1500845705443913,0.09854824605017524,"{""COMPUTE"": 826, ""MEMORY"": 729, ""API_CREDITS"": 363, ""DATASET"": 264}","{""COMPUTE"": 435, ""MEMORY"": 384, ""API_CREDITS"": 191, ""DATASET"": 139}","{""COMPUTE"": 1.8988505747126436, ""MEMORY"": 1.8984375, ""API_CREDITS"": 1.9005235602094241, ""DATASET"": 1.8992805755395683}",4,[],"{""COMPUTE"": 0.013793103448275862, ""MEMORY"": 0.015625, ""API_CREDITS"": 0.031413612565445025, ""DATASET"": 0.03597122302158273}",exact_pending_queue,0,
workload,dirichlet_0.1__high,dirichlet_0.1,dirichlet,0.1,unit,high,1.9,2114544130,14b4823a8cb8d0a1,519a541f242af2f2,"[[0.7560766150401168, 2.6530592609542187e-06, 0.2438780150297549, 4.271687086748519e-05], [1.3303743568566384e-11, 0.018242363255593145, 0.9817576367311031, 1.941500266257809e-17], [0.5941407333942059, 0.0007531178313272386, 0.4051058917425575, 2.5703190946132465e-07], [0.9756975025169302, 0.023670818237947422, 0.0003553233804806157, 0.0002763558646417361], [0.7384363849602054, 0.09962686923637655, 0.13356323425001812, 0.0283735115534], [0.013747698837113305, 0.7895844851280179, 0.14988586480811944, 0.04678195122674933]]","[{""research"": 7, ""code_review"": 0, ""doc_processing"": 1, ""monitoring"": 0}, {""research"": 0, ""code_review"": 0, ""doc_processing"": 8, ""monitoring"": 0}, {""research"": 3, ""code_review"": 0, ""doc_processing"": 5, ""monitoring"": 0}, {""research"": 8, ""code_review"": 0, ""doc_processing"": 0, ""monitoring"": 0}, {""research"": 6, ""code_review"": 1, ""doc_processing"": 1, ""monitoring"": 0}, {""research"": 0, ""code_review"": 8, ""doc_processing"": 0, ""monitoring"": 0}]","[2, 1, 2, 1, 3, 1]",0.0,1.6666666666666667,0.2132730475486412,0.675,0.05237155838360657,0.035728865437700784,"{""COMPUTE"": 1236, ""MEMORY"": 1008, ""API_CREDITS"": 612, ""DATASET"": 192}","{""COMPUTE"": 651, ""MEMORY"": 531, ""API_CREDITS"": 322, ""DATASET"": 101}","{""COMPUTE"": 1.8986175115207373, ""MEMORY"": 1.8983050847457628, ""API_CREDITS"": 1.9006211180124224, ""DATASET"": 1.900990099009901}",4,[],"{""COMPUTE"": 0.009216589861751152, ""MEMORY"": 0.011299435028248588, ""API_CREDITS"": 0.018633540372670808, ""DATASET"": 0.039603960396039604}",exact_pending_queue,0,
workload,dirichlet_0.1__high,dirichlet_0.1,dirichlet,0.1,unit,high,1.9,147595965,acfef6629e9487cb,d5d1bc8b577cb504,"[[1.8498344841118e-16, 0.0002482508491994679, 0.999751530308691, 2.188421092936914e-07], [0.12055847868070926, 0.8770511449200564, 0.0013498357123501057, 0.001040540686884199], [0.37309339543909753, 0.03366989700622948, 0.5932367075532904, 1.3826051401479963e-12], [2.527421033165005e-07, 0.9999991428700181, 6.5848083514798875e-24, 6.043878784296567e-07], [0.004430023673296438, 4.046065736838471e-17, 0.99307375235741, 0.0024962239692934763], [0.9162651833087179, 6.999644957583177e-05, 0.0767133851707245, 0.006951435070981761]]","[{""research"": 0, ""code_review"": 0, ""doc_processing"": 8, ""monitoring"": 0}, {""research"": 2, ""code_review"": 6, ""doc_processing"": 0, ""monitoring"": 0}, {""research"": 3, ""code_review"": 0, ""doc_processing"": 5, ""monitoring"": 0}, {""research"": 0, ""code_review"": 8, ""doc_processing"": 0, ""monitoring"": 0}, {""research"": 0, ""code_review"": 0, ""doc_processing"": 8, ""monitoring"": 0}, {""research"": 5, ""code_review"": 0, ""doc_processing"": 3, ""monitoring"": 0}]","[1, 2, 2, 1, 1, 2]",0.0,1.5,0.2266788441924219,0.6666666666666666,0.04471216568819306,0.03194395369766373,"{""COMPUTE"": 1008, ""MEMORY"": 786, ""API_CREDITS"": 494, ""DATASET"": 80}","{""COMPUTE"": 531, ""MEMORY"": 414, ""API_CREDITS"": 260, ""DATASET"": 42}","{""COMPUTE"": 1.8983050847457628, ""MEMORY"": 1.8985507246376812, ""API_CREDITS"": 1.9, ""DATASET"": 1.9047619047619047}",4,[],"{""COMPUTE"": 0.011299435028248588, ""MEMORY"": 0.014492753623188406, ""API_CREDITS"": 0.023076923076923078, ""DATASET"": 0.07142857142857142}",exact_pending_queue,0,
workload,dirichlet_0.1__high,dirichlet_0.1,dirichlet,0.1,unit,high,1.9,393081195,a0460ede0100c06a,b99a9161fb2b51f0,"[[0.04574454357161995, 0.09140196925844579, 0.0247583179589598, 0.8380951692109745], [0.041029657511674866, 0.020430398283218715, 1.0398498956993217e-07, 0.9385398402201167], [0.3106886160679214, 5.393573354385971e-09, 0.5907185209973078, 0.09859285754119733], [0.037125350703101134, 0.06604206013542561, 0.8968318620972526, 7.270642206316851e-07], [0.026301213275948483, 0.6219192778613816, 5.6241093247055125e-22, 0.3517795088626699], [4.6666439104106384e-05, 8.362256994890103e-09, 0.9960956497291421, 0.003857675469496821]]","[{""research"": 0, ""code_review"": 2, ""doc_processing"": 0, ""monitoring"": 6}, {""research"": 0, ""code_review"": 0, ""doc_processing"": 0, ""monitoring"": 8}, {""research"": 5, ""code_review"": 0, ""doc_processing"": 3, ""monitoring"": 0}, {""research"": 0, ""code_review"": 0, ""doc_processing"": 8, ""monitoring"": 0}, {""research"": 0, ""code_review"": 3, ""doc_processing"": 0, ""monitoring"": 5}, {""research"": 0, ""code_review"": 0, ""doc_processing"": 8, ""monitoring"": 0}]","[2, 1, 2, 1, 2, 1]",0.0,1.5,0.2266788441924219,0.7333333333333333,0.1656131560283035,0.1177070362308034,"{""COMPUTE"": 790, ""MEMORY"": 660, ""API_CREDITS"": 324, ""DATASET"": 192}","{""COMPUTE"": 416, ""MEMORY"": 347, ""API_CREDITS"": 171, ""DATASET"": 101}","{""COMPUTE"": 1.8990384615384615, ""MEMORY"": 1.9020172910662825, ""API_CREDITS"": 1.894736842105263, ""DATASET"": 1.900990099009901}",4,[],"{""COMPUTE"": 0.014423076923076924, ""MEMORY"": 0.01729106628242075, ""API_CREDITS"": 0.03508771929824561, ""DATASET"": 0.039603960396039604}",exact_pending_queue,0,
workload,dirichlet_0.1__high,dirichlet_0.1,dirichlet,0.1,unit,high,1.9,1217898226,04563512906cf356,6e2f4e297b7ab4d4,"[[0.0016485722166518996, 9.828651891315188e-07, 0.9983489303175622, 1.514600596769357e-06], [0.01886378021907989, 0.08304641441237143, 2.576659821494146e-06, 0.8980872287087271], [0.15226167602522303, 0.8359767951591198, 0.01038924563046888, 0.001372283185188272], [0.13874766335173536, 0.5001938582346368, 0.024595560235252303, 0.33646291817837537], [9.411697861719526e-06, 2.4444988034178753e-05, 0.9523096122114472, 0.047656531102656906], [1.897231891435133e-12, 0.18342427278660603, 0.7923380203937987, 0.02423770681769806]]","[{""research"": 0, ""code_review"": 0, ""doc_processing"": 8, ""monitoring"": 0}, {""research"": 0, ""code_review"": 0, ""doc_processing"": 0, ""monitoring"": 8}, {""research"": 2, ""code_review"": 6, ""doc_processing"": 0, ""monitoring"": 0}, {""research"": 3, ""code_review"": 5, ""doc_processing"": 0, ""monitoring"": 0}, {""research"": 0, ""code_review"": 0, ""doc_processing"": 8, ""monitoring"": 0}, {""research"": 0, ""code_review"": 2, ""doc_processing"": 6, ""monitoring"": 0}]","[1, 1, 2, 2, 1, 2]",0.0,1.5,0.21474918765360254,0.7416666666666667,0.12581082112332112,0.08776804792429792,"{""COMPUTE"": 848, ""MEMORY"": 673, ""API_CREDITS"": 391, ""DATASET"": 104}","{""COMPUTE"": 446, ""MEMORY"": 354, ""API_CREDITS"": 206, ""DATASET"": 55}","{""COMPUTE"": 1.9013452914798206, ""MEMORY"": 1.9011299435028248, ""API_CREDITS"": 1.8980582524271845, ""DATASET"": 1.8909090909090909}",4,[],"{""COMPUTE"": 0.013452914798206279, ""MEMORY"": 0.01694915254237288, ""API_CREDITS"": 0.02912621359223301, ""DATASET"": 0.05454545454545454}",exact_pending_queue,0,
workload,dirichlet_0.1__high,dirichlet_0.1,dirichlet,0.1,unit,high,1.9,1595745102,5dd93dc8586fbe7d,46cda96bb9b8653f,"[[0.013650050564789741, 0.9862201501321568, 0.00012979930298225365, 7.132440566135526e-14], [0.9905314934748206, 6.854284802192041e-05, 0.009263715768170947, 0.0001362479089864231], [0.006600183345202149, 0.004495963686086186, 0.5741944286466555, 0.41470942432205615], [0.39579960487983173, 0.4357094978953841, 0.1643019873046505, 0.004188909920133808], [0.9884505483274514, 0.00030788115963364027, 0.00048410853414168766, 0.010757461978773095], [4.991234638117975e-16, 0.4996314752422612, 0.5002854622691812, 8.30624885569885e-05]]","[{""research"": 0, ""code_review"": 8, ""doc_processing"": 0, ""monitoring"": 0}, {""research"": 8, ""code_review"": 0, ""doc_processing"": 0, ""monitoring"": 0}, {""research"": 0, ""code_review"": 0, ""doc_processing"": 4, ""monitoring"": 4}, {""research"": 4, ""code_review"": 2, ""doc_processing"": 2, ""monitoring"": 0}, {""research"": 7, ""code_review"": 0, ""doc_processing"": 0, ""monitoring"": 1}, {""research"": 0, ""code_review"": 3, ""doc_processing"": 5, ""monitoring"": 0}]","[1, 1, 2, 3, 2, 2]",0.0,1.8333333333333333,0.33316653717704675,0.7416666666666667,0.06495239069854687,0.04156584688692016,"{""COMPUTE"": 1058, ""MEMORY"": 876, ""API_CREDITS"": 516, ""DATASET"": 192}","{""COMPUTE"": 557, ""MEMORY"": 461, ""API_CREDITS"": 272, ""DATASET"": 101}","{""COMPUTE"": 1.8994614003590664, ""MEMORY"": 1.9002169197396963, ""API_CREDITS"": 1.8970588235294117, ""DATASET"": 1.900990099009901}",4,[],"{""COMPUTE"": 0.010771992818671455, ""MEMORY"": 0.013015184381778741, ""API_CREDITS"": 0.022058823529411766, ""DATASET"": 0.039603960396039604}",exact_pending_queue,0,
workload,dirichlet_0.1__high,dirichlet_0.1,dirichlet,0.1,unit,high,1.9,2413048586,b5e4d02f2330b234,b05579843b76c627,"[[0.5806058222885824, 0.0010873320042156963, 0.387967279575181, 0.030339566132020886], [5.431208038186914e-13, 7.420292586816988e-11, 0.9999996044600822, 3.954651717620599e-07], [0.00028508775616309015, 7.768805915027828e-09, 1.9460331068721043e-09, 0.999714902528998], [0.8817850552788701, 0.0011028995974682984, 0.08372529943569217, 0.033386745687969475], [0.9683815362872789, 0.03161459544575699, 1.4408082798622888e-07, 3.724186136333661e-06], [0.703959966397614, 8.162214516939085e-12, 0.0026209877292971574, 0.2934190458649266]]","[{""research"": 5, ""code_review"": 0, ""doc_processing"": 3, ""monitoring"": 0}, {""research"": 0, ""code_review"": 0, ""doc_processing"": 8, ""monitoring"": 0}, {""research"": 0, ""code_review"": 0, ""doc_processing"": 0, ""monitoring"": 8}, {""research"": 8, ""code_review"": 0, ""doc_processing"": 0, ""monitoring"": 0}, {""research"": 8, ""code_review"": 0, ""doc_processing"": 0, ""monitoring"": 0}, {""research"": 8, ""code_review"": 0, ""doc_processing"": 0, ""monitoring"": 0}]","[2, 1, 1, 1, 1, 1]",0.0,1.1666666666666667,0.07953616691041375,0.65,0.11226862939191706,0.07182367670381369,"{""COMPUTE"": 1292, ""MEMORY"": 1089, ""API_CREDITS"": 611, ""DATASET"": 296}","{""COMPUTE"": 680, ""MEMORY"": 573, ""API_CREDITS"": 322, ""DATASET"": 156}","{""COMPUTE"": 1.9, ""MEMORY"": 1.9005235602094241, ""API_CREDITS"": 1.8975155279503106, ""DATASET"": 1.8974358974358974}",4,[],"{""COMPUTE"": 0.008823529411764706, ""MEMORY"": 0.010471204188481676, ""API_CREDITS"": 0.018633540372670808, ""DATASET"": 0.03205128205128205}",exact_pending_queue,0,
workload,dirichlet_0.1__high,dirichlet_0.1,dirichlet,0.1,unit,high,1.9,453209340,1833075d81c27bdd,cb01f8001dd15382,"[[2.645110895481629e-06, 6.8618422263379015e-12, 0.15214538111300402, 0.8478519737692387], [0.43582591489236333, 0.0003370497244105726, 0.5638368747925369, 1.605906890724094e-07], [0.1773160643890873, 0.08308757123534286, 0.7395963287136952, 3.566187467527164e-08], [0.008686044507707718, 0.9913139537810469, 1.6466859772456103e-09, 6.45594241915137e-11], [2.452005764378753e-12, 0.9943586654243128, 4.409227774772247e-17, 0.005641334573235138], [0.5921292955736572, 0.0004694467725971787, 4.486176053909615e-05, 0.40735639589320666]]","[{""research"": 0, ""code_review"": 0, ""doc_processing"": 2, ""monitoring"": 6}, {""research"": 2, ""code_review"": 0, ""doc_processing"": 6, ""monitoring"": 0}, {""research"": 1, ""code_review"": 0, ""doc_processing"": 7, ""monitoring"": 0}, {""research"": 0, ""code_review"": 8, ""doc_processing"": 0, ""monitoring"": 0}, {""research"": 0, ""code_review"": 8, ""doc_processing"": 0, ""monitoring"": 0}, {""research"": 5, ""code_review"": 0, ""doc_processing"": 0, ""monitoring"": 3}]","[2, 2, 2, 1, 1, 2]",0.0,1.6666666666666667,0.26004622458690224,0.7916666666666666,0.0976126116822278,0.06591833840532606,"{""COMPUTE"": 834, ""MEMORY"": 681, ""API_CREDITS"": 391, ""DATASET"": 136}","{""COMPUTE"": 439, ""MEMORY"": 358, ""API_CREDITS"": 206, ""DATASET"": 72}","{""COMPUTE"": 1.8997722095671983, ""MEMORY"": 1.9022346368715084, ""API_CREDITS"": 1.8980582524271845, ""DATASET"": 1.8888888888888888}",4,[],"{""COMPUTE"": 0.01366742596810934, ""MEMORY"": 0.01675977653631285, ""API_CREDITS"": 0.02912621359223301, ""DATASET"": 0.05555555555555555}",exact_pending_queue,0,
workload,dirichlet_0.1__high,dirichlet_0.1,dirichlet,0.1,unit,high,1.9,2920410359,7b4d5047af5c782f,cf53c65d4f44231b,"[[2.0306713279696207e-05, 0.04284975923344723, 1.4059413210605546e-07, 0.9571297934591411], [0.011565752358541377, 1.2055501865508486e-08, 0.98419794629667, 0.004236289289286737], [1.7640108474527016e-05, 0.014811774280614755, 3.767397827144296e-06, 0.9851668182130837], [0.25668194371515785, 0.2974869298466707, 5.458268559961428e-13, 0.44583112643762557], [0.07618219389250926, 5.364454433939018e-05, 0.31400209103762416, 0.609762070525527], [0.8582075126777908, 0.1370756963889723, 0.004711956677513616, 4.834255723318552e-06]]","[{""research"": 0, ""code_review"": 0, ""doc_processing"": 0, ""monitoring"": 8}, {""research"": 0, ""code_review"": 0, ""doc_processing"": 8, ""monitoring"": 0}, {""research"": 0, ""code_review"": 1, ""doc_processing"": 0, ""monitoring"": 7}, {""research"": 2, ""code_review"": 1, ""doc_processing"": 0, ""monitoring"": 5}, {""research"": 0, ""code_review"": 0, ""doc_processing"": 3, ""monitoring"": 5}, {""research"": 8, ""code_review"": 0, ""doc_processing"": 0, ""monitoring"": 0}]","[1, 1, 2, 3, 2, 1]",0.0,1.6666666666666667,0.23306611556833,0.6833333333333333,0.14848923759489982,0.09148351795843114,"{""COMPUTE"": 802, ""MEMORY"": 707, ""API_CREDITS"": 317, ""DATASET"": 280}","{""COMPUTE"": 422, ""MEMORY"": 372, ""API_CREDITS"": 167, ""DATASET"": 147}","{""COMPUTE"": 1.900473933649289, ""MEMORY"": 1.9005376344086022, ""API_CREDITS"": 1.8982035928143712, ""DATASET"": 1.9047619047619047}",4,[],"{""COMPUTE"": 0.014218009478672985, ""MEMORY"": 0.016129032258064516, ""API_CREDITS"": 0.03592814371257485, ""DATASET"": 0.034013605442176874}",exact_pending_queue,0,
workload,dirichlet_0.1__high,dirichlet_0.1,dirichlet,0.1,unit,high,1.9,4282649469,aedcf0dedf0807de,d3fd79209e40b1bb,"[[0.9542388493954471, 3.3962384236742525e-05, 0.00022193304062584644, 0.04550525517969031], [0.0006882334339689623, 0.0001797421620971182, 0.465496129777599, 0.5336358946263349], [0.35818043154598517, 0.6410476217481849, 8.780392436818813e-11, 0.0007719466180260612], [0.061180733942981826, 0.9352768436363601, 4.4982798930086267e-07, 0.0035419725926686954], [0.00010105810925244808, 0.00027196381448567076, 0.0005561001118473344, 0.9990708779644146], [0.40984102572627684, 0.0021636353870350686, 0.5874068354005243, 0.0005885034861637376]]","[{""research"": 7, ""code_review"": 0, ""doc_processing"": 0, ""monitoring"": 1}, {""research"": 0, ""code_review"": 0, ""doc_processing"": 3, ""monitoring"": 5}, {""research"": 4, ""code_review"": 4, ""doc_processing"": 0, ""monitoring"": 0}, {""research"": 1, ""code_review"": 7, ""doc_processing"": 0, ""monitoring"": 0}, {""research"": 0, ""code_review"": 0, ""doc_processing"": 0, ""monitoring"": 8}, {""research"": 2, ""code_review"": 0, ""doc_processing"": 6, ""monitoring"": 0}]","[2, 2, 2, 2, 1, 2]",0.0,1.8333333333333333,0.3210700844819409,0.7916666666666666,0.12508199408550508,0.08029644737516144,"{""COMPUTE"": 896, ""MEMORY"": 764, ""API_CREDITS"": 408, ""DATASET"": 224}","{""COMPUTE"": 472, ""MEMORY"": 402, ""API_CREDITS"": 215, ""DATASET"": 118}","{""COMPUTE"": 1.8983050847457628, ""MEMORY"": 1.900497512437811, ""API_CREDITS"": 1.8976744186046512, ""DATASET"": 1.8983050847457628}",4,[],"{""COMPUTE"": 0.012711864406779662, ""MEMORY"": 0.014925373134328358, ""API_CREDITS"": 0.027906976744186046, ""DATASET"": 0.05084745762711865}",exact_pending_queue,0,
workload,dirichlet_0.1__high,dirichlet_0.1,dirichlet,0.1,unit,high,1.9,2089981338,6fb3f1f8baf768cf,766dbbea72fae2ec,"[[0.1746675839001882, 7.536649377306029e-10, 0.11061827272296523, 0.7147141426231814], [0.625499329457585, 9.901589459213841e-11, 0.37081544821672136, 0.0036852222266777254], [5.005643988711833e-10, 0.9227254090933381, 0.0037862707430681105, 0.07348831966302943], [3.0951504683376e-05, 5.948000355510529e-05, 0.37390906331140805, 0.6260005051803537], [4.486282037833476e-05, 1.3328422460328657e-25, 0.0841330539847196, 0.9158220831949022], [3.046812201913288e-07, 0.9999933825784065, 5.104870369121613e-07, 5.802253336440899e-06]]","[{""research"": 1, ""code_review"": 0, ""doc_processing"": 0, ""monitoring"": 7}, {""research"": 6, ""code_review"": 0, ""doc_processing"": 2, ""monitoring"": 0}, {""research"": 0, ""code_review"": 7, ""doc_processing"": 1, ""monitoring"": 0}, {""research"": 0, ""code_review"": 0, ""doc_processing"": 3, ""monitoring"": 5}, {""research"": 0, ""code_review"": 0, ""doc_processing"": 1, ""monitoring"": 7}, {""research"": 0, ""code_review"": 8, ""doc_processing"": 0, ""monitoring"": 0}]","[2, 2, 2, 2, 2, 1]",0.0,1.8333333333333333,0.28303378808190727,0.7333333333333333,0.1400844046855895,0.09667558819767996,"{""COMPUTE"": 694, ""MEMORY"": 606, ""API_CREDITS"": 298, ""DATASET"": 208}","{""COMPUTE"": 365, ""MEMORY"": 319, ""API_CREDITS"": 157, ""DATASET"": 109}","{""COMPUTE"": 1.9013698630136986, ""MEMORY"": 1.8996865203761755, ""API_CREDITS"": 1.8980891719745223, ""DATASET"": 1.908256880733945}",4,[],"{""COMPUTE"": 0.01643835616438356, ""MEMORY"": 0.018808777429467086, ""API_CREDITS"": 0.03821656050955414, ""DATASET"": 0.03669724770642202}",exact_pending_queue,0,
workload,dirichlet_0.1__high,dirichlet_0.1,dirichlet,0.1,unit,high,1.9,1751949247,35457ed9cbd9231f,8b651db3066659f5,"[[0.1442596601198595, 0.855504412384574, 0.00023591810326602925, 9.392300440387848e-09], [0.02084089497211442, 0.10740234622762597, 6.927897623867742e-05, 0.8716874798240208], [0.6979966362497128, 3.701849595156329e-07, 0.17800185163014437, 0.12400114193518343], [0.14722723363158102, 0.11389753609952688, 1.4492393362140512e-08, 0.7388752157764988], [1.6468508801832387e-13, 0.2558096924390341, 2.7162856304385138e-17, 0.7441903075608012], [0.9885785122535197, 0.007170224391388375, 7.868530374027455e-12, 0.004251263347223394]]","[{""research"": 0, ""code_review"": 8, ""doc_processing"": 0, ""monitoring"": 0}, {""research"": 0, ""code_review"": 0, ""doc_processing"": 0, ""monitoring"": 8}, {""research"": 4, ""code_review"": 0, ""doc_processing"": 3, ""monitoring"": 1}, {""research"": 1, ""code_review"": 1, ""doc_processing"": 0, ""monitoring"": 6}, {""research"": 0, ""code_review"": 2, ""doc_processing"": 0, ""monitoring"": 6}, {""research"": 7, ""code_review"": 0, ""doc_processing"": 0, ""monitoring"": 1}]","[1, 1, 3, 3, 2, 2]",0.0,2.0,0.3184799795289524,0.7083333333333334,0.14923678262681245,0.10158318944680637,"{""COMPUTE"": 760, ""MEMORY"": 682, ""API_CREDITS"": 322, ""DATASET"": 272}","{""COMPUTE"": 400, ""MEMORY"": 359, ""API_CREDITS"": 169, ""DATASET"": 143}","{""COMPUTE"": 1.9, ""MEMORY"": 1.8997214484679665, ""API_CREDITS"": 1.9053254437869822, ""DATASET"": 1.902097902097902}",4,[],"{""COMPUTE"": 0.015, ""MEMORY"": 0.016713091922005572, ""API_CREDITS"": 0.03550295857988166, ""DATASET"": 0.03496503496503497}",exact_pending_queue,0,
workload,dirichlet_0.1__high,dirichlet_0.1,dirichlet,0.1,unit,high,1.9,4210982914,128f25cc16e200c6,784604181d85db2f,"[[0.21762338392864886, 0.5368123153630149, 2.8058386846479318e-14, 0.24556430070830818], [3.2733768825287803e-07, 0.9752178579089437, 0.023411459285773723, 0.001370355467594536], [0.003108054588948397, 7.338570697350486e-07, 1.940036860225049e-08, 0.9968911921536134], [0.9706504728282509, 0.0005526903524157852, 0.00012078112485467339, 0.028676055694478633], [0.9999578525765295, 2.9187743766103475e-05, 4.4358248202991015e-06, 8.523854884268245e-06], [0.28457299240369227, 0.7152597986116512, 2.887608895006236e-11, 0.00016720895578053172]]","[{""research"": 0, ""code_review"": 7, ""doc_processing"": 0, ""monitoring"": 1}, {""research"": 0, ""code_review"": 8, ""doc_processing"": 0, ""monitoring"": 0}, {""research"": 0, ""code_review"": 0, ""doc_processing"": 0, ""monitoring"": 8}, {""research"": 8, ""code_review"": 0, ""doc_processing"": 0, ""monitoring"": 0}, {""research"": 8, ""code_review"": 0, ""doc_processing"": 0, ""monitoring"": 0}, {""research"": 1, ""code_review"": 7, ""doc_processing"": 0, ""monitoring"": 0}]","[2, 1, 1, 1, 1, 2]",0.0,1.3333333333333333,0.0905940738665994,0.7333333333333333,0.12287409933994985,0.07543014621582597,"{""COMPUTE"": 870, ""MEMORY"": 750, ""API_CREDITS"": 430, ""DATASET"": 208}","{""COMPUTE"": 458, ""MEMORY"": 395, ""API_CREDITS"": 226, ""DATASET"": 109}","{""COMPUTE"": 1.8995633187772927, ""MEMORY"": 1.8987341772151898, ""API_CREDITS"": 1.9026548672566372, ""DATASET"": 1.908256880733945}",4,[],"{""COMPUTE"": 0.013100436681222707, ""MEMORY"": 0.015189873417721518, ""API_CREDITS"": 0.02654867256637168, ""DATASET"": 0.045871559633027525}",exact_pending_queue,0,
workload,dirichlet_0.1__high,dirichlet_0.1,dirichlet,0.1,unit,high,1.9,3922112564,fa299358b36214a7,8b0ef4fb86c0acfd,"[[0.9994904496453282, 1.6339815393202168e-22, 3.9372129504603073e-07, 0.0005091566333766934], [0.030480880850819615, 0.6068776444773958, 0.34684726919038106, 0.01579420548140338], [0.9544937004740774, 2.5435333874581027e-07, 0.007199820705992087, 0.03830622446659172], [0.6773728811789136, 0.00889368108219996, 0.3021214293546294, 0.01161200838425709], [0.5626646612527022, 0.00025816006438721405, 1.5718839494022328e-17, 0.4370771786829105], [0.02646601761434392, 0.6065678448603185, 0.11793814325840231, 0.24902799426693545]]","[{""research"": 8, ""code_review"": 0, ""doc_processing"": 0, ""monitoring"": 0}, {""research"": 0, ""code_review"": 5, ""doc_processing"": 2, ""monitoring"": 1}, {""research"": 8, ""code_review"": 0, ""doc_processing"": 0, ""monitoring"": 0}, {""research"": 6, ""code_review"": 0, ""doc_processing"": 2, ""monitoring"": 0}, {""research"": 5, ""code_review"": 0, ""doc_processing"": 0, ""monitoring"": 3}, {""research"": 0, ""code_review"": 5, ""doc_processing"": 2, ""monitoring"": 1}]","[1, 3, 1, 2, 2, 3]",0.0,2.0,0.3636085007312413,0.5916666666666667,0.04312873176509539,0.02782886021522385,"{""COMPUTE"": 1190, ""MEMORY"": 1004, ""API_CREDITS"": 584, ""DATASET"": 256}","{""COMPUTE"": 626, ""MEMORY"": 528, ""API_CREDITS"": 307, ""DATASET"": 135}","{""COMPUTE"": 1.900958466453674, ""MEMORY"": 1.9015151515151516, ""API_CREDITS"": 1.9022801302931596, ""DATASET"": 1.8962962962962964}",4,[],"{""COMPUTE"": 0.009584664536741214, ""MEMORY"": 0.011363636363636364, ""API_CREDITS"": 0.019543973941368076, ""DATASET"": 0.044444444444444446}",exact_pending_queue,0,
workload,dirichlet_0.1__high,dirichlet_0.1,dirichlet,0.1,unit,high,1.9,183163032,6b7658e8aa33a768,177eea0028f59cf9,"[[4.940469069004057e-05, 0.999923798679429, 2.7960186702037105e-10, 2.6796350278983284e-05], [3.346827397474145e-07, 1.2772921698098164e-08, 0.0763889459163436, 0.9236107066279949], [0.006374185901552828, 0.8049038877807403, 2.7577372263729507e-06, 0.18871916858048063], [0.0007551855605232257, 1.6576116620626446e-13, 1.1602785901734462e-07, 0.999244698411452], [1.7572224972669604e-05, 1.816957558804469e-11, 0.0023596582829959662, 0.9976227694738616], [0.0006651597920879265, 0.3334406906954065, 4.810027125041414e-07, 0.6658936685097931]]","[{""research"": 0, ""code_review"": 8, ""doc_processing"": 0, ""monitoring"": 0}, {""research"": 0, ""code_review"": 0, ""doc_processing"": 1, ""monitoring"": 7}, {""research"": 0, ""code_review"": 5, ""doc_processing"": 0, ""monitoring"": 3}, {""research"": 0, ""code_review"": 0, ""doc_processing"": 0, ""monitoring"": 8}, {""research"": 0, ""code_review"": 0, ""doc_processing"": 0, ""monitoring"": 8}, {""research"": 0, ""code_review"": 2, ""doc_processing"": 0, ""monitoring"": 6}]","[1, 2, 2, 1, 1, 2]",0.0,1.5,0.19243971421530784,0.49166666666666664,0.14664246239693812,0.09858017956909687,"{""COMPUTE"": 428, ""MEMORY"": 424, ""API_CREDITS"": 132, ""DATASET"": 256}","{""COMPUTE"": 225, ""MEMORY"": 223, ""API_CREDITS"": 69, ""DATASET"": 135}","{""COMPUTE"": 1.9022222222222223, ""MEMORY"": 1.9013452914798206, ""API_CREDITS"": 1.9130434782608696, ""DATASET"": 1.8962962962962964}",4,[],"{""COMPUTE"": 0.02666666666666667, ""MEMORY"": 0.026905829596412557, ""API_CREDITS"": 0.08695652173913043, ""DATASET"": 0.037037037037037035}",exact_pending_queue,0,
workload,dirichlet_0.1__high,dirichlet_0.1,dirichlet,0.1,unit,high,1.9,4222305526,68dfd78be3134dd1,d2fe20ee4659c724,"[[5.6058834083932514e-05, 0.9987077684225233, 3.595102413892924e-08, 0.0012361367923683709], [0.9994660014895606, 0.0001421890689415869, 4.862782115102368e-05, 0.0003431816203466089], [0.5831800700685933, 0.00023233167221800116, 0.414510451058108, 0.0020771472010807446], [7.04198845303861e-07, 0.9904615670082596, 0.008789401116055393, 0.0007483276768396439], [9.219997335309809e-07, 0.0016873031564476003, 0.9756129453174813, 0.022698829526337606], [0.6507756161230769, 0.0028030875586255916, 1.4960933805464592e-05, 0.3464063353844921]]","[{""research"": 0, ""code_review"": 8, ""doc_processing"": 0, ""monitoring"": 0}, {""research"": 8, ""code_review"": 0, ""doc_processing"": 0, ""monitoring"": 0}, {""research"": 6, ""code_review"": 0, ""doc_processing"": 2, ""monitoring"": 0}, {""research"": 0, ""code_review"": 8, ""doc_processing"": 0, ""monitoring"": 0}, {""research"": 0, ""code_review"": 0, ""doc_processing"": 8, ""monitoring"": 0}, {""research"": 5, ""code_review"": 0, ""doc_processing"": 0, ""monitoring"": 3}]","[1, 1, 2, 1, 1, 2]",0.0,1.3333333333333333,0.14714267728200817,0.7833333333333333,0.07034422034422035,0.049049330299330306,"{""COMPUTE"": 1050, ""MEMORY"": 866, ""API_CREDITS"": 522, ""DATASET"": 176}","{""COMPUTE"": 553, ""MEMORY"": 456, ""API_CREDITS"": 275, ""DATASET"": 93}","{""COMPUTE"": 1.8987341772151898, ""MEMORY"": 1.8991228070175439, ""API_CREDITS"": 1.8981818181818182, ""DATASET"": 1.89247311827957}",4,[],"{""COMPUTE"": 0.0108499095840868, ""MEMORY"": 0.013157894736842105, ""API_CREDITS"": 0.02181818181818182, ""DATASET"": 0.03225806451612903}",exact_pending_queue,0,
workload,dirichlet_0.1__high,dirichlet_0.1,dirichlet,0.1,unit,high,1.9,3706283824,75d5b47a8755bab0,026f9810df699e98,"[[1.4644093349189461e-06, 0.0069026002448709925, 0.00040631557770791284, 0.9926896197680862], [0.0008298688575013939, 0.9736022656101144, 0.025551580206041768, 1.6285326342515895e-05], [0.0009195853938299895, 0.9990804146061699, 4.8794596399910154e-27, 7.11406996208218e-19], [0.0020661131468521893, 0.011682469591278805, 0.98616981251623, 8.160474563900957e-05], [9.59747402106692e-07, 0.9997966709334482, 3.9987230857433405e-12, 0.00020236931515094783], [0.6687822885603831, 0.00011635451236788479, 1.4965345428608786e-09, 0.33110135543071434]]","[{""research"": 0, ""code_review"": 0, ""doc_processing"": 0, ""monitoring"": 8}, {""research"": 0, ""code_review"": 8, ""doc_processing"": 0, ""monitoring"": 0}, {""research"": 0, ""code_review"": 8, ""doc_processing"": 0, ""monitoring"": 0}, {""research"": 0, ""code_review"": 1, ""doc_processing"": 7, ""monitoring"": 0}, {""research"": 0, ""code_review"": 8, ""doc_processing"": 0, ""monitoring"": 0}, {""research"": 7, ""code_review"": 0, ""doc_processing"": 0, ""monitoring"": 1}]","[1, 1, 1, 2, 1, 2]",0.0,1.3333333333333333,0.0905940738665994,0.7666666666666667,0.13476076363926834,0.0934745852970152,"{""COMPUTE"": 714, ""MEMORY"": 596, ""API_CREDITS"": 348, ""DATASET"": 128}","{""COMPUTE"": 376, ""MEMORY"": 314, ""API_CREDITS"": 183, ""DATASET"": 67}","{""COMPUTE"": 1.898936170212766, ""MEMORY"": 1.8980891719745223, ""API_CREDITS"": 1.901639344262295, ""DATASET"": 1.9104477611940298}",4,[],"{""COMPUTE"": 0.015957446808510637, ""MEMORY"": 0.01910828025477707, ""API_CREDITS"": 0.03278688524590164, ""DATASET"": 0.029850746268656716}",exact_pending_queue,0,
workload,dirichlet_0.1__high,dirichlet_0.1,dirichlet,0.1,unit,high,1.9,927763105,d40f3418da821ae5,ed18ab23dc1a5f73,"[[0.28145568013431654, 0.1047524338025197, 0.21731996736433912, 0.3964719186988246], [0.6283169708820979, 0.0009485177915300139, 0.370730900276354, 3.611050018030228e-06], [0.02415389377609244, 0.9370270086223461, 0.012283878219305036, 0.02653521938225646], [0.41211548192796565, 2.7868136675036452e-11, 0.18014972823493527, 0.4077347898092309], [0.09356568671846031, 0.9063446704032315, 3.256600985565596e-05, 5.70768684526097e-05], [5.5805442175069365e-06, 0.6986082554359649, 8.141833900467432e-08, 0.3013860826014786]]","[{""research"": 1, ""code_review"": 0, ""doc_processing"": 4, ""monitoring"": 3}, {""research"": 3, ""code_review"": 0, ""doc_processing"": 5, ""monitoring"": 0}, {""research"": 0, ""code_review"": 8, ""doc_processing"": 0, ""monitoring"": 0}, {""research"": 3, ""code_review"": 0, ""doc_processing"": 2, ""monitoring"": 3}, {""research"": 2, ""code_review"": 6, ""doc_processing"": 0, ""monitoring"": 0}, {""research"": 0, ""code_review"": 4, ""doc_processing"": 0, ""monitoring"": 4}]","[3, 2, 1, 3, 2, 2]",0.0,2.1666666666666665,0.47771910950606644,0.6583333333333333,0.07373668188736683,0.047273579558223144,"{""COMPUTE"": 808, ""MEMORY"": 671, ""API_CREDITS"": 381, ""DATASET"": 152}","{""COMPUTE"": 425, ""MEMORY"": 353, ""API_CREDITS"": 201, ""DATASET"": 80}","{""COMPUTE"": 1.9011764705882352, ""MEMORY"": 1.9008498583569404, ""API_CREDITS"": 1.8955223880597014, ""DATASET"": 1.9}",4,[],"{""COMPUTE"": 0.01411764705882353, ""MEMORY"": 0.0169971671388102, ""API_CREDITS"": 0.029850746268656716, ""DATASET"": 0.0625}",exact_pending_queue,0,
workload,dirichlet_0.1__high,dirichlet_0.1,dirichlet,0.1,unit,high,1.9,642816875,a2fb1fcfb651dc66,a20f6c0cd29cbe5a,"[[0.23065680422833928, 0.7533407933583508, 2.811116012345868e-07, 0.01600212130170867], [0.9998941247630916, 0.00010136948526561843, 6.602385764161106e-10, 4.505091404170491e-06], [6.033326551630034e-05, 2.4087710486861083e-06, 0.9999372579619734, 1.4616845045368006e-12], [0.5983968276539392, 7.439815774095593e-05, 0.4015287741696977, 1.8622123877573202e-11], [0.09771384392516656, 2.5135443060506753e-05, 0.36456037065670327, 0.5377006499750698], [0.10864486190767576, 0.002343018504537425, 0.004324140776003405, 0.8846879788117835]]","[{""research"": 2, ""code_review"": 6, ""doc_processing"": 0, ""monitoring"": 0}, {""research"": 8, ""code_review"": 0, ""doc_processing"": 0, ""monitoring"": 0}, {""research"": 0, ""code_review"": 0, ""doc_processing"": 8, ""monitoring"": 0}, {""research"": 6, ""code_review"": 0, ""doc_processing"": 2, ""monitoring"": 0}, {""research"": 1, ""code_review"": 0, ""doc_processing"": 2, ""monitoring"": 5}, {""research"": 0, ""code_review"": 0, ""doc_processing"": 0, ""monitoring"": 8}]","[2, 1, 1, 2, 3, 1]",0.0,1.6666666666666667,0.24344593246780535,0.8,0.13109713623248653,0.0831505278161329,"{""COMPUTE"": 1006, ""MEMORY"": 850, ""API_CREDITS"": 458, ""DATASET"": 240}","{""COMPUTE"": 529, ""MEMORY"": 447, ""API_CREDITS"": 241, ""DATASET"": 126}","{""COMPUTE"": 1.9017013232514177, ""MEMORY"": 1.9015659955257271, ""API_CREDITS"": 1.900414937759336, ""DATASET"": 1.9047619047619047}",4,[],"{""COMPUTE"": 0.011342155009451797, ""MEMORY"": 0.013422818791946308, ""API_CREDITS"": 0.024896265560165973, ""DATASET"": 0.03968253968253968}",exact_pending_queue,0,
workload,dirichlet_0.1__high,dirichlet_0.1,dirichlet,0.1,unit,high,1.9,2485047775,3e40f341a32fe4e1,4d7785b146b2c761,"[[9.762894023151007e-12, 0.1490973661152351, 0.062044581960871786, 0.7888580519141302], [0.00032995427817323085, 0.9996693411844711, 3.8401351991834667e-14, 7.045373170983978e-07], [0.0007326387289021152, 1.6907794395154894e-08, 0.013380308493893113, 0.9858870358694105], [4.810433357640101e-08, 0.9181908395902033, 0.08162058281697625, 0.00018852948848689449], [0.010896925074917673, 5.759484955043724e-19, 0.9891019927251405, 1.0821999417315767e-06], [5.56325358923423e-19, 0.9999581024141455, 7.784919723802182e-10, 4.1896807362431704e-05]]","[{""research"": 0, ""code_review"": 2, ""doc_processing"": 0, ""monitoring"": 6}, {""research"": 0, ""code_review"": 8, ""doc_processing"": 0, ""monitoring"": 0}, {""research"": 0, ""code_review"": 0, ""doc_processing"": 0, ""monitoring"": 8}, {""research"": 0, ""code_review"": 7, ""doc_processing"": 1, ""monitoring"": 0}, {""research"": 0, ""code_review"": 0, ""doc_processing"": 8, ""monitoring"": 0}, {""research"": 0, ""code_review"": 8, ""doc_processing"": 0, ""monitoring"": 0}]","[2, 1, 1, 2, 1, 1]",0.0,1.3333333333333333,0.1129035473048941,0.7083333333333334,0.1648078319646947,0.1256913021618904,"{""COMPUTE"": 560, ""MEMORY"": 470, ""API_CREDITS"": 254, ""DATASET"": 112}","{""COMPUTE"": 295, ""MEMORY"": 247, ""API_CREDITS"": 134, ""DATASET"": 59}","{""COMPUTE"": 1.8983050847457628, ""MEMORY"": 1.902834008097166, ""API_CREDITS"": 1.8955223880597014, ""DATASET"": 1.8983050847457628}",4,[],"{""COMPUTE"": 0.020338983050847456, ""MEMORY"": 0.024291497975708502, ""API_CREDITS"": 0.04477611940298507, ""DATASET"": 0.03389830508474576}",exact_pending_queue,0,
workload,dirichlet_0.1__high,dirichlet_0.1,dirichlet,0.1,unit,high,1.9,1464621060,c96babf98ae421af,80c6900c39b4b4eb,"[[0.9975962127693144, 1.7781799549147618e-05, 0.002386005431132689, 3.831677897927607e-15], [2.9065751458836248e-05, 5.135277929586872e-08, 0.21505745681431393, 0.784913426081448], [1.6868436326563588e-07, 1.1911738046572342e-08, 1.3035543959074944e-15, 0.9999998194038974], [0.4778582327050345, 0.43248270359048024, 0.08962583436466265, 3.32293398225933e-05], [2.32739245063191e-16, 9.229786411738109e-08, 0.7606173335180479, 0.2393825741840878], [1.5767233941185053e-09, 0.9999998980632785, 7.070923909731548e-08, 2.9650758951487953e-08]]","[{""research"": 8, ""code_review"": 0, ""doc_processing"": 0, ""monitoring"": 0}, {""research"": 0, ""code_review"": 0, ""doc_processing"": 1, ""monitoring"": 7}, {""research"": 0, ""code_review"": 0, ""doc_processing"": 0, ""monitoring"": 8}, {""research"": 3, ""code_review"": 5, ""doc_processing"": 0, ""monitoring"": 0}, {""research"": 0, ""code_review"": 0, ""doc_processing"": 7, ""monitoring"": 1}, {""research"": 0, ""code_review"": 8, ""doc_processing"": 0, ""monitoring"": 0}]","[1, 2, 1, 2, 2, 1]",0.0,1.5,0.17013024077701314,0.85,0.15887064970320738,0.10869274606175579,"{""COMPUTE"": 808, ""MEMORY"": 695, ""API_CREDITS"": 361, ""DATASET"": 216}","{""COMPUTE"": 425, ""MEMORY"": 366, ""API_CREDITS"": 190, ""DATASET"": 114}","{""COMPUTE"": 1.9011764705882352, ""MEMORY"": 1.8989071038251366, ""API_CREDITS"": 1.9, ""DATASET"": 1.894736842105263}",4,[],"{""COMPUTE"": 0.01411764705882353, ""MEMORY"": 0.01639344262295082, ""API_CREDITS"": 0.031578947368421054, ""DATASET"": 0.043859649122807015}",exact_pending_queue,0,
workload,dirichlet_0.1__high,dirichlet_0.1,dirichlet,0.1,unit,high,1.9,1594198431,c517a6781e002027,e2002a874fd20a24,"[[0.048295482746809996, 0.4064560659785791, 1.2616169695090756e-15, 0.5452484512746097], [0.011139009454996407, 0.9510524295916475, 2.0757459351445544e-06, 0.03780648520742111], [4.822506448255187e-10, 0.9987627236698355, 4.6510855709586835e-12, 0.0012372758432625355], [0.653633049292585, 6.020186139330178e-09, 0.0002800501623244679, 0.3460868945249043], [3.569002681498973e-07, 0.021314483575935773, 0.9786851462930772, 1.323071885829946e-08], [0.0034556067840046684, 0.004229344312674778, 0.9867862152878717, 0.005528833615448872]]","[{""research"": 1, ""code_review"": 3, ""doc_processing"": 0, ""monitoring"": 4}, {""research"": 0, ""code_review"": 8, ""doc_processing"": 0, ""monitoring"": 0}, {""research"": 0, ""code_review"": 8, ""doc_processing"": 0, ""monitoring"": 0}, {""research"": 6, ""code_review"": 0, ""doc_processing"": 0, ""monitoring"": 2}, {""research"": 0, ""code_review"": 0, ""doc_processing"": 8, ""monitoring"": 0}, {""research"": 0, ""code_review"": 0, ""doc_processing"": 8, ""monitoring"": 0}]","[3, 1, 1, 2, 1, 1]",0.0,1.5,0.18474309889072493,0.7916666666666666,0.0851010101010101,0.05894650528271219,"{""COMPUTE"": 828, ""MEMORY"": 665, ""API_CREDITS"": 399, ""DATASET"": 104}","{""COMPUTE"": 436, ""MEMORY"": 350, ""API_CREDITS"": 210, ""DATASET"": 55}","{""COMPUTE"": 1.8990825688073394, ""MEMORY"": 1.9, ""API_CREDITS"": 1.9, ""DATASET"": 1.8909090909090909}",4,[],"{""COMPUTE"": 0.013761467889908258, ""MEMORY"": 0.017142857142857144, ""API_CREDITS"": 0.02857142857142857, ""DATASET"": 0.03636363636363636}",exact_pending_queue,0,
workload,dirichlet_0.1__high,dirichlet_0.1,dirichlet,0.1,unit,high,1.9,2964826275,73f70f2c6236d544,4d39ea707ffe8d47,"[[0.9915278800667772, 3.702706828484071e-12, 3.011679704841713e-15, 0.008472119929517028], [0.961163061416953, 0.038836338426681084, 5.831603477359412e-07, 1.6996018235716327e-08], [0.49256036193882724, 0.49033432290223083, 0.012323104358977911, 0.004782210799964028], [0.09857823190698986, 0.9014200884308182, 1.6796621883233345e-06, 3.598669639666834e-15], [0.9268038843060354, 0.00010931942275281904, 0.07307191170849467, 1.4884562716914915e-05], [0.0018492388326830412, 0.998073635271041, 5.193458373991534e-13, 7.712589575675198e-05]]","[{""research"": 8, ""code_review"": 0, ""doc_processing"": 0, ""monitoring"": 0}, {""research"": 8, ""code_review"": 0, ""doc_processing"": 0, ""monitoring"": 0}, {""research"": 5, ""code_review"": 2, ""doc_processing"": 1, ""monitoring"": 0}, {""research"": 1, ""code_review"": 7, ""doc_processing"": 0, ""monitoring"": 0}, {""research"": 7, ""code_review"": 0, ""doc_processing"": 1, ""monitoring"": 0}, {""research"": 0, ""code_review"": 8, ""doc_processing"": 0, ""monitoring"": 0}]","[1, 1, 3, 2, 2, 1]",0.0,1.6666666666666667,0.19882698559121595,0.5583333333333333,0.042882214066578404,0.030920266320823786,"{""COMPUTE"": 1200, ""MEMORY"": 1009, ""API_CREDITS"": 615, ""DATASET"": 232}","{""COMPUTE"": 632, ""MEMORY"": 531, ""API_CREDITS"": 324, ""DATASET"": 122}","{""COMPUTE"": 1.8987341772151898, ""MEMORY"": 1.9001883239171375, ""API_CREDITS"": 1.8981481481481481, ""DATASET"": 1.901639344262295}",4,[],"{""COMPUTE"": 0.00949367088607595, ""MEMORY"": 0.011299435028248588, ""API_CREDITS"": 0.018518518518518517, ""DATASET"": 0.040983606557377046}",exact_pending_queue,0,
workload,dirichlet_0.1__high,dirichlet_0.1,dirichlet,0.1,unit,high,1.9,3703943727,bf71be0643c5965a,64fc7a8b7b77ba98,"[[0.35248517745356434, 0.6425568215744921, 0.004955211857272685, 2.789114670644229e-06], [9.110928099038599e-08, 0.5519076488619246, 0.04809376157242022, 0.39999849845637425], [7.949101910487387e-05, 0.0113032487852403, 0.39664783069392634, 0.5919694295017285], [0.9983119291457394, 1.4533906534416422e-11, 0.0016880234581191837, 4.7381607466660604e-08], [0.001504293029870566, 0.0005999730413633569, 0.9973798166395527, 0.000515917289213315], [8.012302338787013e-14, 0.0006391065645610076, 9.548828346318556e-07, 0.9993599385525241]]","[{""research"": 3, ""code_review"": 5, ""doc_processing"": 0, ""monitoring"": 0}, {""research"": 0, ""code_review"": 5, ""doc_processing"": 0, ""monitoring"": 3}, {""research"": 0, ""code_review"": 0, ""doc_processing"": 2, ""monitoring"": 6}, {""research"": 8, ""code_review"": 0, ""doc_processing"": 0, ""monitoring"": 0}, {""research"": 0, ""code_review"": 0, ""doc_processing"": 8, ""monitoring"": 0}, {""research"": 0, ""code_review"": 0, ""doc_processing"": 0, ""monitoring"": 8}]","[2, 2, 2, 1, 1, 1]",0.0,1.5,0.2266788441924219,0.8166666666666667,0.13782906907906908,0.08649411448890615,"{""COMPUTE"": 830, ""MEMORY"": 712, ""API_CREDITS"": 364, ""DATASET"": 224}","{""COMPUTE"": 437, ""MEMORY"": 375, ""API_CREDITS"": 192, ""DATASET"": 118}","{""COMPUTE"": 1.8993135011441649, ""MEMORY"": 1.8986666666666667, ""API_CREDITS"": 1.8958333333333333, ""DATASET"": 1.8983050847457628}",4,[],"{""COMPUTE"": 0.013729977116704805, ""MEMORY"": 0.016, ""API_CREDITS"": 0.03125, ""DATASET"": 0.0423728813559322}",exact_pending_queue,0,
workload,dirichlet_0.1__high,dirichlet_0.1,dirichlet,0.1,unit,high,1.9,1321997983,dad43412a262edd9,cd6307a75cb04e01,"[[0.012130048363298299, 0.7387204437640079, 0.2487014484522529, 0.00044805942044098476], [0.028657955117729093, 0.4071895352871046, 6.389446070818747e-05, 0.5640886151344581], [0.9984068918523701, 1.4674742960264295e-05, 0.0015699073946516563, 8.526010017778754e-06], [3.8283656316038066e-10, 0.16004741214196663, 0.23812715144970753, 0.6018254360254893], [0.9999407748625306, 1.9429667118910054e-08, 2.898027792979686e-08, 5.917672752448822e-05], [0.9778876250326878, 0.02207835931673687, 4.754931938833471e-06, 2.926071863672866e-05]]","[{""research"": 0, ""code_review"": 8, ""doc_processing"": 0, ""monitoring"": 0}, {""research"": 0, ""code_review"": 6, ""doc_processing"": 0, ""monitoring"": 2}, {""research"": 8, ""code_review"": 0, ""doc_processing"": 0, ""monitoring"": 0}, {""research"": 0, ""code_review"": 1, ""doc_processing"": 3, ""monitoring"": 4}, {""research"": 8, ""code_review"": 0, ""doc_processing"": 0, ""monitoring"": 0}, {""research"": 8, ""code_review"": 0, ""doc_processing"": 0, ""monitoring"": 0}]","[1, 2, 1, 3, 1, 1]",0.0,1.5,0.18474309889072493,0.7166666666666667,0.04622182206215821,0.028381554642058864,"{""COMPUTE"": 1080, ""MEMORY"": 918, ""API_CREDITS"": 534, ""DATASET"": 240}","{""COMPUTE"": 568, ""MEMORY"": 483, ""API_CREDITS"": 281, ""DATASET"": 126}","{""COMPUTE"": 1.9014084507042253, ""MEMORY"": 1.9006211180124224, ""API_CREDITS"": 1.900355871886121, ""DATASET"": 1.9047619047619047}",4,[],"{""COMPUTE"": 0.01056338028169014, ""MEMORY"": 0.012422360248447204, ""API_CREDITS"": 0.021352313167259787, ""DATASET"": 0.03968253968253968}",exact_pending_queue,0,
workload,dirichlet_0.1__high,dirichlet_0.1,dirichlet,0.1,unit,high,1.9,2789760346,5be82258ec6d1e02,d743ab3fdf751aa9,"[[0.013033829703784095, 0.9869467944686774, 1.934138507557387e-05, 3.44424628368725e-08], [0.00037950477428140875, 0.006552068447255515, 0.5439468024790531, 0.4491216242994099], [0.0036953607348017203, 0.9911664074529889, 9.933436853434233e-05, 0.005038897443675129], [0.003513008023817497, 0.9964741677095501, 1.7061982394569418e-07, 1.2653646808533932e-05], [0.6194319977312641, 0.3774489037724958, 2.7783784934274617e-15, 0.0031190984962373336], [0.023332961509792926, 1.2616856129684392e-13, 0.9227649033203684, 0.05390213516971259]]","[{""research"": 0, ""code_review"": 8, ""doc_processing"": 0, ""monitoring"": 0}, {""research"": 0, ""code_review"": 0, ""doc_processing"": 4, ""monitoring"": 4}, {""research"": 0, ""code_review"": 8, ""doc_processing"": 0, ""monitoring"": 0}, {""research"": 0, ""code_review"": 8, ""doc_processing"": 0, ""monitoring"": 0}, {""research"": 6, ""code_review"": 2, ""doc_processing"": 0, ""monitoring"": 0}, {""research"": 0, ""code_review"": 0, ""doc_processing"": 7, ""monitoring"": 1}]","[1, 2, 1, 1, 2, 2]",0.0,1.5,0.19623688063822745,0.7083333333333334,0.06342122509249583,0.044165813488442396,"{""COMPUTE"": 746, ""MEMORY"": 603, ""API_CREDITS"": 373, ""DATASET"": 88}","{""COMPUTE"": 393, ""MEMORY"": 317, ""API_CREDITS"": 196, ""DATASET"": 46}","{""COMPUTE"": 1.8982188295165394, ""MEMORY"": 1.9022082018927444, ""API_CREDITS"": 1.903061224489796, ""DATASET"": 1.9130434782608696}",4,[],"{""COMPUTE"": 0.015267175572519083, ""MEMORY"": 0.01892744479495268, ""API_CREDITS"": 0.030612244897959183, ""DATASET"": 0.06521739130434782}",exact_pending_queue,0,
workload,dirichlet_0.1__high,dirichlet_0.1,dirichlet,0.1,unit,high,1.9,4250606291,657db474a102bc04,5b638f1235fd54ef,"[[0.0016390672959240478, 3.541961384318538e-09, 0.9953283747270484, 0.003032554435066067], [1.2407986493981633e-05, 0.9468400969880764, 1.7581360432368875e-07, 0.05314731921182537], [0.0005323307881709629, 3.2316648116018735e-06, 0.42425421819840714, 0.5752102193486104], [2.0969758671262594e-06, 0.9797088387748694, 6.63158791725817e-05, 0.020222748370090977], [0.002120392466056998, 0.21164477781263355, 0.7850593445022666, 0.0011754852190428932], [1.2342115370113968e-05, 0.8159733948890894, 0.18394891978896785, 6.534320657242591e-05]]","[{""research"": 0, ""code_review"": 0, ""doc_processing"": 8, ""monitoring"": 0}, {""research"": 0, ""code_review"": 8, ""doc_processing"": 0, ""monitoring"": 0}, {""research"": 0, ""code_review"": 0, ""doc_processing"": 5, ""monitoring"": 3}, {""research"": 0, ""code_review"": 8, ""doc_processing"": 0, ""monitoring"": 0}, {""research"": 0, ""code_review"": 2, ""doc_processing"": 6, ""monitoring"": 0}, {""research"": 0, ""code_review"": 7, ""doc_processing"": 1, ""monitoring"": 0}]","[1, 1, 2, 1, 2, 2]",0.0,1.5,0.19243971421530784,0.6083333333333333,0.042707397424378554,0.0313616158086808,"{""COMPUTE"": 714, ""MEMORY"": 547, ""API_CREDITS"": 353, ""DATASET"": 24}","{""COMPUTE"": 376, ""MEMORY"": 288, ""API_CREDITS"": 186, ""DATASET"": 13}","{""COMPUTE"": 1.898936170212766, ""MEMORY"": 1.8993055555555556, ""API_CREDITS"": 1.8978494623655915, ""DATASET"": 1.8461538461538463}",4,[],"{""COMPUTE"": 0.015957446808510637, ""MEMORY"": 0.020833333333333332, ""API_CREDITS"": 0.03225806451612903, ""DATASET"": 0.07692307692307693}",exact_pending_queue,0,
workload,dirichlet_0.03__moderate,dirichlet_0.03,dirichlet,0.03,unit,moderate,1.3,2098221685,2fbbc52a24da99fe,f7bcf37cda7c1b96,"[[0.9364535425005589, 3.0767718941402668e-15, 1.5115657366441985e-48, 0.06354645749943802], [1.4146370546543678e-06, 7.474685116784684e-18, 2.1046535306277685e-19, 0.9999985853629454], [1.7107447644343454e-24, 4.796683540636953e-52, 0.9986945342171948, 0.0013054657828052152], [1.0020896744800774e-09, 0.9999999989979104, 0.0, 0.0], [1.8322455180657914e-07, 0.9999997963513966, 2.0424051704699785e-08, 0.0], [3.2770584818581556e-19, 2.901175234835109e-08, 0.9999999709882477, 0.0]]","[{""research"": 8, ""code_review"": 0, ""doc_processing"": 0, ""monitoring"": 0}, {""research"": 0, ""code_review"": 0, ""doc_processing"": 0, ""monitoring"": 8}, {""research"": 0, ""code_review"": 0, ""doc_processing"": 8, ""monitoring"": 0}, {""research"": 0, ""code_review"": 8, ""doc_processing"": 0, ""monitoring"": 0}, {""research"": 0, ""code_review"": 8, ""doc_processing"": 0, ""monitoring"": 0}, {""research"": 0, ""code_review"": 0, ""doc_processing"": 8, ""monitoring"": 0}]","[1, 1, 1, 1, 1, 1]",0.0,1.0,0.0,0.8666666666666667,0.13638306138306136,0.09176702926702925,"{""COMPUTE"": 848, ""MEMORY"": 688, ""API_CREDITS"": 400, ""DATASET"": 128}","{""COMPUTE"": 652, ""MEMORY"": 529, ""API_CREDITS"": 308, ""DATASET"": 98}","{""COMPUTE"": 1.3006134969325154, ""MEMORY"": 1.3005671077504726, ""API_CREDITS"": 1.2987012987012987, ""DATASET"": 1.3061224489795917}",4,[],"{""COMPUTE"": 0.009202453987730062, ""MEMORY"": 0.011342155009451797, ""API_CREDITS"": 0.01948051948051948, ""DATASET"": 0.02040816326530612}",exact_pending_queue,0,
workload,dirichlet_0.03__moderate,dirichlet_0.03,dirichlet,0.03,unit,moderate,1.3,1138347673,c40d85e828292604,0d1820e2388a08b0,"[[9.871394175074072e-28, 2.79335752839003e-20, 1.5105034839020135e-15, 0.9999999999999984], [0.006491312763014824, 1.3974095913047933e-08, 0.9935086732628892, 0.0], [1.618719663842821e-21, 1.0137834356849594e-11, 0.9999999999898619, 3.330669073841704e-16], [0.9641076695292046, 1.8983122395213885e-15, 0.03589233047078119, 1.2345062727461095e-14], [4.1402195118396705e-06, 7.887183624422549e-12, 0.00792778426490199, 0.9920680755076989], [2.3604464821673348e-25, 0.6034615737325553, 0.39653842626744473, 0.0]]","[{""research"": 0, ""code_review"": 0, ""doc_processing"": 0, ""monitoring"": 8}, {""research"": 0, ""code_review"": 0, ""doc_processing"": 8, ""monitoring"": 0}, {""research"": 0, ""code_review"": 0, ""doc_processing"": 8, ""monitoring"": 0}, {""research"": 8, ""code_review"": 0, ""doc_processing"": 0, ""monitoring"": 0}, {""research"": 0, ""code_review"": 0, ""doc_processing"": 1, ""monitoring"": 7}, {""research"": 0, ""code_review"": 4, ""doc_processing"": 4, ""monitoring"": 0}]","[1, 1, 1, 1, 2, 2]",0.0,1.3333333333333333,0.12863037026663304,0.7833333333333333,0.16597975293627468,0.12001996929533161,"{""COMPUTE"": 894, ""MEMORY"": 735, ""API_CREDITS"": 385, ""DATASET"": 184}","{""COMPUTE"": 688, ""MEMORY"": 565, ""API_CREDITS"": 296, ""DATASET"": 142}","{""COMPUTE"": 1.2994186046511629, ""MEMORY"": 1.3008849557522124, ""API_CREDITS"": 1.3006756756756757, ""DATASET"": 1.295774647887324}",4,[],"{""COMPUTE"": 0.00872093023255814, ""MEMORY"": 0.010619469026548672, ""API_CREDITS"": 0.02027027027027027, ""DATASET"": 0.02112676056338028}",exact_pending_queue,0,
workload,dirichlet_0.03__moderate,dirichlet_0.03,dirichlet,0.03,unit,moderate,1.3,2342860720,106d5652cb0306ab,e1a20655d30c60ee,"[[0.00767426723732475, 3.753874815778434e-07, 8.405442754448557e-25, 0.9923253573751937], [1.4665853393864798e-26, 3.8649063571234424e-17, 0.01143340920064652, 0.9885665907993535], [6.64540468434947e-31, 1.0, 0.0, 0.0], [0.2537676674614844, 6.282118050786594e-05, 1.5926027828013773e-20, 0.7461695113580078], [4.303694144435768e-26, 0.05229930247872581, 7.76014906865188e-12, 0.9477006975135139], [3.200310169696432e-11, 0.9999999999679287, 1.6117633548910425e-25, 6.827871601210082e-14]]","[{""research"": 0, ""code_review"": 0, ""doc_processing"": 0, ""monitoring"": 8}, {""research"": 0, ""code_review"": 0, ""doc_processing"": 0, ""monitoring"": 8}, {""research"": 0, ""code_review"": 8, ""doc_processing"": 0, ""monitoring"": 0}, {""research"": 3, ""code_review"": 0, ""doc_processing"": 0, ""monitoring"": 5}, {""research"": 0, ""code_review"": 0, ""doc_processing"": 0, ""monitoring"": 8}, {""research"": 0, ""code_review"": 8, ""doc_processing"": 0, ""monitoring"": 0}]","[1, 1, 1, 2, 1, 1]",0.0,1.1666666666666667,0.07953616691041375,0.6083333333333333,0.1813657859343139,0.1329016443229641,"{""COMPUTE"": 494, ""MEMORY"": 476, ""API_CREDITS"": 176, ""DATASET"": 256}","{""COMPUTE"": 380, ""MEMORY"": 366, ""API_CREDITS"": 135, ""DATASET"": 197}","{""COMPUTE"": 1.3, ""MEMORY"": 1.3005464480874316, ""API_CREDITS"": 1.3037037037037038, ""DATASET"": 1.299492385786802}",4,[],"{""COMPUTE"": 0.015789473684210527, ""MEMORY"": 0.01639344262295082, ""API_CREDITS"": 0.044444444444444446, ""DATASET"": 0.02030456852791878}",exact_pending_queue,0,
workload,dirichlet_0.03__moderate,dirichlet_0.03,dirichlet,0.03,unit,moderate,1.3,1473714878,64ea58a8a0226aa4,d0a0680810bfc535,"[[2.9600450815232127e-06, 0.9999124479958459, 4.327388205206428e-06, 8.026457086736522e-05], [1.148338432587843e-07, 6.721171534598836e-27, 7.314353932256807e-27, 0.9999998851661568], [0.9918834046226914, 1.9563608731366718e-05, 0.008097031768577208, 2.6968533301787315e-18], [0.3560374249422055, 0.6427873304751692, 0.001171676637143335, 3.5679454819004747e-06], [5.657172646437793e-93, 4.981307605663781e-05, 0.9999501869239347, 8.65930822380929e-15], [3.5069843615982823e-13, 0.9999999999996251, 2.416968137208506e-14, 3.318056473486412e-17]]","[{""research"": 0, ""code_review"": 8, ""doc_processing"": 0, ""monitoring"": 0}, {""research"": 0, ""code_review"": 0, ""doc_processing"": 0, ""monitoring"": 8}, {""research"": 8, ""code_review"": 0, ""doc_processing"": 0, ""monitoring"": 0}, {""research"": 3, ""code_review"": 5, ""doc_processing"": 0, ""monitoring"": 0}, {""research"": 0, ""code_review"": 0, ""doc_processing"": 8, ""monitoring"": 0}, {""research"": 0, ""code_review"": 8, ""doc_processing"": 0, ""monitoring"": 0}]","[1, 1, 1, 2, 1, 1]",0.0,1.1666666666666667,0.07953616691041375,0.825,0.1353413947163947,0.08514937030562031,"{""COMPUTE"": 824, ""MEMORY"": 687, ""API_CREDITS"": 401, ""DATASET"": 152}","{""COMPUTE"": 634, ""MEMORY"": 528, ""API_CREDITS"": 308, ""DATASET"": 117}","{""COMPUTE"": 1.2996845425867507, ""MEMORY"": 1.3011363636363635, ""API_CREDITS"": 1.301948051948052, ""DATASET"": 1.2991452991452992}",4,[],"{""COMPUTE"": 0.00946372239747634, ""MEMORY"": 0.011363636363636364, ""API_CREDITS"": 0.01948051948051948, ""DATASET"": 0.02564102564102564}",exact_pending_queue,0,
workload,dirichlet_0.03__moderate,dirichlet_0.03,dirichlet,0.03,unit,moderate,1.3,2114544130,ddcae5eff31f1d4d,897aa8800d6ef8d2,"[[7.205551284656842e-18, 4.5408984116857257e-10, 3.7481416454584724e-14, 0.9999999995458726], [2.1286378819365888e-13, 2.8189405937582475e-60, 0.9999947870233695, 5.212976417644511e-06], [0.5936017533432506, 0.19402055069034385, 1.5342688988340445e-52, 0.21237769596640552], [0.9999999999303979, 1.34404170046242e-19, 6.203024085168994e-11, 7.571860873706202e-12], [4.797114247802706e-05, 3.3628678422498333e-13, 7.884707597789674e-14, 0.9999520288571069], [0.0028407809498883154, 9.785480288503259e-32, 0.0308288943110011, 0.9663303247391106]]","[{""research"": 0, ""code_review"": 0, ""doc_processing"": 0, ""monitoring"": 8}, {""research"": 0, ""code_review"": 0, ""doc_processing"": 8, ""monitoring"": 0}, {""research"": 3, ""code_review"": 3, ""doc_processing"": 0, ""monitoring"": 2}, {""research"": 8, ""code_review"": 0, ""doc_processing"": 0, ""monitoring"": 0}, {""research"": 0, ""code_review"": 0, ""doc_processing"": 0, ""monitoring"": 8}, {""research"": 0, ""code_review"": 0, ""doc_processing"": 1, ""monitoring"": 7}]","[1, 1, 3, 1, 1, 2]",0.0,1.5,0.17540354730489413,0.7333333333333333,0.16391836163239124,0.1175489900557135,"{""COMPUTE"": 802, ""MEMORY"": 712, ""API_CREDITS"": 320, ""DATASET"": 288}","{""COMPUTE"": 617, ""MEMORY"": 548, ""API_CREDITS"": 246, ""DATASET"": 222}","{""COMPUTE"": 1.299837925445705, ""MEMORY"": 1.2992700729927007, ""API_CREDITS"": 1.3008130081300813, ""DATASET"": 1.2972972972972974}",4,[],"{""COMPUTE"": 0.009724473257698542, ""MEMORY"": 0.010948905109489052, ""API_CREDITS"": 0.024390243902439025, ""DATASET"": 0.02252252252252252}",exact_pending_queue,0,
workload,dirichlet_0.03__moderate,dirichlet_0.03,dirichlet,0.03,unit,moderate,1.3,147595965,9370e72a2cfb61b8,e9f7d68b1a7fb871,"[[5.081663339865755e-08, 9.362243408836516e-11, 0.101856945228597, 0.8981430038611472], [2.127214635655839e-13, 0.9996928010024732, 4.723532487153921e-06, 0.0003024754648270205], [0.03915913177133666, 9.057445162906125e-15, 0.9608408682286542, 0.0], [2.3533459889594156e-12, 9.91469576853884e-10, 0.9936927907845348, 0.006307208221642284], [0.9999999787390614, 1.95834519825743e-08, 1.677486582674161e-09, 2.607337918618479e-24], [0.007525269283793699, 0.9924747307162063, 0.0, 0.0]]","[{""research"": 0, ""code_review"": 0, ""doc_processing"": 0, ""monitoring"": 8}, {""research"": 0, ""code_review"": 8, ""doc_processing"": 0, ""monitoring"": 0}, {""research"": 0, ""code_review"": 0, ""doc_processing"": 8, ""monitoring"": 0}, {""research"": 0, ""code_review"": 0, ""doc_processing"": 8, ""monitoring"": 0}, {""research"": 8, ""code_review"": 0, ""doc_processing"": 0, ""monitoring"": 0}, {""research"": 0, ""code_review"": 8, ""doc_processing"": 0, ""monitoring"": 0}]","[1, 1, 1, 1, 1, 1]",0.0,1.0,0.0,0.8666666666666667,0.13638306138306136,0.09176702926702925,"{""COMPUTE"": 848, ""MEMORY"": 688, ""API_CREDITS"": 400, ""DATASET"": 128}","{""COMPUTE"": 652, ""MEMORY"": 529, ""API_CREDITS"": 308, ""DATASET"": 98}","{""COMPUTE"": 1.3006134969325154, ""MEMORY"": 1.3005671077504726, ""API_CREDITS"": 1.2987012987012987, ""DATASET"": 1.3061224489795917}",4,[],"{""COMPUTE"": 0.009202453987730062, ""MEMORY"": 0.011342155009451797, ""API_CREDITS"": 0.01948051948051948, ""DATASET"": 0.02040816326530612}",exact_pending_queue,0,
workload,dirichlet_0.03__moderate,dirichlet_0.03,dirichlet,0.03,unit,moderate,1.3,393081195,223ed16d52748abe,538353afe96f5045,"[[0.8889766525741473, 2.1873420004719863e-52, 0.11102334742585274, 0.0], [3.8761242925109655e-06, 6.620078602332215e-47, 0.9988113126778806, 0.0011848111978268814], [0.971117033874394, 2.325821013091794e-25, 0.025282079230927602, 0.0036008868946784335], [8.558544482056086e-44, 0.9999999999995461, 4.5239370830059535e-13, 1.4654641661686534e-15], [1.1958677774102368e-22, 1.0, 0.0, 0.0], [1.606279454103068e-23, 1.902030659841742e-11, 0.9999955236437432, 4.4763372364623595e-06]]","[{""research"": 6, ""code_review"": 0, ""doc_processing"": 2, ""monitoring"": 0}, {""research"": 0, ""code_review"": 0, ""doc_processing"": 8, ""monitoring"": 0}, {""research"": 8, ""code_review"": 0, ""doc_processing"": 0, ""monitoring"": 0}, {""research"": 0, ""code_review"": 8, ""doc_processing"": 0, ""monitoring"": 0}, {""research"": 0, ""code_review"": 8, ""doc_processing"": 0, ""monitoring"": 0}, {""research"": 0, ""code_review"": 0, ""doc_processing"": 8, ""monitoring"": 0}]","[2, 1, 1, 1, 1, 1]",0.0,1.1666666666666667,0.0676065103715944,0.7833333333333333,0.056798756798756796,0.04224941724941724,"{""COMPUTE"": 1032, ""MEMORY"": 822, ""API_CREDITS"": 514, ""DATASET"": 112}","{""COMPUTE"": 794, ""MEMORY"": 632, ""API_CREDITS"": 395, ""DATASET"": 86}","{""COMPUTE"": 1.2997481108312343, ""MEMORY"": 1.3006329113924051, ""API_CREDITS"": 1.3012658227848102, ""DATASET"": 1.302325581395349}",4,[],"{""COMPUTE"": 0.007556675062972292, ""MEMORY"": 0.00949367088607595, ""API_CREDITS"": 0.015189873417721518, ""DATASET"": 0.023255813953488372}",exact_pending_queue,0,
workload,dirichlet_0.03__moderate,dirichlet_0.03,dirichlet,0.03,unit,moderate,1.3,1217898226,e01413a7bfd5278c,4c23763566815dfa,"[[3.836339499568117e-37, 0.00021761121835139183, 0.04800976415683212, 0.9517726246248165], [4.728152824250417e-13, 1.2128723705248738e-10, 0.9158850524850514, 0.08411494739318856], [9.473120047599224e-05, 0.01620641619502072, 0.2493192441395143, 0.734379608464989], [1.1790897333547395e-07, 3.853492911475511e-07, 0.9999994967417355, 0.0], [6.656659834820854e-06, 0.9999371329783001, 2.8047466857977314e-18, 5.6210361865144185e-05], [0.07544584713311624, 0.9245535979933139, 5.548017454768844e-07, 7.182443577234155e-11]]","[{""research"": 0, ""code_review"": 0, ""doc_processing"": 1, ""monitoring"": 7}, {""research"": 0, ""code_review"": 0, ""doc_processing"": 7, ""monitoring"": 1}, {""research"": 0, ""code_review"": 1, ""doc_processing"": 0, ""monitoring"": 7}, {""research"": 0, ""code_review"": 0, ""doc_processing"": 8, ""monitoring"": 0}, {""research"": 0, ""code_review"": 8, ""doc_processing"": 0, ""monitoring"": 0}, {""research"": 0, ""code_review"": 8, ""doc_processing"": 0, ""monitoring"": 0}]","[2, 2, 2, 1, 1, 1]",0.0,1.5,0.1358911107998991,0.7666666666666667,0.1563183368354443,0.11672990678398935,"{""COMPUTE"": 642, ""MEMORY"": 527, ""API_CREDITS"": 277, ""DATASET"": 120}","{""COMPUTE"": 494, ""MEMORY"": 405, ""API_CREDITS"": 213, ""DATASET"": 92}","{""COMPUTE"": 1.2995951417004048, ""MEMORY"": 1.3012345679012345, ""API_CREDITS"": 1.300469483568075, ""DATASET"": 1.3043478260869565}",4,[],"{""COMPUTE"": 0.012145748987854251, ""MEMORY"": 0.014814814814814815, ""API_CREDITS"": 0.028169014084507043, ""DATASET"": 0.03260869565217391}",exact_pending_queue,0,
workload,dirichlet_0.03__moderate,dirichlet_0.03,dirichlet,0.03,unit,moderate,1.3,1595745102,51597d78618c9be8,5654ad4fbc1a488b,"[[0.9981129637365328, 0.001872208880382382, 1.0157192424819338e-27, 1.4827383084819043e-05], [1.1431281390068767e-08, 5.600684363859584e-07, 0.9999994285001963, 8.604223523530839e-14], [0.08601153388516711, 6.208333526063526e-06, 3.2264704854260293e-07, 0.9139819351342583], [6.191752469242674e-11, 0.7742668336280741, 0.22573316437499952, 1.935008885583993e-09], [1.2794861404433651e-14, 1.5465863928808156e-28, 0.7882758868573534, 0.2117241131426338], [1.8325948737764272e-30, 0.004579113616883899, 0.871802455930975, 0.12361843045214103]]","[{""research"": 8, ""code_review"": 0, ""doc_processing"": 0, ""monitoring"": 0}, {""research"": 0, ""code_review"": 0, ""doc_processing"": 8, ""monitoring"": 0}, {""research"": 1, ""code_review"": 0, ""doc_processing"": 0, ""monitoring"": 7}, {""research"": 0, ""code_review"": 7, ""doc_processing"": 1, ""monitoring"": 0}, {""research"": 0, ""code_review"": 0, ""doc_processing"": 8, ""monitoring"": 0}, {""research"": 0, ""code_review"": 0, ""doc_processing"": 6, ""monitoring"": 2}]","[1, 1, 2, 2, 1, 2]",0.0,1.5,0.1582005842381938,0.7833333333333333,0.10898197662903546,0.0709975572720671,"{""COMPUTE"": 954, ""MEMORY"": 766, ""API_CREDITS"": 434, ""DATASET"": 144}","{""COMPUTE"": 734, ""MEMORY"": 589, ""API_CREDITS"": 334, ""DATASET"": 111}","{""COMPUTE"": 1.2997275204359673, ""MEMORY"": 1.300509337860781, ""API_CREDITS"": 1.2994011976047903, ""DATASET"": 1.2972972972972974}",4,[],"{""COMPUTE"": 0.008174386920980926, ""MEMORY"": 0.010186757215619695, ""API_CREDITS"": 0.017964071856287425, ""DATASET"": 0.02702702702702703}",exact_pending_queue,0,
workload,dirichlet_0.03__moderate,dirichlet_0.03,dirichlet,0.03,unit,moderate,1.3,2413048586,4b60f7062ffe61b4,664ec4feb5336afd,"[[3.371430028843942e-14, 1.81643942013715e-17, 0.4900779979255407, 0.5099220020744256], [7.637348051063597e-30, 0.9999999998105827, 1.864824413574964e-18, 1.8941725779022034e-10], [0.11893911450472547, 0.4142598684153423, 2.429201309331758e-21, 0.4668010170799322], [0.005243350809030375, 8.793090987675749e-11, 4.6126090972587484e-39, 0.9947566491030387], [0.04254641618899989, 0.9574535838106156, 3.844824028758506e-13, 0.0], [0.00038792863792171567, 0.9994140131580918, 1.2893795451453032e-10, 0.0001980580750485497]]","[{""research"": 0, ""code_review"": 0, ""doc_processing"": 6, ""monitoring"": 2}, {""research"": 0, ""code_review"": 8, ""doc_processing"": 0, ""monitoring"": 0}, {""research"": 0, ""code_review"": 4, ""doc_processing"": 0, ""monitoring"": 4}, {""research"": 0, ""code_review"": 0, ""doc_processing"": 0, ""monitoring"": 8}, {""research"": 0, ""code_review"": 8, ""doc_processing"": 0, ""monitoring"": 0}, {""research"": 0, ""code_review"": 8, ""doc_processing"": 0, ""monitoring"": 0}]","[2, 1, 2, 1, 1, 1]",0.0,1.3333333333333333,0.15093984370492775,0.6333333333333333,0.14716440422322777,0.10327928607340374,"{""COMPUTE"": 524, ""MEMORY"": 446, ""API_CREDITS"": 242, ""DATASET"": 112}","{""COMPUTE"": 403, ""MEMORY"": 343, ""API_CREDITS"": 186, ""DATASET"": 86}","{""COMPUTE"": 1.3002481389578164, ""MEMORY"": 1.3002915451895043, ""API_CREDITS"": 1.3010752688172043, ""DATASET"": 1.302325581395349}",4,[],"{""COMPUTE"": 0.01488833746898263, ""MEMORY"": 0.01749271137026239, ""API_CREDITS"": 0.03225806451612903, ""DATASET"": 0.03488372093023256}",exact_pending_queue,0,
workload,dirichlet_0.03__moderate,dirichlet_0.03,dirichlet,0.03,unit,moderate,1.3,453209340,0ecdecfee521d3b1,2118e004d66ceee0,"[[4.045311260521463e-12, 0.9999999999959545, 2.2047413685028263e-16, 1.5704680738504469e-18], [2.710426093391671e-08, 0.9993024705898362, 3.349322985397839e-09, 0.0006974989565798709], [6.995864286854823e-12, 0.9999997171467866, 4.852397781099692e-21, 2.828462175566019e-07], [4.3159697667064836e-06, 0.0948137492219607, 4.344238650501181e-14, 0.9051819348082293], [5.476661030451109e-12, 7.709320102569045e-05, 0.9999175183770567, 5.388416441061373e-06], [1.503575540756551e-05, 5.4999079817483216e-14, 0.9999849453092635, 1.8935273966172874e-08]]","[{""research"": 0, ""code_review"": 8, ""doc_processing"": 0, ""monitoring"": 0}, {""research"": 0, ""code_review"": 8, ""doc_processing"": 0, ""monitoring"": 0}, {""research"": 0, ""code_review"": 8, ""doc_processing"": 0, ""monitoring"": 0}, {""research"": 0, ""code_review"": 0, ""doc_processing"": 0, ""monitoring"": 8}, {""research"": 0, ""code_review"": 0, ""doc_processing"": 8, ""monitoring"": 0}, {""research"": 0, ""code_review"": 0, ""doc_processing"": 8, ""monitoring"": 0}]","[1, 1, 1, 1, 1, 1]",0.0,1.0,0.0,0.7333333333333333,0.12350427350427351,0.08903133903133904,"{""COMPUTE"": 656, ""MEMORY"": 520, ""API_CREDITS"": 312, ""DATASET"": 64}","{""COMPUTE"": 505, ""MEMORY"": 400, ""API_CREDITS"": 240, ""DATASET"": 49}","{""COMPUTE"": 1.299009900990099, ""MEMORY"": 1.3, ""API_CREDITS"": 1.3, ""DATASET"": 1.3061224489795917}",4,[],"{""COMPUTE"": 0.011881188118811881, ""MEMORY"": 0.015, ""API_CREDITS"": 0.025, ""DATASET"": 0.02040816326530612}",exact_pending_queue,0,
workload,dirichlet_0.03__moderate,dirichlet_0.03,dirichlet,0.03,unit,moderate,1.3,2920410359,555a95dcc653ad84,8cb88217a6097724,"[[0.5057810638237998, 0.49421893617481705, 1.3503613562141805e-12, 3.272969926971531e-14], [0.985430902036803, 8.813783773262896e-30, 0.014569097963195905, 1.1484213084800196e-15], [1.9317393448387948e-06, 0.9821021581316476, 0.017878149548680937, 1.7760580326683815e-05], [5.085128054960217e-69, 0.9997955543491877, 0.0002044456508120167, 3.2930297399874806e-16], [1.359621382786703e-09, 6.993918811353527e-05, 0.9999300594522651, 0.0], [0.9986533473050404, 1.8296236438112862e-20, 0.0013466526841505529, 1.0809040796318243e-11]]","[{""research"": 3, ""code_review"": 5, ""doc_processing"": 0, ""monitoring"": 0}, {""research"": 6, ""code_review"": 0, ""doc_processing"": 2, ""monitoring"": 0}, {""research"": 0, ""code_review"": 8, ""doc_processing"": 0, ""monitoring"": 0}, {""research"": 0, ""code_review"": 8, ""doc_processing"": 0, ""monitoring"": 0}, {""research"": 0, ""code_review"": 0, ""doc_processing"": 8, ""monitoring"": 0}, {""research"": 8, ""code_review"": 0, ""doc_processing"": 0, ""monitoring"": 0}]","[2, 2, 1, 1, 1, 1]",0.0,1.3333333333333333,0.14714267728200817,0.7333333333333333,0.05569031662781663,0.03999884663947165,"{""COMPUTE"": 1008, ""MEMORY"": 821, ""API_CREDITS"": 515, ""DATASET"": 136}","{""COMPUTE"": 775, ""MEMORY"": 632, ""API_CREDITS"": 396, ""DATASET"": 105}","{""COMPUTE"": 1.3006451612903225, ""MEMORY"": 1.2990506329113924, ""API_CREDITS"": 1.3005050505050506, ""DATASET"": 1.2952380952380953}",4,[],"{""COMPUTE"": 0.007741935483870968, ""MEMORY"": 0.00949367088607595, ""API_CREDITS"": 0.015151515151515152, ""DATASET"": 0.02857142857142857}",exact_pending_queue,0,
workload,dirichlet_0.03__moderate,dirichlet_0.03,dirichlet,0.03,unit,moderate,1.3,4282649469,6c2fc00013936b7a,4fedb9ce8e2d314f,"[[8.230332539975916e-23, 0.9989658678838687, 0.0010341002374855475, 3.187864580011137e-08], [0.4974555401762302, 4.968539641617121e-13, 9.534384952073371e-13, 0.5025444598223195], [5.995138432890448e-11, 5.374793694624439e-06, 2.023768894129982e-11, 0.9999946251261163], [0.10967977637863445, 0.30537613541774383, 3.858270182944621e-18, 0.5849440882036216], [9.386247590668172e-08, 4.1257682186412335e-16, 0.9999999059927398, 1.4478383798468844e-10], [1.949470202389652e-11, 0.9139098005872501, 1.2529153441017849e-14, 0.08609019939324261]]","[{""research"": 0, ""code_review"": 8, ""doc_processing"": 0, ""monitoring"": 0}, {""research"": 2, ""code_review"": 0, ""doc_processing"": 0, ""monitoring"": 6}, {""research"": 0, ""code_review"": 0, ""doc_processing"": 0, ""monitoring"": 8}, {""research"": 2, ""code_review"": 3, ""doc_processing"": 0, ""monitoring"": 3}, {""research"": 0, ""code_review"": 0, ""doc_processing"": 8, ""monitoring"": 0}, {""research"": 0, ""code_review"": 6, ""doc_processing"": 0, ""monitoring"": 2}]","[1, 2, 1, 3, 1, 2]",0.0,1.6666666666666667,0.2653195311147832,0.7333333333333333,0.15171059656371633,0.09398490045057473,"{""COMPUTE"": 634, ""MEMORY"": 551, ""API_CREDITS"": 269, ""DATASET"": 184}","{""COMPUTE"": 488, ""MEMORY"": 424, ""API_CREDITS"": 207, ""DATASET"": 142}","{""COMPUTE"": 1.2991803278688525, ""MEMORY"": 1.2995283018867925, ""API_CREDITS"": 1.2995169082125604, ""DATASET"": 1.295774647887324}",4,[],"{""COMPUTE"": 0.012295081967213115, ""MEMORY"": 0.014150943396226415, ""API_CREDITS"": 0.028985507246376812, ""DATASET"": 0.028169014084507043}",exact_pending_queue,0,
workload,dirichlet_0.03__moderate,dirichlet_0.03,dirichlet,0.03,unit,moderate,1.3,2089981338,bcb088211563d0ad,75a46aeafb8e5695,"[[7.715383503665785e-06, 8.867372719725007e-09, 2.201715582349308e-20, 0.9999922757491236], [1.6666293280003055e-06, 1.9267136966163082e-71, 4.076491144069566e-11, 0.9999983333299072], [4.860732466840384e-10, 0.9975988275507385, 0.002401171963188179, 8.424043022786555e-17], [0.1736236067112751, 2.0470086075720843e-21, 0.017527222796481903, 0.808849170492243], [8.524562262629961e-18, 1.0, 0.0, 0.0], [3.755591441632879e-30, 1.7165464921238888e-06, 0.9999982834531761, 3.3173407032006455e-13]]","[{""research"": 0, ""code_review"": 0, ""doc_processing"": 0, ""monitoring"": 8}, {""research"": 0, ""code_review"": 0, ""doc_processing"": 0, ""monitoring"": 8}, {""research"": 0, ""code_review"": 8, ""doc_processing"": 0, ""monitoring"": 0}, {""research"": 1, ""code_review"": 0, ""doc_processing"": 0, ""monitoring"": 7}, {""research"": 0, ""code_review"": 8, ""doc_processing"": 0, ""monitoring"": 0}, {""research"": 0, ""code_review"": 0, ""doc_processing"": 8, ""monitoring"": 0}]","[1, 1, 1, 2, 1, 1]",0.0,1.1666666666666667,0.0452970369332997,0.75,0.19279202279202276,0.14757834757834756,"{""COMPUTE"": 554, ""MEMORY"": 492, ""API_CREDITS"": 216, ""DATASET"": 192}","{""COMPUTE"": 426, ""MEMORY"": 378, ""API_CREDITS"": 166, ""DATASET"": 148}","{""COMPUTE"": 1.300469483568075, ""MEMORY"": 1.3015873015873016, ""API_CREDITS"": 1.3012048192771084, ""DATASET"": 1.2972972972972974}",4,[],"{""COMPUTE"": 0.014084507042253521, ""MEMORY"": 0.015873015873015872, ""API_CREDITS"": 0.03614457831325301, ""DATASET"": 0.02027027027027027}",exact_pending_queue,0,
workload,dirichlet_0.03__moderate,dirichlet_0.03,dirichlet,0.03,unit,moderate,1.3,1751949247,cee01b4890556956,ea1b14c43921ef62,"[[6.43110164873669e-18, 9.318183976147606e-07, 0.005300594110066685, 0.9946984740715357], [0.02087088894702448, 0.16276036514239667, 0.8163648932612979, 3.852649280889698e-06], [3.050805973057061e-12, 1.1068133722777922e-08, 0.9659438579023126, 0.03405613102650286], [0.016708305257577324, 6.355819342215191e-31, 1.3760721957636266e-05, 0.983277934020465], [2.266577597693157e-16, 0.026707085598248366, 1.1734897510952848e-17, 0.9732929144017514], [0.9999997162215322, 7.893671477723552e-11, 3.628038960316978e-13, 2.8369916831688713e-07]]","[{""research"": 0, ""code_review"": 0, ""doc_processing"": 0, ""monitoring"": 8}, {""research"": 0, ""code_review"": 2, ""doc_processing"": 6, ""monitoring"": 0}, {""research"": 0, ""code_review"": 0, ""doc_processing"": 8, ""monitoring"": 0}, {""research"": 0, ""code_review"": 0, ""doc_processing"": 0, ""monitoring"": 8}, {""research"": 0, ""code_review"": 1, ""doc_processing"": 0, ""monitoring"": 7}, {""research"": 8, ""code_review"": 0, ""doc_processing"": 0, ""monitoring"": 0}]","[1, 2, 1, 1, 2, 1]",0.0,1.3333333333333333,0.1129035473048941,0.7583333333333333,0.18491206743633926,0.13951265832333795,"{""COMPUTE"": 794, ""MEMORY"": 687, ""API_CREDITS"": 317, ""DATASET"": 248}","{""COMPUTE"": 611, ""MEMORY"": 528, ""API_CREDITS"": 244, ""DATASET"": 191}","{""COMPUTE"": 1.2995090016366613, ""MEMORY"": 1.3011363636363635, ""API_CREDITS"": 1.2991803278688525, ""DATASET"": 1.2984293193717278}",4,[],"{""COMPUTE"": 0.009819967266775777, ""MEMORY"": 0.011363636363636364, ""API_CREDITS"": 0.02459016393442623, ""DATASET"": 0.020942408376963352}",exact_pending_queue,0,
workload,dirichlet_0.03__moderate,dirichlet_0.03,dirichlet,0.03,unit,moderate,1.3,4210982914,97b1573c5e046838,1759af607a8f3a08,"[[2.098318593844959e-09, 2.0751261647027137e-07, 0.026777206012636095, 0.9732225843764288], [9.180048733805858e-33, 9.093489293988711e-26, 1.0, 0.0], [0.06438083056619252, 0.9356188296977275, 3.3973608002378857e-07, 0.0], [6.524406682873014e-07, 1.460684069043549e-13, 0.9988936440912367, 0.0011057034679488637], [2.116306766057777e-05, 2.892617623252946e-12, 6.848012372525547e-14, 0.9999788369293784], [0.9997936030312666, 2.9834949584186447e-09, 3.719407487726625e-05, 0.00016919991036114422]]","[{""research"": 0, ""code_review"": 0, ""doc_processing"": 1, ""monitoring"": 7}, {""research"": 0, ""code_review"": 0, ""doc_processing"": 8, ""monitoring"": 0}, {""research"": 1, ""code_review"": 7, ""doc_processing"": 0, ""monitoring"": 0}, {""research"": 0, ""code_review"": 0, ""doc_processing"": 8, ""monitoring"": 0}, {""research"": 0, ""code_review"": 0, ""doc_processing"": 0, ""monitoring"": 8}, {""research"": 8, ""code_review"": 0, ""doc_processing"": 0, ""monitoring"": 0}]","[2, 1, 2, 1, 1, 1]",0.0,1.3333333333333333,0.0905940738665994,0.85,0.16516956775108949,0.11563146620891186,"{""COMPUTE"": 870, ""MEMORY"": 724, ""API_CREDITS"": 380, ""DATASET"": 192}","{""COMPUTE"": 669, ""MEMORY"": 557, ""API_CREDITS"": 292, ""DATASET"": 148}","{""COMPUTE"": 1.3004484304932735, ""MEMORY"": 1.2998204667863555, ""API_CREDITS"": 1.3013698630136987, ""DATASET"": 1.2972972972972974}",4,[],"{""COMPUTE"": 0.008968609865470852, ""MEMORY"": 0.010771992818671455, ""API_CREDITS"": 0.02054794520547945, ""DATASET"": 0.02702702702702703}",exact_pending_queue,0,
workload,dirichlet_0.03__moderate,dirichlet_0.03,dirichlet,0.03,unit,moderate,1.3,3922112564,bdf0e23653854cc0,99429cfa0c411505,"[[0.9995845901328061, 5.329288229994522e-16, 1.0260706294392976e-18, 0.0004154098671933715], [1.4457328522061464e-05, 1.928629686757009e-27, 0.006400383857298093, 0.9935851588141799], [7.620068462126117e-24, 5.482057000071812e-13, 0.9999820603177122, 1.7939681739566216e-05], [1.6713105471020031e-10, 0.9990986427517372, 3.2696436362623667e-10, 0.0009013567541673528], [0.0005564276479738274, 6.823079525861375e-42, 5.793136503657637e-11, 0.9994435722940949], [0.9999999921933611, 1.5684594282803003e-51, 7.806638890883733e-09, 0.0]]","[{""research"": 8, ""code_review"": 0, ""doc_processing"": 0, ""monitoring"": 0}, {""research"": 0, ""code_review"": 0, ""doc_processing"": 0, ""monitoring"": 8}, {""research"": 0, ""code_review"": 0, ""doc_processing"": 8, ""monitoring"": 0}, {""research"": 0, ""code_review"": 8, ""doc_processing"": 0, ""monitoring"": 0}, {""research"": 0, ""code_review"": 0, ""doc_processing"": 0, ""monitoring"": 8}, {""research"": 8, ""code_review"": 0, ""doc_processing"": 0, ""monitoring"": 0}]","[1, 1, 1, 1, 1, 1]",0.0,1.0,0.0,0.8666666666666667,0.1747280497280497,0.12308987308987307,"{""COMPUTE"": 928, ""MEMORY"": 800, ""API_CREDITS"": 416, ""DATASET"": 256}","{""COMPUTE"": 714, ""MEMORY"": 615, ""API_CREDITS"": 320, ""DATASET"": 197}","{""COMPUTE"": 1.2997198879551821, ""MEMORY"": 1.3008130081300813, ""API_CREDITS"": 1.3, ""DATASET"": 1.299492385786802}",4,[],"{""COMPUTE"": 0.008403361344537815, ""MEMORY"": 0.00975609756097561, ""API_CREDITS"": 0.01875, ""DATASET"": 0.02030456852791878}",exact_pending_queue,0,
workload,dirichlet_0.03__moderate,dirichlet_0.03,dirichlet,0.03,unit,moderate,1.3,183163032,a7168c394f9a8213,30f1d611c71e4fde,"[[9.550582856949162e-13, 2.210080122808506e-10, 6.923546755998015e-13, 0.9999999997773447], [0.9999999999968643, 2.325813849216499e-32, 4.333245182039828e-68, 3.135713910751292e-12], [0.9972416273945962, 5.562231207583971e-13, 0.0027583726048475686, 0.0], [2.3531750498316175e-60, 0.9995506081701852, 2.3993657088148755e-30, 0.00044939182981484915], [0.9999999224356548, 4.94159502770053e-45, 7.756434516892341e-08, 0.0], [2.2522821310658933e-11, 0.9999999998664587, 1.1101841667942902e-10, 0.0]]","[{""research"": 0, ""code_review"": 0, ""doc_processing"": 0, ""monitoring"": 8}, {""research"": 8, ""code_review"": 0, ""doc_processing"": 0, ""monitoring"": 0}, {""research"": 8, ""code_review"": 0, ""doc_processing"": 0, ""monitoring"": 0}, {""research"": 0, ""code_review"": 8, ""doc_processing"": 0, ""monitoring"": 0}, {""research"": 8, ""code_review"": 0, ""doc_processing"": 0, ""monitoring"": 0}, {""research"": 0, ""code_review"": 8, ""doc_processing"": 0, ""monitoring"": 0}]","[1, 1, 1, 1, 1, 1]",0.0,1.0,0.0,0.7333333333333333,0.12577700077700074,0.07451113701113704,"{""COMPUTE"": 1040, ""MEMORY"": 896, ""API_CREDITS"": 512, ""DATASET"": 256}","{""COMPUTE"": 800, ""MEMORY"": 689, ""API_CREDITS"": 394, ""DATASET"": 197}","{""COMPUTE"": 1.3, ""MEMORY"": 1.3004354136429608, ""API_CREDITS"": 1.299492385786802, ""DATASET"": 1.299492385786802}",4,[],"{""COMPUTE"": 0.0075, ""MEMORY"": 0.008708272859216255, ""API_CREDITS"": 0.015228426395939087, ""DATASET"": 0.02030456852791878}",exact_pending_queue,0,
workload,dirichlet_0.03__moderate,dirichlet_0.03,dirichlet,0.03,unit,moderate,1.3,4222305526,65588cb9ef86e48b,c078ef3bb953ce00,"[[1.5993913912952182e-15, 0.9999823476943399, 1.7652305658533053e-05, 7.251258586535032e-20], [0.9999879692880564, 1.8390071999336906e-86, 1.2030711943555863e-05, 8.014064041421157e-21], [1.2913860212680542e-11, 0.0036834641549612144, 3.120257300561094e-15, 0.9963165358321218], [2.915741645685627e-41, 7.530282573044956e-17, 0.9065978275161725, 0.09340217248382741], [5.945236118440758e-12, 8.8376980132867e-28, 0.9999999999940548, 0.0], [0.9999675353154096, 1.0627493305618645e-37, 1.654033875998274e-36, 3.24646845903942e-05]]","[{""research"": 0, ""code_review"": 8, ""doc_processing"": 0, ""monitoring"": 0}, {""research"": 8, ""code_review"": 0, ""doc_processing"": 0, ""monitoring"": 0}, {""research"": 0, ""code_review"": 0, ""doc_processing"": 0, ""monitoring"": 8}, {""research"": 0, ""code_review"": 0, ""doc_processing"": 7, ""monitoring"": 1}, {""research"": 0, ""code_review"": 0, ""doc_processing"": 8, ""monitoring"": 0}, {""research"": 8, ""code_review"": 0, ""doc_processing"": 0, ""monitoring"": 0}]","[1, 1, 1, 2, 1, 1]",0.0,1.1666666666666667,0.0452970369332997,0.8666666666666667,0.13500742658201223,0.08466097796208294,"{""COMPUTE"": 1026, ""MEMORY"": 849, ""API_CREDITS"": 479, ""DATASET"": 200}","{""COMPUTE"": 789, ""MEMORY"": 653, ""API_CREDITS"": 368, ""DATASET"": 154}","{""COMPUTE"": 1.3003802281368821, ""MEMORY"": 1.3001531393568146, ""API_CREDITS"": 1.3016304347826086, ""DATASET"": 1.2987012987012987}",4,[],"{""COMPUTE"": 0.0076045627376425855, ""MEMORY"": 0.009188361408882083, ""API_CREDITS"": 0.016304347826086956, ""DATASET"": 0.025974025974025976}",exact_pending_queue,0,
workload,dirichlet_0.03__moderate,dirichlet_0.03,dirichlet,0.03,unit,moderate,1.3,3706283824,9372ecf5d90a511e,3830c03be1b9d83a,"[[7.755380656249175e-69, 3.6638697726932514e-06, 0.9999963361302273, 0.0], [4.3527521553911714e-11, 0.9954533231735159, 0.00011233324027902638, 0.004434343542677636], [1.1117400825286738e-28, 4.486647230630025e-06, 0.13185853843933773, 0.8681369749134317], [1.0, 0.0, 0.0, 0.0], [0.7505065852240758, 2.444877948234081e-24, 1.2697503955186965e-58, 0.24949341477592424], [8.835441015040599e-20, 0.7460676266721559, 0.25391635151606873, 1.6021811775418307e-05]]","[{""research"": 0, ""code_review"": 0, ""doc_processing"": 8, ""monitoring"": 0}, {""research"": 0, ""code_review"": 8, ""doc_processing"": 0, ""monitoring"": 0}, {""research"": 0, ""code_review"": 0, ""doc_processing"": 0, ""monitoring"": 8}, {""research"": 8, ""code_review"": 0, ""doc_processing"": 0, ""monitoring"": 0}, {""research"": 6, ""code_review"": 0, ""doc_processing"": 0, ""monitoring"": 2}, {""research"": 0, ""code_review"": 6, ""doc_processing"": 2, ""monitoring"": 0}]","[1, 1, 1, 1, 2, 2]",0.0,1.3333333333333333,0.1352130207431888,0.8666666666666667,0.14102778447606035,0.08890384838660702,"{""COMPUTE"": 916, ""MEMORY"": 768, ""API_CREDITS"": 432, ""DATASET"": 192}","{""COMPUTE"": 705, ""MEMORY"": 591, ""API_CREDITS"": 332, ""DATASET"": 148}","{""COMPUTE"": 1.299290780141844, ""MEMORY"": 1.299492385786802, ""API_CREDITS"": 1.3012048192771084, ""DATASET"": 1.2972972972972974}",4,[],"{""COMPUTE"": 0.00851063829787234, ""MEMORY"": 0.01015228426395939, ""API_CREDITS"": 0.018072289156626505, ""DATASET"": 0.02027027027027027}",exact_pending_queue,0,
workload,dirichlet_0.03__moderate,dirichlet_0.03,dirichlet,0.03,unit,moderate,1.3,927763105,9ac0f0a8d1e0f623,4eee21d13900e401,"[[0.001354824139061754, 2.888268260480068e-07, 0.9986448870341122, 0.0], [0.9999999960716827, 1.9415707904416776e-09, 5.816457872855566e-15, 1.9867407311870785e-09], [1.3909473026542045e-47, 0.9976737809371653, 1.195984377689843e-24, 0.0023262190628347], [9.985328470618278e-13, 7.762158756250146e-09, 0.3234716805077405, 0.6765283117291022], [1.6819218944273652e-72, 5.127172661667479e-07, 0.6822355657686285, 0.31776392151410526], [1.388618084572082e-12, 0.9999990922161455, 6.122080712874857e-53, 9.077824658630546e-07]]","[{""research"": 0, ""code_review"": 0, ""doc_processing"": 8, ""monitoring"": 0}, {""research"": 8, ""code_review"": 0, ""doc_processing"": 0, ""monitoring"": 0}, {""research"": 0, ""code_review"": 8, ""doc_processing"": 0, ""monitoring"": 0}, {""research"": 0, ""code_review"": 0, ""doc_processing"": 3, ""monitoring"": 5}, {""research"": 0, ""code_review"": 0, ""doc_processing"": 4, ""monitoring"": 4}, {""research"": 0, ""code_review"": 8, ""doc_processing"": 0, ""monitoring"": 0}]","[1, 1, 1, 2, 2, 1]",0.0,1.3333333333333333,0.1628695002437471,0.8166666666666667,0.08663573992041143,0.05945384252866004,"{""COMPUTE"": 834, ""MEMORY"": 681, ""API_CREDITS"": 391, ""DATASET"": 136}","{""COMPUTE"": 642, ""MEMORY"": 524, ""API_CREDITS"": 301, ""DATASET"": 105}","{""COMPUTE"": 1.2990654205607477, ""MEMORY"": 1.299618320610687, ""API_CREDITS"": 1.2990033222591362, ""DATASET"": 1.2952380952380953}",4,[],"{""COMPUTE"": 0.009345794392523364, ""MEMORY"": 0.011450381679389313, ""API_CREDITS"": 0.019933554817275746, ""DATASET"": 0.02857142857142857}",exact_pending_queue,0,
workload,dirichlet_0.03__moderate,dirichlet_0.03,dirichlet,0.03,unit,moderate,1.3,642816875,5648d0ae498c86d4,579a4bb793c23ca7,"[[0.9999990333420052, 9.674054614940932e-10, 1.181782336126483e-14, 9.656905774816047e-07], [0.03090856954015911, 0.9678117099618987, 0.0012797204963645478, 1.5777212322371078e-12], [0.008243701637965081, 2.7076748158279175e-34, 4.911598965578842e-30, 0.9917562983620349], [1.1074212659563885e-16, 9.157709306596231e-40, 0.998715189411238, 0.001284810588761842], [0.9999999999496789, 4.979366302759307e-11, 7.540802732515813e-22, 5.274176073929962e-13], [3.6461527010083236e-08, 7.351254519488035e-13, 0.9999999597907311, 3.747006790333048e-09]]","[{""research"": 8, ""code_review"": 0, ""doc_processing"": 0, ""monitoring"": 0}, {""research"": 0, ""code_review"": 8, ""doc_processing"": 0, ""monitoring"": 0}, {""research"": 0, ""code_review"": 0, ""doc_processing"": 0, ""monitoring"": 8}, {""research"": 0, ""code_review"": 0, ""doc_processing"": 8, ""monitoring"": 0}, {""research"": 8, ""code_review"": 0, ""doc_processing"": 0, ""monitoring"": 0}, {""research"": 0, ""code_review"": 0, ""doc_processing"": 8, ""monitoring"": 0}]","[1, 1, 1, 1, 1, 1]",0.0,1.0,0.0,0.8666666666666667,0.13714063714063715,0.08776871276871274,"{""COMPUTE"": 1040, ""MEMORY"": 856, ""API_CREDITS"": 488, ""DATASET"": 192}","{""COMPUTE"": 800, ""MEMORY"": 658, ""API_CREDITS"": 375, ""DATASET"": 148}","{""COMPUTE"": 1.3, ""MEMORY"": 1.3009118541033435, ""API_CREDITS"": 1.3013333333333332, ""DATASET"": 1.2972972972972974}",4,[],"{""COMPUTE"": 0.0075, ""MEMORY"": 0.00911854103343465, ""API_CREDITS"": 0.016, ""DATASET"": 0.02027027027027027}",exact_pending_queue,0,
workload,dirichlet_0.03__moderate,dirichlet_0.03,dirichlet,0.03,unit,moderate,1.3,2485047775,1ad0e05c438d1b53,cb285156697d0501,"[[0.9999984983442185, 1.501655781498492e-06, 1.0303128050354137e-18, 2.1859489445475928e-31], [0.9880892427802348, 0.011910750569355203, 6.650409996631881e-09, 0.0], [0.0001196914230811058, 0.9997279520452346, 0.00015235647926435084, 5.2419994119706155e-11], [1.2941475934766034e-06, 0.00022197939214029669, 6.097593391418619e-13, 0.9997767264596565], [0.0001446458643593842, 1.724645741109118e-25, 0.9998553541356406, 0.0], [0.7075705571868594, 0.29240438100712673, 2.5061806013925802e-05, 0.0]]","[{""research"": 8, ""code_review"": 0, ""doc_processing"": 0, ""monitoring"": 0}, {""research"": 7, ""code_review"": 1, ""doc_processing"": 0, ""monitoring"": 0}, {""research"": 0, ""code_review"": 8, ""doc_processing"": 0, ""monitoring"": 0}, {""research"": 0, ""code_review"": 0, ""doc_processing"": 0, ""monitoring"": 8}, {""research"": 0, ""code_review"": 0, ""doc_processing"": 8, ""monitoring"": 0}, {""research"": 7, ""code_review"": 1, ""doc_processing"": 0, ""monitoring"": 0}]","[1, 2, 1, 1, 1, 2]",0.0,1.3333333333333333,0.0905940738665994,0.8,0.12853583916083916,0.07665153133903134,"{""COMPUTE"": 1088, ""MEMORY"": 918, ""API_CREDITS"": 522, ""DATASET"": 240}","{""COMPUTE"": 837, ""MEMORY"": 706, ""API_CREDITS"": 402, ""DATASET"": 185}","{""COMPUTE"": 1.2998805256869772, ""MEMORY"": 1.3002832861189801, ""API_CREDITS"": 1.2985074626865671, ""DATASET"": 1.2972972972972974}",4,[],"{""COMPUTE"": 0.007168458781362007, ""MEMORY"": 0.0084985835694051, ""API_CREDITS"": 0.014925373134328358, ""DATASET"": 0.021621621621621623}",exact_pending_queue,0,
workload,dirichlet_0.03__moderate,dirichlet_0.03,dirichlet,0.03,unit,moderate,1.3,1464621060,05340694bca43845,75f29356727cd17c,"[[1.3815772488103565e-13, 0.9951994276959583, 0.004800572303903631, 0.0], [3.499815549747306e-11, 0.9999977034577339, 4.478204328968506e-12, 2.2965027898444307e-06], [5.085227968136026e-09, 0.0002617582826631681, 0.9969656883039324, 0.0027725483281764037], [0.9999981939539584, 3.6371523310606925e-42, 2.9451527551799915e-27, 1.806046041608056e-06], [0.9977617569859473, 0.002026688658026976, 5.526956970016131e-34, 0.00021155435602575624], [0.5569438956394764, 0.00032201420616635517, 0.4427340901543572, 0.0]]","[{""research"": 0, ""code_review"": 8, ""doc_processing"": 0, ""monitoring"": 0}, {""research"": 0, ""code_review"": 8, ""doc_processing"": 0, ""monitoring"": 0}, {""research"": 0, ""code_review"": 0, ""doc_processing"": 8, ""monitoring"": 0}, {""research"": 8, ""code_review"": 0, ""doc_processing"": 0, ""monitoring"": 0}, {""research"": 8, ""code_review"": 0, ""doc_processing"": 0, ""monitoring"": 0}, {""research"": 7, ""code_review"": 0, ""doc_processing"": 1, ""monitoring"": 0}]","[1, 1, 1, 1, 1, 2]",0.0,1.1666666666666667,0.0452970369332997,0.7416666666666667,0.059662894000243404,0.04544186848403716,"{""COMPUTE"": 1140, ""MEMORY"": 939, ""API_CREDITS"": 577, ""DATASET"": 184}","{""COMPUTE"": 877, ""MEMORY"": 722, ""API_CREDITS"": 444, ""DATASET"": 142}","{""COMPUTE"": 1.299885974914481, ""MEMORY"": 1.3005540166204985, ""API_CREDITS"": 1.2995495495495495, ""DATASET"": 1.295774647887324}",4,[],"{""COMPUTE"": 0.0068415051311288486, ""MEMORY"": 0.008310249307479225, ""API_CREDITS"": 0.013513513513513514, ""DATASET"": 0.02112676056338028}",exact_pending_queue,0,
workload,dirichlet_0.03__moderate,dirichlet_0.03,dirichlet,0.03,unit,moderate,1.3,1594198431,1e7675cb7fbea4bc,d2b39073fe62784b,"[[0.680586184101981, 3.426250630577465e-36, 0.31937655282584104, 3.726307217794471e-05], [0.8216091554791922, 4.685175881235828e-10, 0.1783908440522902, 0.0], [7.812603485336073e-08, 5.903734912023791e-08, 0.9999998007667272, 6.206988881932198e-08], [6.857702682114864e-19, 0.029046813063289854, 0.9709531869336452, 3.0650051346027806e-12], [0.1447349054602614, 1.519506905943433e-17, 1.2113512833052198e-11, 0.8552650945276251], [4.3147530526114953e-08, 0.9999999568524595, 9.131457878636338e-15, 8.605489118596328e-16]]","[{""research"": 7, ""code_review"": 0, ""doc_processing"": 1, ""monitoring"": 0}, {""research"": 8, ""code_review"": 0, ""doc_processing"": 0, ""monitoring"": 0}, {""research"": 0, ""code_review"": 0, ""doc_processing"": 8, ""monitoring"": 0}, {""research"": 0, ""code_review"": 2, ""doc_processing"": 6, ""monitoring"": 0}, {""research"": 2, ""code_review"": 0, ""doc_processing"": 0, ""monitoring"": 6}, {""research"": 0, ""code_review"": 8, ""doc_processing"": 0, ""monitoring"": 0}]","[2, 1, 1, 2, 2, 1]",0.0,1.5,0.1805100576764885,0.825,0.09544237556285749,0.062096872337836194,"{""COMPUTE"": 1056, ""MEMORY"": 867, ""API_CREDITS"": 505, ""DATASET"": 184}","{""COMPUTE"": 812, ""MEMORY"": 667, ""API_CREDITS"": 388, ""DATASET"": 142}","{""COMPUTE"": 1.3004926108374384, ""MEMORY"": 1.2998500749625188, ""API_CREDITS"": 1.3015463917525774, ""DATASET"": 1.295774647887324}",4,[],"{""COMPUTE"": 0.007389162561576354, ""MEMORY"": 0.008995502248875561, ""API_CREDITS"": 0.015463917525773196, ""DATASET"": 0.02112676056338028}",exact_pending_queue,0,
workload,dirichlet_0.03__moderate,dirichlet_0.03,dirichlet,0.03,unit,moderate,1.3,2964826275,8004ac5680bccf21,76bd7439d89a2d89,"[[0.028777601631612512, 9.843394524128008e-10, 0.9712015969811703, 2.08004028777412e-05], [0.12670930360314606, 0.8731126647897922, 0.00017803160706179712, 1.1859287356261553e-19], [1.5041382736178653e-08, 0.9999999059350161, 9.162292333304982e-61, 7.902360125087433e-08], [2.588965061503607e-10, 0.9999998095622799, 8.26821749252571e-08, 1.074966487146085e-07], [1.0, 0.0, 0.0, 0.0], [8.458140492264487e-07, 0.9997196127715038, 7.879440917482037e-25, 0.0002795414144469161]]","[{""research"": 3, ""code_review"": 0, ""doc_processing"": 5, ""monitoring"": 0}, {""research"": 1, ""code_review"": 7, ""doc_processing"": 0, ""monitoring"": 0}, {""research"": 0, ""code_review"": 8, ""doc_processing"": 0, ""monitoring"": 0}, {""research"": 0, ""code_review"": 8, ""doc_processing"": 0, ""monitoring"": 0}, {""research"": 8, ""code_review"": 0, ""doc_processing"": 0, ""monitoring"": 0}, {""research"": 0, ""code_review"": 8, ""doc_processing"": 0, ""monitoring"": 0}]","[2, 2, 1, 1, 1, 1]",0.0,1.3333333333333333,0.12483320384371345,0.5833333333333334,0.04366281866281867,0.030222080677809845,"{""COMPUTE"": 828, ""MEMORY"": 676, ""API_CREDITS"": 440, ""DATASET"": 96}","{""COMPUTE"": 637, ""MEMORY"": 520, ""API_CREDITS"": 338, ""DATASET"": 74}","{""COMPUTE"": 1.2998430141287285, ""MEMORY"": 1.3, ""API_CREDITS"": 1.301775147928994, ""DATASET"": 1.2972972972972974}",4,[],"{""COMPUTE"": 0.009419152276295133, ""MEMORY"": 0.011538461538461539, ""API_CREDITS"": 0.01775147928994083, ""DATASET"": 0.04054054054054054}",exact_pending_queue,0,
workload,dirichlet_0.03__moderate,dirichlet_0.03,dirichlet,0.03,unit,moderate,1.3,3703943727,e190024a5ebdbf59,72b4f934f61362fe,"[[0.001389875792447278, 0.9983683326991368, 7.64876143175008e-09, 0.00024178385965440877], [1.4219530192913524e-05, 0.988485141610336, 0.011398666381033474, 0.0001019724784377482], [6.238969227527016e-05, 1.5373168266017103e-22, 0.06756663860213422, 0.9323709717055906], [1.041720084625383e-40, 6.613166515683309e-05, 2.459703762160761e-44, 0.9999338683348432], [2.9862417833504933e-13, 6.074312838222267e-14, 4.633250130317256e-36, 0.9999999999996406], [0.2827852614685089, 0.00029377824362418806, 0.716920712921338, 2.4736652889362577e-07]]","[{""research"": 0, ""code_review"": 8, ""doc_processing"": 0, ""monitoring"": 0}, {""research"": 0, ""code_review"": 8, ""doc_processing"": 0, ""monitoring"": 0}, {""research"": 0, ""code_review"": 0, ""doc_processing"": 0, ""monitoring"": 8}, {""research"": 0, ""code_review"": 0, ""doc_processing"": 0, ""monitoring"": 8}, {""research"": 0, ""code_review"": 0, ""doc_processing"": 0, ""monitoring"": 8}, {""research"": 2, ""code_review"": 0, ""doc_processing"": 6, ""monitoring"": 0}]","[1, 1, 1, 1, 1, 2]",0.0,1.1666666666666667,0.0676065103715944,0.7333333333333333,0.19221190686707929,0.1547487474211612,"{""COMPUTE"": 552, ""MEMORY"": 498, ""API_CREDITS"": 214, ""DATASET"": 208}","{""COMPUTE"": 425, ""MEMORY"": 383, ""API_CREDITS"": 165, ""DATASET"": 160}","{""COMPUTE"": 1.2988235294117647, ""MEMORY"": 1.3002610966057442, ""API_CREDITS"": 1.2969696969696969, ""DATASET"": 1.3}",4,[],"{""COMPUTE"": 0.01411764705882353, ""MEMORY"": 0.015665796344647518, ""API_CREDITS"": 0.03636363636363636, ""DATASET"": 0.025}",exact_pending_queue,0,
workload,dirichlet_0.03__moderate,dirichlet_0.03,dirichlet,0.03,unit,moderate,1.3,1321997983,17d6da9bd861778e,93872cd2847f551b,"[[2.8461801393893694e-29, 9.978546203167367e-12, 4.5044605862852135e-25, 0.9999999999900214], [3.969670989001417e-23, 1.1701792008711423e-17, 0.999982521063487, 1.7478936513048993e-05], [0.999999995811937, 4.188062469682904e-09, 6.506275568728258e-32, 5.378212795112103e-16], [0.004143203532664542, 2.1717264656551956e-07, 7.205087049295068e-06, 0.9958493742076397], [0.044149050470477985, 0.9550212226988776, 0.0008297268306444029, 0.0], [2.4470914012108715e-19, 2.5301324331739968e-15, 0.9999978031836991, 2.1968162983165785e-06]]","[{""research"": 0, ""code_review"": 0, ""doc_processing"": 0, ""monitoring"": 8}, {""research"": 0, ""code_review"": 0, ""doc_processing"": 8, ""monitoring"": 0}, {""research"": 8, ""code_review"": 0, ""doc_processing"": 0, ""monitoring"": 0}, {""research"": 0, ""code_review"": 0, ""doc_processing"": 0, ""monitoring"": 8}, {""research"": 0, ""code_review"": 8, ""doc_processing"": 0, ""monitoring"": 0}, {""research"": 0, ""code_review"": 0, ""doc_processing"": 8, ""monitoring"": 0}]","[1, 1, 1, 1, 1, 1]",0.0,1.0,0.0,0.8666666666666667,0.18306138306138306,0.13323944573944574,"{""COMPUTE"": 832, ""MEMORY"": 696, ""API_CREDITS"": 360, ""DATASET"": 192}","{""COMPUTE"": 640, ""MEMORY"": 535, ""API_CREDITS"": 277, ""DATASET"": 148}","{""COMPUTE"": 1.3, ""MEMORY"": 1.3009345794392524, ""API_CREDITS"": 1.2996389891696751, ""DATASET"": 1.2972972972972974}",4,[],"{""COMPUTE"": 0.009375, ""MEMORY"": 0.011214953271028037, ""API_CREDITS"": 0.021660649819494584, ""DATASET"": 0.02027027027027027}",exact_pending_queue,0,
workload,dirichlet_0.03__moderate,dirichlet_0.03,dirichlet,0.03,unit,moderate,1.3,2789760346,05191209c73c2a65,8c7c61f76ce1e7e0,"[[0.008832034342976474, 0.9911679282702859, 8.71105129674819e-32, 3.738673760201884e-08], [6.856256710979518e-06, 3.2621440727786504e-15, 0.9717440199216572, 0.0282491238216287], [8.203763859184387e-06, 1.6004943794186309e-12, 6.832448605481717e-05, 0.9999234717484854], [0.9912502311847164, 2.74456753188344e-09, 0.008749766070257953, 4.580688263790942e-13], [0.0010715877098671604, 5.7244259046245184e-09, 0.9987384348010171, 0.0001899717646898437], [0.032203675892726075, 1.7556215413365516e-12, 0.23433742015470072, 0.7334589039508176]]","[{""research"": 0, ""code_review"": 8, ""doc_processing"": 0, ""monitoring"": 0}, {""research"": 0, ""code_review"": 0, ""doc_processing"": 8, ""monitoring"": 0}, {""research"": 0, ""code_review"": 0, ""doc_processing"": 0, ""monitoring"": 8}, {""research"": 8, ""code_review"": 0, ""doc_processing"": 0, ""monitoring"": 0}, {""research"": 0, ""code_review"": 0, ""doc_processing"": 8, ""monitoring"": 0}, {""research"": 0, ""code_review"": 0, ""doc_processing"": 3, ""monitoring"": 5}]","[1, 1, 1, 1, 1, 2]",0.0,1.1666666666666667,0.07953616691041375,0.8416666666666667,0.14940562276328698,0.09803053461812587,"{""COMPUTE"": 874, ""MEMORY"": 717, ""API_CREDITS"": 387, ""DATASET"": 168}","{""COMPUTE"": 672, ""MEMORY"": 552, ""API_CREDITS"": 298, ""DATASET"": 129}","{""COMPUTE"": 1.3005952380952381, ""MEMORY"": 1.298913043478261, ""API_CREDITS"": 1.2986577181208054, ""DATASET"": 1.302325581395349}",4,[],"{""COMPUTE"": 0.008928571428571428, ""MEMORY"": 0.010869565217391304, ""API_CREDITS"": 0.020134228187919462, ""DATASET"": 0.023255813953488372}",exact_pending_queue,0,
workload,dirichlet_0.03__moderate,dirichlet_0.03,dirichlet,0.03,unit,moderate,1.3,4250606291,7adcf2d7ea01bcdf,bdb4f659c6d95224,"[[6.27502993765023e-31, 7.680456491153089e-10, 1.8116781720675232e-13, 0.9999999992317732], [8.125187699702657e-35, 0.9984795668924344, 5.841759423597502e-07, 0.0015198489316231955], [0.9950424205635097, 0.004858745254268207, 1.7320889890673073e-44, 9.883418222212706e-05], [3.0311080993168436e-08, 1.2927149377686206e-06, 1.6399667787715709e-34, 0.9999986769739813], [0.0023085260917560836, 0.04382936053138513, 0.06699830621207127, 0.8868638071647874], [0.0013197955322245879, 1.576295093400196e-49, 0.9986802044677754, 0.0]]","[{""research"": 0, ""code_review"": 0, ""doc_processing"": 0, ""monitoring"": 8}, {""research"": 0, ""code_review"": 8, ""doc_processing"": 0, ""monitoring"": 0}, {""research"": 8, ""code_review"": 0, ""doc_processing"": 0, ""monitoring"": 0}, {""research"": 0, ""code_review"": 0, ""doc_processing"": 0, ""monitoring"": 8}, {""research"": 0, ""code_review"": 2, ""doc_processing"": 0, ""monitoring"": 6}, {""research"": 0, ""code_review"": 0, ""doc_processing"": 8, ""monitoring"": 0}]","[1, 1, 1, 1, 2, 1]",0.0,1.1666666666666667,0.0676065103715944,0.8166666666666667,0.1847547876959642,0.13316707802001918,"{""COMPUTE"": 724, ""MEMORY"": 638, ""API_CREDITS"": 298, ""DATASET"": 240}","{""COMPUTE"": 557, ""MEMORY"": 491, ""API_CREDITS"": 229, ""DATASET"": 185}","{""COMPUTE"": 1.2998204667863555, ""MEMORY"": 1.2993890020366599, ""API_CREDITS"": 1.3013100436681222, ""DATASET"": 1.2972972972972974}",4,[],"{""COMPUTE"": 0.010771992818671455, ""MEMORY"": 0.012219959266802444, ""API_CREDITS"": 0.026200873362445413, ""DATASET"": 0.021621621621621623}",exact_pending_queue,0,
workload,dirichlet_0.03__high,dirichlet_0.03,dirichlet,0.03,unit,high,1.9,2098221685,2fbbc52a24da99fe,44073e71f0dde215,"[[0.9364535425005589, 3.0767718941402668e-15, 1.5115657366441985e-48, 0.06354645749943802], [1.4146370546543678e-06, 7.474685116784684e-18, 2.1046535306277685e-19, 0.9999985853629454], [1.7107447644343454e-24, 4.796683540636953e-52, 0.9986945342171948, 0.0013054657828052152], [1.0020896744800774e-09, 0.9999999989979104, 0.0, 0.0], [1.8322455180657914e-07, 0.9999997963513966, 2.0424051704699785e-08, 0.0], [3.2770584818581556e-19, 2.901175234835109e-08, 0.9999999709882477, 0.0]]","[{""research"": 8, ""code_review"": 0, ""doc_processing"": 0, ""monitoring"": 0}, {""research"": 0, ""code_review"": 0, ""doc_processing"": 0, ""monitoring"": 8}, {""research"": 0, ""code_review"": 0, ""doc_processing"": 8, ""monitoring"": 0}, {""research"": 0, ""code_review"": 8, ""doc_processing"": 0, ""monitoring"": 0}, {""research"": 0, ""code_review"": 8, ""doc_processing"": 0, ""monitoring"": 0}, {""research"": 0, ""code_review"": 0, ""doc_processing"": 8, ""monitoring"": 0}]","[1, 1, 1, 1, 1, 1]",0.0,1.0,0.0,0.8666666666666667,0.13638306138306136,0.09176702926702925,"{""COMPUTE"": 848, ""MEMORY"": 688, ""API_CREDITS"": 400, ""DATASET"": 128}","{""COMPUTE"": 446, ""MEMORY"": 362, ""API_CREDITS"": 211, ""DATASET"": 67}","{""COMPUTE"": 1.9013452914798206, ""MEMORY"": 1.9005524861878453, ""API_CREDITS"": 1.8957345971563981, ""DATASET"": 1.9104477611940298}",4,[],"{""COMPUTE"": 0.013452914798206279, ""MEMORY"": 0.016574585635359115, ""API_CREDITS"": 0.02843601895734597, ""DATASET"": 0.029850746268656716}",exact_pending_queue,0,
workload,dirichlet_0.03__high,dirichlet_0.03,dirichlet,0.03,unit,high,1.9,1138347673,c40d85e828292604,14085d2840a796d5,"[[9.871394175074072e-28, 2.79335752839003e-20, 1.5105034839020135e-15, 0.9999999999999984], [0.006491312763014824, 1.3974095913047933e-08, 0.9935086732628892, 0.0], [1.618719663842821e-21, 1.0137834356849594e-11, 0.9999999999898619, 3.330669073841704e-16], [0.9641076695292046, 1.8983122395213885e-15, 0.03589233047078119, 1.2345062727461095e-14], [4.1402195118396705e-06, 7.887183624422549e-12, 0.00792778426490199, 0.9920680755076989], [2.3604464821673348e-25, 0.6034615737325553, 0.39653842626744473, 0.0]]","[{""research"": 0, ""code_review"": 0, ""doc_processing"": 0, ""monitoring"": 8}, {""research"": 0, ""code_review"": 0, ""doc_processing"": 8, ""monitoring"": 0}, {""research"": 0, ""code_review"": 0, ""doc_processing"": 8, ""monitoring"": 0}, {""research"": 8, ""code_review"": 0, ""doc_processing"": 0, ""monitoring"": 0}, {""research"": 0, ""code_review"": 0, ""doc_processing"": 1, ""monitoring"": 7}, {""research"": 0, ""code_review"": 4, ""doc_processing"": 4, ""monitoring"": 0}]","[1, 1, 1, 1, 2, 2]",0.0,1.3333333333333333,0.12863037026663304,0.7833333333333333,0.16597975293627468,0.12001996929533161,"{""COMPUTE"": 894, ""MEMORY"": 735, ""API_CREDITS"": 385, ""DATASET"": 184}","{""COMPUTE"": 471, ""MEMORY"": 387, ""API_CREDITS"": 203, ""DATASET"": 97}","{""COMPUTE"": 1.8980891719745223, ""MEMORY"": 1.8992248062015504, ""API_CREDITS"": 1.896551724137931, ""DATASET"": 1.8969072164948453}",4,[],"{""COMPUTE"": 0.012738853503184714, ""MEMORY"": 0.015503875968992248, ""API_CREDITS"": 0.029556650246305417, ""DATASET"": 0.030927835051546393}",exact_pending_queue,0,
workload,dirichlet_0.03__high,dirichlet_0.03,dirichlet,0.03,unit,high,1.9,2342860720,106d5652cb0306ab,a9c98fa67e47e43f,"[[0.00767426723732475, 3.753874815778434e-07, 8.405442754448557e-25, 0.9923253573751937], [1.4665853393864798e-26, 3.8649063571234424e-17, 0.01143340920064652, 0.9885665907993535], [6.64540468434947e-31, 1.0, 0.0, 0.0], [0.2537676674614844, 6.282118050786594e-05, 1.5926027828013773e-20, 0.7461695113580078], [4.303694144435768e-26, 0.05229930247872581, 7.76014906865188e-12, 0.9477006975135139], [3.200310169696432e-11, 0.9999999999679287, 1.6117633548910425e-25, 6.827871601210082e-14]]","[{""research"": 0, ""code_review"": 0, ""doc_processing"": 0, ""monitoring"": 8}, {""research"": 0, ""code_review"": 0, ""doc_processing"": 0, ""monitoring"": 8}, {""research"": 0, ""code_review"": 8, ""doc_processing"": 0, ""monitoring"": 0}, {""research"": 3, ""code_review"": 0, ""doc_processing"": 0, ""monitoring"": 5}, {""research"": 0, ""code_review"": 0, ""doc_processing"": 0, ""monitoring"": 8}, {""research"": 0, ""code_review"": 8, ""doc_processing"": 0, ""monitoring"": 0}]","[1, 1, 1, 2, 1, 1]",0.0,1.1666666666666667,0.07953616691041375,0.6083333333333333,0.1813657859343139,0.1329016443229641,"{""COMPUTE"": 494, ""MEMORY"": 476, ""API_CREDITS"": 176, ""DATASET"": 256}","{""COMPUTE"": 260, ""MEMORY"": 251, ""API_CREDITS"": 93, ""DATASET"": 135}","{""COMPUTE"": 1.9, ""MEMORY"": 1.8964143426294822, ""API_CREDITS"": 1.89247311827957, ""DATASET"": 1.8962962962962964}",4,[],"{""COMPUTE"": 0.023076923076923078, ""MEMORY"": 0.02390438247011952, ""API_CREDITS"": 0.06451612903225806, ""DATASET"": 0.02962962962962963}",exact_pending_queue,0,
workload,dirichlet_0.03__high,dirichlet_0.03,dirichlet,0.03,unit,high,1.9,1473714878,64ea58a8a0226aa4,c6c736031317b365,"[[2.9600450815232127e-06, 0.9999124479958459, 4.327388205206428e-06, 8.026457086736522e-05], [1.148338432587843e-07, 6.721171534598836e-27, 7.314353932256807e-27, 0.9999998851661568], [0.9918834046226914, 1.9563608731366718e-05, 0.008097031768577208, 2.6968533301787315e-18], [0.3560374249422055, 0.6427873304751692, 0.001171676637143335, 3.5679454819004747e-06], [5.657172646437793e-93, 4.981307605663781e-05, 0.9999501869239347, 8.65930822380929e-15], [3.5069843615982823e-13, 0.9999999999996251, 2.416968137208506e-14, 3.318056473486412e-17]]","[{""research"": 0, ""code_review"": 8, ""doc_processing"": 0, ""monitoring"": 0}, {""research"": 0, ""code_review"": 0, ""doc_processing"": 0, ""monitoring"": 8}, {""research"": 8, ""code_review"": 0, ""doc_processing"": 0, ""monitoring"": 0}, {""research"": 3, ""code_review"": 5, ""doc_processing"": 0, ""monitoring"": 0}, {""research"": 0, ""code_review"": 0, ""doc_processing"": 8, ""monitoring"": 0}, {""research"": 0, ""code_review"": 8, ""doc_processing"": 0, ""monitoring"": 0}]","[1, 1, 1, 2, 1, 1]",0.0,1.1666666666666667,0.07953616691041375,0.825,0.1353413947163947,0.08514937030562031,"{""COMPUTE"": 824, ""MEMORY"": 687, ""API_CREDITS"": 401, ""DATASET"": 152}","{""COMPUTE"": 434, ""MEMORY"": 362, ""API_CREDITS"": 211, ""DATASET"": 80}","{""COMPUTE"": 1.8986175115207373, ""MEMORY"": 1.8977900552486189, ""API_CREDITS"": 1.900473933649289, ""DATASET"": 1.9}",4,[],"{""COMPUTE"": 0.013824884792626729, ""MEMORY"": 0.016574585635359115, ""API_CREDITS"": 0.02843601895734597, ""DATASET"": 0.0375}",exact_pending_queue,0,
workload,dirichlet_0.03__high,dirichlet_0.03,dirichlet,0.03,unit,high,1.9,2114544130,ddcae5eff31f1d4d,5ae8a986af0790b3,"[[7.205551284656842e-18, 4.5408984116857257e-10, 3.7481416454584724e-14, 0.9999999995458726], [2.1286378819365888e-13, 2.8189405937582475e-60, 0.9999947870233695, 5.212976417644511e-06], [0.5936017533432506, 0.19402055069034385, 1.5342688988340445e-52, 0.21237769596640552], [0.9999999999303979, 1.34404170046242e-19, 6.203024085168994e-11, 7.571860873706202e-12], [4.797114247802706e-05, 3.3628678422498333e-13, 7.884707597789674e-14, 0.9999520288571069], [0.0028407809498883154, 9.785480288503259e-32, 0.0308288943110011, 0.9663303247391106]]","[{""research"": 0, ""code_review"": 0, ""doc_processing"": 0, ""monitoring"": 8}, {""research"": 0, ""code_review"": 0, ""doc_processing"": 8, ""monitoring"": 0}, {""research"": 3, ""code_review"": 3, ""doc_processing"": 0, ""monitoring"": 2}, {""research"": 8, ""code_review"": 0, ""doc_processing"": 0, ""monitoring"": 0}, {""research"": 0, ""code_review"": 0, ""doc_processing"": 0, ""monitoring"": 8}, {""research"": 0, ""code_review"": 0, ""doc_processing"": 1, ""monitoring"": 7}]","[1, 1, 3, 1, 1, 2]",0.0,1.5,0.17540354730489413,0.7333333333333333,0.16391836163239124,0.1175489900557135,"{""COMPUTE"": 802, ""MEMORY"": 712, ""API_CREDITS"": 320, ""DATASET"": 288}","{""COMPUTE"": 422, ""MEMORY"": 375, ""API_CREDITS"": 168, ""DATASET"": 152}","{""COMPUTE"": 1.900473933649289, ""MEMORY"": 1.8986666666666667, ""API_CREDITS"": 1.9047619047619047, ""DATASET"": 1.894736842105263}",4,[],"{""COMPUTE"": 0.014218009478672985, ""MEMORY"": 0.016, ""API_CREDITS"": 0.03571428571428571, ""DATASET"": 0.03289473684210526}",exact_pending_queue,0,
workload,dirichlet_0.03__high,dirichlet_0.03,dirichlet,0.03,unit,high,1.9,147595965,9370e72a2cfb61b8,6ca23744cb808712,"[[5.081663339865755e-08, 9.362243408836516e-11, 0.101856945228597, 0.8981430038611472], [2.127214635655839e-13, 0.9996928010024732, 4.723532487153921e-06, 0.0003024754648270205], [0.03915913177133666, 9.057445162906125e-15, 0.9608408682286542, 0.0], [2.3533459889594156e-12, 9.91469576853884e-10, 0.9936927907845348, 0.006307208221642284], [0.9999999787390614, 1.95834519825743e-08, 1.677486582674161e-09, 2.607337918618479e-24], [0.007525269283793699, 0.9924747307162063, 0.0, 0.0]]","[{""research"": 0, ""code_review"": 0, ""doc_processing"": 0, ""monitoring"": 8}, {""research"": 0, ""code_review"": 8, ""doc_processing"": 0, ""monitoring"": 0}, {""research"": 0, ""code_review"": 0, ""doc_processing"": 8, ""monitoring"": 0}, {""research"": 0, ""code_review"": 0, ""doc_processing"": 8, ""monitoring"": 0}, {""research"": 8, ""code_review"": 0, ""doc_processing"": 0, ""monitoring"": 0}, {""research"": 0, ""code_review"": 8, ""doc_processing"": 0, ""monitoring"": 0}]","[1, 1, 1, 1, 1, 1]",0.0,1.0,0.0,0.8666666666666667,0.13638306138306136,0.09176702926702925,"{""COMPUTE"": 848, ""MEMORY"": 688, ""API_CREDITS"": 400, ""DATASET"": 128}","{""COMPUTE"": 446, ""MEMORY"": 362, ""API_CREDITS"": 211, ""DATASET"": 67}","{""COMPUTE"": 1.9013452914798206, ""MEMORY"": 1.9005524861878453, ""API_CREDITS"": 1.8957345971563981, ""DATASET"": 1.9104477611940298}",4,[],"{""COMPUTE"": 0.013452914798206279, ""MEMORY"": 0.016574585635359115, ""API_CREDITS"": 0.02843601895734597, ""DATASET"": 0.029850746268656716}",exact_pending_queue,0,
workload,dirichlet_0.03__high,dirichlet_0.03,dirichlet,0.03,unit,high,1.9,393081195,223ed16d52748abe,9c0445f37944e928,"[[0.8889766525741473, 2.1873420004719863e-52, 0.11102334742585274, 0.0], [3.8761242925109655e-06, 6.620078602332215e-47, 0.9988113126778806, 0.0011848111978268814], [0.971117033874394, 2.325821013091794e-25, 0.025282079230927602, 0.0036008868946784335], [8.558544482056086e-44, 0.9999999999995461, 4.5239370830059535e-13, 1.4654641661686534e-15], [1.1958677774102368e-22, 1.0, 0.0, 0.0], [1.606279454103068e-23, 1.902030659841742e-11, 0.9999955236437432, 4.4763372364623595e-06]]","[{""research"": 6, ""code_review"": 0, ""doc_processing"": 2, ""monitoring"": 0}, {""research"": 0, ""code_review"": 0, ""doc_processing"": 8, ""monitoring"": 0}, {""research"": 8, ""code_review"": 0, ""doc_processing"": 0, ""monitoring"": 0}, {""research"": 0, ""code_review"": 8, ""doc_processing"": 0, ""monitoring"": 0}, {""research"": 0, ""code_review"": 8, ""doc_processing"": 0, ""monitoring"": 0}, {""research"": 0, ""code_review"": 0, ""doc_processing"": 8, ""monitoring"": 0}]","[2, 1, 1, 1, 1, 1]",0.0,1.1666666666666667,0.0676065103715944,0.7833333333333333,0.056798756798756796,0.04224941724941724,"{""COMPUTE"": 1032, ""MEMORY"": 822, ""API_CREDITS"": 514, ""DATASET"": 112}","{""COMPUTE"": 543, ""MEMORY"": 433, ""API_CREDITS"": 271, ""DATASET"": 59}","{""COMPUTE"": 1.9005524861878453, ""MEMORY"": 1.8983833718244805, ""API_CREDITS"": 1.896678966789668, ""DATASET"": 1.8983050847457628}",4,[],"{""COMPUTE"": 0.011049723756906077, ""MEMORY"": 0.013856812933025405, ""API_CREDITS"": 0.02214022140221402, ""DATASET"": 0.03389830508474576}",exact_pending_queue,0,
workload,dirichlet_0.03__high,dirichlet_0.03,dirichlet,0.03,unit,high,1.9,1217898226,e01413a7bfd5278c,20218acf0dfbc545,"[[3.836339499568117e-37, 0.00021761121835139183, 0.04800976415683212, 0.9517726246248165], [4.728152824250417e-13, 1.2128723705248738e-10, 0.9158850524850514, 0.08411494739318856], [9.473120047599224e-05, 0.01620641619502072, 0.2493192441395143, 0.734379608464989], [1.1790897333547395e-07, 3.853492911475511e-07, 0.9999994967417355, 0.0], [6.656659834820854e-06, 0.9999371329783001, 2.8047466857977314e-18, 5.6210361865144185e-05], [0.07544584713311624, 0.9245535979933139, 5.548017454768844e-07, 7.182443577234155e-11]]","[{""research"": 0, ""code_review"": 0, ""doc_processing"": 1, ""monitoring"": 7}, {""research"": 0, ""code_review"": 0, ""doc_processing"": 7, ""monitoring"": 1}, {""research"": 0, ""code_review"": 1, ""doc_processing"": 0, ""monitoring"": 7}, {""research"": 0, ""code_review"": 0, ""doc_processing"": 8, ""monitoring"": 0}, {""research"": 0, ""code_review"": 8, ""doc_processing"": 0, ""monitoring"": 0}, {""research"": 0, ""code_review"": 8, ""doc_processing"": 0, ""monitoring"": 0}]","[2, 2, 2, 1, 1, 1]",0.0,1.5,0.1358911107998991,0.7666666666666667,0.1563183368354443,0.11672990678398935,"{""COMPUTE"": 642, ""MEMORY"": 527, ""API_CREDITS"": 277, ""DATASET"": 120}","{""COMPUTE"": 338, ""MEMORY"": 277, ""API_CREDITS"": 146, ""DATASET"": 63}","{""COMPUTE"": 1.8994082840236686, ""MEMORY"": 1.9025270758122743, ""API_CREDITS"": 1.8972602739726028, ""DATASET"": 1.9047619047619047}",4,[],"{""COMPUTE"": 0.01775147928994083, ""MEMORY"": 0.021660649819494584, ""API_CREDITS"": 0.0410958904109589, ""DATASET"": 0.047619047619047616}",exact_pending_queue,0,
workload,dirichlet_0.03__high,dirichlet_0.03,dirichlet,0.03,unit,high,1.9,1595745102,51597d78618c9be8,e3321fdddbbf126e,"[[0.9981129637365328, 0.001872208880382382, 1.0157192424819338e-27, 1.4827383084819043e-05], [1.1431281390068767e-08, 5.600684363859584e-07, 0.9999994285001963, 8.604223523530839e-14], [0.08601153388516711, 6.208333526063526e-06, 3.2264704854260293e-07, 0.9139819351342583], [6.191752469242674e-11, 0.7742668336280741, 0.22573316437499952, 1.935008885583993e-09], [1.2794861404433651e-14, 1.5465863928808156e-28, 0.7882758868573534, 0.2117241131426338], [1.8325948737764272e-30, 0.004579113616883899, 0.871802455930975, 0.12361843045214103]]","[{""research"": 8, ""code_review"": 0, ""doc_processing"": 0, ""monitoring"": 0}, {""research"": 0, ""code_review"": 0, ""doc_processing"": 8, ""monitoring"": 0}, {""research"": 1, ""code_review"": 0, ""doc_processing"": 0, ""monitoring"": 7}, {""research"": 0, ""code_review"": 7, ""doc_processing"": 1, ""monitoring"": 0}, {""research"": 0, ""code_review"": 0, ""doc_processing"": 8, ""monitoring"": 0}, {""research"": 0, ""code_review"": 0, ""doc_processing"": 6, ""monitoring"": 2}]","[1, 1, 2, 2, 1, 2]",0.0,1.5,0.1582005842381938,0.7833333333333333,0.10898197662903546,0.0709975572720671,"{""COMPUTE"": 954, ""MEMORY"": 766, ""API_CREDITS"": 434, ""DATASET"": 144}","{""COMPUTE"": 502, ""MEMORY"": 403, ""API_CREDITS"": 228, ""DATASET"": 76}","{""COMPUTE"": 1.900398406374502, ""MEMORY"": 1.900744416873449, ""API_CREDITS"": 1.9035087719298245, ""DATASET"": 1.894736842105263}",4,[],"{""COMPUTE"": 0.01195219123505976, ""MEMORY"": 0.01488833746898263, ""API_CREDITS"": 0.02631578947368421, ""DATASET"": 0.039473684210526314}",exact_pending_queue,0,
workload,dirichlet_0.03__high,dirichlet_0.03,dirichlet,0.03,unit,high,1.9,2413048586,4b60f7062ffe61b4,9dcc8ac4dfbb17a2,"[[3.371430028843942e-14, 1.81643942013715e-17, 0.4900779979255407, 0.5099220020744256], [7.637348051063597e-30, 0.9999999998105827, 1.864824413574964e-18, 1.8941725779022034e-10], [0.11893911450472547, 0.4142598684153423, 2.429201309331758e-21, 0.4668010170799322], [0.005243350809030375, 8.793090987675749e-11, 4.6126090972587484e-39, 0.9947566491030387], [0.04254641618899989, 0.9574535838106156, 3.844824028758506e-13, 0.0], [0.00038792863792171567, 0.9994140131580918, 1.2893795451453032e-10, 0.0001980580750485497]]","[{""research"": 0, ""code_review"": 0, ""doc_processing"": 6, ""monitoring"": 2}, {""research"": 0, ""code_review"": 8, ""doc_processing"": 0, ""monitoring"": 0}, {""research"": 0, ""code_review"": 4, ""doc_processing"": 0, ""monitoring"": 4}, {""research"": 0, ""code_review"": 0, ""doc_processing"": 0, ""monitoring"": 8}, {""research"": 0, ""code_review"": 8, ""doc_processing"": 0, ""monitoring"": 0}, {""research"": 0, ""code_review"": 8, ""doc_processing"": 0, ""monitoring"": 0}]","[2, 1, 2, 1, 1, 1]",0.0,1.3333333333333333,0.15093984370492775,0.6333333333333333,0.14716440422322777,0.10327928607340374,"{""COMPUTE"": 524, ""MEMORY"": 446, ""API_CREDITS"": 242, ""DATASET"": 112}","{""COMPUTE"": 276, ""MEMORY"": 235, ""API_CREDITS"": 127, ""DATASET"": 59}","{""COMPUTE"": 1.8985507246376812, ""MEMORY"": 1.897872340425532, ""API_CREDITS"": 1.905511811023622, ""DATASET"": 1.8983050847457628}",4,[],"{""COMPUTE"": 0.021739130434782608, ""MEMORY"": 0.02553191489361702, ""API_CREDITS"": 0.047244094488188976, ""DATASET"": 0.05084745762711865}",exact_pending_queue,0,
workload,dirichlet_0.03__high,dirichlet_0.03,dirichlet,0.03,unit,high,1.9,453209340,0ecdecfee521d3b1,83bf91d8cbcdae76,"[[4.045311260521463e-12, 0.9999999999959545, 2.2047413685028263e-16, 1.5704680738504469e-18], [2.710426093391671e-08, 0.9993024705898362, 3.349322985397839e-09, 0.0006974989565798709], [6.995864286854823e-12, 0.9999997171467866, 4.852397781099692e-21, 2.828462175566019e-07], [4.3159697667064836e-06, 0.0948137492219607, 4.344238650501181e-14, 0.9051819348082293], [5.476661030451109e-12, 7.709320102569045e-05, 0.9999175183770567, 5.388416441061373e-06], [1.503575540756551e-05, 5.4999079817483216e-14, 0.9999849453092635, 1.8935273966172874e-08]]","[{""research"": 0, ""code_review"": 8, ""doc_processing"": 0, ""monitoring"": 0}, {""research"": 0, ""code_review"": 8, ""doc_processing"": 0, ""monitoring"": 0}, {""research"": 0, ""code_review"": 8, ""doc_processing"": 0, ""monitoring"": 0}, {""research"": 0, ""code_review"": 0, ""doc_processing"": 0, ""monitoring"": 8}, {""research"": 0, ""code_review"": 0, ""doc_processing"": 8, ""monitoring"": 0}, {""research"": 0, ""code_review"": 0, ""doc_processing"": 8, ""monitoring"": 0}]","[1, 1, 1, 1, 1, 1]",0.0,1.0,0.0,0.7333333333333333,0.12350427350427351,0.08903133903133904,"{""COMPUTE"": 656, ""MEMORY"": 520, ""API_CREDITS"": 312, ""DATASET"": 64}","{""COMPUTE"": 345, ""MEMORY"": 274, ""API_CREDITS"": 164, ""DATASET"": 34}","{""COMPUTE"": 1.901449275362319, ""MEMORY"": 1.897810218978102, ""API_CREDITS"": 1.9024390243902438, ""DATASET"": 1.8823529411764706}",4,[],"{""COMPUTE"": 0.017391304347826087, ""MEMORY"": 0.021897810218978103, ""API_CREDITS"": 0.036585365853658534, ""DATASET"": 0.029411764705882353}",exact_pending_queue,0,
workload,dirichlet_0.03__high,dirichlet_0.03,dirichlet,0.03,unit,high,1.9,2920410359,555a95dcc653ad84,8676f2c3e54a8955,"[[0.5057810638237998, 0.49421893617481705, 1.3503613562141805e-12, 3.272969926971531e-14], [0.985430902036803, 8.813783773262896e-30, 0.014569097963195905, 1.1484213084800196e-15], [1.9317393448387948e-06, 0.9821021581316476, 0.017878149548680937, 1.7760580326683815e-05], [5.085128054960217e-69, 0.9997955543491877, 0.0002044456508120167, 3.2930297399874806e-16], [1.359621382786703e-09, 6.993918811353527e-05, 0.9999300594522651, 0.0], [0.9986533473050404, 1.8296236438112862e-20, 0.0013466526841505529, 1.0809040796318243e-11]]","[{""research"": 3, ""code_review"": 5, ""doc_processing"": 0, ""monitoring"": 0}, {""research"": 6, ""code_review"": 0, ""doc_processing"": 2, ""monitoring"": 0}, {""research"": 0, ""code_review"": 8, ""doc_processing"": 0, ""monitoring"": 0}, {""research"": 0, ""code_review"": 8, ""doc_processing"": 0, ""monitoring"": 0}, {""research"": 0, ""code_review"": 0, ""doc_processing"": 8, ""monitoring"": 0}, {""research"": 8, ""code_review"": 0, ""doc_processing"": 0, ""monitoring"": 0}]","[2, 2, 1, 1, 1, 1]",0.0,1.3333333333333333,0.14714267728200817,0.7333333333333333,0.05569031662781663,0.03999884663947165,"{""COMPUTE"": 1008, ""MEMORY"": 821, ""API_CREDITS"": 515, ""DATASET"": 136}","{""COMPUTE"": 531, ""MEMORY"": 432, ""API_CREDITS"": 271, ""DATASET"": 72}","{""COMPUTE"": 1.8983050847457628, ""MEMORY"": 1.900462962962963, ""API_CREDITS"": 1.900369003690037, ""DATASET"": 1.8888888888888888}",4,[],"{""COMPUTE"": 0.011299435028248588, ""MEMORY"": 0.013888888888888888, ""API_CREDITS"": 0.02214022140221402, ""DATASET"": 0.041666666666666664}",exact_pending_queue,0,
workload,dirichlet_0.03__high,dirichlet_0.03,dirichlet,0.03,unit,high,1.9,4282649469,6c2fc00013936b7a,9808098ba0bb68fe,"[[8.230332539975916e-23, 0.9989658678838687, 0.0010341002374855475, 3.187864580011137e-08], [0.4974555401762302, 4.968539641617121e-13, 9.534384952073371e-13, 0.5025444598223195], [5.995138432890448e-11, 5.374793694624439e-06, 2.023768894129982e-11, 0.9999946251261163], [0.10967977637863445, 0.30537613541774383, 3.858270182944621e-18, 0.5849440882036216], [9.386247590668172e-08, 4.1257682186412335e-16, 0.9999999059927398, 1.4478383798468844e-10], [1.949470202389652e-11, 0.9139098005872501, 1.2529153441017849e-14, 0.08609019939324261]]","[{""research"": 0, ""code_review"": 8, ""doc_processing"": 0, ""monitoring"": 0}, {""research"": 2, ""code_review"": 0, ""doc_processing"": 0, ""monitoring"": 6}, {""research"": 0, ""code_review"": 0, ""doc_processing"": 0, ""monitoring"": 8}, {""research"": 2, ""code_review"": 3, ""doc_processing"": 0, ""monitoring"": 3}, {""research"": 0, ""code_review"": 0, ""doc_processing"": 8, ""monitoring"": 0}, {""research"": 0, ""code_review"": 6, ""doc_processing"": 0, ""monitoring"": 2}]","[1, 2, 1, 3, 1, 2]",0.0,1.6666666666666667,0.2653195311147832,0.7333333333333333,0.15171059656371633,0.09398490045057473,"{""COMPUTE"": 634, ""MEMORY"": 551, ""API_CREDITS"": 269, ""DATASET"": 184}","{""COMPUTE"": 334, ""MEMORY"": 290, ""API_CREDITS"": 142, ""DATASET"": 97}","{""COMPUTE"": 1.8982035928143712, ""MEMORY"": 1.9, ""API_CREDITS"": 1.8943661971830985, ""DATASET"": 1.8969072164948453}",4,[],"{""COMPUTE"": 0.017964071856287425, ""MEMORY"": 0.020689655172413793, ""API_CREDITS"": 0.04225352112676056, ""DATASET"": 0.041237113402061855}",exact_pending_queue,0,
workload,dirichlet_0.03__high,dirichlet_0.03,dirichlet,0.03,unit,high,1.9,2089981338,bcb088211563d0ad,19ddf1fe75443692,"[[7.715383503665785e-06, 8.867372719725007e-09, 2.201715582349308e-20, 0.9999922757491236], [1.6666293280003055e-06, 1.9267136966163082e-71, 4.076491144069566e-11, 0.9999983333299072], [4.860732466840384e-10, 0.9975988275507385, 0.002401171963188179, 8.424043022786555e-17], [0.1736236067112751, 2.0470086075720843e-21, 0.017527222796481903, 0.808849170492243], [8.524562262629961e-18, 1.0, 0.0, 0.0], [3.755591441632879e-30, 1.7165464921238888e-06, 0.9999982834531761, 3.3173407032006455e-13]]","[{""research"": 0, ""code_review"": 0, ""doc_processing"": 0, ""monitoring"": 8}, {""research"": 0, ""code_review"": 0, ""doc_processing"": 0, ""monitoring"": 8}, {""research"": 0, ""code_review"": 8, ""doc_processing"": 0, ""monitoring"": 0}, {""research"": 1, ""code_review"": 0, ""doc_processing"": 0, ""monitoring"": 7}, {""research"": 0, ""code_review"": 8, ""doc_processing"": 0, ""monitoring"": 0}, {""research"": 0, ""code_review"": 0, ""doc_processing"": 8, ""monitoring"": 0}]","[1, 1, 1, 2, 1, 1]",0.0,1.1666666666666667,0.0452970369332997,0.75,0.19279202279202276,0.14757834757834756,"{""COMPUTE"": 554, ""MEMORY"": 492, ""API_CREDITS"": 216, ""DATASET"": 192}","{""COMPUTE"": 292, ""MEMORY"": 259, ""API_CREDITS"": 114, ""DATASET"": 101}","{""COMPUTE"": 1.8972602739726028, ""MEMORY"": 1.8996138996138996, ""API_CREDITS"": 1.894736842105263, ""DATASET"": 1.900990099009901}",4,[],"{""COMPUTE"": 0.02054794520547945, ""MEMORY"": 0.023166023166023165, ""API_CREDITS"": 0.05263157894736842, ""DATASET"": 0.0297029702970297}",exact_pending_queue,0,
workload,dirichlet_0.03__high,dirichlet_0.03,dirichlet,0.03,unit,high,1.9,1751949247,cee01b4890556956,f75d9c4c24b93b89,"[[6.43110164873669e-18, 9.318183976147606e-07, 0.005300594110066685, 0.9946984740715357], [0.02087088894702448, 0.16276036514239667, 0.8163648932612979, 3.852649280889698e-06], [3.050805973057061e-12, 1.1068133722777922e-08, 0.9659438579023126, 0.03405613102650286], [0.016708305257577324, 6.355819342215191e-31, 1.3760721957636266e-05, 0.983277934020465], [2.266577597693157e-16, 0.026707085598248366, 1.1734897510952848e-17, 0.9732929144017514], [0.9999997162215322, 7.893671477723552e-11, 3.628038960316978e-13, 2.8369916831688713e-07]]","[{""research"": 0, ""code_review"": 0, ""doc_processing"": 0, ""monitoring"": 8}, {""research"": 0, ""code_review"": 2, ""doc_processing"": 6, ""monitoring"": 0}, {""research"": 0, ""code_review"": 0, ""doc_processing"": 8, ""monitoring"": 0}, {""research"": 0, ""code_review"": 0, ""doc_processing"": 0, ""monitoring"": 8}, {""research"": 0, ""code_review"": 1, ""doc_processing"": 0, ""monitoring"": 7}, {""research"": 8, ""code_review"": 0, ""doc_processing"": 0, ""monitoring"": 0}]","[1, 2, 1, 1, 2, 1]",0.0,1.3333333333333333,0.1129035473048941,0.7583333333333333,0.18491206743633926,0.13951265832333795,"{""COMPUTE"": 794, ""MEMORY"": 687, ""API_CREDITS"": 317, ""DATASET"": 248}","{""COMPUTE"": 418, ""MEMORY"": 362, ""API_CREDITS"": 167, ""DATASET"": 131}","{""COMPUTE"": 1.8995215311004785, ""MEMORY"": 1.8977900552486189, ""API_CREDITS"": 1.8982035928143712, ""DATASET"": 1.8931297709923665}",4,[],"{""COMPUTE"": 0.014354066985645933, ""MEMORY"": 0.016574585635359115, ""API_CREDITS"": 0.03592814371257485, ""DATASET"": 0.030534351145038167}",exact_pending_queue,0,
workload,dirichlet_0.03__high,dirichlet_0.03,dirichlet,0.03,unit,high,1.9,4210982914,97b1573c5e046838,fd6ae4dac1096d4d,"[[2.098318593844959e-09, 2.0751261647027137e-07, 0.026777206012636095, 0.9732225843764288], [9.180048733805858e-33, 9.093489293988711e-26, 1.0, 0.0], [0.06438083056619252, 0.9356188296977275, 3.3973608002378857e-07, 0.0], [6.524406682873014e-07, 1.460684069043549e-13, 0.9988936440912367, 0.0011057034679488637], [2.116306766057777e-05, 2.892617623252946e-12, 6.848012372525547e-14, 0.9999788369293784], [0.9997936030312666, 2.9834949584186447e-09, 3.719407487726625e-05, 0.00016919991036114422]]","[{""research"": 0, ""code_review"": 0, ""doc_processing"": 1, ""monitoring"": 7}, {""research"": 0, ""code_review"": 0, ""doc_processing"": 8, ""monitoring"": 0}, {""research"": 1, ""code_review"": 7, ""doc_processing"": 0, ""monitoring"": 0}, {""research"": 0, ""code_review"": 0, ""doc_processing"": 8, ""monitoring"": 0}, {""research"": 0, ""code_review"": 0, ""doc_processing"": 0, ""monitoring"": 8}, {""research"": 8, ""code_review"": 0, ""doc_processing"": 0, ""monitoring"": 0}]","[2, 1, 2, 1, 1, 1]",0.0,1.3333333333333333,0.0905940738665994,0.85,0.16516956775108949,0.11563146620891186,"{""COMPUTE"": 870, ""MEMORY"": 724, ""API_CREDITS"": 380, ""DATASET"": 192}","{""COMPUTE"": 458, ""MEMORY"": 381, ""API_CREDITS"": 200, ""DATASET"": 101}","{""COMPUTE"": 1.8995633187772927, ""MEMORY"": 1.900262467191601, ""API_CREDITS"": 1.9, ""DATASET"": 1.900990099009901}",4,[],"{""COMPUTE"": 0.013100436681222707, ""MEMORY"": 0.015748031496062992, ""API_CREDITS"": 0.03, ""DATASET"": 0.039603960396039604}",exact_pending_queue,0,
workload,dirichlet_0.03__high,dirichlet_0.03,dirichlet,0.03,unit,high,1.9,3922112564,bdf0e23653854cc0,51834532e88dfb2a,"[[0.9995845901328061, 5.329288229994522e-16, 1.0260706294392976e-18, 0.0004154098671933715], [1.4457328522061464e-05, 1.928629686757009e-27, 0.006400383857298093, 0.9935851588141799], [7.620068462126117e-24, 5.482057000071812e-13, 0.9999820603177122, 1.7939681739566216e-05], [1.6713105471020031e-10, 0.9990986427517372, 3.2696436362623667e-10, 0.0009013567541673528], [0.0005564276479738274, 6.823079525861375e-42, 5.793136503657637e-11, 0.9994435722940949], [0.9999999921933611, 1.5684594282803003e-51, 7.806638890883733e-09, 0.0]]","[{""research"": 8, ""code_review"": 0, ""doc_processing"": 0, ""monitoring"": 0}, {""research"": 0, ""code_review"": 0, ""doc_processing"": 0, ""monitoring"": 8}, {""research"": 0, ""code_review"": 0, ""doc_processing"": 8, ""monitoring"": 0}, {""research"": 0, ""code_review"": 8, ""doc_processing"": 0, ""monitoring"": 0}, {""research"": 0, ""code_review"": 0, ""doc_processing"": 0, ""monitoring"": 8}, {""research"": 8, ""code_review"": 0, ""doc_processing"": 0, ""monitoring"": 0}]","[1, 1, 1, 1, 1, 1]",0.0,1.0,0.0,0.8666666666666667,0.1747280497280497,0.12308987308987307,"{""COMPUTE"": 928, ""MEMORY"": 800, ""API_CREDITS"": 416, ""DATASET"": 256}","{""COMPUTE"": 488, ""MEMORY"": 421, ""API_CREDITS"": 219, ""DATASET"": 135}","{""COMPUTE"": 1.901639344262295, ""MEMORY"": 1.9002375296912113, ""API_CREDITS"": 1.8995433789954337, ""DATASET"": 1.8962962962962964}",4,[],"{""COMPUTE"": 0.012295081967213115, ""MEMORY"": 0.014251781472684086, ""API_CREDITS"": 0.0273972602739726, ""DATASET"": 0.02962962962962963}",exact_pending_queue,0,
workload,dirichlet_0.03__high,dirichlet_0.03,dirichlet,0.03,unit,high,1.9,183163032,a7168c394f9a8213,b57367da9ae1ac33,"[[9.550582856949162e-13, 2.210080122808506e-10, 6.923546755998015e-13, 0.9999999997773447], [0.9999999999968643, 2.325813849216499e-32, 4.333245182039828e-68, 3.135713910751292e-12], [0.9972416273945962, 5.562231207583971e-13, 0.0027583726048475686, 0.0], [2.3531750498316175e-60, 0.9995506081701852, 2.3993657088148755e-30, 0.00044939182981484915], [0.9999999224356548, 4.94159502770053e-45, 7.756434516892341e-08, 0.0], [2.2522821310658933e-11, 0.9999999998664587, 1.1101841667942902e-10, 0.0]]","[{""research"": 0, ""code_review"": 0, ""doc_processing"": 0, ""monitoring"": 8}, {""research"": 8, ""code_review"": 0, ""doc_processing"": 0, ""monitoring"": 0}, {""research"": 8, ""code_review"": 0, ""doc_processing"": 0, ""monitoring"": 0}, {""research"": 0, ""code_review"": 8, ""doc_processing"": 0, ""monitoring"": 0}, {""research"": 8, ""code_review"": 0, ""doc_processing"": 0, ""monitoring"": 0}, {""research"": 0, ""code_review"": 8, ""doc_processing"": 0, ""monitoring"": 0}]","[1, 1, 1, 1, 1, 1]",0.0,1.0,0.0,0.7333333333333333,0.12577700077700074,0.07451113701113704,"{""COMPUTE"": 1040, ""MEMORY"": 896, ""API_CREDITS"": 512, ""DATASET"": 256}","{""COMPUTE"": 547, ""MEMORY"": 472, ""API_CREDITS"": 269, ""DATASET"": 135}","{""COMPUTE"": 1.9012797074954295, ""MEMORY"": 1.8983050847457628, ""API_CREDITS"": 1.903345724907063, ""DATASET"": 1.8962962962962964}",4,[],"{""COMPUTE"": 0.010968921389396709, ""MEMORY"": 0.012711864406779662, ""API_CREDITS"": 0.022304832713754646, ""DATASET"": 0.02962962962962963}",exact_pending_queue,0,
workload,dirichlet_0.03__high,dirichlet_0.03,dirichlet,0.03,unit,high,1.9,4222305526,65588cb9ef86e48b,dc87982cfb77bc82,"[[1.5993913912952182e-15, 0.9999823476943399, 1.7652305658533053e-05, 7.251258586535032e-20], [0.9999879692880564, 1.8390071999336906e-86, 1.2030711943555863e-05, 8.014064041421157e-21], [1.2913860212680542e-11, 0.0036834641549612144, 3.120257300561094e-15, 0.9963165358321218], [2.915741645685627e-41, 7.530282573044956e-17, 0.9065978275161725, 0.09340217248382741], [5.945236118440758e-12, 8.8376980132867e-28, 0.9999999999940548, 0.0], [0.9999675353154096, 1.0627493305618645e-37, 1.654033875998274e-36, 3.24646845903942e-05]]","[{""research"": 0, ""code_review"": 8, ""doc_processing"": 0, ""monitoring"": 0}, {""research"": 8, ""code_review"": 0, ""doc_processing"": 0, ""monitoring"": 0}, {""research"": 0, ""code_review"": 0, ""doc_processing"": 0, ""monitoring"": 8}, {""research"": 0, ""code_review"": 0, ""doc_processing"": 7, ""monitoring"": 1}, {""research"": 0, ""code_review"": 0, ""doc_processing"": 8, ""monitoring"": 0}, {""research"": 8, ""code_review"": 0, ""doc_processing"": 0, ""monitoring"": 0}]","[1, 1, 1, 2, 1, 1]",0.0,1.1666666666666667,0.0452970369332997,0.8666666666666667,0.13500742658201223,0.08466097796208294,"{""COMPUTE"": 1026, ""MEMORY"": 849, ""API_CREDITS"": 479, ""DATASET"": 200}","{""COMPUTE"": 540, ""MEMORY"": 447, ""API_CREDITS"": 252, ""DATASET"": 105}","{""COMPUTE"": 1.9, ""MEMORY"": 1.8993288590604027, ""API_CREDITS"": 1.9007936507936507, ""DATASET"": 1.9047619047619047}",4,[],"{""COMPUTE"": 0.011111111111111112, ""MEMORY"": 0.013422818791946308, ""API_CREDITS"": 0.023809523809523808, ""DATASET"": 0.0380952380952381}",exact_pending_queue,0,
workload,dirichlet_0.03__high,dirichlet_0.03,dirichlet,0.03,unit,high,1.9,3706283824,9372ecf5d90a511e,0b3d7ed851db1998,"[[7.755380656249175e-69, 3.6638697726932514e-06, 0.9999963361302273, 0.0], [4.3527521553911714e-11, 0.9954533231735159, 0.00011233324027902638, 0.004434343542677636], [1.1117400825286738e-28, 4.486647230630025e-06, 0.13185853843933773, 0.8681369749134317], [1.0, 0.0, 0.0, 0.0], [0.7505065852240758, 2.444877948234081e-24, 1.2697503955186965e-58, 0.24949341477592424], [8.835441015040599e-20, 0.7460676266721559, 0.25391635151606873, 1.6021811775418307e-05]]","[{""research"": 0, ""code_review"": 0, ""doc_processing"": 8, ""monitoring"": 0}, {""research"": 0, ""code_review"": 8, ""doc_processing"": 0, ""monitoring"": 0}, {""research"": 0, ""code_review"": 0, ""doc_processing"": 0, ""monitoring"": 8}, {""research"": 8, ""code_review"": 0, ""doc_processing"": 0, ""monitoring"": 0}, {""research"": 6, ""code_review"": 0, ""doc_processing"": 0, ""monitoring"": 2}, {""research"": 0, ""code_review"": 6, ""doc_processing"": 2, ""monitoring"": 0}]","[1, 1, 1, 1, 2, 2]",0.0,1.3333333333333333,0.1352130207431888,0.8666666666666667,0.14102778447606035,0.08890384838660702,"{""COMPUTE"": 916, ""MEMORY"": 768, ""API_CREDITS"": 432, ""DATASET"": 192}","{""COMPUTE"": 482, ""MEMORY"": 404, ""API_CREDITS"": 227, ""DATASET"": 101}","{""COMPUTE"": 1.900414937759336, ""MEMORY"": 1.900990099009901, ""API_CREDITS"": 1.9030837004405285, ""DATASET"": 1.900990099009901}",4,[],"{""COMPUTE"": 0.012448132780082987, ""MEMORY"": 0.01485148514851485, ""API_CREDITS"": 0.02643171806167401, ""DATASET"": 0.0297029702970297}",exact_pending_queue,0,
workload,dirichlet_0.03__high,dirichlet_0.03,dirichlet,0.03,unit,high,1.9,927763105,9ac0f0a8d1e0f623,f049e07890be0d66,"[[0.001354824139061754, 2.888268260480068e-07, 0.9986448870341122, 0.0], [0.9999999960716827, 1.9415707904416776e-09, 5.816457872855566e-15, 1.9867407311870785e-09], [1.3909473026542045e-47, 0.9976737809371653, 1.195984377689843e-24, 0.0023262190628347], [9.985328470618278e-13, 7.762158756250146e-09, 0.3234716805077405, 0.6765283117291022], [1.6819218944273652e-72, 5.127172661667479e-07, 0.6822355657686285, 0.31776392151410526], [1.388618084572082e-12, 0.9999990922161455, 6.122080712874857e-53, 9.077824658630546e-07]]","[{""research"": 0, ""code_review"": 0, ""doc_processing"": 8, ""monitoring"": 0}, {""research"": 8, ""code_review"": 0, ""doc_processing"": 0, ""monitoring"": 0}, {""research"": 0, ""code_review"": 8, ""doc_processing"": 0, ""monitoring"": 0}, {""research"": 0, ""code_review"": 0, ""doc_processing"": 3, ""monitoring"": 5}, {""research"": 0, ""code_review"": 0, ""doc_processing"": 4, ""monitoring"": 4}, {""research"": 0, ""code_review"": 8, ""doc_processing"": 0, ""monitoring"": 0}]","[1, 1, 1, 2, 2, 1]",0.0,1.3333333333333333,0.1628695002437471,0.8166666666666667,0.08663573992041143,0.05945384252866004,"{""COMPUTE"": 834, ""MEMORY"": 681, ""API_CREDITS"": 391, ""DATASET"": 136}","{""COMPUTE"": 439, ""MEMORY"": 358, ""API_CREDITS"": 206, ""DATASET"": 72}","{""COMPUTE"": 1.8997722095671983, ""MEMORY"": 1.9022346368715084, ""API_CREDITS"": 1.8980582524271845, ""DATASET"": 1.8888888888888888}",4,[],"{""COMPUTE"": 0.01366742596810934, ""MEMORY"": 0.01675977653631285, ""API_CREDITS"": 0.02912621359223301, ""DATASET"": 0.041666666666666664}",exact_pending_queue,0,
workload,dirichlet_0.03__high,dirichlet_0.03,dirichlet,0.03,unit,high,1.9,642816875,5648d0ae498c86d4,f0828ec17675cd2b,"[[0.9999990333420052, 9.674054614940932e-10, 1.181782336126483e-14, 9.656905774816047e-07], [0.03090856954015911, 0.9678117099618987, 0.0012797204963645478, 1.5777212322371078e-12], [0.008243701637965081, 2.7076748158279175e-34, 4.911598965578842e-30, 0.9917562983620349], [1.1074212659563885e-16, 9.157709306596231e-40, 0.998715189411238, 0.001284810588761842], [0.9999999999496789, 4.979366302759307e-11, 7.540802732515813e-22, 5.274176073929962e-13], [3.6461527010083236e-08, 7.351254519488035e-13, 0.9999999597907311, 3.747006790333048e-09]]","[{""research"": 8, ""code_review"": 0, ""doc_processing"": 0, ""monitoring"": 0}, {""research"": 0, ""code_review"": 8, ""doc_processing"": 0, ""monitoring"": 0}, {""research"": 0, ""code_review"": 0, ""doc_processing"": 0, ""monitoring"": 8}, {""research"": 0, ""code_review"": 0, ""doc_processing"": 8, ""monitoring"": 0}, {""research"": 8, ""code_review"": 0, ""doc_processing"": 0, ""monitoring"": 0}, {""research"": 0, ""code_review"": 0, ""doc_processing"": 8, ""monitoring"": 0}]","[1, 1, 1, 1, 1, 1]",0.0,1.0,0.0,0.8666666666666667,0.13714063714063715,0.08776871276871274,"{""COMPUTE"": 1040, ""MEMORY"": 856, ""API_CREDITS"": 488, ""DATASET"": 192}","{""COMPUTE"": 547, ""MEMORY"": 451, ""API_CREDITS"": 257, ""DATASET"": 101}","{""COMPUTE"": 1.9012797074954295, ""MEMORY"": 1.8980044345898004, ""API_CREDITS"": 1.8988326848249026, ""DATASET"": 1.900990099009901}",4,[],"{""COMPUTE"": 0.010968921389396709, ""MEMORY"": 0.013303769401330377, ""API_CREDITS"": 0.023346303501945526, ""DATASET"": 0.0297029702970297}",exact_pending_queue,0,
workload,dirichlet_0.03__high,dirichlet_0.03,dirichlet,0.03,unit,high,1.9,2485047775,1ad0e05c438d1b53,2098462422979913,"[[0.9999984983442185, 1.501655781498492e-06, 1.0303128050354137e-18, 2.1859489445475928e-31], [0.9880892427802348, 0.011910750569355203, 6.650409996631881e-09, 0.0], [0.0001196914230811058, 0.9997279520452346, 0.00015235647926435084, 5.2419994119706155e-11], [1.2941475934766034e-06, 0.00022197939214029669, 6.097593391418619e-13, 0.9997767264596565], [0.0001446458643593842, 1.724645741109118e-25, 0.9998553541356406, 0.0], [0.7075705571868594, 0.29240438100712673, 2.5061806013925802e-05, 0.0]]","[{""research"": 8, ""code_review"": 0, ""doc_processing"": 0, ""monitoring"": 0}, {""research"": 7, ""code_review"": 1, ""doc_processing"": 0, ""monitoring"": 0}, {""research"": 0, ""code_review"": 8, ""doc_processing"": 0, ""monitoring"": 0}, {""research"": 0, ""code_review"": 0, ""doc_processing"": 0, ""monitoring"": 8}, {""research"": 0, ""code_review"": 0, ""doc_processing"": 8, ""monitoring"": 0}, {""research"": 7, ""code_review"": 1, ""doc_processing"": 0, ""monitoring"": 0}]","[1, 2, 1, 1, 1, 2]",0.0,1.3333333333333333,0.0905940738665994,0.8,0.12853583916083916,0.07665153133903134,"{""COMPUTE"": 1088, ""MEMORY"": 918, ""API_CREDITS"": 522, ""DATASET"": 240}","{""COMPUTE"": 573, ""MEMORY"": 483, ""API_CREDITS"": 275, ""DATASET"": 126}","{""COMPUTE"": 1.8987783595113439, ""MEMORY"": 1.9006211180124224, ""API_CREDITS"": 1.8981818181818182, ""DATASET"": 1.9047619047619047}",4,[],"{""COMPUTE"": 0.010471204188481676, ""MEMORY"": 0.012422360248447204, ""API_CREDITS"": 0.02181818181818182, ""DATASET"": 0.031746031746031744}",exact_pending_queue,0,
workload,dirichlet_0.03__high,dirichlet_0.03,dirichlet,0.03,unit,high,1.9,1464621060,05340694bca43845,14e5ea226211225c,"[[1.3815772488103565e-13, 0.9951994276959583, 0.004800572303903631, 0.0], [3.499815549747306e-11, 0.9999977034577339, 4.478204328968506e-12, 2.2965027898444307e-06], [5.085227968136026e-09, 0.0002617582826631681, 0.9969656883039324, 0.0027725483281764037], [0.9999981939539584, 3.6371523310606925e-42, 2.9451527551799915e-27, 1.806046041608056e-06], [0.9977617569859473, 0.002026688658026976, 5.526956970016131e-34, 0.00021155435602575624], [0.5569438956394764, 0.00032201420616635517, 0.4427340901543572, 0.0]]","[{""research"": 0, ""code_review"": 8, ""doc_processing"": 0, ""monitoring"": 0}, {""research"": 0, ""code_review"": 8, ""doc_processing"": 0, ""monitoring"": 0}, {""research"": 0, ""code_review"": 0, ""doc_processing"": 8, ""monitoring"": 0}, {""research"": 8, ""code_review"": 0, ""doc_processing"": 0, ""monitoring"": 0}, {""research"": 8, ""code_review"": 0, ""doc_processing"": 0, ""monitoring"": 0}, {""research"": 7, ""code_review"": 0, ""doc_processing"": 1, ""monitoring"": 0}]","[1, 1, 1, 1, 1, 2]",0.0,1.1666666666666667,0.0452970369332997,0.7416666666666667,0.059662894000243404,0.04544186848403716,"{""COMPUTE"": 1140, ""MEMORY"": 939, ""API_CREDITS"": 577, ""DATASET"": 184}","{""COMPUTE"": 600, ""MEMORY"": 494, ""API_CREDITS"": 304, ""DATASET"": 97}","{""COMPUTE"": 1.9, ""MEMORY"": 1.9008097165991902, ""API_CREDITS"": 1.8980263157894737, ""DATASET"": 1.8969072164948453}",4,[],"{""COMPUTE"": 0.01, ""MEMORY"": 0.012145748987854251, ""API_CREDITS"": 0.019736842105263157, ""DATASET"": 0.030927835051546393}",exact_pending_queue,0,
workload,dirichlet_0.03__high,dirichlet_0.03,dirichlet,0.03,unit,high,1.9,1594198431,1e7675cb7fbea4bc,443746e452b77982,"[[0.680586184101981, 3.426250630577465e-36, 0.31937655282584104, 3.726307217794471e-05], [0.8216091554791922, 4.685175881235828e-10, 0.1783908440522902, 0.0], [7.812603485336073e-08, 5.903734912023791e-08, 0.9999998007667272, 6.206988881932198e-08], [6.857702682114864e-19, 0.029046813063289854, 0.9709531869336452, 3.0650051346027806e-12], [0.1447349054602614, 1.519506905943433e-17, 1.2113512833052198e-11, 0.8552650945276251], [4.3147530526114953e-08, 0.9999999568524595, 9.131457878636338e-15, 8.605489118596328e-16]]","[{""research"": 7, ""code_review"": 0, ""doc_processing"": 1, ""monitoring"": 0}, {""research"": 8, ""code_review"": 0, ""doc_processing"": 0, ""monitoring"": 0}, {""research"": 0, ""code_review"": 0, ""doc_processing"": 8, ""monitoring"": 0}, {""research"": 0, ""code_review"": 2, ""doc_processing"": 6, ""monitoring"": 0}, {""research"": 2, ""code_review"": 0, ""doc_processing"": 0, ""monitoring"": 6}, {""research"": 0, ""code_review"": 8, ""doc_processing"": 0, ""monitoring"": 0}]","[2, 1, 1, 2, 2, 1]",0.0,1.5,0.1805100576764885,0.825,0.09544237556285749,0.062096872337836194,"{""COMPUTE"": 1056, ""MEMORY"": 867, ""API_CREDITS"": 505, ""DATASET"": 184}","{""COMPUTE"": 556, ""MEMORY"": 456, ""API_CREDITS"": 266, ""DATASET"": 97}","{""COMPUTE"": 1.8992805755395683, ""MEMORY"": 1.9013157894736843, ""API_CREDITS"": 1.8984962406015038, ""DATASET"": 1.8969072164948453}",4,[],"{""COMPUTE"": 0.01079136690647482, ""MEMORY"": 0.013157894736842105, ""API_CREDITS"": 0.022556390977443608, ""DATASET"": 0.030927835051546393}",exact_pending_queue,0,
workload,dirichlet_0.03__high,dirichlet_0.03,dirichlet,0.03,unit,high,1.9,2964826275,8004ac5680bccf21,43a2426d49528951,"[[0.028777601631612512, 9.843394524128008e-10, 0.9712015969811703, 2.08004028777412e-05], [0.12670930360314606, 0.8731126647897922, 0.00017803160706179712, 1.1859287356261553e-19], [1.5041382736178653e-08, 0.9999999059350161, 9.162292333304982e-61, 7.902360125087433e-08], [2.588965061503607e-10, 0.9999998095622799, 8.26821749252571e-08, 1.074966487146085e-07], [1.0, 0.0, 0.0, 0.0], [8.458140492264487e-07, 0.9997196127715038, 7.879440917482037e-25, 0.0002795414144469161]]","[{""research"": 3, ""code_review"": 0, ""doc_processing"": 5, ""monitoring"": 0}, {""research"": 1, ""code_review"": 7, ""doc_processing"": 0, ""monitoring"": 0}, {""research"": 0, ""code_review"": 8, ""doc_processing"": 0, ""monitoring"": 0}, {""research"": 0, ""code_review"": 8, ""doc_processing"": 0, ""monitoring"": 0}, {""research"": 8, ""code_review"": 0, ""doc_processing"": 0, ""monitoring"": 0}, {""research"": 0, ""code_review"": 8, ""doc_processing"": 0, ""monitoring"": 0}]","[2, 2, 1, 1, 1, 1]",0.0,1.3333333333333333,0.12483320384371345,0.5833333333333334,0.04366281866281867,0.030222080677809845,"{""COMPUTE"": 828, ""MEMORY"": 676, ""API_CREDITS"": 440, ""DATASET"": 96}","{""COMPUTE"": 436, ""MEMORY"": 356, ""API_CREDITS"": 232, ""DATASET"": 51}","{""COMPUTE"": 1.8990825688073394, ""MEMORY"": 1.898876404494382, ""API_CREDITS"": 1.896551724137931, ""DATASET"": 1.8823529411764706}",4,[],"{""COMPUTE"": 0.013761467889908258, ""MEMORY"": 0.016853932584269662, ""API_CREDITS"": 0.02586206896551724, ""DATASET"": 0.058823529411764705}",exact_pending_queue,0,
workload,dirichlet_0.03__high,dirichlet_0.03,dirichlet,0.03,unit,high,1.9,3703943727,e190024a5ebdbf59,4b1aca98f5d5b834,"[[0.001389875792447278, 0.9983683326991368, 7.64876143175008e-09, 0.00024178385965440877], [1.4219530192913524e-05, 0.988485141610336, 0.011398666381033474, 0.0001019724784377482], [6.238969227527016e-05, 1.5373168266017103e-22, 0.06756663860213422, 0.9323709717055906], [1.041720084625383e-40, 6.613166515683309e-05, 2.459703762160761e-44, 0.9999338683348432], [2.9862417833504933e-13, 6.074312838222267e-14, 4.633250130317256e-36, 0.9999999999996406], [0.2827852614685089, 0.00029377824362418806, 0.716920712921338, 2.4736652889362577e-07]]","[{""research"": 0, ""code_review"": 8, ""doc_processing"": 0, ""monitoring"": 0}, {""research"": 0, ""code_review"": 8, ""doc_processing"": 0, ""monitoring"": 0}, {""research"": 0, ""code_review"": 0, ""doc_processing"": 0, ""monitoring"": 8}, {""research"": 0, ""code_review"": 0, ""doc_processing"": 0, ""monitoring"": 8}, {""research"": 0, ""code_review"": 0, ""doc_processing"": 0, ""monitoring"": 8}, {""research"": 2, ""code_review"": 0, ""doc_processing"": 6, ""monitoring"": 0}]","[1, 1, 1, 1, 1, 2]",0.0,1.1666666666666667,0.0676065103715944,0.7333333333333333,0.19221190686707929,0.1547487474211612,"{""COMPUTE"": 552, ""MEMORY"": 498, ""API_CREDITS"": 214, ""DATASET"": 208}","{""COMPUTE"": 291, ""MEMORY"": 262, ""API_CREDITS"": 113, ""DATASET"": 109}","{""COMPUTE"": 1.8969072164948453, ""MEMORY"": 1.900763358778626, ""API_CREDITS"": 1.8938053097345133, ""DATASET"": 1.908256880733945}",4,[],"{""COMPUTE"": 0.020618556701030927, ""MEMORY"": 0.022900763358778626, ""API_CREDITS"": 0.05309734513274336, ""DATASET"": 0.03669724770642202}",exact_pending_queue,0,
workload,dirichlet_0.03__high,dirichlet_0.03,dirichlet,0.03,unit,high,1.9,1321997983,17d6da9bd861778e,0b8cd7c030d4a54d,"[[2.8461801393893694e-29, 9.978546203167367e-12, 4.5044605862852135e-25, 0.9999999999900214], [3.969670989001417e-23, 1.1701792008711423e-17, 0.999982521063487, 1.7478936513048993e-05], [0.999999995811937, 4.188062469682904e-09, 6.506275568728258e-32, 5.378212795112103e-16], [0.004143203532664542, 2.1717264656551956e-07, 7.205087049295068e-06, 0.9958493742076397], [0.044149050470477985, 0.9550212226988776, 0.0008297268306444029, 0.0], [2.4470914012108715e-19, 2.5301324331739968e-15, 0.9999978031836991, 2.1968162983165785e-06]]","[{""research"": 0, ""code_review"": 0, ""doc_processing"": 0, ""monitoring"": 8}, {""research"": 0, ""code_review"": 0, ""doc_processing"": 8, ""monitoring"": 0}, {""research"": 8, ""code_review"": 0, ""doc_processing"": 0, ""monitoring"": 0}, {""research"": 0, ""code_review"": 0, ""doc_processing"": 0, ""monitoring"": 8}, {""research"": 0, ""code_review"": 8, ""doc_processing"": 0, ""monitoring"": 0}, {""research"": 0, ""code_review"": 0, ""doc_processing"": 8, ""monitoring"": 0}]","[1, 1, 1, 1, 1, 1]",0.0,1.0,0.0,0.8666666666666667,0.18306138306138306,0.13323944573944574,"{""COMPUTE"": 832, ""MEMORY"": 696, ""API_CREDITS"": 360, ""DATASET"": 192}","{""COMPUTE"": 438, ""MEMORY"": 366, ""API_CREDITS"": 189, ""DATASET"": 101}","{""COMPUTE"": 1.8995433789954337, ""MEMORY"": 1.901639344262295, ""API_CREDITS"": 1.9047619047619047, ""DATASET"": 1.900990099009901}",4,[],"{""COMPUTE"": 0.0136986301369863, ""MEMORY"": 0.01639344262295082, ""API_CREDITS"": 0.031746031746031744, ""DATASET"": 0.0297029702970297}",exact_pending_queue,0,
workload,dirichlet_0.03__high,dirichlet_0.03,dirichlet,0.03,unit,high,1.9,2789760346,05191209c73c2a65,c1b4fc587b942d5e,"[[0.008832034342976474, 0.9911679282702859, 8.71105129674819e-32, 3.738673760201884e-08], [6.856256710979518e-06, 3.2621440727786504e-15, 0.9717440199216572, 0.0282491238216287], [8.203763859184387e-06, 1.6004943794186309e-12, 6.832448605481717e-05, 0.9999234717484854], [0.9912502311847164, 2.74456753188344e-09, 0.008749766070257953, 4.580688263790942e-13], [0.0010715877098671604, 5.7244259046245184e-09, 0.9987384348010171, 0.0001899717646898437], [0.032203675892726075, 1.7556215413365516e-12, 0.23433742015470072, 0.7334589039508176]]","[{""research"": 0, ""code_review"": 8, ""doc_processing"": 0, ""monitoring"": 0}, {""research"": 0, ""code_review"": 0, ""doc_processing"": 8, ""monitoring"": 0}, {""research"": 0, ""code_review"": 0, ""doc_processing"": 0, ""monitoring"": 8}, {""research"": 8, ""code_review"": 0, ""doc_processing"": 0, ""monitoring"": 0}, {""research"": 0, ""code_review"": 0, ""doc_processing"": 8, ""monitoring"": 0}, {""research"": 0, ""code_review"": 0, ""doc_processing"": 3, ""monitoring"": 5}]","[1, 1, 1, 1, 1, 2]",0.0,1.1666666666666667,0.07953616691041375,0.8416666666666667,0.14940562276328698,0.09803053461812587,"{""COMPUTE"": 874, ""MEMORY"": 717, ""API_CREDITS"": 387, ""DATASET"": 168}","{""COMPUTE"": 460, ""MEMORY"": 377, ""API_CREDITS"": 204, ""DATASET"": 88}","{""COMPUTE"": 1.9, ""MEMORY"": 1.9018567639257293, ""API_CREDITS"": 1.8970588235294117, ""DATASET"": 1.9090909090909092}",4,[],"{""COMPUTE"": 0.013043478260869565, ""MEMORY"": 0.015915119363395226, ""API_CREDITS"": 0.029411764705882353, ""DATASET"": 0.03409090909090909}",exact_pending_queue,0,
workload,dirichlet_0.03__high,dirichlet_0.03,dirichlet,0.03,unit,high,1.9,4250606291,7adcf2d7ea01bcdf,740b663bc9295e71,"[[6.27502993765023e-31, 7.680456491153089e-10, 1.8116781720675232e-13, 0.9999999992317732], [8.125187699702657e-35, 0.9984795668924344, 5.841759423597502e-07, 0.0015198489316231955], [0.9950424205635097, 0.004858745254268207, 1.7320889890673073e-44, 9.883418222212706e-05], [3.0311080993168436e-08, 1.2927149377686206e-06, 1.6399667787715709e-34, 0.9999986769739813], [0.0023085260917560836, 0.04382936053138513, 0.06699830621207127, 0.8868638071647874], [0.0013197955322245879, 1.576295093400196e-49, 0.9986802044677754, 0.0]]","[{""research"": 0, ""code_review"": 0, ""doc_processing"": 0, ""monitoring"": 8}, {""research"": 0, ""code_review"": 8, ""doc_processing"": 0, ""monitoring"": 0}, {""research"": 8, ""code_review"": 0, ""doc_processing"": 0, ""monitoring"": 0}, {""research"": 0, ""code_review"": 0, ""doc_processing"": 0, ""monitoring"": 8}, {""research"": 0, ""code_review"": 2, ""doc_processing"": 0, ""monitoring"": 6}, {""research"": 0, ""code_review"": 0, ""doc_processing"": 8, ""monitoring"": 0}]","[1, 1, 1, 1, 2, 1]",0.0,1.1666666666666667,0.0676065103715944,0.8166666666666667,0.1847547876959642,0.13316707802001918,"{""COMPUTE"": 724, ""MEMORY"": 638, ""API_CREDITS"": 298, ""DATASET"": 240}","{""COMPUTE"": 381, ""MEMORY"": 336, ""API_CREDITS"": 157, ""DATASET"": 126}","{""COMPUTE"": 1.900262467191601, ""MEMORY"": 1.8988095238095237, ""API_CREDITS"": 1.8980891719745223, ""DATASET"": 1.9047619047619047}",4,[],"{""COMPUTE"": 0.015748031496062992, ""MEMORY"": 0.017857142857142856, ""API_CREDITS"": 0.03821656050955414, ""DATASET"": 0.031746031746031744}",exact_pending_queue,0,
