cell,rule,metric,median,iqr_lo,iqr_hi,p5,p95,mean,n
"B=1.3,lam=0.0",equal,objective_regret,-4.170809475567694e-09,-1.0868268951469418e-08,-3.964306216630575e-09,-1.3255404596179686e-08,-1.3355380801272072e-09,-7.023473003187064e-09,20
"B=1.3,lam=0.0",equal,mean_norm_util,0.125,0.125,0.125,0.125,0.125,0.125,20
"B=1.3,lam=0.0",equal,min_norm_util,0.125,0.125,0.125,0.125,0.125,0.125,20
"B=1.3,lam=0.0",equal,median_norm_util,0.125,0.125,0.125,0.125,0.125,0.125,20
"B=1.3,lam=0.0",equal,frac_worse_than_equal,0.0,0.0,0.0,0.0,0.0,0.0,20
"B=1.3,lam=0.0",equal,frac_worse_than_strongest_sep,0.0,0.0,0.0,0.0,0.0,0.0,20
"B=1.3,lam=0.0",equal,worst_indiv_change_vs_equal,0.0,0.0,0.0,0.0,0.0,0.0,20
"B=1.3,lam=0.0",equal,p5_indiv_change_vs_equal,0.0,0.0,0.0,0.0,0.0,0.0,20
"B=1.3,lam=0.0",equal,capacity_utilization,1.0,1.0,1.0,1.0,1.0,1.0,20
"B=1.3,lam=0.0",equal,frac_cells_at_lower,0.0,0.0,0.0,0.0,0.0,0.0,20
"B=1.3,lam=0.0",equal,frac_cells_interior,1.0,1.0,1.0,1.0,1.0,1.0,20
"B=1.3,lam=0.0",equal,frac_cells_at_upper,0.0,0.0,0.0,0.0,0.0,0.0,20
"B=1.3,lam=0.0",joint,objective_regret,0.0,0.0,0.0,0.0,0.0,0.0,20
"B=1.3,lam=0.0",joint,mean_norm_util,0.124999999935834,0.12499999983063134,0.12499999994328143,0.12499999979876363,0.12499999997933069,0.1249999998947499,20
"B=1.3,lam=0.0",joint,min_norm_util,0.1249992287909868,0.12499814675949943,0.12499963954069047,0.12499467009639778,0.12499985622140594,0.12499838254756523,20
"B=1.3,lam=0.0",joint,median_norm_util,0.1250001100997101,0.12499982768684209,0.1250002645869651,0.12499952310598947,0.12500076126109086,0.12500010906423134,20
"B=1.3,lam=0.0",joint,frac_worse_than_equal,0.125,0.125,0.875,0.125,0.875,0.3875,20
"B=1.3,lam=0.0",joint,frac_worse_than_strongest_sep,0.125,0.125,0.875,0.125,0.875,0.3875,20
"B=1.3,lam=0.0",joint,worst_indiv_change_vs_equal,-7.712090131783977e-07,-1.8532405005079744e-06,-3.604593095188347e-07,-5.329903602172698e-06,-1.4377859399866684e-07,-1.6174524346927732e-06,20
"B=1.3,lam=0.0",joint,p5_indiv_change_vs_equal,-5.502024851399695e-07,-1.1120008875179984e-06,-3.1233042457577683e-07,-3.197995959609602e-06,-1.0594767137415277e-07,-1.0131716015672477e-06,20
"B=1.3,lam=0.0",joint,capacity_utilization,0.999990515892891,0.9934968596521514,0.9999992858562234,0.963954196459402,0.9999999784266458,0.9917174599662865,20
"B=1.3,lam=0.0",joint,frac_cells_at_lower,0.0,0.0,0.0,0.0,0.0,0.0,20
"B=1.3,lam=0.0",joint,frac_cells_interior,1.0,1.0,1.0,1.0,1.0,1.0,20
"B=1.3,lam=0.0",joint,frac_cells_at_upper,0.0,0.0,0.0,0.0,0.0,0.0,20
"B=1.3,lam=0.0",oracle_envelope,objective_regret,-4.170809475567694e-09,-1.0868268951469418e-08,-3.964306216630575e-09,-1.3255407971257684e-08,-1.3355380801272072e-09,-7.023473180822748e-09,20
"B=1.3,lam=0.0",oracle_envelope,mean_norm_util,0.125,0.125,0.125,0.125,0.125,0.125,20
"B=1.3,lam=0.0",oracle_envelope,min_norm_util,0.125,0.125,0.125,0.125,0.125,0.125,20
"B=1.3,lam=0.0",oracle_envelope,median_norm_util,0.125,0.125,0.125,0.125,0.125,0.125,20
"B=1.3,lam=0.0",oracle_envelope,frac_worse_than_equal,0.0,0.0,0.0,0.0,0.0,0.0,20
"B=1.3,lam=0.0",oracle_envelope,frac_worse_than_strongest_sep,0.0,0.0,0.0,0.0,0.0,0.0,20
"B=1.3,lam=0.0",oracle_envelope,worst_indiv_change_vs_equal,0.0,0.0,0.0,0.0,1.3877787807814654e-18,1.3877787807814458e-18,20
"B=1.3,lam=0.0",oracle_envelope,p5_indiv_change_vs_equal,0.0,0.0,0.0,0.0,1.3877787807814654e-18,1.3877787807814458e-18,20
"B=1.3,lam=0.0",oracle_envelope,capacity_utilization,1.0,1.0,1.0,1.0,1.0,1.0,20
"B=1.3,lam=0.0",oracle_envelope,frac_cells_at_lower,0.0,0.0,0.0,0.0,0.0,0.0,20
"B=1.3,lam=0.0",oracle_envelope,frac_cells_interior,1.0,1.0,1.0,1.0,1.0,1.0,20
"B=1.3,lam=0.0",oracle_envelope,frac_cells_at_upper,0.0,0.0,0.0,0.0,0.0,0.0,20
"B=1.3,lam=0.0",proportional_gamma1,objective_regret,-4.170809475567694e-09,-1.0868268951469418e-08,-3.964306216630575e-09,-1.3255407971257684e-08,-1.3355380801272072e-09,-7.023473180822748e-09,20
"B=1.3,lam=0.0",proportional_gamma1,mean_norm_util,0.125,0.125,0.125,0.125,0.125,0.125,20
"B=1.3,lam=0.0",proportional_gamma1,min_norm_util,0.125,0.125,0.125,0.125,0.125,0.125,20
"B=1.3,lam=0.0",proportional_gamma1,median_norm_util,0.125,0.125,0.125,0.125,0.125,0.125,20
"B=1.3,lam=0.0",proportional_gamma1,frac_worse_than_equal,0.0,0.0,0.0,0.0,0.0,0.0,20
"B=1.3,lam=0.0",proportional_gamma1,frac_worse_than_strongest_sep,0.0,0.0,0.0,0.0,0.0,0.0,20
"B=1.3,lam=0.0",proportional_gamma1,worst_indiv_change_vs_equal,0.0,0.0,0.0,0.0,1.3877787807814654e-18,1.3877787807814458e-18,20
"B=1.3,lam=0.0",proportional_gamma1,p5_indiv_change_vs_equal,0.0,0.0,0.0,0.0,1.3877787807814654e-18,1.3877787807814458e-18,20
"B=1.3,lam=0.0",proportional_gamma1,capacity_utilization,1.0,1.0,1.0,1.0,1.0,1.0,20
"B=1.3,lam=0.0",proportional_gamma1,frac_cells_at_lower,0.0,0.0,0.0,0.0,0.0,0.0,20
"B=1.3,lam=0.0",proportional_gamma1,frac_cells_interior,1.0,1.0,1.0,1.0,1.0,1.0,20
"B=1.3,lam=0.0",proportional_gamma1,frac_cells_at_upper,0.0,0.0,0.0,0.0,0.0,0.0,20
"B=1.3,lam=0.0",tuned_gamma4.0,objective_regret,-4.170809475567694e-09,-1.0868268951469418e-08,-3.964306216630575e-09,-1.3255404596179686e-08,-1.3355380801272072e-09,-7.023473003187064e-09,20
"B=1.3,lam=0.0",tuned_gamma4.0,mean_norm_util,0.125,0.125,0.125,0.125,0.125,0.125,20
"B=1.3,lam=0.0",tuned_gamma4.0,min_norm_util,0.125,0.125,0.125,0.125,0.125,0.125,20
"B=1.3,lam=0.0",tuned_gamma4.0,median_norm_util,0.125,0.125,0.125,0.125,0.125,0.125,20
"B=1.3,lam=0.0",tuned_gamma4.0,frac_worse_than_equal,0.0,0.0,0.0,0.0,0.0,0.0,20
"B=1.3,lam=0.0",tuned_gamma4.0,frac_worse_than_strongest_sep,0.0,0.0,0.0,0.0,0.0,0.0,20
"B=1.3,lam=0.0",tuned_gamma4.0,worst_indiv_change_vs_equal,0.0,0.0,0.0,-6.938893903907219e-19,1.3877787807814654e-18,6.938893903907229e-19,20
"B=1.3,lam=0.0",tuned_gamma4.0,p5_indiv_change_vs_equal,0.0,0.0,0.0,-6.938893903907219e-19,1.3877787807814654e-18,6.938893903907229e-19,20
"B=1.3,lam=0.0",tuned_gamma4.0,capacity_utilization,1.0,1.0,1.0,1.0,1.0,1.0,20
"B=1.3,lam=0.0",tuned_gamma4.0,frac_cells_at_lower,0.0,0.0,0.0,0.0,0.0,0.0,20
"B=1.3,lam=0.0",tuned_gamma4.0,frac_cells_interior,1.0,1.0,1.0,1.0,1.0,1.0,20
"B=1.3,lam=0.0",tuned_gamma4.0,frac_cells_at_upper,0.0,0.0,0.0,0.0,0.0,0.0,20
"B=1.3,lam=0.25",equal,objective_regret,1.6258508815448476,0.45841264790907665,3.3242631140078984,0.19917497101217643,4.674436463589836,2.0519203299998603,20
"B=1.3,lam=0.25",equal,mean_norm_util,0.125,0.125,0.125,0.125,0.125,0.125,20
"B=1.3,lam=0.25",equal,min_norm_util,0.125,0.125,0.125,0.125,0.125,0.125,20
"B=1.3,lam=0.25",equal,median_norm_util,0.125,0.125,0.125,0.125,0.125,0.125,20
"B=1.3,lam=0.25",equal,frac_worse_than_equal,0.0,0.0,0.0,0.0,0.0,0.0,20
"B=1.3,lam=0.25",equal,frac_worse_than_strongest_sep,0.8125,0.625,1.0,0.5,1.0,0.80625,20
"B=1.3,lam=0.25",equal,worst_indiv_change_vs_equal,0.0,0.0,0.0,0.0,0.0,0.0,20
"B=1.3,lam=0.25",equal,p5_indiv_change_vs_equal,0.0,0.0,0.0,0.0,0.0,0.0,20
"B=1.3,lam=0.25",equal,capacity_utilization,1.0,1.0,1.0,1.0,1.0,1.0,20
"B=1.3,lam=0.25",equal,frac_cells_at_lower,0.0,0.0,0.0,0.0,0.0,0.0,20
"B=1.3,lam=0.25",equal,frac_cells_interior,1.0,1.0,1.0,1.0,1.0,1.0,20
"B=1.3,lam=0.25",equal,frac_cells_at_upper,0.0,0.0,0.0,0.0,0.0,0.0,20
"B=1.3,lam=0.25",joint,objective_regret,0.0,0.0,0.0,0.0,0.0,0.0,20
"B=1.3,lam=0.25",joint,mean_norm_util,0.16566474286482785,0.13238330441231397,0.22540117088941292,0.12815485800461962,0.23266064144668538,0.18149490368210525,20
"B=1.3,lam=0.25",joint,min_norm_util,0.13320093732723337,0.1291654599845033,0.14306662268824522,0.1249243755205545,0.18572869507535567,0.1437757598189765,20
"B=1.3,lam=0.25",joint,median_norm_util,0.1346594564873228,0.1316012871029668,0.16150198902662669,0.12794734925959947,0.1934881876204137,0.153382470440419,20
"B=1.3,lam=0.25",joint,frac_worse_than_equal,0.0,0.0,0.0,0.0,0.006250000000000089,0.00625,20
"B=1.3,lam=0.25",joint,frac_worse_than_strongest_sep,0.375,0.25,0.375,0.11875000000000001,0.5,0.33125,20
"B=1.3,lam=0.25",joint,worst_indiv_change_vs_equal,0.00820093732723335,0.0041654599845033,0.018066622688245226,-7.562447944543945e-05,0.06072869507535567,0.018775759818976508,20
"B=1.3,lam=0.25",joint,p5_indiv_change_vs_equal,0.008625983437690301,0.00641285685266035,0.01874205261523555,0.0024084727534143422,0.06083538365629753,0.019670596973131553,20
"B=1.3,lam=0.25",joint,capacity_utilization,0.9999999811831681,0.9999995341095378,0.9999999953200676,0.9936871944652825,0.9999999983916001,0.9985745784216533,20
"B=1.3,lam=0.25",joint,frac_cells_at_lower,0.59375,0.4609375,0.65625,0.23750000000000002,0.6890625,0.525,20
"B=1.3,lam=0.25",joint,frac_cells_interior,0.40625,0.34375,0.5390625,0.3109375,0.7625000000000002,0.475,20
"B=1.3,lam=0.25",joint,frac_cells_at_upper,0.0,0.0,0.0,0.0,0.0,0.0,20
"B=1.3,lam=0.25",oracle_envelope,objective_regret,0.0324258198667699,0.0096450810124553,0.06631500583739573,0.0021354545276206,0.1593157107355771,0.06590363741454044,20
"B=1.3,lam=0.25",oracle_envelope,mean_norm_util,0.16937842905008338,0.13230376930469906,0.22532946116005645,0.1276870479453692,0.2325634000820154,0.1822056298573048,20
"B=1.3,lam=0.25",oracle_envelope,min_norm_util,0.12180139133868656,0.11724025499087495,0.12972206330984382,0.11102089129198292,0.1812432518655062,0.13125893370034256,20
"B=1.3,lam=0.25",oracle_envelope,median_norm_util,0.13155428620586673,0.12651734423248,0.1592444703498646,0.1243459152995304,0.20211041122783616,0.15032039285807747,20
"B=1.3,lam=0.25",oracle_envelope,frac_worse_than_equal,0.25,0.0,0.40625,0.0,0.5,0.23125,20
"B=1.3,lam=0.25",oracle_envelope,frac_worse_than_strongest_sep,0.375,0.0,0.5,0.0,0.7562500000000001,0.33125,20
"B=1.3,lam=0.25",oracle_envelope,worst_indiv_change_vs_equal,-0.00319860866131335,-0.007759745009125025,0.0047220633098438,-0.013979108708017073,0.05624325186550618,0.006258933700342606,20
"B=1.3,lam=0.25",oracle_envelope,p5_indiv_change_vs_equal,-0.0029432060836784,-0.0073312317844237244,0.004726232069454225,-0.01024646472494969,0.05628619247399769,0.008034859282955125,20
"B=1.3,lam=0.25",oracle_envelope,capacity_utilization,1.0,1.0,1.0,1.0,1.0000000000000002,1.0,20
"B=1.3,lam=0.25",oracle_envelope,frac_cells_at_lower,0.28125,0.2109375,0.40625,0.0890625,0.4703125,0.2921875,20
"B=1.3,lam=0.25",oracle_envelope,frac_cells_interior,0.71875,0.59375,0.7890625,0.5296875,0.9109375000000001,0.7078125,20
"B=1.3,lam=0.25",oracle_envelope,frac_cells_at_upper,0.0,0.0,0.0,0.0,0.0,0.0,20
"B=1.3,lam=0.25",proportional_gamma1,objective_regret,0.3320370917899868,0.26758454443294427,0.43780524389492464,0.12645390167021783,0.5169138419850512,0.3455379959147546,20
"B=1.3,lam=0.25",proportional_gamma1,mean_norm_util,0.15485349527460862,0.1276311244469096,0.19472078340160517,0.12612828269126297,0.21662008327280283,0.16808237173078625,20
"B=1.3,lam=0.25",proportional_gamma1,min_norm_util,0.12670879524067918,0.12531464764763472,0.13772528477803805,0.1250348047193812,0.17643447345066188,0.13876172690817207,20
"B=1.3,lam=0.25",proportional_gamma1,median_norm_util,0.13167108037978442,0.12705682761981654,0.15187780326929856,0.1255651966919962,0.1888725050336359,0.14709617650597145,20
"B=1.3,lam=0.25",proportional_gamma1,frac_worse_than_equal,0.0,0.0,0.0,0.0,0.0,0.0,20
"B=1.3,lam=0.25",proportional_gamma1,frac_worse_than_strongest_sep,0.625,0.46875,0.75,0.36875,1.0,0.61875,20
"B=1.3,lam=0.25",proportional_gamma1,worst_indiv_change_vs_equal,0.0017087952406792,0.00031464764763472497,0.01272528477803805,3.4804719381185956e-05,0.05143447345066187,0.0137617269081721,20
"B=1.3,lam=0.25",proportional_gamma1,p5_indiv_change_vs_equal,0.0053854160966019995,0.000385588188191625,0.0146892269471673,4.158457364619881e-05,0.051448096440257336,0.014394585979612299,20
"B=1.3,lam=0.25",proportional_gamma1,capacity_utilization,1.0,1.0,1.0,1.0,1.0,1.0,20
"B=1.3,lam=0.25",proportional_gamma1,frac_cells_at_lower,0.0,0.0,0.0,0.0,0.0,0.0,20
"B=1.3,lam=0.25",proportional_gamma1,frac_cells_interior,1.0,1.0,1.0,1.0,1.0,1.0,20
"B=1.3,lam=0.25",proportional_gamma1,frac_cells_at_upper,0.0,0.0,0.0,0.0,0.0,0.0,20
"B=1.3,lam=0.25",tuned_gamma4.0,objective_regret,0.055815999643410594,0.0096450810124553,0.1216380594151784,0.00253094315184916,0.5206062773811871,0.1516740449057472,20
"B=1.3,lam=0.25",tuned_gamma4.0,mean_norm_util,0.1767781202510333,0.13086400749733218,0.22532946116005645,0.12736916341145044,0.2325634000820154,0.1828434289924255,20
"B=1.3,lam=0.25",tuned_gamma4.0,min_norm_util,0.12337242210306551,0.12229136853234204,0.12992838268039333,0.05047634298680169,0.1812432518655062,0.1280117752637234,20
"B=1.3,lam=0.25",tuned_gamma4.0,median_norm_util,0.1297743510957558,0.1275216714853899,0.16183385020886476,0.1254080273305403,0.20211041122783616,0.15134845792473356,20
"B=1.3,lam=0.25",tuned_gamma4.0,frac_worse_than_equal,0.1875,0.0,0.375,0.0,0.5,0.19375,20
"B=1.3,lam=0.25",tuned_gamma4.0,frac_worse_than_strongest_sep,0.0,0.0,0.0,0.0,0.0,0.0,20
"B=1.3,lam=0.25",tuned_gamma4.0,worst_indiv_change_vs_equal,-0.0016275778969343999,-0.0027086314676578504,0.004928382680393325,-0.07452365701319821,0.05624325186550618,0.003011775263723461,20
"B=1.3,lam=0.25",tuned_gamma4.0,p5_indiv_change_vs_equal,-0.0012113846174615999,-0.002256716665008725,0.0049318792776532,-0.03955249431618623,0.05628619247399769,0.005464153991281963,20
"B=1.3,lam=0.25",tuned_gamma4.0,capacity_utilization,1.0,1.0,1.0,1.0,1.0000000000000002,1.0,20
"B=1.3,lam=0.25",tuned_gamma4.0,frac_cells_at_lower,0.1875,0.1171875,0.25,0.0,0.3765625,0.18125,20
"B=1.3,lam=0.25",tuned_gamma4.0,frac_cells_interior,0.8125,0.75,0.8828125,0.6234375,1.0,0.81875,20
"B=1.3,lam=0.25",tuned_gamma4.0,frac_cells_at_upper,0.0,0.0,0.0,0.0,0.0,0.0,20
"B=1.3,lam=0.5",equal,objective_regret,6.6013964576080255,5.111135009423648,9.05291056135453,3.135949129213743,9.598161238855589,6.692607390628716,20
"B=1.3,lam=0.5",equal,mean_norm_util,0.125,0.125,0.125,0.125,0.125,0.125,20
"B=1.3,lam=0.5",equal,min_norm_util,0.125,0.125,0.125,0.125,0.125,0.125,20
"B=1.3,lam=0.5",equal,median_norm_util,0.125,0.125,0.125,0.125,0.125,0.125,20
"B=1.3,lam=0.5",equal,frac_worse_than_equal,0.0,0.0,0.0,0.0,0.0,0.0,20
"B=1.3,lam=0.5",equal,frac_worse_than_strongest_sep,1.0,1.0,1.0,1.0,1.0,1.0,20
"B=1.3,lam=0.5",equal,worst_indiv_change_vs_equal,0.0,0.0,0.0,0.0,0.0,0.0,20
"B=1.3,lam=0.5",equal,p5_indiv_change_vs_equal,0.0,0.0,0.0,0.0,0.0,0.0,20
"B=1.3,lam=0.5",equal,capacity_utilization,1.0,1.0,1.0,1.0,1.0,1.0,20
"B=1.3,lam=0.5",equal,frac_cells_at_lower,0.0,0.0,0.0,0.0,0.0,0.0,20
"B=1.3,lam=0.5",equal,frac_cells_interior,1.0,1.0,1.0,1.0,1.0,1.0,20
"B=1.3,lam=0.5",equal,frac_cells_at_upper,0.0,0.0,0.0,0.0,0.0,0.0,20
"B=1.3,lam=0.5",joint,objective_regret,0.0,0.0,0.0,0.0,0.0,0.0,20
"B=1.3,lam=0.5",joint,mean_norm_util,0.33747567115882465,0.32651774791731836,0.438572687792507,0.23267491902225726,0.44224447928717775,0.3459342374280604,20
"B=1.3,lam=0.5",joint,min_norm_util,0.1892248067645221,0.1585920116282111,0.2940516257637651,0.14692194597102684,0.29420334263875575,0.21704951372440479,20
"B=1.3,lam=0.5",joint,median_norm_util,0.1955903232254971,0.16128491961087793,0.2987162793317777,0.1486720544774824,0.43820152985456223,0.2518359624471537,20
"B=1.3,lam=0.5",joint,frac_worse_than_equal,0.0,0.0,0.0,0.0,0.0,0.0,20
"B=1.3,lam=0.5",joint,frac_worse_than_strongest_sep,0.375,0.375,0.5,0.25,0.5,0.39375,20
"B=1.3,lam=0.5",joint,worst_indiv_change_vs_equal,0.06422480676452211,0.0335920116282111,0.16905162576376506,0.021921945971026844,0.16920334263875575,0.09204951372440479,20
"B=1.3,lam=0.5",joint,p5_indiv_change_vs_equal,0.06445780906947544,0.034151774671341326,0.16910814893460266,0.022113129733798236,0.1708614269413291,0.0923553195827708,20
"B=1.3,lam=0.5",joint,capacity_utilization,0.9999999979031682,0.9999999945842645,0.999999998668561,0.9999999908651912,0.999999999472288,0.999999996413431,20
"B=1.3,lam=0.5",joint,frac_cells_at_lower,0.71875,0.6875,0.75,0.6875,0.75,0.71875,20
"B=1.3,lam=0.5",joint,frac_cells_interior,0.28125,0.25,0.3125,0.25,0.3125,0.28125,20
"B=1.3,lam=0.5",joint,frac_cells_at_upper,0.0,0.0,0.0,0.0,0.0,0.0,20
"B=1.3,lam=0.5",oracle_envelope,objective_regret,0.0105230489143277,0.0035443981155038502,0.0362802453255133,0.0017298320652894099,0.06748124930848234,0.021314392299816874,20
"B=1.3,lam=0.5",oracle_envelope,mean_norm_util,0.3374204824727587,0.32649571462979177,0.4385912482539302,0.23235980414955515,0.44282930957576194,0.34596773171016976,20
"B=1.3,lam=0.5",oracle_envelope,min_norm_util,0.17879435428538304,0.14769571704404977,0.2791204740129634,0.12426572417071018,0.2894052698818282,0.20535787988043888,20
"B=1.3,lam=0.5",oracle_envelope,median_norm_util,0.21852761019837505,0.1617060366201935,0.3018512416073208,0.14507444823493384,0.428579804320989,0.25159485734673204,20
"B=1.3,lam=0.5",oracle_envelope,frac_worse_than_equal,0.0,0.0,0.0,0.0,0.125,0.0125,20
"B=1.3,lam=0.5",oracle_envelope,frac_worse_than_strongest_sep,0.0,0.0,0.0,0.0,0.5,0.08125,20
"B=1.3,lam=0.5",oracle_envelope,worst_indiv_change_vs_equal,0.05379435428538305,0.022695717044049775,0.15412047401296336,-0.0007342758292898099,0.16440526988182816,0.08035787988043888,20
"B=1.3,lam=0.5",oracle_envelope,p5_indiv_change_vs_equal,0.053886468146954,0.022738317369154375,0.16167709807240094,0.0021140056591378103,0.16516114460415787,0.08220714577423431,20
"B=1.3,lam=0.5",oracle_envelope,capacity_utilization,1.0,1.0,1.0,1.0,1.0,1.0,20
"B=1.3,lam=0.5",oracle_envelope,frac_cells_at_lower,0.46875,0.390625,0.5,0.28125,0.6578125,0.4609375,20
"B=1.3,lam=0.5",oracle_envelope,frac_cells_interior,0.53125,0.5,0.609375,0.3421875,0.71875,0.5390625,20
"B=1.3,lam=0.5",oracle_envelope,frac_cells_at_upper,0.0,0.0,0.0,0.0,0.0,0.0,20
"B=1.3,lam=0.5",proportional_gamma1,objective_regret,0.4255027595691736,0.3829666106332956,0.4780472524139325,0.3518151883693269,0.5177981370333874,0.4308908164840869,20
"B=1.3,lam=0.5",proportional_gamma1,mean_norm_util,0.31348116481292276,0.28997458075501903,0.4094675955298675,0.21303821463180553,0.41713627962963223,0.32090566490851846,20
"B=1.3,lam=0.5",proportional_gamma1,min_norm_util,0.17781501788548654,0.1522750739202246,0.2764906645744494,0.1343600422890693,0.28481886267716733,0.20737905439182996,20
"B=1.3,lam=0.5",proportional_gamma1,median_norm_util,0.19958688913348893,0.1584690191586276,0.2845236708902467,0.14355543383969582,0.40362395209570195,0.24095468981152898,20
"B=1.3,lam=0.5",proportional_gamma1,frac_worse_than_equal,0.0,0.0,0.0,0.0,0.0,0.0,20
"B=1.3,lam=0.5",proportional_gamma1,frac_worse_than_strongest_sep,0.875,0.625,1.0,0.49375,1.0,0.81875,20
"B=1.3,lam=0.5",proportional_gamma1,worst_indiv_change_vs_equal,0.05281501788548655,0.027275073920224574,0.15149066457444937,0.009360042289069295,0.15981886267716733,0.08237905439182994,20
"B=1.3,lam=0.5",proportional_gamma1,p5_indiv_change_vs_equal,0.052842989727229256,0.027300414346235476,0.15171102594550523,0.00942562082686933,0.15984515443712727,0.08289367856099579,20
"B=1.3,lam=0.5",proportional_gamma1,capacity_utilization,1.0,1.0,1.0,1.0,1.0,1.0,20
"B=1.3,lam=0.5",proportional_gamma1,frac_cells_at_lower,0.0,0.0,0.0,0.0,0.0,0.0,20
"B=1.3,lam=0.5",proportional_gamma1,frac_cells_interior,1.0,1.0,1.0,1.0,1.0,1.0,20
"B=1.3,lam=0.5",proportional_gamma1,frac_cells_at_upper,0.0,0.0,0.0,0.0,0.0,0.0,20
"B=1.3,lam=0.5",tuned_gamma4.0,objective_regret,0.0105230489143277,0.0035443981155038502,0.037136008709913924,0.0017298320652894099,0.06811195981260557,0.022584265713973962,20
"B=1.3,lam=0.5",tuned_gamma4.0,mean_norm_util,0.3373624640021359,0.32649571462979177,0.4385912482539302,0.23207589273961116,0.44282930957576194,0.34591510857126273,20
"B=1.3,lam=0.5",tuned_gamma4.0,min_norm_util,0.17879435428538304,0.14769571704404977,0.2791204740129634,0.13009693483575266,0.2894052698818282,0.20660879653696324,20
"B=1.3,lam=0.5",tuned_gamma4.0,median_norm_util,0.21787942887768463,0.16143428162497303,0.3018512416073208,0.1462413606830843,0.428579804320989,0.2513213140933817,20
"B=1.3,lam=0.5",tuned_gamma4.0,frac_worse_than_equal,0.0,0.0,0.0,0.0,0.0,0.0,20
"B=1.3,lam=0.5",tuned_gamma4.0,frac_worse_than_strongest_sep,0.0,0.0,0.0,0.0,0.0,0.0,20
"B=1.3,lam=0.5",tuned_gamma4.0,worst_indiv_change_vs_equal,0.05379435428538305,0.022695717044049775,0.15412047401296336,0.00509693483575266,0.16440526988182816,0.08160879653696322,20
"B=1.3,lam=0.5",tuned_gamma4.0,p5_indiv_change_vs_equal,0.053886468146954,0.0228008578629208,0.16167709807240094,0.00553843283690983,0.16516114460415787,0.08314435239776584,20
"B=1.3,lam=0.5",tuned_gamma4.0,capacity_utilization,1.0,1.0,1.0,1.0,1.0,1.0,20
"B=1.3,lam=0.5",tuned_gamma4.0,frac_cells_at_lower,0.4375,0.34375,0.46875,0.2765625,0.5015625,0.4015625,20
"B=1.3,lam=0.5",tuned_gamma4.0,frac_cells_interior,0.5625,0.53125,0.65625,0.4984375,0.7234375000000001,0.5984375,20
"B=1.3,lam=0.5",tuned_gamma4.0,frac_cells_at_upper,0.0,0.0,0.0,0.0,0.0,0.0,20
"B=1.3,lam=0.75",equal,objective_regret,7.7775210709506375,7.163129058015817,8.837962262890013,5.197430192842423,9.580706732354715,7.645803959586229,20
"B=1.3,lam=0.75",equal,mean_norm_util,0.125,0.125,0.125,0.125,0.125,0.125,20
"B=1.3,lam=0.75",equal,min_norm_util,0.125,0.125,0.125,0.125,0.125,0.125,20
"B=1.3,lam=0.75",equal,median_norm_util,0.125,0.125,0.125,0.125,0.125,0.125,20
"B=1.3,lam=0.75",equal,frac_worse_than_equal,0.0,0.0,0.0,0.0,0.0,0.0,20
"B=1.3,lam=0.75",equal,frac_worse_than_strongest_sep,1.0,1.0,1.0,1.0,1.0,1.0,20
"B=1.3,lam=0.75",equal,worst_indiv_change_vs_equal,0.0,0.0,0.0,0.0,0.0,0.0,20
"B=1.3,lam=0.75",equal,p5_indiv_change_vs_equal,0.0,0.0,0.0,0.0,0.0,0.0,20
"B=1.3,lam=0.75",equal,capacity_utilization,1.0,1.0,1.0,1.0,1.0,1.0,20
"B=1.3,lam=0.75",equal,frac_cells_at_lower,0.0,0.0,0.0,0.0,0.0,0.0,20
"B=1.3,lam=0.75",equal,frac_cells_interior,1.0,1.0,1.0,1.0,1.0,1.0,20
"B=1.3,lam=0.75",equal,frac_cells_at_upper,0.0,0.0,0.0,0.0,0.0,0.0,20
"B=1.3,lam=0.75",joint,objective_regret,0.0,0.0,0.0,0.0,0.0,0.0,20
"B=1.3,lam=0.75",joint,mean_norm_util,0.34112534099001646,0.3400021133323014,0.43914005460354544,0.3302505171606381,0.44153397456126864,0.37007584408912286,20
"B=1.3,lam=0.75",joint,min_norm_util,0.23875699976790576,0.22300625317504466,0.2945791076214346,0.16227402776724903,0.30121912720169486,0.24328898904242982,20
"B=1.3,lam=0.75",joint,median_norm_util,0.3084367666712467,0.2694361449957246,0.33306426984229603,0.16395849176668933,0.43639143026219,0.29530133175789686,20
"B=1.3,lam=0.75",joint,frac_worse_than_equal,0.0,0.0,0.0,0.0,0.0,0.0,20
"B=1.3,lam=0.75",joint,frac_worse_than_strongest_sep,0.4375,0.375,0.5,0.24375000000000002,0.5,0.4125,20
"B=1.3,lam=0.75",joint,worst_indiv_change_vs_equal,0.11375699976790575,0.09800625317504467,0.1695791076214346,0.03727402776724903,0.17621912720169483,0.11828898904242979,20
"B=1.3,lam=0.75",joint,p5_indiv_change_vs_equal,0.1138792625908906,0.09851666132853683,0.17004826334402462,0.037419022656344544,0.17763777311812515,0.11866153756769685,20
"B=1.3,lam=0.75",joint,capacity_utilization,0.9999999984507131,0.9999999974868665,0.9999999989245605,0.9999999963330792,0.9999999995366325,0.9999999981030794,20
"B=1.3,lam=0.75",joint,frac_cells_at_lower,0.71875,0.7109375,0.75,0.6859375,0.75,0.7203125,20
"B=1.3,lam=0.75",joint,frac_cells_interior,0.28125,0.25,0.2890625,0.25,0.3140625,0.2796875,20
"B=1.3,lam=0.75",joint,frac_cells_at_upper,0.0,0.0,0.0,0.0,0.0,0.0,20
"B=1.3,lam=0.75",oracle_envelope,objective_regret,0.0084062424897375,0.002224120380653825,0.0196816259344911,0.0009520586123549751,0.08720682363640649,0.02726869040435669,20
"B=1.3,lam=0.75",oracle_envelope,mean_norm_util,0.34105743697655094,0.33988136708559813,0.43914042592640534,0.3342809030369954,0.44156277048805426,0.370275791735363,20
"B=1.3,lam=0.75",oracle_envelope,min_norm_util,0.2162133681689212,0.21264400507788428,0.28515911802790794,0.1429242126948356,0.29725445235656206,0.2305460713422906,20
"B=1.3,lam=0.75",oracle_envelope,median_norm_util,0.31163876860626244,0.27792037399784525,0.3341252566693773,0.1685614981248873,0.4214266054725663,0.29702390669377193,20
"B=1.3,lam=0.75",oracle_envelope,frac_worse_than_equal,0.0,0.0,0.0,0.0,0.0,0.0,20
"B=1.3,lam=0.75",oracle_envelope,frac_worse_than_strongest_sep,0.0,0.0,0.5,0.0,0.625,0.23125,20
"B=1.3,lam=0.75",oracle_envelope,worst_indiv_change_vs_equal,0.0912133681689212,0.08764400507788428,0.16015911802790794,0.017924212694835597,0.17225445235656212,0.10554607134229062,20
"B=1.3,lam=0.75",oracle_envelope,p5_indiv_change_vs_equal,0.09497586965227195,0.09165008393585816,0.16170186243135787,0.018874895948600274,0.17299773876773078,0.1078657896851029,20
"B=1.3,lam=0.75",oracle_envelope,capacity_utilization,1.0,1.0,1.0,1.0,1.0,1.0,20
"B=1.3,lam=0.75",oracle_envelope,frac_cells_at_lower,0.5,0.4375,0.65625,0.403125,0.6875,0.5390625,20
"B=1.3,lam=0.75",oracle_envelope,frac_cells_interior,0.5,0.34375,0.5625,0.3125,0.596875,0.4609375,20
"B=1.3,lam=0.75",oracle_envelope,frac_cells_at_upper,0.0,0.0,0.0,0.0,0.0,0.0,20
"B=1.3,lam=0.75",proportional_gamma1,objective_regret,0.42532985964400183,0.3770125657315937,0.4535034816537822,0.29351311476153863,0.4727011750885227,0.4073599681644051,20
"B=1.3,lam=0.75",proportional_gamma1,mean_norm_util,0.3243742989850458,0.3173060831587017,0.400733338940305,0.30145795536001485,0.4083112850370266,0.3443763212206531,20
"B=1.3,lam=0.75",proportional_gamma1,min_norm_util,0.22116764698923094,0.2170468623035583,0.2843212824800793,0.15351442017183947,0.2867398118274288,0.2324534855663006,20
"B=1.3,lam=0.75",proportional_gamma1,median_norm_util,0.2996420452504976,0.2691554419039161,0.31637795437059096,0.1613483039438668,0.4110888081673836,0.2854241207087229,20
"B=1.3,lam=0.75",proportional_gamma1,frac_worse_than_equal,0.0,0.0,0.0,0.0,0.0,0.0,20
"B=1.3,lam=0.75",proportional_gamma1,frac_worse_than_strongest_sep,0.8125,0.71875,0.875,0.5,1.0,0.7875,20
"B=1.3,lam=0.75",proportional_gamma1,worst_indiv_change_vs_equal,0.09616764698923094,0.0920468623035583,0.1593212824800793,0.028514420171839475,0.16173981182742878,0.1074534855663006,20
"B=1.3,lam=0.75",proportional_gamma1,p5_indiv_change_vs_equal,0.0967097644940494,0.09293158701497008,0.15972185441592174,0.028531905268240617,0.16328291327524797,0.10813220790139855,20
"B=1.3,lam=0.75",proportional_gamma1,capacity_utilization,1.0,1.0,1.0,1.0,1.0,1.0,20
"B=1.3,lam=0.75",proportional_gamma1,frac_cells_at_lower,0.0,0.0,0.0,0.0,0.0,0.0,20
"B=1.3,lam=0.75",proportional_gamma1,frac_cells_interior,1.0,1.0,1.0,1.0,1.0,1.0,20
"B=1.3,lam=0.75",proportional_gamma1,frac_cells_at_upper,0.0,0.0,0.0,0.0,0.0,0.0,20
"B=1.3,lam=0.75",tuned_gamma4.0,objective_regret,0.0084062424897375,0.002224120380653825,0.03174781133314837,0.0009520586123549751,0.13430616953469918,0.03326474670693798,20
"B=1.3,lam=0.75",tuned_gamma4.0,mean_norm_util,0.3406091089181005,0.33978463870111697,0.43914042592640534,0.3340517333516137,0.44156277048805426,0.37010876797065506,20
"B=1.3,lam=0.75",tuned_gamma4.0,min_norm_util,0.2196300801825789,0.21421077222773324,0.28741517668272154,0.14761952507100845,0.29725445235656206,0.233174984420136,20
"B=1.3,lam=0.75",tuned_gamma4.0,median_norm_util,0.30764015690696905,0.28242384606380966,0.3341252566693773,0.16270993398425765,0.4214266054725663,0.2960197017849118,20
"B=1.3,lam=0.75",tuned_gamma4.0,frac_worse_than_equal,0.0,0.0,0.0,0.0,0.0,0.0,20
"B=1.3,lam=0.75",tuned_gamma4.0,frac_worse_than_strongest_sep,0.0,0.0,0.0,0.0,0.0,0.0,20
"B=1.3,lam=0.75",tuned_gamma4.0,worst_indiv_change_vs_equal,0.0946300801825789,0.08921077222773324,0.1624151766827215,0.02261952507100845,0.17225445235656212,0.10817498442013604,20
"B=1.3,lam=0.75",tuned_gamma4.0,p5_indiv_change_vs_equal,0.0965079167564037,0.0918873576610078,0.16465860460880855,0.02309162974227447,0.17299773876773078,0.1098805930557725,20
"B=1.3,lam=0.75",tuned_gamma4.0,capacity_utilization,1.0,1.0,1.0,1.0,1.0,1.0,20
"B=1.3,lam=0.75",tuned_gamma4.0,frac_cells_at_lower,0.4375,0.3671875,0.46875,0.3125,0.5,0.4140625,20
"B=1.3,lam=0.75",tuned_gamma4.0,frac_cells_interior,0.5625,0.53125,0.6328125,0.5,0.6875,0.5859375,20
"B=1.3,lam=0.75",tuned_gamma4.0,frac_cells_at_upper,0.0,0.0,0.0,0.0,0.0,0.0,20
"B=1.3,lam=1.0",equal,objective_regret,9.072665466634136,7.869127695539435,9.522595963933583,7.140358968063058,9.570981599419143,8.772911442642746,20
"B=1.3,lam=1.0",equal,mean_norm_util,0.125,0.125,0.125,0.125,0.125,0.125,20
"B=1.3,lam=1.0",equal,min_norm_util,0.125,0.125,0.125,0.125,0.125,0.125,20
"B=1.3,lam=1.0",equal,median_norm_util,0.125,0.125,0.125,0.125,0.125,0.125,20
"B=1.3,lam=1.0",equal,frac_worse_than_equal,0.0,0.0,0.0,0.0,0.0,0.0,20
"B=1.3,lam=1.0",equal,frac_worse_than_strongest_sep,1.0,1.0,1.0,0.875,1.0,0.9875,20
"B=1.3,lam=1.0",equal,worst_indiv_change_vs_equal,0.0,0.0,0.0,0.0,0.0,0.0,20
"B=1.3,lam=1.0",equal,p5_indiv_change_vs_equal,0.0,0.0,0.0,0.0,0.0,0.0,20
"B=1.3,lam=1.0",equal,capacity_utilization,1.0,1.0,1.0,1.0,1.0,1.0,20
"B=1.3,lam=1.0",equal,frac_cells_at_lower,0.0,0.0,0.0,0.0,0.0,0.0,20
"B=1.3,lam=1.0",equal,frac_cells_interior,1.0,1.0,1.0,1.0,1.0,1.0,20
"B=1.3,lam=1.0",equal,frac_cells_at_upper,0.0,0.0,0.0,0.0,0.0,0.0,20
"B=1.3,lam=1.0",joint,objective_regret,0.0,0.0,0.0,0.0,0.0,0.0,20
"B=1.3,lam=1.0",joint,mean_norm_util,0.4376076720394815,0.37801061445739714,0.43960788362951936,0.33986254483611333,0.4407540676075489,0.4089628020732573,20
"B=1.3,lam=1.0",joint,min_norm_util,0.29408315390829826,0.2804041805999784,0.29410365203450073,0.19190833087078743,0.2947131362066946,0.27562652093938306,20
"B=1.3,lam=1.0",joint,median_norm_util,0.36096648197329245,0.2983720081709612,0.43624063800179375,0.1946647942299373,0.4380657085265068,0.3549443459307122,20
"B=1.3,lam=1.0",joint,frac_worse_than_equal,0.0,0.0,0.0,0.0,0.0,0.0,20
"B=1.3,lam=1.0",joint,frac_worse_than_strongest_sep,0.375,0.375,0.5,0.36875,0.5,0.4125,20
"B=1.3,lam=1.0",joint,worst_indiv_change_vs_equal,0.16908315390829826,0.1554041805999784,0.16910365203450073,0.0669083308707874,0.1697131362066946,0.15062652093938306,20
"B=1.3,lam=1.0",joint,p5_indiv_change_vs_equal,0.1691874519665155,0.16908680350435673,0.16956762438965473,0.06693296733951279,0.18042144358465104,0.15436144718453534,20
"B=1.3,lam=1.0",joint,capacity_utilization,0.9999999991575607,0.9999999987808652,0.999999999257009,0.999999997509331,0.9999999993961435,0.999999998802814,20
"B=1.3,lam=1.0",joint,frac_cells_at_lower,0.75,0.71875,0.75,0.6875,0.75,0.7359375,20
"B=1.3,lam=1.0",joint,frac_cells_interior,0.25,0.25,0.28125,0.25,0.3125,0.2640625,20
"B=1.3,lam=1.0",joint,frac_cells_at_upper,0.0,0.0,0.0,0.0,0.0,0.0,20
"B=1.3,lam=1.0",oracle_envelope,objective_regret,0.0027026660747715,0.00168465547651215,0.027628747748850324,0.0007334025377834231,0.12802960436293295,0.028696863828772963,20
"B=1.3,lam=1.0",oracle_envelope,mean_norm_util,0.43762222313468885,0.3780107066190185,0.43961926647270155,0.3398364773316023,0.4409010895561272,0.4096949808739011,20
"B=1.3,lam=1.0",oracle_envelope,min_norm_util,0.2836747032228659,0.2231616140627086,0.2885191777554605,0.171303660048512,0.29280245407612776,0.25778754094316547,20
"B=1.3,lam=1.0",oracle_envelope,median_norm_util,0.36366197715139226,0.3016345463107003,0.4334027317636993,0.2137201064056417,0.4356281348221329,0.3556074278382704,20
"B=1.3,lam=1.0",oracle_envelope,frac_worse_than_equal,0.0,0.0,0.0,0.0,0.0,0.0,20
"B=1.3,lam=1.0",oracle_envelope,frac_worse_than_strongest_sep,0.0,0.0,0.40625,0.0,0.625,0.1875,20
"B=1.3,lam=1.0",oracle_envelope,worst_indiv_change_vs_equal,0.1586747032228659,0.0981616140627086,0.1635191777554605,0.04630366004851199,0.16780245407612773,0.13278754094316553,20
"B=1.3,lam=1.0",oracle_envelope,p5_indiv_change_vs_equal,0.16126673783033615,0.11715419076750505,0.16402033465139812,0.050324055935613454,0.1682555916268971,0.13931965593397633,20
"B=1.3,lam=1.0",oracle_envelope,capacity_utilization,1.0,1.0,1.0,1.0,1.0,1.0,20
"B=1.3,lam=1.0",oracle_envelope,frac_cells_at_lower,0.484375,0.4375,0.5390625,0.3734375,0.690625,0.5,20
"B=1.3,lam=1.0",oracle_envelope,frac_cells_interior,0.515625,0.4609375,0.5625,0.309375,0.6265625,0.5,20
"B=1.3,lam=1.0",oracle_envelope,frac_cells_at_upper,0.0,0.0,0.0,0.0,0.0,0.0,20
"B=1.3,lam=1.0",proportional_gamma1,objective_regret,0.4462629977472563,0.4159928958139787,0.48369350657132587,0.27562958687090094,0.5512607779008535,0.45057430738878956,20
"B=1.3,lam=1.0",proportional_gamma1,mean_norm_util,0.39927687739189033,0.3475487665480852,0.40430402579000035,0.3208602133072147,0.4099910213588268,0.3796438468336849,20
"B=1.3,lam=1.0",proportional_gamma1,min_norm_util,0.28657171552444555,0.27166698075218676,0.2891137729266606,0.1780016823379847,0.2911639814642233,0.2679619453103649,20
"B=1.3,lam=1.0",proportional_gamma1,median_norm_util,0.33701488624395204,0.2937699087289851,0.4031072428544175,0.19348302755945487,0.41904340348351976,0.33504471479789,20
"B=1.3,lam=1.0",proportional_gamma1,frac_worse_than_equal,0.0,0.0,0.0,0.0,0.0,0.0,20
"B=1.3,lam=1.0",proportional_gamma1,frac_worse_than_strongest_sep,0.8125,0.75,0.875,0.625,1.0,0.825,20
"B=1.3,lam=1.0",proportional_gamma1,worst_indiv_change_vs_equal,0.16157171552444555,0.14666698075218676,0.16411377292666052,0.05300168233798469,0.1661639814642232,0.14296194531036485,20
"B=1.3,lam=1.0",proportional_gamma1,p5_indiv_change_vs_equal,0.16182431252563784,0.15483200369739913,0.1652327897573561,0.05378940017007738,0.1662217980499566,0.14506839566532567,20
"B=1.3,lam=1.0",proportional_gamma1,capacity_utilization,1.0,1.0,1.0,1.0,1.0,1.0,20
"B=1.3,lam=1.0",proportional_gamma1,frac_cells_at_lower,0.0,0.0,0.0,0.0,0.0,0.0,20
"B=1.3,lam=1.0",proportional_gamma1,frac_cells_interior,1.0,1.0,1.0,1.0,1.0,1.0,20
"B=1.3,lam=1.0",proportional_gamma1,frac_cells_at_upper,0.0,0.0,0.0,0.0,0.0,0.0,20
"B=1.3,lam=1.0",tuned_gamma4.0,objective_regret,0.0027026660747715,0.00168465547651215,0.04258796228230815,0.0007449052175492601,0.7453626437427291,0.09378509562261672,20
"B=1.3,lam=1.0",tuned_gamma4.0,mean_norm_util,0.43762222313468885,0.37662495735241963,0.43961926647270155,0.33964232422488716,0.4409010895561272,0.4110698668262005,20
"B=1.3,lam=1.0",tuned_gamma4.0,min_norm_util,0.28471810799615993,0.22621291839238067,0.2885191777554605,0.07833869685829388,0.2938009145259082,0.24681612692398783,20
"B=1.3,lam=1.0",tuned_gamma4.0,median_norm_util,0.3641493737869175,0.3016345463107003,0.4343768785678578,0.2080626492542428,0.4356492622436591,0.3547800487965796,20
"B=1.3,lam=1.0",tuned_gamma4.0,frac_worse_than_equal,0.0,0.0,0.0,0.0,0.125,0.0125,20
"B=1.3,lam=1.0",tuned_gamma4.0,frac_worse_than_strongest_sep,0.0,0.0,0.0,0.0,0.0,0.0,20
"B=1.3,lam=1.0",tuned_gamma4.0,worst_indiv_change_vs_equal,0.1597181079961599,0.10121291839238067,0.1635191777554605,-0.04666130314170602,0.16880091452590812,0.12181612692398788,20
"B=1.3,lam=1.0",tuned_gamma4.0,p5_indiv_change_vs_equal,0.16161840850514725,0.10264565828442275,0.16437459338489957,0.04944419307299136,0.16881138535873236,0.13292537078140232,20
"B=1.3,lam=1.0",tuned_gamma4.0,capacity_utilization,1.0,1.0,1.0,1.0,1.0,1.0,20
"B=1.3,lam=1.0",tuned_gamma4.0,frac_cells_at_lower,0.46875,0.4375,0.5,0.403125,0.5015625,0.4625,20
"B=1.3,lam=1.0",tuned_gamma4.0,frac_cells_interior,0.53125,0.5,0.5625,0.4984375,0.596875,0.5375,20
"B=1.3,lam=1.0",tuned_gamma4.0,frac_cells_at_upper,0.0,0.0,0.0,0.0,0.0,0.0,20
"B=2.0,lam=0.0",equal,objective_regret,-4.198119185616633e-09,-9.396134537098533e-09,-3.705563855760374e-09,-1.885078315666533e-08,-1.1575584935030743e-09,-7.429088810795293e-09,20
"B=2.0,lam=0.0",equal,mean_norm_util,0.125,0.125,0.125,0.125,0.125,0.125,20
"B=2.0,lam=0.0",equal,min_norm_util,0.125,0.125,0.125,0.125,0.125,0.125,20
"B=2.0,lam=0.0",equal,median_norm_util,0.125,0.125,0.125,0.125,0.125,0.125,20
"B=2.0,lam=0.0",equal,frac_worse_than_equal,0.0,0.0,0.0,0.0,0.0,0.0,20
"B=2.0,lam=0.0",equal,frac_worse_than_strongest_sep,0.0,0.0,0.0,0.0,0.0,0.0,20
"B=2.0,lam=0.0",equal,worst_indiv_change_vs_equal,0.0,0.0,0.0,0.0,0.0,0.0,20
"B=2.0,lam=0.0",equal,p5_indiv_change_vs_equal,0.0,0.0,0.0,0.0,0.0,0.0,20
"B=2.0,lam=0.0",equal,capacity_utilization,1.0,1.0,1.0,1.0,1.0,1.0,20
"B=2.0,lam=0.0",equal,frac_cells_at_lower,0.0,0.0,0.0,0.0,0.0,0.0,20
"B=2.0,lam=0.0",equal,frac_cells_interior,1.0,1.0,1.0,1.0,1.0,1.0,20
"B=2.0,lam=0.0",equal,frac_cells_at_upper,0.0,0.0,0.0,0.0,0.0,0.0,20
"B=2.0,lam=0.0",joint,objective_regret,0.0,0.0,0.0,0.0,0.0,0.0,20
"B=2.0,lam=0.0",joint,mean_norm_util,0.12499999993754544,0.12499999986250954,0.12499999994275232,0.12499999971899077,0.12499999998214392,0.12499999988953577,20
"B=2.0,lam=0.0",joint,min_norm_util,0.12499946165067785,0.12499907685532305,0.12499968694975915,0.12499479604232598,0.124999853913337,0.12499871481547006,20
"B=2.0,lam=0.0",joint,median_norm_util,0.1249999068287379,0.12499967497517263,0.1250001318302084,0.12499925400906799,0.12500074311605833,0.12499995091891028,20
"B=2.0,lam=0.0",joint,frac_worse_than_equal,0.875,0.125,0.875,0.125,0.875,0.5375,20
"B=2.0,lam=0.0",joint,frac_worse_than_strongest_sep,0.875,0.125,0.875,0.125,0.875,0.5375,20
"B=2.0,lam=0.0",joint,worst_indiv_change_vs_equal,-5.383493221350344e-07,-9.231446769127072e-07,-3.1305024078207016e-07,-5.20395767397569e-06,-1.4608666293533515e-07,-1.2851845298825216e-06,20
"B=2.0,lam=0.0",joint,p5_indiv_change_vs_equal,-4.0090673601202165e-07,-7.702863020139783e-07,-2.743563812350469e-07,-3.1224818676580524e-06,-1.4608666293533515e-07,-8.525483258075076e-07,20
"B=2.0,lam=0.0",joint,capacity_utilization,0.9999998524686358,0.9999927474866938,0.9999999880624816,0.9937467468038911,0.9999999962669113,0.9987534231414976,20
"B=2.0,lam=0.0",joint,frac_cells_at_lower,0.0,0.0,0.0,0.0,0.0,0.0,20
"B=2.0,lam=0.0",joint,frac_cells_interior,1.0,1.0,1.0,1.0,1.0,1.0,20
"B=2.0,lam=0.0",joint,frac_cells_at_upper,0.0,0.0,0.0,0.0,0.0,0.0,20
"B=2.0,lam=0.0",oracle_envelope,objective_regret,-4.198119185616633e-09,-9.396134537098533e-09,-3.705563855760374e-09,-1.885078315666533e-08,-1.1575584935030743e-09,-7.42908916606666e-09,20
"B=2.0,lam=0.0",oracle_envelope,mean_norm_util,0.125,0.125,0.125,0.125,0.125,0.125,20
"B=2.0,lam=0.0",oracle_envelope,min_norm_util,0.125,0.125,0.125,0.125,0.125,0.125,20
"B=2.0,lam=0.0",oracle_envelope,median_norm_util,0.125,0.125,0.125,0.125,0.125,0.125,20
"B=2.0,lam=0.0",oracle_envelope,frac_worse_than_equal,0.0,0.0,0.0,0.0,0.0,0.0,20
"B=2.0,lam=0.0",oracle_envelope,frac_worse_than_strongest_sep,0.0,0.0,0.0,0.0,0.0,0.0,20
"B=2.0,lam=0.0",oracle_envelope,worst_indiv_change_vs_equal,0.0,0.0,0.0,0.0,2.7755575615628914e-17,2.7755575615628915e-18,20
"B=2.0,lam=0.0",oracle_envelope,p5_indiv_change_vs_equal,0.0,0.0,0.0,0.0,2.7755575615628914e-17,2.7755575615628915e-18,20
"B=2.0,lam=0.0",oracle_envelope,capacity_utilization,1.0,1.0,1.0,1.0,1.0,1.0,20
"B=2.0,lam=0.0",oracle_envelope,frac_cells_at_lower,0.0,0.0,0.0,0.0,0.0,0.0,20
"B=2.0,lam=0.0",oracle_envelope,frac_cells_interior,1.0,1.0,1.0,1.0,1.0,1.0,20
"B=2.0,lam=0.0",oracle_envelope,frac_cells_at_upper,0.0,0.0,0.0,0.0,0.0,0.0,20
"B=2.0,lam=0.0",proportional_gamma1,objective_regret,-4.198119185616633e-09,-9.396134537098533e-09,-3.705563855760374e-09,-1.885078315666533e-08,-1.1575584935030743e-09,-7.429088810795293e-09,20
"B=2.0,lam=0.0",proportional_gamma1,mean_norm_util,0.125,0.125,0.125,0.125,0.125,0.125,20
"B=2.0,lam=0.0",proportional_gamma1,min_norm_util,0.125,0.125,0.125,0.125,0.125,0.125,20
"B=2.0,lam=0.0",proportional_gamma1,median_norm_util,0.125,0.125,0.125,0.125,0.125,0.125,20
"B=2.0,lam=0.0",proportional_gamma1,frac_worse_than_equal,0.0,0.0,0.0,0.0,0.0,0.0,20
"B=2.0,lam=0.0",proportional_gamma1,frac_worse_than_strongest_sep,0.0,0.0,0.0,0.0,0.0,0.0,20
"B=2.0,lam=0.0",proportional_gamma1,worst_indiv_change_vs_equal,0.0,0.0,0.0,-2.0816681711721657e-18,1.3877787807814654e-18,-6.938893903907229e-19,20
"B=2.0,lam=0.0",proportional_gamma1,p5_indiv_change_vs_equal,0.0,0.0,0.0,-2.0816681711721657e-18,1.3877787807814654e-18,-6.938893903907229e-19,20
"B=2.0,lam=0.0",proportional_gamma1,capacity_utilization,1.0,1.0,1.0,1.0,1.0,1.0,20
"B=2.0,lam=0.0",proportional_gamma1,frac_cells_at_lower,0.0,0.0,0.0,0.0,0.0,0.0,20
"B=2.0,lam=0.0",proportional_gamma1,frac_cells_interior,1.0,1.0,1.0,1.0,1.0,1.0,20
"B=2.0,lam=0.0",proportional_gamma1,frac_cells_at_upper,0.0,0.0,0.0,0.0,0.0,0.0,20
"B=2.0,lam=0.0",tuned_gamma4.0,objective_regret,-4.198119185616633e-09,-9.396134537098533e-09,-3.705563855760374e-09,-1.885078315666533e-08,-1.1575584935030743e-09,-7.429088810795293e-09,20
"B=2.0,lam=0.0",tuned_gamma4.0,mean_norm_util,0.125,0.125,0.125,0.125,0.125,0.125,20
"B=2.0,lam=0.0",tuned_gamma4.0,min_norm_util,0.125,0.125,0.125,0.125,0.125,0.125,20
"B=2.0,lam=0.0",tuned_gamma4.0,median_norm_util,0.125,0.125,0.125,0.125,0.125,0.125,20
"B=2.0,lam=0.0",tuned_gamma4.0,frac_worse_than_equal,0.0,0.0,0.0,0.0,0.0,0.0,20
"B=2.0,lam=0.0",tuned_gamma4.0,frac_worse_than_strongest_sep,0.0,0.0,0.0,0.0,0.0,0.0,20
"B=2.0,lam=0.0",tuned_gamma4.0,worst_indiv_change_vs_equal,0.0,0.0,0.0,0.0,0.0,0.0,20
"B=2.0,lam=0.0",tuned_gamma4.0,p5_indiv_change_vs_equal,0.0,0.0,0.0,0.0,0.0,0.0,20
"B=2.0,lam=0.0",tuned_gamma4.0,capacity_utilization,1.0,1.0,1.0,1.0,1.0,1.0,20
"B=2.0,lam=0.0",tuned_gamma4.0,frac_cells_at_lower,0.0,0.0,0.0,0.0,0.0,0.0,20
"B=2.0,lam=0.0",tuned_gamma4.0,frac_cells_interior,1.0,1.0,1.0,1.0,1.0,1.0,20
"B=2.0,lam=0.0",tuned_gamma4.0,frac_cells_at_upper,0.0,0.0,0.0,0.0,0.0,0.0,20
"B=2.0,lam=0.25",equal,objective_regret,2.1581902433492193,1.6174369443922147,3.3142491628848987,0.8396848850742542,5.602811460872008,2.5694926273475978,20
"B=2.0,lam=0.25",equal,mean_norm_util,0.125,0.125,0.125,0.125,0.125,0.125,20
"B=2.0,lam=0.25",equal,min_norm_util,0.125,0.125,0.125,0.125,0.125,0.125,20
"B=2.0,lam=0.25",equal,median_norm_util,0.125,0.125,0.125,0.125,0.125,0.125,20
"B=2.0,lam=0.25",equal,frac_worse_than_equal,0.0,0.0,0.0,0.0,0.0,0.0,20
"B=2.0,lam=0.25",equal,frac_worse_than_strongest_sep,0.75,0.5,0.75,0.49375,0.8812500000000001,0.68125,20
"B=2.0,lam=0.25",equal,worst_indiv_change_vs_equal,0.0,0.0,0.0,0.0,0.0,0.0,20
"B=2.0,lam=0.25",equal,p5_indiv_change_vs_equal,0.0,0.0,0.0,0.0,0.0,0.0,20
"B=2.0,lam=0.25",equal,capacity_utilization,1.0,1.0,1.0,1.0,1.0,1.0,20
"B=2.0,lam=0.25",equal,frac_cells_at_lower,0.0,0.0,0.0,0.0,0.0,0.0,20
"B=2.0,lam=0.25",equal,frac_cells_interior,1.0,1.0,1.0,1.0,1.0,1.0,20
"B=2.0,lam=0.25",equal,frac_cells_at_upper,0.0,0.0,0.0,0.0,0.0,0.0,20
"B=2.0,lam=0.25",joint,objective_regret,0.0,0.0,0.0,0.0,0.0,0.0,20
"B=2.0,lam=0.25",joint,mean_norm_util,0.16489689025638166,0.15376072353806394,0.19791104162105136,0.138880486903103,0.26532168138546686,0.1819001598042979,20
"B=2.0,lam=0.25",joint,min_norm_util,0.14344317640168203,0.13417923355093386,0.15334624539176014,0.13071359122013732,0.1646188333061348,0.1475863200770647,20
"B=2.0,lam=0.25",joint,median_norm_util,0.15558044170823584,0.1449308523458823,0.16799245289690248,0.1365608288903856,0.25506557595647894,0.16577444333885566,20
"B=2.0,lam=0.25",joint,frac_worse_than_equal,0.0,0.0,0.0,0.0,0.0,0.0,20
"B=2.0,lam=0.25",joint,frac_worse_than_strongest_sep,0.375,0.25,0.5,0.125,0.6312500000000001,0.39375,20
"B=2.0,lam=0.25",joint,worst_indiv_change_vs_equal,0.01844317640168205,0.009179233550933875,0.02834624539176015,0.0057135912201373,0.03961883330613479,0.022586320077064716,20
"B=2.0,lam=0.25",joint,p5_indiv_change_vs_equal,0.02041779335251375,0.0098586680608912,0.03212479905884873,0.00599442851411979,0.0486205527830297,0.024971432138318646,20
"B=2.0,lam=0.25",joint,capacity_utilization,0.9999999984237138,0.9999999976560301,0.9999999986980634,0.9999999879395366,0.9999999992244665,0.999999996382023,20
"B=2.0,lam=0.25",joint,frac_cells_at_lower,0.6875,0.65625,0.6875,0.65625,0.6890625,0.6796875,20
"B=2.0,lam=0.25",joint,frac_cells_interior,0.3125,0.3125,0.34375,0.3109375,0.34375,0.3203125,20
"B=2.0,lam=0.25",joint,frac_cells_at_upper,0.0,0.0,0.0,0.0,0.0,0.0,20
"B=2.0,lam=0.25",oracle_envelope,objective_regret,0.40353382959251854,0.27771311394359977,0.49698970032898687,0.20682206054460667,0.7667176170998564,0.4164351323844585,20
"B=2.0,lam=0.25",oracle_envelope,mean_norm_util,0.16770059835887374,0.15467059294178576,0.20700388701461994,0.13720508810289228,0.266300672281047,0.18235677864746488,20
"B=2.0,lam=0.25",oracle_envelope,min_norm_util,0.10793786933299525,0.094442061914022,0.11231260077981092,0.08566772215915106,0.12172995185717053,0.10510878519447686,20
"B=2.0,lam=0.25",oracle_envelope,median_norm_util,0.1442178514734391,0.1316547004912543,0.16076399327075772,0.117503026872273,0.23272935705021333,0.1556220022560564,20
"B=2.0,lam=0.25",oracle_envelope,frac_worse_than_equal,0.375,0.25,0.5,0.11875000000000001,0.625,0.34375,20
"B=2.0,lam=0.25",oracle_envelope,frac_worse_than_strongest_sep,0.125,0.0,0.5,0.0,0.625,0.24375,20
"B=2.0,lam=0.25",oracle_envelope,worst_indiv_change_vs_equal,-0.017062130667004648,-0.030557938085977898,-0.012687399220188975,-0.039332277840848855,-0.00327004814282937,-0.019891214805523052,20
"B=2.0,lam=0.25",oracle_envelope,p5_indiv_change_vs_equal,-0.0132019613562224,-0.0287223089967817,-0.006885142819276,-0.033249885365307166,0.018678323201640964,-0.01374932089765045,20
"B=2.0,lam=0.25",oracle_envelope,capacity_utilization,1.0,1.0,1.0,1.0,1.0,1.0,20
"B=2.0,lam=0.25",oracle_envelope,frac_cells_at_lower,0.078125,0.03125,0.171875,0.0,0.28593750000000007,0.11875,20
"B=2.0,lam=0.25",oracle_envelope,frac_cells_interior,0.921875,0.828125,0.96875,0.7140625,1.0,0.88125,20
"B=2.0,lam=0.25",oracle_envelope,frac_cells_at_upper,0.0,0.0,0.0,0.0,0.0,0.0,20
"B=2.0,lam=0.25",proportional_gamma1,objective_regret,1.051728645100665,0.8977385551503511,1.196558416152401,0.6207637689342171,1.402874118514472,1.0401698734781673,20
"B=2.0,lam=0.25",proportional_gamma1,mean_norm_util,0.1431903075821409,0.1363050917519905,0.16758425323685427,0.12849692080168476,0.21462698954081438,0.1568678199701404,20
"B=2.0,lam=0.25",proportional_gamma1,min_norm_util,0.1274448011442063,0.12621864259858262,0.1310265618522687,0.12529514285824933,0.17147767391717755,0.13407030084716345,20
"B=2.0,lam=0.25",proportional_gamma1,median_norm_util,0.1355940750368525,0.1315785128328646,0.14421599281883818,0.12723062146679376,0.2057057210694532,0.14588950374585005,20
"B=2.0,lam=0.25",proportional_gamma1,frac_worse_than_equal,0.0,0.0,0.0,0.0,0.0,0.0,20
"B=2.0,lam=0.25",proportional_gamma1,frac_worse_than_strongest_sep,0.625,0.5,0.75,0.36875,0.7562500000000001,0.60625,20
"B=2.0,lam=0.25",proportional_gamma1,worst_indiv_change_vs_equal,0.0024448011442063,0.0012186425985826,0.0060265618522687,0.00029514285824933,0.046477673917177546,0.009070300847163437,20
"B=2.0,lam=0.25",proportional_gamma1,p5_indiv_change_vs_equal,0.0027783769926406,0.001491321051471775,0.0074771151880730505,0.0005499215325902601,0.051603024762580635,0.010169349401017195,20
"B=2.0,lam=0.25",proportional_gamma1,capacity_utilization,1.0,1.0,1.0,1.0,1.0,1.0,20
"B=2.0,lam=0.25",proportional_gamma1,frac_cells_at_lower,0.0,0.0,0.0,0.0,0.0,0.0,20
"B=2.0,lam=0.25",proportional_gamma1,frac_cells_interior,1.0,1.0,1.0,1.0,1.0,1.0,20
"B=2.0,lam=0.25",proportional_gamma1,frac_cells_at_upper,0.0,0.0,0.0,0.0,0.0,0.0,20
"B=2.0,lam=0.25",tuned_gamma4.0,objective_regret,0.4596865609797884,0.31043305387270337,0.5426181013929661,0.2509476321877098,0.7920900204161487,0.47523519394223823,20
"B=2.0,lam=0.25",tuned_gamma4.0,mean_norm_util,0.17603858471432315,0.15345045899922666,0.20700388701461994,0.13488695218579017,0.266300672281047,0.18322839621802758,20
"B=2.0,lam=0.25",tuned_gamma4.0,min_norm_util,0.10900384895565295,0.08816479065738035,0.11497957768371077,0.07661310281086982,0.12321320633879916,0.10338639237822025,20
"B=2.0,lam=0.25",tuned_gamma4.0,median_norm_util,0.14476736481351837,0.1314124371274899,0.15258796488273169,0.1253018582089498,0.23272935705021333,0.15695021182879162,20
"B=2.0,lam=0.25",tuned_gamma4.0,frac_worse_than_equal,0.25,0.25,0.5,0.11875000000000001,0.5062500000000001,0.31875,20
"B=2.0,lam=0.25",tuned_gamma4.0,frac_worse_than_strongest_sep,0.0,0.0,0.0,0.0,0.0,0.0,20
"B=2.0,lam=0.25",tuned_gamma4.0,worst_indiv_change_vs_equal,-0.01599615104434695,-0.03683520934261957,-0.010020422316289124,-0.04838689718913018,-0.0017867936612007457,-0.021613607621779662,20
"B=2.0,lam=0.25",tuned_gamma4.0,p5_indiv_change_vs_equal,-0.01104367304276685,-0.03159810113327718,-0.00530378035580455,-0.041851764709254946,0.018678323201640964,-0.01602646488558871,20
"B=2.0,lam=0.25",tuned_gamma4.0,capacity_utilization,1.0,1.0,1.0,1.0,1.0,1.0,20
"B=2.0,lam=0.25",tuned_gamma4.0,frac_cells_at_lower,0.09375,0.0,0.15625,0.0,0.25,0.0921875,20
"B=2.0,lam=0.25",tuned_gamma4.0,frac_cells_interior,0.90625,0.84375,1.0,0.75,1.0,0.9078125,20
"B=2.0,lam=0.25",tuned_gamma4.0,frac_cells_at_upper,0.0,0.0,0.0,0.0,0.0,0.0,20
"B=2.0,lam=0.5",equal,objective_regret,4.8008401495841735,4.070217745548693,5.996468843494633,2.6213703925282856,7.136132788809102,4.9473460969223115,20
"B=2.0,lam=0.5",equal,mean_norm_util,0.125,0.125,0.125,0.125,0.125,0.125,20
"B=2.0,lam=0.5",equal,min_norm_util,0.125,0.125,0.125,0.125,0.125,0.125,20
"B=2.0,lam=0.5",equal,median_norm_util,0.125,0.125,0.125,0.125,0.125,0.125,20
"B=2.0,lam=0.5",equal,frac_worse_than_equal,0.0,0.0,0.0,0.0,0.0,0.0,20
"B=2.0,lam=0.5",equal,frac_worse_than_strongest_sep,0.875,0.75,1.0,0.625,1.0,0.84375,20
"B=2.0,lam=0.5",equal,worst_indiv_change_vs_equal,0.0,0.0,0.0,0.0,0.0,0.0,20
"B=2.0,lam=0.5",equal,p5_indiv_change_vs_equal,0.0,0.0,0.0,0.0,0.0,0.0,20
"B=2.0,lam=0.5",equal,capacity_utilization,1.0,1.0,1.0,1.0,1.0,1.0,20
"B=2.0,lam=0.5",equal,frac_cells_at_lower,0.0,0.0,0.0,0.0,0.0,0.0,20
"B=2.0,lam=0.5",equal,frac_cells_interior,1.0,1.0,1.0,1.0,1.0,1.0,20
"B=2.0,lam=0.5",equal,frac_cells_at_upper,0.0,0.0,0.0,0.0,0.0,0.0,20
"B=2.0,lam=0.5",joint,objective_regret,0.0,0.0,0.0,0.0,0.0,0.0,20
"B=2.0,lam=0.5",joint,mean_norm_util,0.2476629764139128,0.21504933715693525,0.2827455491596939,0.17924054708470416,0.3291456282658576,0.24934617555361252,20
"B=2.0,lam=0.5",joint,min_norm_util,0.16585410142620566,0.15516857807223777,0.19462105550468023,0.1346325536310362,0.23607227870450598,0.17901221369565307,20
"B=2.0,lam=0.5",joint,median_norm_util,0.19386107281366144,0.1740244070608156,0.2359132391132082,0.1605548570857389,0.2818763971674372,0.20999367840532682,20
"B=2.0,lam=0.5",joint,frac_worse_than_equal,0.0,0.0,0.0,0.0,0.0,0.0,20
"B=2.0,lam=0.5",joint,frac_worse_than_strongest_sep,0.4375,0.375,0.5,0.25,0.625,0.44375,20
"B=2.0,lam=0.5",joint,worst_indiv_change_vs_equal,0.04085410142620565,0.030168578072237776,0.06962105550468026,0.009632553631036125,0.11107227870450596,0.05401221369565303,20
"B=2.0,lam=0.5",joint,p5_indiv_change_vs_equal,0.04517971307970795,0.033527721794120655,0.0773073981499177,0.013056596568850021,0.11770633124114627,0.057331825178602205,20
"B=2.0,lam=0.5",joint,capacity_utilization,0.9999999990548094,0.9999999987564382,0.9999999991725619,0.9999999969057911,0.9999999992980627,0.9999999979123941,20
"B=2.0,lam=0.5",joint,frac_cells_at_lower,0.71875,0.6875,0.71875,0.6546875,0.75,0.709375,20
"B=2.0,lam=0.5",joint,frac_cells_interior,0.28125,0.28125,0.3125,0.25,0.3453125,0.290625,20
"B=2.0,lam=0.5",joint,frac_cells_at_upper,0.0,0.0,0.0,0.0,0.0,0.0,20
"B=2.0,lam=0.5",oracle_envelope,objective_regret,0.38743911711656226,0.31940707758303594,0.5043168965868121,0.1975734295465774,0.7803994347285697,0.43150204543047066,20
"B=2.0,lam=0.5",oracle_envelope,mean_norm_util,0.24331199397133918,0.21056170144239472,0.29079648830129234,0.17248445848524427,0.3177503512233358,0.24781177034847687,20
"B=2.0,lam=0.5",oracle_envelope,min_norm_util,0.12861244842646624,0.100913818225052,0.14971854363895576,0.08640809414785863,0.1768480328633679,0.12799881393507978,20
"B=2.0,lam=0.5",oracle_envelope,median_norm_util,0.19939682660566527,0.16652026900269606,0.22954739868352528,0.1429736008545683,0.27501235471475094,0.20508830217301846,20
"B=2.0,lam=0.5",oracle_envelope,frac_worse_than_equal,0.0625,0.0,0.25,0.0,0.2562500000000001,0.10625,20
"B=2.0,lam=0.5",oracle_envelope,frac_worse_than_strongest_sep,0.375,0.0,0.375,0.0,0.625,0.24375,20
"B=2.0,lam=0.5",oracle_envelope,worst_indiv_change_vs_equal,0.0036124484264663,-0.024086181774947903,0.024718543638955776,-0.03859190585214126,0.051848032863367886,0.0029988139350798308,20
"B=2.0,lam=0.5",oracle_envelope,p5_indiv_change_vs_equal,0.00568994924926645,-0.0149497329196341,0.037736319821934976,-0.028282027126492436,0.057962694062489585,0.012093317785903427,20
"B=2.0,lam=0.5",oracle_envelope,capacity_utilization,1.0,1.0,1.0,1.0,1.0,1.0,20
"B=2.0,lam=0.5",oracle_envelope,frac_cells_at_lower,0.140625,0.0546875,0.3046875,0.029687500000000002,0.4500000000000002,0.2,20
"B=2.0,lam=0.5",oracle_envelope,frac_cells_interior,0.859375,0.6953125,0.9453125,0.55,0.9703125,0.8,20
"B=2.0,lam=0.5",oracle_envelope,frac_cells_at_upper,0.0,0.0,0.0,0.0,0.0,0.0,20
"B=2.0,lam=0.5",proportional_gamma1,objective_regret,1.3254588908818228,1.1817447402441787,1.4137612777908792,1.0310429952079005,1.5566297249514403,1.305960998410962,20
"B=2.0,lam=0.5",proportional_gamma1,mean_norm_util,0.2092724556507847,0.17921204980213268,0.23543011543155495,0.15449433318594274,0.2715861310194944,0.2086200836686599,20
"B=2.0,lam=0.5",proportional_gamma1,min_norm_util,0.14302404183292475,0.1341443787160732,0.1739199762562403,0.1285604783069952,0.19571255846354133,0.15572979703191053,20
"B=2.0,lam=0.5",proportional_gamma1,median_norm_util,0.171699397517102,0.15181858008596374,0.20969367936102096,0.14471163707313062,0.2513435249844089,0.18506403816096426,20
"B=2.0,lam=0.5",proportional_gamma1,frac_worse_than_equal,0.0,0.0,0.0,0.0,0.0,0.0,20
"B=2.0,lam=0.5",proportional_gamma1,frac_worse_than_strongest_sep,0.75,0.625,0.75,0.49375,0.875,0.68125,20
"B=2.0,lam=0.5",proportional_gamma1,worst_indiv_change_vs_equal,0.0180240418329247,0.0091443787160732,0.048919976256240325,0.003560478306995215,0.07071255846354134,0.03072979703191056,20
"B=2.0,lam=0.5",proportional_gamma1,p5_indiv_change_vs_equal,0.01849975577790125,0.00947772075217505,0.050025770628151445,0.00378854431514413,0.07434840786250244,0.03225684467177688,20
"B=2.0,lam=0.5",proportional_gamma1,capacity_utilization,1.0,1.0,1.0,1.0,1.0,1.0,20
"B=2.0,lam=0.5",proportional_gamma1,frac_cells_at_lower,0.0,0.0,0.0,0.0,0.0,0.0,20
"B=2.0,lam=0.5",proportional_gamma1,frac_cells_interior,1.0,1.0,1.0,1.0,1.0,1.0,20
"B=2.0,lam=0.5",proportional_gamma1,frac_cells_at_upper,0.0,0.0,0.0,0.0,0.0,0.0,20
"B=2.0,lam=0.5",tuned_gamma4.0,objective_regret,0.5199438669366376,0.33849318251013466,0.6491120520910245,0.22924291704422953,0.7851643899263702,0.5069578101832691,20
"B=2.0,lam=0.5",tuned_gamma4.0,mean_norm_util,0.2545821462732688,0.2120063672845488,0.29079648830129234,0.1845545633210408,0.3303779081978333,0.252573447738352,20
"B=2.0,lam=0.5",tuned_gamma4.0,min_norm_util,0.10515516108622365,0.09556177205736685,0.1348354168177487,0.07921493868496872,0.18008908538600552,0.11751230123010259,20
"B=2.0,lam=0.5",tuned_gamma4.0,median_norm_util,0.2029329353529086,0.16999613675285166,0.23565820541869437,0.1421992680087993,0.27501235471475094,0.20534802032587818,20
"B=2.0,lam=0.5",tuned_gamma4.0,frac_worse_than_equal,0.125,0.0,0.25,0.0,0.375,0.15625,20
"B=2.0,lam=0.5",tuned_gamma4.0,frac_worse_than_strongest_sep,0.0,0.0,0.0,0.0,0.0,0.0,20
"B=2.0,lam=0.5",tuned_gamma4.0,worst_indiv_change_vs_equal,-0.019844838913776253,-0.029438227942633077,0.0098354168177487,-0.045785061315031184,0.055089085386005515,-0.007487698769897357,20
"B=2.0,lam=0.5",tuned_gamma4.0,p5_indiv_change_vs_equal,-0.00886965804905945,-0.025981073063267197,0.0218739561469679,-0.0375317695420311,0.05802867787124388,0.0017643580488643617,20
"B=2.0,lam=0.5",tuned_gamma4.0,capacity_utilization,1.0,1.0,1.0,1.0,1.0,1.0,20
"B=2.0,lam=0.5",tuned_gamma4.0,frac_cells_at_lower,0.15625,0.09375,0.2265625,0.029687500000000002,0.28593750000000007,0.1640625,20
"B=2.0,lam=0.5",tuned_gamma4.0,frac_cells_interior,0.84375,0.7734375,0.90625,0.7140625,0.9703125,0.8359375,20
"B=2.0,lam=0.5",tuned_gamma4.0,frac_cells_at_upper,0.0,0.0,0.0,0.0,0.0,0.0,20
"B=2.0,lam=0.75",equal,objective_regret,6.95491486938533,5.991769165159015,7.571274453499548,5.17890021305045,7.900863898661972,6.7735580690833554,20
"B=2.0,lam=0.75",equal,mean_norm_util,0.125,0.125,0.125,0.125,0.125,0.125,20
"B=2.0,lam=0.75",equal,min_norm_util,0.125,0.125,0.125,0.125,0.125,0.125,20
"B=2.0,lam=0.75",equal,median_norm_util,0.125,0.125,0.125,0.125,0.125,0.125,20
"B=2.0,lam=0.75",equal,frac_worse_than_equal,0.0,0.0,0.0,0.0,0.0,0.0,20
"B=2.0,lam=0.75",equal,frac_worse_than_strongest_sep,1.0,0.875,1.0,0.75,1.0,0.95,20
"B=2.0,lam=0.75",equal,worst_indiv_change_vs_equal,0.0,0.0,0.0,0.0,0.0,0.0,20
"B=2.0,lam=0.75",equal,p5_indiv_change_vs_equal,0.0,0.0,0.0,0.0,0.0,0.0,20
"B=2.0,lam=0.75",equal,capacity_utilization,1.0,1.0,1.0,1.0,1.0,1.0,20
"B=2.0,lam=0.75",equal,frac_cells_at_lower,0.0,0.0,0.0,0.0,0.0,0.0,20
"B=2.0,lam=0.75",equal,frac_cells_interior,1.0,1.0,1.0,1.0,1.0,1.0,20
"B=2.0,lam=0.75",equal,frac_cells_at_upper,0.0,0.0,0.0,0.0,0.0,0.0,20
"B=2.0,lam=0.75",joint,objective_regret,0.0,0.0,0.0,0.0,0.0,0.0,20
"B=2.0,lam=0.75",joint,mean_norm_util,0.324285953645363,0.2860925210039218,0.3458517048363287,0.26306901009733313,0.35585537133971956,0.31477867858243636,20
"B=2.0,lam=0.75",joint,min_norm_util,0.23071690292693614,0.17864940896165157,0.23448593931336834,0.1638503321368081,0.29828543513796646,0.21544093305132345,20
"B=2.0,lam=0.75",joint,median_norm_util,0.2567704499265112,0.22523730902808564,0.31503387885558126,0.19173284400569,0.34017875344164,0.2667637963743913,20
"B=2.0,lam=0.75",joint,frac_worse_than_equal,0.0,0.0,0.0,0.0,0.0,0.0,20
"B=2.0,lam=0.75",joint,frac_worse_than_strongest_sep,0.4375,0.375,0.5,0.25,0.625,0.45,20
"B=2.0,lam=0.75",joint,worst_indiv_change_vs_equal,0.10571690292693614,0.05364940896165157,0.10948593931336834,0.03885033213680811,0.17328543513796646,0.09044093305132343,20
"B=2.0,lam=0.75",joint,p5_indiv_change_vs_equal,0.10924148751786819,0.061212051050336946,0.11267472951186999,0.044422906435402636,0.17468765650585907,0.09544917034521791,20
"B=2.0,lam=0.75",joint,capacity_utilization,0.999999998979622,0.9999999987539623,0.9999999993646412,0.9999999983120478,0.999999999503453,0.9999999990059267,20
"B=2.0,lam=0.75",joint,frac_cells_at_lower,0.71875,0.71875,0.75,0.6875,0.75,0.725,20
"B=2.0,lam=0.75",joint,frac_cells_interior,0.28125,0.25,0.28125,0.25,0.3125,0.275,20
"B=2.0,lam=0.75",joint,frac_cells_at_upper,0.0,0.0,0.0,0.0,0.0,0.0,20
"B=2.0,lam=0.75",oracle_envelope,objective_regret,0.28766651080414535,0.18137681238266623,0.40653926324796336,0.12604499272583455,0.6201351318867866,0.3221697802735129,20
"B=2.0,lam=0.75",oracle_envelope,mean_norm_util,0.3157616070836547,0.28545621286207734,0.3416505414306235,0.2593512544150072,0.3581472483068748,0.3127936261629386,20
"B=2.0,lam=0.75",oracle_envelope,min_norm_util,0.15105515243904322,0.13858154866609634,0.19286864731624542,0.11633849713412517,0.21931550492017227,0.16407480354342135,20
"B=2.0,lam=0.75",oracle_envelope,median_norm_util,0.269585577738817,0.22295167638509072,0.3019931293706812,0.17652968398361535,0.33768907856472485,0.2632816168111007,20
"B=2.0,lam=0.75",oracle_envelope,frac_worse_than_equal,0.0,0.0,0.0,0.0,0.125,0.0125,20
"B=2.0,lam=0.75",oracle_envelope,frac_worse_than_strongest_sep,0.0,0.0,0.5,0.0,0.7562500000000001,0.225,20
"B=2.0,lam=0.75",oracle_envelope,worst_indiv_change_vs_equal,0.0260551524390432,0.01358154866609635,0.06786864731624542,-0.008661502865874832,0.09431550492017227,0.03907480354342134,20
"B=2.0,lam=0.75",oracle_envelope,p5_indiv_change_vs_equal,0.04359985878535695,0.023041722576361376,0.07622104115276399,0.00784090555015988,0.10808731346527241,0.04966457962314295,20
"B=2.0,lam=0.75",oracle_envelope,capacity_utilization,1.0,1.0,1.0,1.0,1.0,1.0,20
"B=2.0,lam=0.75",oracle_envelope,frac_cells_at_lower,0.1875,0.09375,0.25,0.029687500000000002,0.3140625,0.16875,20
"B=2.0,lam=0.75",oracle_envelope,frac_cells_interior,0.8125,0.75,0.90625,0.6859375,0.9703125,0.83125,20
"B=2.0,lam=0.75",oracle_envelope,frac_cells_at_upper,0.0,0.0,0.0,0.0,0.0,0.0,20
"B=2.0,lam=0.75",proportional_gamma1,objective_regret,1.2390254684663713,1.105440695206422,1.4454654303595198,1.0313211897740437,1.5671244578690118,1.2814358365527667,20
"B=2.0,lam=0.75",proportional_gamma1,mean_norm_util,0.266134361252094,0.23595612135708163,0.2787105429795276,0.2250017539799897,0.28875495226691045,0.25996210351346466,20
"B=2.0,lam=0.75",proportional_gamma1,min_norm_util,0.1862623627004814,0.1691415125871426,0.21550206008908274,0.15345523079847193,0.2426020805654592,0.19139306395019182,20
"B=2.0,lam=0.75",proportional_gamma1,median_norm_util,0.23303006142909885,0.20735253989995184,0.2716013687728046,0.17895515749407956,0.29706043954547756,0.23442096223354164,20
"B=2.0,lam=0.75",proportional_gamma1,frac_worse_than_equal,0.0,0.0,0.0,0.0,0.0,0.0,20
"B=2.0,lam=0.75",proportional_gamma1,frac_worse_than_strongest_sep,0.75,0.625,0.75,0.5,0.875,0.70625,20
"B=2.0,lam=0.75",proportional_gamma1,worst_indiv_change_vs_equal,0.061262362700481396,0.0441415125871426,0.09050206008908272,0.02845523079847193,0.11760208056545922,0.06639306395019179,20
"B=2.0,lam=0.75",proportional_gamma1,p5_indiv_change_vs_equal,0.0637887623752406,0.045768358104490675,0.09289341817619505,0.030217071809314853,0.12018480000267048,0.06929538063799917,20
"B=2.0,lam=0.75",proportional_gamma1,capacity_utilization,1.0,1.0,1.0,1.0,1.0,1.0,20
"B=2.0,lam=0.75",proportional_gamma1,frac_cells_at_lower,0.0,0.0,0.0,0.0,0.0,0.0,20
"B=2.0,lam=0.75",proportional_gamma1,frac_cells_interior,1.0,1.0,1.0,1.0,1.0,1.0,20
"B=2.0,lam=0.75",proportional_gamma1,frac_cells_at_upper,0.0,0.0,0.0,0.0,0.0,0.0,20
"B=2.0,lam=0.75",tuned_gamma4.0,objective_regret,0.29512408566420056,0.18137681238266623,0.4314783004788856,0.12604499272583455,0.8873093954342484,0.35292062327172324,20
"B=2.0,lam=0.75",tuned_gamma4.0,mean_norm_util,0.33285751407109915,0.28769950750744466,0.3442712058853745,0.2726147537026556,0.3581472483068748,0.31993952567362205,20
"B=2.0,lam=0.75",tuned_gamma4.0,min_norm_util,0.13852526840613694,0.09772281634201316,0.1808100491233287,0.0820932933113868,0.20818873938419122,0.14610952689768975,20
"B=2.0,lam=0.75",tuned_gamma4.0,median_norm_util,0.27393566713210005,0.22442390404881613,0.3024665208582058,0.18067364000697583,0.33768907856472485,0.26609869767764227,20
"B=2.0,lam=0.75",tuned_gamma4.0,frac_worse_than_equal,0.0,0.0,0.125,0.0,0.25,0.05,20
"B=2.0,lam=0.75",tuned_gamma4.0,frac_worse_than_strongest_sep,0.0,0.0,0.0,0.0,0.0,0.0,20
"B=2.0,lam=0.75",tuned_gamma4.0,worst_indiv_change_vs_equal,0.01352526840613695,-0.027277183657986752,0.0558100491233287,-0.04290670668861311,0.08318873938419123,0.021109526897689794,20
"B=2.0,lam=0.75",tuned_gamma4.0,p5_indiv_change_vs_equal,0.0315749986459015,-0.003715730637314725,0.07313567839219601,-0.0261680146938056,0.08672458323999867,0.03519211998767656,20
"B=2.0,lam=0.75",tuned_gamma4.0,capacity_utilization,1.0,1.0,1.0,1.0,1.0,1.0,20
"B=2.0,lam=0.75",tuned_gamma4.0,frac_cells_at_lower,0.21875,0.1875,0.28125,0.1234375,0.3140625,0.2265625,20
"B=2.0,lam=0.75",tuned_gamma4.0,frac_cells_interior,0.78125,0.71875,0.8125,0.6859375,0.8765625,0.7734375,20
"B=2.0,lam=0.75",tuned_gamma4.0,frac_cells_at_upper,0.0,0.0,0.0,0.0,0.0,0.0,20
"B=2.0,lam=1.0",equal,objective_regret,7.07142405029596,6.4788379313618325,7.37771815492915,5.968778291492243,7.937889128092566,6.958227386698543,20
"B=2.0,lam=1.0",equal,mean_norm_util,0.125,0.125,0.125,0.125,0.125,0.125,20
"B=2.0,lam=1.0",equal,min_norm_util,0.125,0.125,0.125,0.125,0.125,0.125,20
"B=2.0,lam=1.0",equal,median_norm_util,0.125,0.125,0.125,0.125,0.125,0.125,20
"B=2.0,lam=1.0",equal,frac_worse_than_equal,0.0,0.0,0.0,0.0,0.0,0.0,20
"B=2.0,lam=1.0",equal,frac_worse_than_strongest_sep,1.0,0.875,1.0,0.75,1.0,0.925,20
"B=2.0,lam=1.0",equal,worst_indiv_change_vs_equal,0.0,0.0,0.0,0.0,0.0,0.0,20
"B=2.0,lam=1.0",equal,p5_indiv_change_vs_equal,0.0,0.0,0.0,0.0,0.0,0.0,20
"B=2.0,lam=1.0",equal,capacity_utilization,1.0,1.0,1.0,1.0,1.0,1.0,20
"B=2.0,lam=1.0",equal,frac_cells_at_lower,0.0,0.0,0.0,0.0,0.0,0.0,20
"B=2.0,lam=1.0",equal,frac_cells_interior,1.0,1.0,1.0,1.0,1.0,1.0,20
"B=2.0,lam=1.0",equal,frac_cells_at_upper,0.0,0.0,0.0,0.0,0.0,0.0,20
"B=2.0,lam=1.0",joint,objective_regret,0.0,0.0,0.0,0.0,0.0,0.0,20
"B=2.0,lam=1.0",joint,mean_norm_util,0.327231125595262,0.29638020531824444,0.3409132776051087,0.2712055870137927,0.3551615978096536,0.31806999054532215,20
"B=2.0,lam=1.0",joint,min_norm_util,0.2013401900189791,0.1875461875320752,0.22605845216436926,0.18204974798313858,0.24620056738339752,0.21027651353605062,20
"B=2.0,lam=1.0",joint,median_norm_util,0.27670299488005545,0.2519583861902779,0.3067374849149851,0.23630029256440496,0.333714241649725,0.2810272520455912,20
"B=2.0,lam=1.0",joint,frac_worse_than_equal,0.0,0.0,0.0,0.0,0.0,0.0,20
"B=2.0,lam=1.0",joint,frac_worse_than_strongest_sep,0.5,0.46875,0.5,0.375,0.625,0.49375,20
"B=2.0,lam=1.0",joint,worst_indiv_change_vs_equal,0.0763401900189791,0.0625461875320752,0.10105845216436926,0.057049747983138575,0.1212005673833975,0.0852765135360506,20
"B=2.0,lam=1.0",joint,p5_indiv_change_vs_equal,0.09403707407847894,0.07058307654316465,0.10732052210738117,0.060060218304624435,0.12283075430724164,0.0933301687798914,20
"B=2.0,lam=1.0",joint,capacity_utilization,0.9999999991366525,0.9999999990153693,0.9999999994332351,0.9999999987880153,0.9999999994937172,0.9999999991556079,20
"B=2.0,lam=1.0",joint,frac_cells_at_lower,0.71875,0.6875,0.7265625,0.6859375,0.75,0.7140625,20
"B=2.0,lam=1.0",joint,frac_cells_interior,0.28125,0.2734375,0.3125,0.25,0.3140625,0.2859375,20
"B=2.0,lam=1.0",joint,frac_cells_at_upper,0.0,0.0,0.0,0.0,0.0,0.0,20
"B=2.0,lam=1.0",oracle_envelope,objective_regret,0.3187616067367429,0.18217693150234646,0.4221401767544206,0.11694774666229783,0.561626651725628,0.3153061230536153,20
"B=2.0,lam=1.0",oracle_envelope,mean_norm_util,0.316839865189918,0.29258225369422863,0.33750472342508175,0.2724366313983574,0.3581008621827312,0.3151900980056446,20
"B=2.0,lam=1.0",oracle_envelope,min_norm_util,0.1624427903151951,0.14379314675495128,0.1727620301198079,0.1365335478962506,0.2051141249883871,0.16228284590263514,20
"B=2.0,lam=1.0",oracle_envelope,median_norm_util,0.27081166164338677,0.2483663967775801,0.29263942780712693,0.2177200966133443,0.32063963970539333,0.2719324888931399,20
"B=2.0,lam=1.0",oracle_envelope,frac_worse_than_equal,0.0,0.0,0.0,0.0,0.006250000000000089,0.00625,20
"B=2.0,lam=1.0",oracle_envelope,frac_worse_than_strongest_sep,0.0,0.0,0.625,0.0,0.75,0.2875,20
"B=2.0,lam=1.0",oracle_envelope,worst_indiv_change_vs_equal,0.037442790315195096,0.018793146754951275,0.047762030119807904,0.011533547896250617,0.08011412498838712,0.03728284590263511,20
"B=2.0,lam=1.0",oracle_envelope,p5_indiv_change_vs_equal,0.04591222107344925,0.030726691045601575,0.0722894075980805,0.018132041902524654,0.09282697439725834,0.05113441770900592,20
"B=2.0,lam=1.0",oracle_envelope,capacity_utilization,1.0,1.0,1.0,1.0,1.0,1.0,20
"B=2.0,lam=1.0",oracle_envelope,frac_cells_at_lower,0.171875,0.1171875,0.25,0.0625,0.28125,0.175,20
"B=2.0,lam=1.0",oracle_envelope,frac_cells_interior,0.828125,0.75,0.8828125,0.71875,0.9375,0.825,20
"B=2.0,lam=1.0",oracle_envelope,frac_cells_at_upper,0.0,0.0,0.0,0.0,0.0,0.0,20
"B=2.0,lam=1.0",proportional_gamma1,objective_regret,1.2604652960602358,1.198909236575611,1.3399400550915388,0.8756319408453355,1.5838998124898203,1.2522050101736109,20
"B=2.0,lam=1.0",proportional_gamma1,mean_norm_util,0.27235503740115236,0.250685448229793,0.27726255913264725,0.2349965229241117,0.2893482348487496,0.26446560757366455,20
"B=2.0,lam=1.0",proportional_gamma1,min_norm_util,0.18996647579583956,0.18082402257859337,0.208160435009741,0.1684901799667949,0.23123087075729834,0.19628953042081285,20
"B=2.0,lam=1.0",proportional_gamma1,median_norm_util,0.23417928047098804,0.22388603979983387,0.25476959155587847,0.21271487421498828,0.292621784899685,0.24125684401573402,20
"B=2.0,lam=1.0",proportional_gamma1,frac_worse_than_equal,0.0,0.0,0.0,0.0,0.0,0.0,20
"B=2.0,lam=1.0",proportional_gamma1,frac_worse_than_strongest_sep,0.75,0.625,0.75,0.61875,0.875,0.7,20
"B=2.0,lam=1.0",proportional_gamma1,worst_indiv_change_vs_equal,0.06496647579583956,0.05582402257859335,0.083160435009741,0.043490179966794905,0.10623087075729833,0.07128953042081286,20
"B=2.0,lam=1.0",proportional_gamma1,p5_indiv_change_vs_equal,0.068247599382632,0.06144909282696943,0.09373742997885973,0.05046375980649628,0.10651913408998778,0.07489173390777361,20
"B=2.0,lam=1.0",proportional_gamma1,capacity_utilization,1.0,1.0,1.0,1.0,1.0,1.0,20
"B=2.0,lam=1.0",proportional_gamma1,frac_cells_at_lower,0.0,0.0,0.0,0.0,0.0,0.0,20
"B=2.0,lam=1.0",proportional_gamma1,frac_cells_interior,1.0,1.0,1.0,1.0,1.0,1.0,20
"B=2.0,lam=1.0",proportional_gamma1,frac_cells_at_upper,0.0,0.0,0.0,0.0,0.0,0.0,20
"B=2.0,lam=1.0",tuned_gamma4.0,objective_regret,0.34963337228982105,0.18217693150234646,0.5284279152027915,0.11694774666229783,0.6067627775649423,0.3584038969798309,20
"B=2.0,lam=1.0",tuned_gamma4.0,mean_norm_util,0.33337187049118655,0.3022832087015436,0.34809495997721124,0.28487407390556346,0.3581008621827312,0.325376870363515,20
"B=2.0,lam=1.0",tuned_gamma4.0,min_norm_util,0.1383450097304594,0.10284305513613717,0.16641094202486467,0.08560062252379898,0.2051141249883871,0.135085917468334,20
"B=2.0,lam=1.0",tuned_gamma4.0,median_norm_util,0.28259610580059447,0.26071031283463747,0.3034344612931216,0.21803478483831584,0.3505960301138387,0.2828163503076565,20
"B=2.0,lam=1.0",tuned_gamma4.0,frac_worse_than_equal,0.0,0.0,0.125,0.0,0.25,0.075,20
"B=2.0,lam=1.0",tuned_gamma4.0,frac_worse_than_strongest_sep,0.0,0.0,0.0,0.0,0.0,0.0,20
"B=2.0,lam=1.0",tuned_gamma4.0,worst_indiv_change_vs_equal,0.0133450097304594,-0.022156944863862726,0.04141094202486467,-0.039399377476200925,0.08011412498838712,0.010085917468334024,20
"B=2.0,lam=1.0",tuned_gamma4.0,p5_indiv_change_vs_equal,0.02193875251774775,-0.00513783221630205,0.04958105103214595,-0.017387011271655615,0.09282697439725834,0.02842074084217685,20
"B=2.0,lam=1.0",tuned_gamma4.0,capacity_utilization,1.0,1.0,1.0,1.0,1.0,1.0,20
"B=2.0,lam=1.0",tuned_gamma4.0,frac_cells_at_lower,0.25,0.21875,0.28125,0.153125,0.31718750000000007,0.2484375,20
"B=2.0,lam=1.0",tuned_gamma4.0,frac_cells_interior,0.75,0.71875,0.78125,0.6828125,0.846875,0.7515625,20
"B=2.0,lam=1.0",tuned_gamma4.0,frac_cells_at_upper,0.0,0.0,0.0,0.0,0.0,0.0,20
"B=3.0,lam=0.0",equal,objective_regret,-6.1685625496465946e-09,-9.101525755284003e-09,-4.81105111305169e-09,-1.249628525101798e-08,-2.988604208553623e-09,-6.946443065203311e-09,20
"B=3.0,lam=0.0",equal,mean_norm_util,0.125,0.125,0.125,0.125,0.125,0.125,20
"B=3.0,lam=0.0",equal,min_norm_util,0.125,0.125,0.125,0.125,0.125,0.125,20
"B=3.0,lam=0.0",equal,median_norm_util,0.125,0.125,0.125,0.125,0.125,0.125,20
"B=3.0,lam=0.0",equal,frac_worse_than_equal,0.0,0.0,0.0,0.0,0.0,0.0,20
"B=3.0,lam=0.0",equal,frac_worse_than_strongest_sep,0.0,0.0,0.0,0.0,0.0,0.0,20
"B=3.0,lam=0.0",equal,worst_indiv_change_vs_equal,0.0,0.0,0.0,0.0,0.0,0.0,20
"B=3.0,lam=0.0",equal,p5_indiv_change_vs_equal,0.0,0.0,0.0,0.0,0.0,0.0,20
"B=3.0,lam=0.0",equal,capacity_utilization,1.0,1.0,1.0,1.0,1.0,1.0,20
"B=3.0,lam=0.0",equal,frac_cells_at_lower,0.0,0.0,0.0,0.0,0.0,0.0,20
"B=3.0,lam=0.0",equal,frac_cells_interior,1.0,1.0,1.0,1.0,1.0,1.0,20
"B=3.0,lam=0.0",equal,frac_cells_at_upper,0.0,0.0,0.0,0.0,0.0,0.0,20
"B=3.0,lam=0.0",joint,objective_regret,0.0,0.0,0.0,0.0,0.0,0.0,20
"B=3.0,lam=0.0",joint,mean_norm_util,0.12499999990557245,0.12499999987073188,0.12499999993341977,0.12499999982194028,0.12499999995587782,0.12499999989851114,20
"B=3.0,lam=0.0",joint,min_norm_util,0.124999231750603,0.12499873111749678,0.12499966817678962,0.12499739858597111,0.12499994254675365,0.12499902953125527,20
"B=3.0,lam=0.0",joint,median_norm_util,0.1249999981900058,0.12499934981456153,0.12500017079017112,0.12499907266891382,0.12500037152886376,0.12499982801862539,20
"B=3.0,lam=0.0",joint,frac_worse_than_equal,0.5,0.125,0.875,0.125,0.875,0.5,20
"B=3.0,lam=0.0",joint,frac_worse_than_strongest_sep,0.5,0.125,0.875,0.125,0.875,0.5,20
"B=3.0,lam=0.0",joint,worst_indiv_change_vs_equal,-7.682493969596305e-07,-1.268882503176888e-06,-3.318232103394214e-07,-2.601414028878535e-06,-5.745324627923207e-08,-9.70468744674463e-07,20
"B=3.0,lam=0.0",joint,p5_indiv_change_vs_equal,-6.941937888128164e-07,-8.38402361627924e-07,-2.776722584321712e-07,-1.5608840164501453e-06,-5.745324627923207e-08,-6.909981651398443e-07,20
"B=3.0,lam=0.0",joint,capacity_utilization,0.9999999979111887,0.9999999971821394,0.9999999984895248,0.9999999956736111,0.9999999992502744,0.9999999973100481,20
"B=3.0,lam=0.0",joint,frac_cells_at_lower,0.0,0.0,0.0,0.0,0.0,0.0,20
"B=3.0,lam=0.0",joint,frac_cells_interior,1.0,1.0,1.0,1.0,1.0,1.0,20
"B=3.0,lam=0.0",joint,frac_cells_at_upper,0.0,0.0,0.0,0.0,0.0,0.0,20
"B=3.0,lam=0.0",oracle_envelope,objective_regret,-6.1685625496465946e-09,-9.101525755284003e-09,-4.81105111305169e-09,-1.249628525101798e-08,-2.988604208553623e-09,-6.946443065203311e-09,20
"B=3.0,lam=0.0",oracle_envelope,mean_norm_util,0.125,0.125,0.125,0.125,0.125,0.125,20
"B=3.0,lam=0.0",oracle_envelope,min_norm_util,0.125,0.125,0.125,0.125,0.125,0.125,20
"B=3.0,lam=0.0",oracle_envelope,median_norm_util,0.125,0.125,0.125,0.125,0.125,0.125,20
"B=3.0,lam=0.0",oracle_envelope,frac_worse_than_equal,0.0,0.0,0.0,0.0,0.0,0.0,20
"B=3.0,lam=0.0",oracle_envelope,frac_worse_than_strongest_sep,0.0,0.0,0.0,0.0,0.0,0.0,20
"B=3.0,lam=0.0",oracle_envelope,worst_indiv_change_vs_equal,0.0,0.0,0.0,0.0,0.0,0.0,20
"B=3.0,lam=0.0",oracle_envelope,p5_indiv_change_vs_equal,0.0,0.0,0.0,0.0,0.0,0.0,20
"B=3.0,lam=0.0",oracle_envelope,capacity_utilization,1.0,1.0,1.0,1.0,1.0,1.0,20
"B=3.0,lam=0.0",oracle_envelope,frac_cells_at_lower,0.0,0.0,0.0,0.0,0.0,0.0,20
"B=3.0,lam=0.0",oracle_envelope,frac_cells_interior,1.0,1.0,1.0,1.0,1.0,1.0,20
"B=3.0,lam=0.0",oracle_envelope,frac_cells_at_upper,0.0,0.0,0.0,0.0,0.0,0.0,20
"B=3.0,lam=0.0",proportional_gamma1,objective_regret,-6.168560773289755e-09,-9.101525755284003e-09,-4.81105111305169e-09,-1.249628525101798e-08,-2.988604208553623e-09,-6.946442709931944e-09,20
"B=3.0,lam=0.0",proportional_gamma1,mean_norm_util,0.125,0.125,0.125,0.1249999999999999,0.125,0.125,20
"B=3.0,lam=0.0",proportional_gamma1,min_norm_util,0.125,0.125,0.125,0.1249999999999999,0.125,0.125,20
"B=3.0,lam=0.0",proportional_gamma1,median_norm_util,0.125,0.125,0.125,0.1249999999999999,0.125,0.125,20
"B=3.0,lam=0.0",proportional_gamma1,frac_worse_than_equal,0.0,0.0,0.0,0.0,0.0,0.0,20
"B=3.0,lam=0.0",proportional_gamma1,frac_worse_than_strongest_sep,0.0,0.0,0.0,0.0,0.0,0.0,20
"B=3.0,lam=0.0",proportional_gamma1,worst_indiv_change_vs_equal,0.0,0.0,0.0,-1.3877787807814457e-17,1.3877787807814654e-18,0.0,20
"B=3.0,lam=0.0",proportional_gamma1,p5_indiv_change_vs_equal,0.0,0.0,0.0,-1.3877787807814457e-17,1.3877787807814654e-18,0.0,20
"B=3.0,lam=0.0",proportional_gamma1,capacity_utilization,1.0,1.0,1.0,1.0,1.0,1.0,20
"B=3.0,lam=0.0",proportional_gamma1,frac_cells_at_lower,0.0,0.0,0.0,0.0,0.0,0.0,20
"B=3.0,lam=0.0",proportional_gamma1,frac_cells_interior,1.0,1.0,1.0,1.0,1.0,1.0,20
"B=3.0,lam=0.0",proportional_gamma1,frac_cells_at_upper,0.0,0.0,0.0,0.0,0.0,0.0,20
"B=3.0,lam=0.0",tuned_gamma4.0,objective_regret,-6.1685625496465946e-09,-9.101525755284003e-09,-4.81105111305169e-09,-1.249628525101798e-08,-2.988604208553623e-09,-6.946443065203311e-09,20
"B=3.0,lam=0.0",tuned_gamma4.0,mean_norm_util,0.125,0.125,0.125,0.125,0.125,0.125,20
"B=3.0,lam=0.0",tuned_gamma4.0,min_norm_util,0.125,0.125,0.125,0.125,0.125,0.125,20
"B=3.0,lam=0.0",tuned_gamma4.0,median_norm_util,0.125,0.125,0.125,0.125,0.125,0.125,20
"B=3.0,lam=0.0",tuned_gamma4.0,frac_worse_than_equal,0.0,0.0,0.0,0.0,0.0,0.0,20
"B=3.0,lam=0.0",tuned_gamma4.0,frac_worse_than_strongest_sep,0.0,0.0,0.0,0.0,0.0,0.0,20
"B=3.0,lam=0.0",tuned_gamma4.0,worst_indiv_change_vs_equal,0.0,0.0,0.0,0.0,0.0,0.0,20
"B=3.0,lam=0.0",tuned_gamma4.0,p5_indiv_change_vs_equal,0.0,0.0,0.0,0.0,0.0,0.0,20
"B=3.0,lam=0.0",tuned_gamma4.0,capacity_utilization,1.0,1.0,1.0,1.0,1.0,1.0,20
"B=3.0,lam=0.0",tuned_gamma4.0,frac_cells_at_lower,0.0,0.0,0.0,0.0,0.0,0.0,20
"B=3.0,lam=0.0",tuned_gamma4.0,frac_cells_interior,1.0,1.0,1.0,1.0,1.0,1.0,20
"B=3.0,lam=0.0",tuned_gamma4.0,frac_cells_at_upper,0.0,0.0,0.0,0.0,0.0,0.0,20
"B=3.0,lam=0.25",equal,objective_regret,1.4604926149401223,0.9241052602202258,1.8413619627774693,0.7293752086965913,3.404504623023596,1.5796010380706484,20
"B=3.0,lam=0.25",equal,mean_norm_util,0.125,0.125,0.125,0.125,0.125,0.125,20
"B=3.0,lam=0.25",equal,min_norm_util,0.125,0.125,0.125,0.125,0.125,0.125,20
"B=3.0,lam=0.25",equal,median_norm_util,0.125,0.125,0.125,0.125,0.125,0.125,20
"B=3.0,lam=0.25",equal,frac_worse_than_equal,0.0,0.0,0.0,0.0,0.0,0.0,20
"B=3.0,lam=0.25",equal,frac_worse_than_strongest_sep,0.625,0.625,0.75,0.5,0.875,0.68125,20
"B=3.0,lam=0.25",equal,worst_indiv_change_vs_equal,0.0,0.0,0.0,0.0,0.0,0.0,20
"B=3.0,lam=0.25",equal,p5_indiv_change_vs_equal,0.0,0.0,0.0,0.0,0.0,0.0,20
"B=3.0,lam=0.25",equal,capacity_utilization,1.0,1.0,1.0,1.0,1.0,1.0,20
"B=3.0,lam=0.25",equal,frac_cells_at_lower,0.0,0.0,0.0,0.0,0.0,0.0,20
"B=3.0,lam=0.25",equal,frac_cells_interior,1.0,1.0,1.0,1.0,1.0,1.0,20
"B=3.0,lam=0.25",equal,frac_cells_at_upper,0.0,0.0,0.0,0.0,0.0,0.0,20
"B=3.0,lam=0.25",joint,objective_regret,0.0,0.0,0.0,0.0,0.0,0.0,20
"B=3.0,lam=0.25",joint,mean_norm_util,0.15033656391268405,0.14051524949223115,0.1593902053906714,0.1369673283215719,0.19438030287266364,0.1545984235492855,20
"B=3.0,lam=0.25",joint,min_norm_util,0.13456955962427425,0.13121054392541354,0.13727987157808186,0.12927185644814274,0.1480228308763539,0.13540826368005607,20
"B=3.0,lam=0.25",joint,median_norm_util,0.1494455310856893,0.1385704574896218,0.1539430958916601,0.1354527091678667,0.18708523381865283,0.15053346657130467,20
"B=3.0,lam=0.25",joint,frac_worse_than_equal,0.0,0.0,0.0,0.0,0.0,0.0,20
"B=3.0,lam=0.25",joint,frac_worse_than_strongest_sep,0.25,0.21875,0.375,0.125,0.3812500000000001,0.2625,20
"B=3.0,lam=0.25",joint,worst_indiv_change_vs_equal,0.0095695596242742,0.006210543925413525,0.012279871578081875,0.0042718564481427305,0.023022830876353876,0.010408263680056064,20
"B=3.0,lam=0.25",joint,p5_indiv_change_vs_equal,0.0100555314185241,0.007022419842779674,0.015405325225373426,0.00461855955495441,0.027088955772315175,0.01172096407107518,20
"B=3.0,lam=0.25",joint,capacity_utilization,0.9999999990822568,0.9999999987869095,0.9999999992219093,0.9999999972168467,0.9999999995037999,0.9999999988167556,20
"B=3.0,lam=0.25",joint,frac_cells_at_lower,0.65625,0.65625,0.65625,0.625,0.6875,0.65625,20
"B=3.0,lam=0.25",joint,frac_cells_interior,0.34375,0.34375,0.34375,0.3125,0.375,0.34375,20
"B=3.0,lam=0.25",joint,frac_cells_at_upper,0.0,0.0,0.0,0.0,0.0,0.0,20
"B=3.0,lam=0.25",oracle_envelope,objective_regret,0.49124311664864706,0.3285215738932248,0.5955207559195186,0.2860599220727186,0.7279909266174719,0.48965009251783675,20
"B=3.0,lam=0.25",oracle_envelope,mean_norm_util,0.14419786164399356,0.13685365005456895,0.1549022497794763,0.1336234765640871,0.19563902305989314,0.15116021069922195,20
"B=3.0,lam=0.25",oracle_envelope,min_norm_util,0.10361149001958794,0.09305463198231685,0.10780846263186669,0.08815362217511008,0.11121985468916874,0.10118530915119768,20
"B=3.0,lam=0.25",oracle_envelope,median_norm_util,0.13776745092120807,0.12931804115778245,0.14454417864969546,0.11847187627816178,0.16419529832432694,0.1385551289476626,20
"B=3.0,lam=0.25",oracle_envelope,frac_worse_than_equal,0.375,0.25,0.40625,0.24375000000000002,0.625,0.3625,20
"B=3.0,lam=0.25",oracle_envelope,frac_worse_than_strongest_sep,0.0,0.0,0.375,0.0,0.6312500000000001,0.2125,20
"B=3.0,lam=0.25",oracle_envelope,worst_indiv_change_vs_equal,-0.021388509980411953,-0.03194536801768305,-0.0171915373681332,-0.03684637782488982,-0.01378014531083115,-0.023814690848802222,20
"B=3.0,lam=0.25",oracle_envelope,p5_indiv_change_vs_equal,-0.01750395202473145,-0.025976051802476325,-0.015079956562015875,-0.035405067443929045,-0.011670216206588799,-0.020762023800057827,20
"B=3.0,lam=0.25",oracle_envelope,capacity_utilization,1.0,1.0,1.0,1.0,1.0,1.0,20
"B=3.0,lam=0.25",oracle_envelope,frac_cells_at_lower,0.0,0.0,0.0,0.0,0.0,0.0,20
"B=3.0,lam=0.25",oracle_envelope,frac_cells_interior,1.0,1.0,1.0,1.0,1.0,1.0,20
"B=3.0,lam=0.25",oracle_envelope,frac_cells_at_upper,0.0,0.0,0.0,0.0,0.0,0.0,20
"B=3.0,lam=0.25",proportional_gamma1,objective_regret,1.1000789679057004,0.7500118560793396,1.365009303695106,0.6395449855639443,1.8304329867822353,1.1001571686544769,20
"B=3.0,lam=0.25",proportional_gamma1,mean_norm_util,0.1300835627586722,0.1275386615266271,0.1339270484513938,0.1262320093697328,0.15305663986853468,0.1332590778171204,20
"B=3.0,lam=0.25",proportional_gamma1,min_norm_util,0.1258724797390492,0.1252216308139716,0.12731485327548336,0.12506203319256298,0.13116384193131753,0.12694626509793844,20
"B=3.0,lam=0.25",proportional_gamma1,median_norm_util,0.1292761435303924,0.12730033084756676,0.13154356507190174,0.12574110463614416,0.14426585245075443,0.13117176767648536,20
"B=3.0,lam=0.25",proportional_gamma1,frac_worse_than_equal,0.0,0.0,0.0,0.0,0.0,0.0,20
"B=3.0,lam=0.25",proportional_gamma1,frac_worse_than_strongest_sep,0.625,0.5,0.65625,0.49375,0.875,0.61875,20
"B=3.0,lam=0.25",proportional_gamma1,worst_indiv_change_vs_equal,0.0008724797390492001,0.0002216308139716,0.00231485327548335,6.203319256304629e-05,0.006163841931317434,0.0019462650979384412,20
"B=3.0,lam=0.25",proportional_gamma1,p5_indiv_change_vs_equal,0.0010799690949170001,0.00038651433494685,0.0024693763096370752,0.000147052555931569,0.008671179286837949,0.002303970280833329,20
"B=3.0,lam=0.25",proportional_gamma1,capacity_utilization,1.0,1.0,1.0,1.0,1.0,1.0,20
"B=3.0,lam=0.25",proportional_gamma1,frac_cells_at_lower,0.0,0.0,0.0,0.0,0.0,0.0,20
"B=3.0,lam=0.25",proportional_gamma1,frac_cells_interior,1.0,1.0,1.0,1.0,1.0,1.0,20
"B=3.0,lam=0.25",proportional_gamma1,frac_cells_at_upper,0.0,0.0,0.0,0.0,0.0,0.0,20
"B=3.0,lam=0.25",tuned_gamma4.0,objective_regret,0.4940950927894594,0.4373289020692095,0.6233393352178505,0.3741522832172729,0.7279909266174719,0.5347905717306614,20
"B=3.0,lam=0.25",tuned_gamma4.0,mean_norm_util,0.14207107906864097,0.1330491029718896,0.1539343060028321,0.12994815365891493,0.19563902305989314,0.14921310066161675,20
"B=3.0,lam=0.25",tuned_gamma4.0,min_norm_util,0.1095971468096167,0.10362834205380463,0.11786495407148877,0.09063269573095865,0.12154867072034507,0.10872994928246393,20
"B=3.0,lam=0.25",tuned_gamma4.0,median_norm_util,0.13570962197513559,0.1295360427789508,0.14325039212652246,0.12561069384116014,0.1520280050044533,0.1377747268285777,20
"B=3.0,lam=0.25",tuned_gamma4.0,frac_worse_than_equal,0.375,0.25,0.375,0.125,0.5,0.31875,20
"B=3.0,lam=0.25",tuned_gamma4.0,frac_worse_than_strongest_sep,0.0,0.0,0.0,0.0,0.0,0.0,20
"B=3.0,lam=0.25",tuned_gamma4.0,worst_indiv_change_vs_equal,-0.0154028531903832,-0.021371657946195277,-0.0071350459285112,-0.03436730426904125,-0.003451329279654825,-0.016270050717535997,20
"B=3.0,lam=0.25",tuned_gamma4.0,p5_indiv_change_vs_equal,-0.01264267464422865,-0.0179284442701449,-0.00614805002054015,-0.031227799391481337,-0.0028929814469451248,-0.013983621884084552,20
"B=3.0,lam=0.25",tuned_gamma4.0,capacity_utilization,1.0,1.0,1.0,1.0,1.0,1.0,20
"B=3.0,lam=0.25",tuned_gamma4.0,frac_cells_at_lower,0.0,0.0,0.0,0.0,0.0,0.0,20
"B=3.0,lam=0.25",tuned_gamma4.0,frac_cells_interior,1.0,1.0,1.0,1.0,1.0,1.0,20
"B=3.0,lam=0.25",tuned_gamma4.0,frac_cells_at_upper,0.0,0.0,0.0,0.0,0.0,0.0,20
"B=3.0,lam=0.5",equal,objective_regret,3.2831704537795385,2.719310315531663,4.167075847119353,1.890607550321409,4.633587732591353,3.3891020423293368,20
"B=3.0,lam=0.5",equal,mean_norm_util,0.125,0.125,0.125,0.125,0.125,0.125,20
"B=3.0,lam=0.5",equal,min_norm_util,0.125,0.125,0.125,0.125,0.125,0.125,20
"B=3.0,lam=0.5",equal,median_norm_util,0.125,0.125,0.125,0.125,0.125,0.125,20
"B=3.0,lam=0.5",equal,frac_worse_than_equal,0.0,0.0,0.0,0.0,0.0,0.0,20
"B=3.0,lam=0.5",equal,frac_worse_than_strongest_sep,0.75,0.625,0.875,0.5,1.0,0.725,20
"B=3.0,lam=0.5",equal,worst_indiv_change_vs_equal,0.0,0.0,0.0,0.0,0.0,0.0,20
"B=3.0,lam=0.5",equal,p5_indiv_change_vs_equal,0.0,0.0,0.0,0.0,0.0,0.0,20
"B=3.0,lam=0.5",equal,capacity_utilization,1.0,1.0,1.0,1.0,1.0,1.0,20
"B=3.0,lam=0.5",equal,frac_cells_at_lower,0.0,0.0,0.0,0.0,0.0,0.0,20
"B=3.0,lam=0.5",equal,frac_cells_interior,1.0,1.0,1.0,1.0,1.0,1.0,20
"B=3.0,lam=0.5",equal,frac_cells_at_upper,0.0,0.0,0.0,0.0,0.0,0.0,20
"B=3.0,lam=0.5",joint,objective_regret,0.0,0.0,0.0,0.0,0.0,0.0,20
"B=3.0,lam=0.5",joint,mean_norm_util,0.19622580841399476,0.17931877866454504,0.21951960177811247,0.16041250260502857,0.23648851612797023,0.1991889084208368,20
"B=3.0,lam=0.5",joint,min_norm_util,0.14654644860239674,0.13995137401573732,0.16154595771829902,0.13578796544775476,0.1755080991380214,0.15104896038417706,20
"B=3.0,lam=0.5",joint,median_norm_util,0.18016448647180783,0.16254631691491725,0.19721059029789978,0.14654826161596934,0.21062380682415682,0.18091967672710016,20
"B=3.0,lam=0.5",joint,frac_worse_than_equal,0.0,0.0,0.0,0.0,0.0,0.0,20
"B=3.0,lam=0.5",joint,frac_worse_than_strongest_sep,0.375,0.25,0.5,0.24375000000000002,0.5,0.36875,20
"B=3.0,lam=0.5",joint,worst_indiv_change_vs_equal,0.02154644860239675,0.01495137401573725,0.03654595771829902,0.010787965447754755,0.050508099138021414,0.026048960384177054,20
"B=3.0,lam=0.5",joint,p5_indiv_change_vs_equal,0.02600735158559155,0.018780905169450225,0.04041975344367235,0.01409649307181419,0.052856611534553476,0.02983452482687793,20
"B=3.0,lam=0.5",joint,capacity_utilization,0.999999999183862,0.9999999989850173,0.9999999994670882,0.9999999987786892,0.9999999995817195,0.999999999199253,20
"B=3.0,lam=0.5",joint,frac_cells_at_lower,0.6875,0.65625,0.71875,0.65625,0.75,0.6890625,20
"B=3.0,lam=0.5",joint,frac_cells_interior,0.3125,0.28125,0.34375,0.25,0.34375,0.3109375,20
"B=3.0,lam=0.5",joint,frac_cells_at_upper,0.0,0.0,0.0,0.0,0.0,0.0,20
"B=3.0,lam=0.5",oracle_envelope,objective_regret,0.6519168663189561,0.5524301256106297,0.7487034676837689,0.453456227802493,0.8448059208836872,0.6551559100869536,20
"B=3.0,lam=0.5",oracle_envelope,mean_norm_util,0.1961326729069737,0.1726581135356875,0.22279485688064,0.15105016945081556,0.23689214839615452,0.19724787177485342,20
"B=3.0,lam=0.5",oracle_envelope,min_norm_util,0.1003300649428306,0.09470568024668745,0.10853760274269389,0.08996402348756252,0.11603486695373633,0.10189902844036229,20
"B=3.0,lam=0.5",oracle_envelope,median_norm_util,0.16153633047238058,0.14048640684857944,0.1682114160918544,0.12757421633977276,0.20447140722121365,0.16254719891790254,20
"B=3.0,lam=0.5",oracle_envelope,frac_worse_than_equal,0.25,0.125,0.375,0.125,0.5,0.2875,20
"B=3.0,lam=0.5",oracle_envelope,frac_worse_than_strongest_sep,0.0,0.0,0.0,0.0,0.3812500000000001,0.04375,20
"B=3.0,lam=0.5",oracle_envelope,worst_indiv_change_vs_equal,-0.0246699350571693,-0.03029431975331245,-0.016462397257306,-0.03503597651243738,-0.008965133046263573,-0.023100971559637605,20
"B=3.0,lam=0.5",oracle_envelope,p5_indiv_change_vs_equal,-0.016302407230341952,-0.0258327344050211,-0.011664931061247176,-0.02790553717783206,-0.004089829845688741,-0.016896126300073498,20
"B=3.0,lam=0.5",oracle_envelope,capacity_utilization,1.0,1.0,1.0,1.0,1.0000000000000002,1.0,20
"B=3.0,lam=0.5",oracle_envelope,frac_cells_at_lower,0.0,0.0,0.0078125,0.0,0.15937500000000004,0.0234375,20
"B=3.0,lam=0.5",oracle_envelope,frac_cells_interior,1.0,0.9921875,1.0,0.840625,1.0,0.9765625,20
"B=3.0,lam=0.5",oracle_envelope,frac_cells_at_upper,0.0,0.0,0.0,0.0,0.0,0.0,20
"B=3.0,lam=0.5",proportional_gamma1,objective_regret,1.7360126886553093,1.5578780600559305,1.9998834493365691,1.4249414336766406,2.2472988241047656,1.7540723885844323,20
"B=3.0,lam=0.5",proportional_gamma1,mean_norm_util,0.15649829019142208,0.14218137032955203,0.16903170626941602,0.13486553063482645,0.1786758173858978,0.15617368010880867,20
"B=3.0,lam=0.5",proportional_gamma1,min_norm_util,0.13270600424824874,0.12860455128319676,0.13590562500785336,0.12599130472770048,0.1434821321451959,0.1337034865972453,20
"B=3.0,lam=0.5",proportional_gamma1,median_norm_util,0.14717720074266405,0.1390874021679708,0.15537130720502915,0.1313430461824788,0.1697423726851455,0.14783218031759185,20
"B=3.0,lam=0.5",proportional_gamma1,frac_worse_than_equal,0.0,0.0,0.0,0.0,0.0,0.0,20
"B=3.0,lam=0.5",proportional_gamma1,frac_worse_than_strongest_sep,0.5625,0.5,0.75,0.375,0.875,0.6,20
"B=3.0,lam=0.5",proportional_gamma1,worst_indiv_change_vs_equal,0.00770600424824875,0.00360455128319675,0.010905625007853326,0.0009913047277004751,0.018482132145195906,0.008703486597245264,20
"B=3.0,lam=0.5",proportional_gamma1,p5_indiv_change_vs_equal,0.00826526877208425,0.0046147420845570495,0.01114541423093375,0.0013675611192012149,0.018935726310915856,0.009607923607639965,20
"B=3.0,lam=0.5",proportional_gamma1,capacity_utilization,1.0,1.0,1.0,1.0,1.0,1.0,20
"B=3.0,lam=0.5",proportional_gamma1,frac_cells_at_lower,0.0,0.0,0.0,0.0,0.0,0.0,20
"B=3.0,lam=0.5",proportional_gamma1,frac_cells_interior,1.0,1.0,1.0,1.0,1.0,1.0,20
"B=3.0,lam=0.5",proportional_gamma1,frac_cells_at_upper,0.0,0.0,0.0,0.0,0.0,0.0,20
"B=3.0,lam=0.5",tuned_gamma4.0,objective_regret,0.6519168663189561,0.5524301256106297,0.7487034676837689,0.47674704908937254,0.8448059208836872,0.6568052142886287,20
"B=3.0,lam=0.5",tuned_gamma4.0,mean_norm_util,0.19593303500130715,0.1726581135356875,0.22279485688064,0.15105016945081556,0.23649637145291244,0.19640469378325337,20
"B=3.0,lam=0.5",tuned_gamma4.0,min_norm_util,0.1032342750618534,0.09534402014991909,0.11321560202429477,0.08996402348756252,0.14291963576751432,0.10622963171756632,20
"B=3.0,lam=0.5",tuned_gamma4.0,median_norm_util,0.16153633047238058,0.14048640684857944,0.1682114160918544,0.12757421633977276,0.19855827830617756,0.16093309937168243,20
"B=3.0,lam=0.5",tuned_gamma4.0,frac_worse_than_equal,0.25,0.125,0.375,0.0,0.5,0.275,20
"B=3.0,lam=0.5",tuned_gamma4.0,frac_worse_than_strongest_sep,0.0,0.0,0.0,0.0,0.0,0.0,20
"B=3.0,lam=0.5",tuned_gamma4.0,worst_indiv_change_vs_equal,-0.021765724938146498,-0.0296559798500808,-0.011784397975705125,-0.03503597651243738,0.017919635767514337,-0.018770368282433583,20
"B=3.0,lam=0.5",tuned_gamma4.0,p5_indiv_change_vs_equal,-0.016302407230341952,-0.0258327344050211,-0.010872003152180825,-0.02790553717783206,0.020070132898554197,-0.01390115333472607,20
"B=3.0,lam=0.5",tuned_gamma4.0,capacity_utilization,1.0,1.0,1.0,1.0,1.0000000000000002,1.0,20
"B=3.0,lam=0.5",tuned_gamma4.0,frac_cells_at_lower,0.0,0.0,0.0,0.0,0.03125,0.0046875,20
"B=3.0,lam=0.5",tuned_gamma4.0,frac_cells_interior,1.0,1.0,1.0,0.96875,1.0,0.9953125,20
"B=3.0,lam=0.5",tuned_gamma4.0,frac_cells_at_upper,0.0,0.0,0.0,0.0,0.0,0.0,20
"B=3.0,lam=0.75",equal,objective_regret,4.611059769739489,4.134629197869504,4.852317416669713,3.5862604314110698,5.2264756544355375,4.495998910468428,20
"B=3.0,lam=0.75",equal,mean_norm_util,0.125,0.125,0.125,0.125,0.125,0.125,20
"B=3.0,lam=0.75",equal,min_norm_util,0.125,0.125,0.125,0.125,0.125,0.125,20
"B=3.0,lam=0.75",equal,median_norm_util,0.125,0.125,0.125,0.125,0.125,0.125,20
"B=3.0,lam=0.75",equal,frac_worse_than_equal,0.0,0.0,0.0,0.0,0.0,0.0,20
"B=3.0,lam=0.75",equal,frac_worse_than_strongest_sep,0.875,0.84375,1.0,0.74375,1.0,0.8875,20
"B=3.0,lam=0.75",equal,worst_indiv_change_vs_equal,0.0,0.0,0.0,0.0,0.0,0.0,20
"B=3.0,lam=0.75",equal,p5_indiv_change_vs_equal,0.0,0.0,0.0,0.0,0.0,0.0,20
"B=3.0,lam=0.75",equal,capacity_utilization,1.0,1.0,1.0,1.0,1.0,1.0,20
"B=3.0,lam=0.75",equal,frac_cells_at_lower,0.0,0.0,0.0,0.0,0.0,0.0,20
"B=3.0,lam=0.75",equal,frac_cells_interior,1.0,1.0,1.0,1.0,1.0,1.0,20
"B=3.0,lam=0.75",equal,frac_cells_at_upper,0.0,0.0,0.0,0.0,0.0,0.0,20
"B=3.0,lam=0.75",joint,objective_regret,0.0,0.0,0.0,0.0,0.0,0.0,20
"B=3.0,lam=0.75",joint,mean_norm_util,0.22629728763435902,0.21755270848295782,0.23615492875145525,0.19833690526462522,0.2462977974779061,0.22584386336775336,20
"B=3.0,lam=0.75",joint,min_norm_util,0.16671251812673682,0.1589395392853885,0.18723405822002093,0.14814032517612236,0.19859144799255007,0.17149121851700772,20
"B=3.0,lam=0.75",joint,median_norm_util,0.20909431336638062,0.19927000172818485,0.22476969290619883,0.17910586088279104,0.2563529713717203,0.2113511601656144,20
"B=3.0,lam=0.75",joint,frac_worse_than_equal,0.0,0.0,0.0,0.0,0.0,0.0,20
"B=3.0,lam=0.75",joint,frac_worse_than_strongest_sep,0.375,0.375,0.375,0.24375000000000002,0.5062500000000001,0.375,20
"B=3.0,lam=0.75",joint,worst_indiv_change_vs_equal,0.0417125181267368,0.0339395392853885,0.06223405822002093,0.023140325176122363,0.07359144799255006,0.046491218517007736,20
"B=3.0,lam=0.75",joint,p5_indiv_change_vs_equal,0.04425724519063835,0.038692856395449,0.0632595946485316,0.02702052832467397,0.0761432482565706,0.05011017643212858,20
"B=3.0,lam=0.75",joint,capacity_utilization,0.9999999992517195,0.9999999991231011,0.9999999995011551,0.9999999988733942,0.999999999677761,0.9999999992843703,20
"B=3.0,lam=0.75",joint,frac_cells_at_lower,0.6875,0.6875,0.6953125,0.65625,0.7203125,0.6921875,20
"B=3.0,lam=0.75",joint,frac_cells_interior,0.3125,0.3046875,0.3125,0.2796875,0.34375,0.3078125,20
"B=3.0,lam=0.75",joint,frac_cells_at_upper,0.0,0.0,0.0,0.0,0.0,0.0,20
"B=3.0,lam=0.75",oracle_envelope,objective_regret,0.4958367117396101,0.413915701358567,0.6777636995920266,0.30584537904174464,0.7677420632499068,0.537985987467178,20
"B=3.0,lam=0.75",oracle_envelope,mean_norm_util,0.22562183165103405,0.21691321523462953,0.23848019603187162,0.19355510109530202,0.24250344609723826,0.22363020599711053,20
"B=3.0,lam=0.75",oracle_envelope,min_norm_util,0.1240212526089403,0.10924567817040623,0.1342194645096967,0.08605088268637463,0.14415543709240414,0.11914467678636173,20
"B=3.0,lam=0.75",oracle_envelope,median_norm_util,0.2010023321449012,0.17722923783424005,0.21082955772820294,0.1535824253195936,0.23447267560123558,0.19845116642224842,20
"B=3.0,lam=0.75",oracle_envelope,frac_worse_than_equal,0.125,0.0,0.125,0.0,0.2562500000000001,0.10625,20
"B=3.0,lam=0.75",oracle_envelope,frac_worse_than_strongest_sep,0.0,0.0,0.0,0.0,0.018750000000000266,0.01875,20
"B=3.0,lam=0.75",oracle_envelope,worst_indiv_change_vs_equal,-0.0009787473910596,-0.015754321829593673,0.009219464509696726,-0.03894911731362526,0.019155437092404144,-0.005855323213638189,20
"B=3.0,lam=0.75",oracle_envelope,p5_indiv_change_vs_equal,0.0057642422004698,-0.01159270816280295,0.01700097391119025,-0.03078181568959478,0.024048667271735432,0.0022325068805949247,20
"B=3.0,lam=0.75",oracle_envelope,capacity_utilization,1.0,1.0,1.0,1.0,1.0,1.0,20
"B=3.0,lam=0.75",oracle_envelope,frac_cells_at_lower,0.0,0.0,0.03125,0.0,0.06406250000000002,0.01875,20
"B=3.0,lam=0.75",oracle_envelope,frac_cells_interior,1.0,0.96875,1.0,0.9359375,1.0,0.98125,20
"B=3.0,lam=0.75",oracle_envelope,frac_cells_at_upper,0.0,0.0,0.0,0.0,0.0,0.0,20
"B=3.0,lam=0.75",proportional_gamma1,objective_regret,1.7766819932557283,1.7126328147848664,1.8702648302700309,1.5587411307222192,2.1651893115460874,1.814655561894768,20
"B=3.0,lam=0.75",proportional_gamma1,mean_norm_util,0.1780314556723262,0.1734624089120756,0.18431161501953264,0.1601629126123026,0.18712468225002385,0.1774214704611065,20
"B=3.0,lam=0.75",proportional_gamma1,min_norm_util,0.1509405263219336,0.14170883119866887,0.15734339664103664,0.13522750625632524,0.161747294351979,0.1503385251945358,20
"B=3.0,lam=0.75",proportional_gamma1,median_norm_util,0.17180711720062805,0.15980677426803405,0.1765567785694543,0.14873566217815504,0.18679898787828836,0.16874720618752517,20
"B=3.0,lam=0.75",proportional_gamma1,frac_worse_than_equal,0.0,0.0,0.0,0.0,0.0,0.0,20
"B=3.0,lam=0.75",proportional_gamma1,frac_worse_than_strongest_sep,0.75,0.625,0.75,0.49375,0.875,0.68125,20
"B=3.0,lam=0.75",proportional_gamma1,worst_indiv_change_vs_equal,0.0259405263219336,0.01670883119866885,0.03234339664103665,0.010227506256325155,0.036747294351978974,0.025338525194535794,20
"B=3.0,lam=0.75",proportional_gamma1,p5_indiv_change_vs_equal,0.0265962550842782,0.01753467641380355,0.0344295887401474,0.01137301015016817,0.04017578206158801,0.026960571910607252,20
"B=3.0,lam=0.75",proportional_gamma1,capacity_utilization,1.0,1.0,1.0,1.0,1.0,1.0,20
"B=3.0,lam=0.75",proportional_gamma1,frac_cells_at_lower,0.0,0.0,0.0,0.0,0.0,0.0,20
"B=3.0,lam=0.75",proportional_gamma1,frac_cells_interior,1.0,1.0,1.0,1.0,1.0,1.0,20
"B=3.0,lam=0.75",proportional_gamma1,frac_cells_at_upper,0.0,0.0,0.0,0.0,0.0,0.0,20
"B=3.0,lam=0.75",tuned_gamma4.0,objective_regret,0.4958367117396101,0.413915701358567,0.6777636995920266,0.30584537904174464,0.7698021726299319,0.5400460968472031,20
"B=3.0,lam=0.75",tuned_gamma4.0,mean_norm_util,0.22562183165103405,0.21790997013178381,0.23848019603187162,0.19452779932635764,0.24250344609723826,0.224850092503331,20
"B=3.0,lam=0.75",tuned_gamma4.0,min_norm_util,0.12029898496725094,0.09696753770267623,0.1342194645096967,0.075479149105226,0.14415543709240414,0.11668282061227478,20
"B=3.0,lam=0.75",tuned_gamma4.0,median_norm_util,0.2010023321449012,0.17722923783424005,0.21082955772820294,0.1527122080902197,0.23447267560123558,0.19758094919287456,20
"B=3.0,lam=0.75",tuned_gamma4.0,frac_worse_than_equal,0.125,0.0,0.15625,0.0,0.2562500000000001,0.1125,20
"B=3.0,lam=0.75",tuned_gamma4.0,frac_worse_than_strongest_sep,0.0,0.0,0.0,0.0,0.0,0.0,20
"B=3.0,lam=0.75",tuned_gamma4.0,worst_indiv_change_vs_equal,-0.00470101503274895,-0.028032462297323674,0.009219464509696726,-0.0495208508947739,0.019155437092404144,-0.008317179387725155,20
"B=3.0,lam=0.75",tuned_gamma4.0,p5_indiv_change_vs_equal,0.0057642422004698,-0.012276625857886326,0.01700097391119025,-0.03560179014895104,0.024048667271735432,0.0002973196451869902,20
"B=3.0,lam=0.75",tuned_gamma4.0,capacity_utilization,1.0,1.0,1.0,1.0,1.0,1.0,20
"B=3.0,lam=0.75",tuned_gamma4.0,frac_cells_at_lower,0.0,0.0,0.03125,0.0,0.06406250000000002,0.0203125,20
"B=3.0,lam=0.75",tuned_gamma4.0,frac_cells_interior,1.0,0.96875,1.0,0.9359375,1.0,0.9796875,20
"B=3.0,lam=0.75",tuned_gamma4.0,frac_cells_at_upper,0.0,0.0,0.0,0.0,0.0,0.0,20
"B=3.0,lam=1.0",equal,objective_regret,4.740147397616504,4.394995347560697,4.885453596705981,3.9644452420787344,5.412332514387428,4.689522105896673,20
"B=3.0,lam=1.0",equal,mean_norm_util,0.125,0.125,0.125,0.125,0.125,0.125,20
"B=3.0,lam=1.0",equal,min_norm_util,0.125,0.125,0.125,0.125,0.125,0.125,20
"B=3.0,lam=1.0",equal,median_norm_util,0.125,0.125,0.125,0.125,0.125,0.125,20
"B=3.0,lam=1.0",equal,frac_worse_than_equal,0.0,0.0,0.0,0.0,0.0,0.0,20
"B=3.0,lam=1.0",equal,frac_worse_than_strongest_sep,0.875,0.84375,1.0,0.75,1.0,0.88125,20
"B=3.0,lam=1.0",equal,worst_indiv_change_vs_equal,0.0,0.0,0.0,0.0,0.0,0.0,20
"B=3.0,lam=1.0",equal,p5_indiv_change_vs_equal,0.0,0.0,0.0,0.0,0.0,0.0,20
"B=3.0,lam=1.0",equal,capacity_utilization,1.0,1.0,1.0,1.0,1.0,1.0,20
"B=3.0,lam=1.0",equal,frac_cells_at_lower,0.0,0.0,0.0,0.0,0.0,0.0,20
"B=3.0,lam=1.0",equal,frac_cells_interior,1.0,1.0,1.0,1.0,1.0,1.0,20
"B=3.0,lam=1.0",equal,frac_cells_at_upper,0.0,0.0,0.0,0.0,0.0,0.0,20
"B=3.0,lam=1.0",joint,objective_regret,0.0,0.0,0.0,0.0,0.0,0.0,20
"B=3.0,lam=1.0",joint,mean_norm_util,0.2306603832020571,0.22687538427605888,0.24119156059411118,0.20823118414045225,0.24913675850599437,0.23136792140262022,20
"B=3.0,lam=1.0",joint,min_norm_util,0.1694301390674032,0.16105844413124473,0.18083437650718248,0.14051829269434524,0.20404016023504987,0.17198850938974847,20
"B=3.0,lam=1.0",joint,median_norm_util,0.21818010735161775,0.21091079792689513,0.22929039800362191,0.19294877361316312,0.24135046338650332,0.2184798093883785,20
"B=3.0,lam=1.0",joint,frac_worse_than_equal,0.0,0.0,0.0,0.0,0.0,0.0,20
"B=3.0,lam=1.0",joint,frac_worse_than_strongest_sep,0.375,0.375,0.5,0.25,0.5062500000000001,0.4125,20
"B=3.0,lam=1.0",joint,worst_indiv_change_vs_equal,0.0444301390674032,0.036058444131244725,0.055834376507182426,0.015518292694345235,0.07904016023504987,0.04698850938974841,20
"B=3.0,lam=1.0",joint,p5_indiv_change_vs_equal,0.05100392370537875,0.039536365937104676,0.06007598503956073,0.028036597038001897,0.07971459439335793,0.05192733764251918,20
"B=3.0,lam=1.0",joint,capacity_utilization,0.9999999993082997,0.9999999990076683,0.9999999993830186,0.9999999989188014,0.9999999994823637,0.9999999992220152,20
"B=3.0,lam=1.0",joint,frac_cells_at_lower,0.703125,0.6875,0.71875,0.65625,0.71875,0.6984375,20
"B=3.0,lam=1.0",joint,frac_cells_interior,0.296875,0.28125,0.3125,0.28125,0.34375,0.3015625,20
"B=3.0,lam=1.0",joint,frac_cells_at_upper,0.0,0.0,0.0,0.0,0.0,0.0,20
"B=3.0,lam=1.0",oracle_envelope,objective_regret,0.5021642201481047,0.43151302738460634,0.5903174804186806,0.2882395327572723,0.6402238465854561,0.501190184016408,20
"B=3.0,lam=1.0",oracle_envelope,mean_norm_util,0.2315948709839588,0.22378321017050548,0.24035970323889924,0.2046716790754516,0.25621057294001576,0.23110929411380687,20
"B=3.0,lam=1.0",oracle_envelope,min_norm_util,0.10870097209836754,0.10398385596453685,0.13211197494769208,0.07645141963661664,0.16161937553729758,0.11422950331426615,20
"B=3.0,lam=1.0",oracle_envelope,median_norm_util,0.21398593263511206,0.203486712335372,0.22518592914900726,0.161446460244984,0.2289909349411416,0.20698034339596044,20
"B=3.0,lam=1.0",oracle_envelope,frac_worse_than_equal,0.125,0.0,0.15625,0.0,0.25,0.11875,20
"B=3.0,lam=1.0",oracle_envelope,frac_worse_than_strongest_sep,0.0,0.0,0.0,0.0,0.3812500000000001,0.04375,20
"B=3.0,lam=1.0",oracle_envelope,worst_indiv_change_vs_equal,-0.016299027901632353,-0.021016144035463126,0.0071119749476921,-0.048548580363383255,0.03661937553729757,-0.01077049668573377,20
"B=3.0,lam=1.0",oracle_envelope,p5_indiv_change_vs_equal,-0.0005737590270056,-0.012723737592152125,0.014792452491045875,-0.028461665142374953,0.04198717930486064,0.00019137616492197543,20
"B=3.0,lam=1.0",oracle_envelope,capacity_utilization,1.0,1.0,1.0,1.0,1.0,1.0,20
"B=3.0,lam=1.0",oracle_envelope,frac_cells_at_lower,0.015625,0.0,0.03125,0.0,0.16093750000000007,0.0375,20
"B=3.0,lam=1.0",oracle_envelope,frac_cells_interior,0.984375,0.96875,1.0,0.8390625,1.0,0.9625,20
"B=3.0,lam=1.0",oracle_envelope,frac_cells_at_upper,0.0,0.0,0.0,0.0,0.0,0.0,20
"B=3.0,lam=1.0",proportional_gamma1,objective_regret,1.9354070182772531,1.7244516046934555,2.052239795839312,1.6268266662917399,2.1866615001236336,1.9080163440962603,20
"B=3.0,lam=1.0",proportional_gamma1,mean_norm_util,0.17905541175263417,0.17600704917520743,0.18239836681414429,0.16843845806910196,0.18962125202058325,0.17913195974050705,20
"B=3.0,lam=1.0",proportional_gamma1,min_norm_util,0.15029167213480632,0.14610962980585782,0.15608980993588337,0.13953531783916479,0.16502286819435738,0.15116563608838102,20
"B=3.0,lam=1.0",proportional_gamma1,median_norm_util,0.17516986082381025,0.16408832064678308,0.17689587874003565,0.15823113249070125,0.18531944221075844,0.17177948590639075,20
"B=3.0,lam=1.0",proportional_gamma1,frac_worse_than_equal,0.0,0.0,0.0,0.0,0.0,0.0,20
"B=3.0,lam=1.0",proportional_gamma1,frac_worse_than_strongest_sep,0.6875,0.625,0.75,0.5,0.8812500000000001,0.6875,20
"B=3.0,lam=1.0",proportional_gamma1,worst_indiv_change_vs_equal,0.0252916721348063,0.02110962980585775,0.03108980993588335,0.014535317839164705,0.04002286819435738,0.026165636088380982,20
"B=3.0,lam=1.0",proportional_gamma1,p5_indiv_change_vs_equal,0.0279605543948883,0.021731527858517827,0.0340474562038343,0.0174113115756418,0.04090675968780686,0.027950791641547134,20
"B=3.0,lam=1.0",proportional_gamma1,capacity_utilization,1.0,1.0,1.0,1.0,1.0,1.0,20
"B=3.0,lam=1.0",proportional_gamma1,frac_cells_at_lower,0.0,0.0,0.0,0.0,0.0,0.0,20
"B=3.0,lam=1.0",proportional_gamma1,frac_cells_interior,1.0,1.0,1.0,1.0,1.0,1.0,20
"B=3.0,lam=1.0",proportional_gamma1,frac_cells_at_upper,0.0,0.0,0.0,0.0,0.0,0.0,20
"B=3.0,lam=1.0",tuned_gamma4.0,objective_regret,0.5296671665589585,0.43151302738460634,0.5903174804186806,0.2882395327572723,0.6402238465854561,0.5096544876367097,20
"B=3.0,lam=1.0",tuned_gamma4.0,mean_norm_util,0.22869175304098494,0.22229731645174805,0.2395231242166407,0.2046716790754516,0.25621057294001576,0.23023463122247204,20
"B=3.0,lam=1.0",tuned_gamma4.0,min_norm_util,0.11131172527019484,0.10536874457064166,0.13211197494769208,0.07645141963661664,0.16194637412367435,0.11630968348422317,20
"B=3.0,lam=1.0",tuned_gamma4.0,median_norm_util,0.21082373675496766,0.1977798002457056,0.22518592914900726,0.161446460244984,0.2289909349411416,0.20624231210539415,20
"B=3.0,lam=1.0",tuned_gamma4.0,frac_worse_than_equal,0.125,0.0,0.15625,0.0,0.25,0.11875,20
"B=3.0,lam=1.0",tuned_gamma4.0,frac_worse_than_strongest_sep,0.0,0.0,0.0,0.0,0.0,0.0,20
"B=3.0,lam=1.0",tuned_gamma4.0,worst_indiv_change_vs_equal,-0.01368827472980505,-0.019631255429358275,0.0071119749476921,-0.048548580363383255,0.036946374123674346,-0.008690316515776765,20
"B=3.0,lam=1.0",tuned_gamma4.0,p5_indiv_change_vs_equal,-0.0005737590270056,-0.009460457892517576,0.019894489809392325,-0.028461665142374953,0.04208008824232079,0.0023835160824357353,20
"B=3.0,lam=1.0",tuned_gamma4.0,capacity_utilization,1.0,1.0,1.0,1.0,1.0,1.0,20
"B=3.0,lam=1.0",tuned_gamma4.0,frac_cells_at_lower,0.0,0.0,0.03125,0.0,0.03593750000000007,0.01875,20
"B=3.0,lam=1.0",tuned_gamma4.0,frac_cells_interior,1.0,0.96875,1.0,0.9640625,1.0,0.98125,20
"B=3.0,lam=1.0",tuned_gamma4.0,frac_cells_at_upper,0.0,0.0,0.0,0.0,0.0,0.0,20
"B=3.8,lam=0.0",equal,objective_regret,-4.977369627567896e-09,-5.11203168684915e-09,-4.47852865903542e-09,-6.270007624209484e-09,-3.1264562494470732e-09,-4.72957140118524e-09,20
"B=3.8,lam=0.0",equal,mean_norm_util,0.125,0.125,0.125,0.125,0.125,0.125,20
"B=3.8,lam=0.0",equal,min_norm_util,0.125,0.125,0.125,0.125,0.125,0.125,20
"B=3.8,lam=0.0",equal,median_norm_util,0.125,0.125,0.125,0.125,0.125,0.125,20
"B=3.8,lam=0.0",equal,frac_worse_than_equal,0.0,0.0,0.0,0.0,0.0,0.0,20
"B=3.8,lam=0.0",equal,frac_worse_than_strongest_sep,0.0,0.0,0.0,0.0,0.0,0.0,20
"B=3.8,lam=0.0",equal,worst_indiv_change_vs_equal,0.0,0.0,0.0,0.0,0.0,0.0,20
"B=3.8,lam=0.0",equal,p5_indiv_change_vs_equal,0.0,0.0,0.0,0.0,0.0,0.0,20
"B=3.8,lam=0.0",equal,capacity_utilization,1.0,1.0,1.0,1.0,1.0,1.0,20
"B=3.8,lam=0.0",equal,frac_cells_at_lower,0.0,0.0,0.0,0.0,0.0,0.0,20
"B=3.8,lam=0.0",equal,frac_cells_interior,1.0,1.0,1.0,1.0,1.0,1.0,20
"B=3.8,lam=0.0",equal,frac_cells_at_upper,0.0,0.0,0.0,0.0,0.0,0.0,20
"B=3.8,lam=0.0",joint,objective_regret,0.0,0.0,0.0,0.0,0.0,0.0,20
"B=3.8,lam=0.0",joint,mean_norm_util,0.1249999999226933,0.12499999992077157,0.12499999993017424,0.1249999999107315,0.12499999995123802,0.12499999992737496,20
"B=3.8,lam=0.0",joint,min_norm_util,0.12499990120650209,0.12499920215152946,0.1249999327943131,0.1249983124700319,0.12499998087924823,0.12499942415126933,20
"B=3.8,lam=0.0",joint,median_norm_util,0.12499997922266229,0.12499992804221827,0.12500011386491733,0.12499977548369678,0.125000240984827,0.125000005561098,20
"B=3.8,lam=0.0",joint,frac_worse_than_equal,0.875,0.125,0.875,0.11875000000000001,0.875,0.53125,20
"B=3.8,lam=0.0",joint,frac_worse_than_strongest_sep,0.875,0.125,0.875,0.11875000000000001,0.875,0.53125,20
"B=3.8,lam=0.0",joint,worst_indiv_change_vs_equal,-9.879349786856562e-08,-7.97848470502488e-07,-6.720568684545625e-08,-1.687529968002338e-06,-1.9120751753448614e-08,-5.758487306245508e-07,20
"B=3.8,lam=0.0",joint,p5_indiv_change_vs_equal,-9.879349786856562e-08,-5.061620999988193e-07,-5.6766024519872005e-08,-1.012549789717841e-06,-1.9120751753448614e-08,-3.723552905930335e-07,20
"B=3.8,lam=0.0",joint,capacity_utilization,0.9999999993160752,0.9999999993111968,0.9999999993804026,0.9999999992056563,0.9999999995695709,0.9999999993578553,20
"B=3.8,lam=0.0",joint,frac_cells_at_lower,0.0,0.0,0.0,0.0,0.0,0.0,20
"B=3.8,lam=0.0",joint,frac_cells_interior,1.0,1.0,1.0,1.0,1.0,1.0,20
"B=3.8,lam=0.0",joint,frac_cells_at_upper,0.0,0.0,0.0,0.0,0.0,0.0,20
"B=3.8,lam=0.0",oracle_envelope,objective_regret,-4.977369627567896e-09,-5.11203168684915e-09,-4.47852865903542e-09,-6.2700109992874785e-09,-3.1264562494470732e-09,-4.729571934092291e-09,20
"B=3.8,lam=0.0",oracle_envelope,mean_norm_util,0.125,0.125,0.125,0.125,0.125,0.125,20
"B=3.8,lam=0.0",oracle_envelope,min_norm_util,0.125,0.125,0.125,0.125,0.125,0.125,20
"B=3.8,lam=0.0",oracle_envelope,median_norm_util,0.125,0.125,0.125,0.125,0.125,0.125,20
"B=3.8,lam=0.0",oracle_envelope,frac_worse_than_equal,0.0,0.0,0.0,0.0,0.0,0.0,20
"B=3.8,lam=0.0",oracle_envelope,frac_worse_than_strongest_sep,0.0,0.0,0.0,0.0,0.0,0.0,20
"B=3.8,lam=0.0",oracle_envelope,worst_indiv_change_vs_equal,0.0,0.0,0.0,0.0,2.7755575615628914e-17,4.163336342344337e-18,20
"B=3.8,lam=0.0",oracle_envelope,p5_indiv_change_vs_equal,0.0,0.0,0.0,0.0,2.7755575615628914e-17,4.163336342344337e-18,20
"B=3.8,lam=0.0",oracle_envelope,capacity_utilization,1.0,1.0,1.0,1.0,1.0,1.0,20
"B=3.8,lam=0.0",oracle_envelope,frac_cells_at_lower,0.0,0.0,0.0,0.0,0.0,0.0,20
"B=3.8,lam=0.0",oracle_envelope,frac_cells_interior,1.0,1.0,1.0,1.0,1.0,1.0,20
"B=3.8,lam=0.0",oracle_envelope,frac_cells_at_upper,0.0,0.0,0.0,0.0,0.0,0.0,20
"B=3.8,lam=0.0",proportional_gamma1,objective_regret,-4.977369627567896e-09,-5.11203168684915e-09,-4.47852865903542e-09,-6.270007624209484e-09,-3.1264562494470732e-09,-4.729571756456608e-09,20
"B=3.8,lam=0.0",proportional_gamma1,mean_norm_util,0.125,0.125,0.125,0.125,0.125,0.125,20
"B=3.8,lam=0.0",proportional_gamma1,min_norm_util,0.125,0.125,0.125,0.125,0.125,0.125,20
"B=3.8,lam=0.0",proportional_gamma1,median_norm_util,0.125,0.125,0.125,0.125,0.125,0.125,20
"B=3.8,lam=0.0",proportional_gamma1,frac_worse_than_equal,0.0,0.0,0.0,0.0,0.0,0.0,20
"B=3.8,lam=0.0",proportional_gamma1,frac_worse_than_strongest_sep,0.0,0.0,0.0,0.0,0.0,0.0,20
"B=3.8,lam=0.0",proportional_gamma1,worst_indiv_change_vs_equal,0.0,0.0,0.0,0.0,2.7755575615628914e-17,4.163336342344337e-18,20
"B=3.8,lam=0.0",proportional_gamma1,p5_indiv_change_vs_equal,0.0,0.0,0.0,0.0,2.7755575615628914e-17,4.163336342344337e-18,20
"B=3.8,lam=0.0",proportional_gamma1,capacity_utilization,1.0,1.0,1.0,1.0,1.0,1.0,20
"B=3.8,lam=0.0",proportional_gamma1,frac_cells_at_lower,0.0,0.0,0.0,0.0,0.0,0.0,20
"B=3.8,lam=0.0",proportional_gamma1,frac_cells_interior,1.0,1.0,1.0,1.0,1.0,1.0,20
"B=3.8,lam=0.0",proportional_gamma1,frac_cells_at_upper,0.0,0.0,0.0,0.0,0.0,0.0,20
"B=3.8,lam=0.0",tuned_gamma4.0,objective_regret,-4.977369627567896e-09,-5.11203168684915e-09,-4.47852865903542e-09,-6.270007624209484e-09,-3.1264562494470732e-09,-4.72957140118524e-09,20
"B=3.8,lam=0.0",tuned_gamma4.0,mean_norm_util,0.125,0.125,0.125,0.125,0.125,0.125,20
"B=3.8,lam=0.0",tuned_gamma4.0,min_norm_util,0.125,0.125,0.125,0.125,0.125,0.125,20
"B=3.8,lam=0.0",tuned_gamma4.0,median_norm_util,0.125,0.125,0.125,0.125,0.125,0.125,20
"B=3.8,lam=0.0",tuned_gamma4.0,frac_worse_than_equal,0.0,0.0,0.0,0.0,0.0,0.0,20
"B=3.8,lam=0.0",tuned_gamma4.0,frac_worse_than_strongest_sep,0.0,0.0,0.0,0.0,0.0,0.0,20
"B=3.8,lam=0.0",tuned_gamma4.0,worst_indiv_change_vs_equal,0.0,0.0,0.0,0.0,2.7755575615628914e-17,2.7755575615628915e-18,20
"B=3.8,lam=0.0",tuned_gamma4.0,p5_indiv_change_vs_equal,0.0,0.0,0.0,0.0,2.7755575615628914e-17,2.7755575615628915e-18,20
"B=3.8,lam=0.0",tuned_gamma4.0,capacity_utilization,1.0,1.0,1.0,1.0,1.0,1.0,20
"B=3.8,lam=0.0",tuned_gamma4.0,frac_cells_at_lower,0.0,0.0,0.0,0.0,0.0,0.0,20
"B=3.8,lam=0.0",tuned_gamma4.0,frac_cells_interior,1.0,1.0,1.0,1.0,1.0,1.0,20
"B=3.8,lam=0.0",tuned_gamma4.0,frac_cells_at_upper,0.0,0.0,0.0,0.0,0.0,0.0,20
"B=3.8,lam=0.25",equal,objective_regret,0.5580669942409546,0.43122800951957707,0.6836323764630476,0.3447209634180375,1.3583953969952287,0.6789094245219035,20
"B=3.8,lam=0.25",equal,mean_norm_util,0.125,0.125,0.125,0.125,0.125,0.125,20
"B=3.8,lam=0.25",equal,min_norm_util,0.125,0.125,0.125,0.125,0.125,0.125,20
"B=3.8,lam=0.25",equal,median_norm_util,0.125,0.125,0.125,0.125,0.125,0.125,20
"B=3.8,lam=0.25",equal,frac_worse_than_equal,0.0,0.0,0.0,0.0,0.0,0.0,20
"B=3.8,lam=0.25",equal,frac_worse_than_strongest_sep,0.625,0.5,0.75,0.49375,0.7562500000000001,0.6125,20
"B=3.8,lam=0.25",equal,worst_indiv_change_vs_equal,0.0,0.0,0.0,0.0,0.0,0.0,20
"B=3.8,lam=0.25",equal,p5_indiv_change_vs_equal,0.0,0.0,0.0,0.0,0.0,0.0,20
"B=3.8,lam=0.25",equal,capacity_utilization,1.0,1.0,1.0,1.0,1.0,1.0,20
"B=3.8,lam=0.25",equal,frac_cells_at_lower,0.0,0.0,0.0,0.0,0.0,0.0,20
"B=3.8,lam=0.25",equal,frac_cells_interior,1.0,1.0,1.0,1.0,1.0,1.0,20
"B=3.8,lam=0.25",equal,frac_cells_at_upper,0.0,0.0,0.0,0.0,0.0,0.0,20
"B=3.8,lam=0.25",joint,objective_regret,0.0,0.0,0.0,0.0,0.0,0.0,20
"B=3.8,lam=0.25",joint,mean_norm_util,0.1340895005891577,0.13196105095404187,0.13647917619413213,0.1305311699160659,0.14979879262748805,0.13651808179431216,20
"B=3.8,lam=0.25",joint,min_norm_util,0.1279186886054615,0.12740724841221396,0.12998916146664596,0.12652412622195178,0.13289447523199455,0.12996405639181813,20
"B=3.8,lam=0.25",joint,median_norm_util,0.1332289370558532,0.13072866219247942,0.13470320985147707,0.1281740842327038,0.13989378004648897,0.13483286536996483,20
"B=3.8,lam=0.25",joint,frac_worse_than_equal,0.0,0.0,0.0,0.0,0.0,0.0,20
"B=3.8,lam=0.25",joint,frac_worse_than_strongest_sep,0.0,0.0,0.125,0.0,0.25,0.05625,20
"B=3.8,lam=0.25",joint,worst_indiv_change_vs_equal,0.00291868860546145,0.0024072484122139503,0.00498916146664595,0.00152412622195179,0.007894475231994552,0.004964056391818116,20
"B=3.8,lam=0.25",joint,p5_indiv_change_vs_equal,0.0033662096639859,0.002678242381970375,0.0053784349910611495,0.00158572248492706,0.008690128973086866,0.005485134814140175,20
"B=3.8,lam=0.25",joint,capacity_utilization,0.9999999992566395,0.9999999990956716,0.9999999994967171,0.9999999990557418,0.999999999635218,0.9999999993029929,20
"B=3.8,lam=0.25",joint,frac_cells_at_lower,0.625,0.625,0.65625,0.59375,0.6609375000000001,0.6375,20
"B=3.8,lam=0.25",joint,frac_cells_interior,0.375,0.34375,0.375,0.3390625,0.40625,0.3625,20
"B=3.8,lam=0.25",joint,frac_cells_at_upper,0.0,0.0,0.0,0.0,0.0,0.0,20
"B=3.8,lam=0.25",oracle_envelope,objective_regret,0.29774453056416655,0.260202478038023,0.37472643455299876,0.21045877445045716,0.41812378142679224,0.31715992846427826,20
"B=3.8,lam=0.25",oracle_envelope,mean_norm_util,0.1306425599574286,0.12840051316771783,0.13214054703601302,0.12732336400451572,0.14944438779193933,0.13294698835229787,20
"B=3.8,lam=0.25",oracle_envelope,min_norm_util,0.1096303087011689,0.10720624131111206,0.11542518484628181,0.09652884404088305,0.11966154647929168,0.10940178741171228,20
"B=3.8,lam=0.25",oracle_envelope,median_norm_util,0.12434767296188395,0.12190857922074955,0.1281058517411213,0.1181026676122749,0.13588084812323198,0.12688747391344118,20
"B=3.8,lam=0.25",oracle_envelope,frac_worse_than_equal,0.5,0.375,0.625,0.24375000000000002,0.625,0.5,20
"B=3.8,lam=0.25",oracle_envelope,frac_worse_than_strongest_sep,0.5625,0.5,0.625,0.375,0.625,0.5375,20
"B=3.8,lam=0.25",oracle_envelope,worst_indiv_change_vs_equal,-0.015369691298831,-0.01779375868888785,-0.009574815153718101,-0.028471155959116843,-0.00533845352070822,-0.015598212588287624,20
"B=3.8,lam=0.25",oracle_envelope,p5_indiv_change_vs_equal,-0.0129571183220725,-0.016688895700448778,-0.008624706536091323,-0.02515893635990027,-0.0050045262653249595,-0.013741895261178675,20
"B=3.8,lam=0.25",oracle_envelope,capacity_utilization,1.0,1.0,1.0,1.0,1.0,1.0,20
"B=3.8,lam=0.25",oracle_envelope,frac_cells_at_lower,0.0,0.0,0.0,0.0,0.0,0.0,20
"B=3.8,lam=0.25",oracle_envelope,frac_cells_interior,1.0,1.0,1.0,1.0,1.0,1.0,20
"B=3.8,lam=0.25",oracle_envelope,frac_cells_at_upper,0.0,0.0,0.0,0.0,0.0,0.0,20
"B=3.8,lam=0.25",proportional_gamma1,objective_regret,0.5166512894134438,0.40388578383737433,0.6300734381222375,0.32898419789562094,1.1095596675706838,0.5986737002371443,20
"B=3.8,lam=0.25",proportional_gamma1,mean_norm_util,0.12572178676707946,0.12544603820782166,0.1259543498238943,0.12524228219588027,0.12903024515487435,0.12628567065537152,20
"B=3.8,lam=0.25",proportional_gamma1,min_norm_util,0.12509503945964864,0.1250527355460308,0.1251764656845955,0.12501591353483302,0.12556298802595972,0.12534843854474845,20
"B=3.8,lam=0.25",proportional_gamma1,median_norm_util,0.1255552150747147,0.12530214011040197,0.1258932701091059,0.12515092019233506,0.12749193816262738,0.12607689700419078,20
"B=3.8,lam=0.25",proportional_gamma1,frac_worse_than_equal,0.0,0.0,0.0,0.0,0.0,0.0,20
"B=3.8,lam=0.25",proportional_gamma1,frac_worse_than_strongest_sep,0.5625,0.5,0.625,0.375,0.7562500000000001,0.5625,20
"B=3.8,lam=0.25",proportional_gamma1,worst_indiv_change_vs_equal,9.503945964868532e-05,5.273554603082986e-05,0.00017646568459549997,1.591353483300778e-05,0.0005629880259597081,0.00034843854474844586,20
"B=3.8,lam=0.25",proportional_gamma1,p5_indiv_change_vs_equal,0.0001109942262538901,7.276392872557005e-05,0.00021442294973815,3.265125678398595e-05,0.0008861977452169831,0.00040192824639678884,20
"B=3.8,lam=0.25",proportional_gamma1,capacity_utilization,1.0,1.0,1.0,1.0,1.0,1.0,20
"B=3.8,lam=0.25",proportional_gamma1,frac_cells_at_lower,0.0,0.0,0.0,0.0,0.0,0.0,20
"B=3.8,lam=0.25",proportional_gamma1,frac_cells_interior,1.0,1.0,1.0,1.0,1.0,1.0,20
"B=3.8,lam=0.25",proportional_gamma1,frac_cells_at_upper,0.0,0.0,0.0,0.0,0.0,0.0,20
"B=3.8,lam=0.25",tuned_gamma4.0,objective_regret,0.38904982330961246,0.3289766915992498,0.4732748533736997,0.28344274340764136,0.6030708889332425,0.4161918541247642,20
"B=3.8,lam=0.25",tuned_gamma4.0,mean_norm_util,0.1277956659010281,0.12673447828411968,0.12877714257930262,0.1259624757360118,0.14119181451915153,0.12968924480617877,20
"B=3.8,lam=0.25",tuned_gamma4.0,min_norm_util,0.1226214109391649,0.12120528635607683,0.12342657983089225,0.11913451792862487,0.12401412259048318,0.12192005268907283,20
"B=3.8,lam=0.25",tuned_gamma4.0,median_norm_util,0.12637103069885344,0.12507407783075647,0.1270715625174661,0.12436084262594467,0.13025979587683942,0.12750696052891156,20
"B=3.8,lam=0.25",tuned_gamma4.0,frac_worse_than_equal,0.375,0.25,0.5,0.24375000000000002,0.5062500000000001,0.3875,20
"B=3.8,lam=0.25",tuned_gamma4.0,frac_worse_than_strongest_sep,0.0,0.0,0.0,0.0,0.0,0.0,20
"B=3.8,lam=0.25",tuned_gamma4.0,worst_indiv_change_vs_equal,-0.0023785890608349998,-0.003794713643923075,-0.00157342016910765,-0.005865482071375035,-0.0009858774095167248,-0.0030799473109270753,20
"B=3.8,lam=0.25",tuned_gamma4.0,p5_indiv_change_vs_equal,-0.001879693802552,-0.003672016292321775,-0.00114081558513605,-0.00558109549989904,-0.0005008704402963715,-0.0024801927700714996,20
"B=3.8,lam=0.25",tuned_gamma4.0,capacity_utilization,1.0,1.0,1.0,1.0,1.0,1.0,20
"B=3.8,lam=0.25",tuned_gamma4.0,frac_cells_at_lower,0.0,0.0,0.0,0.0,0.0,0.0,20
"B=3.8,lam=0.25",tuned_gamma4.0,frac_cells_interior,1.0,1.0,1.0,1.0,1.0,1.0,20
"B=3.8,lam=0.25",tuned_gamma4.0,frac_cells_at_upper,0.0,0.0,0.0,0.0,0.0,0.0,20
"B=3.8,lam=0.5",equal,objective_regret,1.7519894402364091,1.4664278986292638,2.0956760497031066,1.2071293549436546,2.418773137955561,1.768535619651074,20
"B=3.8,lam=0.5",equal,mean_norm_util,0.125,0.125,0.125,0.125,0.125,0.125,20
"B=3.8,lam=0.5",equal,min_norm_util,0.125,0.125,0.125,0.125,0.125,0.125,20
"B=3.8,lam=0.5",equal,median_norm_util,0.125,0.125,0.125,0.125,0.125,0.125,20
"B=3.8,lam=0.5",equal,frac_worse_than_equal,0.0,0.0,0.0,0.0,0.0,0.0,20
"B=3.8,lam=0.5",equal,frac_worse_than_strongest_sep,0.625,0.625,0.75,0.49375,0.8812500000000001,0.66875,20
"B=3.8,lam=0.5",equal,worst_indiv_change_vs_equal,0.0,0.0,0.0,0.0,0.0,0.0,20
"B=3.8,lam=0.5",equal,p5_indiv_change_vs_equal,0.0,0.0,0.0,0.0,0.0,0.0,20
"B=3.8,lam=0.5",equal,capacity_utilization,1.0,1.0,1.0,1.0,1.0,1.0,20
"B=3.8,lam=0.5",equal,frac_cells_at_lower,0.0,0.0,0.0,0.0,0.0,0.0,20
"B=3.8,lam=0.5",equal,frac_cells_interior,1.0,1.0,1.0,1.0,1.0,1.0,20
"B=3.8,lam=0.5",equal,frac_cells_at_upper,0.0,0.0,0.0,0.0,0.0,0.0,20
"B=3.8,lam=0.5",joint,objective_regret,0.0,0.0,0.0,0.0,0.0,0.0,20
"B=3.8,lam=0.5",joint,mean_norm_util,0.15634134491965873,0.15108925108042787,0.1628590404201185,0.1456223782499306,0.17149117937546285,0.15737049674082104,20
"B=3.8,lam=0.5",joint,min_norm_util,0.13659048786149747,0.13166480316677118,0.14014195900959062,0.1303672936931478,0.14622836106014298,0.1375435425650814,20
"B=3.8,lam=0.5",joint,median_norm_util,0.1521043489722153,0.1457428597400824,0.1569111419881142,0.13923289150131465,0.16552851957572337,0.1522933870196647,20
"B=3.8,lam=0.5",joint,frac_worse_than_equal,0.0,0.0,0.0,0.0,0.0,0.0,20
"B=3.8,lam=0.5",joint,frac_worse_than_strongest_sep,0.25,0.25,0.25,0.125,0.375,0.24375,20
"B=3.8,lam=0.5",joint,worst_indiv_change_vs_equal,0.01159048786149745,0.006664803166771175,0.015141959009590525,0.00536729369314773,0.021228361060142958,0.01254354256508137,20
"B=3.8,lam=0.5",joint,p5_indiv_change_vs_equal,0.012979227115499,0.00896727458242955,0.01833229952907505,0.006465527658187315,0.024470098395979835,0.014212601704240473,20
"B=3.8,lam=0.5",joint,capacity_utilization,0.9999999993914594,0.9999999993029057,0.9999999995082662,0.9999999991506696,0.9999999995496531,0.9999999993895198,20
"B=3.8,lam=0.5",joint,frac_cells_at_lower,0.65625,0.65625,0.6875,0.625,0.6890625,0.6640625,20
"B=3.8,lam=0.5",joint,frac_cells_interior,0.34375,0.3125,0.34375,0.3109375,0.375,0.3359375,20
"B=3.8,lam=0.5",joint,frac_cells_at_upper,0.0,0.0,0.0,0.0,0.0,0.0,20
"B=3.8,lam=0.5",oracle_envelope,objective_regret,0.6034749332498759,0.5255528822555222,0.6709890522921054,0.3538168603274751,0.7232542912307853,0.5800009016698757,20
"B=3.8,lam=0.5",oracle_envelope,mean_norm_util,0.15209366222058518,0.14424644327316072,0.1619815927381111,0.1377403822331222,0.17383221895647652,0.15331554115569127,20
"B=3.8,lam=0.5",oracle_envelope,min_norm_util,0.10348807042516085,0.09013409023422075,0.11413335791416175,0.07870347859332237,0.1188589611673356,0.1014322728359516,20
"B=3.8,lam=0.5",oracle_envelope,median_norm_util,0.13583665078784954,0.12858173890382352,0.14270109029928657,0.12035167556402429,0.1529342471795,0.1364612669869943,20
"B=3.8,lam=0.5",oracle_envelope,frac_worse_than_equal,0.375,0.34375,0.5,0.11875000000000001,0.5062500000000001,0.36875,20
"B=3.8,lam=0.5",oracle_envelope,frac_worse_than_strongest_sep,0.375,0.0,0.40625,0.0,0.625,0.2625,20
"B=3.8,lam=0.5",oracle_envelope,worst_indiv_change_vs_equal,-0.02151192957483905,-0.03486590976577915,-0.01086664208583815,-0.04629652140667752,-0.006141038832664308,-0.023567727164048317,20
"B=3.8,lam=0.5",oracle_envelope,p5_indiv_change_vs_equal,-0.018139350593959852,-0.0298603027207307,-0.010448098073383899,-0.04124188894501183,-0.005610782042377187,-0.020418147738692764,20
"B=3.8,lam=0.5",oracle_envelope,capacity_utilization,1.0,1.0,1.0,1.0,1.0,1.0,20
"B=3.8,lam=0.5",oracle_envelope,frac_cells_at_lower,0.0,0.0,0.0,0.0,0.0,0.0,20
"B=3.8,lam=0.5",oracle_envelope,frac_cells_interior,1.0,1.0,1.0,1.0,1.0,1.0,20
"B=3.8,lam=0.5",oracle_envelope,frac_cells_at_upper,0.0,0.0,0.0,0.0,0.0,0.0,20
"B=3.8,lam=0.5",proportional_gamma1,objective_regret,1.3814735415405988,1.1884430611509105,1.5948412785758972,0.9525675152427837,1.7840605475393112,1.3789097862364985,20
"B=3.8,lam=0.5",proportional_gamma1,mean_norm_util,0.1313498899473966,0.12951164688933053,0.13292299176034786,0.12822942496224699,0.1354037890535608,0.13134379754234987,20
"B=3.8,lam=0.5",proportional_gamma1,min_norm_util,0.12676011494425754,0.12579213820114443,0.12779586386065725,0.12568873145966117,0.13018377276390336,0.12716152559255328,20
"B=3.8,lam=0.5",proportional_gamma1,median_norm_util,0.12928390101173554,0.12848153070733243,0.13054084308091635,0.12690961386973282,0.1342990626251652,0.12979465180831767,20
"B=3.8,lam=0.5",proportional_gamma1,frac_worse_than_equal,0.0,0.0,0.0,0.0,0.0,0.0,20
"B=3.8,lam=0.5",proportional_gamma1,frac_worse_than_strongest_sep,0.625,0.5,0.625,0.375,0.8812500000000001,0.6,20
"B=3.8,lam=0.5",proportional_gamma1,worst_indiv_change_vs_equal,0.0017601149442575499,0.000792138201144425,0.00279586386065725,0.000688731459661155,0.005183772763903355,0.002161525592553265,20
"B=3.8,lam=0.5",proportional_gamma1,p5_indiv_change_vs_equal,0.0019491700185582002,0.000865649118647225,0.003160254737366975,0.00073692936893413,0.0052956722678089855,0.0023610613289157894,20
"B=3.8,lam=0.5",proportional_gamma1,capacity_utilization,1.0,1.0,1.0,1.0,1.0,1.0,20
"B=3.8,lam=0.5",proportional_gamma1,frac_cells_at_lower,0.0,0.0,0.0,0.0,0.0,0.0,20
"B=3.8,lam=0.5",proportional_gamma1,frac_cells_interior,1.0,1.0,1.0,1.0,1.0,1.0,20
"B=3.8,lam=0.5",proportional_gamma1,frac_cells_at_upper,0.0,0.0,0.0,0.0,0.0,0.0,20
"B=3.8,lam=0.5",tuned_gamma4.0,objective_regret,0.6897662949568737,0.6327476683989977,0.719892042909752,0.5252988378483691,0.7638836337194101,0.6642891705006843,20
"B=3.8,lam=0.5",tuned_gamma4.0,mean_norm_util,0.14642377270516438,0.14101277328188047,0.15232698094085528,0.13752484426616504,0.1606150468434343,0.14744718910676075,20
"B=3.8,lam=0.5",tuned_gamma4.0,min_norm_util,0.11582596139649115,0.11257738364085298,0.1184634797214108,0.11050777761334105,0.12351377184644208,0.11648216840969557,20
"B=3.8,lam=0.5",tuned_gamma4.0,median_norm_util,0.1331042536403657,0.12970467408070913,0.14016111224005684,0.12472042681694451,0.1487122406657003,0.13506546816060003,20
"B=3.8,lam=0.5",tuned_gamma4.0,frac_worse_than_equal,0.375,0.25,0.375,0.11875000000000001,0.5062500000000001,0.33125,20
"B=3.8,lam=0.5",tuned_gamma4.0,frac_worse_than_strongest_sep,0.0,0.0,0.0,0.0,0.0,0.0,20
"B=3.8,lam=0.5",tuned_gamma4.0,worst_indiv_change_vs_equal,-0.009174038603508749,-0.012422616359146925,-0.0065365202785891,-0.01449222238665886,-0.0014862281535578316,-0.00851783159030435,20
"B=3.8,lam=0.5",tuned_gamma4.0,p5_indiv_change_vs_equal,-0.008138137147186999,-0.01064286776834155,-0.0049720246636731,-0.01337987216358276,-8.625886665820644e-05,-0.007031355992343455,20
"B=3.8,lam=0.5",tuned_gamma4.0,capacity_utilization,1.0,1.0,1.0,1.0,1.0,1.0,20
"B=3.8,lam=0.5",tuned_gamma4.0,frac_cells_at_lower,0.0,0.0,0.0,0.0,0.0,0.0,20
"B=3.8,lam=0.5",tuned_gamma4.0,frac_cells_interior,1.0,1.0,1.0,1.0,1.0,1.0,20
"B=3.8,lam=0.5",tuned_gamma4.0,frac_cells_at_upper,0.0,0.0,0.0,0.0,0.0,0.0,20
"B=3.8,lam=0.75",equal,objective_regret,2.2857187059946824,2.030189592980582,2.3972019869136263,1.8450005930347684,2.6139774104940163,2.2296030699582863,20
"B=3.8,lam=0.75",equal,mean_norm_util,0.125,0.125,0.125,0.125,0.125,0.125,20
"B=3.8,lam=0.75",equal,min_norm_util,0.125,0.125,0.125,0.125,0.125,0.125,20
"B=3.8,lam=0.75",equal,median_norm_util,0.125,0.125,0.125,0.125,0.125,0.125,20
"B=3.8,lam=0.75",equal,frac_worse_than_equal,0.0,0.0,0.0,0.0,0.0,0.0,20
"B=3.8,lam=0.75",equal,frac_worse_than_strongest_sep,0.875,0.75,0.90625,0.74375,1.0,0.8625,20
"B=3.8,lam=0.75",equal,worst_indiv_change_vs_equal,0.0,0.0,0.0,0.0,0.0,0.0,20
"B=3.8,lam=0.75",equal,p5_indiv_change_vs_equal,0.0,0.0,0.0,0.0,0.0,0.0,20
"B=3.8,lam=0.75",equal,capacity_utilization,1.0,1.0,1.0,1.0,1.0,1.0,20
"B=3.8,lam=0.75",equal,frac_cells_at_lower,0.0,0.0,0.0,0.0,0.0,0.0,20
"B=3.8,lam=0.75",equal,frac_cells_interior,1.0,1.0,1.0,1.0,1.0,1.0,20
"B=3.8,lam=0.75",equal,frac_cells_at_upper,0.0,0.0,0.0,0.0,0.0,0.0,20
"B=3.8,lam=0.75",joint,objective_regret,0.0,0.0,0.0,0.0,0.0,0.0,20
"B=3.8,lam=0.75",joint,mean_norm_util,0.16709741382433416,0.1621241382528935,0.16905524707599665,0.15790291042558693,0.17398462164744222,0.1660908171628011,20
"B=3.8,lam=0.75",joint,min_norm_util,0.1469997242148108,0.14169504141606964,0.1508297086571699,0.13067361781120168,0.15468469882144276,0.14546654079416652,20
"B=3.8,lam=0.75",joint,median_norm_util,0.1639556561052123,0.1572135311822972,0.17017661270222503,0.15374539694767986,0.17501337085464488,0.1639923648140573,20
"B=3.8,lam=0.75",joint,frac_worse_than_equal,0.0,0.0,0.0,0.0,0.0,0.0,20
"B=3.8,lam=0.75",joint,frac_worse_than_strongest_sep,0.25,0.25,0.25,0.125,0.375,0.25,20
"B=3.8,lam=0.75",joint,worst_indiv_change_vs_equal,0.0219997242148108,0.016695041416069648,0.025829708657169853,0.00567361781120168,0.029684698821442746,0.020466540794166505,20
"B=3.8,lam=0.75",joint,p5_indiv_change_vs_equal,0.023596250047833202,0.017557550060403302,0.027912914628990374,0.01137181378644533,0.03168480686139745,0.022468389856057338,20
"B=3.8,lam=0.75",joint,capacity_utilization,0.9999999993414928,0.9999999990985446,0.9999999994458456,0.9999999989805018,0.9999999995692265,0.9999999992919599,20
"B=3.8,lam=0.75",joint,frac_cells_at_lower,0.6875,0.65625,0.6953125,0.625,0.71875,0.6765625,20
"B=3.8,lam=0.75",joint,frac_cells_interior,0.3125,0.3046875,0.34375,0.28125,0.375,0.3234375,20
"B=3.8,lam=0.75",joint,frac_cells_at_upper,0.0,0.0,0.0,0.0,0.0,0.0,20
"B=3.8,lam=0.75",oracle_envelope,objective_regret,0.4781877276754773,0.38011261548152125,0.5618821292343013,0.3512187618050477,0.6536605669882087,0.4842371957959267,20
"B=3.8,lam=0.75",oracle_envelope,mean_norm_util,0.1653042235246838,0.15985297211072208,0.16782248277788295,0.15137253520955582,0.17286734263959908,0.16367979286420575,20
"B=3.8,lam=0.75",oracle_envelope,min_norm_util,0.09661211967665076,0.09149572288700894,0.1042762045180779,0.0735495273247873,0.11584465352629741,0.09667638999847812,20
"B=3.8,lam=0.75",oracle_envelope,median_norm_util,0.15436556088220443,0.14912742628937634,0.1639497710249851,0.1347365217099001,0.1709624869541184,0.15464386061450014,20
"B=3.8,lam=0.75",oracle_envelope,frac_worse_than_equal,0.25,0.25,0.375,0.125,0.3812500000000001,0.26875,20
"B=3.8,lam=0.75",oracle_envelope,frac_worse_than_strongest_sep,0.375,0.34375,0.5,0.0,0.5,0.34375,20
"B=3.8,lam=0.75",oracle_envelope,worst_indiv_change_vs_equal,-0.02838788032334915,-0.03350427711299095,-0.020723795481922026,-0.0514504726752127,-0.009155346473702489,-0.028323610001521792,20
"B=3.8,lam=0.75",oracle_envelope,p5_indiv_change_vs_equal,-0.021703576903940848,-0.026057657085965177,-0.014111035586030725,-0.040173315183273314,-0.006245811061970554,-0.021750658098828264,20
"B=3.8,lam=0.75",oracle_envelope,capacity_utilization,1.0,1.0,1.0,1.0,1.0,1.0,20
"B=3.8,lam=0.75",oracle_envelope,frac_cells_at_lower,0.0,0.0,0.0,0.0,0.0,0.0,20
"B=3.8,lam=0.75",oracle_envelope,frac_cells_interior,1.0,1.0,1.0,1.0,1.0,1.0,20
"B=3.8,lam=0.75",oracle_envelope,frac_cells_at_upper,0.0,0.0,0.0,0.0,0.0,0.0,20
"B=3.8,lam=0.75",proportional_gamma1,objective_regret,1.6594408839541384,1.4607735362645826,1.7392817423183995,1.3130078618359644,1.9809751614478803,1.6304387847143214,20
"B=3.8,lam=0.75",proportional_gamma1,mean_norm_util,0.1350661916840745,0.1341607614154619,0.13582190695251825,0.13265333124650244,0.1360929146185563,0.13480043521203747,20
"B=3.8,lam=0.75",proportional_gamma1,min_norm_util,0.1300093409851863,0.12884674628129175,0.13102382281224534,0.1273453428143216,0.13220136839823765,0.1300092579183743,20
"B=3.8,lam=0.75",proportional_gamma1,median_norm_util,0.13424777394291182,0.13273223173646315,0.135443302349255,0.13078521332126575,0.13633824892198151,0.13387938458235676,20
"B=3.8,lam=0.75",proportional_gamma1,frac_worse_than_equal,0.0,0.0,0.0,0.0,0.0,0.0,20
"B=3.8,lam=0.75",proportional_gamma1,frac_worse_than_strongest_sep,0.75,0.75,0.875,0.5,0.8812500000000001,0.76875,20
"B=3.8,lam=0.75",proportional_gamma1,worst_indiv_change_vs_equal,0.0050093409851863,0.00384674628129175,0.00602382281224535,0.002345342814321615,0.007201368398237636,0.005009257918374289,20
"B=3.8,lam=0.75",proportional_gamma1,p5_indiv_change_vs_equal,0.005400942254561799,0.003979245346888525,0.006429671737400725,0.002645161803974365,0.007634934903149635,0.005333162180406065,20
"B=3.8,lam=0.75",proportional_gamma1,capacity_utilization,1.0,1.0,1.0,1.0,1.0,1.0,20
"B=3.8,lam=0.75",proportional_gamma1,frac_cells_at_lower,0.0,0.0,0.0,0.0,0.0,0.0,20
"B=3.8,lam=0.75",proportional_gamma1,frac_cells_interior,1.0,1.0,1.0,1.0,1.0,1.0,20
"B=3.8,lam=0.75",proportional_gamma1,frac_cells_at_upper,0.0,0.0,0.0,0.0,0.0,0.0,20
"B=3.8,lam=0.75",tuned_gamma4.0,objective_regret,0.6274874477764065,0.5927360867838534,0.6671268466219944,0.553733125216838,0.7438155029342378,0.6371909395386883,20
"B=3.8,lam=0.75",tuned_gamma4.0,mean_norm_util,0.15642231522812744,0.15134795439676788,0.1579359776364565,0.1483745261340922,0.16062563969575508,0.15524666837153384,20
"B=3.8,lam=0.75",tuned_gamma4.0,min_norm_util,0.1213100703992324,0.11870734009752384,0.12467820653153637,0.10785119308261606,0.13355121651747287,0.12122054467330275,20
"B=3.8,lam=0.75",tuned_gamma4.0,median_norm_util,0.14782075793105554,0.14396375805144446,0.15514382945241087,0.1347365217099001,0.15851056377678166,0.14843168781711474,20
"B=3.8,lam=0.75",tuned_gamma4.0,frac_worse_than_equal,0.125,0.09375,0.25,0.0,0.2562500000000001,0.1375,20
"B=3.8,lam=0.75",tuned_gamma4.0,frac_worse_than_strongest_sep,0.0,0.0,0.0,0.0,0.0,0.0,20
"B=3.8,lam=0.75",tuned_gamma4.0,worst_indiv_change_vs_equal,-0.0036899296007674998,-0.00629265990247605,-0.00032179346846357513,-0.017148806917383835,0.008551216517472844,-0.0037794553266971903,20
"B=3.8,lam=0.75",tuned_gamma4.0,p5_indiv_change_vs_equal,-0.0003943905883625,-0.00430403809735235,0.0036780317082954752,-0.01135090215044309,0.0091212246587474,-0.0006027761493565351,20
"B=3.8,lam=0.75",tuned_gamma4.0,capacity_utilization,1.0,1.0,1.0,1.0,1.0,1.0,20
"B=3.8,lam=0.75",tuned_gamma4.0,frac_cells_at_lower,0.0,0.0,0.0,0.0,0.0,0.0,20
"B=3.8,lam=0.75",tuned_gamma4.0,frac_cells_interior,1.0,1.0,1.0,1.0,1.0,1.0,20
"B=3.8,lam=0.75",tuned_gamma4.0,frac_cells_at_upper,0.0,0.0,0.0,0.0,0.0,0.0,20
"B=3.8,lam=1.0",equal,objective_regret,2.3756925011096204,2.195700159731633,2.4311070310586116,1.9825800353524092,2.5680083307116606,2.300424784271293,20
"B=3.8,lam=1.0",equal,mean_norm_util,0.125,0.125,0.125,0.125,0.125,0.125,20
"B=3.8,lam=1.0",equal,min_norm_util,0.125,0.125,0.125,0.125,0.125,0.125,20
"B=3.8,lam=1.0",equal,median_norm_util,0.125,0.125,0.125,0.125,0.125,0.125,20
"B=3.8,lam=1.0",equal,frac_worse_than_equal,0.0,0.0,0.0,0.0,0.0,0.0,20
"B=3.8,lam=1.0",equal,frac_worse_than_strongest_sep,0.875,0.875,1.0,0.74375,1.0,0.90625,20
"B=3.8,lam=1.0",equal,worst_indiv_change_vs_equal,0.0,0.0,0.0,0.0,0.0,0.0,20
"B=3.8,lam=1.0",equal,p5_indiv_change_vs_equal,0.0,0.0,0.0,0.0,0.0,0.0,20
"B=3.8,lam=1.0",equal,capacity_utilization,1.0,1.0,1.0,1.0,1.0,1.0,20
"B=3.8,lam=1.0",equal,frac_cells_at_lower,0.0,0.0,0.0,0.0,0.0,0.0,20
"B=3.8,lam=1.0",equal,frac_cells_interior,1.0,1.0,1.0,1.0,1.0,1.0,20
"B=3.8,lam=1.0",equal,frac_cells_at_upper,0.0,0.0,0.0,0.0,0.0,0.0,20
"B=3.8,lam=1.0",joint,objective_regret,0.0,0.0,0.0,0.0,0.0,0.0,20
"B=3.8,lam=1.0",joint,mean_norm_util,0.1692828480428768,0.16533187605342706,0.17151580256873178,0.16069964770230122,0.17346935612157222,0.16792007538259235,20
"B=3.8,lam=1.0",joint,min_norm_util,0.14572896947015285,0.14103877872417767,0.14970708878497346,0.13335685159675895,0.15454581268921863,0.14490428235377323,20
"B=3.8,lam=1.0",joint,median_norm_util,0.16357693391287254,0.16187673284857332,0.16788773638241117,0.15454444693381153,0.1706750828585633,0.16404384512512582,20
"B=3.8,lam=1.0",joint,frac_worse_than_equal,0.0,0.0,0.0,0.0,0.0,0.0,20
"B=3.8,lam=1.0",joint,frac_worse_than_strongest_sep,0.25,0.125,0.25,0.0,0.2562500000000001,0.2,20
"B=3.8,lam=1.0",joint,worst_indiv_change_vs_equal,0.02072896947015285,0.016038778724177673,0.024707088784973474,0.00835685159675895,0.02954581268921863,0.019904282353773246,20
"B=3.8,lam=1.0",joint,p5_indiv_change_vs_equal,0.0226697656336677,0.019208195386632473,0.028155411979639677,0.01376152667436103,0.030056339363966383,0.022397785663189534,20
"B=3.8,lam=1.0",joint,capacity_utilization,0.9999999993226674,0.9999999992147538,0.9999999994495004,0.9999999989727307,0.9999999996297414,0.9999999993238926,20
"B=3.8,lam=1.0",joint,frac_cells_at_lower,0.6875,0.65625,0.6875,0.6234375,0.6890625,0.6703125,20
"B=3.8,lam=1.0",joint,frac_cells_interior,0.3125,0.3125,0.34375,0.3109375,0.3765625,0.3296875,20
"B=3.8,lam=1.0",joint,frac_cells_at_upper,0.0,0.0,0.0,0.0,0.0,0.0,20
"B=3.8,lam=1.0",oracle_envelope,objective_regret,0.4451575530767329,0.3636806391628129,0.49463736032130606,0.30962483094124077,0.6702748408021583,0.4497791862971054,20
"B=3.8,lam=1.0",oracle_envelope,mean_norm_util,0.16548317657355655,0.1623890706993774,0.1711013413014516,0.15889299141129357,0.1752700642967443,0.16650007792781482,20
"B=3.8,lam=1.0",oracle_envelope,min_norm_util,0.09729034836729189,0.092315001124219,0.10459917729643842,0.08207492577249169,0.11303438742398073,0.09812848756793871,20
"B=3.8,lam=1.0",oracle_envelope,median_norm_util,0.1507545389501416,0.14750390512612707,0.16212653387685677,0.13951465848600028,0.17747753107474448,0.1548248956554691,20
"B=3.8,lam=1.0",oracle_envelope,frac_worse_than_equal,0.25,0.21875,0.375,0.125,0.375,0.2625,20
"B=3.8,lam=1.0",oracle_envelope,frac_worse_than_strongest_sep,0.5,0.375,0.5,0.0,0.625,0.41875,20
"B=3.8,lam=1.0",oracle_envelope,worst_indiv_change_vs_equal,-0.027709651632708,-0.0326849988757809,-0.02040082270356155,-0.042925074227508214,-0.011965612576019169,-0.026871512432061196,20
"B=3.8,lam=1.0",oracle_envelope,p5_indiv_change_vs_equal,-0.0186698881061427,-0.025859419968028298,-0.014062376068261474,-0.03346761058067684,-0.007539218345376143,-0.019936615279781335,20
"B=3.8,lam=1.0",oracle_envelope,capacity_utilization,1.0,1.0,1.0,1.0,1.0,1.0,20
"B=3.8,lam=1.0",oracle_envelope,frac_cells_at_lower,0.0,0.0,0.0,0.0,0.0,0.0,20
"B=3.8,lam=1.0",oracle_envelope,frac_cells_interior,1.0,1.0,1.0,1.0,1.0,1.0,20
"B=3.8,lam=1.0",oracle_envelope,frac_cells_at_upper,0.0,0.0,0.0,0.0,0.0,0.0,20
"B=3.8,lam=1.0",proportional_gamma1,objective_regret,1.7462089095839455,1.5571898298645612,1.7741092452458087,1.356629347204295,1.887149318715952,1.6611131077044206,20
"B=3.8,lam=1.0",proportional_gamma1,mean_norm_util,0.1355566608202449,0.13517213632358238,0.13600013335530048,0.13417660960023783,0.13627620274714075,0.13546079632060343,20
"B=3.8,lam=1.0",proportional_gamma1,min_norm_util,0.13138218340696275,0.13049527817086023,0.13177992005697758,0.1287819917241165,0.13368141902087563,0.13121534821712222,20
"B=3.8,lam=1.0",proportional_gamma1,median_norm_util,0.13496991389791774,0.13426463161689106,0.1356672264150196,0.13269919018508033,0.1364685580703238,0.13480974553154002,20
"B=3.8,lam=1.0",proportional_gamma1,frac_worse_than_equal,0.0,0.0,0.0,0.0,0.0,0.0,20
"B=3.8,lam=1.0",proportional_gamma1,frac_worse_than_strongest_sep,0.75,0.75,0.875,0.74375,1.0,0.8125,20
"B=3.8,lam=1.0",proportional_gamma1,worst_indiv_change_vs_equal,0.0063821834069627496,0.00549527817086025,0.0067799200569775755,0.0037819917241164,0.00868141902087554,0.00621534821712222,20
"B=3.8,lam=1.0",proportional_gamma1,p5_indiv_change_vs_equal,0.00656241011457665,0.005609213347271525,0.0072810939973397,0.003850017695411365,0.008809142633225511,0.0065155407012577,20
"B=3.8,lam=1.0",proportional_gamma1,capacity_utilization,1.0,1.0,1.0,1.0,1.0,1.0,20
"B=3.8,lam=1.0",proportional_gamma1,frac_cells_at_lower,0.0,0.0,0.0,0.0,0.0,0.0,20
"B=3.8,lam=1.0",proportional_gamma1,frac_cells_interior,1.0,1.0,1.0,1.0,1.0,1.0,20
"B=3.8,lam=1.0",proportional_gamma1,frac_cells_at_upper,0.0,0.0,0.0,0.0,0.0,0.0,20
"B=3.8,lam=1.0",tuned_gamma4.0,objective_regret,0.6097997673405402,0.5516981398753469,0.645600797912226,0.47995838068835345,0.6990784782972044,0.6005469726430432,20
"B=3.8,lam=1.0",tuned_gamma4.0,mean_norm_util,0.15827429963290834,0.1540109601730081,0.15981955214938615,0.15186609545972937,0.16264921373665145,0.15723731608386848,20
"B=3.8,lam=1.0",tuned_gamma4.0,min_norm_util,0.12431407614532469,0.12247127127733025,0.12818386093434478,0.11292022942837525,0.1348494463370557,0.12488033507718721,20
"B=3.8,lam=1.0",tuned_gamma4.0,median_norm_util,0.15049906943797856,0.1483429414597854,0.15545065933253854,0.13990853479639506,0.16059992717863847,0.1512185270238136,20
"B=3.8,lam=1.0",tuned_gamma4.0,frac_worse_than_equal,0.125,0.0,0.125,0.0,0.2562500000000001,0.09375,20
"B=3.8,lam=1.0",tuned_gamma4.0,frac_worse_than_strongest_sep,0.0,0.0,0.0,0.0,0.0,0.0,20
"B=3.8,lam=1.0",tuned_gamma4.0,worst_indiv_change_vs_equal,-0.0006859238546752,-0.00252872872266965,0.003183860934344775,-0.012079770571624649,0.00984944633705568,-0.0001196649228127343,20
"B=3.8,lam=1.0",tuned_gamma4.0,p5_indiv_change_vs_equal,0.00223532844510305,0.000275905185767775,0.0063130363639196,-0.006759550819119275,0.012159397612967578,0.00277325573198033,20
"B=3.8,lam=1.0",tuned_gamma4.0,capacity_utilization,1.0,1.0,1.0,1.0,1.0,1.0,20
"B=3.8,lam=1.0",tuned_gamma4.0,frac_cells_at_lower,0.0,0.0,0.0,0.0,0.0,0.0,20
"B=3.8,lam=1.0",tuned_gamma4.0,frac_cells_interior,1.0,1.0,1.0,1.0,1.0,1.0,20
"B=3.8,lam=1.0",tuned_gamma4.0,frac_cells_at_upper,0.0,0.0,0.0,0.0,0.0,0.0,20
