cell,rule,metric,median,iqr_lo,iqr_hi,p5,p95,mean,n
"B=1.3,lam=0.0",equal,objective_regret,-4.74206984790726e-09,-9.927622279803927e-09,-3.7140388542411525e-09,-1.713933102109877e-08,-9.259714772724694e-10,-6.6234338902404485e-09,100
"B=1.3,lam=0.0",equal,mean_norm_util,0.125,0.125,0.125,0.125,0.125,0.125,100
"B=1.3,lam=0.0",equal,min_norm_util,0.125,0.125,0.125,0.125,0.125,0.125,100
"B=1.3,lam=0.0",equal,median_norm_util,0.125,0.125,0.125,0.125,0.125,0.125,100
"B=1.3,lam=0.0",equal,frac_worse_than_equal,0.0,0.0,0.0,0.0,0.0,0.0,100
"B=1.3,lam=0.0",equal,frac_worse_than_strongest_sep,0.0,0.0,0.0,0.0,0.0,0.0,100
"B=1.3,lam=0.0",equal,worst_indiv_change_vs_equal,0.0,0.0,0.0,0.0,0.0,0.0,100
"B=1.3,lam=0.0",equal,p5_indiv_change_vs_equal,0.0,0.0,0.0,0.0,0.0,0.0,100
"B=1.3,lam=0.0",equal,capacity_utilization,1.0,1.0,1.0,1.0,1.0,1.0,100
"B=1.3,lam=0.0",equal,frac_cells_at_lower,0.0,0.0,0.0,0.0,0.0,0.0,100
"B=1.3,lam=0.0",equal,frac_cells_interior,1.0,1.0,1.0,1.0,1.0,1.0,100
"B=1.3,lam=0.0",equal,frac_cells_at_upper,0.0,0.0,0.0,0.0,0.0,0.0,100
"B=1.3,lam=0.0",joint,objective_regret,0.0,0.0,0.0,0.0,0.0,0.0,100
"B=1.3,lam=0.0",joint,mean_norm_util,0.12499999992988531,0.12499999985600002,0.12499999994432125,0.12499999974663782,0.12499999998621207,0.12499999990138912,100
"B=1.3,lam=0.0",joint,min_norm_util,0.12499943835151214,0.12499747043725165,0.12499974524692767,0.12499446411969525,0.12499991297009651,0.12499839677945943,100
"B=1.3,lam=0.0",joint,median_norm_util,0.12500004846018226,0.12499975608122278,0.1250003612904809,0.1249995668827869,0.12500079067209935,0.12500008750074956,100
"B=1.3,lam=0.0",joint,frac_worse_than_equal,0.125,0.125,0.875,0.125,0.875,0.45375,100
"B=1.3,lam=0.0",joint,frac_worse_than_strongest_sep,0.125,0.125,0.875,0.125,0.875,0.45375,100
"B=1.3,lam=0.0",joint,worst_indiv_change_vs_equal,-5.616484878082084e-07,-2.5295627483247485e-06,-2.5475307226588417e-07,-5.535880304658597e-06,-8.702990343528741e-08,-1.6032205405126787e-06,100
"B=1.3,lam=0.0",joint,p5_indiv_change_vs_equal,-4.289523234585202e-07,-1.5177641180788916e-06,-2.3719468361452223e-07,-3.3215869632409118e-06,-8.702990343528741e-08,-1.0114680889616867e-06,100
"B=1.3,lam=0.0",joint,capacity_utilization,0.999990932341843,0.9821208197554542,0.9999999478477576,0.9639284164370722,0.9999999880700692,0.9914208201335005,100
"B=1.3,lam=0.0",joint,frac_cells_at_lower,0.0,0.0,0.0,0.0,0.0,0.0,100
"B=1.3,lam=0.0",joint,frac_cells_interior,1.0,1.0,1.0,1.0,1.0,1.0,100
"B=1.3,lam=0.0",joint,frac_cells_at_upper,0.0,0.0,0.0,0.0,0.0,0.0,100
"B=1.3,lam=0.0",oracle_envelope,objective_regret,-4.74206984790726e-09,-9.927622279803927e-09,-3.7140388542411525e-09,-1.713933102109877e-08,-9.259714772724694e-10,-6.623434067876133e-09,100
"B=1.3,lam=0.0",oracle_envelope,mean_norm_util,0.125,0.125,0.125,0.125,0.125,0.125,100
"B=1.3,lam=0.0",oracle_envelope,min_norm_util,0.125,0.125,0.125,0.125,0.125,0.125,100
"B=1.3,lam=0.0",oracle_envelope,median_norm_util,0.125,0.125,0.125,0.125,0.125,0.125,100
"B=1.3,lam=0.0",oracle_envelope,frac_worse_than_equal,0.0,0.0,0.0,0.0,0.0,0.0,100
"B=1.3,lam=0.0",oracle_envelope,frac_worse_than_strongest_sep,0.0,0.0,0.0,0.0,0.0,0.0,100
"B=1.3,lam=0.0",oracle_envelope,worst_indiv_change_vs_equal,0.0,0.0,0.0,0.0,1.3877787807813668e-18,1.3877787807814458e-18,100
"B=1.3,lam=0.0",oracle_envelope,p5_indiv_change_vs_equal,0.0,0.0,0.0,0.0,1.3877787807813668e-18,1.3877787807814458e-18,100
"B=1.3,lam=0.0",oracle_envelope,capacity_utilization,1.0,1.0,1.0,1.0,1.0,1.0,100
"B=1.3,lam=0.0",oracle_envelope,frac_cells_at_lower,0.0,0.0,0.0,0.0,0.0,0.0,100
"B=1.3,lam=0.0",oracle_envelope,frac_cells_interior,1.0,1.0,1.0,1.0,1.0,1.0,100
"B=1.3,lam=0.0",oracle_envelope,frac_cells_at_upper,0.0,0.0,0.0,0.0,0.0,0.0,100
"B=1.3,lam=0.0",proportional_gamma1,objective_regret,-4.74206984790726e-09,-9.927622279803927e-09,-3.7140388542411525e-09,-1.713933102109877e-08,-9.259714772724694e-10,-6.623433854713312e-09,100
"B=1.3,lam=0.0",proportional_gamma1,mean_norm_util,0.125,0.125,0.125,0.125,0.125,0.125,100
"B=1.3,lam=0.0",proportional_gamma1,min_norm_util,0.125,0.125,0.125,0.125,0.125,0.125,100
"B=1.3,lam=0.0",proportional_gamma1,median_norm_util,0.125,0.125,0.125,0.125,0.125,0.125,100
"B=1.3,lam=0.0",proportional_gamma1,frac_worse_than_equal,0.0,0.0,0.0,0.0,0.0,0.0,100
"B=1.3,lam=0.0",proportional_gamma1,frac_worse_than_strongest_sep,0.0,0.0,0.0,0.0,0.0,0.0,100
"B=1.3,lam=0.0",proportional_gamma1,worst_indiv_change_vs_equal,0.0,0.0,0.0,-6.938893903907204e-19,0.0,4.163336342344337e-19,100
"B=1.3,lam=0.0",proportional_gamma1,p5_indiv_change_vs_equal,0.0,0.0,0.0,-6.938893903907204e-19,0.0,4.163336342344337e-19,100
"B=1.3,lam=0.0",proportional_gamma1,capacity_utilization,1.0,1.0,1.0,1.0,1.0,1.0,100
"B=1.3,lam=0.0",proportional_gamma1,frac_cells_at_lower,0.0,0.0,0.0,0.0,0.0,0.0,100
"B=1.3,lam=0.0",proportional_gamma1,frac_cells_interior,1.0,1.0,1.0,1.0,1.0,1.0,100
"B=1.3,lam=0.0",proportional_gamma1,frac_cells_at_upper,0.0,0.0,0.0,0.0,0.0,0.0,100
"B=1.3,lam=0.0",tuned_gamma4.0,objective_regret,-4.7420680715504204e-09,-9.927622279803927e-09,-3.7140388542411525e-09,-1.713933102109877e-08,-9.259714772724694e-10,-6.623433819186175e-09,100
"B=1.3,lam=0.0",tuned_gamma4.0,mean_norm_util,0.125,0.125,0.125,0.1249999999999999,0.125,0.125,100
"B=1.3,lam=0.0",tuned_gamma4.0,min_norm_util,0.125,0.125,0.125,0.1249999999999999,0.125,0.125,100
"B=1.3,lam=0.0",tuned_gamma4.0,median_norm_util,0.125,0.125,0.125,0.1249999999999999,0.125,0.125,100
"B=1.3,lam=0.0",tuned_gamma4.0,frac_worse_than_equal,0.0,0.0,0.0,0.0,0.0,0.0,100
"B=1.3,lam=0.0",tuned_gamma4.0,frac_worse_than_strongest_sep,0.0,0.0,0.0,0.0,0.0,0.0,100
"B=1.3,lam=0.0",tuned_gamma4.0,worst_indiv_change_vs_equal,0.0,0.0,0.0,-1.3877787807814457e-17,2.7755575615628914e-17,4.163336342344337e-19,100
"B=1.3,lam=0.0",tuned_gamma4.0,p5_indiv_change_vs_equal,0.0,0.0,0.0,-1.3877787807814457e-17,2.7755575615628914e-17,4.163336342344337e-19,100
"B=1.3,lam=0.0",tuned_gamma4.0,capacity_utilization,1.0,1.0,1.0,1.0,1.0,1.0,100
"B=1.3,lam=0.0",tuned_gamma4.0,frac_cells_at_lower,0.0,0.0,0.0,0.0,0.0,0.0,100
"B=1.3,lam=0.0",tuned_gamma4.0,frac_cells_interior,1.0,1.0,1.0,1.0,1.0,1.0,100
"B=1.3,lam=0.0",tuned_gamma4.0,frac_cells_at_upper,0.0,0.0,0.0,0.0,0.0,0.0,100
"B=1.3,lam=0.25",equal,objective_regret,2.4854237876704897,0.43952495236323225,4.511114577118419,0.13302965093835503,6.941787644628189,2.616095988337957,100
"B=1.3,lam=0.25",equal,mean_norm_util,0.125,0.125,0.125,0.125,0.125,0.125,100
"B=1.3,lam=0.25",equal,min_norm_util,0.125,0.125,0.125,0.125,0.125,0.125,100
"B=1.3,lam=0.25",equal,median_norm_util,0.125,0.125,0.125,0.125,0.125,0.125,100
"B=1.3,lam=0.25",equal,frac_worse_than_equal,0.0,0.0,0.0,0.0,0.0,0.0,100
"B=1.3,lam=0.25",equal,frac_worse_than_strongest_sep,0.9375,0.625,1.0,0.5,1.0,0.82625,100
"B=1.3,lam=0.25",equal,worst_indiv_change_vs_equal,0.0,0.0,0.0,0.0,0.0,0.0,100
"B=1.3,lam=0.25",equal,p5_indiv_change_vs_equal,0.0,0.0,0.0,0.0,0.0,0.0,100
"B=1.3,lam=0.25",equal,capacity_utilization,1.0,1.0,1.0,1.0,1.0,1.0,100
"B=1.3,lam=0.25",equal,frac_cells_at_lower,0.0,0.0,0.0,0.0,0.0,0.0,100
"B=1.3,lam=0.25",equal,frac_cells_interior,1.0,1.0,1.0,1.0,1.0,1.0,100
"B=1.3,lam=0.25",equal,frac_cells_at_upper,0.0,0.0,0.0,0.0,0.0,0.0,100
"B=1.3,lam=0.25",joint,objective_regret,0.0,0.0,0.0,0.0,0.0,0.0,100
"B=1.3,lam=0.25",joint,mean_norm_util,0.22315534416862348,0.13206371396920993,0.23019849898152525,0.12709725114722129,0.3346517935960531,0.1994532536875998,100
"B=1.3,lam=0.25",joint,min_norm_util,0.13670375431173365,0.12980892886681825,0.18040205618752408,0.12640741589952215,0.22314495461308814,0.15479647082810374,100
"B=1.3,lam=0.25",joint,median_norm_util,0.1389021878917298,0.13214156386470988,0.1809342129601925,0.1269943624206249,0.2633535065896925,0.1607613606980323,100
"B=1.3,lam=0.25",joint,frac_worse_than_equal,0.0,0.0,0.0,0.0,0.0,0.00125,100
"B=1.3,lam=0.25",joint,frac_worse_than_strongest_sep,0.375,0.25,0.375,0.125,0.5,0.315,100
"B=1.3,lam=0.25",joint,worst_indiv_change_vs_equal,0.01170375431173365,0.00480892886681825,0.05540205618752407,0.00140741589952214,0.09814495461308813,0.02979647082810375,100
"B=1.3,lam=0.25",joint,p5_indiv_change_vs_equal,0.012616865854998001,0.005448211822405374,0.0554234836857405,0.00144486879417438,0.09916511607053236,0.03054147732544778,100
"B=1.3,lam=0.25",joint,capacity_utilization,0.9999999760205861,0.9999996676497767,0.9999999948379326,0.9994744206219681,0.999999998085575,0.999669387678754,100
"B=1.3,lam=0.25",joint,frac_cells_at_lower,0.59375,0.46875,0.65625,0.25,0.6890624999999999,0.5434375,100
"B=1.3,lam=0.25",joint,frac_cells_interior,0.40625,0.34375,0.53125,0.3109375,0.75,0.4565625,100
"B=1.3,lam=0.25",joint,frac_cells_at_upper,0.0,0.0,0.0,0.0,0.0,0.0,100
"B=1.3,lam=0.25",oracle_envelope,objective_regret,0.03252824666323125,0.009226054195270426,0.06440081107818232,0.000992414074257635,0.10674183113568143,0.049253952436938454,100
"B=1.3,lam=0.25",oracle_envelope,mean_norm_util,0.2231551661164185,0.13188076732858756,0.23003325908027533,0.1268955385657973,0.3337762250762661,0.19963831584926,100
"B=1.3,lam=0.25",oracle_envelope,min_norm_util,0.12443520930184046,0.11919346955481083,0.15317810228159429,0.11495300772491737,0.21841160206315569,0.1433214948014407,100
"B=1.3,lam=0.25",oracle_envelope,median_norm_util,0.13351377636520745,0.12666019009505458,0.1820040006659859,0.1243459152995304,0.2645787425087732,0.15854262302622804,100
"B=1.3,lam=0.25",oracle_envelope,frac_worse_than_equal,0.125,0.0,0.375,0.0,0.5,0.195,100
"B=1.3,lam=0.25",oracle_envelope,frac_worse_than_strongest_sep,0.375,0.0,0.5,0.0,0.75,0.315,100
"B=1.3,lam=0.25",oracle_envelope,worst_indiv_change_vs_equal,-0.00056479069815945,-0.005806530445189075,0.028178102281594276,-0.01004699227508253,0.09341160206315569,0.01832149480144077,100
"B=1.3,lam=0.25",oracle_envelope,p5_indiv_change_vs_equal,0.0003011786063164,-0.0050493808941431,0.04983616290272558,-0.008417257397856976,0.09368118259958312,0.020197215150657918,100
"B=1.3,lam=0.25",oracle_envelope,capacity_utilization,1.0,1.0,1.0,1.0,1.0,1.0,100
"B=1.3,lam=0.25",oracle_envelope,frac_cells_at_lower,0.328125,0.25,0.40625,0.15625,0.5953124999999999,0.329375,100
"B=1.3,lam=0.25",oracle_envelope,frac_cells_interior,0.671875,0.59375,0.75,0.4046875,0.84375,0.670625,100
"B=1.3,lam=0.25",oracle_envelope,frac_cells_at_upper,0.0,0.0,0.0,0.0,0.0,0.0,100
"B=1.3,lam=0.25",proportional_gamma1,objective_regret,0.34990292142648016,0.22075403070090172,0.45386884738464767,0.08426810486838288,0.53077578484111,0.34613897728086945,100
"B=1.3,lam=0.25",proportional_gamma1,mean_norm_util,0.19057602744836688,0.12736222414418064,0.21143503754151263,0.12582484065672278,0.31014121912794196,0.18544246005014042,100
"B=1.3,lam=0.25",proportional_gamma1,min_norm_util,0.13344594330434578,0.12518991356933895,0.17343703439587504,0.12502251041237497,0.21145579923941601,0.1485445381718849,100
"B=1.3,lam=0.25",proportional_gamma1,median_norm_util,0.13449599178569516,0.12643544668323992,0.17529440921748285,0.12541894906974677,0.2500114016678048,0.15485087439251402,100
"B=1.3,lam=0.25",proportional_gamma1,frac_worse_than_equal,0.0,0.0,0.0,0.0,0.0,0.0,100
"B=1.3,lam=0.25",proportional_gamma1,frac_worse_than_strongest_sep,0.625,0.5,0.875,0.25,1.0,0.64875,100
"B=1.3,lam=0.25",proportional_gamma1,worst_indiv_change_vs_equal,0.0084459433043458,0.000189913569338925,0.048437034395874976,2.251041237500695e-05,0.08645579923941601,0.023544538171884902,100
"B=1.3,lam=0.25",proportional_gamma1,p5_indiv_change_vs_equal,0.008510840366465149,0.00029028528164765,0.04848251462081302,5.138012776417768e-05,0.08860875016390808,0.024135811565758183,100
"B=1.3,lam=0.25",proportional_gamma1,capacity_utilization,1.0,1.0,1.0,1.0,1.0,1.0,100
"B=1.3,lam=0.25",proportional_gamma1,frac_cells_at_lower,0.0,0.0,0.0,0.0,0.0,0.0,100
"B=1.3,lam=0.25",proportional_gamma1,frac_cells_interior,1.0,1.0,1.0,1.0,1.0,1.0,100
"B=1.3,lam=0.25",proportional_gamma1,frac_cells_at_upper,0.0,0.0,0.0,0.0,0.0,0.0,100
"B=1.3,lam=0.25",tuned_gamma4.0,objective_regret,0.05569055932727625,0.00983639426953785,0.09821255534980892,0.000992414074257635,0.1740528435373087,0.09607411645259915,100
"B=1.3,lam=0.25",tuned_gamma4.0,mean_norm_util,0.2231446479120578,0.1308481672730733,0.23003325908027533,0.1264800243590363,0.33462193734192736,0.19976805892511176,100
"B=1.3,lam=0.25",tuned_gamma4.0,min_norm_util,0.12532375903613818,0.1225744989351176,0.1530339995970681,0.11748204385527776,0.21841160206315569,0.14182706176150167,100
"B=1.3,lam=0.25",tuned_gamma4.0,median_norm_util,0.13300761382826592,0.12685223671934914,0.1816794466098034,0.12538147052991727,0.2645787425087732,0.1588005050768445,100
"B=1.3,lam=0.25",tuned_gamma4.0,frac_worse_than_equal,0.0625,0.0,0.375,0.0,0.5,0.17375,100
"B=1.3,lam=0.25",tuned_gamma4.0,frac_worse_than_strongest_sep,0.0,0.0,0.0,0.0,0.0,0.0,100
"B=1.3,lam=0.25",tuned_gamma4.0,worst_indiv_change_vs_equal,0.00032375903613823446,-0.0024255010648823,0.0280339995970681,-0.007517956144722143,0.09341160206315569,0.01682706176150169,100
"B=1.3,lam=0.25",tuned_gamma4.0,p5_indiv_change_vs_equal,0.00302540007030775,-0.001993305833539425,0.02959774960017865,-0.00378875666136299,0.09368118259958312,0.019463226689575064,100
"B=1.3,lam=0.25",tuned_gamma4.0,capacity_utilization,1.0,1.0,1.0,1.0,1.0,1.0,100
"B=1.3,lam=0.25",tuned_gamma4.0,frac_cells_at_lower,0.1875,0.125,0.2578125,0.0,0.40625,0.1965625,100
"B=1.3,lam=0.25",tuned_gamma4.0,frac_cells_interior,0.8125,0.7421875,0.875,0.59375,1.0,0.8034375,100
"B=1.3,lam=0.25",tuned_gamma4.0,frac_cells_at_upper,0.0,0.0,0.0,0.0,0.0,0.0,100
"B=1.3,lam=0.5",equal,objective_regret,5.455754795525172,4.402847117063103,7.016879878412288,2.825385297233456,9.550037228802546,5.767888407145965,100
"B=1.3,lam=0.5",equal,mean_norm_util,0.125,0.125,0.125,0.125,0.125,0.125,100
"B=1.3,lam=0.5",equal,min_norm_util,0.125,0.125,0.125,0.125,0.125,0.125,100
"B=1.3,lam=0.5",equal,median_norm_util,0.125,0.125,0.125,0.125,0.125,0.125,100
"B=1.3,lam=0.5",equal,frac_worse_than_equal,0.0,0.0,0.0,0.0,0.0,0.0,100
"B=1.3,lam=0.5",equal,frac_worse_than_strongest_sep,1.0,1.0,1.0,0.875,1.0,0.98125,100
"B=1.3,lam=0.5",equal,worst_indiv_change_vs_equal,0.0,0.0,0.0,0.0,0.0,0.0,100
"B=1.3,lam=0.5",equal,p5_indiv_change_vs_equal,0.0,0.0,0.0,0.0,0.0,0.0,100
"B=1.3,lam=0.5",equal,capacity_utilization,1.0,1.0,1.0,1.0,1.0,1.0,100
"B=1.3,lam=0.5",equal,frac_cells_at_lower,0.0,0.0,0.0,0.0,0.0,0.0,100
"B=1.3,lam=0.5",equal,frac_cells_interior,1.0,1.0,1.0,1.0,1.0,1.0,100
"B=1.3,lam=0.5",equal,frac_cells_at_upper,0.0,0.0,0.0,0.0,0.0,0.0,100
"B=1.3,lam=0.5",joint,objective_regret,0.0,0.0,0.0,0.0,0.0,0.0,100
"B=1.3,lam=0.5",joint,mean_norm_util,0.33343055733017846,0.23537317904893995,0.3401531358849793,0.21486622355334858,0.44013906562102706,0.305867103133057,100
"B=1.3,lam=0.5",joint,min_norm_util,0.18745725018338785,0.15934194713723193,0.2248153816842021,0.13560940780774097,0.29412638478434977,0.19764204017729664,100
"B=1.3,lam=0.5",joint,median_norm_util,0.1917385964049264,0.16172220494426545,0.266418127893505,0.14203660546114188,0.4362378567431069,0.22185750514409247,100
"B=1.3,lam=0.5",joint,frac_worse_than_equal,0.0,0.0,0.0,0.0,0.0,0.0,100
"B=1.3,lam=0.5",joint,frac_worse_than_strongest_sep,0.375,0.25,0.5,0.25,0.5,0.37625,100
"B=1.3,lam=0.5",joint,worst_indiv_change_vs_equal,0.062457250183387845,0.034341947137231925,0.09981538168420204,0.01060940780774097,0.1691263847843498,0.07264204017729665,100
"B=1.3,lam=0.5",joint,p5_indiv_change_vs_equal,0.06253269100688069,0.03450821736728725,0.10003468053564475,0.015712325305705935,0.1692017785079781,0.07331910522705685,100
"B=1.3,lam=0.5",joint,capacity_utilization,0.9999999971328073,0.9999999950915102,0.9999999985796997,0.9999999751239244,0.9999999993382386,0.9999999906184517,100
"B=1.3,lam=0.5",joint,frac_cells_at_lower,0.6875,0.6875,0.71875,0.5296875,0.75,0.6909375,100
"B=1.3,lam=0.5",joint,frac_cells_interior,0.3125,0.28125,0.3125,0.25,0.4703124999999999,0.3090625,100
"B=1.3,lam=0.5",joint,frac_cells_at_upper,0.0,0.0,0.0,0.0,0.0,0.0,100
"B=1.3,lam=0.5",oracle_envelope,objective_regret,0.0288058243704618,0.008219842589729926,0.05345055362882965,0.001584907913862915,0.14498212831158092,0.046282778333767496,100
"B=1.3,lam=0.5",oracle_envelope,mean_norm_util,0.33270427647268697,0.23515628623572743,0.3401032206761415,0.21954296891589,0.4401711342084554,0.30613091367611106,100
"B=1.3,lam=0.5",oracle_envelope,min_norm_util,0.1742566568168728,0.14665342832558845,0.2167010876500032,0.12172822650795465,0.2863355469313774,0.18351787982938994,100
"B=1.3,lam=0.5",oracle_envelope,median_norm_util,0.1964369079939651,0.16255144089196943,0.26406494590760465,0.13609156804616088,0.4247288558669498,0.22333818283250842,100
"B=1.3,lam=0.5",oracle_envelope,frac_worse_than_equal,0.0,0.0,0.0,0.0,0.125,0.02375,100
"B=1.3,lam=0.5",oracle_envelope,frac_worse_than_strongest_sep,0.0,0.0,0.375,0.0,0.625,0.18375,100
"B=1.3,lam=0.5",oracle_envelope,worst_indiv_change_vs_equal,0.0492566568168728,0.021653428325588447,0.0917010876500032,-0.00327177349204525,0.16133554693137736,0.05851787982938995,100
"B=1.3,lam=0.5",oracle_envelope,p5_indiv_change_vs_equal,0.05064219012007525,0.022295218757101876,0.09328587696061512,-0.0007250436450835849,0.16345448521016182,0.060926365205678505,100
"B=1.3,lam=0.5",oracle_envelope,capacity_utilization,1.0,1.0,1.0,1.0,1.0,1.0,100
"B=1.3,lam=0.5",oracle_envelope,frac_cells_at_lower,0.4375,0.34375,0.5,0.2171875,0.65625,0.4303125,100
"B=1.3,lam=0.5",oracle_envelope,frac_cells_interior,0.5625,0.5,0.65625,0.34375,0.7828124999999999,0.5696875,100
"B=1.3,lam=0.5",oracle_envelope,frac_cells_at_upper,0.0,0.0,0.0,0.0,0.0,0.0,100
"B=1.3,lam=0.5",proportional_gamma1,objective_regret,0.4193376187142856,0.36392009596903024,0.46957789334911126,0.2812300241014315,0.5526474056893655,0.4151655666861662,100
"B=1.3,lam=0.5",proportional_gamma1,mean_norm_util,0.29866059204247625,0.22134363135554147,0.31974451046416175,0.19711382760115903,0.41140517977020896,0.2842506589361758,100
"B=1.3,lam=0.5",proportional_gamma1,min_norm_util,0.17781501788548654,0.15146937171100183,0.21653785152784888,0.13290633195819399,0.2780447999720633,0.18702415867177252,100
"B=1.3,lam=0.5",proportional_gamma1,median_norm_util,0.19131590259358033,0.15902514002374857,0.25550331673632815,0.1377010926350197,0.3960127100593988,0.21418641613239764,100
"B=1.3,lam=0.5",proportional_gamma1,frac_worse_than_equal,0.0,0.0,0.0,0.0,0.0,0.0,100
"B=1.3,lam=0.5",proportional_gamma1,frac_worse_than_strongest_sep,0.75,0.625,1.0,0.375,1.0,0.75875,100
"B=1.3,lam=0.5",proportional_gamma1,worst_indiv_change_vs_equal,0.05281501788548655,0.02646937171100185,0.09153785152784888,0.007906331958193966,0.15304479997206327,0.062024158671772495,100
"B=1.3,lam=0.5",proportional_gamma1,p5_indiv_change_vs_equal,0.052842989727229256,0.02672107610847155,0.09244456158621517,0.00896873126006416,0.15626880815092845,0.06274420819765267,100
"B=1.3,lam=0.5",proportional_gamma1,capacity_utilization,1.0,1.0,1.0,1.0,1.0,1.0,100
"B=1.3,lam=0.5",proportional_gamma1,frac_cells_at_lower,0.0,0.0,0.0,0.0,0.0,0.0,100
"B=1.3,lam=0.5",proportional_gamma1,frac_cells_interior,1.0,1.0,1.0,1.0,1.0,1.0,100
"B=1.3,lam=0.5",proportional_gamma1,frac_cells_at_upper,0.0,0.0,0.0,0.0,0.0,0.0,100
"B=1.3,lam=0.5",tuned_gamma4.0,objective_regret,0.0341863605733383,0.00867233589515145,0.07205886412338723,0.001584907913862915,0.1774846659753555,0.07183720412810381,100
"B=1.3,lam=0.5",tuned_gamma4.0,mean_norm_util,0.33346881398423045,0.23525762485264867,0.3399919542530477,0.22625041558651254,0.4401711342084554,0.30634335873655294,100
"B=1.3,lam=0.5",tuned_gamma4.0,min_norm_util,0.17533289092648668,0.14614655907189833,0.21707819844118648,0.12217944532778399,0.2863355469313774,0.18265126967065512,100
"B=1.3,lam=0.5",tuned_gamma4.0,median_norm_util,0.1964369079939651,0.16162409487055907,0.26406494590760465,0.13607441995919703,0.4247288558669498,0.2231234549787799,100
"B=1.3,lam=0.5",tuned_gamma4.0,frac_worse_than_equal,0.0,0.0,0.0,0.0,0.125,0.01875,100
"B=1.3,lam=0.5",tuned_gamma4.0,frac_worse_than_strongest_sep,0.0,0.0,0.0,0.0,0.0,0.0,100
"B=1.3,lam=0.5",tuned_gamma4.0,worst_indiv_change_vs_equal,0.0503328909264867,0.021146559071898323,0.09207819844118648,-0.00282055467221591,0.16133554693137736,0.057651269670655134,100
"B=1.3,lam=0.5",tuned_gamma4.0,p5_indiv_change_vs_equal,0.05083815168502445,0.022509219443414673,0.09361252450845335,-0.0026581028555284197,0.16345448521016182,0.06043835269422646,100
"B=1.3,lam=0.5",tuned_gamma4.0,capacity_utilization,1.0,1.0,1.0,1.0,1.0,1.0,100
"B=1.3,lam=0.5",tuned_gamma4.0,frac_cells_at_lower,0.375,0.3125,0.4375,0.1875,0.5,0.371875,100
"B=1.3,lam=0.5",tuned_gamma4.0,frac_cells_interior,0.625,0.5625,0.6875,0.5,0.8125,0.628125,100
"B=1.3,lam=0.5",tuned_gamma4.0,frac_cells_at_upper,0.0,0.0,0.0,0.0,0.0,0.0,100
"B=1.3,lam=0.75",equal,objective_regret,7.912226880296156,7.118992218679753,9.53318774898636,5.513791621046897,9.592264447885151,8.022641399325103,100
"B=1.3,lam=0.75",equal,mean_norm_util,0.125,0.125,0.125,0.125,0.125,0.125,100
"B=1.3,lam=0.75",equal,min_norm_util,0.125,0.125,0.125,0.125,0.125,0.125,100
"B=1.3,lam=0.75",equal,median_norm_util,0.125,0.125,0.125,0.125,0.125,0.125,100
"B=1.3,lam=0.75",equal,frac_worse_than_equal,0.0,0.0,0.0,0.0,0.0,0.0,100
"B=1.3,lam=0.75",equal,frac_worse_than_strongest_sep,1.0,1.0,1.0,1.0,1.0,0.99625,100
"B=1.3,lam=0.75",equal,worst_indiv_change_vs_equal,0.0,0.0,0.0,0.0,0.0,0.0,100
"B=1.3,lam=0.75",equal,p5_indiv_change_vs_equal,0.0,0.0,0.0,0.0,0.0,0.0,100
"B=1.3,lam=0.75",equal,capacity_utilization,1.0,1.0,1.0,1.0,1.0,1.0,100
"B=1.3,lam=0.75",equal,frac_cells_at_lower,0.0,0.0,0.0,0.0,0.0,0.0,100
"B=1.3,lam=0.75",equal,frac_cells_interior,1.0,1.0,1.0,1.0,1.0,1.0,100
"B=1.3,lam=0.75",equal,frac_cells_at_upper,0.0,0.0,0.0,0.0,0.0,0.0,100
"B=1.3,lam=0.75",joint,objective_regret,0.0,0.0,0.0,0.0,0.0,0.0,100
"B=1.3,lam=0.75",joint,mean_norm_util,0.3414036767565566,0.3394428420143429,0.43964507889741533,0.32015054045020025,0.4411125069041547,0.37869324225416784,100
"B=1.3,lam=0.75",joint,min_norm_util,0.23946168759333206,0.22304209978254502,0.29411973676205555,0.16324285322030446,0.2984990397989355,0.2514874700868373,100
"B=1.3,lam=0.75",joint,median_norm_util,0.3246606344975088,0.2698127063255763,0.4361782154812245,0.17519472340484002,0.4382980764722265,0.32419885102395435,100
"B=1.3,lam=0.75",joint,frac_worse_than_equal,0.0,0.0,0.0,0.0,0.0,0.0,100
"B=1.3,lam=0.75",joint,frac_worse_than_strongest_sep,0.375,0.375,0.5,0.25,0.625,0.42375,100
"B=1.3,lam=0.75",joint,worst_indiv_change_vs_equal,0.11446168759333206,0.09804209978254502,0.16911973676205547,0.038242853220304455,0.1734990397989355,0.1264874700868373,100
"B=1.3,lam=0.75",joint,p5_indiv_change_vs_equal,0.1144952040209538,0.098127099693844,0.16992303263687145,0.04947641531339467,0.1737025474139424,0.1283741450486027,100
"B=1.3,lam=0.75",joint,capacity_utilization,0.9999999986750256,0.9999999977764372,0.9999999991299408,0.9999999955839761,0.9999999994329093,0.999999998178982,100
"B=1.3,lam=0.75",joint,frac_cells_at_lower,0.71875,0.71875,0.75,0.6875,0.75,0.7253125,100
"B=1.3,lam=0.75",joint,frac_cells_interior,0.28125,0.25,0.28125,0.25,0.3125,0.2746875,100
"B=1.3,lam=0.75",joint,frac_cells_at_upper,0.0,0.0,0.0,0.0,0.0,0.0,100
"B=1.3,lam=0.75",oracle_envelope,objective_regret,0.00800382488615795,0.002015778740228825,0.027700473154589497,0.000686218567730895,0.13223754539337934,0.027783333436772844,100
"B=1.3,lam=0.75",oracle_envelope,mean_norm_util,0.3412513651549154,0.3395883522479284,0.43968016434302226,0.32208895598338927,0.44115325388640686,0.37893247632612925,100
"B=1.3,lam=0.75",oracle_envelope,min_norm_util,0.22019589671087306,0.21235034882285408,0.2852253089999496,0.14618563517627772,0.2939250759263063,0.23786899342137893,100
"B=1.3,lam=0.75",oracle_envelope,median_norm_util,0.3245278309429945,0.2742402535002011,0.4217032247665022,0.17459606536613564,0.4352936614354595,0.3235898496643739,100
"B=1.3,lam=0.75",oracle_envelope,frac_worse_than_equal,0.0,0.0,0.0,0.0,0.0,0.0025,100
"B=1.3,lam=0.75",oracle_envelope,frac_worse_than_strongest_sep,0.0,0.0,0.40625,0.0,0.625,0.17625,100
"B=1.3,lam=0.75",oracle_envelope,worst_indiv_change_vs_equal,0.09519589671087306,0.08735034882285408,0.16022530899994955,0.02118563517627772,0.16892507592630626,0.11286899342137892,100
"B=1.3,lam=0.75",oracle_envelope,p5_indiv_change_vs_equal,0.09550145338811436,0.09113389102980328,0.16367346773527003,0.026136000099865574,0.170759876358122,0.11734825560874391,100
"B=1.3,lam=0.75",oracle_envelope,capacity_utilization,1.0,1.0,1.0,1.0,1.0,1.0,100
"B=1.3,lam=0.75",oracle_envelope,frac_cells_at_lower,0.46875,0.4375,0.59375,0.3421875,0.6875,0.4978125,100
"B=1.3,lam=0.75",oracle_envelope,frac_cells_interior,0.53125,0.40625,0.5625,0.3125,0.6578124999999999,0.5021875,100
"B=1.3,lam=0.75",oracle_envelope,frac_cells_at_upper,0.0,0.0,0.0,0.0,0.0,0.0,100
"B=1.3,lam=0.75",proportional_gamma1,objective_regret,0.4471351271089627,0.4021439691132284,0.4817201690061452,0.3081213333732922,0.5055717054623303,0.4369504219813696,100
"B=1.3,lam=0.75",proportional_gamma1,mean_norm_util,0.3272759243271264,0.31679534865762415,0.4070946721618453,0.2939405282602437,0.4135936807726756,0.3536243923163227,100
"B=1.3,lam=0.75",proportional_gamma1,min_norm_util,0.22191900622495644,0.21555965288310033,0.2825254582703971,0.1548474928023166,0.2919270495543265,0.24000404897401315,100
"B=1.3,lam=0.75",proportional_gamma1,median_norm_util,0.30208114067619796,0.2631573092617614,0.3785373823911543,0.1719983510224182,0.4113975908935758,0.3070602227215858,100
"B=1.3,lam=0.75",proportional_gamma1,frac_worse_than_equal,0.0,0.0,0.0,0.0,0.0,0.0,100
"B=1.3,lam=0.75",proportional_gamma1,frac_worse_than_strongest_sep,0.875,0.75,1.0,0.5,1.0,0.845,100
"B=1.3,lam=0.75",proportional_gamma1,worst_indiv_change_vs_equal,0.0969190062249564,0.09055965288310032,0.15752545827039707,0.029847492802316595,0.1669270495543265,0.11500404897401316,100
"B=1.3,lam=0.75",proportional_gamma1,p5_indiv_change_vs_equal,0.09777597023777275,0.09169350518318398,0.15917283800895354,0.037551785531944715,0.1672409596438124,0.11671347595844143,100
"B=1.3,lam=0.75",proportional_gamma1,capacity_utilization,1.0,1.0,1.0,1.0,1.0,1.0,100
"B=1.3,lam=0.75",proportional_gamma1,frac_cells_at_lower,0.0,0.0,0.0,0.0,0.0,0.0,100
"B=1.3,lam=0.75",proportional_gamma1,frac_cells_interior,1.0,1.0,1.0,1.0,1.0,1.0,100
"B=1.3,lam=0.75",proportional_gamma1,frac_cells_at_upper,0.0,0.0,0.0,0.0,0.0,0.0,100
"B=1.3,lam=0.75",tuned_gamma4.0,objective_regret,0.00980377871945485,0.002015778740228825,0.03202605507815095,0.000686218567730895,0.24375038126022608,0.04887652860637413,100
"B=1.3,lam=0.75",tuned_gamma4.0,mean_norm_util,0.3409476749490316,0.33954108045679793,0.4396773904778227,0.33046879935010726,0.44115325388640686,0.3792792917287776,100
"B=1.3,lam=0.75",tuned_gamma4.0,min_norm_util,0.21995599716322226,0.2153346545375103,0.2854616221654731,0.1461033865509612,0.29410758073204446,0.2358151553065968,100
"B=1.3,lam=0.75",tuned_gamma4.0,median_norm_util,0.3266909462439422,0.2757258998082097,0.4217032247665022,0.17149374357790845,0.43529288503446933,0.3240751393249267,100
"B=1.3,lam=0.75",tuned_gamma4.0,frac_worse_than_equal,0.0,0.0,0.0,0.0,0.0,0.00375,100
"B=1.3,lam=0.75",tuned_gamma4.0,frac_worse_than_strongest_sep,0.0,0.0,0.0,0.0,0.0,0.0,100
"B=1.3,lam=0.75",tuned_gamma4.0,worst_indiv_change_vs_equal,0.09495599716322226,0.0903346545375103,0.1604616221654731,0.021103386550961202,0.16910758073204446,0.11081515530659684,100
"B=1.3,lam=0.75",tuned_gamma4.0,p5_indiv_change_vs_equal,0.09659979584533715,0.0924330991269576,0.16386991979269394,0.023947463720507062,0.1710205353863006,0.11624315233127483,100
"B=1.3,lam=0.75",tuned_gamma4.0,capacity_utilization,1.0,1.0,1.0,1.0,1.0,1.0,100
"B=1.3,lam=0.75",tuned_gamma4.0,frac_cells_at_lower,0.4375,0.40625,0.4765625,0.3421875,0.5,0.44,100
"B=1.3,lam=0.75",tuned_gamma4.0,frac_cells_interior,0.5625,0.5234375,0.59375,0.5,0.6578124999999999,0.56,100
"B=1.3,lam=0.75",tuned_gamma4.0,frac_cells_at_upper,0.0,0.0,0.0,0.0,0.0,0.0,100
"B=1.3,lam=1.0",equal,objective_regret,8.752625188640694,7.640981562212877,9.54449197012428,5.591322350284113,9.591061005521835,8.364464645453511,100
"B=1.3,lam=1.0",equal,mean_norm_util,0.125,0.125,0.125,0.125,0.125,0.125,100
"B=1.3,lam=1.0",equal,min_norm_util,0.125,0.125,0.125,0.125,0.125,0.125,100
"B=1.3,lam=1.0",equal,median_norm_util,0.125,0.125,0.125,0.125,0.125,0.125,100
"B=1.3,lam=1.0",equal,frac_worse_than_equal,0.0,0.0,0.0,0.0,0.0,0.0,100
"B=1.3,lam=1.0",equal,frac_worse_than_strongest_sep,1.0,1.0,1.0,0.99375,1.0,0.99375,100
"B=1.3,lam=1.0",equal,worst_indiv_change_vs_equal,0.0,0.0,0.0,0.0,0.0,0.0,100
"B=1.3,lam=1.0",equal,p5_indiv_change_vs_equal,0.0,0.0,0.0,0.0,0.0,0.0,100
"B=1.3,lam=1.0",equal,capacity_utilization,1.0,1.0,1.0,1.0,1.0,1.0,100
"B=1.3,lam=1.0",equal,frac_cells_at_lower,0.0,0.0,0.0,0.0,0.0,0.0,100
"B=1.3,lam=1.0",equal,frac_cells_interior,1.0,1.0,1.0,1.0,1.0,1.0,100
"B=1.3,lam=1.0",equal,frac_cells_at_upper,0.0,0.0,0.0,0.0,0.0,0.0,100
"B=1.3,lam=1.0",joint,objective_regret,0.0,0.0,0.0,0.0,0.0,0.0,100
"B=1.3,lam=1.0",joint,mean_norm_util,0.43779825998426325,0.3401969526522715,0.4398178681513917,0.33139419354515326,0.4414073375667013,0.395373505485936,100
"B=1.3,lam=1.0",joint,min_norm_util,0.2940631072757728,0.2231052507961249,0.29413852595711526,0.1683885273305801,0.29576000224335885,0.2587899704458685,100
"B=1.3,lam=1.0",joint,median_norm_util,0.33196580960884986,0.29589322115673455,0.43623357489372594,0.1833329357091099,0.43949854360775376,0.3381980681799384,100
"B=1.3,lam=1.0",joint,frac_worse_than_equal,0.0,0.0,0.0,0.0,0.0,0.0,100
"B=1.3,lam=1.0",joint,frac_worse_than_strongest_sep,0.375,0.375,0.5,0.25,0.5,0.40625,100
"B=1.3,lam=1.0",joint,worst_indiv_change_vs_equal,0.16906310727577273,0.0981052507961249,0.16913852595711526,0.04338852733058009,0.17076000224335883,0.1337899704458685,100
"B=1.3,lam=1.0",joint,p5_indiv_change_vs_equal,0.1691194209413781,0.09833254434349062,0.16955566322968102,0.055003288501251135,0.1717376486812308,0.1357970541082964,100
"B=1.3,lam=1.0",joint,capacity_utilization,0.9999999989435996,0.9999999985075521,0.9999999992744772,0.9999999970003133,0.9999999994887314,0.9999999983063255,100
"B=1.3,lam=1.0",joint,frac_cells_at_lower,0.75,0.71875,0.75,0.6875,0.75,0.72875,100
"B=1.3,lam=1.0",joint,frac_cells_interior,0.25,0.25,0.28125,0.25,0.3125,0.27125,100
"B=1.3,lam=1.0",joint,frac_cells_at_upper,0.0,0.0,0.0,0.0,0.0,0.0,100
"B=1.3,lam=1.0",oracle_envelope,objective_regret,0.0030946446239478497,0.0015846707223792001,0.03672652457320865,0.0007064975865146451,0.12493755127974876,0.03149456966073169,100
"B=1.3,lam=1.0",oracle_envelope,mean_norm_util,0.4378215893390103,0.34025770418762735,0.43985003312543913,0.3313557611730596,0.44144406472620584,0.39579960181911905,100
"B=1.3,lam=1.0",oracle_envelope,min_norm_util,0.277945212941697,0.21457703295080602,0.28740742485792825,0.1490241705225385,0.29278033876580356,0.24461326852058365,100
"B=1.3,lam=1.0",oracle_envelope,median_norm_util,0.33242486467876764,0.2944118506668749,0.4279132858497726,0.1871786712313675,0.4356996795354652,0.336103850329841,100
"B=1.3,lam=1.0",oracle_envelope,frac_worse_than_equal,0.0,0.0,0.0,0.0,0.0,0.0025,100
"B=1.3,lam=1.0",oracle_envelope,frac_worse_than_strongest_sep,0.0,0.0,0.375,0.0,0.75,0.15625,100
"B=1.3,lam=1.0",oracle_envelope,worst_indiv_change_vs_equal,0.152945212941697,0.08957703295080602,0.16240742485792828,0.0240241705225385,0.16778033876580353,0.11961326852058374,100
"B=1.3,lam=1.0",oracle_envelope,p5_indiv_change_vs_equal,0.15672992092545915,0.09315488178417104,0.1640132705958225,0.036008232389565534,0.16843566923136372,0.12465042496165232,100
"B=1.3,lam=1.0",oracle_envelope,capacity_utilization,1.0,1.0,1.0,1.0,1.0,1.0,100
"B=1.3,lam=1.0",oracle_envelope,frac_cells_at_lower,0.46875,0.4609375,0.5,0.3421875,0.65625,0.4840625,100
"B=1.3,lam=1.0",oracle_envelope,frac_cells_interior,0.53125,0.5,0.5390625,0.34375,0.6578124999999999,0.5159375,100
"B=1.3,lam=1.0",oracle_envelope,frac_cells_at_upper,0.0,0.0,0.0,0.0,0.0,0.0,100
"B=1.3,lam=1.0",proportional_gamma1,objective_regret,0.44585626876466833,0.37568313864150843,0.47883515987936853,0.29128821015888207,0.5439049887575966,0.43714966770615854,100
"B=1.3,lam=1.0",proportional_gamma1,mean_norm_util,0.39793285378107524,0.32374965582112614,0.4068615143554045,0.304121161864604,0.41282099207095657,0.368220632678045,100
"B=1.3,lam=1.0",proportional_gamma1,min_norm_util,0.2745199666489797,0.2187265629795314,0.2862162983857666,0.17508227818912675,0.2926534433069891,0.2481980981159432,100
"B=1.3,lam=1.0",proportional_gamma1,median_norm_util,0.3176190614188485,0.28343834061189527,0.39607377190404636,0.18512496732127035,0.4207311310322439,0.31953911789739864,100
"B=1.3,lam=1.0",proportional_gamma1,frac_worse_than_equal,0.0,0.0,0.0,0.0,0.0,0.0,100
"B=1.3,lam=1.0",proportional_gamma1,frac_worse_than_strongest_sep,0.875,0.75,0.875,0.625,1.0,0.83375,100
"B=1.3,lam=1.0",proportional_gamma1,worst_indiv_change_vs_equal,0.1495199666489797,0.0937265629795314,0.16121629838576662,0.050082278189126736,0.16765344330698914,0.12319809811594327,100
"B=1.3,lam=1.0",proportional_gamma1,p5_indiv_change_vs_equal,0.15069804003699205,0.09468684306355513,0.1614602264494477,0.052019909999683644,0.16801418333342785,0.1250477652423275,100
"B=1.3,lam=1.0",proportional_gamma1,capacity_utilization,1.0,1.0,1.0,1.0,1.0,1.0,100
"B=1.3,lam=1.0",proportional_gamma1,frac_cells_at_lower,0.0,0.0,0.0,0.0,0.0,0.0,100
"B=1.3,lam=1.0",proportional_gamma1,frac_cells_interior,1.0,1.0,1.0,1.0,1.0,1.0,100
"B=1.3,lam=1.0",proportional_gamma1,frac_cells_at_upper,0.0,0.0,0.0,0.0,0.0,0.0,100
"B=1.3,lam=1.0",tuned_gamma4.0,objective_regret,0.00314020082132585,0.0015846707223792001,0.04837778190273842,0.0007064975865146451,0.21654035374225722,0.06452810406664682,100
"B=1.3,lam=1.0",tuned_gamma4.0,mean_norm_util,0.43802165440270846,0.3402454677318729,0.43985003312543913,0.33529768199099913,0.44144406472620584,0.39645209926491437,100
"B=1.3,lam=1.0",tuned_gamma4.0,min_norm_util,0.2774614141809765,0.2145952837718316,0.28754209932065716,0.12569473850618068,0.2929890188939397,0.23968844737448125,100
"B=1.3,lam=1.0",tuned_gamma4.0,median_norm_util,0.33339370056816436,0.2941217313075225,0.4279132858497726,0.1871786712313675,0.4361011005444627,0.33659817341417836,100
"B=1.3,lam=1.0",tuned_gamma4.0,frac_worse_than_equal,0.0,0.0,0.0,0.0,0.006249999999999645,0.00625,100
"B=1.3,lam=1.0",tuned_gamma4.0,frac_worse_than_strongest_sep,0.0,0.0,0.0,0.0,0.0,0.0,100
"B=1.3,lam=1.0",tuned_gamma4.0,worst_indiv_change_vs_equal,0.1524614141809765,0.0895952837718316,0.16254209932065716,0.0006947385061806836,0.1679890188939397,0.11468844737448132,100
"B=1.3,lam=1.0",tuned_gamma4.0,p5_indiv_change_vs_equal,0.1545555315212345,0.09103085176737868,0.16436537382333538,0.026236995803494662,0.1687664917964935,0.1216609152309023,100
"B=1.3,lam=1.0",tuned_gamma4.0,capacity_utilization,1.0,1.0,1.0,1.0,1.0,1.0,100
"B=1.3,lam=1.0",tuned_gamma4.0,frac_cells_at_lower,0.46875,0.4375,0.5,0.3734375,0.5,0.46125,100
"B=1.3,lam=1.0",tuned_gamma4.0,frac_cells_interior,0.53125,0.5,0.5625,0.5,0.6265624999999999,0.53875,100
"B=1.3,lam=1.0",tuned_gamma4.0,frac_cells_at_upper,0.0,0.0,0.0,0.0,0.0,0.0,100
"B=2.0,lam=0.0",equal,objective_regret,-5.714115403065989e-09,-9.341116324890208e-09,-3.705563855760374e-09,-1.708682830781072e-08,-1.244605485339889e-09,-7.087717719400643e-09,100
"B=2.0,lam=0.0",equal,mean_norm_util,0.125,0.125,0.125,0.125,0.125,0.125,100
"B=2.0,lam=0.0",equal,min_norm_util,0.125,0.125,0.125,0.125,0.125,0.125,100
"B=2.0,lam=0.0",equal,median_norm_util,0.125,0.125,0.125,0.125,0.125,0.125,100
"B=2.0,lam=0.0",equal,frac_worse_than_equal,0.0,0.0,0.0,0.0,0.0,0.0,100
"B=2.0,lam=0.0",equal,frac_worse_than_strongest_sep,0.0,0.0,0.0,0.0,0.0,0.0,100
"B=2.0,lam=0.0",equal,worst_indiv_change_vs_equal,0.0,0.0,0.0,0.0,0.0,0.0,100
"B=2.0,lam=0.0",equal,p5_indiv_change_vs_equal,0.0,0.0,0.0,0.0,0.0,0.0,100
"B=2.0,lam=0.0",equal,capacity_utilization,1.0,1.0,1.0,1.0,1.0,1.0,100
"B=2.0,lam=0.0",equal,frac_cells_at_lower,0.0,0.0,0.0,0.0,0.0,0.0,100
"B=2.0,lam=0.0",equal,frac_cells_interior,1.0,1.0,1.0,1.0,1.0,1.0,100
"B=2.0,lam=0.0",equal,frac_cells_at_upper,0.0,0.0,0.0,0.0,0.0,0.0,100
"B=2.0,lam=0.0",joint,objective_regret,0.0,0.0,0.0,0.0,0.0,0.0,100
"B=2.0,lam=0.0",joint,mean_norm_util,0.12499999991288616,0.1249999998676848,0.12499999994440052,0.12499999975358352,0.12499999998118207,0.12499999989536015,100
"B=2.0,lam=0.0",joint,min_norm_util,0.12499935376772556,0.12499774474232055,0.12499972365020152,0.12499450505545014,0.12499993205593962,0.12499849438253051,100
"B=2.0,lam=0.0",joint,median_norm_util,0.12499995225325686,0.1249996783568933,0.12500032211626622,0.12499925008166801,0.12500078466176143,0.12499998981259339,100
"B=2.0,lam=0.0",joint,frac_worse_than_equal,0.875,0.125,0.875,0.125,0.875,0.5225,100
"B=2.0,lam=0.0",joint,frac_worse_than_strongest_sep,0.875,0.125,0.875,0.125,0.875,0.5225,100
"B=2.0,lam=0.0",joint,worst_indiv_change_vs_equal,-6.462322743733262e-07,-2.2552576794364343e-06,-2.763497984198393e-07,-5.494944549847696e-06,-6.794406034391082e-08,-1.5056174694554058e-06,100
"B=2.0,lam=0.0",joint,p5_indiv_change_vs_equal,-5.528388556871877e-07,-1.3531767984386808e-06,-2.565142570819246e-07,-3.2970823408898577e-06,-6.794406034391082e-08,-9.822169474434718e-07,100
"B=2.0,lam=0.0",joint,capacity_utilization,0.9999999711471343,0.9999987250582792,0.9999999936430188,0.9841639357558571,0.9999999978408648,0.9985068854880714,100
"B=2.0,lam=0.0",joint,frac_cells_at_lower,0.0,0.0,0.0,0.0,0.0,0.0,100
"B=2.0,lam=0.0",joint,frac_cells_interior,1.0,1.0,1.0,1.0,1.0,1.0,100
"B=2.0,lam=0.0",joint,frac_cells_at_upper,0.0,0.0,0.0,0.0,0.0,0.0,100
"B=2.0,lam=0.0",oracle_envelope,objective_regret,-5.714115403065989e-09,-9.341116324890208e-09,-3.705563855760374e-09,-1.708682830781072e-08,-1.244605485339889e-09,-7.087717968090601e-09,100
"B=2.0,lam=0.0",oracle_envelope,mean_norm_util,0.125,0.125,0.125,0.125,0.125,0.125,100
"B=2.0,lam=0.0",oracle_envelope,min_norm_util,0.125,0.125,0.125,0.125,0.125,0.125,100
"B=2.0,lam=0.0",oracle_envelope,median_norm_util,0.125,0.125,0.125,0.125,0.125,0.125,100
"B=2.0,lam=0.0",oracle_envelope,frac_worse_than_equal,0.0,0.0,0.0,0.0,0.0,0.0,100
"B=2.0,lam=0.0",oracle_envelope,frac_worse_than_strongest_sep,0.0,0.0,0.0,0.0,0.0,0.0,100
"B=2.0,lam=0.0",oracle_envelope,worst_indiv_change_vs_equal,0.0,0.0,0.0,0.0,2.7755575615628914e-17,1.942890293094024e-18,100
"B=2.0,lam=0.0",oracle_envelope,p5_indiv_change_vs_equal,0.0,0.0,0.0,0.0,2.7755575615628914e-17,1.942890293094024e-18,100
"B=2.0,lam=0.0",oracle_envelope,capacity_utilization,1.0,1.0,1.0,1.0,1.0,1.0,100
"B=2.0,lam=0.0",oracle_envelope,frac_cells_at_lower,0.0,0.0,0.0,0.0,0.0,0.0,100
"B=2.0,lam=0.0",oracle_envelope,frac_cells_interior,1.0,1.0,1.0,1.0,1.0,1.0,100
"B=2.0,lam=0.0",oracle_envelope,frac_cells_at_upper,0.0,0.0,0.0,0.0,0.0,0.0,100
"B=2.0,lam=0.0",proportional_gamma1,objective_regret,-5.714115403065989e-09,-9.341116324890208e-09,-3.705563855760374e-09,-1.708682830781072e-08,-1.244605485339889e-09,-7.087717577292096e-09,100
"B=2.0,lam=0.0",proportional_gamma1,mean_norm_util,0.125,0.125,0.125,0.1249999999999999,0.125,0.125,100
"B=2.0,lam=0.0",proportional_gamma1,min_norm_util,0.125,0.125,0.125,0.1249999999999999,0.125,0.125,100
"B=2.0,lam=0.0",proportional_gamma1,median_norm_util,0.125,0.125,0.125,0.1249999999999999,0.125,0.125,100
"B=2.0,lam=0.0",proportional_gamma1,frac_worse_than_equal,0.0,0.0,0.0,0.0,0.0,0.0,100
"B=2.0,lam=0.0",proportional_gamma1,frac_worse_than_strongest_sep,0.0,0.0,0.0,0.0,0.0,0.0,100
"B=2.0,lam=0.0",proportional_gamma1,worst_indiv_change_vs_equal,0.0,0.0,0.0,-1.3877787807814457e-17,2.7755575615628914e-17,9.71445146547012e-19,100
"B=2.0,lam=0.0",proportional_gamma1,p5_indiv_change_vs_equal,0.0,0.0,0.0,-1.3877787807814457e-17,2.7755575615628914e-17,9.71445146547012e-19,100
"B=2.0,lam=0.0",proportional_gamma1,capacity_utilization,1.0,1.0,1.0,1.0,1.0,1.0,100
"B=2.0,lam=0.0",proportional_gamma1,frac_cells_at_lower,0.0,0.0,0.0,0.0,0.0,0.0,100
"B=2.0,lam=0.0",proportional_gamma1,frac_cells_interior,1.0,1.0,1.0,1.0,1.0,1.0,100
"B=2.0,lam=0.0",proportional_gamma1,frac_cells_at_upper,0.0,0.0,0.0,0.0,0.0,0.0,100
"B=2.0,lam=0.0",tuned_gamma4.0,objective_regret,-5.714115403065989e-09,-9.341116324890208e-09,-3.705563855760374e-09,-1.708682830781072e-08,-1.244605485339889e-09,-7.087717719400643e-09,100
"B=2.0,lam=0.0",tuned_gamma4.0,mean_norm_util,0.125,0.125,0.125,0.125,0.125,0.125,100
"B=2.0,lam=0.0",tuned_gamma4.0,min_norm_util,0.125,0.125,0.125,0.125,0.125,0.125,100
"B=2.0,lam=0.0",tuned_gamma4.0,median_norm_util,0.125,0.125,0.125,0.125,0.125,0.125,100
"B=2.0,lam=0.0",tuned_gamma4.0,frac_worse_than_equal,0.0,0.0,0.0,0.0,0.0,0.0,100
"B=2.0,lam=0.0",tuned_gamma4.0,frac_worse_than_strongest_sep,0.0,0.0,0.0,0.0,0.0,0.0,100
"B=2.0,lam=0.0",tuned_gamma4.0,worst_indiv_change_vs_equal,0.0,0.0,0.0,0.0,0.0,1.3877787807814457e-19,100
"B=2.0,lam=0.0",tuned_gamma4.0,p5_indiv_change_vs_equal,0.0,0.0,0.0,0.0,0.0,1.3877787807814457e-19,100
"B=2.0,lam=0.0",tuned_gamma4.0,capacity_utilization,1.0,1.0,1.0,1.0,1.0,1.0,100
"B=2.0,lam=0.0",tuned_gamma4.0,frac_cells_at_lower,0.0,0.0,0.0,0.0,0.0,0.0,100
"B=2.0,lam=0.0",tuned_gamma4.0,frac_cells_interior,1.0,1.0,1.0,1.0,1.0,1.0,100
"B=2.0,lam=0.0",tuned_gamma4.0,frac_cells_at_upper,0.0,0.0,0.0,0.0,0.0,0.0,100
"B=2.0,lam=0.25",equal,objective_regret,1.9746388784830344,1.207925718901425,3.2173524937207256,0.645095323234468,5.028434651753666,2.37391154688042,100
"B=2.0,lam=0.25",equal,mean_norm_util,0.125,0.125,0.125,0.125,0.125,0.125,100
"B=2.0,lam=0.25",equal,min_norm_util,0.125,0.125,0.125,0.125,0.125,0.125,100
"B=2.0,lam=0.25",equal,median_norm_util,0.125,0.125,0.125,0.125,0.125,0.125,100
"B=2.0,lam=0.25",equal,frac_worse_than_equal,0.0,0.0,0.0,0.0,0.0,0.0,100
"B=2.0,lam=0.25",equal,frac_worse_than_strongest_sep,0.625,0.5,0.75,0.375,1.0,0.6675,100
"B=2.0,lam=0.25",equal,worst_indiv_change_vs_equal,0.0,0.0,0.0,0.0,0.0,0.0,100
"B=2.0,lam=0.25",equal,p5_indiv_change_vs_equal,0.0,0.0,0.0,0.0,0.0,0.0,100
"B=2.0,lam=0.25",equal,capacity_utilization,1.0,1.0,1.0,1.0,1.0,1.0,100
"B=2.0,lam=0.25",equal,frac_cells_at_lower,0.0,0.0,0.0,0.0,0.0,0.0,100
"B=2.0,lam=0.25",equal,frac_cells_interior,1.0,1.0,1.0,1.0,1.0,1.0,100
"B=2.0,lam=0.25",equal,frac_cells_at_upper,0.0,0.0,0.0,0.0,0.0,0.0,100
"B=2.0,lam=0.25",joint,objective_regret,0.0,0.0,0.0,0.0,0.0,0.0,100
"B=2.0,lam=0.25",joint,mean_norm_util,0.1628028498939722,0.1461635902767221,0.19408162882873625,0.13578001877200233,0.26003761350584065,0.1762083900689584,100
"B=2.0,lam=0.25",joint,min_norm_util,0.13745121749509165,0.13233429148309703,0.14915850679263226,0.12689414055465312,0.1731790856884728,0.14294447938984997,100
"B=2.0,lam=0.25",joint,median_norm_util,0.15232667695370333,0.14259296477656008,0.16816478798384532,0.13447286828829041,0.22802134762725015,0.16112206266406534,100
"B=2.0,lam=0.25",joint,frac_worse_than_equal,0.0,0.0,0.0,0.0,0.0,0.00125,100
"B=2.0,lam=0.25",joint,frac_worse_than_strongest_sep,0.375,0.25,0.5,0.24375000000000002,0.5,0.37125,100
"B=2.0,lam=0.25",joint,worst_indiv_change_vs_equal,0.01245121749509165,0.007334291483097025,0.024158506792632276,0.0018941405546531102,0.048179085688472775,0.017944479389849985,100
"B=2.0,lam=0.25",joint,p5_indiv_change_vs_equal,0.014621489168957849,0.008425344298533975,0.026855157492568123,0.00490758031246411,0.049420934225612154,0.020508688446697943,100
"B=2.0,lam=0.25",joint,capacity_utilization,0.9999999977870697,0.9999999951981484,0.9999999985738158,0.9999999848643626,0.9999999991255732,0.9999999944667727,100
"B=2.0,lam=0.25",joint,frac_cells_at_lower,0.65625,0.65625,0.6875,0.625,0.71875,0.6634375,100
"B=2.0,lam=0.25",joint,frac_cells_interior,0.34375,0.3125,0.34375,0.28125,0.375,0.3365625,100
"B=2.0,lam=0.25",joint,frac_cells_at_upper,0.0,0.0,0.0,0.0,0.0,0.0,100
"B=2.0,lam=0.25",oracle_envelope,objective_regret,0.4460493441748845,0.30527864662138704,0.5488385736101149,0.18018902097803863,0.7658610565326407,0.44053226369666476,100
"B=2.0,lam=0.25",oracle_envelope,mean_norm_util,0.1625082540032317,0.14408330921397425,0.1926812838344421,0.13357917294912697,0.2645034951626692,0.17533321915479266,100
"B=2.0,lam=0.25",oracle_envelope,min_norm_util,0.1105386465308239,0.09523381354849403,0.11671283627468634,0.0782561152904927,0.13557976790620427,0.10790389998455026,100
"B=2.0,lam=0.25",oracle_envelope,median_norm_util,0.13906659950576628,0.12925104942198096,0.16295362933044094,0.11964223488091116,0.20271956307780833,0.15003190162639835,100
"B=2.0,lam=0.25",oracle_envelope,frac_worse_than_equal,0.375,0.25,0.5,0.0,0.625,0.33,100
"B=2.0,lam=0.25",oracle_envelope,frac_worse_than_strongest_sep,0.25,0.0,0.5,0.0,0.625,0.26375,100
"B=2.0,lam=0.25",oracle_envelope,worst_indiv_change_vs_equal,-0.014461353469176,-0.029766186451505874,-0.00828716372531355,-0.0467438847095072,0.01057976790620425,-0.01709610001544966,100
"B=2.0,lam=0.25",oracle_envelope,p5_indiv_change_vs_equal,-0.01349857499231925,-0.023479414194829025,-0.00659214631865975,-0.03443149576669366,0.01743438905806637,-0.012468629342485795,100
"B=2.0,lam=0.25",oracle_envelope,capacity_utilization,1.0,1.0,1.0,1.0,1.0,1.0,100
"B=2.0,lam=0.25",oracle_envelope,frac_cells_at_lower,0.0625,0.03125,0.125,0.0,0.25,0.093125,100
"B=2.0,lam=0.25",oracle_envelope,frac_cells_interior,0.9375,0.875,0.96875,0.75,1.0,0.906875,100
"B=2.0,lam=0.25",oracle_envelope,frac_cells_at_upper,0.0,0.0,0.0,0.0,0.0,0.0,100
"B=2.0,lam=0.25",proportional_gamma1,objective_regret,1.0170555920136444,0.8752083120592546,1.201134414558581,0.5243928468167454,1.4134669979271193,1.0145284387732538,100
"B=2.0,lam=0.25",proportional_gamma1,mean_norm_util,0.1425255639190822,0.13042541495231036,0.16513804942329868,0.12717380725483804,0.2083031288721744,0.15299065232965842,100
"B=2.0,lam=0.25",proportional_gamma1,min_norm_util,0.1268112958101211,0.12559271994356694,0.13094441709267018,0.1251174161252001,0.16820676101432747,0.13190818077628735,100
"B=2.0,lam=0.25",proportional_gamma1,median_norm_util,0.13427020874582885,0.1290907284624195,0.14912785626019262,0.12649054764102366,0.1878077968903491,0.14265445079791458,100
"B=2.0,lam=0.25",proportional_gamma1,frac_worse_than_equal,0.0,0.0,0.0,0.0,0.0,0.0,100
"B=2.0,lam=0.25",proportional_gamma1,frac_worse_than_strongest_sep,0.625,0.5,0.625,0.375,0.7562499999999996,0.58375,100
"B=2.0,lam=0.25",proportional_gamma1,worst_indiv_change_vs_equal,0.00181129581012105,0.0005927199435669501,0.005944417092670175,0.00011741612520009964,0.04320676101432737,0.0069081807762873615,100
"B=2.0,lam=0.25",proportional_gamma1,p5_indiv_change_vs_equal,0.0020922304665143,0.00085109367311215,0.007212804968307825,0.00031255507113585497,0.04340634615846969,0.007751368286846681,100
"B=2.0,lam=0.25",proportional_gamma1,capacity_utilization,1.0,1.0,1.0,1.0,1.0,1.0,100
"B=2.0,lam=0.25",proportional_gamma1,frac_cells_at_lower,0.0,0.0,0.0,0.0,0.0,0.0,100
"B=2.0,lam=0.25",proportional_gamma1,frac_cells_interior,1.0,1.0,1.0,1.0,1.0,1.0,100
"B=2.0,lam=0.25",proportional_gamma1,frac_cells_at_upper,0.0,0.0,0.0,0.0,0.0,0.0,100
"B=2.0,lam=0.25",tuned_gamma4.0,objective_regret,0.4565423349679349,0.3450887473567183,0.6459510515091891,0.23446249041878583,0.8904681489167319,0.5059652345080307,100
"B=2.0,lam=0.25",tuned_gamma4.0,mean_norm_util,0.17293993739064223,0.14217751175486754,0.20327842096972884,0.13163208554241237,0.2652555885055468,0.17838311257648612,100
"B=2.0,lam=0.25",tuned_gamma4.0,min_norm_util,0.102863498152533,0.08614326961408478,0.1157880378160888,0.06748816241536444,0.13281107742639262,0.10128066846884179,100
"B=2.0,lam=0.25",tuned_gamma4.0,median_norm_util,0.1393094994969219,0.12881838731418888,0.16596995172077136,0.11820692702027015,0.20780570111767213,0.150801700920704,100
"B=2.0,lam=0.25",tuned_gamma4.0,frac_worse_than_equal,0.375,0.25,0.5,0.0,0.625,0.3325,100
"B=2.0,lam=0.25",tuned_gamma4.0,frac_worse_than_strongest_sep,0.0,0.0,0.0,0.0,0.0,0.0,100
"B=2.0,lam=0.25",tuned_gamma4.0,worst_indiv_change_vs_equal,-0.022136501847466898,-0.038856730385915195,-0.0092119621839111,-0.05751183758463546,0.007811077426392601,-0.02371933153115814,100
"B=2.0,lam=0.25",tuned_gamma4.0,p5_indiv_change_vs_equal,-0.018766495139723352,-0.0325838625983068,-0.007050794047416925,-0.04469893777268167,0.015210168539894273,-0.01843361483243537,100
"B=2.0,lam=0.25",tuned_gamma4.0,capacity_utilization,1.0,1.0,1.0,1.0,1.0,1.0,100
"B=2.0,lam=0.25",tuned_gamma4.0,frac_cells_at_lower,0.0625,0.03125,0.1328125,0.0,0.2203124999999999,0.0853125,100
"B=2.0,lam=0.25",tuned_gamma4.0,frac_cells_interior,0.9375,0.8671875,0.96875,0.7796875,1.0,0.9146875,100
"B=2.0,lam=0.25",tuned_gamma4.0,frac_cells_at_upper,0.0,0.0,0.0,0.0,0.0,0.0,100
"B=2.0,lam=0.5",equal,objective_regret,5.172119796766612,4.3749208567369475,6.159936387199254,2.6213703925282856,7.298505809535665,5.193236158376436,100
"B=2.0,lam=0.5",equal,mean_norm_util,0.125,0.125,0.125,0.125,0.125,0.125,100
"B=2.0,lam=0.5",equal,min_norm_util,0.125,0.125,0.125,0.125,0.125,0.125,100
"B=2.0,lam=0.5",equal,median_norm_util,0.125,0.125,0.125,0.125,0.125,0.125,100
"B=2.0,lam=0.5",equal,frac_worse_than_equal,0.0,0.0,0.0,0.0,0.0,0.0,100
"B=2.0,lam=0.5",equal,frac_worse_than_strongest_sep,0.875,0.75,1.0,0.625,1.0,0.855,100
"B=2.0,lam=0.5",equal,worst_indiv_change_vs_equal,0.0,0.0,0.0,0.0,0.0,0.0,100
"B=2.0,lam=0.5",equal,p5_indiv_change_vs_equal,0.0,0.0,0.0,0.0,0.0,0.0,100
"B=2.0,lam=0.5",equal,capacity_utilization,1.0,1.0,1.0,1.0,1.0,1.0,100
"B=2.0,lam=0.5",equal,frac_cells_at_lower,0.0,0.0,0.0,0.0,0.0,0.0,100
"B=2.0,lam=0.5",equal,frac_cells_interior,1.0,1.0,1.0,1.0,1.0,1.0,100
"B=2.0,lam=0.5",equal,frac_cells_at_upper,0.0,0.0,0.0,0.0,0.0,0.0,100
"B=2.0,lam=0.5",joint,objective_regret,0.0,0.0,0.0,0.0,0.0,0.0,100
"B=2.0,lam=0.5",joint,mean_norm_util,0.2666586588513181,0.2304878759924085,0.290816348952335,0.17924054708470416,0.33717963660991257,0.2622745019406465,100
"B=2.0,lam=0.5",joint,min_norm_util,0.16825798464556568,0.15282168042993946,0.19191028535744126,0.1395462242186259,0.23365003305709048,0.17784669143515178,100
"B=2.0,lam=0.5",joint,median_norm_util,0.1995928474550869,0.1780001534121154,0.25142543068805717,0.15289352860054778,0.3157939229482518,0.21675100507660097,100
"B=2.0,lam=0.5",joint,frac_worse_than_equal,0.0,0.0,0.0,0.0,0.0,0.0,100
"B=2.0,lam=0.5",joint,frac_worse_than_strongest_sep,0.375,0.375,0.5,0.25,0.625,0.43375,100
"B=2.0,lam=0.5",joint,worst_indiv_change_vs_equal,0.0432579846455657,0.027821680429939474,0.06691028535744124,0.0145462242186259,0.10865003305709046,0.052846691435151714,100
"B=2.0,lam=0.5",joint,p5_indiv_change_vs_equal,0.04909340084558875,0.03182319285234255,0.07337850637144255,0.01771384613678503,0.11252629921015248,0.05695805659824463,100
"B=2.0,lam=0.5",joint,capacity_utilization,0.9999999988816792,0.9999999985644159,0.9999999992017329,0.9999999970001648,0.9999999994646266,0.9999999983067588,100
"B=2.0,lam=0.5",joint,frac_cells_at_lower,0.71875,0.6875,0.71875,0.65625,0.75,0.701875,100
"B=2.0,lam=0.5",joint,frac_cells_interior,0.28125,0.28125,0.3125,0.25,0.34375,0.298125,100
"B=2.0,lam=0.5",joint,frac_cells_at_upper,0.0,0.0,0.0,0.0,0.0,0.0,100
"B=2.0,lam=0.5",oracle_envelope,objective_regret,0.392203525121543,0.2925828729748056,0.48869557525765644,0.09241683036487106,0.7414857392864194,0.40082133507450635,100
"B=2.0,lam=0.5",oracle_envelope,mean_norm_util,0.26687659261757785,0.232136256657917,0.29280378156826303,0.17248445848524427,0.3396628910912593,0.2620185533562597,100
"B=2.0,lam=0.5",oracle_envelope,min_norm_util,0.12673454234548795,0.10995445359275312,0.15163882969342765,0.09074914641536044,0.1951256561664672,0.13320329160053343,100
"B=2.0,lam=0.5",oracle_envelope,median_norm_util,0.2061924020977901,0.1672956589861965,0.24029189888545738,0.14243847708667634,0.31960454381612385,0.20994072376426878,100
"B=2.0,lam=0.5",oracle_envelope,frac_worse_than_equal,0.0,0.0,0.125,0.0,0.25,0.0875,100
"B=2.0,lam=0.5",oracle_envelope,frac_worse_than_strongest_sep,0.375,0.0,0.625,0.0,0.75,0.295,100
"B=2.0,lam=0.5",oracle_envelope,worst_indiv_change_vs_equal,0.0017345423454879498,-0.0150455464072468,0.02663882969342765,-0.03425085358463954,0.07012565616646722,0.008203291600533444,100
"B=2.0,lam=0.5",oracle_envelope,p5_indiv_change_vs_equal,0.008145201095006199,-0.008642514259142375,0.03631784471431877,-0.022313649109543737,0.08117401383829562,0.016411939588260552,100
"B=2.0,lam=0.5",oracle_envelope,capacity_utilization,1.0,1.0,1.0,1.0,1.0,1.0,100
"B=2.0,lam=0.5",oracle_envelope,frac_cells_at_lower,0.125,0.0625,0.2265625,0.0,0.4375,0.1571875,100
"B=2.0,lam=0.5",oracle_envelope,frac_cells_interior,0.875,0.7734375,0.9375,0.5625,1.0,0.8428125,100
"B=2.0,lam=0.5",oracle_envelope,frac_cells_at_upper,0.0,0.0,0.0,0.0,0.0,0.0,100
"B=2.0,lam=0.5",proportional_gamma1,objective_regret,1.26716210572617,1.147356938484025,1.4021157925683179,0.9412937900496117,1.5942948268897634,1.2704316575606032,100
"B=2.0,lam=0.5",proportional_gamma1,mean_norm_util,0.2203714214557307,0.19692635962797214,0.2434488314939079,0.15449433318594274,0.275304970705664,0.2193488025551822,100
"B=2.0,lam=0.5",proportional_gamma1,min_norm_util,0.14807624725765645,0.1393436392703081,0.17102772245387193,0.12930280388736265,0.20166367562901133,0.15774736501491043,100
"B=2.0,lam=0.5",proportional_gamma1,median_norm_util,0.17967081046798355,0.15659304268832624,0.2116900594171484,0.13860084235459696,0.2502166266641887,0.18674767765056813,100
"B=2.0,lam=0.5",proportional_gamma1,frac_worse_than_equal,0.0,0.0,0.0,0.0,0.0,0.0,100
"B=2.0,lam=0.5",proportional_gamma1,frac_worse_than_strongest_sep,0.75,0.625,0.75,0.5,0.875,0.6975,100
"B=2.0,lam=0.5",proportional_gamma1,worst_indiv_change_vs_equal,0.023076247257656453,0.0143436392703081,0.046027722453871926,0.004302803887362645,0.07666367562901123,0.03274736501491042,100
"B=2.0,lam=0.5",proportional_gamma1,p5_indiv_change_vs_equal,0.02433663406579695,0.015256144411677474,0.0506311490436041,0.005191841266106975,0.08015653618562688,0.03463511680586878,100
"B=2.0,lam=0.5",proportional_gamma1,capacity_utilization,1.0,1.0,1.0,1.0,1.0,1.0,100
"B=2.0,lam=0.5",proportional_gamma1,frac_cells_at_lower,0.0,0.0,0.0,0.0,0.0,0.0,100
"B=2.0,lam=0.5",proportional_gamma1,frac_cells_interior,1.0,1.0,1.0,1.0,1.0,1.0,100
"B=2.0,lam=0.5",proportional_gamma1,frac_cells_at_upper,0.0,0.0,0.0,0.0,0.0,0.0,100
"B=2.0,lam=0.5",tuned_gamma4.0,objective_regret,0.43759531783289596,0.32533133456533214,0.5953548483598228,0.11826523153714362,0.85351609679136,0.46264481383704054,100
"B=2.0,lam=0.5",tuned_gamma4.0,mean_norm_util,0.2757762318924279,0.2395053908151021,0.29582037032797626,0.18506121385423527,0.3445617160168942,0.2684618361541195,100
"B=2.0,lam=0.5",tuned_gamma4.0,min_norm_util,0.1080276346378397,0.08796814926629055,0.13576761444804028,0.07085447828857075,0.1951256561664672,0.1169749660447008,100
"B=2.0,lam=0.5",tuned_gamma4.0,median_norm_util,0.2095515746474845,0.17052362638234997,0.2436327218257367,0.1429861107567843,0.3206585312979038,0.21302666888637634,100
"B=2.0,lam=0.5",tuned_gamma4.0,frac_worse_than_equal,0.125,0.0,0.25,0.0,0.375,0.145,100
"B=2.0,lam=0.5",tuned_gamma4.0,frac_worse_than_strongest_sep,0.0,0.0,0.0,0.0,0.0,0.0,100
"B=2.0,lam=0.5",tuned_gamma4.0,worst_indiv_change_vs_equal,-0.0169723653621602,-0.03703185073370935,0.010767614448040275,-0.054145521711429154,0.07012565616646722,-0.008025033955299158,100
"B=2.0,lam=0.5",tuned_gamma4.0,p5_indiv_change_vs_equal,-0.00839021416351595,-0.023034219058916373,0.021763337221856676,-0.03976784041347467,0.08117401383829562,0.002385814055733476,100
"B=2.0,lam=0.5",tuned_gamma4.0,capacity_utilization,1.0,1.0,1.0,1.0,1.0,1.0,100
"B=2.0,lam=0.5",tuned_gamma4.0,frac_cells_at_lower,0.15625,0.09375,0.21875,0.060937500000000006,0.2828124999999999,0.163125,100
"B=2.0,lam=0.5",tuned_gamma4.0,frac_cells_interior,0.84375,0.78125,0.90625,0.7171875,0.9390624999999999,0.836875,100
"B=2.0,lam=0.5",tuned_gamma4.0,frac_cells_at_upper,0.0,0.0,0.0,0.0,0.0,0.0,100
"B=2.0,lam=0.75",equal,objective_regret,6.89926661967038,6.166228333691113,7.509152001661409,5.392049233079489,7.907487660955205,6.76818331856603,100
"B=2.0,lam=0.75",equal,mean_norm_util,0.125,0.125,0.125,0.125,0.125,0.125,100
"B=2.0,lam=0.75",equal,min_norm_util,0.125,0.125,0.125,0.125,0.125,0.125,100
"B=2.0,lam=0.75",equal,median_norm_util,0.125,0.125,0.125,0.125,0.125,0.125,100
"B=2.0,lam=0.75",equal,frac_worse_than_equal,0.0,0.0,0.0,0.0,0.0,0.0,100
"B=2.0,lam=0.75",equal,frac_worse_than_strongest_sep,1.0,0.875,1.0,0.75,1.0,0.93375,100
"B=2.0,lam=0.75",equal,worst_indiv_change_vs_equal,0.0,0.0,0.0,0.0,0.0,0.0,100
"B=2.0,lam=0.75",equal,p5_indiv_change_vs_equal,0.0,0.0,0.0,0.0,0.0,0.0,100
"B=2.0,lam=0.75",equal,capacity_utilization,1.0,1.0,1.0,1.0,1.0,1.0,100
"B=2.0,lam=0.75",equal,frac_cells_at_lower,0.0,0.0,0.0,0.0,0.0,0.0,100
"B=2.0,lam=0.75",equal,frac_cells_interior,1.0,1.0,1.0,1.0,1.0,1.0,100
"B=2.0,lam=0.75",equal,frac_cells_at_upper,0.0,0.0,0.0,0.0,0.0,0.0,100
"B=2.0,lam=0.75",joint,objective_regret,0.0,0.0,0.0,0.0,0.0,0.0,100
"B=2.0,lam=0.75",joint,mean_norm_util,0.3202084579241691,0.2920323652386345,0.34244427501857994,0.2570654604801795,0.3582652590623713,0.3139914796891867,100
"B=2.0,lam=0.75",joint,min_norm_util,0.2067173703495931,0.18332061866387095,0.23475151283687337,0.16394470706203282,0.24699468963297425,0.2089514389406678,100
"B=2.0,lam=0.75",joint,median_norm_util,0.2661847325904335,0.246124448578171,0.3092460306424365,0.18951674654252876,0.35520085031818077,0.27195700964070574,100
"B=2.0,lam=0.75",joint,frac_worse_than_equal,0.0,0.0,0.0,0.0,0.0,0.0,100
"B=2.0,lam=0.75",joint,frac_worse_than_strongest_sep,0.5,0.375,0.5,0.36875,0.625,0.45375,100
"B=2.0,lam=0.75",joint,worst_indiv_change_vs_equal,0.08171737034959306,0.05832061866387095,0.10975151283687337,0.03894470706203282,0.12199468963297423,0.08395143894066776,100
"B=2.0,lam=0.75",joint,p5_indiv_change_vs_equal,0.092531643488335,0.06052158140582178,0.11202677615854215,0.04080028334486709,0.13567174321796235,0.08931949830520625,100
"B=2.0,lam=0.75",joint,capacity_utilization,0.9999999991093814,0.9999999988861319,0.9999999993350498,0.9999999985364387,0.9999999996040555,0.9999999990884801,100
"B=2.0,lam=0.75",joint,frac_cells_at_lower,0.71875,0.7109375,0.75,0.6859375,0.75,0.7209375,100
"B=2.0,lam=0.75",joint,frac_cells_interior,0.28125,0.25,0.2890625,0.25,0.3140624999999999,0.2790625,100
"B=2.0,lam=0.75",joint,frac_cells_at_upper,0.0,0.0,0.0,0.0,0.0,0.0,100
"B=2.0,lam=0.75",oracle_envelope,objective_regret,0.28798925651790697,0.1803669711272455,0.42414888350315927,0.062208592345565084,0.6150645449444748,0.3108055275037053,100
"B=2.0,lam=0.75",oracle_envelope,mean_norm_util,0.31786076220587495,0.29015557494933786,0.34219755222789633,0.2496922898651102,0.3608286856813389,0.3137799610423301,100
"B=2.0,lam=0.75",oracle_envelope,min_norm_util,0.15423960846876195,0.1369504185360682,0.1774875900815206,0.10537365544558445,0.21032228103603814,0.1562498857039811,100
"B=2.0,lam=0.75",oracle_envelope,median_norm_util,0.2665878782201383,0.23271060349760359,0.2915775179026179,0.18276347732730777,0.3382063245302392,0.26353819246717586,100
"B=2.0,lam=0.75",oracle_envelope,frac_worse_than_equal,0.0,0.0,0.0,0.0,0.125,0.025,100
"B=2.0,lam=0.75",oracle_envelope,frac_worse_than_strongest_sep,0.0,0.0,0.5,0.0,0.6312499999999996,0.2025,100
"B=2.0,lam=0.75",oracle_envelope,worst_indiv_change_vs_equal,0.029239608468761953,0.0119504185360682,0.0524875900815206,-0.019626344554415445,0.08532228103603814,0.0312498857039811,100
"B=2.0,lam=0.75",oracle_envelope,p5_indiv_change_vs_equal,0.04243230115788335,0.023583978267573073,0.0654915120866893,-0.004848380937707145,0.09047217829706773,0.04427045537329502,100
"B=2.0,lam=0.75",oracle_envelope,capacity_utilization,1.0,1.0,1.0,1.0,1.0,1.0,100
"B=2.0,lam=0.75",oracle_envelope,frac_cells_at_lower,0.21875,0.1171875,0.28125,0.03125,0.4703124999999999,0.209375,100
"B=2.0,lam=0.75",oracle_envelope,frac_cells_interior,0.78125,0.71875,0.8828125,0.5296875,0.96875,0.790625,100
"B=2.0,lam=0.75",oracle_envelope,frac_cells_at_upper,0.0,0.0,0.0,0.0,0.0,0.0,100
"B=2.0,lam=0.75",proportional_gamma1,objective_regret,1.3377181249038408,1.1469427668681593,1.463766456036658,0.9178766545306644,1.6140347838325249,1.3011199233333355,100
"B=2.0,lam=0.75",proportional_gamma1,mean_norm_util,0.26418237318744064,0.243283527983364,0.2778887579838215,0.22449588653574534,0.2887213923613109,0.25958584349617614,100
"B=2.0,lam=0.75",proportional_gamma1,min_norm_util,0.18796518077255936,0.17144988102580866,0.2038690344769638,0.1490653284327175,0.23124451373772043,0.18845851402379377,100
"B=2.0,lam=0.75",proportional_gamma1,median_norm_util,0.23593097200424465,0.21394522876476732,0.2584412965842556,0.17018262739591844,0.28791600314582655,0.23387553220482674,100
"B=2.0,lam=0.75",proportional_gamma1,frac_worse_than_equal,0.0,0.0,0.0,0.0,0.0,0.0,100
"B=2.0,lam=0.75",proportional_gamma1,frac_worse_than_strongest_sep,0.75,0.625,0.875,0.5,0.875,0.725,100
"B=2.0,lam=0.75",proportional_gamma1,worst_indiv_change_vs_equal,0.06296518077255936,0.0464498810258086,0.07886903447696379,0.024065328432717477,0.10624451373772043,0.06345851402379375,100
"B=2.0,lam=0.75",proportional_gamma1,p5_indiv_change_vs_equal,0.06506186313913076,0.04931389729113068,0.08263610447020005,0.027203920323093295,0.10750926945116523,0.06634172433547507,100
"B=2.0,lam=0.75",proportional_gamma1,capacity_utilization,1.0,1.0,1.0,1.0,1.0,1.0,100
"B=2.0,lam=0.75",proportional_gamma1,frac_cells_at_lower,0.0,0.0,0.0,0.0,0.0,0.0,100
"B=2.0,lam=0.75",proportional_gamma1,frac_cells_interior,1.0,1.0,1.0,1.0,1.0,1.0,100
"B=2.0,lam=0.75",proportional_gamma1,frac_cells_at_upper,0.0,0.0,0.0,0.0,0.0,0.0,100
"B=2.0,lam=0.75",tuned_gamma4.0,objective_regret,0.29963242514760857,0.18572038171754102,0.4609232577868196,0.062208592345565084,0.8862363392896383,0.3536029036356777,100
"B=2.0,lam=0.75",tuned_gamma4.0,mean_norm_util,0.3254964748952381,0.2944203113284552,0.3444494860799242,0.26343788714518046,0.3608286856813389,0.3188027393898887,100
"B=2.0,lam=0.75",tuned_gamma4.0,min_norm_util,0.13781460740645385,0.1119261622707805,0.16716380730380012,0.08566209100166003,0.20539486568544726,0.14254170860181614,100
"B=2.0,lam=0.75",tuned_gamma4.0,median_norm_util,0.26730177788203924,0.23116627944340634,0.30320263546621795,0.18112744707512402,0.34635988795962763,0.26586861521907323,100
"B=2.0,lam=0.75",tuned_gamma4.0,frac_worse_than_equal,0.0,0.0,0.125,0.0,0.25,0.06625,100
"B=2.0,lam=0.75",tuned_gamma4.0,frac_worse_than_strongest_sep,0.0,0.0,0.0,0.0,0.0,0.0,100
"B=2.0,lam=0.75",tuned_gamma4.0,worst_indiv_change_vs_equal,0.01281460740645385,-0.013073837729219401,0.0421638073038001,-0.03933790899833988,0.08039486568544728,0.017541708601816166,100
"B=2.0,lam=0.75",tuned_gamma4.0,p5_indiv_change_vs_equal,0.03012760211541425,0.003301542466717925,0.0574988867228064,-0.025283644744955158,0.08603951155921973,0.032167914259062395,100
"B=2.0,lam=0.75",tuned_gamma4.0,capacity_utilization,1.0,1.0,1.0,1.0,1.0,1.0,100
"B=2.0,lam=0.75",tuned_gamma4.0,frac_cells_at_lower,0.21875,0.1875,0.28125,0.1234375,0.3125,0.231875,100
"B=2.0,lam=0.75",tuned_gamma4.0,frac_cells_interior,0.78125,0.71875,0.8125,0.6875,0.8765624999999999,0.768125,100
"B=2.0,lam=0.75",tuned_gamma4.0,frac_cells_at_upper,0.0,0.0,0.0,0.0,0.0,0.0,100
"B=2.0,lam=1.0",equal,objective_regret,6.962751119642162,6.28400283624703,7.471378589923415,5.315278503890318,8.088469498157114,6.821809010264909,100
"B=2.0,lam=1.0",equal,mean_norm_util,0.125,0.125,0.125,0.125,0.125,0.125,100
"B=2.0,lam=1.0",equal,min_norm_util,0.125,0.125,0.125,0.125,0.125,0.125,100
"B=2.0,lam=1.0",equal,median_norm_util,0.125,0.125,0.125,0.125,0.125,0.125,100
"B=2.0,lam=1.0",equal,frac_worse_than_equal,0.0,0.0,0.0,0.0,0.0,0.0,100
"B=2.0,lam=1.0",equal,frac_worse_than_strongest_sep,1.0,0.875,1.0,0.75,1.0,0.92125,100
"B=2.0,lam=1.0",equal,worst_indiv_change_vs_equal,0.0,0.0,0.0,0.0,0.0,0.0,100
"B=2.0,lam=1.0",equal,p5_indiv_change_vs_equal,0.0,0.0,0.0,0.0,0.0,0.0,100
"B=2.0,lam=1.0",equal,capacity_utilization,1.0,1.0,1.0,1.0,1.0,1.0,100
"B=2.0,lam=1.0",equal,frac_cells_at_lower,0.0,0.0,0.0,0.0,0.0,0.0,100
"B=2.0,lam=1.0",equal,frac_cells_interior,1.0,1.0,1.0,1.0,1.0,1.0,100
"B=2.0,lam=1.0",equal,frac_cells_at_upper,0.0,0.0,0.0,0.0,0.0,0.0,100
"B=2.0,lam=1.0",joint,objective_regret,0.0,0.0,0.0,0.0,0.0,0.0,100
"B=2.0,lam=1.0",joint,mean_norm_util,0.3191162231326623,0.28588936131895726,0.33926739409259843,0.24970292356844695,0.36152457156482126,0.3123701481694134,100
"B=2.0,lam=1.0",joint,min_norm_util,0.2044687791077805,0.19092721924069048,0.23520484312257364,0.16067416453163313,0.24903126885118546,0.2104117770877975,100
"B=2.0,lam=1.0",joint,median_norm_util,0.27782185229051704,0.24954194884947853,0.3213884582671002,0.20909420446453114,0.3620580676147202,0.28185893507635557,100
"B=2.0,lam=1.0",joint,frac_worse_than_equal,0.0,0.0,0.0,0.0,0.0,0.0,100
"B=2.0,lam=1.0",joint,frac_worse_than_strongest_sep,0.5,0.375,0.5,0.25,0.625,0.45125,100
"B=2.0,lam=1.0",joint,worst_indiv_change_vs_equal,0.0794687791077805,0.06592721924069048,0.11020484312257364,0.03567416453163315,0.12403126885118544,0.08541177708779754,100
"B=2.0,lam=1.0",joint,p5_indiv_change_vs_equal,0.09125982985837075,0.07139267727189218,0.11231055254338493,0.046995680347523175,0.13626967811984914,0.09244634166905588,100
"B=2.0,lam=1.0",joint,capacity_utilization,0.9999999990786073,0.9999999988143697,0.9999999992872302,0.9999999985394371,0.9999999995089524,0.9999999990262523,100
"B=2.0,lam=1.0",joint,frac_cells_at_lower,0.71875,0.6875,0.75,0.65625,0.75,0.7146875,100
"B=2.0,lam=1.0",joint,frac_cells_interior,0.28125,0.25,0.3125,0.25,0.34375,0.2853125,100
"B=2.0,lam=1.0",joint,frac_cells_at_upper,0.0,0.0,0.0,0.0,0.0,0.0,100
"B=2.0,lam=1.0",oracle_envelope,objective_regret,0.33016051515485495,0.20260451368950957,0.4306866105587126,0.09005176133381969,0.5815554777130522,0.3297461225666662,100
"B=2.0,lam=1.0",oracle_envelope,mean_norm_util,0.3149121794616529,0.2819088421814589,0.3390157800512923,0.2472250672540744,0.36352361836398045,0.3105110494985947,100
"B=2.0,lam=1.0",oracle_envelope,min_norm_util,0.15261579599533204,0.13371747972961245,0.18723059110428253,0.10212052557167968,0.21229804397305965,0.15692161387591116,100
"B=2.0,lam=1.0",oracle_envelope,median_norm_util,0.27477881977252544,0.24338742555697834,0.30814604283578995,0.19295026357796372,0.34598288821297424,0.2736516301631939,100
"B=2.0,lam=1.0",oracle_envelope,frac_worse_than_equal,0.0,0.0,0.0,0.0,0.125,0.02125,100
"B=2.0,lam=1.0",oracle_envelope,frac_worse_than_strongest_sep,0.0,0.0,0.625,0.0,0.75,0.24,100
"B=2.0,lam=1.0",oracle_envelope,worst_indiv_change_vs_equal,0.02761579599533205,0.0087174797296124,0.06223059110428252,-0.022879474428320216,0.08729804397305962,0.031921613875911165,100
"B=2.0,lam=1.0",oracle_envelope,p5_indiv_change_vs_equal,0.039432275303876996,0.024883713370269574,0.07761992064316198,-0.00483501091580658,0.10049061535178705,0.0473769870245502,100
"B=2.0,lam=1.0",oracle_envelope,capacity_utilization,1.0,1.0,1.0,1.0,1.0,1.0,100
"B=2.0,lam=1.0",oracle_envelope,frac_cells_at_lower,0.1875,0.125,0.28125,0.03125,0.3781249999999998,0.20375,100
"B=2.0,lam=1.0",oracle_envelope,frac_cells_interior,0.8125,0.71875,0.875,0.621875,0.96875,0.79625,100
"B=2.0,lam=1.0",oracle_envelope,frac_cells_at_upper,0.0,0.0,0.0,0.0,0.0,0.0,100
"B=2.0,lam=1.0",proportional_gamma1,objective_regret,1.2686277425771006,1.1480543389575102,1.3645111077598555,0.8619830920640098,1.5717627391480382,1.2463814396073871,100
"B=2.0,lam=1.0",proportional_gamma1,mean_norm_util,0.2660116933953395,0.24500578909192636,0.27926660423784966,0.2193924361947017,0.29207101790223705,0.26084174740465316,100
"B=2.0,lam=1.0",proportional_gamma1,min_norm_util,0.1930604395139009,0.17638641345935624,0.21610535216284243,0.15445686245057147,0.2359798504362143,0.1961566877990619,100
"B=2.0,lam=1.0",proportional_gamma1,median_norm_util,0.23789888543337165,0.2193309537544878,0.2598209230912126,0.18589513729367615,0.2811671638505307,0.23832753141679522,100
"B=2.0,lam=1.0",proportional_gamma1,frac_worse_than_equal,0.0,0.0,0.0,0.0,0.0,0.0,100
"B=2.0,lam=1.0",proportional_gamma1,frac_worse_than_strongest_sep,0.75,0.625,0.75,0.5,0.875,0.71375,100
"B=2.0,lam=1.0",proportional_gamma1,worst_indiv_change_vs_equal,0.0680604395139009,0.051386413459356226,0.09110535216284242,0.02945686245057149,0.1109798504362143,0.07115668779906188,100
"B=2.0,lam=1.0",proportional_gamma1,p5_indiv_change_vs_equal,0.0701680071791643,0.05511410625150132,0.09745688293146755,0.03237198097720275,0.11543497412896142,0.07476548119742388,100
"B=2.0,lam=1.0",proportional_gamma1,capacity_utilization,1.0,1.0,1.0,1.0,1.0,1.0,100
"B=2.0,lam=1.0",proportional_gamma1,frac_cells_at_lower,0.0,0.0,0.0,0.0,0.0,0.0,100
"B=2.0,lam=1.0",proportional_gamma1,frac_cells_interior,1.0,1.0,1.0,1.0,1.0,1.0,100
"B=2.0,lam=1.0",proportional_gamma1,frac_cells_at_upper,0.0,0.0,0.0,0.0,0.0,0.0,100
"B=2.0,lam=1.0",tuned_gamma4.0,objective_regret,0.35886401999478673,0.21010340916652032,0.5147359245143921,0.09446166421361217,0.8169495903869238,0.37887157577281877,100
"B=2.0,lam=1.0",tuned_gamma4.0,mean_norm_util,0.3231588944319298,0.2936068633365811,0.347155330744124,0.26360121462854513,0.36352361836398045,0.3178868144598791,100
"B=2.0,lam=1.0",tuned_gamma4.0,min_norm_util,0.12973023584624066,0.1051156418843531,0.16641094202486467,0.0853566056413077,0.21229574789707692,0.13661268956499734,100
"B=2.0,lam=1.0",tuned_gamma4.0,median_norm_util,0.28678648493865466,0.2507133526729628,0.3153713521474268,0.1970264457654039,0.3505176391164442,0.28137470456287145,100
"B=2.0,lam=1.0",tuned_gamma4.0,frac_worse_than_equal,0.0,0.0,0.125,0.0,0.25,0.07875,100
"B=2.0,lam=1.0",tuned_gamma4.0,frac_worse_than_strongest_sep,0.0,0.0,0.0,0.0,0.0,0.0,100
"B=2.0,lam=1.0",tuned_gamma4.0,worst_indiv_change_vs_equal,0.00473023584624065,-0.019884358115646802,0.04141094202486467,-0.0396433943586922,0.0872957478970769,0.011612689564997369,100
"B=2.0,lam=1.0",tuned_gamma4.0,p5_indiv_change_vs_equal,0.024035697791701602,-0.0049740595016421005,0.050598654669039525,-0.02572604683310446,0.09873870655509075,0.028797933722491148,100
"B=2.0,lam=1.0",tuned_gamma4.0,capacity_utilization,1.0,1.0,1.0,1.0,1.0,1.0,100
"B=2.0,lam=1.0",tuned_gamma4.0,frac_cells_at_lower,0.25,0.1875,0.28125,0.1546875,0.34375,0.2434375,100
"B=2.0,lam=1.0",tuned_gamma4.0,frac_cells_interior,0.75,0.71875,0.8125,0.65625,0.8453124999999999,0.7565625,100
"B=2.0,lam=1.0",tuned_gamma4.0,frac_cells_at_upper,0.0,0.0,0.0,0.0,0.0,0.0,100
"B=3.0,lam=0.0",equal,objective_regret,-6.249409878478218e-09,-8.601629630788922e-09,-4.715741575012089e-09,-1.3151115219045552e-08,-3.151123451061722e-09,-6.884235936865934e-09,100
"B=3.0,lam=0.0",equal,mean_norm_util,0.125,0.125,0.125,0.125,0.125,0.125,100
"B=3.0,lam=0.0",equal,min_norm_util,0.125,0.125,0.125,0.125,0.125,0.125,100
"B=3.0,lam=0.0",equal,median_norm_util,0.125,0.125,0.125,0.125,0.125,0.125,100
"B=3.0,lam=0.0",equal,frac_worse_than_equal,0.0,0.0,0.0,0.0,0.0,0.0,100
"B=3.0,lam=0.0",equal,frac_worse_than_strongest_sep,0.0,0.0,0.0,0.0,0.0,0.0,100
"B=3.0,lam=0.0",equal,worst_indiv_change_vs_equal,0.0,0.0,0.0,0.0,0.0,0.0,100
"B=3.0,lam=0.0",equal,p5_indiv_change_vs_equal,0.0,0.0,0.0,0.0,0.0,0.0,100
"B=3.0,lam=0.0",equal,capacity_utilization,1.0,1.0,1.0,1.0,1.0,1.0,100
"B=3.0,lam=0.0",equal,frac_cells_at_lower,0.0,0.0,0.0,0.0,0.0,0.0,100
"B=3.0,lam=0.0",equal,frac_cells_interior,1.0,1.0,1.0,1.0,1.0,1.0,100
"B=3.0,lam=0.0",equal,frac_cells_at_upper,0.0,0.0,0.0,0.0,0.0,0.0,100
"B=3.0,lam=0.0",joint,objective_regret,0.0,0.0,0.0,0.0,0.0,0.0,100
"B=3.0,lam=0.0",joint,mean_norm_util,0.12499999990456276,0.12499999987882865,0.12499999993053942,0.12499999981136206,0.12499999995209508,0.12499999989767019,100
"B=3.0,lam=0.0",joint,min_norm_util,0.1249992976827428,0.12499760218789413,0.12499982916726736,0.12499524201221801,0.12499997939995648,0.12499862846570453,100
"B=3.0,lam=0.0",joint,median_norm_util,0.12500001057115265,0.12499981302880665,0.12500034236885754,0.12499926041266772,0.12500067956497507,0.12500001122564458,100
"B=3.0,lam=0.0",joint,frac_worse_than_equal,0.125,0.125,0.875,0.125,0.875,0.4925,100
"B=3.0,lam=0.0",joint,frac_worse_than_strongest_sep,0.125,0.125,0.875,0.125,0.875,0.4925,100
"B=3.0,lam=0.0",joint,worst_indiv_change_vs_equal,-7.023172571563041e-07,-2.3978121058455815e-06,-1.7083273258153286e-07,-4.7579877819226015e-06,-2.060004346757239e-08,-1.3715342954237487e-06,100
"B=3.0,lam=0.0",joint,p5_indiv_change_vs_equal,-5.476604190018247e-07,-1.438748768662311e-06,-1.672791560013154e-07,-2.854844316968821e-06,-1.7968826929171136e-08,-8.87568316414372e-07,100
"B=3.0,lam=0.0",joint,capacity_utilization,0.9999999980100832,0.9999999970616981,0.9999999987099377,0.9999999946136955,0.9999999992841544,0.9999999976044357,100
"B=3.0,lam=0.0",joint,frac_cells_at_lower,0.0,0.0,0.0,0.0,0.0,0.0,100
"B=3.0,lam=0.0",joint,frac_cells_interior,1.0,1.0,1.0,1.0,1.0,1.0,100
"B=3.0,lam=0.0",joint,frac_cells_at_upper,0.0,0.0,0.0,0.0,0.0,0.0,100
"B=3.0,lam=0.0",oracle_envelope,objective_regret,-6.2494116548350576e-09,-8.601629630788922e-09,-4.715744239547348e-09,-1.3151115219045552e-08,-3.151126826139716e-09,-6.884236150028755e-09,100
"B=3.0,lam=0.0",oracle_envelope,mean_norm_util,0.125,0.125,0.125,0.125,0.125,0.125,100
"B=3.0,lam=0.0",oracle_envelope,min_norm_util,0.125,0.125,0.125,0.125,0.125,0.125,100
"B=3.0,lam=0.0",oracle_envelope,median_norm_util,0.125,0.125,0.125,0.125,0.125,0.125,100
"B=3.0,lam=0.0",oracle_envelope,frac_worse_than_equal,0.0,0.0,0.0,0.0,0.0,0.0,100
"B=3.0,lam=0.0",oracle_envelope,frac_worse_than_strongest_sep,0.0,0.0,0.0,0.0,0.0,0.0,100
"B=3.0,lam=0.0",oracle_envelope,worst_indiv_change_vs_equal,0.0,0.0,0.0,0.0,2.7755575615628914e-17,1.6653345369377347e-18,100
"B=3.0,lam=0.0",oracle_envelope,p5_indiv_change_vs_equal,0.0,0.0,0.0,0.0,2.7755575615628914e-17,1.6653345369377347e-18,100
"B=3.0,lam=0.0",oracle_envelope,capacity_utilization,1.0,1.0,1.0,1.0,1.0,1.0,100
"B=3.0,lam=0.0",oracle_envelope,frac_cells_at_lower,0.0,0.0,0.0,0.0,0.0,0.0,100
"B=3.0,lam=0.0",oracle_envelope,frac_cells_interior,1.0,1.0,1.0,1.0,1.0,1.0,100
"B=3.0,lam=0.0",oracle_envelope,frac_cells_at_upper,0.0,0.0,0.0,0.0,0.0,0.0,100
"B=3.0,lam=0.0",proportional_gamma1,objective_regret,-6.249409878478218e-09,-8.601629630788922e-09,-4.715741575012089e-09,-1.3151115219045552e-08,-3.151123451061722e-09,-6.8842358302845245e-09,100
"B=3.0,lam=0.0",proportional_gamma1,mean_norm_util,0.125,0.125,0.125,0.125,0.125,0.125,100
"B=3.0,lam=0.0",proportional_gamma1,min_norm_util,0.125,0.125,0.125,0.125,0.125,0.125,100
"B=3.0,lam=0.0",proportional_gamma1,median_norm_util,0.125,0.125,0.125,0.125,0.125,0.125,100
"B=3.0,lam=0.0",proportional_gamma1,frac_worse_than_equal,0.0,0.0,0.0,0.0,0.0,0.0,100
"B=3.0,lam=0.0",proportional_gamma1,frac_worse_than_strongest_sep,0.0,0.0,0.0,0.0,0.0,0.0,100
"B=3.0,lam=0.0",proportional_gamma1,worst_indiv_change_vs_equal,0.0,0.0,0.0,0.0,0.0,4.163336342344337e-19,100
"B=3.0,lam=0.0",proportional_gamma1,p5_indiv_change_vs_equal,0.0,0.0,0.0,0.0,0.0,4.163336342344337e-19,100
"B=3.0,lam=0.0",proportional_gamma1,capacity_utilization,1.0,1.0,1.0,1.0,1.0,1.0,100
"B=3.0,lam=0.0",proportional_gamma1,frac_cells_at_lower,0.0,0.0,0.0,0.0,0.0,0.0,100
"B=3.0,lam=0.0",proportional_gamma1,frac_cells_interior,1.0,1.0,1.0,1.0,1.0,1.0,100
"B=3.0,lam=0.0",proportional_gamma1,frac_cells_at_upper,0.0,0.0,0.0,0.0,0.0,0.0,100
"B=3.0,lam=0.0",tuned_gamma4.0,objective_regret,-6.249409878478218e-09,-8.601628742610503e-09,-4.715741575012089e-09,-1.3151115219045552e-08,-3.151123451061722e-09,-6.884235901338797e-09,100
"B=3.0,lam=0.0",tuned_gamma4.0,mean_norm_util,0.125,0.125,0.125,0.125,0.125,0.125,100
"B=3.0,lam=0.0",tuned_gamma4.0,min_norm_util,0.125,0.125,0.125,0.125,0.125,0.125,100
"B=3.0,lam=0.0",tuned_gamma4.0,median_norm_util,0.125,0.125,0.125,0.125,0.125,0.125,100
"B=3.0,lam=0.0",tuned_gamma4.0,frac_worse_than_equal,0.0,0.0,0.0,0.0,0.0,0.0,100
"B=3.0,lam=0.0",tuned_gamma4.0,frac_worse_than_strongest_sep,0.0,0.0,0.0,0.0,0.0,0.0,100
"B=3.0,lam=0.0",tuned_gamma4.0,worst_indiv_change_vs_equal,0.0,0.0,0.0,0.0,0.0,2.7755575615628914e-19,100
"B=3.0,lam=0.0",tuned_gamma4.0,p5_indiv_change_vs_equal,0.0,0.0,0.0,0.0,0.0,2.7755575615628914e-19,100
"B=3.0,lam=0.0",tuned_gamma4.0,capacity_utilization,1.0,1.0,1.0,1.0,1.0,1.0,100
"B=3.0,lam=0.0",tuned_gamma4.0,frac_cells_at_lower,0.0,0.0,0.0,0.0,0.0,0.0,100
"B=3.0,lam=0.0",tuned_gamma4.0,frac_cells_interior,1.0,1.0,1.0,1.0,1.0,1.0,100
"B=3.0,lam=0.0",tuned_gamma4.0,frac_cells_at_upper,0.0,0.0,0.0,0.0,0.0,0.0,100
"B=3.0,lam=0.25",equal,objective_regret,1.4036982029901868,1.0317107305560445,2.096854968523627,0.7487661315348589,3.480056244608879,1.6897732706802935,100
"B=3.0,lam=0.25",equal,mean_norm_util,0.125,0.125,0.125,0.125,0.125,0.125,100
"B=3.0,lam=0.25",equal,min_norm_util,0.125,0.125,0.125,0.125,0.125,0.125,100
"B=3.0,lam=0.25",equal,median_norm_util,0.125,0.125,0.125,0.125,0.125,0.125,100
"B=3.0,lam=0.25",equal,frac_worse_than_equal,0.0,0.0,0.0,0.0,0.0,0.0,100
"B=3.0,lam=0.25",equal,frac_worse_than_strongest_sep,0.625,0.5,0.75,0.375,0.875,0.62875,100
"B=3.0,lam=0.25",equal,worst_indiv_change_vs_equal,0.0,0.0,0.0,0.0,0.0,0.0,100
"B=3.0,lam=0.25",equal,p5_indiv_change_vs_equal,0.0,0.0,0.0,0.0,0.0,0.0,100
"B=3.0,lam=0.25",equal,capacity_utilization,1.0,1.0,1.0,1.0,1.0,1.0,100
"B=3.0,lam=0.25",equal,frac_cells_at_lower,0.0,0.0,0.0,0.0,0.0,0.0,100
"B=3.0,lam=0.25",equal,frac_cells_interior,1.0,1.0,1.0,1.0,1.0,1.0,100
"B=3.0,lam=0.25",equal,frac_cells_at_upper,0.0,0.0,0.0,0.0,0.0,0.0,100
"B=3.0,lam=0.25",joint,objective_regret,0.0,0.0,0.0,0.0,0.0,0.0,100
"B=3.0,lam=0.25",joint,mean_norm_util,0.14933537148733475,0.14299655418126916,0.1640523690940851,0.13758983700190489,0.19789815246140793,0.15701802019355704,100
"B=3.0,lam=0.25",joint,min_norm_util,0.13376234573104046,0.13108884716496466,0.13939483713268175,0.12912729425909672,0.15257914580939197,0.1364607477431991,100
"B=3.0,lam=0.25",joint,median_norm_util,0.14723468942841456,0.13953898532822492,0.15731400082510485,0.133501684887692,0.18218831232514082,0.15106537299569717,100
"B=3.0,lam=0.25",joint,frac_worse_than_equal,0.0,0.0,0.0,0.0,0.0,0.0,100
"B=3.0,lam=0.25",joint,frac_worse_than_strongest_sep,0.25,0.25,0.375,0.125,0.5,0.28375,100
"B=3.0,lam=0.25",joint,worst_indiv_change_vs_equal,0.0087623457310404,0.006088847164964675,0.014394837132681726,0.00412729425909671,0.027579145809391963,0.011460747743199105,100
"B=3.0,lam=0.25",joint,p5_indiv_change_vs_equal,0.0103033733738742,0.0072603920851477,0.015998177570817625,0.0048227267189519295,0.02882515067651868,0.013001029056057703,100
"B=3.0,lam=0.25",joint,capacity_utilization,0.9999999990833925,0.999999998758139,0.9999999992748296,0.9999999980453391,0.9999999996065877,0.9999999989366423,100
"B=3.0,lam=0.25",joint,frac_cells_at_lower,0.65625,0.65625,0.6875,0.625,0.71875,0.6640625,100
"B=3.0,lam=0.25",joint,frac_cells_interior,0.34375,0.3125,0.34375,0.28125,0.375,0.3359375,100
"B=3.0,lam=0.25",joint,frac_cells_at_upper,0.0,0.0,0.0,0.0,0.0,0.0,100
"B=3.0,lam=0.25",oracle_envelope,objective_regret,0.5187056326500876,0.41879250978030397,0.619908612604176,0.32064001522167473,0.7352725412465148,0.5297198133260106,100
"B=3.0,lam=0.25",oracle_envelope,mean_norm_util,0.1448494963498974,0.13857393250831918,0.16187922369192506,0.13391106776812184,0.19864391668274226,0.15403878518130415,100
"B=3.0,lam=0.25",oracle_envelope,min_norm_util,0.10192636655107234,0.09286541126740869,0.10825276702647812,0.08284830268238608,0.1136457548929507,0.10035973573384423,100
"B=3.0,lam=0.25",oracle_envelope,median_norm_util,0.13295230641449104,0.1256879369073768,0.144006247218146,0.11851722671825293,0.16706976717907385,0.1371153614429912,100
"B=3.0,lam=0.25",oracle_envelope,frac_worse_than_equal,0.375,0.25,0.5,0.25,0.625,0.40125,100
"B=3.0,lam=0.25",oracle_envelope,frac_worse_than_strongest_sep,0.0,0.0,0.5,0.0,0.625,0.2325,100
"B=3.0,lam=0.25",oracle_envelope,worst_indiv_change_vs_equal,-0.02307363344892755,-0.03213458873259122,-0.016747232973521774,-0.042151697317613826,-0.0113542451070492,-0.024640264266155697,100
"B=3.0,lam=0.25",oracle_envelope,p5_indiv_change_vs_equal,-0.02124807074262665,-0.02694408948982615,-0.014882253389763875,-0.03801753185321514,-0.00930385818624538,-0.02154987046777152,100
"B=3.0,lam=0.25",oracle_envelope,capacity_utilization,1.0,1.0,1.0,1.0,1.0,1.0,100
"B=3.0,lam=0.25",oracle_envelope,frac_cells_at_lower,0.0,0.0,0.0,0.0,0.03125,0.01,100
"B=3.0,lam=0.25",oracle_envelope,frac_cells_interior,1.0,1.0,1.0,0.96875,1.0,0.99,100
"B=3.0,lam=0.25",oracle_envelope,frac_cells_at_upper,0.0,0.0,0.0,0.0,0.0,0.0,100
"B=3.0,lam=0.25",proportional_gamma1,objective_regret,1.099208532901267,0.8498688278328279,1.4099258232163274,0.6497665053131444,1.8792078434231936,1.1659615680030135,100
"B=3.0,lam=0.25",proportional_gamma1,mean_norm_util,0.12981735941113104,0.12791815116100377,0.13656188550791404,0.12641577786894145,0.1582941177439282,0.13412174837544036,100
"B=3.0,lam=0.25",proportional_gamma1,min_norm_util,0.12583325341481125,0.12529238783878727,0.12660744440627938,0.12508061607252002,0.13453362895952342,0.12714695336943152,100
"B=3.0,lam=0.25",proportional_gamma1,median_norm_util,0.12900113905236235,0.1271740205481392,0.13329995880590517,0.12593688086419103,0.14657248312363622,0.1315043090113008,100
"B=3.0,lam=0.25",proportional_gamma1,frac_worse_than_equal,0.0,0.0,0.0,0.0,0.0,0.0,100
"B=3.0,lam=0.25",proportional_gamma1,frac_worse_than_strongest_sep,0.625,0.5,0.625,0.375,0.75,0.56375,100
"B=3.0,lam=0.25",proportional_gamma1,worst_indiv_change_vs_equal,0.00083325341481125,0.000292387838787275,0.001607444406279375,8.061607252004694e-05,0.009533628959523428,0.0021469533694315145,100
"B=3.0,lam=0.25",proportional_gamma1,p5_indiv_change_vs_equal,0.0010391625930449,0.000437274512366525,0.002083947785781175,0.00014595962632708,0.012139887757217886,0.0025072798390852217,100
"B=3.0,lam=0.25",proportional_gamma1,capacity_utilization,1.0,1.0,1.0,1.0,1.0,1.0,100
"B=3.0,lam=0.25",proportional_gamma1,frac_cells_at_lower,0.0,0.0,0.0,0.0,0.0,0.0,100
"B=3.0,lam=0.25",proportional_gamma1,frac_cells_interior,1.0,1.0,1.0,1.0,1.0,1.0,100
"B=3.0,lam=0.25",proportional_gamma1,frac_cells_at_upper,0.0,0.0,0.0,0.0,0.0,0.0,100
"B=3.0,lam=0.25",tuned_gamma4.0,objective_regret,0.5511149968147588,0.48343899892663433,0.6271352479721601,0.4146819462147057,0.7874404234214984,0.5722439768292191,100
"B=3.0,lam=0.25",tuned_gamma4.0,mean_norm_util,0.14300091189710507,0.13547271942901243,0.16028699663838236,0.13038325452691854,0.19864391668274226,0.15133295511777467,100
"B=3.0,lam=0.25",tuned_gamma4.0,min_norm_util,0.1109391464701648,0.10442859867085028,0.11694797084196656,0.08878114080555463,0.12074645334391164,0.10913927539435281,100
"B=3.0,lam=0.25",tuned_gamma4.0,median_norm_util,0.13235703683804595,0.1272991980015453,0.1428131072507769,0.12179325910777256,0.16671499839266507,0.13676247267226413,100
"B=3.0,lam=0.25",tuned_gamma4.0,frac_worse_than_equal,0.375,0.25,0.5,0.125,0.625,0.37125,100
"B=3.0,lam=0.25",tuned_gamma4.0,frac_worse_than_strongest_sep,0.0,0.0,0.0,0.0,0.0,0.0,100
"B=3.0,lam=0.25",tuned_gamma4.0,worst_indiv_change_vs_equal,-0.014060853529835101,-0.020571401329149624,-0.008052029158033325,-0.03621885919444527,-0.004253546656088257,-0.015860724605647098,100
"B=3.0,lam=0.25",tuned_gamma4.0,p5_indiv_change_vs_equal,-0.0117493344880286,-0.0181148973845554,-0.006836145825890325,-0.03103872793665763,-0.00289426397285191,-0.013651738880325216,100
"B=3.0,lam=0.25",tuned_gamma4.0,capacity_utilization,1.0,1.0,1.0,1.0,1.0,1.0,100
"B=3.0,lam=0.25",tuned_gamma4.0,frac_cells_at_lower,0.0,0.0,0.0,0.0,0.0,0.00125,100
"B=3.0,lam=0.25",tuned_gamma4.0,frac_cells_interior,1.0,1.0,1.0,1.0,1.0,0.99875,100
"B=3.0,lam=0.25",tuned_gamma4.0,frac_cells_at_upper,0.0,0.0,0.0,0.0,0.0,0.0,100
"B=3.0,lam=0.5",equal,objective_regret,3.545906656591725,2.930208971947354,4.066703944353326,1.9117150345365281,4.757003627658368,3.4821080343145723,100
"B=3.0,lam=0.5",equal,mean_norm_util,0.125,0.125,0.125,0.125,0.125,0.125,100
"B=3.0,lam=0.5",equal,min_norm_util,0.125,0.125,0.125,0.125,0.125,0.125,100
"B=3.0,lam=0.5",equal,median_norm_util,0.125,0.125,0.125,0.125,0.125,0.125,100
"B=3.0,lam=0.5",equal,frac_worse_than_equal,0.0,0.0,0.0,0.0,0.0,0.0,100
"B=3.0,lam=0.5",equal,frac_worse_than_strongest_sep,0.75,0.625,0.875,0.5,1.0,0.735,100
"B=3.0,lam=0.5",equal,worst_indiv_change_vs_equal,0.0,0.0,0.0,0.0,0.0,0.0,100
"B=3.0,lam=0.5",equal,p5_indiv_change_vs_equal,0.0,0.0,0.0,0.0,0.0,0.0,100
"B=3.0,lam=0.5",equal,capacity_utilization,1.0,1.0,1.0,1.0,1.0,1.0,100
"B=3.0,lam=0.5",equal,frac_cells_at_lower,0.0,0.0,0.0,0.0,0.0,0.0,100
"B=3.0,lam=0.5",equal,frac_cells_interior,1.0,1.0,1.0,1.0,1.0,1.0,100
"B=3.0,lam=0.5",equal,frac_cells_at_upper,0.0,0.0,0.0,0.0,0.0,0.0,100
"B=3.0,lam=0.5",joint,objective_regret,0.0,0.0,0.0,0.0,0.0,0.0,100
"B=3.0,lam=0.5",joint,mean_norm_util,0.19996648423749863,0.183001784587738,0.21675869050769095,0.1608111022464295,0.24147760176254748,0.20077149471201433,100
"B=3.0,lam=0.5",joint,min_norm_util,0.14955186929994635,0.14130618328017786,0.16130774334551704,0.1350291654669174,0.17741890839967356,0.15265341244473177,100
"B=3.0,lam=0.5",joint,median_norm_util,0.18147904838853124,0.16576782531116238,0.19695160369878617,0.14654826161596934,0.21878578424160575,0.18271332991757028,100
"B=3.0,lam=0.5",joint,frac_worse_than_equal,0.0,0.0,0.0,0.0,0.0,0.0,100
"B=3.0,lam=0.5",joint,frac_worse_than_strongest_sep,0.375,0.25,0.5,0.25,0.5,0.3825,100
"B=3.0,lam=0.5",joint,worst_indiv_change_vs_equal,0.02455186929994635,0.016306183280177848,0.03630774334551705,0.010029165466917294,0.052418908399673544,0.027653412444731768,100
"B=3.0,lam=0.5",joint,p5_indiv_change_vs_equal,0.02989904619643225,0.019108322892110976,0.0405652231968808,0.01344852305165911,0.05533256751867307,0.031110536124458667,100
"B=3.0,lam=0.5",joint,capacity_utilization,0.9999999991822042,0.9999999989929569,0.9999999994268329,0.9999999987991824,0.9999999995852937,0.9999999991954711,100
"B=3.0,lam=0.5",joint,frac_cells_at_lower,0.6875,0.65625,0.71875,0.65625,0.75,0.6875,100
"B=3.0,lam=0.5",joint,frac_cells_interior,0.3125,0.28125,0.34375,0.25,0.34375,0.3125,100
"B=3.0,lam=0.5",joint,frac_cells_at_upper,0.0,0.0,0.0,0.0,0.0,0.0,100
"B=3.0,lam=0.5",oracle_envelope,objective_regret,0.6411706698153825,0.5471180278350003,0.732138669974777,0.4209021677920809,0.8477419434239336,0.6378795805151567,100
"B=3.0,lam=0.5",oracle_envelope,mean_norm_util,0.20076176824453806,0.17797426609457132,0.21842462943368135,0.15790295839057633,0.24769674678537448,0.20020895798493624,100
"B=3.0,lam=0.5",oracle_envelope,min_norm_util,0.09757971912531249,0.09165296626649465,0.1083630384221486,0.07707294460866058,0.12237019414488583,0.0999180307411612,100
"B=3.0,lam=0.5",oracle_envelope,median_norm_util,0.16523222785936215,0.14615371776180602,0.1861803091052966,0.12757421633977276,0.21420061731967147,0.16799257400920084,100
"B=3.0,lam=0.5",oracle_envelope,frac_worse_than_equal,0.25,0.125,0.375,0.125,0.5,0.2625,100
"B=3.0,lam=0.5",oracle_envelope,frac_worse_than_strongest_sep,0.0,0.0,0.0,0.0,0.375,0.05,100
"B=3.0,lam=0.5",oracle_envelope,worst_indiv_change_vs_equal,-0.0274202808746874,-0.033347033733505255,-0.0166369615778513,-0.04792705539133931,-0.002629805855114066,-0.025081969258838703,100
"B=3.0,lam=0.5",oracle_envelope,p5_indiv_change_vs_equal,-0.020674501010497448,-0.027144650636200425,-0.01101188438763365,-0.03872965225663636,0.000827266495015748,-0.017993140528940813,100
"B=3.0,lam=0.5",oracle_envelope,capacity_utilization,1.0,1.0,1.0,1.0,1.0000000000000002,1.0,100
"B=3.0,lam=0.5",oracle_envelope,frac_cells_at_lower,0.0,0.0,0.0,0.0,0.15625,0.0228125,100
"B=3.0,lam=0.5",oracle_envelope,frac_cells_interior,1.0,1.0,1.0,0.84375,1.0,0.9771875,100
"B=3.0,lam=0.5",oracle_envelope,frac_cells_at_upper,0.0,0.0,0.0,0.0,0.0,0.0,100
"B=3.0,lam=0.5",proportional_gamma1,objective_regret,1.738072693429162,1.574718890471372,1.94816302286193,1.3246504374126076,2.138590900634371,1.7436868849827345,100
"B=3.0,lam=0.5",proportional_gamma1,mean_norm_util,0.15748741737929378,0.14647718244502583,0.167534994781524,0.13497282658209017,0.18163814108605708,0.15790320437240443,100
"B=3.0,lam=0.5",proportional_gamma1,min_norm_util,0.13332641208391321,0.12939068709506926,0.13914174901858287,0.1260183689997331,0.15253731580277996,0.13541492775447225,100
"B=3.0,lam=0.5",proportional_gamma1,median_norm_util,0.14807279146617006,0.13970722870359137,0.15822406014816498,0.13067395091154324,0.16968253650256154,0.149340254455984,100
"B=3.0,lam=0.5",proportional_gamma1,frac_worse_than_equal,0.0,0.0,0.0,0.0,0.0,0.0,100
"B=3.0,lam=0.5",proportional_gamma1,frac_worse_than_strongest_sep,0.625,0.5,0.75,0.375,0.875,0.6225,100
"B=3.0,lam=0.5",proportional_gamma1,worst_indiv_change_vs_equal,0.008326412083913149,0.00439068709506925,0.01414174901858285,0.001018368999733095,0.027537315802779964,0.010414927754472236,100
"B=3.0,lam=0.5",proportional_gamma1,p5_indiv_change_vs_equal,0.010070627113568601,0.005894684966617175,0.0157157876467704,0.001369984981511575,0.029990751833509865,0.011654624670462087,100
"B=3.0,lam=0.5",proportional_gamma1,capacity_utilization,1.0,1.0,1.0,1.0,1.0,1.0,100
"B=3.0,lam=0.5",proportional_gamma1,frac_cells_at_lower,0.0,0.0,0.0,0.0,0.0,0.0,100
"B=3.0,lam=0.5",proportional_gamma1,frac_cells_interior,1.0,1.0,1.0,1.0,1.0,1.0,100
"B=3.0,lam=0.5",proportional_gamma1,frac_cells_at_upper,0.0,0.0,0.0,0.0,0.0,0.0,100
"B=3.0,lam=0.5",tuned_gamma4.0,objective_regret,0.6519168663189561,0.5597466360571568,0.7381251495324479,0.4641158474047889,0.8477419434239336,0.6501420810569002,100
"B=3.0,lam=0.5",tuned_gamma4.0,mean_norm_util,0.19840759349913015,0.17918843026255943,0.2173095281058658,0.15315333077178797,0.24636711282492504,0.1994792781694549,100
"B=3.0,lam=0.5",tuned_gamma4.0,min_norm_util,0.09971513792006126,0.0931371633187975,0.10969179524433115,0.08186661034453707,0.12709422275240803,0.10220731390584499,100
"B=3.0,lam=0.5",tuned_gamma4.0,median_norm_util,0.16523222785936215,0.14520212186819784,0.18680620898011094,0.1274122345511032,0.21420061731967147,0.1674468701487969,100
"B=3.0,lam=0.5",tuned_gamma4.0,frac_worse_than_equal,0.25,0.125,0.375,0.0,0.5,0.265,100
"B=3.0,lam=0.5",tuned_gamma4.0,frac_worse_than_strongest_sep,0.0,0.0,0.0,0.0,0.0,0.0,100
"B=3.0,lam=0.5",tuned_gamma4.0,worst_indiv_change_vs_equal,-0.02528486207993865,-0.0318628366812024,-0.01530820475566875,-0.043133389655462824,0.002094222752407931,-0.022792686094154916,100
"B=3.0,lam=0.5",tuned_gamma4.0,p5_indiv_change_vs_equal,-0.01893235173162265,-0.026092108342923824,-0.010633955192669875,-0.03547844468193677,0.006665310962824863,-0.016391495222581872,100
"B=3.0,lam=0.5",tuned_gamma4.0,capacity_utilization,1.0,1.0,1.0,1.0,1.0000000000000002,1.0,100
"B=3.0,lam=0.5",tuned_gamma4.0,frac_cells_at_lower,0.0,0.0,0.0,0.0,0.03125,0.004375,100
"B=3.0,lam=0.5",tuned_gamma4.0,frac_cells_interior,1.0,1.0,1.0,0.96875,1.0,0.995625,100
"B=3.0,lam=0.5",tuned_gamma4.0,frac_cells_at_upper,0.0,0.0,0.0,0.0,0.0,0.0,100
"B=3.0,lam=0.75",equal,objective_regret,4.602347968398487,4.063129113406904,4.957213869609049,3.459318920112496,5.3601611188129485,4.508001782700875,100
"B=3.0,lam=0.75",equal,mean_norm_util,0.125,0.125,0.125,0.125,0.125,0.125,100
"B=3.0,lam=0.75",equal,min_norm_util,0.125,0.125,0.125,0.125,0.125,0.125,100
"B=3.0,lam=0.75",equal,median_norm_util,0.125,0.125,0.125,0.125,0.125,0.125,100
"B=3.0,lam=0.75",equal,frac_worse_than_equal,0.0,0.0,0.0,0.0,0.0,0.0,100
"B=3.0,lam=0.75",equal,frac_worse_than_strongest_sep,0.875,0.75,1.0,0.625,1.0,0.8525,100
"B=3.0,lam=0.75",equal,worst_indiv_change_vs_equal,0.0,0.0,0.0,0.0,0.0,0.0,100
"B=3.0,lam=0.75",equal,p5_indiv_change_vs_equal,0.0,0.0,0.0,0.0,0.0,0.0,100
"B=3.0,lam=0.75",equal,capacity_utilization,1.0,1.0,1.0,1.0,1.0,1.0,100
"B=3.0,lam=0.75",equal,frac_cells_at_lower,0.0,0.0,0.0,0.0,0.0,0.0,100
"B=3.0,lam=0.75",equal,frac_cells_interior,1.0,1.0,1.0,1.0,1.0,1.0,100
"B=3.0,lam=0.75",equal,frac_cells_at_upper,0.0,0.0,0.0,0.0,0.0,0.0,100
"B=3.0,lam=0.75",joint,objective_regret,0.0,0.0,0.0,0.0,0.0,0.0,100
"B=3.0,lam=0.75",joint,mean_norm_util,0.22754267781948762,0.212720852494232,0.23815192713652417,0.1984598865887072,0.2570411827615358,0.22690996651406484,100
"B=3.0,lam=0.75",joint,min_norm_util,0.165635314325926,0.1572074417999845,0.18327436425449128,0.14751308384638984,0.2031613297938839,0.1707444828184036,100
"B=3.0,lam=0.75",joint,median_norm_util,0.2061947880953196,0.19648120959850146,0.22735145560460673,0.17363843286679514,0.24983910417603397,0.2106505051594892,100
"B=3.0,lam=0.75",joint,frac_worse_than_equal,0.0,0.0,0.0,0.0,0.0,0.0,100
"B=3.0,lam=0.75",joint,frac_worse_than_strongest_sep,0.375,0.375,0.5,0.25,0.5,0.38625,100
"B=3.0,lam=0.75",joint,worst_indiv_change_vs_equal,0.040635314325926,0.03220744179998442,0.05827436425449128,0.022513083846389843,0.07816132979388382,0.04574448281840361,100
"B=3.0,lam=0.75",joint,p5_indiv_change_vs_equal,0.045095989681246354,0.037238464944644396,0.06019977153017255,0.026962186711801863,0.08143971904564265,0.049659194708266415,100
"B=3.0,lam=0.75",joint,capacity_utilization,0.999999999226804,0.9999999990477636,0.9999999994621008,0.999999998870707,0.9999999996523806,0.9999999992444519,100
"B=3.0,lam=0.75",joint,frac_cells_at_lower,0.6875,0.6875,0.71875,0.65625,0.75,0.6946875,100
"B=3.0,lam=0.75",joint,frac_cells_interior,0.3125,0.28125,0.3125,0.25,0.34375,0.3053125,100
"B=3.0,lam=0.75",joint,frac_cells_at_upper,0.0,0.0,0.0,0.0,0.0,0.0,100
"B=3.0,lam=0.75",oracle_envelope,objective_regret,0.5360390614381725,0.41836252793952416,0.6781831519885078,0.33492755310243283,0.8974793048040757,0.5644937154902968,100
"B=3.0,lam=0.75",oracle_envelope,mean_norm_util,0.22745051304653552,0.21255944802733326,0.23892722304588523,0.19356528769002956,0.2572387080591802,0.2258223988474085,100
"B=3.0,lam=0.75",oracle_envelope,min_norm_util,0.11503569973111044,0.09831260075711598,0.13319310287956254,0.08472601085063154,0.14643686616045684,0.11622400046358973,100
"B=3.0,lam=0.75",oracle_envelope,median_norm_util,0.19704045332483738,0.17719177968456293,0.21164872399599566,0.1495749299186221,0.24824959464049787,0.19529192391266129,100
"B=3.0,lam=0.75",oracle_envelope,frac_worse_than_equal,0.125,0.0,0.25,0.0,0.375,0.13,100
"B=3.0,lam=0.75",oracle_envelope,frac_worse_than_strongest_sep,0.0,0.0,0.0,0.0,0.375,0.03875,100
"B=3.0,lam=0.75",oracle_envelope,worst_indiv_change_vs_equal,-0.009964300268889451,-0.026687399242883925,0.00819310287956255,-0.040273989149368354,0.021436866160456848,-0.008775999536410232,100
"B=3.0,lam=0.75",oracle_envelope,p5_indiv_change_vs_equal,-0.0035483531998433,-0.014237031111519926,0.015268770997160876,-0.03054282558352753,0.031511280048066144,-9.853197844795578e-05,100
"B=3.0,lam=0.75",oracle_envelope,capacity_utilization,1.0,1.0,1.0,1.0,1.0,1.0,100
"B=3.0,lam=0.75",oracle_envelope,frac_cells_at_lower,0.0,0.0,0.03125,0.0,0.0625,0.0153125,100
"B=3.0,lam=0.75",oracle_envelope,frac_cells_interior,1.0,0.96875,1.0,0.9375,1.0,0.9846875,100
"B=3.0,lam=0.75",oracle_envelope,frac_cells_at_upper,0.0,0.0,0.0,0.0,0.0,0.0,100
"B=3.0,lam=0.75",proportional_gamma1,objective_regret,1.8388856082496314,1.6789043703008293,2.0612516175999502,1.4705710873938276,2.2571443670119216,1.8577509413799433,100
"B=3.0,lam=0.75",proportional_gamma1,mean_norm_util,0.1779455118154442,0.17108416431235177,0.18406304716476354,0.1591466337176332,0.18830509566494572,0.17674618620670351,100
"B=3.0,lam=0.75",proportional_gamma1,min_norm_util,0.14965424993005821,0.14075780383062234,0.15520943626843153,0.13533656874853184,0.16542288393629268,0.14909044339089003,100
"B=3.0,lam=0.75",proportional_gamma1,median_norm_util,0.1684928491367386,0.15836929575306097,0.17469149874090875,0.14785784790802145,0.18452770846280664,0.16663924082732057,100
"B=3.0,lam=0.75",proportional_gamma1,frac_worse_than_equal,0.0,0.0,0.0,0.0,0.0,0.0,100
"B=3.0,lam=0.75",proportional_gamma1,frac_worse_than_strongest_sep,0.625,0.625,0.75,0.49375,0.875,0.66,100
"B=3.0,lam=0.75",proportional_gamma1,worst_indiv_change_vs_equal,0.0246542499300582,0.01575780383062235,0.03020943626843145,0.01033656874853184,0.04042288393629269,0.024090443390890028,100
"B=3.0,lam=0.75",proportional_gamma1,p5_indiv_change_vs_equal,0.02535857377842335,0.017375897883421275,0.0327482226811422,0.011403268248824166,0.04138910796401202,0.0255992512052504,100
"B=3.0,lam=0.75",proportional_gamma1,capacity_utilization,1.0,1.0,1.0,1.0,1.0,1.0,100
"B=3.0,lam=0.75",proportional_gamma1,frac_cells_at_lower,0.0,0.0,0.0,0.0,0.0,0.0,100
"B=3.0,lam=0.75",proportional_gamma1,frac_cells_interior,1.0,1.0,1.0,1.0,1.0,1.0,100
"B=3.0,lam=0.75",proportional_gamma1,frac_cells_at_upper,0.0,0.0,0.0,0.0,0.0,0.0,100
"B=3.0,lam=0.75",tuned_gamma4.0,objective_regret,0.5360390614381725,0.42168509257740977,0.6781831519885078,0.33492755310243283,0.908654756734806,0.5706547002784906,100
"B=3.0,lam=0.75",tuned_gamma4.0,mean_norm_util,0.22745051304653552,0.21665015433743226,0.23884270455041004,0.1966726153266638,0.2572387080591802,0.22709878503586026,100
"B=3.0,lam=0.75",tuned_gamma4.0,min_norm_util,0.1122050463572546,0.09696569526065797,0.13229190037582572,0.08126709632495308,0.14887259851947107,0.11428707642195693,100
"B=3.0,lam=0.75",tuned_gamma4.0,median_norm_util,0.1967255509035557,0.17719572721672325,0.21164872399599566,0.14430390620093586,0.24824959464049787,0.19492114031176125,100
"B=3.0,lam=0.75",tuned_gamma4.0,frac_worse_than_equal,0.125,0.0,0.25,0.0,0.375,0.1475,100
"B=3.0,lam=0.75",tuned_gamma4.0,frac_worse_than_strongest_sep,0.0,0.0,0.0,0.0,0.0,0.0,100
"B=3.0,lam=0.75",tuned_gamma4.0,worst_indiv_change_vs_equal,-0.0127949536427453,-0.028034304739341924,0.007291900375825725,-0.043732903675046814,0.023872598519471076,-0.010712923578043014,100
"B=3.0,lam=0.75",tuned_gamma4.0,p5_indiv_change_vs_equal,-0.0061047070604339,-0.019951286079113374,0.0152586014826209,-0.03223594154446307,0.033150856564094264,-0.0020246083606697864,100
"B=3.0,lam=0.75",tuned_gamma4.0,capacity_utilization,1.0,1.0,1.0,1.0,1.0,1.0,100
"B=3.0,lam=0.75",tuned_gamma4.0,frac_cells_at_lower,0.0,0.0,0.03125,0.0,0.0625,0.01125,100
"B=3.0,lam=0.75",tuned_gamma4.0,frac_cells_interior,1.0,0.96875,1.0,0.9375,1.0,0.98875,100
"B=3.0,lam=0.75",tuned_gamma4.0,frac_cells_at_upper,0.0,0.0,0.0,0.0,0.0,0.0,100
"B=3.0,lam=1.0",equal,objective_regret,4.746514439574611,4.343576198348632,5.008596322799784,3.834141027978155,5.438412998245862,4.682906531960557,100
"B=3.0,lam=1.0",equal,mean_norm_util,0.125,0.125,0.125,0.125,0.125,0.125,100
"B=3.0,lam=1.0",equal,min_norm_util,0.125,0.125,0.125,0.125,0.125,0.125,100
"B=3.0,lam=1.0",equal,median_norm_util,0.125,0.125,0.125,0.125,0.125,0.125,100
"B=3.0,lam=1.0",equal,frac_worse_than_equal,0.0,0.0,0.0,0.0,0.0,0.0,100
"B=3.0,lam=1.0",equal,frac_worse_than_strongest_sep,0.875,0.875,1.0,0.75,1.0,0.8925,100
"B=3.0,lam=1.0",equal,worst_indiv_change_vs_equal,0.0,0.0,0.0,0.0,0.0,0.0,100
"B=3.0,lam=1.0",equal,p5_indiv_change_vs_equal,0.0,0.0,0.0,0.0,0.0,0.0,100
"B=3.0,lam=1.0",equal,capacity_utilization,1.0,1.0,1.0,1.0,1.0,1.0,100
"B=3.0,lam=1.0",equal,frac_cells_at_lower,0.0,0.0,0.0,0.0,0.0,0.0,100
"B=3.0,lam=1.0",equal,frac_cells_interior,1.0,1.0,1.0,1.0,1.0,1.0,100
"B=3.0,lam=1.0",equal,frac_cells_at_upper,0.0,0.0,0.0,0.0,0.0,0.0,100
"B=3.0,lam=1.0",joint,objective_regret,0.0,0.0,0.0,0.0,0.0,0.0,100
"B=3.0,lam=1.0",joint,mean_norm_util,0.2304165698339123,0.22156720046201905,0.24017671855371378,0.2047342365545628,0.2517656179592379,0.23008477372639516,100
"B=3.0,lam=1.0",joint,min_norm_util,0.17348284176282974,0.16219322665424635,0.18888227111763933,0.14813957660951685,0.20404016023504987,0.17507201680699297,100
"B=3.0,lam=1.0",joint,median_norm_util,0.2231192701412234,0.2098551583003047,0.23021417560382837,0.18641289173231262,0.2566540891371152,0.22080073819060872,100
"B=3.0,lam=1.0",joint,frac_worse_than_equal,0.0,0.0,0.0,0.0,0.0,0.0,100
"B=3.0,lam=1.0",joint,frac_worse_than_strongest_sep,0.5,0.375,0.5,0.25,0.625,0.44,100
"B=3.0,lam=1.0",joint,worst_indiv_change_vs_equal,0.0484828417628297,0.03719322665424635,0.06388227111763933,0.023139576609516845,0.07904016023504987,0.05007201680699297,100
"B=3.0,lam=1.0",joint,p5_indiv_change_vs_equal,0.05296991956936965,0.0417408757486804,0.06713192157124381,0.028082989569755,0.08059240583972391,0.054843275789809534,100
"B=3.0,lam=1.0",joint,capacity_utilization,0.9999999992716685,0.9999999990142397,0.9999999994656195,0.9999999988700495,0.9999999996580925,0.9999999992387195,100
"B=3.0,lam=1.0",joint,frac_cells_at_lower,0.6875,0.6875,0.71875,0.65625,0.7203124999999999,0.6925,100
"B=3.0,lam=1.0",joint,frac_cells_interior,0.3125,0.28125,0.3125,0.2796875,0.34375,0.3075,100
"B=3.0,lam=1.0",joint,frac_cells_at_upper,0.0,0.0,0.0,0.0,0.0,0.0,100
"B=3.0,lam=1.0",oracle_envelope,objective_regret,0.4890357759077339,0.406903265105111,0.577180751338596,0.27763973792541174,0.7034658367495492,0.4870284191721136,100
"B=3.0,lam=1.0",oracle_envelope,mean_norm_util,0.23046024469536375,0.2196750368735786,0.24076866735668728,0.2008303111741799,0.25470836104691036,0.2292723189259871,100
"B=3.0,lam=1.0",oracle_envelope,min_norm_util,0.11348818894164175,0.10135822273368175,0.13314765318766783,0.08190489292156852,0.16053561546525158,0.11673704174795363,100
"B=3.0,lam=1.0",oracle_envelope,median_norm_util,0.21376422834292746,0.1974503505318115,0.2271190685089253,0.16916915101954078,0.25345284967537546,0.21235694369490446,100
"B=3.0,lam=1.0",oracle_envelope,frac_worse_than_equal,0.125,0.0,0.125,0.0,0.25,0.1075,100
"B=3.0,lam=1.0",oracle_envelope,frac_worse_than_strongest_sep,0.0,0.0,0.0,0.0,0.018749999999998934,0.02375,100
"B=3.0,lam=1.0",oracle_envelope,worst_indiv_change_vs_equal,-0.01151181105835815,-0.02364177726631815,0.008147653187667825,-0.04309510707843137,0.03553561546525157,-0.008262958252046333,100
"B=3.0,lam=1.0",oracle_envelope,p5_indiv_change_vs_equal,0.00201410350949315,-0.011563458258226876,0.01862074150566655,-0.028018337510513393,0.03812082357954429,0.0025776988900955574,100
"B=3.0,lam=1.0",oracle_envelope,capacity_utilization,1.0,1.0,1.0,1.0,1.0,1.0,100
"B=3.0,lam=1.0",oracle_envelope,frac_cells_at_lower,0.03125,0.0,0.03125,0.0,0.1265624999999999,0.030625,100
"B=3.0,lam=1.0",oracle_envelope,frac_cells_interior,0.96875,0.96875,1.0,0.8734375,1.0,0.969375,100
"B=3.0,lam=1.0",oracle_envelope,frac_cells_at_upper,0.0,0.0,0.0,0.0,0.0,0.0,100
"B=3.0,lam=1.0",proportional_gamma1,objective_regret,1.8608215581258616,1.6985435140160412,2.010014547251597,1.4397736685831308,2.2137580099998506,1.854937928283434,100
"B=3.0,lam=1.0",proportional_gamma1,mean_norm_util,0.18108473150299415,0.1753622281922762,0.18534287121653847,0.16575892956104443,0.18917133591850083,0.17966129185662852,100
"B=3.0,lam=1.0",proportional_gamma1,min_norm_util,0.154861396601901,0.14761748959319326,0.1615873093658985,0.14142243508804025,0.1702769346108773,0.15488439702549509,100
"B=3.0,lam=1.0",proportional_gamma1,median_norm_util,0.17493461069251875,0.1663927138663917,0.18152391473122387,0.15852901832877098,0.1876482671096244,0.1736995317162341,100
"B=3.0,lam=1.0",proportional_gamma1,frac_worse_than_equal,0.0,0.0,0.0,0.0,0.0,0.0,100
"B=3.0,lam=1.0",proportional_gamma1,frac_worse_than_strongest_sep,0.6875,0.625,0.75,0.5,0.875,0.69875,100
"B=3.0,lam=1.0",proportional_gamma1,worst_indiv_change_vs_equal,0.02986139660190095,0.02261748959319325,0.03658730936589848,0.016422435088040224,0.045276934610877305,0.02988439702549509,100
"B=3.0,lam=1.0",proportional_gamma1,p5_indiv_change_vs_equal,0.03101286070912635,0.024970451161311552,0.03804420503933925,0.018557061773947045,0.046563631426695395,0.03159511278076795,100
"B=3.0,lam=1.0",proportional_gamma1,capacity_utilization,1.0,1.0,1.0,1.0,1.0,1.0,100
"B=3.0,lam=1.0",proportional_gamma1,frac_cells_at_lower,0.0,0.0,0.0,0.0,0.0,0.0,100
"B=3.0,lam=1.0",proportional_gamma1,frac_cells_interior,1.0,1.0,1.0,1.0,1.0,1.0,100
"B=3.0,lam=1.0",proportional_gamma1,frac_cells_at_upper,0.0,0.0,0.0,0.0,0.0,0.0,100
"B=3.0,lam=1.0",tuned_gamma4.0,objective_regret,0.49068678995389975,0.4078285737641547,0.5780613426591623,0.2908187264564151,0.7034658367495492,0.49028850371289434,100
"B=3.0,lam=1.0",tuned_gamma4.0,mean_norm_util,0.22851238041165575,0.2196750368735786,0.24076866735668728,0.2008303111741799,0.25470836104691036,0.22886610187192066,100
"B=3.0,lam=1.0",tuned_gamma4.0,min_norm_util,0.11401365614763605,0.10210642641262037,0.13314765318766783,0.08190489292156852,0.16194637412367435,0.11795875854112368,100
"B=3.0,lam=1.0",tuned_gamma4.0,median_norm_util,0.21316424950761204,0.1974503505318115,0.22666474982992385,0.16916915101954078,0.25345284967537546,0.2118444876173324,100
"B=3.0,lam=1.0",tuned_gamma4.0,frac_worse_than_equal,0.125,0.0,0.125,0.0,0.25,0.1075,100
"B=3.0,lam=1.0",tuned_gamma4.0,frac_worse_than_strongest_sep,0.0,0.0,0.0,0.0,0.0,0.0,100
"B=3.0,lam=1.0",tuned_gamma4.0,worst_indiv_change_vs_equal,-0.01098634385236385,-0.022893573587379524,0.008147653187667825,-0.04309510707843137,0.03694637412367434,-0.00704124145887627,100
"B=3.0,lam=1.0",tuned_gamma4.0,p5_indiv_change_vs_equal,0.00201410350949315,-0.01107673600349585,0.019847253015237924,-0.028018337510513393,0.04275646875531931,0.0038569577444766447,100
"B=3.0,lam=1.0",tuned_gamma4.0,capacity_utilization,1.0,1.0,1.0,1.0,1.0,1.0,100
"B=3.0,lam=1.0",tuned_gamma4.0,frac_cells_at_lower,0.0,0.0,0.03125,0.0,0.0625,0.020625,100
"B=3.0,lam=1.0",tuned_gamma4.0,frac_cells_interior,1.0,0.96875,1.0,0.9375,1.0,0.979375,100
"B=3.0,lam=1.0",tuned_gamma4.0,frac_cells_at_upper,0.0,0.0,0.0,0.0,0.0,0.0,100
"B=3.8,lam=0.0",equal,objective_regret,-5.014584303353331e-09,-5.1038142601100844e-09,-4.925320595816629e-09,-6.146295028486293e-09,-3.0794385708077256e-09,-4.797834982639415e-09,100
"B=3.8,lam=0.0",equal,mean_norm_util,0.125,0.125,0.125,0.125,0.125,0.125,100
"B=3.8,lam=0.0",equal,min_norm_util,0.125,0.125,0.125,0.125,0.125,0.125,100
"B=3.8,lam=0.0",equal,median_norm_util,0.125,0.125,0.125,0.125,0.125,0.125,100
"B=3.8,lam=0.0",equal,frac_worse_than_equal,0.0,0.0,0.0,0.0,0.0,0.0,100
"B=3.8,lam=0.0",equal,frac_worse_than_strongest_sep,0.0,0.0,0.0,0.0,0.0,0.0,100
"B=3.8,lam=0.0",equal,worst_indiv_change_vs_equal,0.0,0.0,0.0,0.0,0.0,0.0,100
"B=3.8,lam=0.0",equal,p5_indiv_change_vs_equal,0.0,0.0,0.0,0.0,0.0,0.0,100
"B=3.8,lam=0.0",equal,capacity_utilization,1.0,1.0,1.0,1.0,1.0,1.0,100
"B=3.8,lam=0.0",equal,frac_cells_at_lower,0.0,0.0,0.0,0.0,0.0,0.0,100
"B=3.8,lam=0.0",equal,frac_cells_interior,1.0,1.0,1.0,1.0,1.0,1.0,100
"B=3.8,lam=0.0",equal,frac_cells_at_upper,0.0,0.0,0.0,0.0,0.0,0.0,100
"B=3.8,lam=0.0",joint,objective_regret,0.0,0.0,0.0,0.0,0.0,0.0,100
"B=3.8,lam=0.0",joint,mean_norm_util,0.12499999992208495,0.12499999992079847,0.1249999999232462,0.12499999990876455,0.12499999995205886,0.12499999992694474,100
"B=3.8,lam=0.0",joint,min_norm_util,0.12499979387071085,0.1249992505314265,0.12499992846767483,0.12499804933121948,0.1249999850033877,0.12499941441080505,100
"B=3.8,lam=0.0",joint,median_norm_util,0.1249999785151604,0.12499987913578392,0.1250000988541216,0.12499956141290025,0.12500027858045878,0.12499997100074588,100
"B=3.8,lam=0.0",joint,frac_worse_than_equal,0.875,0.125,0.875,0.125,0.875,0.5425,100
"B=3.8,lam=0.0",joint,frac_worse_than_strongest_sep,0.875,0.125,0.875,0.125,0.875,0.5425,100
"B=3.8,lam=0.0",joint,worst_indiv_change_vs_equal,-2.0612928909591322e-07,-7.494685734243944e-07,-7.153232514309216e-08,-1.9506687804406173e-06,-1.4996612292955686e-08,-5.855891949038683e-07,100
"B=3.8,lam=0.0",joint,p5_indiv_change_vs_equal,-1.9040778587164908e-07,-4.6108162393334455e-07,-7.014311409828113e-08,-1.2911070676592181e-06,-1.4996612292955686e-08,-3.907827156213461e-07,100
"B=3.8,lam=0.0",joint,capacity_utilization,0.9999999993119554,0.9999999993079723,0.9999999993214701,0.9999999991797451,0.9999999995758024,0.9999999993526728,100
"B=3.8,lam=0.0",joint,frac_cells_at_lower,0.0,0.0,0.0,0.0,0.0,0.0,100
"B=3.8,lam=0.0",joint,frac_cells_interior,1.0,1.0,1.0,1.0,1.0,1.0,100
"B=3.8,lam=0.0",joint,frac_cells_at_upper,0.0,0.0,0.0,0.0,0.0,0.0,100
"B=3.8,lam=0.0",oracle_envelope,objective_regret,-5.014584303353331e-09,-5.1038142601100844e-09,-4.925321483995049e-09,-6.146295206121977e-09,-3.0794385708077256e-09,-4.797835231329373e-09,100
"B=3.8,lam=0.0",oracle_envelope,mean_norm_util,0.125,0.125,0.125,0.125,0.125,0.125,100
"B=3.8,lam=0.0",oracle_envelope,min_norm_util,0.125,0.125,0.125,0.125,0.125,0.125,100
"B=3.8,lam=0.0",oracle_envelope,median_norm_util,0.125,0.125,0.125,0.125,0.125,0.125,100
"B=3.8,lam=0.0",oracle_envelope,frac_worse_than_equal,0.0,0.0,0.0,0.0,0.0,0.0,100
"B=3.8,lam=0.0",oracle_envelope,frac_worse_than_strongest_sep,0.0,0.0,0.0,0.0,0.0,0.0,100
"B=3.8,lam=0.0",oracle_envelope,worst_indiv_change_vs_equal,0.0,0.0,0.0,0.0,2.7755575615628914e-17,1.942890293094024e-18,100
"B=3.8,lam=0.0",oracle_envelope,p5_indiv_change_vs_equal,0.0,0.0,0.0,0.0,2.7755575615628914e-17,1.942890293094024e-18,100
"B=3.8,lam=0.0",oracle_envelope,capacity_utilization,1.0,1.0,1.0,1.0,1.0,1.0,100
"B=3.8,lam=0.0",oracle_envelope,frac_cells_at_lower,0.0,0.0,0.0,0.0,0.0,0.0,100
"B=3.8,lam=0.0",oracle_envelope,frac_cells_interior,1.0,1.0,1.0,1.0,1.0,1.0,100
"B=3.8,lam=0.0",oracle_envelope,frac_cells_at_upper,0.0,0.0,0.0,0.0,0.0,0.0,100
"B=3.8,lam=0.0",proportional_gamma1,objective_regret,-5.014584303353331e-09,-5.1038142601100844e-09,-4.925321483995049e-09,-6.146295028486293e-09,-3.0794385708077256e-09,-4.797835018166552e-09,100
"B=3.8,lam=0.0",proportional_gamma1,mean_norm_util,0.125,0.125,0.125,0.125,0.125,0.125,100
"B=3.8,lam=0.0",proportional_gamma1,min_norm_util,0.125,0.125,0.125,0.125,0.125,0.125,100
"B=3.8,lam=0.0",proportional_gamma1,median_norm_util,0.125,0.125,0.125,0.125,0.125,0.125,100
"B=3.8,lam=0.0",proportional_gamma1,frac_worse_than_equal,0.0,0.0,0.0,0.0,0.0,0.0,100
"B=3.8,lam=0.0",proportional_gamma1,frac_worse_than_strongest_sep,0.0,0.0,0.0,0.0,0.0,0.0,100
"B=3.8,lam=0.0",proportional_gamma1,worst_indiv_change_vs_equal,0.0,0.0,0.0,0.0,2.7755575615628914e-17,1.5265566588595903e-18,100
"B=3.8,lam=0.0",proportional_gamma1,p5_indiv_change_vs_equal,0.0,0.0,0.0,0.0,2.7755575615628914e-17,1.5265566588595903e-18,100
"B=3.8,lam=0.0",proportional_gamma1,capacity_utilization,1.0,1.0,1.0,1.0,1.0,1.0,100
"B=3.8,lam=0.0",proportional_gamma1,frac_cells_at_lower,0.0,0.0,0.0,0.0,0.0,0.0,100
"B=3.8,lam=0.0",proportional_gamma1,frac_cells_interior,1.0,1.0,1.0,1.0,1.0,1.0,100
"B=3.8,lam=0.0",proportional_gamma1,frac_cells_at_upper,0.0,0.0,0.0,0.0,0.0,0.0,100
"B=3.8,lam=0.0",tuned_gamma4.0,objective_regret,-5.014584303353331e-09,-5.1038142601100844e-09,-4.925320595816629e-09,-6.146295028486293e-09,-3.0794385708077256e-09,-4.797834947112278e-09,100
"B=3.8,lam=0.0",tuned_gamma4.0,mean_norm_util,0.125,0.125,0.125,0.125,0.125,0.125,100
"B=3.8,lam=0.0",tuned_gamma4.0,min_norm_util,0.125,0.125,0.125,0.125,0.125,0.125,100
"B=3.8,lam=0.0",tuned_gamma4.0,median_norm_util,0.125,0.125,0.125,0.125,0.125,0.125,100
"B=3.8,lam=0.0",tuned_gamma4.0,frac_worse_than_equal,0.0,0.0,0.0,0.0,0.0,0.0,100
"B=3.8,lam=0.0",tuned_gamma4.0,frac_worse_than_strongest_sep,0.0,0.0,0.0,0.0,0.0,0.0,100
"B=3.8,lam=0.0",tuned_gamma4.0,worst_indiv_change_vs_equal,0.0,0.0,0.0,0.0,2.7755575615628914e-17,1.249000902703301e-18,100
"B=3.8,lam=0.0",tuned_gamma4.0,p5_indiv_change_vs_equal,0.0,0.0,0.0,0.0,2.7755575615628914e-17,1.249000902703301e-18,100
"B=3.8,lam=0.0",tuned_gamma4.0,capacity_utilization,1.0,1.0,1.0,1.0,1.0,1.0,100
"B=3.8,lam=0.0",tuned_gamma4.0,frac_cells_at_lower,0.0,0.0,0.0,0.0,0.0,0.0,100
"B=3.8,lam=0.0",tuned_gamma4.0,frac_cells_interior,1.0,1.0,1.0,1.0,1.0,1.0,100
"B=3.8,lam=0.0",tuned_gamma4.0,frac_cells_at_upper,0.0,0.0,0.0,0.0,0.0,0.0,100
"B=3.8,lam=0.25",equal,objective_regret,0.6249376149491752,0.4980334329335232,0.8410077059514194,0.35546582764831774,1.4157330576086886,0.7394186905507104,100
"B=3.8,lam=0.25",equal,mean_norm_util,0.125,0.125,0.125,0.125,0.125,0.125,100
"B=3.8,lam=0.25",equal,min_norm_util,0.125,0.125,0.125,0.125,0.125,0.125,100
"B=3.8,lam=0.25",equal,median_norm_util,0.125,0.125,0.125,0.125,0.125,0.125,100
"B=3.8,lam=0.25",equal,frac_worse_than_equal,0.0,0.0,0.0,0.0,0.0,0.0,100
"B=3.8,lam=0.25",equal,frac_worse_than_strongest_sep,0.625,0.5,0.75,0.375,0.7562499999999996,0.61875,100
"B=3.8,lam=0.25",equal,worst_indiv_change_vs_equal,0.0,0.0,0.0,0.0,0.0,0.0,100
"B=3.8,lam=0.25",equal,p5_indiv_change_vs_equal,0.0,0.0,0.0,0.0,0.0,0.0,100
"B=3.8,lam=0.25",equal,capacity_utilization,1.0,1.0,1.0,1.0,1.0,1.0,100
"B=3.8,lam=0.25",equal,frac_cells_at_lower,0.0,0.0,0.0,0.0,0.0,0.0,100
"B=3.8,lam=0.25",equal,frac_cells_interior,1.0,1.0,1.0,1.0,1.0,1.0,100
"B=3.8,lam=0.25",equal,frac_cells_at_upper,0.0,0.0,0.0,0.0,0.0,0.0,100
"B=3.8,lam=0.25",joint,objective_regret,0.0,0.0,0.0,0.0,0.0,0.0,100
"B=3.8,lam=0.25",joint,mean_norm_util,0.1352619676269394,0.13306806323794423,0.13902371011733294,0.13071148424504006,0.14960614424159296,0.13753323277506563,100
"B=3.8,lam=0.25",joint,min_norm_util,0.1279559404000033,0.126727796380237,0.1299217667052905,0.12493720534447601,0.1339048614112765,0.12887906688542128,100
"B=3.8,lam=0.25",joint,median_norm_util,0.13411714849131265,0.13176828618060699,0.13702702013684182,0.12967709204803718,0.1477903976293509,0.13564000333585388,100
"B=3.8,lam=0.25",joint,frac_worse_than_equal,0.0,0.0,0.0,0.0,0.125,0.00875,100
"B=3.8,lam=0.25",joint,frac_worse_than_strongest_sep,0.0,0.0,0.125,0.0,0.25,0.0525,100
"B=3.8,lam=0.25",joint,worst_indiv_change_vs_equal,0.00295594040000325,0.0017277963802370248,0.004921766705290475,-6.279465552390996e-05,0.008904861411276504,0.0038790668854212455,100
"B=3.8,lam=0.25",joint,p5_indiv_change_vs_equal,0.00365860022373435,0.002512415907566775,0.00559453980075755,0.0006133180818056151,0.009301325957463476,0.004605070585231632,100
"B=3.8,lam=0.25",joint,capacity_utilization,0.9999999992886699,0.999999999123825,0.9999999994826623,0.9999999990279166,0.9999999996328798,0.9999999993124158,100
"B=3.8,lam=0.25",joint,frac_cells_at_lower,0.65625,0.625,0.65625,0.59375,0.6875,0.64,100
"B=3.8,lam=0.25",joint,frac_cells_interior,0.34375,0.34375,0.375,0.3125,0.40625,0.36,100
"B=3.8,lam=0.25",joint,frac_cells_at_upper,0.0,0.0,0.0,0.0,0.0,0.0,100
"B=3.8,lam=0.25",oracle_envelope,objective_regret,0.3311219137845871,0.2839412190655004,0.416908386980694,0.21045877445045716,0.5898386985050788,0.3627019170276569,100
"B=3.8,lam=0.25",oracle_envelope,mean_norm_util,0.1312860688003501,0.1289850753495438,0.1345682686194883,0.1274967075277302,0.14571799780171188,0.1334057284400895,100
"B=3.8,lam=0.25",oracle_envelope,min_norm_util,0.10917655499368245,0.10414199475595615,0.11388154583760195,0.09068619007312041,0.11848836645980229,0.10763105142242319,100
"B=3.8,lam=0.25",oracle_envelope,median_norm_util,0.1257262349766152,0.12254641634122172,0.129598850408182,0.1188335766727191,0.1394010839581639,0.12694319960124723,100
"B=3.8,lam=0.25",oracle_envelope,frac_worse_than_equal,0.5,0.375,0.625,0.375,0.625,0.48625,100
"B=3.8,lam=0.25",oracle_envelope,frac_worse_than_strongest_sep,0.5,0.375,0.625,0.0,0.625,0.47875,100
"B=3.8,lam=0.25",oracle_envelope,worst_indiv_change_vs_equal,-0.01582344500631745,-0.02085800524404375,-0.01111845416239795,-0.03431380992687949,-0.006511633540197611,-0.017368948577576725,100
"B=3.8,lam=0.25",oracle_envelope,p5_indiv_change_vs_equal,-0.01439986497398945,-0.01902082266589545,-0.010046771101410225,-0.03071607701903633,-0.006426675970199946,-0.01560639583394156,100
"B=3.8,lam=0.25",oracle_envelope,capacity_utilization,1.0,1.0,1.0,1.0,1.0,1.0,100
"B=3.8,lam=0.25",oracle_envelope,frac_cells_at_lower,0.0,0.0,0.0,0.0,0.0,0.0,100
"B=3.8,lam=0.25",oracle_envelope,frac_cells_interior,1.0,1.0,1.0,1.0,1.0,1.0,100
"B=3.8,lam=0.25",oracle_envelope,frac_cells_at_upper,0.0,0.0,0.0,0.0,0.0,0.0,100
"B=3.8,lam=0.25",proportional_gamma1,objective_regret,0.5722279157508368,0.46422204191525296,0.7519364106812114,0.33830763000745734,1.1632236554191533,0.6532488114044138,100
"B=3.8,lam=0.25",proportional_gamma1,mean_norm_util,0.12580151814044285,0.12551834173969595,0.12641642429766672,0.12525350658126733,0.12877050623724554,0.12637259338796303,100
"B=3.8,lam=0.25",proportional_gamma1,min_norm_util,0.12510459910626476,0.12505221445107226,0.1252589037215549,0.12501071346654183,0.12619081868623858,0.12528200574222098,100
"B=3.8,lam=0.25",proportional_gamma1,median_norm_util,0.12564045677754826,0.12540963420639484,0.12624118188935343,0.1252065664778838,0.12826086236440457,0.12612482931933552,100
"B=3.8,lam=0.25",proportional_gamma1,frac_worse_than_equal,0.0,0.0,0.0,0.0,0.0,0.0,100
"B=3.8,lam=0.25",proportional_gamma1,frac_worse_than_strongest_sep,0.625,0.5,0.625,0.375,0.75,0.57125,100
"B=3.8,lam=0.25",proportional_gamma1,worst_indiv_change_vs_equal,0.00010459910626475,5.2214451072285506e-05,0.00025890372155490003,1.0713466541824312e-05,0.0011908186862385746,0.0002820057422209549,100
"B=3.8,lam=0.25",proportional_gamma1,p5_indiv_change_vs_equal,0.0001392206508324,9.048802876582065e-05,0.00030155924662525,2.6242678315293102e-05,0.00136646645441609,0.0003364528801020145,100
"B=3.8,lam=0.25",proportional_gamma1,capacity_utilization,1.0,1.0,1.0,1.0,1.0,1.0,100
"B=3.8,lam=0.25",proportional_gamma1,frac_cells_at_lower,0.0,0.0,0.0,0.0,0.0,0.0,100
"B=3.8,lam=0.25",proportional_gamma1,frac_cells_interior,1.0,1.0,1.0,1.0,1.0,1.0,100
"B=3.8,lam=0.25",proportional_gamma1,frac_cells_at_upper,0.0,0.0,0.0,0.0,0.0,0.0,100
"B=3.8,lam=0.25",tuned_gamma4.0,objective_regret,0.43018127493130714,0.3702394998825644,0.5323863866982741,0.2886872371051801,0.656630016577523,0.45176977699066045,100
"B=3.8,lam=0.25",tuned_gamma4.0,mean_norm_util,0.1281529868475581,0.12703723474045087,0.13064761954764395,0.12601843930553006,0.14038961101100833,0.13019429373146627,100
"B=3.8,lam=0.25",tuned_gamma4.0,min_norm_util,0.12153600856317079,0.11974319276768107,0.1230390268876413,0.11304149302887055,0.1240118684927797,0.12054552424297588,100
"B=3.8,lam=0.25",tuned_gamma4.0,median_norm_util,0.1265906885286577,0.12523447761051523,0.12849322157801668,0.12446952595892502,0.1339409343494759,0.12771903343947,100
"B=3.8,lam=0.25",tuned_gamma4.0,frac_worse_than_equal,0.375,0.25,0.5,0.24375000000000002,0.625,0.38125,100
"B=3.8,lam=0.25",tuned_gamma4.0,frac_worse_than_strongest_sep,0.0,0.0,0.0,0.0,0.0,0.0,100
"B=3.8,lam=0.25",tuned_gamma4.0,worst_indiv_change_vs_equal,-0.0034639914368291003,-0.005256807232318824,-0.001960973112358625,-0.011958506971129344,-0.00098813150722019,-0.004454475757024036,100
"B=3.8,lam=0.25",tuned_gamma4.0,p5_indiv_change_vs_equal,-0.0029596883358969503,-0.0046797705244074495,-0.00162496938145125,-0.01163821008158816,-0.0008002520259479002,-0.003923974610145042,100
"B=3.8,lam=0.25",tuned_gamma4.0,capacity_utilization,1.0,1.0,1.0,1.0,1.0,1.0,100
"B=3.8,lam=0.25",tuned_gamma4.0,frac_cells_at_lower,0.0,0.0,0.0,0.0,0.0,0.0,100
"B=3.8,lam=0.25",tuned_gamma4.0,frac_cells_interior,1.0,1.0,1.0,1.0,1.0,1.0,100
"B=3.8,lam=0.25",tuned_gamma4.0,frac_cells_at_upper,0.0,0.0,0.0,0.0,0.0,0.0,100
"B=3.8,lam=0.5",equal,objective_regret,1.5790486627864553,1.2354996199589667,1.859434531638185,0.9470100821207389,2.284476176795029,1.5774791116817823,100
"B=3.8,lam=0.5",equal,mean_norm_util,0.125,0.125,0.125,0.125,0.125,0.125,100
"B=3.8,lam=0.5",equal,min_norm_util,0.125,0.125,0.125,0.125,0.125,0.125,100
"B=3.8,lam=0.5",equal,median_norm_util,0.125,0.125,0.125,0.125,0.125,0.125,100
"B=3.8,lam=0.5",equal,frac_worse_than_equal,0.0,0.0,0.0,0.0,0.0,0.0,100
"B=3.8,lam=0.5",equal,frac_worse_than_strongest_sep,0.625,0.5,0.75,0.375,0.8812499999999996,0.64875,100
"B=3.8,lam=0.5",equal,worst_indiv_change_vs_equal,0.0,0.0,0.0,0.0,0.0,0.0,100
"B=3.8,lam=0.5",equal,p5_indiv_change_vs_equal,0.0,0.0,0.0,0.0,0.0,0.0,100
"B=3.8,lam=0.5",equal,capacity_utilization,1.0,1.0,1.0,1.0,1.0,1.0,100
"B=3.8,lam=0.5",equal,frac_cells_at_lower,0.0,0.0,0.0,0.0,0.0,0.0,100
"B=3.8,lam=0.5",equal,frac_cells_interior,1.0,1.0,1.0,1.0,1.0,1.0,100
"B=3.8,lam=0.5",equal,frac_cells_at_upper,0.0,0.0,0.0,0.0,0.0,0.0,100
"B=3.8,lam=0.5",joint,objective_regret,0.0,0.0,0.0,0.0,0.0,0.0,100
"B=3.8,lam=0.5",joint,mean_norm_util,0.15359641871216384,0.1467310404998352,0.1590298994450869,0.141042762597333,0.16889055224593572,0.15365564845005358,100
"B=3.8,lam=0.5",joint,min_norm_util,0.13371119657561725,0.13047410981312285,0.13656268122679904,0.12764836394992504,0.1457314150243073,0.13447815177575656,100
"B=3.8,lam=0.5",joint,median_norm_util,0.14759409712247926,0.14158233917119875,0.15433226275540826,0.13721922404747197,0.16480455229714272,0.1485964188868971,100
"B=3.8,lam=0.5",joint,frac_worse_than_equal,0.0,0.0,0.0,0.0,0.0,0.00125,100
"B=3.8,lam=0.5",joint,frac_worse_than_strongest_sep,0.25,0.125,0.25,0.0,0.375,0.20875,100
"B=3.8,lam=0.5",joint,worst_indiv_change_vs_equal,0.00871119657561725,0.005474109813122775,0.01156268122679905,0.00264836394992505,0.020731415024307313,0.009478151775756546,100
"B=3.8,lam=0.5",joint,p5_indiv_change_vs_equal,0.00998385742926515,0.006841405469170499,0.013352559961374175,0.0036506531577060303,0.022964433777738383,0.010996166048556345,100
"B=3.8,lam=0.5",joint,capacity_utilization,0.9999999993396562,0.999999999154998,0.9999999995151415,0.9999999990163408,0.9999999996894545,0.9999999993500738,100
"B=3.8,lam=0.5",joint,frac_cells_at_lower,0.65625,0.65625,0.6875,0.625,0.71875,0.6615625,100
"B=3.8,lam=0.5",joint,frac_cells_interior,0.34375,0.3125,0.34375,0.28125,0.375,0.3384375,100
"B=3.8,lam=0.5",joint,frac_cells_at_upper,0.0,0.0,0.0,0.0,0.0,0.0,100
"B=3.8,lam=0.5",oracle_envelope,objective_regret,0.5732843262859966,0.486565853417698,0.6459220164755495,0.3730657999989887,0.7154388047024746,0.5615705435812324,100
"B=3.8,lam=0.5",oracle_envelope,mean_norm_util,0.14805128850144111,0.13986148781335045,0.15569344203309243,0.1357300413823293,0.16828640046913532,0.1491384970743962,100
"B=3.8,lam=0.5",oracle_envelope,min_norm_util,0.1033180702117126,0.09129574509127578,0.11182820748915002,0.08112849277355999,0.11671600597047938,0.1011364501905155,100
"B=3.8,lam=0.5",oracle_envelope,median_norm_util,0.13261823147364135,0.12551799717271583,0.140135956416626,0.11963363521837851,0.15427425384479504,0.13425877814455286,100
"B=3.8,lam=0.5",oracle_envelope,frac_worse_than_equal,0.375,0.375,0.5,0.25,0.625,0.415,100
"B=3.8,lam=0.5",oracle_envelope,frac_worse_than_strongest_sep,0.375,0.0,0.5,0.0,0.625,0.29,100
"B=3.8,lam=0.5",oracle_envelope,worst_indiv_change_vs_equal,-0.021681929788287348,-0.03370425490872413,-0.013171792510849874,-0.04387150722644,-0.008283994029520526,-0.023863549809484404,100
"B=3.8,lam=0.5",oracle_envelope,p5_indiv_change_vs_equal,-0.01945095516966175,-0.03086186709717445,-0.011660240145417224,-0.040543772198730656,-0.007904086694097525,-0.021112133511279385,100
"B=3.8,lam=0.5",oracle_envelope,capacity_utilization,1.0,1.0,1.0,1.0,1.0,1.0,100
"B=3.8,lam=0.5",oracle_envelope,frac_cells_at_lower,0.0,0.0,0.0,0.0,0.0,0.0,100
"B=3.8,lam=0.5",oracle_envelope,frac_cells_interior,1.0,1.0,1.0,1.0,1.0,1.0,100
"B=3.8,lam=0.5",oracle_envelope,frac_cells_at_upper,0.0,0.0,0.0,0.0,0.0,0.0,100
"B=3.8,lam=0.5",proportional_gamma1,objective_regret,1.2453591722830932,1.0286046946792782,1.434349112706415,0.8102282800260117,1.7007449976526519,1.2463965877630783,100
"B=3.8,lam=0.5",proportional_gamma1,mean_norm_util,0.1297984922505161,0.1284823074776902,0.13214971932459868,0.12691490987212262,0.13539183251196052,0.13037103336610958,100
"B=3.8,lam=0.5",proportional_gamma1,min_norm_util,0.12607615233585157,0.12559311982784685,0.1274248280248692,0.1251949062534733,0.1302450659221787,0.1267474477346187,100
"B=3.8,lam=0.5",proportional_gamma1,median_norm_util,0.12850582698504037,0.12743570608486943,0.13040513489137356,0.12629908388369981,0.13406881565972575,0.1291968717025211,100
"B=3.8,lam=0.5",proportional_gamma1,frac_worse_than_equal,0.0,0.0,0.0,0.0,0.0,0.0,100
"B=3.8,lam=0.5",proportional_gamma1,frac_worse_than_strongest_sep,0.625,0.5,0.625,0.375,0.875,0.5775,100
"B=3.8,lam=0.5",proportional_gamma1,worst_indiv_change_vs_equal,0.00107615233585155,0.00059311982784685,0.0024248280248692,0.00019490625347329499,0.0052450659221787085,0.0017474477346186895,100
"B=3.8,lam=0.5",proportional_gamma1,p5_indiv_change_vs_equal,0.0012122574588368002,0.00070465692896145,0.002548946658651775,0.000319280985657045,0.005351067356291517,0.001921118628375553,100
"B=3.8,lam=0.5",proportional_gamma1,capacity_utilization,1.0,1.0,1.0,1.0,1.0,1.0,100
"B=3.8,lam=0.5",proportional_gamma1,frac_cells_at_lower,0.0,0.0,0.0,0.0,0.0,0.0,100
"B=3.8,lam=0.5",proportional_gamma1,frac_cells_interior,1.0,1.0,1.0,1.0,1.0,1.0,100
"B=3.8,lam=0.5",proportional_gamma1,frac_cells_at_upper,0.0,0.0,0.0,0.0,0.0,0.0,100
"B=3.8,lam=0.5",tuned_gamma4.0,objective_regret,0.6445253669326974,0.5864770720474137,0.6832208386984844,0.5027003519586314,0.7638836337194101,0.6347403508243835,100
"B=3.8,lam=0.5",tuned_gamma4.0,mean_norm_util,0.14254723805213887,0.13748844095111307,0.14987431646820104,0.13244575330604802,0.15755446958982125,0.14392436092896438,100
"B=3.8,lam=0.5",tuned_gamma4.0,min_norm_util,0.1150106551824836,0.1118417072590498,0.11761614400432242,0.10844283096053113,0.12477889953796845,0.11563912582221766,100
"B=3.8,lam=0.5",tuned_gamma4.0,median_norm_util,0.1325426353943594,0.1276950785793383,0.13804197157395312,0.12291341038623219,0.1503581243863694,0.1338965998225509,100
"B=3.8,lam=0.5",tuned_gamma4.0,frac_worse_than_equal,0.375,0.25,0.5,0.11875000000000002,0.625,0.35125,100
"B=3.8,lam=0.5",tuned_gamma4.0,frac_worse_than_strongest_sep,0.0,0.0,0.0,0.0,0.0,0.0,100
"B=3.8,lam=0.5",tuned_gamma4.0,worst_indiv_change_vs_equal,-0.0099893448175163,-0.0131582927409501,-0.007383855995677474,-0.016557169039468765,-0.00022110046203146155,-0.009360874177782247,100
"B=3.8,lam=0.5",tuned_gamma4.0,p5_indiv_change_vs_equal,-0.008943272082688851,-0.0114952263001986,-0.005961260022933975,-0.014693017172625005,0.0005656161336613985,-0.00803756520238279,100
"B=3.8,lam=0.5",tuned_gamma4.0,capacity_utilization,1.0,1.0,1.0,1.0,1.0,1.0,100
"B=3.8,lam=0.5",tuned_gamma4.0,frac_cells_at_lower,0.0,0.0,0.0,0.0,0.0,0.0,100
"B=3.8,lam=0.5",tuned_gamma4.0,frac_cells_interior,1.0,1.0,1.0,1.0,1.0,1.0,100
"B=3.8,lam=0.5",tuned_gamma4.0,frac_cells_at_upper,0.0,0.0,0.0,0.0,0.0,0.0,100
"B=3.8,lam=0.75",equal,objective_regret,2.1591459445669337,1.965187957134921,2.319210742453862,1.8074481406462977,2.612929985991729,2.164810928401977,100
"B=3.8,lam=0.75",equal,mean_norm_util,0.125,0.125,0.125,0.125,0.125,0.125,100
"B=3.8,lam=0.75",equal,min_norm_util,0.125,0.125,0.125,0.125,0.125,0.125,100
"B=3.8,lam=0.75",equal,median_norm_util,0.125,0.125,0.125,0.125,0.125,0.125,100
"B=3.8,lam=0.75",equal,frac_worse_than_equal,0.0,0.0,0.0,0.0,0.0,0.0,100
"B=3.8,lam=0.75",equal,frac_worse_than_strongest_sep,0.875,0.75,1.0,0.625,1.0,0.8525,100
"B=3.8,lam=0.75",equal,worst_indiv_change_vs_equal,0.0,0.0,0.0,0.0,0.0,0.0,100
"B=3.8,lam=0.75",equal,p5_indiv_change_vs_equal,0.0,0.0,0.0,0.0,0.0,0.0,100
"B=3.8,lam=0.75",equal,capacity_utilization,1.0,1.0,1.0,1.0,1.0,1.0,100
"B=3.8,lam=0.75",equal,frac_cells_at_lower,0.0,0.0,0.0,0.0,0.0,0.0,100
"B=3.8,lam=0.75",equal,frac_cells_interior,1.0,1.0,1.0,1.0,1.0,1.0,100
"B=3.8,lam=0.75",equal,frac_cells_at_upper,0.0,0.0,0.0,0.0,0.0,0.0,100
"B=3.8,lam=0.75",joint,objective_regret,0.0,0.0,0.0,0.0,0.0,0.0,100
"B=3.8,lam=0.75",joint,mean_norm_util,0.16477351868569715,0.16086148200292483,0.16834274591727638,0.15709481543243586,0.17428147101300967,0.16482063930240592,100
"B=3.8,lam=0.75",joint,min_norm_util,0.1444291383462475,0.1412736273533753,0.14781079448831635,0.13278808728291108,0.15700353778279982,0.1441672214250001,100
"B=3.8,lam=0.75",joint,median_norm_util,0.16134151724990844,0.15688711962568128,0.16676409245493443,0.15241034418084987,0.17579536702774423,0.16207849806147911,100
"B=3.8,lam=0.75",joint,frac_worse_than_equal,0.0,0.0,0.0,0.0,0.0,0.0,100
"B=3.8,lam=0.75",joint,frac_worse_than_strongest_sep,0.25,0.25,0.25,0.125,0.375,0.24125,100
"B=3.8,lam=0.75",joint,worst_indiv_change_vs_equal,0.0194291383462475,0.0162736273533753,0.022810794488316275,0.007788087282911105,0.03200353778279984,0.019167221425000085,100
"B=3.8,lam=0.75",joint,p5_indiv_change_vs_equal,0.02125509805804315,0.017617694310898924,0.025396239583304447,0.011145657464868739,0.03288382337587157,0.021206651892155492,100
"B=3.8,lam=0.75",joint,capacity_utilization,0.9999999993058963,0.9999999990900528,0.9999999994869168,0.9999999989866472,0.9999999996735236,0.9999999993051094,100
"B=3.8,lam=0.75",joint,frac_cells_at_lower,0.6875,0.65625,0.6875,0.625,0.71875,0.6734375,100
"B=3.8,lam=0.75",joint,frac_cells_interior,0.3125,0.3125,0.34375,0.28125,0.375,0.3265625,100
"B=3.8,lam=0.75",joint,frac_cells_at_upper,0.0,0.0,0.0,0.0,0.0,0.0,100
"B=3.8,lam=0.75",oracle_envelope,objective_regret,0.4962327873824694,0.3907679839663442,0.5661085652849005,0.2950231051956195,0.6667935979667549,0.483216829509728,100
"B=3.8,lam=0.75",oracle_envelope,mean_norm_util,0.16211343940970196,0.15593802778069474,0.16658379451038136,0.15098725248742084,0.17360293336548424,0.1617528057235013,100
"B=3.8,lam=0.75",oracle_envelope,min_norm_util,0.10199528195255264,0.09066454959676168,0.11267613112470187,0.07805436995551601,0.12506022064193803,0.10124246041286263,100
"B=3.8,lam=0.75",oracle_envelope,median_norm_util,0.1512368589858037,0.14020767458602615,0.1624436515637513,0.127774787104522,0.17472784860876464,0.15132076334472797,100
"B=3.8,lam=0.75",oracle_envelope,frac_worse_than_equal,0.25,0.25,0.375,0.0,0.5,0.2625,100
"B=3.8,lam=0.75",oracle_envelope,frac_worse_than_strongest_sep,0.375,0.0,0.5,0.0,0.5062499999999996,0.31375,100
"B=3.8,lam=0.75",oracle_envelope,worst_indiv_change_vs_equal,-0.023004718047447248,-0.034335450403238224,-0.012323868875298025,-0.0469456300444839,6.022064193802686e-05,-0.023757539587137264,100
"B=3.8,lam=0.75",oracle_envelope,p5_indiv_change_vs_equal,-0.0180710153725845,-0.02743265135491375,-0.00910903717861935,-0.03648645702305922,0.0018321562134486367,-0.018492354034545286,100
"B=3.8,lam=0.75",oracle_envelope,capacity_utilization,1.0,1.0,1.0,1.0,1.0,1.0,100
"B=3.8,lam=0.75",oracle_envelope,frac_cells_at_lower,0.0,0.0,0.0,0.0,0.0,0.0,100
"B=3.8,lam=0.75",oracle_envelope,frac_cells_interior,1.0,1.0,1.0,1.0,1.0,1.0,100
"B=3.8,lam=0.75",oracle_envelope,frac_cells_at_upper,0.0,0.0,0.0,0.0,0.0,0.0,100
"B=3.8,lam=0.75",proportional_gamma1,objective_regret,1.5650783527458554,1.4500430060817093,1.6980496784503938,1.3137642911919643,1.9063992201198272,1.5802413272272269,100
"B=3.8,lam=0.75",proportional_gamma1,mean_norm_util,0.13485208654436495,0.13333307050606652,0.13573790547369885,0.13214416311207947,0.13669177867005217,0.134547531250939,100
"B=3.8,lam=0.75",proportional_gamma1,min_norm_util,0.13026334017282554,0.12830466391987097,0.13178763735333618,0.12706180449736948,0.13382384694997407,0.1301450113486145,100
"B=3.8,lam=0.75",proportional_gamma1,median_norm_util,0.1337031722802017,0.13193088501313893,0.13540770057157792,0.13014900826511105,0.13654040637090822,0.13361659077752713,100
"B=3.8,lam=0.75",proportional_gamma1,frac_worse_than_equal,0.0,0.0,0.0,0.0,0.0,0.0,100
"B=3.8,lam=0.75",proportional_gamma1,frac_worse_than_strongest_sep,0.75,0.625,0.875,0.5,1.0,0.745,100
"B=3.8,lam=0.75",proportional_gamma1,worst_indiv_change_vs_equal,0.00526334017282555,0.003304663919870975,0.0067876373533361746,0.002061804497369475,0.00882384694997409,0.005145011348614476,100
"B=3.8,lam=0.75",proportional_gamma1,p5_indiv_change_vs_equal,0.0055357149856284996,0.003523168562807775,0.007041329570973325,0.002334647134245365,0.009064250129790084,0.005427792379920605,100
"B=3.8,lam=0.75",proportional_gamma1,capacity_utilization,1.0,1.0,1.0,1.0,1.0,1.0,100
"B=3.8,lam=0.75",proportional_gamma1,frac_cells_at_lower,0.0,0.0,0.0,0.0,0.0,0.0,100
"B=3.8,lam=0.75",proportional_gamma1,frac_cells_interior,1.0,1.0,1.0,1.0,1.0,1.0,100
"B=3.8,lam=0.75",proportional_gamma1,frac_cells_at_upper,0.0,0.0,0.0,0.0,0.0,0.0,100
"B=3.8,lam=0.75",tuned_gamma4.0,objective_regret,0.6156011698675528,0.5589493561558223,0.6671497665487855,0.4878093569433781,0.740324647029125,0.6174122675444113,100
"B=3.8,lam=0.75",tuned_gamma4.0,mean_norm_util,0.15417958115463937,0.15135878680539405,0.15765850867159206,0.14785237523250655,0.16193893372268942,0.1544349055356826,100
"B=3.8,lam=0.75",tuned_gamma4.0,min_norm_util,0.1213656948621933,0.1157078364009175,0.128207453839133,0.1080297528693114,0.13720346330294664,0.12224352592022264,100
"B=3.8,lam=0.75",tuned_gamma4.0,median_norm_util,0.14653837302410275,0.1388536230209497,0.15411454837869473,0.132189804084894,0.16202697863350304,0.14684952524981046,100
"B=3.8,lam=0.75",tuned_gamma4.0,frac_worse_than_equal,0.125,0.0,0.25,0.0,0.375,0.1475,100
"B=3.8,lam=0.75",tuned_gamma4.0,frac_worse_than_strongest_sep,0.0,0.0,0.0,0.0,0.0,0.0,100
"B=3.8,lam=0.75",tuned_gamma4.0,worst_indiv_change_vs_equal,-0.0036343051378066,-0.009292163599082501,0.00320745383913295,-0.016970247130688506,0.012203463302946627,-0.002756474079777319,100
"B=3.8,lam=0.75",tuned_gamma4.0,p5_indiv_change_vs_equal,-0.0015920320495710501,-0.00667481065299915,0.0045355960032412495,-0.013008688116635438,0.014127737839097395,-0.0002921121074600022,100
"B=3.8,lam=0.75",tuned_gamma4.0,capacity_utilization,1.0,1.0,1.0,1.0,1.0,1.0,100
"B=3.8,lam=0.75",tuned_gamma4.0,frac_cells_at_lower,0.0,0.0,0.0,0.0,0.0,0.0,100
"B=3.8,lam=0.75",tuned_gamma4.0,frac_cells_interior,1.0,1.0,1.0,1.0,1.0,1.0,100
"B=3.8,lam=0.75",tuned_gamma4.0,frac_cells_at_upper,0.0,0.0,0.0,0.0,0.0,0.0,100
"B=3.8,lam=1.0",equal,objective_regret,2.221267171372018,2.061050784306234,2.3992236841490904,1.9087064111976964,2.592142178643238,2.2331330182562574,100
"B=3.8,lam=1.0",equal,mean_norm_util,0.125,0.125,0.125,0.125,0.125,0.125,100
"B=3.8,lam=1.0",equal,min_norm_util,0.125,0.125,0.125,0.125,0.125,0.125,100
"B=3.8,lam=1.0",equal,median_norm_util,0.125,0.125,0.125,0.125,0.125,0.125,100
"B=3.8,lam=1.0",equal,frac_worse_than_equal,0.0,0.0,0.0,0.0,0.0,0.0,100
"B=3.8,lam=1.0",equal,frac_worse_than_strongest_sep,1.0,0.875,1.0,0.625,1.0,0.905,100
"B=3.8,lam=1.0",equal,worst_indiv_change_vs_equal,0.0,0.0,0.0,0.0,0.0,0.0,100
"B=3.8,lam=1.0",equal,p5_indiv_change_vs_equal,0.0,0.0,0.0,0.0,0.0,0.0,100
"B=3.8,lam=1.0",equal,capacity_utilization,1.0,1.0,1.0,1.0,1.0,1.0,100
"B=3.8,lam=1.0",equal,frac_cells_at_lower,0.0,0.0,0.0,0.0,0.0,0.0,100
"B=3.8,lam=1.0",equal,frac_cells_interior,1.0,1.0,1.0,1.0,1.0,1.0,100
"B=3.8,lam=1.0",equal,frac_cells_at_upper,0.0,0.0,0.0,0.0,0.0,0.0,100
"B=3.8,lam=1.0",joint,objective_regret,0.0,0.0,0.0,0.0,0.0,0.0,100
"B=3.8,lam=1.0",joint,mean_norm_util,0.16616572629642357,0.1624918478485684,0.16979224958905653,0.15968731501256114,0.1734057829525558,0.1662074331807213,100
"B=3.8,lam=1.0",joint,min_norm_util,0.14572896947015285,0.14159951396016354,0.15104227714314777,0.13539386553139235,0.15763587497233925,0.14608663472504305,100
"B=3.8,lam=1.0",joint,median_norm_util,0.16319164163369285,0.1585556519240278,0.1676813831121905,0.15338028141684265,0.17317236295207342,0.16317445489766882,100
"B=3.8,lam=1.0",joint,frac_worse_than_equal,0.0,0.0,0.0,0.0,0.0,0.0,100
"B=3.8,lam=1.0",joint,frac_worse_than_strongest_sep,0.25,0.125,0.25,0.125,0.375,0.21625,100
"B=3.8,lam=1.0",joint,worst_indiv_change_vs_equal,0.02072896947015285,0.016599513960163525,0.026042277143147774,0.010393865531392255,0.03263587497233926,0.02108663472504303,100
"B=3.8,lam=1.0",joint,p5_indiv_change_vs_equal,0.022803131802425852,0.019106561221491472,0.02810018548097035,0.014193552892629082,0.033117371704842864,0.02302069980647917,100
"B=3.8,lam=1.0",joint,capacity_utilization,0.9999999993549165,0.999999999157575,0.9999999995026287,0.9999999990144218,0.9999999996743121,0.9999999993463876,100
"B=3.8,lam=1.0",joint,frac_cells_at_lower,0.6875,0.65625,0.6875,0.6546875,0.71875,0.6778125,100
"B=3.8,lam=1.0",joint,frac_cells_interior,0.3125,0.3125,0.34375,0.28125,0.3453124999999999,0.3221875,100
"B=3.8,lam=1.0",joint,frac_cells_at_upper,0.0,0.0,0.0,0.0,0.0,0.0,100
"B=3.8,lam=1.0",oracle_envelope,objective_regret,0.4632794508567475,0.3753219915482297,0.546703589249117,0.30207680352877303,0.6571824098734291,0.46943968261289304,100
"B=3.8,lam=1.0",oracle_envelope,mean_norm_util,0.1641830690950013,0.16020570916875979,0.16910835466747426,0.15284335079545197,0.17313245732729718,0.16435043847000563,100
"B=3.8,lam=1.0",oracle_envelope,min_norm_util,0.09881893844219064,0.09076469456150126,0.11138265685374155,0.07914951798856641,0.12568645358966116,0.10131806130390325,100
"B=3.8,lam=1.0",oracle_envelope,median_norm_util,0.15191012341704074,0.14390662104933752,0.161001521673673,0.1297342131887719,0.18130656195823902,0.1528099471848311,100
"B=3.8,lam=1.0",oracle_envelope,frac_worse_than_equal,0.25,0.125,0.375,0.0,0.5,0.26375,100
"B=3.8,lam=1.0",oracle_envelope,frac_worse_than_strongest_sep,0.5,0.375,0.5,0.0,0.625,0.415,100
"B=3.8,lam=1.0",oracle_envelope,worst_indiv_change_vs_equal,-0.02618106155780925,-0.03423530543849865,-0.01361734314625835,-0.045850482011433505,0.0006864535896611499,-0.023681938696096645,100
"B=3.8,lam=1.0",oracle_envelope,p5_indiv_change_vs_equal,-0.0186698881061427,-0.027772366518786222,-0.008953664280701702,-0.0382590585288795,0.0022878567125873676,-0.01848343878536248,100
"B=3.8,lam=1.0",oracle_envelope,capacity_utilization,1.0,1.0,1.0,1.0,1.0,1.0,100
"B=3.8,lam=1.0",oracle_envelope,frac_cells_at_lower,0.0,0.0,0.0,0.0,0.0,0.0,100
"B=3.8,lam=1.0",oracle_envelope,frac_cells_interior,1.0,1.0,1.0,1.0,1.0,1.0,100
"B=3.8,lam=1.0",oracle_envelope,frac_cells_at_upper,0.0,0.0,0.0,0.0,0.0,0.0,100
"B=3.8,lam=1.0",proportional_gamma1,objective_regret,1.600255501394205,1.4973482964326568,1.749681212241769,1.3581816683643955,1.9089291227037815,1.6165132339013257,100
"B=3.8,lam=1.0",proportional_gamma1,mean_norm_util,0.1352601746913703,0.1345089821613226,0.13591958467275475,0.1331801485646084,0.13636428975158074,0.13507968181203128,100
"B=3.8,lam=1.0",proportional_gamma1,min_norm_util,0.13107072391421004,0.12960313312535218,0.13216394020129166,0.12776912292508888,0.1341242094453622,0.130940745156358,100
"B=3.8,lam=1.0",proportional_gamma1,median_norm_util,0.1344985570225665,0.1331558088939151,0.13558479613251923,0.1303332591691046,0.13638177665076026,0.1341736384221941,100
"B=3.8,lam=1.0",proportional_gamma1,frac_worse_than_equal,0.0,0.0,0.0,0.0,0.0,0.0,100
"B=3.8,lam=1.0",proportional_gamma1,frac_worse_than_strongest_sep,0.75,0.75,0.875,0.61875,1.0,0.7925,100
"B=3.8,lam=1.0",proportional_gamma1,worst_indiv_change_vs_equal,0.00607072391421005,0.0046031331253522,0.007163940201291651,0.0027691229250888802,0.009124209445362134,0.005940745156357976,100
"B=3.8,lam=1.0",proportional_gamma1,p5_indiv_change_vs_equal,0.006277200148636799,0.00501438650001655,0.007407202882345475,0.002918155769121195,0.009360763247921778,0.006224516740238672,100
"B=3.8,lam=1.0",proportional_gamma1,capacity_utilization,1.0,1.0,1.0,1.0,1.0,1.0,100
"B=3.8,lam=1.0",proportional_gamma1,frac_cells_at_lower,0.0,0.0,0.0,0.0,0.0,0.0,100
"B=3.8,lam=1.0",proportional_gamma1,frac_cells_interior,1.0,1.0,1.0,1.0,1.0,1.0,100
"B=3.8,lam=1.0",proportional_gamma1,frac_cells_at_upper,0.0,0.0,0.0,0.0,0.0,0.0,100
"B=3.8,lam=1.0",tuned_gamma4.0,objective_regret,0.6147396800678901,0.578375068863834,0.6546883567033888,0.4953690958564488,0.7138431232551243,0.614020529500663,100
"B=3.8,lam=1.0",tuned_gamma4.0,mean_norm_util,0.1557855835718175,0.15267994790507866,0.15868297497779194,0.14907771508689285,0.1614015716187348,0.15555722138033745,100
"B=3.8,lam=1.0",tuned_gamma4.0,min_norm_util,0.12516904077308344,0.1190527920406259,0.12994010304432901,0.11199542369764895,0.13999396732607677,0.12506485398715791,100
"B=3.8,lam=1.0",tuned_gamma4.0,median_norm_util,0.1492920584403743,0.14536822432578703,0.15490836602811295,0.13247051768366874,0.16059992717863847,0.14869866111168217,100
"B=3.8,lam=1.0",tuned_gamma4.0,frac_worse_than_equal,0.0,0.0,0.125,0.0,0.375,0.095,100
"B=3.8,lam=1.0",tuned_gamma4.0,frac_worse_than_strongest_sep,0.0,0.0,0.0,0.0,0.0,0.0,100
"B=3.8,lam=1.0",tuned_gamma4.0,worst_indiv_change_vs_equal,0.0001690407730834,-0.005947207959374,0.00494010304432895,-0.01300457630235095,0.014993967326076784,6.485398715796508e-05,100
"B=3.8,lam=1.0",tuned_gamma4.0,p5_indiv_change_vs_equal,0.0027444990293746,-0.003109313485467425,0.007585643105485051,-0.009014482810795105,0.01691825538669425,0.002438650196536087,100
"B=3.8,lam=1.0",tuned_gamma4.0,capacity_utilization,1.0,1.0,1.0,1.0,1.0,1.0,100
"B=3.8,lam=1.0",tuned_gamma4.0,frac_cells_at_lower,0.0,0.0,0.0,0.0,0.0,0.0,100
"B=3.8,lam=1.0",tuned_gamma4.0,frac_cells_interior,1.0,1.0,1.0,1.0,1.0,1.0,100
"B=3.8,lam=1.0",tuned_gamma4.0,frac_cells_at_upper,0.0,0.0,0.0,0.0,0.0,0.0,100
