experiment,cell,composition,contention,seed,policy,utility_family,scenario_hash,feasible,welfare_own_family,completion_mean,completion_min,completion_p5,optional_refinement_rate,quality_adjusted_completion,capacity_utilization,allocation_consumption,mandatory_failures_total,blocked_total,backend_total,capacity_violation,bound_violation,alloc_latency_ms
platform_mediation,homogeneous__moderate,homogeneous,moderate,257555101,equal,none,47550f7112736a87,True,,0.75,0.75,0.75,0.125,0.5750000000000001,0.9089861751152074,0.9089861751152074,12,42,90,0,0,3
platform_mediation,homogeneous__moderate,homogeneous,moderate,257555101,drf,none,47550f7112736a87,True,,0.75,0.75,0.75,0.125,0.5750000000000001,0.9089861751152074,0.9089861751152074,12,42,90,0,0,0
platform_mediation,homogeneous__moderate,homogeneous,moderate,257555101,decomposed_cobb_douglas,COBB_DOUGLAS,47550f7112736a87,True,298.96713920329364,0.75,0.75,0.75,0.125,0.5750000000000001,0.9089861751152074,0.9089861751152074,12,42,90,0,0,0
platform_mediation,homogeneous__moderate,homogeneous,moderate,257555101,joint_linear,LINEAR,47550f7112736a87,True,303.88354872522285,0.75,0.75,0.75,0.125,0.5750000000000001,0.9089861751152074,0.9089861751152074,12,42,90,0,0,794
platform_mediation,homogeneous__moderate,homogeneous,moderate,257555101,joint_cobb_douglas,COBB_DOUGLAS,47550f7112736a87,True,298.96713920329364,0.75,0.75,0.75,0.125,0.5750000000000001,0.9089861751152074,0.9089861751152074,12,42,90,0,0,624
platform_mediation,homogeneous__moderate,homogeneous,moderate,257555101,joint_ces,CES,47550f7112736a87,True,301.9580411114729,0.75,0.75,0.75,0.125,0.5750000000000001,0.9089861751152074,0.9089861751152074,12,42,90,0,0,605
platform_mediation,homogeneous__moderate,homogeneous,moderate,257555101,joint_leontief,LEONTIEF,47550f7112736a87,True,372.6860556076543,0.75,0.75,0.75,0.125,0.5750000000000001,0.9089861751152074,0.9089861751152074,12,42,90,0,0,629
platform_mediation,homogeneous__moderate,homogeneous,moderate,2202472669,equal,none,e65108a7c2a42937,True,,0.75,0.75,0.75,0.25,0.53125,0.9452307692307692,0.9452307692307692,12,18,84,0,0,0
platform_mediation,homogeneous__moderate,homogeneous,moderate,2202472669,drf,none,e65108a7c2a42937,True,,0.75,0.75,0.75,0.25,0.53125,0.9452307692307692,0.9463955637707948,12,18,84,0,0,0
platform_mediation,homogeneous__moderate,homogeneous,moderate,2202472669,decomposed_cobb_douglas,COBB_DOUGLAS,e65108a7c2a42937,True,284.32834751509887,0.75,0.75,0.75,0.25,0.53125,0.9452307692307692,0.9452307692307692,12,18,84,0,0,0
platform_mediation,homogeneous__moderate,homogeneous,moderate,2202472669,joint_linear,LINEAR,e65108a7c2a42937,True,289.1506339350396,0.75,0.75,0.75,0.25,0.53125,0.9452307692307692,0.9452307692307692,12,18,84,0,0,614
platform_mediation,homogeneous__moderate,homogeneous,moderate,2202472669,joint_cobb_douglas,COBB_DOUGLAS,e65108a7c2a42937,True,284.32834751509887,0.75,0.75,0.75,0.25,0.53125,0.9452307692307692,0.9452307692307692,12,18,84,0,0,640
platform_mediation,homogeneous__moderate,homogeneous,moderate,2202472669,joint_ces,CES,e65108a7c2a42937,True,286.9266700102904,0.75,0.75,0.75,0.25,0.53125,0.9452307692307692,0.9452307692307692,12,18,84,0,0,688
platform_mediation,homogeneous__moderate,homogeneous,moderate,2202472669,joint_leontief,LEONTIEF,e65108a7c2a42937,True,369.32172001139446,0.75,0.75,0.75,0.25,0.53125,0.9452307692307692,0.9452307692307692,12,18,84,0,0,631
platform_mediation,homogeneous__moderate,homogeneous,moderate,1457445458,equal,none,2fb165b3e7080e40,True,,0.875,0.875,0.875,0.0,0.6375000000000001,0.9511228533685601,0.9511228533685601,6,66,78,0,0,0
platform_mediation,homogeneous__moderate,homogeneous,moderate,1457445458,drf,none,2fb165b3e7080e40,True,,0.875,0.875,0.875,0.0,0.6375000000000001,0.9511228533685601,0.9511228533685601,6,66,78,0,0,0
platform_mediation,homogeneous__moderate,homogeneous,moderate,1457445458,decomposed_cobb_douglas,COBB_DOUGLAS,2fb165b3e7080e40,True,289.0380913963979,0.875,0.875,0.875,0.0,0.6375000000000001,0.9511228533685601,0.9511228533685601,6,66,78,0,0,0
platform_mediation,homogeneous__moderate,homogeneous,moderate,1457445458,joint_linear,LINEAR,2fb165b3e7080e40,True,293.8312550793833,0.875,0.875,0.875,0.0,0.6375000000000001,0.9511228533685601,0.9511228533685601,6,66,78,0,0,608
platform_mediation,homogeneous__moderate,homogeneous,moderate,1457445458,joint_cobb_douglas,COBB_DOUGLAS,2fb165b3e7080e40,True,289.0380913963978,0.875,0.875,0.875,0.0,0.6375000000000001,0.9511228533685601,0.9511228533685601,6,66,78,0,0,641
platform_mediation,homogeneous__moderate,homogeneous,moderate,1457445458,joint_ces,CES,2fb165b3e7080e40,True,291.9634988353168,0.875,0.875,0.875,0.0,0.6375000000000001,0.9511228533685601,0.9511228533685601,6,66,78,0,0,664
platform_mediation,homogeneous__moderate,homogeneous,moderate,1457445458,joint_leontief,LEONTIEF,2fb165b3e7080e40,True,363.6505422512614,0.875,0.875,0.875,0.0,0.6375000000000001,0.9511228533685601,0.9511228533685601,6,66,78,0,0,644
platform_mediation,homogeneous__moderate,homogeneous,moderate,370896467,equal,none,0d4eca5c9172b0a0,True,,0.625,0.625,0.625,0.0,0.45,0.9621993127147767,0.9621993127147767,18,30,90,0,0,0
platform_mediation,homogeneous__moderate,homogeneous,moderate,370896467,drf,none,0d4eca5c9172b0a0,True,,0.625,0.625,0.625,0.0,0.45,0.9621993127147767,0.9621993127147767,18,30,90,0,0,0
platform_mediation,homogeneous__moderate,homogeneous,moderate,370896467,decomposed_cobb_douglas,COBB_DOUGLAS,0d4eca5c9172b0a0,True,296.3955004336572,0.625,0.625,0.625,0.0,0.45,0.9621993127147767,0.9621993127147767,18,30,90,0,0,0
platform_mediation,homogeneous__moderate,homogeneous,moderate,370896467,joint_linear,LINEAR,0d4eca5c9172b0a0,True,302.23128742462563,0.625,0.625,0.625,0.0,0.45,0.9621993127147767,0.9621993127147767,18,30,90,0,0,616
platform_mediation,homogeneous__moderate,homogeneous,moderate,370896467,joint_cobb_douglas,COBB_DOUGLAS,0d4eca5c9172b0a0,True,296.3955004336572,0.625,0.625,0.625,0.0,0.45,0.9621993127147767,0.9621993127147767,18,30,90,0,0,607
platform_mediation,homogeneous__moderate,homogeneous,moderate,370896467,joint_ces,CES,0d4eca5c9172b0a0,True,299.8492033111602,0.625,0.625,0.625,0.0,0.45,0.9621993127147767,0.9621993127147767,18,30,90,0,0,884
platform_mediation,homogeneous__moderate,homogeneous,moderate,370896467,joint_leontief,LEONTIEF,0d4eca5c9172b0a0,True,373.29044529715634,0.625,0.625,0.625,0.0,0.45,0.9621993127147767,0.9621993127147767,18,30,90,0,0,721
platform_mediation,homogeneous__moderate,homogeneous,moderate,1239663176,equal,none,a6470bb9e186d60a,True,,0.75,0.75,0.75,0.25,0.5750000000000001,0.9096671949286846,0.9096671949286846,12,36,78,0,0,0
platform_mediation,homogeneous__moderate,homogeneous,moderate,1239663176,drf,none,a6470bb9e186d60a,True,,0.75,0.75,0.75,0.25,0.5750000000000001,0.9096671949286846,0.9106292966684294,12,36,78,0,0,0
platform_mediation,homogeneous__moderate,homogeneous,moderate,1239663176,decomposed_cobb_douglas,COBB_DOUGLAS,a6470bb9e186d60a,True,297.2168023434067,0.75,0.75,0.75,0.25,0.5750000000000001,0.9096671949286846,0.9096671949286846,12,36,78,0,0,0
platform_mediation,homogeneous__moderate,homogeneous,moderate,1239663176,joint_linear,LINEAR,a6470bb9e186d60a,True,302.54140646849817,0.75,0.75,0.75,0.25,0.5750000000000001,0.9096671949286846,0.9096671949286846,12,36,78,0,0,669
platform_mediation,homogeneous__moderate,homogeneous,moderate,1239663176,joint_cobb_douglas,COBB_DOUGLAS,a6470bb9e186d60a,True,297.21680234340664,0.75,0.75,0.75,0.25,0.5750000000000001,0.9096671949286846,0.9096671949286846,12,36,78,0,0,648
platform_mediation,homogeneous__moderate,homogeneous,moderate,1239663176,joint_ces,CES,a6470bb9e186d60a,True,300.23367661522434,0.75,0.75,0.75,0.25,0.5750000000000001,0.9096671949286846,0.9096671949286846,12,36,78,0,0,664
platform_mediation,homogeneous__moderate,homogeneous,moderate,1239663176,joint_leontief,LEONTIEF,a6470bb9e186d60a,True,379.19836073895317,0.75,0.75,0.75,0.25,0.5750000000000001,0.9096671949286846,0.9096671949286846,12,36,78,0,0,658
platform_mediation,homogeneous__moderate,homogeneous,moderate,3867884714,equal,none,4d5317b66314010b,True,,0.75,0.75,0.75,0.39999999999999997,0.5625,0.9640418752844788,0.9640418752844788,12,18,96,0,0,0
platform_mediation,homogeneous__moderate,homogeneous,moderate,3867884714,drf,none,4d5317b66314010b,True,,0.75,0.75,0.75,0.39999999999999997,0.5625,0.9640418752844788,0.9644808743169399,12,18,96,0,0,0
platform_mediation,homogeneous__moderate,homogeneous,moderate,3867884714,decomposed_cobb_douglas,COBB_DOUGLAS,4d5317b66314010b,True,305.5213522586081,0.75,0.75,0.75,0.39999999999999997,0.5625,0.9640418752844788,0.9640418752844788,12,18,96,0,0,0
platform_mediation,homogeneous__moderate,homogeneous,moderate,3867884714,joint_linear,LINEAR,4d5317b66314010b,True,310.6576373428788,0.75,0.75,0.75,0.39999999999999997,0.5625,0.9640418752844788,0.9640418752844788,12,18,96,0,0,662
platform_mediation,homogeneous__moderate,homogeneous,moderate,3867884714,joint_cobb_douglas,COBB_DOUGLAS,4d5317b66314010b,True,305.52135225860815,0.75,0.75,0.75,0.39999999999999997,0.5625,0.9640418752844788,0.9640418752844788,12,18,96,0,0,858
platform_mediation,homogeneous__moderate,homogeneous,moderate,3867884714,joint_ces,CES,4d5317b66314010b,True,308.35464689783663,0.75,0.75,0.75,0.39999999999999997,0.5625,0.9640418752844788,0.9640418752844788,12,18,96,0,0,874
platform_mediation,homogeneous__moderate,homogeneous,moderate,3867884714,joint_leontief,LEONTIEF,4d5317b66314010b,True,389.42668002018013,0.75,0.75,0.75,0.39999999999999997,0.5625,0.9640418752844788,0.9640418752844788,12,18,96,0,0,675
platform_mediation,homogeneous__moderate,homogeneous,moderate,810748378,equal,none,be88661c70e70765,True,,0.75,0.75,0.75,0.25,0.5437500000000001,0.9636923076923077,0.9636923076923077,12,18,84,0,0,0
platform_mediation,homogeneous__moderate,homogeneous,moderate,810748378,drf,none,be88661c70e70765,True,,0.75,0.75,0.75,0.25,0.5437500000000001,0.9636923076923077,0.9648798521256932,12,18,84,0,0,0
platform_mediation,homogeneous__moderate,homogeneous,moderate,810748378,decomposed_cobb_douglas,COBB_DOUGLAS,be88661c70e70765,True,284.32834751509887,0.75,0.75,0.75,0.25,0.5437500000000001,0.9636923076923077,0.9636923076923077,12,18,84,0,0,0
platform_mediation,homogeneous__moderate,homogeneous,moderate,810748378,joint_linear,LINEAR,be88661c70e70765,True,289.1506339350396,0.75,0.75,0.75,0.25,0.5437500000000001,0.9636923076923077,0.9636923076923077,12,18,84,0,0,658
platform_mediation,homogeneous__moderate,homogeneous,moderate,810748378,joint_cobb_douglas,COBB_DOUGLAS,be88661c70e70765,True,284.32834751509887,0.75,0.75,0.75,0.25,0.5437500000000001,0.9636923076923077,0.9636923076923077,12,18,84,0,0,669
platform_mediation,homogeneous__moderate,homogeneous,moderate,810748378,joint_ces,CES,be88661c70e70765,True,286.9266700102904,0.75,0.75,0.75,0.25,0.5437500000000001,0.9636923076923077,0.9636923076923077,12,18,84,0,0,669
platform_mediation,homogeneous__moderate,homogeneous,moderate,810748378,joint_leontief,LEONTIEF,be88661c70e70765,True,369.32172001139446,0.75,0.75,0.75,0.25,0.5437500000000001,0.9636923076923077,0.9636923076923077,12,18,84,0,0,672
platform_mediation,homogeneous__moderate,homogeneous,moderate,779927100,equal,none,ccbd208359c1da20,True,,0.75,0.75,0.75,0.0,0.5499999999999999,0.9235843870258383,0.9235843870258383,12,48,84,0,0,0
platform_mediation,homogeneous__moderate,homogeneous,moderate,779927100,drf,none,ccbd208359c1da20,True,,0.75,0.75,0.75,0.0,0.5499999999999999,0.9235843870258383,0.9246009906439185,12,48,84,0,0,0
platform_mediation,homogeneous__moderate,homogeneous,moderate,779927100,decomposed_cobb_douglas,COBB_DOUGLAS,ccbd208359c1da20,True,296.55113808135457,0.75,0.75,0.75,0.0,0.5499999999999999,0.9235843870258383,0.9235843870258383,12,48,84,0,0,0
platform_mediation,homogeneous__moderate,homogeneous,moderate,779927100,joint_linear,LINEAR,ccbd208359c1da20,True,302.25267107168,0.75,0.75,0.75,0.0,0.5499999999999999,0.9235843870258383,0.9235843870258383,12,48,84,0,0,637
platform_mediation,homogeneous__moderate,homogeneous,moderate,779927100,joint_cobb_douglas,COBB_DOUGLAS,ccbd208359c1da20,True,296.55113808135457,0.75,0.75,0.75,0.0,0.5499999999999999,0.9235843870258383,0.9235843870258383,12,48,84,0,0,664
platform_mediation,homogeneous__moderate,homogeneous,moderate,779927100,joint_ces,CES,ccbd208359c1da20,True,299.8491656661476,0.75,0.75,0.75,0.0,0.5499999999999999,0.9235843870258383,0.9235843870258383,12,48,84,0,0,654
platform_mediation,homogeneous__moderate,homogeneous,moderate,779927100,joint_leontief,LEONTIEF,ccbd208359c1da20,True,376.2269112379408,0.75,0.75,0.75,0.0,0.5499999999999999,0.9235843870258383,0.9235843870258383,12,48,84,0,0,647
platform_mediation,homogeneous__moderate,homogeneous,moderate,1480487491,equal,none,1c5aaf086cecde5d,True,,0.75,0.75,0.75,0.16666666666666666,0.521875,0.8859721082854799,0.8859721082854799,12,30,60,0,0,0
platform_mediation,homogeneous__moderate,homogeneous,moderate,1480487491,drf,none,1c5aaf086cecde5d,True,,0.75,0.75,0.75,0.16666666666666666,0.521875,0.8859721082854799,0.8859721082854799,12,30,60,0,0,0
platform_mediation,homogeneous__moderate,homogeneous,moderate,1480487491,decomposed_cobb_douglas,COBB_DOUGLAS,1c5aaf086cecde5d,True,264.7364945237582,0.75,0.75,0.75,0.16666666666666666,0.521875,0.8859721082854799,0.8859721082854799,12,30,60,0,0,0
platform_mediation,homogeneous__moderate,homogeneous,moderate,1480487491,joint_linear,LINEAR,1c5aaf086cecde5d,True,269.1666987107945,0.75,0.75,0.75,0.16666666666666666,0.521875,0.8859721082854799,0.8859721082854799,12,30,60,0,0,648
platform_mediation,homogeneous__moderate,homogeneous,moderate,1480487491,joint_cobb_douglas,COBB_DOUGLAS,1c5aaf086cecde5d,True,264.7364945237582,0.75,0.75,0.75,0.16666666666666666,0.521875,0.8859721082854799,0.8859721082854799,12,30,60,0,0,650
platform_mediation,homogeneous__moderate,homogeneous,moderate,1480487491,joint_ces,CES,1c5aaf086cecde5d,True,267.109123568936,0.75,0.75,0.75,0.16666666666666666,0.521875,0.8859721082854799,0.8859721082854799,12,30,60,0,0,659
platform_mediation,homogeneous__moderate,homogeneous,moderate,1480487491,joint_leontief,LEONTIEF,1c5aaf086cecde5d,True,350.26928666302734,0.75,0.75,0.75,0.16666666666666666,0.521875,0.8859721082854799,0.8859721082854799,12,30,60,0,0,668
platform_mediation,homogeneous__moderate,homogeneous,moderate,4051335133,equal,none,11bb3e982aac57a0,True,,0.625,0.625,0.625,0.0,0.48125,0.9536423841059603,0.9536423841059603,18,36,78,0,0,0
platform_mediation,homogeneous__moderate,homogeneous,moderate,4051335133,drf,none,11bb3e982aac57a0,True,,0.625,0.625,0.625,0.0,0.48125,0.9536423841059603,0.9540937056318031,18,36,78,0,0,0
platform_mediation,homogeneous__moderate,homogeneous,moderate,4051335133,decomposed_cobb_douglas,COBB_DOUGLAS,11bb3e982aac57a0,True,305.5584179007072,0.625,0.625,0.625,0.0,0.48125,0.9536423841059603,0.9536423841059603,18,36,78,0,0,0
platform_mediation,homogeneous__moderate,homogeneous,moderate,4051335133,joint_linear,LINEAR,11bb3e982aac57a0,True,311.20179132915166,0.625,0.625,0.625,0.0,0.48125,0.9536423841059603,0.9536423841059603,18,36,78,0,0,676
platform_mediation,homogeneous__moderate,homogeneous,moderate,4051335133,joint_cobb_douglas,COBB_DOUGLAS,11bb3e982aac57a0,True,305.5584179007072,0.625,0.625,0.625,0.0,0.48125,0.9536423841059603,0.9536423841059603,18,36,78,0,0,678
platform_mediation,homogeneous__moderate,homogeneous,moderate,4051335133,joint_ces,CES,11bb3e982aac57a0,True,308.78456406694465,0.625,0.625,0.625,0.0,0.48125,0.9536423841059603,0.9536423841059603,18,36,78,0,0,657
platform_mediation,homogeneous__moderate,homogeneous,moderate,4051335133,joint_leontief,LEONTIEF,11bb3e982aac57a0,True,386.4766706456521,0.625,0.625,0.625,0.0,0.48125,0.9536423841059603,0.9536423841059603,18,36,78,0,0,683
platform_mediation,homogeneous__moderate,homogeneous,moderate,3981622102,equal,none,3d7e3111cce6b198,True,,0.75,0.75,0.75,0.0,0.5499999999999999,0.9405576012624934,0.9405576012624934,12,42,78,0,0,0
platform_mediation,homogeneous__moderate,homogeneous,moderate,3981622102,drf,none,3d7e3111cce6b198,True,,0.75,0.75,0.75,0.0,0.5499999999999999,0.9405576012624934,0.9410526315789474,12,42,78,0,0,0
platform_mediation,homogeneous__moderate,homogeneous,moderate,3981622102,decomposed_cobb_douglas,COBB_DOUGLAS,3d7e3111cce6b198,True,296.2333505768566,0.75,0.75,0.75,0.0,0.5499999999999999,0.9405576012624934,0.9405576012624934,12,42,78,0,0,0
platform_mediation,homogeneous__moderate,homogeneous,moderate,3981622102,joint_linear,LINEAR,3d7e3111cce6b198,True,301.44173616595737,0.75,0.75,0.75,0.0,0.5499999999999999,0.9405576012624934,0.9405576012624934,12,42,78,0,0,660
platform_mediation,homogeneous__moderate,homogeneous,moderate,3981622102,joint_cobb_douglas,COBB_DOUGLAS,3d7e3111cce6b198,True,296.2333505768566,0.75,0.75,0.75,0.0,0.5499999999999999,0.9405576012624934,0.9405576012624934,12,42,78,0,0,671
platform_mediation,homogeneous__moderate,homogeneous,moderate,3981622102,joint_ces,CES,3d7e3111cce6b198,True,299.11815974989,0.75,0.75,0.75,0.0,0.5499999999999999,0.9405576012624934,0.9405576012624934,12,42,78,0,0,569
platform_mediation,homogeneous__moderate,homogeneous,moderate,3981622102,joint_leontief,LEONTIEF,3d7e3111cce6b198,True,379.56601217567555,0.75,0.75,0.75,0.0,0.5499999999999999,0.9405576012624934,0.9405576012624934,12,42,78,0,0,659
platform_mediation,homogeneous__moderate,homogeneous,moderate,2727656066,equal,none,8ed649f1e6d5d9e2,True,,0.625,0.625,0.625,0.0,0.43124999999999997,0.8827203331020125,0.8827203331020125,18,24,66,0,0,0
platform_mediation,homogeneous__moderate,homogeneous,moderate,2727656066,drf,none,8ed649f1e6d5d9e2,True,,0.625,0.625,0.625,0.0,0.43124999999999997,0.8827203331020125,0.8827203331020125,18,24,66,0,0,0
platform_mediation,homogeneous__moderate,homogeneous,moderate,2727656066,decomposed_cobb_douglas,COBB_DOUGLAS,8ed649f1e6d5d9e2,True,277.1212522261859,0.625,0.625,0.625,0.0,0.43124999999999997,0.8827203331020125,0.8827203331020125,18,24,66,0,0,0
platform_mediation,homogeneous__moderate,homogeneous,moderate,2727656066,joint_linear,LINEAR,8ed649f1e6d5d9e2,True,282.3669523097583,0.625,0.625,0.625,0.0,0.43124999999999997,0.8827203331020125,0.8827203331020125,18,24,66,0,0,679
platform_mediation,homogeneous__moderate,homogeneous,moderate,2727656066,joint_cobb_douglas,COBB_DOUGLAS,8ed649f1e6d5d9e2,True,277.1212522261859,0.625,0.625,0.625,0.0,0.43124999999999997,0.8827203331020125,0.8827203331020125,18,24,66,0,0,683
platform_mediation,homogeneous__moderate,homogeneous,moderate,2727656066,joint_ces,CES,8ed649f1e6d5d9e2,True,279.9687762086999,0.625,0.625,0.625,0.0,0.43124999999999997,0.8827203331020125,0.8827203331020125,18,24,66,0,0,662
platform_mediation,homogeneous__moderate,homogeneous,moderate,2727656066,joint_leontief,LEONTIEF,8ed649f1e6d5d9e2,True,361.2874232649466,0.625,0.625,0.625,0.0,0.43124999999999997,0.8827203331020125,0.8827203331020125,18,24,66,0,0,694
platform_mediation,homogeneous__moderate,homogeneous,moderate,944857836,equal,none,a3b1d3ec6ef2bba3,True,,0.625,0.625,0.625,0.14285714285714282,0.471875,0.9071076706544687,0.9071076706544687,18,36,54,0,0,0
platform_mediation,homogeneous__moderate,homogeneous,moderate,944857836,drf,none,a3b1d3ec6ef2bba3,True,,0.625,0.625,0.625,0.14285714285714282,0.471875,0.9071076706544687,0.9071076706544687,18,36,54,0,0,0
platform_mediation,homogeneous__moderate,homogeneous,moderate,944857836,decomposed_cobb_douglas,COBB_DOUGLAS,a3b1d3ec6ef2bba3,True,278.760160801413,0.625,0.625,0.625,0.14285714285714282,0.471875,0.9071076706544687,0.9071076706544687,18,36,54,0,0,0
platform_mediation,homogeneous__moderate,homogeneous,moderate,944857836,joint_linear,LINEAR,a3b1d3ec6ef2bba3,True,284.4314624547704,0.625,0.625,0.625,0.14285714285714282,0.471875,0.9071076706544687,0.9071076706544687,18,36,54,0,0,673
platform_mediation,homogeneous__moderate,homogeneous,moderate,944857836,joint_cobb_douglas,COBB_DOUGLAS,a3b1d3ec6ef2bba3,True,278.76016080141295,0.625,0.625,0.625,0.14285714285714282,0.471875,0.9071076706544687,0.9071076706544687,18,36,54,0,0,675
platform_mediation,homogeneous__moderate,homogeneous,moderate,944857836,joint_ces,CES,a3b1d3ec6ef2bba3,True,281.9708912026862,0.625,0.625,0.625,0.14285714285714282,0.471875,0.9071076706544687,0.9071076706544687,18,36,54,0,0,668
platform_mediation,homogeneous__moderate,homogeneous,moderate,944857836,joint_leontief,LEONTIEF,a3b1d3ec6ef2bba3,True,359.9970554048298,0.625,0.625,0.625,0.14285714285714282,0.471875,0.9071076706544687,0.9071076706544687,18,36,54,0,0,657
platform_mediation,homogeneous__moderate,homogeneous,moderate,1076197232,equal,none,0843beae8f5b6e23,True,,0.75,0.75,0.75,0.25,0.53125,0.9452307692307692,0.9452307692307692,12,18,84,0,0,0
platform_mediation,homogeneous__moderate,homogeneous,moderate,1076197232,drf,none,0843beae8f5b6e23,True,,0.75,0.75,0.75,0.25,0.53125,0.9452307692307692,0.9463955637707948,12,18,84,0,0,0
platform_mediation,homogeneous__moderate,homogeneous,moderate,1076197232,decomposed_cobb_douglas,COBB_DOUGLAS,0843beae8f5b6e23,True,284.32834751509887,0.75,0.75,0.75,0.25,0.53125,0.9452307692307692,0.9452307692307692,12,18,84,0,0,0
platform_mediation,homogeneous__moderate,homogeneous,moderate,1076197232,joint_linear,LINEAR,0843beae8f5b6e23,True,289.1506339350396,0.75,0.75,0.75,0.25,0.53125,0.9452307692307692,0.9452307692307692,12,18,84,0,0,664
platform_mediation,homogeneous__moderate,homogeneous,moderate,1076197232,joint_cobb_douglas,COBB_DOUGLAS,0843beae8f5b6e23,True,284.32834751509887,0.75,0.75,0.75,0.25,0.53125,0.9452307692307692,0.9452307692307692,12,18,84,0,0,876
platform_mediation,homogeneous__moderate,homogeneous,moderate,1076197232,joint_ces,CES,0843beae8f5b6e23,True,286.9266700102904,0.75,0.75,0.75,0.25,0.53125,0.9452307692307692,0.9452307692307692,12,18,84,0,0,946
platform_mediation,homogeneous__moderate,homogeneous,moderate,1076197232,joint_leontief,LEONTIEF,0843beae8f5b6e23,True,369.32172001139446,0.75,0.75,0.75,0.25,0.53125,0.9452307692307692,0.9452307692307692,12,18,84,0,0,671
platform_mediation,homogeneous__moderate,homogeneous,moderate,2688618631,equal,none,448ff698092227aa,True,,0.75,0.75,0.75,1.0,0.6000000000000001,0.9818676337262012,0.9818676337262012,12,0,108,0,0,0
platform_mediation,homogeneous__moderate,homogeneous,moderate,2688618631,drf,none,448ff698092227aa,True,,0.75,0.75,0.75,0.9444444444444445,0.5958333333333334,0.9737080689029919,0.9750340444847935,12,1,107,0,0,0
platform_mediation,homogeneous__moderate,homogeneous,moderate,2688618631,decomposed_cobb_douglas,COBB_DOUGLAS,448ff698092227aa,True,305.0094760308857,0.75,0.75,0.75,1.0,0.6000000000000001,0.9818676337262012,0.9818676337262012,12,0,108,0,0,0
platform_mediation,homogeneous__moderate,homogeneous,moderate,2688618631,joint_linear,LINEAR,448ff698092227aa,True,309.990105109692,0.75,0.75,0.75,1.0,0.6000000000000001,0.9818676337262012,0.9818676337262012,12,0,108,0,0,652
platform_mediation,homogeneous__moderate,homogeneous,moderate,2688618631,joint_cobb_douglas,COBB_DOUGLAS,448ff698092227aa,True,305.0094760308857,0.75,0.75,0.75,1.0,0.6000000000000001,0.9818676337262012,0.9818676337262012,12,0,108,0,0,660
platform_mediation,homogeneous__moderate,homogeneous,moderate,2688618631,joint_ces,CES,448ff698092227aa,True,307.71894060796535,0.75,0.75,0.75,1.0,0.6000000000000001,0.9818676337262012,0.9818676337262012,12,0,108,0,0,677
platform_mediation,homogeneous__moderate,homogeneous,moderate,2688618631,joint_leontief,LEONTIEF,448ff698092227aa,True,389.6211238299179,0.75,0.75,0.75,1.0,0.6000000000000001,0.9818676337262012,0.9818676337262012,12,0,108,0,0,668
platform_mediation,homogeneous__moderate,homogeneous,moderate,1876553230,equal,none,e2563e65d6610223,True,,0.875,0.875,0.875,0.0,0.5812499999999999,0.9578195976638546,0.9578195976638546,6,30,96,0,0,0
platform_mediation,homogeneous__moderate,homogeneous,moderate,1876553230,drf,none,e2563e65d6610223,True,,0.875,0.875,0.875,0.0,0.5812499999999999,0.9578195976638546,0.9596879063719116,6,30,96,0,0,0
platform_mediation,homogeneous__moderate,homogeneous,moderate,1876553230,decomposed_cobb_douglas,COBB_DOUGLAS,e2563e65d6610223,True,283.2372574987717,0.875,0.875,0.875,0.0,0.5812499999999999,0.9578195976638546,0.9578195976638546,6,30,96,0,0,0
platform_mediation,homogeneous__moderate,homogeneous,moderate,1876553230,joint_linear,LINEAR,e2563e65d6610223,True,289.04051698140324,0.875,0.875,0.875,0.0,0.5812499999999999,0.9578195976638546,0.9578195976638546,6,30,96,0,0,645
platform_mediation,homogeneous__moderate,homogeneous,moderate,1876553230,joint_cobb_douglas,COBB_DOUGLAS,e2563e65d6610223,True,283.2372574987717,0.875,0.875,0.875,0.0,0.5812499999999999,0.9578195976638546,0.9578195976638546,6,30,96,0,0,674
platform_mediation,homogeneous__moderate,homogeneous,moderate,1876553230,joint_ces,CES,e2563e65d6610223,True,286.46124186721147,0.875,0.875,0.875,0.0,0.5812499999999999,0.9578195976638546,0.9578195976638546,6,30,96,0,0,657
platform_mediation,homogeneous__moderate,homogeneous,moderate,1876553230,joint_leontief,LEONTIEF,e2563e65d6610223,True,365.5836306406933,0.875,0.875,0.875,0.0,0.5812499999999999,0.9578195976638546,0.9578195976638546,6,30,96,0,0,679
platform_mediation,homogeneous__moderate,homogeneous,moderate,3335324638,equal,none,ce4219f63d9faea3,True,,0.75,0.75,0.75,0.6,0.61875,0.9490968801313628,0.9490968801313628,12,12,102,0,0,0
platform_mediation,homogeneous__moderate,homogeneous,moderate,3335324638,drf,none,ce4219f63d9faea3,True,,0.75,0.75,0.75,0.6,0.61875,0.9490968801313628,0.9490968801313628,12,12,102,0,0,0
platform_mediation,homogeneous__moderate,homogeneous,moderate,3335324638,decomposed_cobb_douglas,COBB_DOUGLAS,ce4219f63d9faea3,True,295.2207803173734,0.75,0.75,0.75,0.6,0.61875,0.9490968801313628,0.9490968801313628,12,12,102,0,0,0
platform_mediation,homogeneous__moderate,homogeneous,moderate,3335324638,joint_linear,LINEAR,ce4219f63d9faea3,True,300.9602308191824,0.75,0.75,0.75,0.6,0.61875,0.9490968801313628,0.9490968801313628,12,12,102,0,0,670
platform_mediation,homogeneous__moderate,homogeneous,moderate,3335324638,joint_cobb_douglas,COBB_DOUGLAS,ce4219f63d9faea3,True,295.2207803173734,0.75,0.75,0.75,0.6,0.61875,0.9490968801313628,0.9490968801313628,12,12,102,0,0,670
platform_mediation,homogeneous__moderate,homogeneous,moderate,3335324638,joint_ces,CES,ce4219f63d9faea3,True,298.45683697254384,0.75,0.75,0.75,0.6,0.61875,0.9490968801313628,0.9490968801313628,12,12,102,0,0,684
platform_mediation,homogeneous__moderate,homogeneous,moderate,3335324638,joint_leontief,LEONTIEF,ce4219f63d9faea3,True,376.7332396886667,0.75,0.75,0.75,0.6,0.61875,0.9490968801313628,0.9490968801313628,12,12,102,0,0,694
platform_mediation,homogeneous__moderate,homogeneous,moderate,2728565301,equal,none,999bc799b431f474,True,,0.75,0.75,0.75,0.0,0.5687500000000001,0.96,0.96,12,42,96,0,0,0
platform_mediation,homogeneous__moderate,homogeneous,moderate,2728565301,drf,none,999bc799b431f474,True,,0.75,0.75,0.75,0.0,0.5687500000000001,0.96,0.96040016673614,12,42,96,0,0,0
platform_mediation,homogeneous__moderate,homogeneous,moderate,2728565301,decomposed_cobb_douglas,COBB_DOUGLAS,999bc799b431f474,True,314.5723783449883,0.75,0.75,0.75,0.0,0.5687500000000001,0.96,0.96,12,42,96,0,0,0
platform_mediation,homogeneous__moderate,homogeneous,moderate,2728565301,joint_linear,LINEAR,999bc799b431f474,True,320.10160700942134,0.75,0.75,0.75,0.0,0.5687500000000001,0.96,0.96,12,42,96,0,0,698
platform_mediation,homogeneous__moderate,homogeneous,moderate,2728565301,joint_cobb_douglas,COBB_DOUGLAS,999bc799b431f474,True,314.57237834498824,0.75,0.75,0.75,0.0,0.5687500000000001,0.96,0.96,12,42,96,0,0,643
platform_mediation,homogeneous__moderate,homogeneous,moderate,2728565301,joint_ces,CES,999bc799b431f474,True,317.7711657232501,0.75,0.75,0.75,0.0,0.5687500000000001,0.96,0.96,12,42,96,0,0,676
platform_mediation,homogeneous__moderate,homogeneous,moderate,2728565301,joint_leontief,LEONTIEF,999bc799b431f474,True,394.8180661520107,0.75,0.75,0.75,0.0,0.5687500000000001,0.96,0.96,12,42,96,0,0,679
platform_mediation,homogeneous__moderate,homogeneous,moderate,2389596346,equal,none,8650d83c7c6298b1,True,,0.75,0.75,0.75,0.39999999999999997,0.5625,0.9640418752844788,0.9640418752844788,12,18,96,0,0,0
platform_mediation,homogeneous__moderate,homogeneous,moderate,2389596346,drf,none,8650d83c7c6298b1,True,,0.75,0.75,0.75,0.39999999999999997,0.5625,0.9640418752844788,0.9644808743169399,12,18,96,0,0,0
platform_mediation,homogeneous__moderate,homogeneous,moderate,2389596346,decomposed_cobb_douglas,COBB_DOUGLAS,8650d83c7c6298b1,True,305.5213522586081,0.75,0.75,0.75,0.39999999999999997,0.5625,0.9640418752844788,0.9640418752844788,12,18,96,0,0,0
platform_mediation,homogeneous__moderate,homogeneous,moderate,2389596346,joint_linear,LINEAR,8650d83c7c6298b1,True,310.6576373428788,0.75,0.75,0.75,0.39999999999999997,0.5625,0.9640418752844788,0.9640418752844788,12,18,96,0,0,646
platform_mediation,homogeneous__moderate,homogeneous,moderate,2389596346,joint_cobb_douglas,COBB_DOUGLAS,8650d83c7c6298b1,True,305.52135225860815,0.75,0.75,0.75,0.39999999999999997,0.5625,0.9640418752844788,0.9640418752844788,12,18,96,0,0,637
platform_mediation,homogeneous__moderate,homogeneous,moderate,2389596346,joint_ces,CES,8650d83c7c6298b1,True,308.35464689783663,0.75,0.75,0.75,0.39999999999999997,0.5625,0.9640418752844788,0.9640418752844788,12,18,96,0,0,680
platform_mediation,homogeneous__moderate,homogeneous,moderate,2389596346,joint_leontief,LEONTIEF,8650d83c7c6298b1,True,389.42668002018013,0.75,0.75,0.75,0.39999999999999997,0.5625,0.9640418752844788,0.9640418752844788,12,18,96,0,0,689
platform_mediation,homogeneous__moderate,homogeneous,moderate,960000154,equal,none,64f9bcb1d3b86aae,True,,0.75,0.75,0.75,0.0,0.5375000000000001,0.9194891726818434,0.9194891726818434,12,36,72,0,0,0
platform_mediation,homogeneous__moderate,homogeneous,moderate,960000154,drf,none,64f9bcb1d3b86aae,True,,0.75,0.75,0.75,0.0,0.5375000000000001,0.9194891726818434,0.9194891726818434,12,36,72,0,0,0
platform_mediation,homogeneous__moderate,homogeneous,moderate,960000154,decomposed_cobb_douglas,COBB_DOUGLAS,64f9bcb1d3b86aae,True,291.180539268381,0.75,0.75,0.75,0.0,0.5375000000000001,0.9194891726818434,0.9194891726818434,12,36,72,0,0,0
platform_mediation,homogeneous__moderate,homogeneous,moderate,960000154,joint_linear,LINEAR,64f9bcb1d3b86aae,True,295.9098535902739,0.75,0.75,0.75,0.0,0.5375000000000001,0.9194891726818434,0.9194891726818434,12,36,72,0,0,670
platform_mediation,homogeneous__moderate,homogeneous,moderate,960000154,joint_cobb_douglas,COBB_DOUGLAS,64f9bcb1d3b86aae,True,291.180539268381,0.75,0.75,0.75,0.0,0.5375000000000001,0.9194891726818434,0.9194891726818434,12,36,72,0,0,690
platform_mediation,homogeneous__moderate,homogeneous,moderate,960000154,joint_ces,CES,64f9bcb1d3b86aae,True,293.7396867739851,0.75,0.75,0.75,0.0,0.5375000000000001,0.9194891726818434,0.9194891726818434,12,36,72,0,0,671
platform_mediation,homogeneous__moderate,homogeneous,moderate,960000154,joint_leontief,LEONTIEF,64f9bcb1d3b86aae,True,376.19116609766075,0.75,0.75,0.75,0.0,0.5375000000000001,0.9194891726818434,0.9194891726818434,12,36,72,0,0,675
platform_mediation,homogeneous__moderate,homogeneous,moderate,198340507,equal,none,c673f3d3844c6828,True,,0.875,0.875,0.875,0.0,0.61875,0.952755905511811,0.952755905511811,6,54,84,0,0,0
platform_mediation,homogeneous__moderate,homogeneous,moderate,198340507,drf,none,c673f3d3844c6828,True,,0.875,0.875,0.875,0.0,0.61875,0.952755905511811,0.952755905511811,6,54,84,0,0,0
platform_mediation,homogeneous__moderate,homogeneous,moderate,198340507,decomposed_cobb_douglas,COBB_DOUGLAS,c673f3d3844c6828,True,286.2992661625608,0.875,0.875,0.875,0.0,0.61875,0.952755905511811,0.952755905511811,6,54,84,0,0,0
platform_mediation,homogeneous__moderate,homogeneous,moderate,198340507,joint_linear,LINEAR,c673f3d3844c6828,True,291.9475267811106,0.875,0.875,0.875,0.0,0.61875,0.952755905511811,0.952755905511811,6,54,84,0,0,651
platform_mediation,homogeneous__moderate,homogeneous,moderate,198340507,joint_cobb_douglas,COBB_DOUGLAS,c673f3d3844c6828,True,286.2992661625608,0.875,0.875,0.875,0.0,0.61875,0.952755905511811,0.952755905511811,6,54,84,0,0,679
platform_mediation,homogeneous__moderate,homogeneous,moderate,198340507,joint_ces,CES,c673f3d3844c6828,True,289.6241509960181,0.875,0.875,0.875,0.0,0.61875,0.952755905511811,0.952755905511811,6,54,84,0,0,679
platform_mediation,homogeneous__moderate,homogeneous,moderate,198340507,joint_leontief,LEONTIEF,c673f3d3844c6828,True,364.34402330269677,0.875,0.875,0.875,0.0,0.61875,0.952755905511811,0.952755905511811,6,54,84,0,0,690
platform_mediation,homogeneous__moderate,homogeneous,moderate,3851803530,equal,none,4bb869e026084830,True,,0.75,0.75,0.75,0.11111111111111112,0.571875,0.9485903814262023,0.9485903814262023,12,48,78,0,0,0
platform_mediation,homogeneous__moderate,homogeneous,moderate,3851803530,drf,none,4bb869e026084830,True,,0.75,0.75,0.75,0.11111111111111112,0.571875,0.9485903814262023,0.9496402877697842,12,48,78,0,0,0
platform_mediation,homogeneous__moderate,homogeneous,moderate,3851803530,decomposed_cobb_douglas,COBB_DOUGLAS,4bb869e026084830,True,298.34035228306027,0.75,0.75,0.75,0.11111111111111112,0.571875,0.9485903814262023,0.9485903814262023,12,48,78,0,0,0
platform_mediation,homogeneous__moderate,homogeneous,moderate,3851803530,joint_linear,LINEAR,4bb869e026084830,True,303.6959891940522,0.75,0.75,0.75,0.11111111111111112,0.571875,0.9485903814262023,0.9485903814262023,12,48,78,0,0,721
platform_mediation,homogeneous__moderate,homogeneous,moderate,3851803530,joint_cobb_douglas,COBB_DOUGLAS,4bb869e026084830,True,298.34035228306027,0.75,0.75,0.75,0.11111111111111112,0.571875,0.9485903814262023,0.9485903814262023,12,48,78,0,0,694
platform_mediation,homogeneous__moderate,homogeneous,moderate,3851803530,joint_ces,CES,4bb869e026084830,True,301.5334314205333,0.75,0.75,0.75,0.11111111111111112,0.571875,0.9485903814262023,0.9485903814262023,12,48,78,0,0,659
platform_mediation,homogeneous__moderate,homogeneous,moderate,3851803530,joint_leontief,LEONTIEF,4bb869e026084830,True,375.6464107790923,0.75,0.75,0.75,0.11111111111111112,0.571875,0.9485903814262023,0.9485903814262023,12,48,78,0,0,678
platform_mediation,homogeneous__moderate,homogeneous,moderate,1950650473,equal,none,ec2e4320f8cb5437,True,,0.75,0.75,0.75,0.0,0.525,0.9609490855165596,0.9609490855165596,12,24,96,0,0,0
platform_mediation,homogeneous__moderate,homogeneous,moderate,1950650473,drf,none,ec2e4320f8cb5437,True,,0.75,0.75,0.75,0.0,0.525,0.9609490855165596,0.9609490855165596,12,24,96,0,0,0
platform_mediation,homogeneous__moderate,homogeneous,moderate,1950650473,decomposed_cobb_douglas,COBB_DOUGLAS,ec2e4320f8cb5437,True,299.9247514989664,0.75,0.75,0.75,0.0,0.525,0.9609490855165596,0.9609490855165596,12,24,96,0,0,0
platform_mediation,homogeneous__moderate,homogeneous,moderate,1950650473,joint_linear,LINEAR,ec2e4320f8cb5437,True,305.1893892129616,0.75,0.75,0.75,0.0,0.525,0.9609490855165596,0.9609490855165596,12,24,96,0,0,656
platform_mediation,homogeneous__moderate,homogeneous,moderate,1950650473,joint_cobb_douglas,COBB_DOUGLAS,ec2e4320f8cb5437,True,299.9247514989664,0.75,0.75,0.75,0.0,0.525,0.9609490855165596,0.9609490855165596,12,24,96,0,0,710
platform_mediation,homogeneous__moderate,homogeneous,moderate,1950650473,joint_ces,CES,ec2e4320f8cb5437,True,302.80833767638376,0.75,0.75,0.75,0.0,0.525,0.9609490855165596,0.9609490855165596,12,24,96,0,0,695
platform_mediation,homogeneous__moderate,homogeneous,moderate,1950650473,joint_leontief,LEONTIEF,ec2e4320f8cb5437,True,383.9846843105354,0.75,0.75,0.75,0.0,0.525,0.9609490855165596,0.9609490855165596,12,24,96,0,0,721
platform_mediation,homogeneous__moderate,homogeneous,moderate,702296152,equal,none,b1864b39541515e0,True,,0.7291666666666666,0.625,0.65625,0.3333333333333333,0.5567708333333333,0.9449248975876194,0.9449248975876194,13,21,93,0,0,0
platform_mediation,homogeneous__moderate,homogeneous,moderate,702296152,drf,none,b1864b39541515e0,True,,0.7291666666666666,0.625,0.65625,0.3333333333333333,0.5567708333333333,0.9449248975876194,0.9453551912568307,13,21,93,0,0,0
platform_mediation,homogeneous__moderate,homogeneous,moderate,702296152,decomposed_cobb_douglas,COBB_DOUGLAS,b1864b39541515e0,True,305.5213522586081,0.7291666666666666,0.625,0.65625,0.3333333333333333,0.5567708333333333,0.9449248975876194,0.9449248975876194,13,21,93,0,0,0
platform_mediation,homogeneous__moderate,homogeneous,moderate,702296152,joint_linear,LINEAR,b1864b39541515e0,True,310.6576373428788,0.7291666666666666,0.625,0.65625,0.3333333333333333,0.5567708333333333,0.9449248975876194,0.9449248975876194,13,21,93,0,0,658
platform_mediation,homogeneous__moderate,homogeneous,moderate,702296152,joint_cobb_douglas,COBB_DOUGLAS,b1864b39541515e0,True,305.52135225860815,0.7291666666666666,0.625,0.65625,0.3333333333333333,0.5567708333333333,0.9449248975876194,0.9449248975876194,13,21,93,0,0,651
platform_mediation,homogeneous__moderate,homogeneous,moderate,702296152,joint_ces,CES,b1864b39541515e0,True,308.35464689783663,0.7291666666666666,0.625,0.65625,0.3333333333333333,0.5567708333333333,0.9449248975876194,0.9449248975876194,13,21,93,0,0,648
platform_mediation,homogeneous__moderate,homogeneous,moderate,702296152,joint_leontief,LEONTIEF,b1864b39541515e0,True,389.42668002018013,0.7291666666666666,0.625,0.65625,0.3333333333333333,0.5567708333333333,0.9449248975876194,0.9449248975876194,13,21,93,0,0,655
platform_mediation,homogeneous__moderate,homogeneous,moderate,435991193,equal,none,27062a0192a310f5,True,,0.875,0.875,0.875,0.0,0.61875,0.952755905511811,0.952755905511811,6,54,84,0,0,0
platform_mediation,homogeneous__moderate,homogeneous,moderate,435991193,drf,none,27062a0192a310f5,True,,0.875,0.875,0.875,0.0,0.61875,0.952755905511811,0.952755905511811,6,54,84,0,0,0
platform_mediation,homogeneous__moderate,homogeneous,moderate,435991193,decomposed_cobb_douglas,COBB_DOUGLAS,27062a0192a310f5,True,286.2992661625608,0.875,0.875,0.875,0.0,0.61875,0.952755905511811,0.952755905511811,6,54,84,0,0,0
platform_mediation,homogeneous__moderate,homogeneous,moderate,435991193,joint_linear,LINEAR,27062a0192a310f5,True,291.9475267811106,0.875,0.875,0.875,0.0,0.61875,0.952755905511811,0.952755905511811,6,54,84,0,0,695
platform_mediation,homogeneous__moderate,homogeneous,moderate,435991193,joint_cobb_douglas,COBB_DOUGLAS,27062a0192a310f5,True,286.2992661625608,0.875,0.875,0.875,0.0,0.61875,0.952755905511811,0.952755905511811,6,54,84,0,0,655
platform_mediation,homogeneous__moderate,homogeneous,moderate,435991193,joint_ces,CES,27062a0192a310f5,True,289.6241509960181,0.875,0.875,0.875,0.0,0.61875,0.952755905511811,0.952755905511811,6,54,84,0,0,652
platform_mediation,homogeneous__moderate,homogeneous,moderate,435991193,joint_leontief,LEONTIEF,27062a0192a310f5,True,364.34402330269677,0.875,0.875,0.875,0.0,0.61875,0.952755905511811,0.952755905511811,6,54,84,0,0,666
platform_mediation,homogeneous__moderate,homogeneous,moderate,3416061123,equal,none,940a522308a565f0,True,,0.875,0.875,0.875,0.0,0.6187499999999999,0.9713574097135741,0.9713574097135741,6,48,78,0,0,0
platform_mediation,homogeneous__moderate,homogeneous,moderate,3416061123,drf,none,940a522308a565f0,True,,0.875,0.875,0.875,0.0,0.6187499999999999,0.9713574097135741,0.9719626168224299,6,48,78,0,0,0
platform_mediation,homogeneous__moderate,homogeneous,moderate,3416061123,decomposed_cobb_douglas,COBB_DOUGLAS,940a522308a565f0,True,285.4809545602192,0.875,0.875,0.875,0.0,0.6187499999999999,0.9713574097135741,0.9713574097135741,6,48,78,0,0,0
platform_mediation,homogeneous__moderate,homogeneous,moderate,3416061123,joint_linear,LINEAR,940a522308a565f0,True,290.79199448476925,0.875,0.875,0.875,0.0,0.6187499999999999,0.9713574097135741,0.9713574097135741,6,48,78,0,0,659
platform_mediation,homogeneous__moderate,homogeneous,moderate,3416061123,joint_cobb_douglas,COBB_DOUGLAS,940a522308a565f0,True,285.48095456021923,0.875,0.875,0.875,0.0,0.6187499999999999,0.9713574097135741,0.9713574097135741,6,48,78,0,0,647
platform_mediation,homogeneous__moderate,homogeneous,moderate,3416061123,joint_ces,CES,940a522308a565f0,True,288.43955718714767,0.875,0.875,0.875,0.0,0.6187499999999999,0.9713574097135741,0.9713574097135741,6,48,78,0,0,664
platform_mediation,homogeneous__moderate,homogeneous,moderate,3416061123,joint_leontief,LEONTIEF,940a522308a565f0,True,368.25764626659384,0.875,0.875,0.875,0.0,0.6187499999999999,0.9713574097135741,0.9713574097135741,6,48,78,0,0,681
platform_mediation,homogeneous__moderate,homogeneous,moderate,20351457,equal,none,849ccb84b51063e1,True,,0.625,0.625,0.625,0.19999999999999998,0.49374999999999997,0.9549376797698945,0.9549376797698945,18,24,78,0,0,0
platform_mediation,homogeneous__moderate,homogeneous,moderate,20351457,drf,none,849ccb84b51063e1,True,,0.625,0.625,0.625,0.19999999999999998,0.49374999999999997,0.9549376797698945,0.9563130100816131,18,24,78,0,0,0
platform_mediation,homogeneous__moderate,homogeneous,moderate,20351457,decomposed_cobb_douglas,COBB_DOUGLAS,849ccb84b51063e1,True,301.6007938399582,0.625,0.625,0.625,0.19999999999999998,0.49374999999999997,0.9549376797698945,0.9549376797698945,18,24,78,0,0,0
platform_mediation,homogeneous__moderate,homogeneous,moderate,20351457,joint_linear,LINEAR,849ccb84b51063e1,True,306.5229033066819,0.625,0.625,0.625,0.19999999999999998,0.49374999999999997,0.9549376797698945,0.9549376797698945,18,24,78,0,0,670
platform_mediation,homogeneous__moderate,homogeneous,moderate,20351457,joint_cobb_douglas,COBB_DOUGLAS,849ccb84b51063e1,True,301.6007938399582,0.625,0.625,0.625,0.19999999999999998,0.49374999999999997,0.9549376797698945,0.9549376797698945,18,24,78,0,0,693
platform_mediation,homogeneous__moderate,homogeneous,moderate,20351457,joint_ces,CES,849ccb84b51063e1,True,304.30109180489137,0.625,0.625,0.625,0.19999999999999998,0.49374999999999997,0.9549376797698945,0.9549376797698945,18,24,78,0,0,725
platform_mediation,homogeneous__moderate,homogeneous,moderate,20351457,joint_leontief,LEONTIEF,849ccb84b51063e1,True,386.01322511747514,0.625,0.625,0.625,0.19999999999999998,0.49374999999999997,0.9549376797698945,0.9549376797698945,18,24,78,0,0,692
platform_mediation,homogeneous__moderate,homogeneous,moderate,3560812609,equal,none,e392a98535be9783,True,,0.875,0.875,0.875,0.0,0.6375000000000001,0.9511228533685601,0.9511228533685601,6,66,78,0,0,0
platform_mediation,homogeneous__moderate,homogeneous,moderate,3560812609,drf,none,e392a98535be9783,True,,0.875,0.875,0.875,0.0,0.6375000000000001,0.9511228533685601,0.9511228533685601,6,66,78,0,0,0
platform_mediation,homogeneous__moderate,homogeneous,moderate,3560812609,decomposed_cobb_douglas,COBB_DOUGLAS,e392a98535be9783,True,289.0380913963979,0.875,0.875,0.875,0.0,0.6375000000000001,0.9511228533685601,0.9511228533685601,6,66,78,0,0,0
platform_mediation,homogeneous__moderate,homogeneous,moderate,3560812609,joint_linear,LINEAR,e392a98535be9783,True,293.8312550793833,0.875,0.875,0.875,0.0,0.6375000000000001,0.9511228533685601,0.9511228533685601,6,66,78,0,0,738
platform_mediation,homogeneous__moderate,homogeneous,moderate,3560812609,joint_cobb_douglas,COBB_DOUGLAS,e392a98535be9783,True,289.0380913963978,0.875,0.875,0.875,0.0,0.6375000000000001,0.9511228533685601,0.9511228533685601,6,66,78,0,0,701
platform_mediation,homogeneous__moderate,homogeneous,moderate,3560812609,joint_ces,CES,e392a98535be9783,True,291.9634988353168,0.875,0.875,0.875,0.0,0.6375000000000001,0.9511228533685601,0.9511228533685601,6,66,78,0,0,672
platform_mediation,homogeneous__moderate,homogeneous,moderate,3560812609,joint_leontief,LEONTIEF,e392a98535be9783,True,363.6505422512614,0.875,0.875,0.875,0.0,0.6375000000000001,0.9511228533685601,0.9511228533685601,6,66,78,0,0,674
platform_mediation,homogeneous__moderate,homogeneous,moderate,1876080908,equal,none,91611c6406d189d5,True,,0.75,0.75,0.75,0.25,0.5437500000000001,0.9812154696132597,0.9812154696132597,12,18,84,0,0,0
platform_mediation,homogeneous__moderate,homogeneous,moderate,1876080908,drf,none,91611c6406d189d5,True,,0.75,0.75,0.75,0.20833333333333334,0.5395833333333333,0.9712707182320443,0.973421926910299,12,19,83,0,0,0
platform_mediation,homogeneous__moderate,homogeneous,moderate,1876080908,decomposed_cobb_douglas,COBB_DOUGLAS,91611c6406d189d5,True,290.90592736670175,0.75,0.75,0.75,0.25,0.5437500000000001,0.9812154696132597,0.9812154696132597,12,18,84,0,0,0
platform_mediation,homogeneous__moderate,homogeneous,moderate,1876080908,joint_linear,LINEAR,91611c6406d189d5,True,295.4046910572808,0.75,0.75,0.75,0.25,0.5437500000000001,0.9812154696132597,0.9812154696132597,12,18,84,0,0,653
platform_mediation,homogeneous__moderate,homogeneous,moderate,1876080908,joint_cobb_douglas,COBB_DOUGLAS,91611c6406d189d5,True,290.90592736670175,0.75,0.75,0.75,0.25,0.5437500000000001,0.9812154696132597,0.9812154696132597,12,18,84,0,0,651
platform_mediation,homogeneous__moderate,homogeneous,moderate,1876080908,joint_ces,CES,91611c6406d189d5,True,293.3166246215598,0.75,0.75,0.75,0.25,0.5437500000000001,0.9812154696132597,0.9812154696132597,12,18,84,0,0,656
platform_mediation,homogeneous__moderate,homogeneous,moderate,1876080908,joint_leontief,LEONTIEF,91611c6406d189d5,True,376.6046462895396,0.75,0.75,0.75,0.25,0.5437500000000001,0.9812154696132597,0.9812154696132597,12,18,84,0,0,564
platform_mediation,homogeneous__moderate,homogeneous,moderate,158770671,equal,none,afd1e1e2e72925c7,True,,0.75,0.75,0.75,0.0,0.53125,0.9419152276295133,0.9419152276295133,12,30,84,0,0,0
platform_mediation,homogeneous__moderate,homogeneous,moderate,158770671,drf,none,afd1e1e2e72925c7,True,,0.75,0.75,0.75,0.0,0.53125,0.9419152276295133,0.9424083769633508,12,30,84,0,0,0
platform_mediation,homogeneous__moderate,homogeneous,moderate,158770671,decomposed_cobb_douglas,COBB_DOUGLAS,afd1e1e2e72925c7,True,295.6434198719055,0.75,0.75,0.75,0.0,0.53125,0.9419152276295133,0.9419152276295133,12,30,84,0,0,0
platform_mediation,homogeneous__moderate,homogeneous,moderate,158770671,joint_linear,LINEAR,afd1e1e2e72925c7,True,300.660063007802,0.75,0.75,0.75,0.0,0.53125,0.9419152276295133,0.9419152276295133,12,30,84,0,0,639
platform_mediation,homogeneous__moderate,homogeneous,moderate,158770671,joint_cobb_douglas,COBB_DOUGLAS,afd1e1e2e72925c7,True,295.64341987190545,0.75,0.75,0.75,0.0,0.53125,0.9419152276295133,0.9419152276295133,12,30,84,0,0,659
platform_mediation,homogeneous__moderate,homogeneous,moderate,158770671,joint_ces,CES,afd1e1e2e72925c7,True,298.3751884481723,0.75,0.75,0.75,0.0,0.53125,0.9419152276295133,0.9419152276295133,12,30,84,0,0,662
platform_mediation,homogeneous__moderate,homogeneous,moderate,158770671,joint_leontief,LEONTIEF,afd1e1e2e72925c7,True,380.11018385164283,0.75,0.75,0.75,0.0,0.53125,0.9419152276295133,0.9419152276295133,12,30,84,0,0,674
platform_mediation,homogeneous__moderate,homogeneous,moderate,1188182414,equal,none,1fffae5dd32efb7c,True,,0.75,0.75,0.75,0.0,0.5499999999999999,0.9405576012624934,0.9405576012624934,12,42,78,0,0,0
platform_mediation,homogeneous__moderate,homogeneous,moderate,1188182414,drf,none,1fffae5dd32efb7c,True,,0.75,0.75,0.75,0.0,0.5499999999999999,0.9405576012624934,0.9410526315789474,12,42,78,0,0,0
platform_mediation,homogeneous__moderate,homogeneous,moderate,1188182414,decomposed_cobb_douglas,COBB_DOUGLAS,1fffae5dd32efb7c,True,296.2333505768566,0.75,0.75,0.75,0.0,0.5499999999999999,0.9405576012624934,0.9405576012624934,12,42,78,0,0,0
platform_mediation,homogeneous__moderate,homogeneous,moderate,1188182414,joint_linear,LINEAR,1fffae5dd32efb7c,True,301.44173616595737,0.75,0.75,0.75,0.0,0.5499999999999999,0.9405576012624934,0.9405576012624934,12,42,78,0,0,681
platform_mediation,homogeneous__moderate,homogeneous,moderate,1188182414,joint_cobb_douglas,COBB_DOUGLAS,1fffae5dd32efb7c,True,296.2333505768566,0.75,0.75,0.75,0.0,0.5499999999999999,0.9405576012624934,0.9405576012624934,12,42,78,0,0,656
platform_mediation,homogeneous__moderate,homogeneous,moderate,1188182414,joint_ces,CES,1fffae5dd32efb7c,True,299.11815974989,0.75,0.75,0.75,0.0,0.5499999999999999,0.9405576012624934,0.9405576012624934,12,42,78,0,0,648
platform_mediation,homogeneous__moderate,homogeneous,moderate,1188182414,joint_leontief,LEONTIEF,1fffae5dd32efb7c,True,379.56601217567555,0.75,0.75,0.75,0.0,0.5499999999999999,0.9405576012624934,0.9405576012624934,12,42,78,0,0,652
platform_mediation,homogeneous__moderate,homogeneous,moderate,1117684939,equal,none,da70c0e18c39024f,True,,0.625,0.625,0.625,0.25,0.5,0.938474870017331,0.938474870017331,18,18,90,0,0,0
platform_mediation,homogeneous__moderate,homogeneous,moderate,1117684939,drf,none,da70c0e18c39024f,True,,0.625,0.625,0.625,0.25,0.5,0.938474870017331,0.9396963123644252,18,18,90,0,0,0
platform_mediation,homogeneous__moderate,homogeneous,moderate,1117684939,decomposed_cobb_douglas,COBB_DOUGLAS,da70c0e18c39024f,True,309.2472641139886,0.625,0.625,0.625,0.25,0.5,0.938474870017331,0.938474870017331,18,18,90,0,0,0
platform_mediation,homogeneous__moderate,homogeneous,moderate,1117684939,joint_linear,LINEAR,da70c0e18c39024f,True,314.5925783924191,0.625,0.625,0.625,0.25,0.5,0.938474870017331,0.938474870017331,18,18,90,0,0,694
platform_mediation,homogeneous__moderate,homogeneous,moderate,1117684939,joint_cobb_douglas,COBB_DOUGLAS,da70c0e18c39024f,True,309.2472641139886,0.625,0.625,0.625,0.25,0.5,0.938474870017331,0.938474870017331,18,18,90,0,0,706
platform_mediation,homogeneous__moderate,homogeneous,moderate,1117684939,joint_ces,CES,da70c0e18c39024f,True,312.2104320363379,0.625,0.625,0.625,0.25,0.5,0.938474870017331,0.938474870017331,18,18,90,0,0,679
platform_mediation,homogeneous__moderate,homogeneous,moderate,1117684939,joint_leontief,LEONTIEF,da70c0e18c39024f,True,392.63513153834896,0.625,0.625,0.625,0.25,0.5,0.938474870017331,0.938474870017331,18,18,90,0,0,672
platform_mediation,homogeneous__moderate,homogeneous,moderate,59127101,equal,none,75a1b2e3d5477f3a,True,,0.75,0.75,0.75,0.19999999999999998,0.5625,0.9815730337078652,0.9815730337078652,12,24,108,0,0,0
platform_mediation,homogeneous__moderate,homogeneous,moderate,59127101,drf,none,75a1b2e3d5477f3a,True,,0.75,0.75,0.75,0.19999999999999998,0.5625,0.9815730337078652,0.9824561403508771,12,24,108,0,0,0
platform_mediation,homogeneous__moderate,homogeneous,moderate,59127101,decomposed_cobb_douglas,COBB_DOUGLAS,75a1b2e3d5477f3a,True,309.4096802835961,0.75,0.75,0.75,0.19999999999999998,0.5625,0.9815730337078652,0.9815730337078652,12,24,108,0,0,0
platform_mediation,homogeneous__moderate,homogeneous,moderate,59127101,joint_linear,LINEAR,75a1b2e3d5477f3a,True,315.1799447597831,0.75,0.75,0.75,0.19999999999999998,0.5625,0.9815730337078652,0.9815730337078652,12,24,108,0,0,684
platform_mediation,homogeneous__moderate,homogeneous,moderate,59127101,joint_cobb_douglas,COBB_DOUGLAS,75a1b2e3d5477f3a,True,309.4096802835961,0.75,0.75,0.75,0.19999999999999998,0.5625,0.9815730337078652,0.9815730337078652,12,24,108,0,0,696
platform_mediation,homogeneous__moderate,homogeneous,moderate,59127101,joint_ces,CES,75a1b2e3d5477f3a,True,312.72051111829035,0.75,0.75,0.75,0.19999999999999998,0.5625,0.9815730337078652,0.9815730337078652,12,24,108,0,0,676
platform_mediation,homogeneous__moderate,homogeneous,moderate,59127101,joint_leontief,LEONTIEF,75a1b2e3d5477f3a,True,389.8130345997877,0.75,0.75,0.75,0.19999999999999998,0.5625,0.9815730337078652,0.9815730337078652,12,24,108,0,0,678
platform_mediation,homogeneous__moderate,homogeneous,moderate,1434985613,equal,none,d1875cf825cf5e1a,True,,0.75,0.75,0.75,0.0,0.5437500000000001,0.9640718562874252,0.9640718562874252,12,36,90,0,0,0
platform_mediation,homogeneous__moderate,homogeneous,moderate,1434985613,drf,none,d1875cf825cf5e1a,True,,0.75,0.75,0.75,0.0,0.5437500000000001,0.9640718562874252,0.9640718562874252,12,36,90,0,0,0
platform_mediation,homogeneous__moderate,homogeneous,moderate,1434985613,decomposed_cobb_douglas,COBB_DOUGLAS,d1875cf825cf5e1a,True,301.5234413740043,0.75,0.75,0.75,0.0,0.5437500000000001,0.9640718562874252,0.9640718562874252,12,36,90,0,0,0
platform_mediation,homogeneous__moderate,homogeneous,moderate,1434985613,joint_linear,LINEAR,d1875cf825cf5e1a,True,307.01363721992647,0.75,0.75,0.75,0.0,0.5437500000000001,0.9640718562874252,0.9640718562874252,12,36,90,0,0,659
platform_mediation,homogeneous__moderate,homogeneous,moderate,1434985613,joint_cobb_douglas,COBB_DOUGLAS,d1875cf825cf5e1a,True,301.5234413740043,0.75,0.75,0.75,0.0,0.5437500000000001,0.9640718562874252,0.9640718562874252,12,36,90,0,0,647
platform_mediation,homogeneous__moderate,homogeneous,moderate,1434985613,joint_ces,CES,d1875cf825cf5e1a,True,304.64902574885434,0.75,0.75,0.75,0.0,0.5437500000000001,0.9640718562874252,0.9640718562874252,12,36,90,0,0,667
platform_mediation,homogeneous__moderate,homogeneous,moderate,1434985613,joint_leontief,LEONTIEF,d1875cf825cf5e1a,True,382.99845168908837,0.75,0.75,0.75,0.0,0.5437500000000001,0.9640718562874252,0.9640718562874252,12,36,90,0,0,666
platform_mediation,homogeneous__moderate,homogeneous,moderate,1283126825,equal,none,2a487aea70d8208e,True,,0.625,0.625,0.625,0.14285714285714282,0.471875,0.9071076706544687,0.9071076706544687,18,36,54,0,0,0
platform_mediation,homogeneous__moderate,homogeneous,moderate,1283126825,drf,none,2a487aea70d8208e,True,,0.625,0.625,0.625,0.14285714285714282,0.471875,0.9071076706544687,0.9071076706544687,18,36,54,0,0,0
platform_mediation,homogeneous__moderate,homogeneous,moderate,1283126825,decomposed_cobb_douglas,COBB_DOUGLAS,2a487aea70d8208e,True,278.760160801413,0.625,0.625,0.625,0.14285714285714282,0.471875,0.9071076706544687,0.9071076706544687,18,36,54,0,0,0
platform_mediation,homogeneous__moderate,homogeneous,moderate,1283126825,joint_linear,LINEAR,2a487aea70d8208e,True,284.4314624547704,0.625,0.625,0.625,0.14285714285714282,0.471875,0.9071076706544687,0.9071076706544687,18,36,54,0,0,674
platform_mediation,homogeneous__moderate,homogeneous,moderate,1283126825,joint_cobb_douglas,COBB_DOUGLAS,2a487aea70d8208e,True,278.76016080141295,0.625,0.625,0.625,0.14285714285714282,0.471875,0.9071076706544687,0.9071076706544687,18,36,54,0,0,708
platform_mediation,homogeneous__moderate,homogeneous,moderate,1283126825,joint_ces,CES,2a487aea70d8208e,True,281.9708912026862,0.625,0.625,0.625,0.14285714285714282,0.471875,0.9071076706544687,0.9071076706544687,18,36,54,0,0,685
platform_mediation,homogeneous__moderate,homogeneous,moderate,1283126825,joint_leontief,LEONTIEF,2a487aea70d8208e,True,359.9970554048298,0.625,0.625,0.625,0.14285714285714282,0.471875,0.9071076706544687,0.9071076706544687,18,36,54,0,0,703
platform_mediation,homogeneous__moderate,homogeneous,moderate,288854164,equal,none,e797aeab1b1b20d9,True,,0.875,0.875,0.875,0.0,0.6187499999999999,0.9713574097135741,0.9713574097135741,6,48,78,0,0,0
platform_mediation,homogeneous__moderate,homogeneous,moderate,288854164,drf,none,e797aeab1b1b20d9,True,,0.875,0.875,0.875,0.0,0.6187499999999999,0.9713574097135741,0.9719626168224299,6,48,78,0,0,0
platform_mediation,homogeneous__moderate,homogeneous,moderate,288854164,decomposed_cobb_douglas,COBB_DOUGLAS,e797aeab1b1b20d9,True,285.4809545602192,0.875,0.875,0.875,0.0,0.6187499999999999,0.9713574097135741,0.9713574097135741,6,48,78,0,0,0
platform_mediation,homogeneous__moderate,homogeneous,moderate,288854164,joint_linear,LINEAR,e797aeab1b1b20d9,True,290.79199448476925,0.875,0.875,0.875,0.0,0.6187499999999999,0.9713574097135741,0.9713574097135741,6,48,78,0,0,940
platform_mediation,homogeneous__moderate,homogeneous,moderate,288854164,joint_cobb_douglas,COBB_DOUGLAS,e797aeab1b1b20d9,True,285.48095456021923,0.875,0.875,0.875,0.0,0.6187499999999999,0.9713574097135741,0.9713574097135741,6,48,78,0,0,829
platform_mediation,homogeneous__moderate,homogeneous,moderate,288854164,joint_ces,CES,e797aeab1b1b20d9,True,288.43955718714767,0.875,0.875,0.875,0.0,0.6187499999999999,0.9713574097135741,0.9713574097135741,6,48,78,0,0,688
platform_mediation,homogeneous__moderate,homogeneous,moderate,288854164,joint_leontief,LEONTIEF,e797aeab1b1b20d9,True,368.25764626659384,0.875,0.875,0.875,0.0,0.6187499999999999,0.9713574097135741,0.9713574097135741,6,48,78,0,0,772
platform_mediation,homogeneous__moderate,homogeneous,moderate,1176304722,equal,none,f662ff1a8a8022e1,True,,0.75,0.75,0.75,0.0,0.53125,0.9419152276295133,0.9419152276295133,12,30,84,0,0,0
platform_mediation,homogeneous__moderate,homogeneous,moderate,1176304722,drf,none,f662ff1a8a8022e1,True,,0.75,0.75,0.75,0.0,0.53125,0.9419152276295133,0.9424083769633508,12,30,84,0,0,0
platform_mediation,homogeneous__moderate,homogeneous,moderate,1176304722,decomposed_cobb_douglas,COBB_DOUGLAS,f662ff1a8a8022e1,True,295.6434198719055,0.75,0.75,0.75,0.0,0.53125,0.9419152276295133,0.9419152276295133,12,30,84,0,0,0
platform_mediation,homogeneous__moderate,homogeneous,moderate,1176304722,joint_linear,LINEAR,f662ff1a8a8022e1,True,300.660063007802,0.75,0.75,0.75,0.0,0.53125,0.9419152276295133,0.9419152276295133,12,30,84,0,0,749
platform_mediation,homogeneous__moderate,homogeneous,moderate,1176304722,joint_cobb_douglas,COBB_DOUGLAS,f662ff1a8a8022e1,True,295.64341987190545,0.75,0.75,0.75,0.0,0.53125,0.9419152276295133,0.9419152276295133,12,30,84,0,0,756
platform_mediation,homogeneous__moderate,homogeneous,moderate,1176304722,joint_ces,CES,f662ff1a8a8022e1,True,298.3751884481723,0.75,0.75,0.75,0.0,0.53125,0.9419152276295133,0.9419152276295133,12,30,84,0,0,658
platform_mediation,homogeneous__moderate,homogeneous,moderate,1176304722,joint_leontief,LEONTIEF,f662ff1a8a8022e1,True,380.11018385164283,0.75,0.75,0.75,0.0,0.53125,0.9419152276295133,0.9419152276295133,12,30,84,0,0,668
platform_mediation,homogeneous__moderate,homogeneous,moderate,557736001,equal,none,27085cd53d82df3a,True,,0.75,0.75,0.75,0.3333333333333333,0.5187499999999999,0.9218647406434668,0.9218647406434668,12,12,78,0,0,0
platform_mediation,homogeneous__moderate,homogeneous,moderate,557736001,drf,none,27085cd53d82df3a,True,,0.75,0.75,0.75,0.3333333333333333,0.5187499999999999,0.9218647406434668,0.9236842105263158,12,12,78,0,0,0
platform_mediation,homogeneous__moderate,homogeneous,moderate,557736001,decomposed_cobb_douglas,COBB_DOUGLAS,27085cd53d82df3a,True,279.1628414916826,0.75,0.75,0.75,0.3333333333333333,0.5187499999999999,0.9218647406434668,0.9218647406434668,12,12,78,0,0,0
platform_mediation,homogeneous__moderate,homogeneous,moderate,557736001,joint_linear,LINEAR,27085cd53d82df3a,True,283.3567707791238,0.75,0.75,0.75,0.3333333333333333,0.5187499999999999,0.9218647406434668,0.9218647406434668,12,12,78,0,0,663
platform_mediation,homogeneous__moderate,homogeneous,moderate,557736001,joint_cobb_douglas,COBB_DOUGLAS,27085cd53d82df3a,True,279.1628414916826,0.75,0.75,0.75,0.3333333333333333,0.5187499999999999,0.9218647406434668,0.9218647406434668,12,12,78,0,0,684
platform_mediation,homogeneous__moderate,homogeneous,moderate,557736001,joint_ces,CES,27085cd53d82df3a,True,281.4086752499965,0.75,0.75,0.75,0.3333333333333333,0.5187499999999999,0.9218647406434668,0.9218647406434668,12,12,78,0,0,776
platform_mediation,homogeneous__moderate,homogeneous,moderate,557736001,joint_leontief,LEONTIEF,27085cd53d82df3a,True,364.8908005240039,0.75,0.75,0.75,0.3333333333333333,0.5187499999999999,0.9218647406434668,0.9218647406434668,12,12,78,0,0,745
platform_mediation,homogeneous__moderate,homogeneous,moderate,2045959474,equal,none,79638a7a4a42bcb8,True,,0.75,0.75,0.75,0.0,0.5499999999999999,0.9445324881141046,0.9445324881141046,12,42,78,0,0,0
platform_mediation,homogeneous__moderate,homogeneous,moderate,2045959474,drf,none,79638a7a4a42bcb8,True,,0.75,0.75,0.75,0.0,0.5499999999999999,0.9445324881141046,0.9455314648334214,12,42,78,0,0,0
platform_mediation,homogeneous__moderate,homogeneous,moderate,2045959474,decomposed_cobb_douglas,COBB_DOUGLAS,79638a7a4a42bcb8,True,297.2168023434067,0.75,0.75,0.75,0.0,0.5499999999999999,0.9445324881141046,0.9445324881141046,12,42,78,0,0,0
platform_mediation,homogeneous__moderate,homogeneous,moderate,2045959474,joint_linear,LINEAR,79638a7a4a42bcb8,True,302.54140646849817,0.75,0.75,0.75,0.0,0.5499999999999999,0.9445324881141046,0.9445324881141046,12,42,78,0,0,671
platform_mediation,homogeneous__moderate,homogeneous,moderate,2045959474,joint_cobb_douglas,COBB_DOUGLAS,79638a7a4a42bcb8,True,297.21680234340664,0.75,0.75,0.75,0.0,0.5499999999999999,0.9445324881141046,0.9445324881141046,12,42,78,0,0,667
platform_mediation,homogeneous__moderate,homogeneous,moderate,2045959474,joint_ces,CES,79638a7a4a42bcb8,True,300.23367661522434,0.75,0.75,0.75,0.0,0.5499999999999999,0.9445324881141046,0.9445324881141046,12,42,78,0,0,718
platform_mediation,homogeneous__moderate,homogeneous,moderate,2045959474,joint_leontief,LEONTIEF,79638a7a4a42bcb8,True,379.19836073895317,0.75,0.75,0.75,0.0,0.5499999999999999,0.9445324881141046,0.9445324881141046,12,42,78,0,0,731
platform_mediation,homogeneous__moderate,homogeneous,moderate,1082877876,equal,none,461be32fda2e6f03,True,,0.625,0.625,0.625,0.13888888888888887,0.4708333333333334,0.9500351864883885,0.9500351864883885,18,31,65,0,0,0
platform_mediation,homogeneous__moderate,homogeneous,moderate,1082877876,drf,none,461be32fda2e6f03,True,,0.625,0.625,0.625,0.13888888888888887,0.4708333333333334,0.9500351864883885,0.9500351864883885,18,31,65,0,0,0
platform_mediation,homogeneous__moderate,homogeneous,moderate,1082877876,decomposed_cobb_douglas,COBB_DOUGLAS,461be32fda2e6f03,True,278.760160801413,0.625,0.625,0.625,0.13888888888888887,0.4708333333333334,0.9500351864883885,0.9500351864883885,18,31,65,0,0,0
platform_mediation,homogeneous__moderate,homogeneous,moderate,1082877876,joint_linear,LINEAR,461be32fda2e6f03,True,284.4314624547704,0.625,0.625,0.625,0.13888888888888887,0.4708333333333334,0.9500351864883885,0.9500351864883885,18,31,65,0,0,683
platform_mediation,homogeneous__moderate,homogeneous,moderate,1082877876,joint_cobb_douglas,COBB_DOUGLAS,461be32fda2e6f03,True,278.76016080141295,0.625,0.625,0.625,0.13888888888888887,0.4708333333333334,0.9500351864883885,0.9500351864883885,18,31,65,0,0,665
platform_mediation,homogeneous__moderate,homogeneous,moderate,1082877876,joint_ces,CES,461be32fda2e6f03,True,281.9708912026862,0.625,0.625,0.625,0.13888888888888887,0.4708333333333334,0.9500351864883885,0.9500351864883885,18,31,65,0,0,714
platform_mediation,homogeneous__moderate,homogeneous,moderate,1082877876,joint_leontief,LEONTIEF,461be32fda2e6f03,True,359.9970554048298,0.625,0.625,0.625,0.13888888888888887,0.4708333333333334,0.9500351864883885,0.9500351864883885,18,31,65,0,0,656
platform_mediation,homogeneous__moderate,homogeneous,moderate,3439878238,equal,none,0d7ae83135698fed,True,,0.75,0.75,0.75,0.16666666666666666,0.5541666666666667,0.9498452012383901,0.9498452012383901,12,30,78,0,0,0
platform_mediation,homogeneous__moderate,homogeneous,moderate,3439878238,drf,none,0d7ae83135698fed,True,,0.75,0.75,0.75,0.16666666666666666,0.5541666666666667,0.9498452012383901,0.9510229386236826,12,30,78,0,0,0
platform_mediation,homogeneous__moderate,homogeneous,moderate,3439878238,decomposed_cobb_douglas,COBB_DOUGLAS,0d7ae83135698fed,True,284.68584142879564,0.75,0.75,0.75,0.16666666666666666,0.5541666666666667,0.9498452012383901,0.9498452012383901,12,30,78,0,0,0
platform_mediation,homogeneous__moderate,homogeneous,moderate,3439878238,joint_linear,LINEAR,0d7ae83135698fed,True,289.7770094011459,0.75,0.75,0.75,0.16666666666666666,0.5541666666666667,0.9498452012383901,0.9498452012383901,12,30,78,0,0,638
platform_mediation,homogeneous__moderate,homogeneous,moderate,3439878238,joint_cobb_douglas,COBB_DOUGLAS,0d7ae83135698fed,True,284.68584142879564,0.75,0.75,0.75,0.16666666666666666,0.5541666666666667,0.9498452012383901,0.9498452012383901,12,30,78,0,0,656
platform_mediation,homogeneous__moderate,homogeneous,moderate,3439878238,joint_ces,CES,0d7ae83135698fed,True,287.4634243813707,0.75,0.75,0.75,0.16666666666666666,0.5541666666666667,0.9498452012383901,0.9498452012383901,12,30,78,0,0,648
platform_mediation,homogeneous__moderate,homogeneous,moderate,3439878238,joint_leontief,LEONTIEF,0d7ae83135698fed,True,368.73177405460245,0.75,0.75,0.75,0.16666666666666666,0.5541666666666667,0.9498452012383901,0.9498452012383901,12,30,78,0,0,662
platform_mediation,homogeneous__moderate,homogeneous,moderate,1730425775,equal,none,e20342a116dc9b3f,True,,0.75,0.75,0.75,0.0,0.5499999999999999,0.9286898839137645,0.9286898839137645,12,48,84,0,0,0
platform_mediation,homogeneous__moderate,homogeneous,moderate,1730425775,drf,none,e20342a116dc9b3f,True,,0.75,0.75,0.75,0.0,0.5499999999999999,0.9286898839137645,0.9297177642501383,12,48,84,0,0,0
platform_mediation,homogeneous__moderate,homogeneous,moderate,1730425775,decomposed_cobb_douglas,COBB_DOUGLAS,e20342a116dc9b3f,True,298.34035228306027,0.75,0.75,0.75,0.0,0.5499999999999999,0.9286898839137645,0.9286898839137645,12,48,84,0,0,0
platform_mediation,homogeneous__moderate,homogeneous,moderate,1730425775,joint_linear,LINEAR,e20342a116dc9b3f,True,303.6959891940522,0.75,0.75,0.75,0.0,0.5499999999999999,0.9286898839137645,0.9286898839137645,12,48,84,0,0,696
platform_mediation,homogeneous__moderate,homogeneous,moderate,1730425775,joint_cobb_douglas,COBB_DOUGLAS,e20342a116dc9b3f,True,298.34035228306027,0.75,0.75,0.75,0.0,0.5499999999999999,0.9286898839137645,0.9286898839137645,12,48,84,0,0,731
platform_mediation,homogeneous__moderate,homogeneous,moderate,1730425775,joint_ces,CES,e20342a116dc9b3f,True,301.5334314205333,0.75,0.75,0.75,0.0,0.5499999999999999,0.9286898839137645,0.9286898839137645,12,48,84,0,0,683
platform_mediation,homogeneous__moderate,homogeneous,moderate,1730425775,joint_leontief,LEONTIEF,e20342a116dc9b3f,True,375.6464107790923,0.75,0.75,0.75,0.0,0.5499999999999999,0.9286898839137645,0.9286898839137645,12,48,84,0,0,687
platform_mediation,homogeneous__moderate,homogeneous,moderate,2690555655,equal,none,9262c74c4c7a410a,True,,0.625,0.625,0.625,0.0,0.44375000000000003,0.9158512720156555,0.9158512720156555,18,30,72,0,0,0
platform_mediation,homogeneous__moderate,homogeneous,moderate,2690555655,drf,none,9262c74c4c7a410a,True,,0.625,0.625,0.625,0.0,0.44375000000000003,0.9158512720156555,0.9170476812540823,18,30,72,0,0,0
platform_mediation,homogeneous__moderate,homogeneous,moderate,2690555655,decomposed_cobb_douglas,COBB_DOUGLAS,9262c74c4c7a410a,True,284.46567918060737,0.625,0.625,0.625,0.0,0.44375000000000003,0.9158512720156555,0.9158512720156555,18,30,72,0,0,0
platform_mediation,homogeneous__moderate,homogeneous,moderate,2690555655,joint_linear,LINEAR,9262c74c4c7a410a,True,290.34078741032863,0.625,0.625,0.625,0.0,0.44375000000000003,0.9158512720156555,0.9158512720156555,18,30,72,0,0,670
platform_mediation,homogeneous__moderate,homogeneous,moderate,2690555655,joint_cobb_douglas,COBB_DOUGLAS,9262c74c4c7a410a,True,284.4656791806074,0.625,0.625,0.625,0.0,0.44375000000000003,0.9158512720156555,0.9158512720156555,18,30,72,0,0,511
platform_mediation,homogeneous__moderate,homogeneous,moderate,2690555655,joint_ces,CES,9262c74c4c7a410a,True,287.8126189392004,0.625,0.625,0.625,0.0,0.44375000000000003,0.9158512720156555,0.9158512720156555,18,30,72,0,0,639
platform_mediation,homogeneous__moderate,homogeneous,moderate,2690555655,joint_leontief,LEONTIEF,9262c74c4c7a410a,True,364.97375339034573,0.625,0.625,0.625,0.0,0.44375000000000003,0.9158512720156555,0.9158512720156555,18,30,72,0,0,683
platform_mediation,homogeneous__moderate,homogeneous,moderate,2380508457,equal,none,4708882c71ae3aa8,True,,0.75,0.75,0.75,0.16666666666666666,0.56875,0.9649952696310312,0.9649952696310312,12,30,96,0,0,0
platform_mediation,homogeneous__moderate,homogeneous,moderate,2380508457,drf,none,4708882c71ae3aa8,True,,0.75,0.75,0.75,0.16666666666666666,0.56875,0.9649952696310312,0.9654519640321817,12,30,96,0,0,0
platform_mediation,homogeneous__moderate,homogeneous,moderate,2380508457,decomposed_cobb_douglas,COBB_DOUGLAS,4708882c71ae3aa8,True,305.5584179007072,0.75,0.75,0.75,0.16666666666666666,0.56875,0.9649952696310312,0.9649952696310312,12,30,96,0,0,0
platform_mediation,homogeneous__moderate,homogeneous,moderate,2380508457,joint_linear,LINEAR,4708882c71ae3aa8,True,311.20179132915166,0.75,0.75,0.75,0.16666666666666666,0.56875,0.9649952696310312,0.9649952696310312,12,30,96,0,0,673
platform_mediation,homogeneous__moderate,homogeneous,moderate,2380508457,joint_cobb_douglas,COBB_DOUGLAS,4708882c71ae3aa8,True,305.5584179007072,0.75,0.75,0.75,0.16666666666666666,0.56875,0.9649952696310312,0.9649952696310312,12,30,96,0,0,671
platform_mediation,homogeneous__moderate,homogeneous,moderate,2380508457,joint_ces,CES,4708882c71ae3aa8,True,308.78456406694465,0.75,0.75,0.75,0.16666666666666666,0.56875,0.9649952696310312,0.9649952696310312,12,30,96,0,0,702
platform_mediation,homogeneous__moderate,homogeneous,moderate,2380508457,joint_leontief,LEONTIEF,4708882c71ae3aa8,True,386.4766706456521,0.75,0.75,0.75,0.16666666666666666,0.56875,0.9649952696310312,0.9649952696310312,12,30,96,0,0,656
platform_mediation,homogeneous__moderate,homogeneous,moderate,3121292098,equal,none,d61394d7f2cb5eb3,True,,0.625,0.625,0.625,0.16666666666666666,0.47812499999999997,0.9539895165987187,0.9539895165987187,18,30,66,0,0,0
platform_mediation,homogeneous__moderate,homogeneous,moderate,3121292098,drf,none,d61394d7f2cb5eb3,True,,0.625,0.625,0.625,0.16666666666666666,0.47812499999999997,0.9539895165987187,0.9539895165987187,18,30,66,0,0,0
platform_mediation,homogeneous__moderate,homogeneous,moderate,3121292098,decomposed_cobb_douglas,COBB_DOUGLAS,d61394d7f2cb5eb3,True,290.53102659231365,0.625,0.625,0.625,0.16666666666666666,0.47812499999999997,0.9539895165987187,0.9539895165987187,18,30,66,0,0,0
platform_mediation,homogeneous__moderate,homogeneous,moderate,3121292098,joint_linear,LINEAR,d61394d7f2cb5eb3,True,296.06722399106735,0.625,0.625,0.625,0.16666666666666666,0.47812499999999997,0.9539895165987187,0.9539895165987187,18,30,66,0,0,666
platform_mediation,homogeneous__moderate,homogeneous,moderate,3121292098,joint_cobb_douglas,COBB_DOUGLAS,d61394d7f2cb5eb3,True,290.53102659231365,0.625,0.625,0.625,0.16666666666666666,0.47812499999999997,0.9539895165987187,0.9539895165987187,18,30,66,0,0,638
platform_mediation,homogeneous__moderate,homogeneous,moderate,3121292098,joint_ces,CES,d61394d7f2cb5eb3,True,293.6349806234722,0.625,0.625,0.625,0.16666666666666666,0.47812499999999997,0.9539895165987187,0.9539895165987187,18,30,66,0,0,675
platform_mediation,homogeneous__moderate,homogeneous,moderate,3121292098,joint_leontief,LEONTIEF,d61394d7f2cb5eb3,True,372.6738769248739,0.625,0.625,0.625,0.16666666666666666,0.47812499999999997,0.9539895165987187,0.9539895165987187,18,30,66,0,0,675
platform_mediation,homogeneous__moderate,homogeneous,moderate,1464047144,equal,none,7ad85afb7193cffc,True,,0.625,0.625,0.625,0.14285714285714282,0.5125000000000001,0.9528392685274302,0.9528392685274302,18,36,72,0,0,0
platform_mediation,homogeneous__moderate,homogeneous,moderate,1464047144,drf,none,7ad85afb7193cffc,True,,0.625,0.625,0.625,0.11904761904761903,0.5083333333333333,0.944177093358999,0.9446316803081367,18,37,71,0,0,0
platform_mediation,homogeneous__moderate,homogeneous,moderate,1464047144,decomposed_cobb_douglas,COBB_DOUGLAS,7ad85afb7193cffc,True,302.3558497392775,0.625,0.625,0.625,0.14285714285714282,0.5125000000000001,0.9528392685274302,0.9528392685274302,18,36,72,0,0,0
platform_mediation,homogeneous__moderate,homogeneous,moderate,1464047144,joint_linear,LINEAR,7ad85afb7193cffc,True,307.4185572156453,0.625,0.625,0.625,0.14285714285714282,0.5125000000000001,0.9528392685274302,0.9528392685274302,18,36,72,0,0,557
platform_mediation,homogeneous__moderate,homogeneous,moderate,1464047144,joint_cobb_douglas,COBB_DOUGLAS,7ad85afb7193cffc,True,302.35584973927746,0.625,0.625,0.625,0.14285714285714282,0.5125000000000001,0.9528392685274302,0.9528392685274302,18,36,72,0,0,654
platform_mediation,homogeneous__moderate,homogeneous,moderate,1464047144,joint_ces,CES,7ad85afb7193cffc,True,305.1877022928661,0.625,0.625,0.625,0.14285714285714282,0.5125000000000001,0.9528392685274302,0.9528392685274302,18,36,72,0,0,687
platform_mediation,homogeneous__moderate,homogeneous,moderate,1464047144,joint_leontief,LEONTIEF,7ad85afb7193cffc,True,385.6071292648188,0.625,0.625,0.625,0.14285714285714282,0.5125000000000001,0.9528392685274302,0.9528392685274302,18,36,72,0,0,704
platform_mediation,homogeneous__moderate,homogeneous,moderate,3224082678,equal,none,f66b97551da714f9,True,,0.75,0.75,0.75,0.19999999999999998,0.515625,0.9209932279909706,0.9209932279909706,12,24,72,0,0,0
platform_mediation,homogeneous__moderate,homogeneous,moderate,3224082678,drf,none,f66b97551da714f9,True,,0.75,0.75,0.75,0.19999999999999998,0.515625,0.9209932279909706,0.9230769230769231,12,24,72,0,0,0
platform_mediation,homogeneous__moderate,homogeneous,moderate,3224082678,decomposed_cobb_douglas,COBB_DOUGLAS,f66b97551da714f9,True,271.1242957884908,0.75,0.75,0.75,0.19999999999999998,0.515625,0.9209932279909706,0.9209932279909706,12,24,72,0,0,0
platform_mediation,homogeneous__moderate,homogeneous,moderate,3224082678,joint_linear,LINEAR,f66b97551da714f9,True,275.99751834040103,0.75,0.75,0.75,0.19999999999999998,0.515625,0.9209932279909706,0.9209932279909706,12,24,72,0,0,664
platform_mediation,homogeneous__moderate,homogeneous,moderate,3224082678,joint_cobb_douglas,COBB_DOUGLAS,f66b97551da714f9,True,271.1242957884909,0.75,0.75,0.75,0.19999999999999998,0.515625,0.9209932279909706,0.9209932279909706,12,24,72,0,0,650
platform_mediation,homogeneous__moderate,homogeneous,moderate,3224082678,joint_ces,CES,f66b97551da714f9,True,273.7519826513668,0.75,0.75,0.75,0.19999999999999998,0.515625,0.9209932279909706,0.9209932279909706,12,24,72,0,0,695
platform_mediation,homogeneous__moderate,homogeneous,moderate,3224082678,joint_leontief,LEONTIEF,f66b97551da714f9,True,355.96731176771993,0.75,0.75,0.75,0.19999999999999998,0.515625,0.9209932279909706,0.9209932279909706,12,24,72,0,0,674
platform_mediation,homogeneous__moderate,homogeneous,moderate,1770107008,equal,none,861506819050224b,True,,0.625,0.625,0.625,0.19999999999999998,0.5,0.9414694894146949,0.9414694894146949,18,24,96,0,0,0
platform_mediation,homogeneous__moderate,homogeneous,moderate,1770107008,drf,none,861506819050224b,True,,0.625,0.625,0.625,0.19999999999999998,0.5,0.9414694894146949,0.9414694894146949,18,24,96,0,0,0
platform_mediation,homogeneous__moderate,homogeneous,moderate,1770107008,decomposed_cobb_douglas,COBB_DOUGLAS,861506819050224b,True,313.54736980573784,0.625,0.625,0.625,0.19999999999999998,0.5,0.9414694894146949,0.9414694894146949,18,24,96,0,0,0
platform_mediation,homogeneous__moderate,homogeneous,moderate,1770107008,joint_linear,LINEAR,861506819050224b,True,319.12000485105284,0.625,0.625,0.625,0.19999999999999998,0.5,0.9414694894146949,0.9414694894146949,18,24,96,0,0,672
platform_mediation,homogeneous__moderate,homogeneous,moderate,1770107008,joint_cobb_douglas,COBB_DOUGLAS,861506819050224b,True,313.54736980573784,0.625,0.625,0.625,0.19999999999999998,0.5,0.9414694894146949,0.9414694894146949,18,24,96,0,0,694
platform_mediation,homogeneous__moderate,homogeneous,moderate,1770107008,joint_ces,CES,861506819050224b,True,316.70537683082364,0.625,0.625,0.625,0.19999999999999998,0.5,0.9414694894146949,0.9414694894146949,18,24,96,0,0,682
platform_mediation,homogeneous__moderate,homogeneous,moderate,1770107008,joint_leontief,LEONTIEF,861506819050224b,True,395.2872180114605,0.625,0.625,0.625,0.19999999999999998,0.5,0.9414694894146949,0.9414694894146949,18,24,96,0,0,690
platform_mediation,homogeneous__moderate,homogeneous,moderate,481068448,equal,none,9c2bb6bcbf764114,True,,0.75,0.75,0.75,0.4047619047619047,0.63125,0.9525948103792415,0.9525948103792415,12,25,95,0,0,0
platform_mediation,homogeneous__moderate,homogeneous,moderate,481068448,drf,none,9c2bb6bcbf764114,True,,0.75,0.75,0.75,0.4047619047619047,0.63125,0.9525948103792415,0.9525948103792415,12,25,95,0,0,0
platform_mediation,homogeneous__moderate,homogeneous,moderate,481068448,decomposed_cobb_douglas,COBB_DOUGLAS,9c2bb6bcbf764114,True,301.5234413740043,0.75,0.75,0.75,0.4047619047619047,0.63125,0.9525948103792415,0.9525948103792415,12,25,95,0,0,0
platform_mediation,homogeneous__moderate,homogeneous,moderate,481068448,joint_linear,LINEAR,9c2bb6bcbf764114,True,307.01363721992647,0.75,0.75,0.75,0.4047619047619047,0.6312500000000001,0.9525948103792415,0.9525948103792415,12,25,95,0,0,694
platform_mediation,homogeneous__moderate,homogeneous,moderate,481068448,joint_cobb_douglas,COBB_DOUGLAS,9c2bb6bcbf764114,True,301.5234413740043,0.75,0.75,0.75,0.4047619047619047,0.63125,0.9525948103792415,0.9525948103792415,12,25,95,0,0,675
platform_mediation,homogeneous__moderate,homogeneous,moderate,481068448,joint_ces,CES,9c2bb6bcbf764114,True,304.64902574885434,0.75,0.75,0.75,0.4047619047619047,0.6312500000000001,0.9525948103792415,0.9525948103792415,12,25,95,0,0,660
platform_mediation,homogeneous__moderate,homogeneous,moderate,481068448,joint_leontief,LEONTIEF,9c2bb6bcbf764114,True,382.99845168908837,0.75,0.75,0.75,0.4047619047619047,0.63125,0.9525948103792415,0.9525948103792415,12,25,95,0,0,673
platform_mediation,homogeneous__moderate,homogeneous,moderate,2176354845,equal,none,108721ffd9405a07,True,,0.625,0.625,0.625,0.0,0.46875,0.8832271762208068,0.8832271762208068,18,48,54,0,0,0
platform_mediation,homogeneous__moderate,homogeneous,moderate,2176354845,drf,none,108721ffd9405a07,True,,0.625,0.625,0.625,0.0,0.46875,0.8832271762208068,0.8838526912181303,18,48,54,0,0,0
platform_mediation,homogeneous__moderate,homogeneous,moderate,2176354845,decomposed_cobb_douglas,COBB_DOUGLAS,108721ffd9405a07,True,280.65364059163966,0.625,0.625,0.625,0.0,0.46875,0.8832271762208068,0.8832271762208068,18,48,54,0,0,0
platform_mediation,homogeneous__moderate,homogeneous,moderate,2176354845,joint_linear,LINEAR,108721ffd9405a07,True,286.1837467927073,0.625,0.625,0.625,0.0,0.46875,0.8832271762208068,0.8832271762208068,18,48,54,0,0,679
platform_mediation,homogeneous__moderate,homogeneous,moderate,2176354845,joint_cobb_douglas,COBB_DOUGLAS,108721ffd9405a07,True,280.6536405916397,0.625,0.625,0.625,0.0,0.46875,0.8832271762208068,0.8832271762208068,18,48,54,0,0,689
platform_mediation,homogeneous__moderate,homogeneous,moderate,2176354845,joint_ces,CES,108721ffd9405a07,True,283.89698700322674,0.625,0.625,0.625,0.0,0.46875,0.8832271762208068,0.8832271762208068,18,48,54,0,0,670
platform_mediation,homogeneous__moderate,homogeneous,moderate,2176354845,joint_leontief,LEONTIEF,108721ffd9405a07,True,359.3440451151207,0.625,0.625,0.625,0.0,0.46875,0.8832271762208068,0.8832271762208068,18,48,54,0,0,649
platform_mediation,homogeneous__moderate,homogeneous,moderate,1168357956,equal,none,f9a82c63645b2607,True,,0.8541666666666666,0.75,0.78125,0.05555555555555555,0.6067708333333333,0.9912638322655795,0.9912638322655795,7,39,89,0,0,0
platform_mediation,homogeneous__moderate,homogeneous,moderate,1168357956,drf,none,f9a82c63645b2607,True,,0.8541666666666666,0.75,0.78125,0.05555555555555555,0.6067708333333333,0.9912638322655795,0.9912638322655795,7,39,89,0,0,0
platform_mediation,homogeneous__moderate,homogeneous,moderate,1168357956,decomposed_cobb_douglas,COBB_DOUGLAS,f9a82c63645b2607,True,290.53102659231365,0.8541666666666666,0.75,0.78125,0.05555555555555555,0.6067708333333333,0.9912638322655795,0.9912638322655795,7,39,89,0,0,0
platform_mediation,homogeneous__moderate,homogeneous,moderate,1168357956,joint_linear,LINEAR,f9a82c63645b2607,True,296.06722399106735,0.8541666666666666,0.75,0.78125,0.05555555555555555,0.6067708333333331,0.9912638322655795,0.9912638322655795,7,39,89,0,0,670
platform_mediation,homogeneous__moderate,homogeneous,moderate,1168357956,joint_cobb_douglas,COBB_DOUGLAS,f9a82c63645b2607,True,290.53102659231365,0.8541666666666666,0.75,0.78125,0.05555555555555555,0.6067708333333333,0.9912638322655795,0.9912638322655795,7,39,89,0,0,763
platform_mediation,homogeneous__moderate,homogeneous,moderate,1168357956,joint_ces,CES,f9a82c63645b2607,True,293.6349806234722,0.8541666666666666,0.75,0.78125,0.05555555555555555,0.6067708333333331,0.9912638322655795,0.9912638322655795,7,39,89,0,0,744
platform_mediation,homogeneous__moderate,homogeneous,moderate,1168357956,joint_leontief,LEONTIEF,f9a82c63645b2607,True,372.6738769248739,0.8541666666666666,0.75,0.78125,0.05555555555555555,0.6067708333333331,0.9912638322655795,0.9912638322655795,7,39,89,0,0,737
platform_mediation,homogeneous__moderate,homogeneous,moderate,3085168434,equal,none,a4f0192599752f1e,True,,0.75,0.75,0.75,0.25,0.615625,0.9725141471301536,0.9725141471301536,12,36,96,0,0,0
platform_mediation,homogeneous__moderate,homogeneous,moderate,3085168434,drf,none,a4f0192599752f1e,True,,0.75,0.75,0.75,0.25,0.615625,0.9725141471301536,0.9725141471301536,12,36,96,0,0,0
platform_mediation,homogeneous__moderate,homogeneous,moderate,3085168434,decomposed_cobb_douglas,COBB_DOUGLAS,a4f0192599752f1e,True,315.0666691969925,0.75,0.75,0.75,0.25,0.615625,0.9725141471301536,0.9725141471301536,12,36,96,0,0,0
platform_mediation,homogeneous__moderate,homogeneous,moderate,3085168434,joint_linear,LINEAR,a4f0192599752f1e,True,320.3228361240776,0.75,0.75,0.75,0.25,0.615625,0.9725141471301536,0.9725141471301536,12,36,96,0,0,661
platform_mediation,homogeneous__moderate,homogeneous,moderate,3085168434,joint_cobb_douglas,COBB_DOUGLAS,a4f0192599752f1e,True,315.0666691969925,0.75,0.75,0.75,0.25,0.615625,0.9725141471301536,0.9725141471301536,12,36,96,0,0,645
platform_mediation,homogeneous__moderate,homogeneous,moderate,3085168434,joint_ces,CES,a4f0192599752f1e,True,318.0590502052735,0.75,0.75,0.75,0.25,0.615625,0.9725141471301536,0.9725141471301536,12,36,96,0,0,691
platform_mediation,homogeneous__moderate,homogeneous,moderate,3085168434,joint_leontief,LEONTIEF,a4f0192599752f1e,True,397.01709532844745,0.75,0.75,0.75,0.25,0.615625,0.9725141471301536,0.9725141471301536,12,36,96,0,0,689
platform_mediation,homogeneous__moderate,homogeneous,moderate,4227196790,equal,none,6d3e484e89bb7c39,True,,0.625,0.625,0.625,0.19999999999999998,0.48125,0.938527084601339,0.938527084601339,18,24,78,0,0,0
platform_mediation,homogeneous__moderate,homogeneous,moderate,4227196790,drf,none,6d3e484e89bb7c39,True,,0.625,0.625,0.625,0.19999999999999998,0.48125,0.938527084601339,0.938527084601339,18,24,78,0,0,0
platform_mediation,homogeneous__moderate,homogeneous,moderate,4227196790,decomposed_cobb_douglas,COBB_DOUGLAS,6d3e484e89bb7c39,True,289.6735970786474,0.625,0.625,0.625,0.19999999999999998,0.48125,0.938527084601339,0.938527084601339,18,24,78,0,0,0
platform_mediation,homogeneous__moderate,homogeneous,moderate,4227196790,joint_linear,LINEAR,6d3e484e89bb7c39,True,295.71802751038564,0.625,0.625,0.625,0.19999999999999998,0.48125,0.938527084601339,0.938527084601339,18,24,78,0,0,656
platform_mediation,homogeneous__moderate,homogeneous,moderate,4227196790,joint_cobb_douglas,COBB_DOUGLAS,6d3e484e89bb7c39,True,289.6735970786474,0.625,0.625,0.625,0.19999999999999998,0.48125,0.938527084601339,0.938527084601339,18,24,78,0,0,680
platform_mediation,homogeneous__moderate,homogeneous,moderate,4227196790,joint_ces,CES,6d3e484e89bb7c39,True,293.1354103952823,0.625,0.625,0.625,0.19999999999999998,0.48125,0.938527084601339,0.938527084601339,18,24,78,0,0,632
platform_mediation,homogeneous__moderate,homogeneous,moderate,4227196790,joint_leontief,LEONTIEF,6d3e484e89bb7c39,True,369.59389911789805,0.625,0.625,0.625,0.19999999999999998,0.48125,0.938527084601339,0.938527084601339,18,24,78,0,0,643
platform_mediation,homogeneous__moderate,homogeneous,moderate,1293301970,equal,none,21aa78796cff7d7c,True,,0.875,0.875,0.875,0.0,0.5875,0.9308176100628931,0.9308176100628931,6,36,84,0,0,0
platform_mediation,homogeneous__moderate,homogeneous,moderate,1293301970,drf,none,21aa78796cff7d7c,True,,0.875,0.875,0.875,0.0,0.5875,0.9308176100628931,0.9308176100628931,6,36,84,0,0,0
platform_mediation,homogeneous__moderate,homogeneous,moderate,1293301970,decomposed_cobb_douglas,COBB_DOUGLAS,21aa78796cff7d7c,True,277.66531830239785,0.875,0.875,0.875,0.0,0.5875,0.9308176100628931,0.9308176100628931,6,36,84,0,0,0
platform_mediation,homogeneous__moderate,homogeneous,moderate,1293301970,joint_linear,LINEAR,21aa78796cff7d7c,True,283.19053113406056,0.875,0.875,0.875,0.0,0.5875,0.9308176100628931,0.9308176100628931,6,36,84,0,0,714
platform_mediation,homogeneous__moderate,homogeneous,moderate,1293301970,joint_cobb_douglas,COBB_DOUGLAS,21aa78796cff7d7c,True,277.66531830239785,0.875,0.875,0.875,0.0,0.5875,0.9308176100628931,0.9308176100628931,6,36,84,0,0,708
platform_mediation,homogeneous__moderate,homogeneous,moderate,1293301970,joint_ces,CES,21aa78796cff7d7c,True,280.7126818853778,0.875,0.875,0.875,0.0,0.5875,0.9308176100628931,0.9308176100628931,6,36,84,0,0,666
platform_mediation,homogeneous__moderate,homogeneous,moderate,1293301970,joint_leontief,LEONTIEF,21aa78796cff7d7c,True,360.7407384031179,0.875,0.875,0.875,0.0,0.5875,0.9308176100628931,0.9308176100628931,6,36,84,0,0,662
platform_mediation,homogeneous__moderate,homogeneous,moderate,3296851696,equal,none,3005091d09ece186,True,,0.75,0.75,0.75,0.39999999999999997,0.5593750000000001,0.9180327868852459,0.9180327868852459,12,18,96,0,0,0
platform_mediation,homogeneous__moderate,homogeneous,moderate,3296851696,drf,none,3005091d09ece186,True,,0.75,0.75,0.75,0.39999999999999997,0.5593750000000001,0.9180327868852459,0.9184890656063618,12,18,96,0,0,0
platform_mediation,homogeneous__moderate,homogeneous,moderate,3296851696,decomposed_cobb_douglas,COBB_DOUGLAS,3005091d09ece186,True,300.5556794173258,0.75,0.75,0.75,0.39999999999999997,0.5593750000000001,0.9180327868852459,0.9180327868852459,12,18,96,0,0,0
platform_mediation,homogeneous__moderate,homogeneous,moderate,3296851696,joint_linear,LINEAR,3005091d09ece186,True,305.9797898885209,0.75,0.75,0.75,0.39999999999999997,0.5593750000000001,0.9180327868852459,0.9180327868852459,12,18,96,0,0,681
platform_mediation,homogeneous__moderate,homogeneous,moderate,3296851696,joint_cobb_douglas,COBB_DOUGLAS,3005091d09ece186,True,300.5556794173258,0.75,0.75,0.75,0.39999999999999997,0.5593750000000001,0.9180327868852459,0.9180327868852459,12,18,96,0,0,652
platform_mediation,homogeneous__moderate,homogeneous,moderate,3296851696,joint_ces,CES,3005091d09ece186,True,303.5769767105629,0.75,0.75,0.75,0.39999999999999997,0.5593750000000001,0.9180327868852459,0.9180327868852459,12,18,96,0,0,668
platform_mediation,homogeneous__moderate,homogeneous,moderate,3296851696,joint_leontief,LEONTIEF,3005091d09ece186,True,383.48116152072583,0.75,0.75,0.75,0.39999999999999997,0.5593750000000001,0.9180327868852459,0.9180327868852459,12,18,96,0,0,674
platform_mediation,homogeneous__moderate,homogeneous,moderate,1088484352,equal,none,ce838e15a6b1ea34,True,,0.625,0.625,0.625,0.16666666666666666,0.453125,0.89086859688196,0.89086859688196,18,30,66,0,0,0
platform_mediation,homogeneous__moderate,homogeneous,moderate,1088484352,drf,none,ce838e15a6b1ea34,True,,0.625,0.625,0.625,0.16666666666666666,0.453125,0.89086859688196,0.89086859688196,18,30,66,0,0,0
platform_mediation,homogeneous__moderate,homogeneous,moderate,1088484352,decomposed_cobb_douglas,COBB_DOUGLAS,ce838e15a6b1ea34,True,278.0202505207122,0.625,0.625,0.625,0.16666666666666666,0.453125,0.89086859688196,0.89086859688196,18,30,66,0,0,0
platform_mediation,homogeneous__moderate,homogeneous,moderate,1088484352,joint_linear,LINEAR,ce838e15a6b1ea34,True,284.17184470229245,0.625,0.625,0.625,0.16666666666666666,0.453125,0.89086859688196,0.89086859688196,18,30,66,0,0,649
platform_mediation,homogeneous__moderate,homogeneous,moderate,1088484352,joint_cobb_douglas,COBB_DOUGLAS,ce838e15a6b1ea34,True,278.0202505207122,0.625,0.625,0.625,0.16666666666666666,0.453125,0.89086859688196,0.89086859688196,18,30,66,0,0,692
platform_mediation,homogeneous__moderate,homogeneous,moderate,1088484352,joint_ces,CES,ce838e15a6b1ea34,True,281.5993061366128,0.625,0.625,0.625,0.16666666666666666,0.453125,0.89086859688196,0.89086859688196,18,30,66,0,0,654
platform_mediation,homogeneous__moderate,homogeneous,moderate,1088484352,joint_leontief,LEONTIEF,ce838e15a6b1ea34,True,356.3772055308098,0.625,0.625,0.625,0.16666666666666666,0.453125,0.89086859688196,0.89086859688196,18,30,66,0,0,668
platform_mediation,homogeneous__moderate,homogeneous,moderate,2154279995,equal,none,441bffd949d4b987,True,,0.75,0.75,0.75,0.0,0.5499999999999999,0.9405576012624934,0.9405576012624934,12,42,78,0,0,0
platform_mediation,homogeneous__moderate,homogeneous,moderate,2154279995,drf,none,441bffd949d4b987,True,,0.75,0.75,0.75,0.0,0.5499999999999999,0.9405576012624934,0.9410526315789474,12,42,78,0,0,0
platform_mediation,homogeneous__moderate,homogeneous,moderate,2154279995,decomposed_cobb_douglas,COBB_DOUGLAS,441bffd949d4b987,True,296.2333505768566,0.75,0.75,0.75,0.0,0.5499999999999999,0.9405576012624934,0.9405576012624934,12,42,78,0,0,0
platform_mediation,homogeneous__moderate,homogeneous,moderate,2154279995,joint_linear,LINEAR,441bffd949d4b987,True,301.44173616595737,0.75,0.75,0.75,0.0,0.5499999999999999,0.9405576012624934,0.9405576012624934,12,42,78,0,0,662
platform_mediation,homogeneous__moderate,homogeneous,moderate,2154279995,joint_cobb_douglas,COBB_DOUGLAS,441bffd949d4b987,True,296.2333505768566,0.75,0.75,0.75,0.0,0.5499999999999999,0.9405576012624934,0.9405576012624934,12,42,78,0,0,666
platform_mediation,homogeneous__moderate,homogeneous,moderate,2154279995,joint_ces,CES,441bffd949d4b987,True,299.11815974989,0.75,0.75,0.75,0.0,0.5499999999999999,0.9405576012624934,0.9405576012624934,12,42,78,0,0,687
platform_mediation,homogeneous__moderate,homogeneous,moderate,2154279995,joint_leontief,LEONTIEF,441bffd949d4b987,True,379.56601217567555,0.75,0.75,0.75,0.0,0.5499999999999999,0.9405576012624934,0.9405576012624934,12,42,78,0,0,724
platform_mediation,homogeneous__moderate,homogeneous,moderate,4019104010,equal,none,c181fa0479e3f812,True,,0.875,0.875,0.875,0.0,0.6187499999999999,0.9713574097135741,0.9713574097135741,6,48,78,0,0,0
platform_mediation,homogeneous__moderate,homogeneous,moderate,4019104010,drf,none,c181fa0479e3f812,True,,0.875,0.875,0.875,0.0,0.6187499999999999,0.9713574097135741,0.9719626168224299,6,48,78,0,0,0
platform_mediation,homogeneous__moderate,homogeneous,moderate,4019104010,decomposed_cobb_douglas,COBB_DOUGLAS,c181fa0479e3f812,True,285.4809545602192,0.875,0.875,0.875,0.0,0.6187499999999999,0.9713574097135741,0.9713574097135741,6,48,78,0,0,0
platform_mediation,homogeneous__moderate,homogeneous,moderate,4019104010,joint_linear,LINEAR,c181fa0479e3f812,True,290.79199448476925,0.875,0.875,0.875,0.0,0.6187499999999999,0.9713574097135741,0.9713574097135741,6,48,78,0,0,669
platform_mediation,homogeneous__moderate,homogeneous,moderate,4019104010,joint_cobb_douglas,COBB_DOUGLAS,c181fa0479e3f812,True,285.48095456021923,0.875,0.875,0.875,0.0,0.6187499999999999,0.9713574097135741,0.9713574097135741,6,48,78,0,0,671
platform_mediation,homogeneous__moderate,homogeneous,moderate,4019104010,joint_ces,CES,c181fa0479e3f812,True,288.43955718714767,0.875,0.875,0.875,0.0,0.6187499999999999,0.9713574097135741,0.9713574097135741,6,48,78,0,0,653
platform_mediation,homogeneous__moderate,homogeneous,moderate,4019104010,joint_leontief,LEONTIEF,c181fa0479e3f812,True,368.25764626659384,0.875,0.875,0.875,0.0,0.6187499999999999,0.9713574097135741,0.9713574097135741,6,48,78,0,0,669
platform_mediation,homogeneous__moderate,homogeneous,moderate,2733848623,equal,none,f1117aa2ac90c647,True,,0.875,0.875,0.875,0.0,0.6187499999999999,0.9713574097135741,0.9713574097135741,6,48,78,0,0,0
platform_mediation,homogeneous__moderate,homogeneous,moderate,2733848623,drf,none,f1117aa2ac90c647,True,,0.875,0.875,0.875,0.0,0.6187499999999999,0.9713574097135741,0.9719626168224299,6,48,78,0,0,0
platform_mediation,homogeneous__moderate,homogeneous,moderate,2733848623,decomposed_cobb_douglas,COBB_DOUGLAS,f1117aa2ac90c647,True,285.4809545602192,0.875,0.875,0.875,0.0,0.6187499999999999,0.9713574097135741,0.9713574097135741,6,48,78,0,0,0
platform_mediation,homogeneous__moderate,homogeneous,moderate,2733848623,joint_linear,LINEAR,f1117aa2ac90c647,True,290.79199448476925,0.875,0.875,0.875,0.0,0.6187499999999999,0.9713574097135741,0.9713574097135741,6,48,78,0,0,655
platform_mediation,homogeneous__moderate,homogeneous,moderate,2733848623,joint_cobb_douglas,COBB_DOUGLAS,f1117aa2ac90c647,True,285.48095456021923,0.875,0.875,0.875,0.0,0.6187499999999999,0.9713574097135741,0.9713574097135741,6,48,78,0,0,683
platform_mediation,homogeneous__moderate,homogeneous,moderate,2733848623,joint_ces,CES,f1117aa2ac90c647,True,288.43955718714767,0.875,0.875,0.875,0.0,0.6187499999999999,0.9713574097135741,0.9713574097135741,6,48,78,0,0,665
platform_mediation,homogeneous__moderate,homogeneous,moderate,2733848623,joint_leontief,LEONTIEF,f1117aa2ac90c647,True,368.25764626659384,0.875,0.875,0.875,0.0,0.6187499999999999,0.9713574097135741,0.9713574097135741,6,48,78,0,0,686
platform_mediation,homogeneous__moderate,homogeneous,moderate,3667168006,equal,none,ec7153039d5f9715,True,,0.625,0.625,0.625,0.13333333333333333,0.46249999999999997,0.9168162776780371,0.9168162776780371,18,26,94,0,0,0
platform_mediation,homogeneous__moderate,homogeneous,moderate,3667168006,drf,none,ec7153039d5f9715,True,,0.625,0.625,0.625,0.10000000000000002,0.45625,0.9030520646319569,0.9041342121030557,18,27,93,0,0,0
platform_mediation,homogeneous__moderate,homogeneous,moderate,3667168006,decomposed_cobb_douglas,COBB_DOUGLAS,ec7153039d5f9715,True,296.96784415084505,0.625,0.625,0.625,0.13333333333333333,0.46249999999999997,0.9168162776780371,0.9168162776780371,18,26,94,0,0,0
platform_mediation,homogeneous__moderate,homogeneous,moderate,3667168006,joint_linear,LINEAR,ec7153039d5f9715,True,302.4280658342655,0.625,0.625,0.625,0.13333333333333333,0.4625000000000001,0.9168162776780371,0.9168162776780371,18,26,94,0,0,648
platform_mediation,homogeneous__moderate,homogeneous,moderate,3667168006,joint_cobb_douglas,COBB_DOUGLAS,ec7153039d5f9715,True,296.967844150845,0.625,0.625,0.625,0.13333333333333333,0.46249999999999997,0.9168162776780371,0.9168162776780371,18,26,94,0,0,678
platform_mediation,homogeneous__moderate,homogeneous,moderate,3667168006,joint_ces,CES,ec7153039d5f9715,True,300.2613910292096,0.625,0.625,0.625,0.13333333333333333,0.4625000000000001,0.9168162776780371,0.9168162776780371,18,26,94,0,0,669
platform_mediation,homogeneous__moderate,homogeneous,moderate,3667168006,joint_leontief,LEONTIEF,ec7153039d5f9715,True,370.1309024187746,0.625,0.625,0.625,0.13333333333333333,0.4625000000000001,0.9168162776780371,0.9168162776780371,18,26,94,0,0,673
platform_mediation,homogeneous__moderate,homogeneous,moderate,1190166567,equal,none,9ba7863ff5c3af1f,True,,0.625,0.625,0.625,0.0,0.43124999999999997,0.8827203331020125,0.8827203331020125,18,24,66,0,0,0
platform_mediation,homogeneous__moderate,homogeneous,moderate,1190166567,drf,none,9ba7863ff5c3af1f,True,,0.625,0.625,0.625,0.0,0.43124999999999997,0.8827203331020125,0.8827203331020125,18,24,66,0,0,0
platform_mediation,homogeneous__moderate,homogeneous,moderate,1190166567,decomposed_cobb_douglas,COBB_DOUGLAS,9ba7863ff5c3af1f,True,277.1212522261859,0.625,0.625,0.625,0.0,0.43124999999999997,0.8827203331020125,0.8827203331020125,18,24,66,0,0,0
platform_mediation,homogeneous__moderate,homogeneous,moderate,1190166567,joint_linear,LINEAR,9ba7863ff5c3af1f,True,282.3669523097583,0.625,0.625,0.625,0.0,0.43124999999999997,0.8827203331020125,0.8827203331020125,18,24,66,0,0,636
platform_mediation,homogeneous__moderate,homogeneous,moderate,1190166567,joint_cobb_douglas,COBB_DOUGLAS,9ba7863ff5c3af1f,True,277.1212522261859,0.625,0.625,0.625,0.0,0.43124999999999997,0.8827203331020125,0.8827203331020125,18,24,66,0,0,668
platform_mediation,homogeneous__moderate,homogeneous,moderate,1190166567,joint_ces,CES,9ba7863ff5c3af1f,True,279.9687762086999,0.625,0.625,0.625,0.0,0.43124999999999997,0.8827203331020125,0.8827203331020125,18,24,66,0,0,661
platform_mediation,homogeneous__moderate,homogeneous,moderate,1190166567,joint_leontief,LEONTIEF,9ba7863ff5c3af1f,True,361.2874232649466,0.625,0.625,0.625,0.0,0.43124999999999997,0.8827203331020125,0.8827203331020125,18,24,66,0,0,679
platform_mediation,homogeneous__moderate,homogeneous,moderate,1536108371,equal,none,db60f47fa7997fd9,True,,0.75,0.75,0.75,0.3333333333333333,0.509375,0.9599474720945502,0.9599474720945502,12,12,78,0,0,0
platform_mediation,homogeneous__moderate,homogeneous,moderate,1536108371,drf,none,db60f47fa7997fd9,True,,0.75,0.75,0.75,0.3333333333333333,0.509375,0.9553512803676953,0.9572368421052632,12,12,78,0,0,0
platform_mediation,homogeneous__moderate,homogeneous,moderate,1536108371,decomposed_cobb_douglas,COBB_DOUGLAS,db60f47fa7997fd9,True,279.1628414916826,0.75,0.75,0.75,0.3333333333333333,0.509375,0.9599474720945502,0.9599474720945502,12,12,78,0,0,0
platform_mediation,homogeneous__moderate,homogeneous,moderate,1536108371,joint_linear,LINEAR,db60f47fa7997fd9,True,283.3567707791238,0.75,0.75,0.75,0.3333333333333333,0.509375,0.9599474720945502,0.9599474720945502,12,12,78,0,0,648
platform_mediation,homogeneous__moderate,homogeneous,moderate,1536108371,joint_cobb_douglas,COBB_DOUGLAS,db60f47fa7997fd9,True,279.1628414916826,0.75,0.75,0.75,0.3333333333333333,0.509375,0.9599474720945502,0.9599474720945502,12,12,78,0,0,652
platform_mediation,homogeneous__moderate,homogeneous,moderate,1536108371,joint_ces,CES,db60f47fa7997fd9,True,281.4086752499965,0.75,0.75,0.75,0.3333333333333333,0.509375,0.9599474720945502,0.9599474720945502,12,12,78,0,0,664
platform_mediation,homogeneous__moderate,homogeneous,moderate,1536108371,joint_leontief,LEONTIEF,db60f47fa7997fd9,True,364.8908005240039,0.75,0.75,0.75,0.3333333333333333,0.509375,0.9599474720945502,0.9599474720945502,12,12,78,0,0,660
platform_mediation,homogeneous__moderate,homogeneous,moderate,2629468352,equal,none,b27f41d3b81f6f3f,True,,0.625,0.625,0.625,0.0,0.45,0.9610983981693364,0.9610983981693364,18,36,60,0,0,0
platform_mediation,homogeneous__moderate,homogeneous,moderate,2629468352,drf,none,b27f41d3b81f6f3f,True,,0.625,0.625,0.625,0.0,0.45,0.9610983981693364,0.9625668449197861,18,36,60,0,0,0
platform_mediation,homogeneous__moderate,homogeneous,moderate,2629468352,decomposed_cobb_douglas,COBB_DOUGLAS,b27f41d3b81f6f3f,True,272.67186001073776,0.625,0.625,0.625,0.0,0.45,0.9610983981693364,0.9610983981693364,18,36,60,0,0,0
platform_mediation,homogeneous__moderate,homogeneous,moderate,2629468352,joint_linear,LINEAR,b27f41d3b81f6f3f,True,278.0821718858294,0.625,0.625,0.625,0.0,0.45,0.9610983981693364,0.9610983981693364,18,36,60,0,0,721
platform_mediation,homogeneous__moderate,homogeneous,moderate,2629468352,joint_cobb_douglas,COBB_DOUGLAS,b27f41d3b81f6f3f,True,272.67186001073776,0.625,0.625,0.625,0.0,0.45,0.9610983981693364,0.9610983981693364,18,36,60,0,0,870
platform_mediation,homogeneous__moderate,homogeneous,moderate,2629468352,joint_ces,CES,b27f41d3b81f6f3f,True,275.7131727556452,0.625,0.625,0.625,0.0,0.45,0.9610983981693364,0.9610983981693364,18,36,60,0,0,731
platform_mediation,homogeneous__moderate,homogeneous,moderate,2629468352,joint_leontief,LEONTIEF,b27f41d3b81f6f3f,True,354.6298647218423,0.625,0.625,0.625,0.0,0.45,0.9610983981693364,0.9610983981693364,18,36,60,0,0,660
platform_mediation,homogeneous__moderate,homogeneous,moderate,3427917549,equal,none,1a375ae5d5b6de49,True,,0.75,0.75,0.75,0.16666666666666666,0.56875,0.9481865284974094,0.9481865284974094,12,30,96,0,0,0
platform_mediation,homogeneous__moderate,homogeneous,moderate,3427917549,drf,none,1a375ae5d5b6de49,True,,0.75,0.75,0.75,0.16666666666666666,0.56875,0.9481865284974094,0.9486780715396579,12,30,96,0,0,0
platform_mediation,homogeneous__moderate,homogeneous,moderate,3427917549,decomposed_cobb_douglas,COBB_DOUGLAS,1a375ae5d5b6de49,True,300.99122004493825,0.75,0.75,0.75,0.16666666666666666,0.56875,0.9481865284974094,0.9481865284974094,12,30,96,0,0,0
platform_mediation,homogeneous__moderate,homogeneous,moderate,3427917549,joint_linear,LINEAR,1a375ae5d5b6de49,True,306.8038752668341,0.75,0.75,0.75,0.16666666666666666,0.56875,0.9481865284974094,0.9481865284974094,12,30,96,0,0,762
platform_mediation,homogeneous__moderate,homogeneous,moderate,3427917549,joint_cobb_douglas,COBB_DOUGLAS,1a375ae5d5b6de49,True,300.99122004493825,0.75,0.75,0.75,0.16666666666666666,0.56875,0.9481865284974094,0.9481865284974094,12,30,96,0,0,723
platform_mediation,homogeneous__moderate,homogeneous,moderate,3427917549,joint_ces,CES,1a375ae5d5b6de49,True,304.3663964793885,0.75,0.75,0.75,0.16666666666666666,0.56875,0.9481865284974094,0.9481865284974094,12,30,96,0,0,665
platform_mediation,homogeneous__moderate,homogeneous,moderate,3427917549,joint_leontief,LEONTIEF,1a375ae5d5b6de49,True,380.15161151911104,0.75,0.75,0.75,0.16666666666666666,0.56875,0.9481865284974094,0.9481865284974094,12,30,96,0,0,638
platform_mediation,homogeneous__moderate,homogeneous,moderate,1503132568,equal,none,686b3d2d9fb674ae,True,,0.875,0.875,0.875,0.0,0.5874999999999999,0.9308176100628931,0.9308176100628931,6,36,84,0,0,0
platform_mediation,homogeneous__moderate,homogeneous,moderate,1503132568,drf,none,686b3d2d9fb674ae,True,,0.875,0.875,0.875,0.0,0.5874999999999999,0.9308176100628931,0.9308176100628931,6,36,84,0,0,0
platform_mediation,homogeneous__moderate,homogeneous,moderate,1503132568,decomposed_cobb_douglas,COBB_DOUGLAS,686b3d2d9fb674ae,True,277.66531830239785,0.875,0.875,0.875,0.0,0.5874999999999999,0.9308176100628931,0.9308176100628931,6,36,84,0,0,0
platform_mediation,homogeneous__moderate,homogeneous,moderate,1503132568,joint_linear,LINEAR,686b3d2d9fb674ae,True,283.19053113406056,0.875,0.875,0.875,0.0,0.5874999999999999,0.9308176100628931,0.9308176100628931,6,36,84,0,0,683
platform_mediation,homogeneous__moderate,homogeneous,moderate,1503132568,joint_cobb_douglas,COBB_DOUGLAS,686b3d2d9fb674ae,True,277.66531830239785,0.875,0.875,0.875,0.0,0.5874999999999999,0.9308176100628931,0.9308176100628931,6,36,84,0,0,694
platform_mediation,homogeneous__moderate,homogeneous,moderate,1503132568,joint_ces,CES,686b3d2d9fb674ae,True,280.7126818853778,0.875,0.875,0.875,0.0,0.5874999999999999,0.9308176100628931,0.9308176100628931,6,36,84,0,0,715
platform_mediation,homogeneous__moderate,homogeneous,moderate,1503132568,joint_leontief,LEONTIEF,686b3d2d9fb674ae,True,360.7407384031179,0.875,0.875,0.875,0.0,0.5874999999999999,0.9308176100628931,0.9308176100628931,6,36,84,0,0,660
platform_mediation,homogeneous__moderate,homogeneous,moderate,565388350,equal,none,8fef14afdddf833a,True,,0.625,0.625,0.625,0.25,0.44687499999999997,0.9422452952628163,0.9422452952628163,18,18,72,0,0,0
platform_mediation,homogeneous__moderate,homogeneous,moderate,565388350,drf,none,8fef14afdddf833a,True,,0.625,0.625,0.625,0.25,0.44687499999999997,0.9422452952628163,0.9440832249674902,18,18,72,0,0,0
platform_mediation,homogeneous__moderate,homogeneous,moderate,565388350,decomposed_cobb_douglas,COBB_DOUGLAS,8fef14afdddf833a,True,283.2372574987717,0.625,0.625,0.625,0.25,0.44687499999999997,0.9422452952628163,0.9422452952628163,18,18,72,0,0,0
platform_mediation,homogeneous__moderate,homogeneous,moderate,565388350,joint_linear,LINEAR,8fef14afdddf833a,True,289.04051698140324,0.625,0.625,0.625,0.25,0.44687499999999997,0.9422452952628163,0.9422452952628163,18,18,72,0,0,683
platform_mediation,homogeneous__moderate,homogeneous,moderate,565388350,joint_cobb_douglas,COBB_DOUGLAS,8fef14afdddf833a,True,283.2372574987717,0.625,0.625,0.625,0.25,0.44687499999999997,0.9422452952628163,0.9422452952628163,18,18,72,0,0,659
platform_mediation,homogeneous__moderate,homogeneous,moderate,565388350,joint_ces,CES,8fef14afdddf833a,True,286.46124186721147,0.625,0.625,0.625,0.25,0.44687499999999997,0.9422452952628163,0.9422452952628163,18,18,72,0,0,691
platform_mediation,homogeneous__moderate,homogeneous,moderate,565388350,joint_leontief,LEONTIEF,8fef14afdddf833a,True,365.5836306406933,0.625,0.625,0.625,0.25,0.44687499999999997,0.9422452952628163,0.9422452952628163,18,18,72,0,0,734
platform_mediation,homogeneous__moderate,homogeneous,moderate,4042383399,equal,none,c6da6cd440892917,True,,0.75,0.75,0.75,0.25,0.509375,0.9250520471894518,0.9250520471894518,12,18,84,0,0,0
platform_mediation,homogeneous__moderate,homogeneous,moderate,4042383399,drf,none,c6da6cd440892917,True,,0.75,0.75,0.75,0.25,0.509375,0.9250520471894518,0.9250520471894518,12,18,84,0,0,0
platform_mediation,homogeneous__moderate,homogeneous,moderate,4042383399,decomposed_cobb_douglas,COBB_DOUGLAS,c6da6cd440892917,True,277.1212522261859,0.75,0.75,0.75,0.25,0.509375,0.9250520471894518,0.9250520471894518,12,18,84,0,0,0
platform_mediation,homogeneous__moderate,homogeneous,moderate,4042383399,joint_linear,LINEAR,c6da6cd440892917,True,282.3669523097583,0.75,0.75,0.75,0.25,0.509375,0.9250520471894518,0.9250520471894518,12,18,84,0,0,680
platform_mediation,homogeneous__moderate,homogeneous,moderate,4042383399,joint_cobb_douglas,COBB_DOUGLAS,c6da6cd440892917,True,277.1212522261859,0.75,0.75,0.75,0.25,0.509375,0.9250520471894518,0.9250520471894518,12,18,84,0,0,677
platform_mediation,homogeneous__moderate,homogeneous,moderate,4042383399,joint_ces,CES,c6da6cd440892917,True,279.9687762086999,0.75,0.75,0.75,0.25,0.509375,0.9250520471894518,0.9250520471894518,12,18,84,0,0,665
platform_mediation,homogeneous__moderate,homogeneous,moderate,4042383399,joint_leontief,LEONTIEF,c6da6cd440892917,True,361.2874232649466,0.75,0.75,0.75,0.25,0.509375,0.9250520471894518,0.9250520471894518,12,18,84,0,0,668
platform_mediation,homogeneous__moderate,homogeneous,moderate,1236575054,equal,none,1e146d07d95d8402,True,,0.75,0.75,0.75,0.42857142857142855,0.5875,0.948073701842546,0.948073701842546,12,24,78,0,0,0
platform_mediation,homogeneous__moderate,homogeneous,moderate,1236575054,drf,none,1e146d07d95d8402,True,,0.75,0.75,0.75,0.42857142857142855,0.5875,0.948073701842546,0.9491335941866965,12,24,78,0,0,0
platform_mediation,homogeneous__moderate,homogeneous,moderate,1236575054,decomposed_cobb_douglas,COBB_DOUGLAS,1e146d07d95d8402,True,291.7189567490082,0.75,0.75,0.75,0.42857142857142855,0.5875,0.948073701842546,0.948073701842546,12,24,78,0,0,0
platform_mediation,homogeneous__moderate,homogeneous,moderate,1236575054,joint_linear,LINEAR,1e146d07d95d8402,True,296.6735198146598,0.75,0.75,0.75,0.42857142857142855,0.5875,0.948073701842546,0.948073701842546,12,24,78,0,0,725
platform_mediation,homogeneous__moderate,homogeneous,moderate,1236575054,joint_cobb_douglas,COBB_DOUGLAS,1e146d07d95d8402,True,291.7189567490082,0.75,0.75,0.75,0.42857142857142855,0.5875,0.948073701842546,0.948073701842546,12,24,78,0,0,735
platform_mediation,homogeneous__moderate,homogeneous,moderate,1236575054,joint_ces,CES,1e146d07d95d8402,True,294.4463517757275,0.75,0.75,0.75,0.42857142857142855,0.5875,0.948073701842546,0.948073701842546,12,24,78,0,0,744
platform_mediation,homogeneous__moderate,homogeneous,moderate,1236575054,joint_leontief,LEONTIEF,1e146d07d95d8402,True,375.6451891143595,0.75,0.75,0.75,0.42857142857142855,0.5875,0.948073701842546,0.948073701842546,12,24,78,0,0,715
platform_mediation,homogeneous__moderate,homogeneous,moderate,1625749375,equal,none,fc1f3e3e387f48d4,True,,0.75,0.75,0.75,0.16666666666666666,0.5875,0.9342891278375149,0.9342891278375149,12,30,114,0,0,0
platform_mediation,homogeneous__moderate,homogeneous,moderate,1625749375,drf,none,fc1f3e3e387f48d4,True,,0.75,0.75,0.75,0.16666666666666666,0.5875,0.9342891278375149,0.9350338780390594,12,30,114,0,0,0
platform_mediation,homogeneous__moderate,homogeneous,moderate,1625749375,decomposed_cobb_douglas,COBB_DOUGLAS,fc1f3e3e387f48d4,True,317.9684035002612,0.75,0.75,0.75,0.16666666666666666,0.5875,0.9342891278375149,0.9342891278375149,12,30,114,0,0,0
platform_mediation,homogeneous__moderate,homogeneous,moderate,1625749375,joint_linear,LINEAR,fc1f3e3e387f48d4,True,323.6093676690441,0.75,0.75,0.75,0.16666666666666666,0.5875,0.9342891278375149,0.9342891278375149,12,30,114,0,0,667
platform_mediation,homogeneous__moderate,homogeneous,moderate,1625749375,joint_cobb_douglas,COBB_DOUGLAS,fc1f3e3e387f48d4,True,317.96840350026116,0.75,0.75,0.75,0.16666666666666666,0.5875,0.9342891278375149,0.9342891278375149,12,30,114,0,0,712
platform_mediation,homogeneous__moderate,homogeneous,moderate,1625749375,joint_ces,CES,fc1f3e3e387f48d4,True,321.24044573463,0.75,0.75,0.75,0.16666666666666666,0.5875,0.9342891278375149,0.9342891278375149,12,30,114,0,0,670
platform_mediation,homogeneous__moderate,homogeneous,moderate,1625749375,joint_leontief,LEONTIEF,fc1f3e3e387f48d4,True,397.78084892482485,0.75,0.75,0.75,0.16666666666666666,0.5875,0.9342891278375149,0.9342891278375149,12,30,114,0,0,727
platform_mediation,homogeneous__moderate,homogeneous,moderate,1391736266,equal,none,513392ccaf05ea48,True,,0.8541666666666666,0.75,0.78125,0.03333333333333333,0.6010416666666666,0.9889341875364007,0.9889341875364007,7,39,90,0,0,0
platform_mediation,homogeneous__moderate,homogeneous,moderate,1391736266,drf,none,513392ccaf05ea48,True,,0.8541666666666666,0.75,0.78125,0.03333333333333333,0.6010416666666666,0.9889341875364007,0.9889341875364007,7,39,90,0,0,0
platform_mediation,homogeneous__moderate,homogeneous,moderate,1391736266,decomposed_cobb_douglas,COBB_DOUGLAS,513392ccaf05ea48,True,290.53102659231365,0.8541666666666666,0.75,0.78125,0.03333333333333333,0.6010416666666666,0.9889341875364007,0.9889341875364007,7,39,90,0,0,0
platform_mediation,homogeneous__moderate,homogeneous,moderate,1391736266,joint_linear,LINEAR,513392ccaf05ea48,True,296.06722399106735,0.8541666666666666,0.75,0.78125,0.03333333333333333,0.6010416666666666,0.9889341875364007,0.9889341875364007,7,39,90,0,0,700
platform_mediation,homogeneous__moderate,homogeneous,moderate,1391736266,joint_cobb_douglas,COBB_DOUGLAS,513392ccaf05ea48,True,290.53102659231365,0.8541666666666666,0.75,0.78125,0.03333333333333333,0.6010416666666666,0.9889341875364007,0.9889341875364007,7,39,90,0,0,683
platform_mediation,homogeneous__moderate,homogeneous,moderate,1391736266,joint_ces,CES,513392ccaf05ea48,True,293.6349806234722,0.8541666666666666,0.75,0.78125,0.03333333333333333,0.6010416666666666,0.9889341875364007,0.9889341875364007,7,39,90,0,0,672
platform_mediation,homogeneous__moderate,homogeneous,moderate,1391736266,joint_leontief,LEONTIEF,513392ccaf05ea48,True,372.6738769248739,0.8541666666666666,0.75,0.78125,0.03333333333333333,0.6010416666666666,0.9889341875364007,0.9889341875364007,7,39,90,0,0,675
platform_mediation,homogeneous__moderate,homogeneous,moderate,2225399099,equal,none,2c12248179030266,True,,0.625,0.625,0.625,0.0,0.46875,0.8832271762208068,0.8832271762208068,18,48,54,0,0,0
platform_mediation,homogeneous__moderate,homogeneous,moderate,2225399099,drf,none,2c12248179030266,True,,0.625,0.625,0.625,0.0,0.46875,0.8832271762208068,0.8838526912181303,18,48,54,0,0,0
platform_mediation,homogeneous__moderate,homogeneous,moderate,2225399099,decomposed_cobb_douglas,COBB_DOUGLAS,2c12248179030266,True,280.65364059163966,0.625,0.625,0.625,0.0,0.46875,0.8832271762208068,0.8832271762208068,18,48,54,0,0,0
platform_mediation,homogeneous__moderate,homogeneous,moderate,2225399099,joint_linear,LINEAR,2c12248179030266,True,286.1837467927073,0.625,0.625,0.625,0.0,0.46875,0.8832271762208068,0.8832271762208068,18,48,54,0,0,674
platform_mediation,homogeneous__moderate,homogeneous,moderate,2225399099,joint_cobb_douglas,COBB_DOUGLAS,2c12248179030266,True,280.6536405916397,0.625,0.625,0.625,0.0,0.46875,0.8832271762208068,0.8832271762208068,18,48,54,0,0,688
platform_mediation,homogeneous__moderate,homogeneous,moderate,2225399099,joint_ces,CES,2c12248179030266,True,283.89698700322674,0.625,0.625,0.625,0.0,0.46875,0.8832271762208068,0.8832271762208068,18,48,54,0,0,686
platform_mediation,homogeneous__moderate,homogeneous,moderate,2225399099,joint_leontief,LEONTIEF,2c12248179030266,True,359.3440451151207,0.625,0.625,0.625,0.0,0.46875,0.8832271762208068,0.8832271762208068,18,48,54,0,0,670
platform_mediation,homogeneous__moderate,homogeneous,moderate,4198437468,equal,none,63e27c03361b7e43,True,,0.625,0.625,0.625,0.0,0.49374999999999997,0.9506953223767383,0.9506953223767383,18,36,78,0,0,0
platform_mediation,homogeneous__moderate,homogeneous,moderate,4198437468,drf,none,63e27c03361b7e43,True,,0.625,0.625,0.625,0.0,0.49374999999999997,0.9506953223767383,0.9518987341772152,18,36,78,0,0,0
platform_mediation,homogeneous__moderate,homogeneous,moderate,4198437468,decomposed_cobb_douglas,COBB_DOUGLAS,63e27c03361b7e43,True,310.8161028248321,0.625,0.625,0.625,0.0,0.49374999999999997,0.9506953223767383,0.9506953223767383,18,36,78,0,0,0
platform_mediation,homogeneous__moderate,homogeneous,moderate,4198437468,joint_linear,LINEAR,63e27c03361b7e43,True,315.8481738200214,0.625,0.625,0.625,0.0,0.49374999999999997,0.9506953223767383,0.9506953223767383,18,36,78,0,0,662
platform_mediation,homogeneous__moderate,homogeneous,moderate,4198437468,joint_cobb_douglas,COBB_DOUGLAS,63e27c03361b7e43,True,310.8161028248321,0.625,0.625,0.625,0.0,0.49374999999999997,0.9506953223767383,0.9506953223767383,18,36,78,0,0,668
platform_mediation,homogeneous__moderate,homogeneous,moderate,4198437468,joint_ces,CES,63e27c03361b7e43,True,313.61484765684463,0.625,0.625,0.625,0.0,0.49374999999999997,0.9506953223767383,0.9506953223767383,18,36,78,0,0,674
platform_mediation,homogeneous__moderate,homogeneous,moderate,4198437468,joint_leontief,LEONTIEF,63e27c03361b7e43,True,394.4757881133883,0.625,0.625,0.625,0.0,0.49374999999999997,0.9506953223767383,0.9506953223767383,18,36,78,0,0,657
platform_mediation,homogeneous__moderate,homogeneous,moderate,3409438349,equal,none,f577bf772eca53ab,True,,0.625,0.625,0.625,0.19999999999999998,0.4854166666666668,0.9644225506294472,0.9644225506294472,18,24,78,0,0,0
platform_mediation,homogeneous__moderate,homogeneous,moderate,3409438349,drf,none,f577bf772eca53ab,True,,0.625,0.625,0.625,0.19999999999999998,0.4854166666666668,0.9644225506294472,0.9644225506294472,18,24,78,0,0,0
platform_mediation,homogeneous__moderate,homogeneous,moderate,3409438349,decomposed_cobb_douglas,COBB_DOUGLAS,f577bf772eca53ab,True,295.2207803173734,0.625,0.625,0.625,0.19999999999999998,0.4854166666666668,0.9644225506294472,0.9644225506294472,18,24,78,0,0,0
platform_mediation,homogeneous__moderate,homogeneous,moderate,3409438349,joint_linear,LINEAR,f577bf772eca53ab,True,300.9602308191824,0.625,0.625,0.625,0.19999999999999998,0.48541666666666666,0.9644225506294472,0.9644225506294472,18,24,78,0,0,664
platform_mediation,homogeneous__moderate,homogeneous,moderate,3409438349,joint_cobb_douglas,COBB_DOUGLAS,f577bf772eca53ab,True,295.2207803173734,0.625,0.625,0.625,0.19999999999999998,0.4854166666666668,0.9644225506294472,0.9644225506294472,18,24,78,0,0,646
platform_mediation,homogeneous__moderate,homogeneous,moderate,3409438349,joint_ces,CES,f577bf772eca53ab,True,298.45683697254384,0.625,0.625,0.625,0.19999999999999998,0.4854166666666668,0.9644225506294472,0.9644225506294472,18,24,78,0,0,673
platform_mediation,homogeneous__moderate,homogeneous,moderate,3409438349,joint_leontief,LEONTIEF,f577bf772eca53ab,True,376.7332396886667,0.625,0.625,0.625,0.19999999999999998,0.4854166666666668,0.9644225506294472,0.9644225506294472,18,24,78,0,0,668
platform_mediation,homogeneous__moderate,homogeneous,moderate,2207558117,equal,none,1a272ad9f5eaa3aa,True,,0.7916666666666666,0.75,0.75,0.16666666666666666,0.6,0.9742388758782201,0.9742388758782201,10,42,80,0,0,0
platform_mediation,homogeneous__moderate,homogeneous,moderate,2207558117,drf,none,1a272ad9f5eaa3aa,True,,0.7916666666666666,0.75,0.75,0.16666666666666666,0.6,0.9742388758782201,0.9748096074985354,10,42,80,0,0,0
platform_mediation,homogeneous__moderate,homogeneous,moderate,2207558117,decomposed_cobb_douglas,COBB_DOUGLAS,1a272ad9f5eaa3aa,True,291.8180119084853,0.7916666666666666,0.75,0.75,0.16666666666666666,0.6,0.9742388758782201,0.9742388758782201,10,42,80,0,0,0
platform_mediation,homogeneous__moderate,homogeneous,moderate,2207558117,joint_linear,LINEAR,1a272ad9f5eaa3aa,True,297.358794480116,0.7916666666666666,0.75,0.75,0.16666666666666666,0.6,0.9742388758782201,0.9742388758782201,10,42,80,0,0,667
platform_mediation,homogeneous__moderate,homogeneous,moderate,2207558117,joint_cobb_douglas,COBB_DOUGLAS,1a272ad9f5eaa3aa,True,291.8180119084853,0.7916666666666666,0.75,0.75,0.16666666666666666,0.6,0.9742388758782201,0.9742388758782201,10,42,80,0,0,705
platform_mediation,homogeneous__moderate,homogeneous,moderate,2207558117,joint_ces,CES,1a272ad9f5eaa3aa,True,295.01032989142976,0.7916666666666666,0.75,0.75,0.16666666666666666,0.6,0.9742388758782201,0.9742388758782201,10,42,80,0,0,678
platform_mediation,homogeneous__moderate,homogeneous,moderate,2207558117,joint_leontief,LEONTIEF,1a272ad9f5eaa3aa,True,372.1173878021177,0.7916666666666666,0.75,0.75,0.16666666666666666,0.6,0.9742388758782201,0.9742388758782201,10,42,80,0,0,716
platform_mediation,homogeneous__moderate,homogeneous,moderate,2733819775,equal,none,71de8782847a8b24,True,,0.75,0.75,0.75,0.14285714285714282,0.5812499999999999,0.98014440433213,0.98014440433213,12,36,102,0,0,0
platform_mediation,homogeneous__moderate,homogeneous,moderate,2733819775,drf,none,71de8782847a8b24,True,,0.75,0.75,0.75,0.14285714285714282,0.5812499999999999,0.98014440433213,0.98014440433213,12,36,102,0,0,0
platform_mediation,homogeneous__moderate,homogeneous,moderate,2733819775,decomposed_cobb_douglas,COBB_DOUGLAS,71de8782847a8b24,True,310.72599674767525,0.75,0.75,0.75,0.14285714285714282,0.5812499999999999,0.98014440433213,0.98014440433213,12,36,102,0,0,0
platform_mediation,homogeneous__moderate,homogeneous,moderate,2733819775,joint_linear,LINEAR,71de8782847a8b24,True,316.32198108908995,0.75,0.75,0.75,0.14285714285714282,0.5812499999999999,0.98014440433213,0.98014440433213,12,36,102,0,0,713
platform_mediation,homogeneous__moderate,homogeneous,moderate,2733819775,joint_cobb_douglas,COBB_DOUGLAS,71de8782847a8b24,True,310.72599674767525,0.75,0.75,0.75,0.14285714285714282,0.5812499999999999,0.98014440433213,0.98014440433213,12,36,102,0,0,662
platform_mediation,homogeneous__moderate,homogeneous,moderate,2733819775,joint_ces,CES,71de8782847a8b24,True,314.0129642250896,0.75,0.75,0.75,0.14285714285714282,0.5812499999999999,0.98014440433213,0.98014440433213,12,36,102,0,0,671
platform_mediation,homogeneous__moderate,homogeneous,moderate,2733819775,joint_leontief,LEONTIEF,71de8782847a8b24,True,389.3126349233054,0.75,0.75,0.75,0.14285714285714282,0.5812499999999999,0.98014440433213,0.98014440433213,12,36,102,0,0,688
platform_mediation,homogeneous__moderate,homogeneous,moderate,1841519899,equal,none,701d463d82fa4c29,True,,0.75,0.75,0.75,0.4444444444444445,0.5760416666666667,0.9447659126775382,0.9447659126775382,12,20,88,0,0,0
platform_mediation,homogeneous__moderate,homogeneous,moderate,1841519899,drf,none,701d463d82fa4c29,True,,0.75,0.75,0.75,0.4444444444444445,0.5760416666666667,0.9447659126775382,0.9452631578947368,12,20,88,0,0,0
platform_mediation,homogeneous__moderate,homogeneous,moderate,1841519899,decomposed_cobb_douglas,COBB_DOUGLAS,701d463d82fa4c29,True,296.2333505768566,0.75,0.75,0.75,0.4444444444444445,0.5760416666666667,0.9447659126775382,0.9447659126775382,12,20,88,0,0,0
platform_mediation,homogeneous__moderate,homogeneous,moderate,1841519899,joint_linear,LINEAR,701d463d82fa4c29,True,301.44173616595737,0.75,0.75,0.75,0.4444444444444444,0.5760416666666667,0.9447659126775382,0.9447659126775382,12,20,88,0,0,633
platform_mediation,homogeneous__moderate,homogeneous,moderate,1841519899,joint_cobb_douglas,COBB_DOUGLAS,701d463d82fa4c29,True,296.2333505768566,0.75,0.75,0.75,0.4444444444444444,0.5760416666666667,0.9447659126775382,0.9447659126775382,12,20,88,0,0,672
platform_mediation,homogeneous__moderate,homogeneous,moderate,1841519899,joint_ces,CES,701d463d82fa4c29,True,299.11815974989,0.75,0.75,0.75,0.4444444444444444,0.5760416666666667,0.9447659126775382,0.9447659126775382,12,20,88,0,0,666
platform_mediation,homogeneous__moderate,homogeneous,moderate,1841519899,joint_leontief,LEONTIEF,701d463d82fa4c29,True,379.56601217567555,0.75,0.75,0.75,0.4444444444444444,0.5760416666666667,0.9447659126775382,0.9447659126775382,12,20,88,0,0,649
platform_mediation,homogeneous__moderate,homogeneous,moderate,1083949505,equal,none,942895db50a81056,True,,0.75,0.75,0.75,0.0,0.5375,0.9194891726818434,0.9194891726818434,12,36,72,0,0,0
platform_mediation,homogeneous__moderate,homogeneous,moderate,1083949505,drf,none,942895db50a81056,True,,0.75,0.75,0.75,0.0,0.5375,0.9194891726818434,0.9194891726818434,12,36,72,0,0,0
platform_mediation,homogeneous__moderate,homogeneous,moderate,1083949505,decomposed_cobb_douglas,COBB_DOUGLAS,942895db50a81056,True,291.180539268381,0.75,0.75,0.75,0.0,0.5375,0.9194891726818434,0.9194891726818434,12,36,72,0,0,0
platform_mediation,homogeneous__moderate,homogeneous,moderate,1083949505,joint_linear,LINEAR,942895db50a81056,True,295.9098535902739,0.75,0.75,0.75,0.0,0.5375,0.9194891726818434,0.9194891726818434,12,36,72,0,0,662
platform_mediation,homogeneous__moderate,homogeneous,moderate,1083949505,joint_cobb_douglas,COBB_DOUGLAS,942895db50a81056,True,291.180539268381,0.75,0.75,0.75,0.0,0.5375,0.9194891726818434,0.9194891726818434,12,36,72,0,0,672
platform_mediation,homogeneous__moderate,homogeneous,moderate,1083949505,joint_ces,CES,942895db50a81056,True,293.7396867739851,0.75,0.75,0.75,0.0,0.5375,0.9194891726818434,0.9194891726818434,12,36,72,0,0,667
platform_mediation,homogeneous__moderate,homogeneous,moderate,1083949505,joint_leontief,LEONTIEF,942895db50a81056,True,376.19116609766075,0.75,0.75,0.75,0.0,0.5375,0.9194891726818434,0.9194891726818434,12,36,72,0,0,716
platform_mediation,homogeneous__moderate,homogeneous,moderate,513693055,equal,none,7ca7cdcb15c18273,True,,0.625,0.625,0.625,0.0,0.45625,0.9024171888988362,0.9024171888988362,18,48,54,0,0,0
platform_mediation,homogeneous__moderate,homogeneous,moderate,513693055,drf,none,7ca7cdcb15c18273,True,,0.625,0.625,0.625,0.0,0.45625,0.9024171888988362,0.9040358744394619,18,48,54,0,0,0
platform_mediation,homogeneous__moderate,homogeneous,moderate,513693055,decomposed_cobb_douglas,COBB_DOUGLAS,7ca7cdcb15c18273,True,267.643729188018,0.625,0.625,0.625,0.0,0.45625,0.9024171888988362,0.9024171888988362,18,48,54,0,0,0
platform_mediation,homogeneous__moderate,homogeneous,moderate,513693055,joint_linear,LINEAR,7ca7cdcb15c18273,True,272.822842754042,0.625,0.625,0.625,0.0,0.45625,0.9024171888988362,0.9024171888988362,18,48,54,0,0,652
platform_mediation,homogeneous__moderate,homogeneous,moderate,513693055,joint_cobb_douglas,COBB_DOUGLAS,7ca7cdcb15c18273,True,267.643729188018,0.625,0.625,0.625,0.0,0.45625,0.9024171888988362,0.9024171888988362,18,48,54,0,0,666
platform_mediation,homogeneous__moderate,homogeneous,moderate,513693055,joint_ces,CES,7ca7cdcb15c18273,True,270.76884026462506,0.625,0.625,0.625,0.0,0.45625,0.9024171888988362,0.9024171888988362,18,48,54,0,0,693
platform_mediation,homogeneous__moderate,homogeneous,moderate,513693055,joint_leontief,LEONTIEF,7ca7cdcb15c18273,True,343.6366013725036,0.625,0.625,0.625,0.0,0.45625,0.9024171888988362,0.9024171888988362,18,48,54,0,0,641
platform_mediation,homogeneous__moderate,homogeneous,moderate,75149986,equal,none,36c36101e1e6679e,True,,0.75,0.75,0.75,0.0,0.525,0.9609490855165596,0.9609490855165596,12,24,96,0,0,0
platform_mediation,homogeneous__moderate,homogeneous,moderate,75149986,drf,none,36c36101e1e6679e,True,,0.75,0.75,0.75,0.0,0.525,0.9609490855165596,0.9609490855165596,12,24,96,0,0,0
platform_mediation,homogeneous__moderate,homogeneous,moderate,75149986,decomposed_cobb_douglas,COBB_DOUGLAS,36c36101e1e6679e,True,299.9247514989664,0.75,0.75,0.75,0.0,0.525,0.9609490855165596,0.9609490855165596,12,24,96,0,0,0
platform_mediation,homogeneous__moderate,homogeneous,moderate,75149986,joint_linear,LINEAR,36c36101e1e6679e,True,305.1893892129616,0.75,0.75,0.75,0.0,0.525,0.9609490855165596,0.9609490855165596,12,24,96,0,0,660
platform_mediation,homogeneous__moderate,homogeneous,moderate,75149986,joint_cobb_douglas,COBB_DOUGLAS,36c36101e1e6679e,True,299.9247514989664,0.75,0.75,0.75,0.0,0.525,0.9609490855165596,0.9609490855165596,12,24,96,0,0,661
platform_mediation,homogeneous__moderate,homogeneous,moderate,75149986,joint_ces,CES,36c36101e1e6679e,True,302.80833767638376,0.75,0.75,0.75,0.0,0.525,0.9609490855165596,0.9609490855165596,12,24,96,0,0,726
platform_mediation,homogeneous__moderate,homogeneous,moderate,75149986,joint_leontief,LEONTIEF,36c36101e1e6679e,True,383.9846843105354,0.75,0.75,0.75,0.0,0.525,0.9609490855165596,0.9609490855165596,12,24,96,0,0,688
platform_mediation,homogeneous__moderate,homogeneous,moderate,2827849802,equal,none,92bc08231057c43a,True,,0.625,0.625,0.625,0.0,0.4708333333333334,0.9216589861751152,0.9216589861751152,18,50,50,0,0,0
platform_mediation,homogeneous__moderate,homogeneous,moderate,2827849802,drf,none,92bc08231057c43a,True,,0.625,0.625,0.625,0.0,0.4708333333333334,0.9216589861751152,0.9216589861751152,18,50,50,0,0,0
platform_mediation,homogeneous__moderate,homogeneous,moderate,2827849802,decomposed_cobb_douglas,COBB_DOUGLAS,92bc08231057c43a,True,274.5221465163277,0.625,0.625,0.625,0.0,0.4708333333333334,0.9216589861751152,0.9216589861751152,18,50,50,0,0,0
platform_mediation,homogeneous__moderate,homogeneous,moderate,2827849802,joint_linear,LINEAR,92bc08231057c43a,True,279.8670079208095,0.625,0.625,0.625,0.0,0.4708333333333334,0.9216589861751152,0.9216589861751152,18,50,50,0,0,868
platform_mediation,homogeneous__moderate,homogeneous,moderate,2827849802,joint_cobb_douglas,COBB_DOUGLAS,92bc08231057c43a,True,274.5221465163277,0.625,0.625,0.625,0.0,0.4708333333333334,0.9216589861751152,0.9216589861751152,18,50,50,0,0,715
platform_mediation,homogeneous__moderate,homogeneous,moderate,2827849802,joint_ces,CES,92bc08231057c43a,True,277.6448993576121,0.625,0.625,0.625,0.0,0.4708333333333334,0.9216589861751152,0.9216589861751152,18,50,50,0,0,711
platform_mediation,homogeneous__moderate,homogeneous,moderate,2827849802,joint_leontief,LEONTIEF,92bc08231057c43a,True,354.0128995478788,0.625,0.625,0.625,0.0,0.4708333333333334,0.9216589861751152,0.9216589861751152,18,50,50,0,0,684
platform_mediation,homogeneous__moderate,homogeneous,moderate,1456081260,equal,none,0182acbddb7bac8e,True,,0.625,0.625,0.625,0.16666666666666666,0.453125,0.89086859688196,0.89086859688196,18,30,66,0,0,0
platform_mediation,homogeneous__moderate,homogeneous,moderate,1456081260,drf,none,0182acbddb7bac8e,True,,0.625,0.625,0.625,0.16666666666666666,0.453125,0.89086859688196,0.89086859688196,18,30,66,0,0,0
platform_mediation,homogeneous__moderate,homogeneous,moderate,1456081260,decomposed_cobb_douglas,COBB_DOUGLAS,0182acbddb7bac8e,True,278.0202505207122,0.625,0.625,0.625,0.16666666666666666,0.453125,0.89086859688196,0.89086859688196,18,30,66,0,0,0
platform_mediation,homogeneous__moderate,homogeneous,moderate,1456081260,joint_linear,LINEAR,0182acbddb7bac8e,True,284.17184470229245,0.625,0.625,0.625,0.16666666666666666,0.453125,0.89086859688196,0.89086859688196,18,30,66,0,0,708
platform_mediation,homogeneous__moderate,homogeneous,moderate,1456081260,joint_cobb_douglas,COBB_DOUGLAS,0182acbddb7bac8e,True,278.0202505207122,0.625,0.625,0.625,0.16666666666666666,0.453125,0.89086859688196,0.89086859688196,18,30,66,0,0,693
platform_mediation,homogeneous__moderate,homogeneous,moderate,1456081260,joint_ces,CES,0182acbddb7bac8e,True,281.5993061366128,0.625,0.625,0.625,0.16666666666666666,0.453125,0.89086859688196,0.89086859688196,18,30,66,0,0,718
platform_mediation,homogeneous__moderate,homogeneous,moderate,1456081260,joint_leontief,LEONTIEF,0182acbddb7bac8e,True,356.3772055308098,0.625,0.625,0.625,0.16666666666666666,0.453125,0.89086859688196,0.89086859688196,18,30,66,0,0,701
platform_mediation,homogeneous__moderate,homogeneous,moderate,3702304786,equal,none,3e0b8d10eb43c458,True,,0.75,0.75,0.75,0.10000000000000002,0.53125,0.9345686160972785,0.9345686160972785,12,27,87,0,0,0
platform_mediation,homogeneous__moderate,homogeneous,moderate,3702304786,drf,none,3e0b8d10eb43c458,True,,0.75,0.75,0.75,0.10000000000000002,0.53125,0.9345686160972785,0.9345686160972785,12,27,87,0,0,0
platform_mediation,homogeneous__moderate,homogeneous,moderate,3702304786,decomposed_cobb_douglas,COBB_DOUGLAS,3e0b8d10eb43c458,True,289.7239246896669,0.75,0.75,0.75,0.10000000000000002,0.53125,0.9345686160972785,0.9345686160972785,12,27,87,0,0,0
platform_mediation,homogeneous__moderate,homogeneous,moderate,3702304786,joint_linear,LINEAR,3e0b8d10eb43c458,True,295.0980229150073,0.75,0.75,0.75,0.10000000000000002,0.53125,0.9345686160972785,0.9345686160972785,12,27,87,0,0,706
platform_mediation,homogeneous__moderate,homogeneous,moderate,3702304786,joint_cobb_douglas,COBB_DOUGLAS,3e0b8d10eb43c458,True,289.7239246896669,0.75,0.75,0.75,0.10000000000000002,0.53125,0.9345686160972785,0.9345686160972785,12,27,87,0,0,681
platform_mediation,homogeneous__moderate,homogeneous,moderate,3702304786,joint_ces,CES,3e0b8d10eb43c458,True,292.67587019726955,0.75,0.75,0.75,0.10000000000000002,0.53125,0.9345686160972785,0.9345686160972785,12,27,87,0,0,709
platform_mediation,homogeneous__moderate,homogeneous,moderate,3702304786,joint_leontief,LEONTIEF,3e0b8d10eb43c458,True,373.21562500006866,0.75,0.75,0.75,0.10000000000000002,0.53125,0.9345686160972785,0.9345686160972785,12,27,87,0,0,730
platform_mediation,homogeneous__moderate,homogeneous,moderate,1937087096,equal,none,c16f40d6bcd764d3,True,,0.75,0.75,0.75,0.11111111111111112,0.5812499999999999,0.9676280164802825,0.9676280164802825,12,48,78,0,0,0
platform_mediation,homogeneous__moderate,homogeneous,moderate,1937087096,drf,none,c16f40d6bcd764d3,True,,0.75,0.75,0.75,0.11111111111111112,0.5812499999999999,0.9676280164802825,0.9681978798586572,12,48,78,0,0,0
platform_mediation,homogeneous__moderate,homogeneous,moderate,1937087096,decomposed_cobb_douglas,COBB_DOUGLAS,c16f40d6bcd764d3,True,293.674749142204,0.75,0.75,0.75,0.11111111111111112,0.5812499999999999,0.9676280164802825,0.9676280164802825,12,48,78,0,0,0
platform_mediation,homogeneous__moderate,homogeneous,moderate,1937087096,joint_linear,LINEAR,c16f40d6bcd764d3,True,298.92935240483376,0.75,0.75,0.75,0.11111111111111112,0.5812499999999999,0.9676280164802825,0.9676280164802825,12,48,78,0,0,735
platform_mediation,homogeneous__moderate,homogeneous,moderate,1937087096,joint_cobb_douglas,COBB_DOUGLAS,c16f40d6bcd764d3,True,293.67474914220406,0.75,0.75,0.75,0.11111111111111112,0.5812499999999999,0.9676280164802825,0.9676280164802825,12,48,78,0,0,722
platform_mediation,homogeneous__moderate,homogeneous,moderate,1937087096,joint_ces,CES,c16f40d6bcd764d3,True,296.80293178890025,0.75,0.75,0.75,0.11111111111111112,0.5812499999999999,0.9676280164802825,0.9676280164802825,12,48,78,0,0,665
platform_mediation,homogeneous__moderate,homogeneous,moderate,1937087096,joint_leontief,LEONTIEF,c16f40d6bcd764d3,True,371.50344891298624,0.75,0.75,0.75,0.11111111111111112,0.5812499999999999,0.9676280164802825,0.9676280164802825,12,48,78,0,0,705
platform_mediation,homogeneous__moderate,homogeneous,moderate,809929051,equal,none,6512501fd5921463,True,,0.75,0.75,0.75,0.19999999999999998,0.515625,0.9209932279909706,0.9209932279909706,12,24,72,0,0,0
platform_mediation,homogeneous__moderate,homogeneous,moderate,809929051,drf,none,6512501fd5921463,True,,0.75,0.75,0.75,0.19999999999999998,0.515625,0.9209932279909706,0.9230769230769231,12,24,72,0,0,0
platform_mediation,homogeneous__moderate,homogeneous,moderate,809929051,decomposed_cobb_douglas,COBB_DOUGLAS,6512501fd5921463,True,271.1242957884908,0.75,0.75,0.75,0.19999999999999998,0.515625,0.9209932279909706,0.9209932279909706,12,24,72,0,0,0
platform_mediation,homogeneous__moderate,homogeneous,moderate,809929051,joint_linear,LINEAR,6512501fd5921463,True,275.99751834040103,0.75,0.75,0.75,0.19999999999999998,0.515625,0.9209932279909706,0.9209932279909706,12,24,72,0,0,675
platform_mediation,homogeneous__moderate,homogeneous,moderate,809929051,joint_cobb_douglas,COBB_DOUGLAS,6512501fd5921463,True,271.1242957884909,0.75,0.75,0.75,0.19999999999999998,0.515625,0.9209932279909706,0.9209932279909706,12,24,72,0,0,695
platform_mediation,homogeneous__moderate,homogeneous,moderate,809929051,joint_ces,CES,6512501fd5921463,True,273.7519826513668,0.75,0.75,0.75,0.19999999999999998,0.515625,0.9209932279909706,0.9209932279909706,12,24,72,0,0,682
platform_mediation,homogeneous__moderate,homogeneous,moderate,809929051,joint_leontief,LEONTIEF,6512501fd5921463,True,355.96731176771993,0.75,0.75,0.75,0.19999999999999998,0.515625,0.9209932279909706,0.9209932279909706,12,24,72,0,0,677
platform_mediation,homogeneous__moderate,homogeneous,moderate,3217985047,equal,none,c652ed6be25ce1a4,True,,0.625,0.625,0.625,0.023809523809523808,0.4791666666666667,0.9070918086860913,0.9070918086860913,18,41,67,0,0,0
platform_mediation,homogeneous__moderate,homogeneous,moderate,3217985047,drf,none,c652ed6be25ce1a4,True,,0.625,0.625,0.625,0.023809523809523808,0.4791666666666667,0.9070918086860913,0.9080902586681343,18,41,67,0,0,0
platform_mediation,homogeneous__moderate,homogeneous,moderate,3217985047,decomposed_cobb_douglas,COBB_DOUGLAS,c652ed6be25ce1a4,True,296.55113808135457,0.625,0.625,0.625,0.023809523809523808,0.4791666666666667,0.9070918086860913,0.9070918086860913,18,41,67,0,0,0
platform_mediation,homogeneous__moderate,homogeneous,moderate,3217985047,joint_linear,LINEAR,c652ed6be25ce1a4,True,302.25267107168,0.625,0.625,0.625,0.023809523809523808,0.4791666666666667,0.9070918086860913,0.9070918086860913,18,41,67,0,0,679
platform_mediation,homogeneous__moderate,homogeneous,moderate,3217985047,joint_cobb_douglas,COBB_DOUGLAS,c652ed6be25ce1a4,True,296.55113808135457,0.625,0.625,0.625,0.023809523809523808,0.4791666666666667,0.9070918086860913,0.9070918086860913,18,41,67,0,0,727
platform_mediation,homogeneous__moderate,homogeneous,moderate,3217985047,joint_ces,CES,c652ed6be25ce1a4,True,299.8491656661476,0.625,0.625,0.625,0.023809523809523808,0.4791666666666667,0.9070918086860913,0.9070918086860913,18,41,67,0,0,660
platform_mediation,homogeneous__moderate,homogeneous,moderate,3217985047,joint_leontief,LEONTIEF,c652ed6be25ce1a4,True,376.2269112379408,0.625,0.625,0.625,0.023809523809523808,0.4791666666666667,0.9070918086860913,0.9070918086860913,18,41,67,0,0,711
platform_mediation,homogeneous__moderate,homogeneous,moderate,3871514963,equal,none,a06f5804cbc9c245,True,,0.8541666666666666,0.75,0.78125,0.03333333333333333,0.6010416666666666,0.9889341875364007,0.9889341875364007,7,39,90,0,0,0
platform_mediation,homogeneous__moderate,homogeneous,moderate,3871514963,drf,none,a06f5804cbc9c245,True,,0.8541666666666666,0.75,0.78125,0.03333333333333333,0.6010416666666666,0.9889341875364007,0.9889341875364007,7,39,90,0,0,0
platform_mediation,homogeneous__moderate,homogeneous,moderate,3871514963,decomposed_cobb_douglas,COBB_DOUGLAS,a06f5804cbc9c245,True,290.53102659231365,0.8541666666666666,0.75,0.78125,0.03333333333333333,0.6010416666666666,0.9889341875364007,0.9889341875364007,7,39,90,0,0,0
platform_mediation,homogeneous__moderate,homogeneous,moderate,3871514963,joint_linear,LINEAR,a06f5804cbc9c245,True,296.06722399106735,0.8541666666666666,0.75,0.78125,0.03333333333333333,0.6010416666666666,0.9889341875364007,0.9889341875364007,7,39,90,0,0,727
platform_mediation,homogeneous__moderate,homogeneous,moderate,3871514963,joint_cobb_douglas,COBB_DOUGLAS,a06f5804cbc9c245,True,290.53102659231365,0.8541666666666666,0.75,0.78125,0.03333333333333333,0.6010416666666666,0.9889341875364007,0.9889341875364007,7,39,90,0,0,690
platform_mediation,homogeneous__moderate,homogeneous,moderate,3871514963,joint_ces,CES,a06f5804cbc9c245,True,293.6349806234722,0.8541666666666666,0.75,0.78125,0.03333333333333333,0.6010416666666666,0.9889341875364007,0.9889341875364007,7,39,90,0,0,728
platform_mediation,homogeneous__moderate,homogeneous,moderate,3871514963,joint_leontief,LEONTIEF,a06f5804cbc9c245,True,372.6738769248739,0.8541666666666666,0.75,0.78125,0.03333333333333333,0.6010416666666666,0.9889341875364007,0.9889341875364007,7,39,90,0,0,685
platform_mediation,homogeneous__moderate,homogeneous,moderate,899681388,equal,none,e4614a442ba0b5b4,True,,0.875,0.875,0.875,0.0,0.6,0.9549902152641878,0.9549902152641878,6,42,90,0,0,0
platform_mediation,homogeneous__moderate,homogeneous,moderate,899681388,drf,none,e4614a442ba0b5b4,True,,0.875,0.875,0.875,0.0,0.6,0.9549902152641878,0.9562377531025473,6,42,90,0,0,0
platform_mediation,homogeneous__moderate,homogeneous,moderate,899681388,decomposed_cobb_douglas,COBB_DOUGLAS,e4614a442ba0b5b4,True,284.46567918060737,0.875,0.875,0.875,0.0,0.6,0.9549902152641878,0.9549902152641878,6,42,90,0,0,0
platform_mediation,homogeneous__moderate,homogeneous,moderate,899681388,joint_linear,LINEAR,e4614a442ba0b5b4,True,290.34078741032863,0.875,0.875,0.875,0.0,0.6,0.9549902152641878,0.9549902152641878,6,42,90,0,0,698
platform_mediation,homogeneous__moderate,homogeneous,moderate,899681388,joint_cobb_douglas,COBB_DOUGLAS,e4614a442ba0b5b4,True,284.4656791806074,0.875,0.875,0.875,0.0,0.6,0.9549902152641878,0.9549902152641878,6,42,90,0,0,687
platform_mediation,homogeneous__moderate,homogeneous,moderate,899681388,joint_ces,CES,e4614a442ba0b5b4,True,287.8126189392004,0.875,0.875,0.875,0.0,0.6,0.9549902152641878,0.9549902152641878,6,42,90,0,0,675
platform_mediation,homogeneous__moderate,homogeneous,moderate,899681388,joint_leontief,LEONTIEF,e4614a442ba0b5b4,True,364.97375339034573,0.875,0.875,0.875,0.0,0.6,0.9549902152641878,0.9549902152641878,6,42,90,0,0,671
platform_mediation,homogeneous__moderate,homogeneous,moderate,2732408319,equal,none,a42f306e430d159e,True,,0.6875,0.625,0.625,0.07142857142857142,0.49531250000000004,0.8973322554567502,0.8973322554567502,15,42,60,0,0,0
platform_mediation,homogeneous__moderate,homogeneous,moderate,2732408319,drf,none,a42f306e430d159e,True,,0.6875,0.625,0.625,0.07142857142857142,0.49531250000000004,0.8973322554567502,0.8980582524271845,15,42,60,0,0,0
platform_mediation,homogeneous__moderate,homogeneous,moderate,2732408319,decomposed_cobb_douglas,COBB_DOUGLAS,a42f306e430d159e,True,271.65949988592916,0.6875,0.625,0.625,0.07142857142857142,0.49531250000000004,0.8973322554567502,0.8973322554567502,15,42,60,0,0,0
platform_mediation,homogeneous__moderate,homogeneous,moderate,2732408319,joint_linear,LINEAR,a42f306e430d159e,True,277.6631047466463,0.6875,0.625,0.625,0.07142857142857142,0.49531250000000004,0.8973322554567502,0.8973322554567502,15,42,60,0,0,668
platform_mediation,homogeneous__moderate,homogeneous,moderate,2732408319,joint_cobb_douglas,COBB_DOUGLAS,a42f306e430d159e,True,271.6594998859292,0.6875,0.625,0.625,0.07142857142857142,0.49531250000000004,0.8973322554567502,0.8973322554567502,15,42,60,0,0,714
platform_mediation,homogeneous__moderate,homogeneous,moderate,2732408319,joint_ces,CES,a42f306e430d159e,True,275.1342680882146,0.6875,0.625,0.625,0.07142857142857142,0.49531250000000004,0.8973322554567502,0.8973322554567502,15,42,60,0,0,664
platform_mediation,homogeneous__moderate,homogeneous,moderate,2732408319,joint_leontief,LEONTIEF,a42f306e430d159e,True,350.6458964237295,0.6875,0.625,0.625,0.07142857142857142,0.49531250000000004,0.8973322554567502,0.8973322554567502,15,42,60,0,0,674
platform_mediation,homogeneous__moderate,homogeneous,moderate,1259699040,equal,none,5027841b6311b697,True,,0.625,0.625,0.625,0.0,0.4708333333333334,0.9216589861751152,0.9216589861751152,18,50,50,0,0,0
platform_mediation,homogeneous__moderate,homogeneous,moderate,1259699040,drf,none,5027841b6311b697,True,,0.625,0.625,0.625,0.0,0.4708333333333334,0.9216589861751152,0.9216589861751152,18,50,50,0,0,0
platform_mediation,homogeneous__moderate,homogeneous,moderate,1259699040,decomposed_cobb_douglas,COBB_DOUGLAS,5027841b6311b697,True,274.5221465163277,0.625,0.625,0.625,0.0,0.4708333333333334,0.9216589861751152,0.9216589861751152,18,50,50,0,0,0
platform_mediation,homogeneous__moderate,homogeneous,moderate,1259699040,joint_linear,LINEAR,5027841b6311b697,True,279.8670079208095,0.625,0.625,0.625,0.0,0.4708333333333334,0.9216589861751152,0.9216589861751152,18,50,50,0,0,695
platform_mediation,homogeneous__moderate,homogeneous,moderate,1259699040,joint_cobb_douglas,COBB_DOUGLAS,5027841b6311b697,True,274.5221465163277,0.625,0.625,0.625,0.0,0.4708333333333334,0.9216589861751152,0.9216589861751152,18,50,50,0,0,665
platform_mediation,homogeneous__moderate,homogeneous,moderate,1259699040,joint_ces,CES,5027841b6311b697,True,277.6448993576121,0.625,0.625,0.625,0.0,0.4708333333333334,0.9216589861751152,0.9216589861751152,18,50,50,0,0,666
platform_mediation,homogeneous__moderate,homogeneous,moderate,1259699040,joint_leontief,LEONTIEF,5027841b6311b697,True,354.0128995478788,0.625,0.625,0.625,0.0,0.4708333333333334,0.9216589861751152,0.9216589861751152,18,50,50,0,0,690
platform_mediation,homogeneous__moderate,homogeneous,moderate,4050004553,equal,none,debc9ae86e377fb5,True,,0.75,0.75,0.75,0.125,0.5656249999999999,0.9505208333333334,0.9505208333333334,12,42,90,0,0,0
platform_mediation,homogeneous__moderate,homogeneous,moderate,4050004553,drf,none,debc9ae86e377fb5,True,,0.75,0.75,0.75,0.125,0.5656249999999999,0.9505208333333334,0.9505208333333334,12,42,90,0,0,0
platform_mediation,homogeneous__moderate,homogeneous,moderate,4050004553,decomposed_cobb_douglas,COBB_DOUGLAS,debc9ae86e377fb5,True,302.75011322073794,0.75,0.75,0.75,0.125,0.5656249999999999,0.9505208333333334,0.9505208333333334,12,42,90,0,0,0
platform_mediation,homogeneous__moderate,homogeneous,moderate,4050004553,joint_linear,LINEAR,debc9ae86e377fb5,True,308.17655888763124,0.75,0.75,0.75,0.125,0.5656249999999999,0.9505208333333334,0.9505208333333334,12,42,90,0,0,682
platform_mediation,homogeneous__moderate,homogeneous,moderate,4050004553,joint_cobb_douglas,COBB_DOUGLAS,debc9ae86e377fb5,True,302.750113220738,0.75,0.75,0.75,0.125,0.5656249999999999,0.9505208333333334,0.9505208333333334,12,42,90,0,0,664
platform_mediation,homogeneous__moderate,homogeneous,moderate,4050004553,joint_ces,CES,debc9ae86e377fb5,True,305.9904304096004,0.75,0.75,0.75,0.125,0.5656249999999999,0.9505208333333334,0.9505208333333334,12,42,90,0,0,672
platform_mediation,homogeneous__moderate,homogeneous,moderate,4050004553,joint_leontief,LEONTIEF,debc9ae86e377fb5,True,379.619477690544,0.75,0.75,0.75,0.125,0.5656249999999999,0.9505208333333334,0.9505208333333334,12,42,90,0,0,696
platform_mediation,homogeneous__moderate,homogeneous,moderate,1419702139,equal,none,16a40cb170a82a90,True,,0.5,0.5,0.5,0.0,0.38749999999999996,0.9889064976228209,0.9889064976228209,24,24,72,0,0,0
platform_mediation,homogeneous__moderate,homogeneous,moderate,1419702139,drf,none,16a40cb170a82a90,True,,0.5,0.5,0.5,0.0,0.38749999999999996,0.9889064976228209,0.9899524061343205,24,24,72,0,0,0
platform_mediation,homogeneous__moderate,homogeneous,moderate,1419702139,decomposed_cobb_douglas,COBB_DOUGLAS,16a40cb170a82a90,True,297.2168023434067,0.5,0.5,0.5,0.0,0.38749999999999996,0.9889064976228209,0.9889064976228209,24,24,72,0,0,0
platform_mediation,homogeneous__moderate,homogeneous,moderate,1419702139,joint_linear,LINEAR,16a40cb170a82a90,True,302.54140646849817,0.5,0.5,0.5,0.0,0.38749999999999996,0.9889064976228209,0.9889064976228209,24,24,72,0,0,718
platform_mediation,homogeneous__moderate,homogeneous,moderate,1419702139,joint_cobb_douglas,COBB_DOUGLAS,16a40cb170a82a90,True,297.21680234340664,0.5,0.5,0.5,0.0,0.38749999999999996,0.9889064976228209,0.9889064976228209,24,24,72,0,0,657
platform_mediation,homogeneous__moderate,homogeneous,moderate,1419702139,joint_ces,CES,16a40cb170a82a90,True,300.23367661522434,0.5,0.5,0.5,0.0,0.38749999999999996,0.9889064976228209,0.9889064976228209,24,24,72,0,0,726
platform_mediation,homogeneous__moderate,homogeneous,moderate,1419702139,joint_leontief,LEONTIEF,16a40cb170a82a90,True,379.19836073895317,0.5,0.5,0.5,0.0,0.38749999999999996,0.9889064976228209,0.9889064976228209,24,24,72,0,0,726
platform_mediation,homogeneous__moderate,homogeneous,moderate,2661203039,equal,none,d1c7df2c1e5bce8a,True,,0.7916666666666666,0.75,0.75,0.08333333333333333,0.6041666666666666,0.98989898989899,0.98989898989899,10,48,72,0,0,0
platform_mediation,homogeneous__moderate,homogeneous,moderate,2661203039,drf,none,d1c7df2c1e5bce8a,True,,0.7916666666666666,0.75,0.75,0.08333333333333333,0.6041666666666666,0.98989898989899,0.98989898989899,10,48,72,0,0,0
platform_mediation,homogeneous__moderate,homogeneous,moderate,2661203039,decomposed_cobb_douglas,COBB_DOUGLAS,d1c7df2c1e5bce8a,True,292.6416336592405,0.7916666666666666,0.75,0.75,0.08333333333333333,0.6041666666666666,0.98989898989899,0.98989898989899,10,48,72,0,0,0
platform_mediation,homogeneous__moderate,homogeneous,moderate,2661203039,joint_linear,LINEAR,d1c7df2c1e5bce8a,True,297.74851153288506,0.7916666666666666,0.75,0.75,0.08333333333333333,0.6041666666666666,0.98989898989899,0.98989898989899,10,48,72,0,0,725
platform_mediation,homogeneous__moderate,homogeneous,moderate,2661203039,joint_cobb_douglas,COBB_DOUGLAS,d1c7df2c1e5bce8a,True,292.64163365924037,0.7708333333333334,0.75,0.75,0.10416666666666667,0.5927083333333333,0.9865319865319865,0.9865319865319865,11,45,72,0,0,676
platform_mediation,homogeneous__moderate,homogeneous,moderate,2661203039,joint_ces,CES,d1c7df2c1e5bce8a,True,295.52058473951473,0.7916666666666666,0.75,0.75,0.08333333333333333,0.6041666666666666,0.98989898989899,0.98989898989899,10,48,72,0,0,711
platform_mediation,homogeneous__moderate,homogeneous,moderate,2661203039,joint_leontief,LEONTIEF,d1c7df2c1e5bce8a,True,375.20534007476,0.7916666666666666,0.75,0.75,0.08333333333333333,0.6041666666666666,0.98989898989899,0.98989898989899,10,48,72,0,0,750
platform_mediation,homogeneous__moderate,homogeneous,moderate,1938895231,equal,none,12731c50828ba337,True,,0.875,0.875,0.875,0.0,0.59375,0.8993186979560939,0.8993186979560939,6,42,72,0,0,0
platform_mediation,homogeneous__moderate,homogeneous,moderate,1938895231,drf,none,12731c50828ba337,True,,0.875,0.875,0.875,0.0,0.59375,0.8993186979560939,0.9,6,42,72,0,0,0
platform_mediation,homogeneous__moderate,homogeneous,moderate,1938895231,decomposed_cobb_douglas,COBB_DOUGLAS,12731c50828ba337,True,271.64375035601734,0.875,0.875,0.875,0.0,0.59375,0.8993186979560939,0.8993186979560939,6,42,72,0,0,0
platform_mediation,homogeneous__moderate,homogeneous,moderate,1938895231,joint_linear,LINEAR,12731c50828ba337,True,276.83276911780837,0.875,0.875,0.875,0.0,0.59375,0.8993186979560939,0.8993186979560939,6,42,72,0,0,686
platform_mediation,homogeneous__moderate,homogeneous,moderate,1938895231,joint_cobb_douglas,COBB_DOUGLAS,12731c50828ba337,True,271.6437503560173,0.875,0.875,0.875,0.0,0.59375,0.8993186979560939,0.8993186979560939,6,42,72,0,0,703
platform_mediation,homogeneous__moderate,homogeneous,moderate,1938895231,joint_ces,CES,12731c50828ba337,True,274.482418883053,0.875,0.875,0.875,0.0,0.59375,0.8993186979560939,0.8993186979560939,6,42,72,0,0,701
platform_mediation,homogeneous__moderate,homogeneous,moderate,1938895231,joint_leontief,LEONTIEF,12731c50828ba337,True,355.51399759656977,0.875,0.875,0.875,0.0,0.59375,0.8993186979560939,0.8993186979560939,6,42,72,0,0,724
platform_mediation,homogeneous__moderate,homogeneous,moderate,3591289305,equal,none,267b094cb949bd4e,True,,0.7916666666666666,0.75,0.75,0.0,0.5499999999999999,0.9179926560587516,0.9179926560587516,10,40,92,0,0,0
platform_mediation,homogeneous__moderate,homogeneous,moderate,3591289305,drf,none,267b094cb949bd4e,True,,0.7916666666666666,0.75,0.75,0.0,0.5499999999999999,0.9179926560587516,0.9185548071034905,10,40,92,0,0,0
platform_mediation,homogeneous__moderate,homogeneous,moderate,3591289305,decomposed_cobb_douglas,COBB_DOUGLAS,267b094cb949bd4e,True,291.4875159186901,0.7916666666666666,0.75,0.75,0.0,0.5499999999999999,0.9179926560587516,0.9179926560587516,10,40,92,0,0,0
platform_mediation,homogeneous__moderate,homogeneous,moderate,3591289305,joint_linear,LINEAR,267b094cb949bd4e,True,297.24337099933547,0.7916666666666666,0.75,0.75,0.0,0.5499999999999999,0.9179926560587516,0.9179926560587516,10,40,92,0,0,708
platform_mediation,homogeneous__moderate,homogeneous,moderate,3591289305,joint_cobb_douglas,COBB_DOUGLAS,267b094cb949bd4e,True,291.48751591869006,0.7916666666666666,0.75,0.75,0.0,0.5499999999999999,0.9179926560587516,0.9179926560587516,10,40,92,0,0,723
platform_mediation,homogeneous__moderate,homogeneous,moderate,3591289305,joint_ces,CES,267b094cb949bd4e,True,294.8852946760842,0.7916666666666666,0.75,0.75,0.0,0.5499999999999999,0.9179926560587516,0.9179926560587516,10,40,92,0,0,782
platform_mediation,homogeneous__moderate,homogeneous,moderate,3591289305,joint_leontief,LEONTIEF,267b094cb949bd4e,True,368.9994324840768,0.7916666666666666,0.75,0.75,0.0,0.5499999999999999,0.9179926560587516,0.9179926560587516,10,40,92,0,0,747
platform_mediation,homogeneous__moderate,homogeneous,moderate,1010903510,equal,none,99b56fcaed3c39ae,True,,0.875,0.875,0.875,0.0,0.5875,0.9308176100628931,0.9308176100628931,6,36,84,0,0,0
platform_mediation,homogeneous__moderate,homogeneous,moderate,1010903510,drf,none,99b56fcaed3c39ae,True,,0.875,0.875,0.875,0.0,0.5875,0.9308176100628931,0.9308176100628931,6,36,84,0,0,0
platform_mediation,homogeneous__moderate,homogeneous,moderate,1010903510,decomposed_cobb_douglas,COBB_DOUGLAS,99b56fcaed3c39ae,True,277.66531830239785,0.875,0.875,0.875,0.0,0.5875,0.9308176100628931,0.9308176100628931,6,36,84,0,0,0
platform_mediation,homogeneous__moderate,homogeneous,moderate,1010903510,joint_linear,LINEAR,99b56fcaed3c39ae,True,283.19053113406056,0.875,0.875,0.875,0.0,0.5875,0.9308176100628931,0.9308176100628931,6,36,84,0,0,727
platform_mediation,homogeneous__moderate,homogeneous,moderate,1010903510,joint_cobb_douglas,COBB_DOUGLAS,99b56fcaed3c39ae,True,277.66531830239785,0.875,0.875,0.875,0.0,0.5875,0.9308176100628931,0.9308176100628931,6,36,84,0,0,718
platform_mediation,homogeneous__moderate,homogeneous,moderate,1010903510,joint_ces,CES,99b56fcaed3c39ae,True,280.7126818853778,0.875,0.875,0.875,0.0,0.5875,0.9308176100628931,0.9308176100628931,6,36,84,0,0,712
platform_mediation,homogeneous__moderate,homogeneous,moderate,1010903510,joint_leontief,LEONTIEF,99b56fcaed3c39ae,True,360.7407384031179,0.875,0.875,0.875,0.0,0.5875,0.9308176100628931,0.9308176100628931,6,36,84,0,0,804
platform_mediation,homogeneous__moderate,homogeneous,moderate,1787952164,equal,none,24f12d10ac5b18d1,True,,0.8541666666666666,0.75,0.78125,0.03333333333333333,0.6010416666666667,0.9889341875364007,0.9889341875364007,7,39,90,0,0,0
platform_mediation,homogeneous__moderate,homogeneous,moderate,1787952164,drf,none,24f12d10ac5b18d1,True,,0.8541666666666666,0.75,0.78125,0.03333333333333333,0.6010416666666667,0.9889341875364007,0.9889341875364007,7,39,90,0,0,0
platform_mediation,homogeneous__moderate,homogeneous,moderate,1787952164,decomposed_cobb_douglas,COBB_DOUGLAS,24f12d10ac5b18d1,True,290.53102659231365,0.8541666666666666,0.75,0.78125,0.03333333333333333,0.6010416666666667,0.9889341875364007,0.9889341875364007,7,39,90,0,0,0
platform_mediation,homogeneous__moderate,homogeneous,moderate,1787952164,joint_linear,LINEAR,24f12d10ac5b18d1,True,296.06722399106735,0.8541666666666666,0.75,0.78125,0.03333333333333333,0.6010416666666667,0.9889341875364007,0.9889341875364007,7,39,90,0,0,730
platform_mediation,homogeneous__moderate,homogeneous,moderate,1787952164,joint_cobb_douglas,COBB_DOUGLAS,24f12d10ac5b18d1,True,290.53102659231365,0.8541666666666666,0.75,0.78125,0.03333333333333333,0.6010416666666667,0.9889341875364007,0.9889341875364007,7,39,90,0,0,736
platform_mediation,homogeneous__moderate,homogeneous,moderate,1787952164,joint_ces,CES,24f12d10ac5b18d1,True,293.6349806234722,0.8541666666666666,0.75,0.78125,0.03333333333333333,0.6010416666666667,0.9889341875364007,0.9889341875364007,7,39,90,0,0,707
platform_mediation,homogeneous__moderate,homogeneous,moderate,1787952164,joint_leontief,LEONTIEF,24f12d10ac5b18d1,True,372.6738769248739,0.8541666666666666,0.75,0.78125,0.03333333333333333,0.6010416666666667,0.9889341875364007,0.9889341875364007,7,39,90,0,0,718
platform_mediation,homogeneous__moderate,homogeneous,moderate,4194407990,equal,none,d70a1ef2f2db1dcf,True,,0.625,0.625,0.625,0.25,0.45625,0.9643605870020965,0.9643605870020965,18,18,72,0,0,0
platform_mediation,homogeneous__moderate,homogeneous,moderate,4194407990,drf,none,d70a1ef2f2db1dcf,True,,0.625,0.625,0.625,0.25,0.45625,0.9643605870020965,0.9643605870020965,18,18,72,0,0,0
platform_mediation,homogeneous__moderate,homogeneous,moderate,4194407990,decomposed_cobb_douglas,COBB_DOUGLAS,d70a1ef2f2db1dcf,True,277.66531830239785,0.625,0.625,0.625,0.25,0.45625,0.9643605870020965,0.9643605870020965,18,18,72,0,0,0
platform_mediation,homogeneous__moderate,homogeneous,moderate,4194407990,joint_linear,LINEAR,d70a1ef2f2db1dcf,True,283.19053113406056,0.625,0.625,0.625,0.25,0.45625,0.9643605870020965,0.9643605870020965,18,18,72,0,0,728
platform_mediation,homogeneous__moderate,homogeneous,moderate,4194407990,joint_cobb_douglas,COBB_DOUGLAS,d70a1ef2f2db1dcf,True,277.66531830239785,0.625,0.625,0.625,0.25,0.45625,0.9643605870020965,0.9643605870020965,18,18,72,0,0,775
platform_mediation,homogeneous__moderate,homogeneous,moderate,4194407990,joint_ces,CES,d70a1ef2f2db1dcf,True,280.7126818853778,0.625,0.625,0.625,0.25,0.45625,0.9643605870020965,0.9643605870020965,18,18,72,0,0,754
platform_mediation,homogeneous__moderate,homogeneous,moderate,4194407990,joint_leontief,LEONTIEF,d70a1ef2f2db1dcf,True,360.7407384031179,0.625,0.625,0.625,0.25,0.45625,0.9643605870020965,0.9643605870020965,18,18,72,0,0,731
platform_mediation,homogeneous__moderate,homogeneous,moderate,698720742,equal,none,ecb0485d66b995d3,True,,0.7291666666666666,0.625,0.65625,0.041666666666666664,0.5322916666666667,0.9567809239940388,0.9567809239940388,13,33,90,0,0,0
platform_mediation,homogeneous__moderate,homogeneous,moderate,698720742,drf,none,ecb0485d66b995d3,True,,0.7083333333333334,0.625,0.625,0.08333333333333333,0.5208333333333334,0.9538002980625931,0.9542743538767395,14,30,90,0,0,0
platform_mediation,homogeneous__moderate,homogeneous,moderate,698720742,decomposed_cobb_douglas,COBB_DOUGLAS,ecb0485d66b995d3,True,300.5556794173258,0.7291666666666666,0.625,0.65625,0.041666666666666664,0.5322916666666667,0.9567809239940388,0.9567809239940388,13,33,90,0,0,0
platform_mediation,homogeneous__moderate,homogeneous,moderate,698720742,joint_linear,LINEAR,ecb0485d66b995d3,True,305.9797898885209,0.7291666666666666,0.625,0.65625,0.041666666666666664,0.5322916666666667,0.9567809239940388,0.9567809239940388,13,33,90,0,0,742
platform_mediation,homogeneous__moderate,homogeneous,moderate,698720742,joint_cobb_douglas,COBB_DOUGLAS,ecb0485d66b995d3,True,300.5556794173258,0.7291666666666666,0.625,0.65625,0.041666666666666664,0.5322916666666667,0.9567809239940388,0.9567809239940388,13,33,90,0,0,725
platform_mediation,homogeneous__moderate,homogeneous,moderate,698720742,joint_ces,CES,ecb0485d66b995d3,True,303.5769767105629,0.7291666666666666,0.625,0.65625,0.041666666666666664,0.5322916666666667,0.9567809239940388,0.9567809239940388,13,33,90,0,0,729
platform_mediation,homogeneous__moderate,homogeneous,moderate,698720742,joint_leontief,LEONTIEF,ecb0485d66b995d3,True,383.48116152072583,0.7291666666666666,0.625,0.65625,0.041666666666666664,0.5322916666666667,0.9567809239940388,0.9567809239940388,13,33,90,0,0,715
platform_mediation,homogeneous__moderate,homogeneous,moderate,1393250458,equal,none,ebbf9ba19fccf1e2,True,,0.75,0.75,0.75,0.0,0.55625,0.9179229480737019,0.9179229480737019,12,48,66,0,0,0
platform_mediation,homogeneous__moderate,homogeneous,moderate,1393250458,drf,none,ebbf9ba19fccf1e2,True,,0.75,0.75,0.75,0.0,0.55625,0.9179229480737019,0.9189491335941867,12,48,66,0,0,0
platform_mediation,homogeneous__moderate,homogeneous,moderate,1393250458,decomposed_cobb_douglas,COBB_DOUGLAS,ebbf9ba19fccf1e2,True,291.7189567490082,0.75,0.75,0.75,0.0,0.55625,0.9179229480737019,0.9179229480737019,12,48,66,0,0,0
platform_mediation,homogeneous__moderate,homogeneous,moderate,1393250458,joint_linear,LINEAR,ebbf9ba19fccf1e2,True,296.6735198146598,0.75,0.75,0.75,0.0,0.55625,0.9179229480737019,0.9179229480737019,12,48,66,0,0,691
platform_mediation,homogeneous__moderate,homogeneous,moderate,1393250458,joint_cobb_douglas,COBB_DOUGLAS,ebbf9ba19fccf1e2,True,291.7189567490082,0.75,0.75,0.75,0.0,0.55625,0.9179229480737019,0.9179229480737019,12,48,66,0,0,730
platform_mediation,homogeneous__moderate,homogeneous,moderate,1393250458,joint_ces,CES,ebbf9ba19fccf1e2,True,294.4463517757275,0.75,0.75,0.75,0.0,0.55625,0.9179229480737019,0.9179229480737019,12,48,66,0,0,714
platform_mediation,homogeneous__moderate,homogeneous,moderate,1393250458,joint_leontief,LEONTIEF,ebbf9ba19fccf1e2,True,375.6451891143595,0.75,0.75,0.75,0.0,0.55625,0.9179229480737019,0.9179229480737019,12,48,66,0,0,728
platform_mediation,homogeneous__moderate,homogeneous,moderate,3506705828,equal,none,675b530d0726cb32,True,,0.625,0.625,0.625,0.14285714285714282,0.48125,0.8613652357494722,0.8613652357494722,18,36,54,0,0,0
platform_mediation,homogeneous__moderate,homogeneous,moderate,3506705828,drf,none,675b530d0726cb32,True,,0.625,0.625,0.625,0.14285714285714282,0.48125,0.8613652357494722,0.8613652357494722,18,36,54,0,0,0
platform_mediation,homogeneous__moderate,homogeneous,moderate,3506705828,decomposed_cobb_douglas,COBB_DOUGLAS,675b530d0726cb32,True,278.760160801413,0.625,0.625,0.625,0.14285714285714282,0.48125,0.8613652357494722,0.8613652357494722,18,36,54,0,0,0
platform_mediation,homogeneous__moderate,homogeneous,moderate,3506705828,joint_linear,LINEAR,675b530d0726cb32,True,284.4314624547704,0.625,0.625,0.625,0.14285714285714282,0.48125,0.8613652357494722,0.8613652357494722,18,36,54,0,0,763
platform_mediation,homogeneous__moderate,homogeneous,moderate,3506705828,joint_cobb_douglas,COBB_DOUGLAS,675b530d0726cb32,True,278.76016080141295,0.625,0.625,0.625,0.14285714285714282,0.48125,0.8613652357494722,0.8613652357494722,18,36,54,0,0,713
platform_mediation,homogeneous__moderate,homogeneous,moderate,3506705828,joint_ces,CES,675b530d0726cb32,True,281.9708912026862,0.625,0.625,0.625,0.14285714285714282,0.48125,0.8613652357494722,0.8613652357494722,18,36,54,0,0,730
platform_mediation,homogeneous__moderate,homogeneous,moderate,3506705828,joint_leontief,LEONTIEF,675b530d0726cb32,True,359.9970554048298,0.625,0.625,0.625,0.14285714285714282,0.48125,0.8613652357494722,0.8613652357494722,18,36,54,0,0,713
platform_mediation,homogeneous__high,homogeneous,high,1808549649,equal,none,1d6d5043d9aeb11f,True,,0.5,0.5,0.5,0.25,0.38125000000000003,0.8895348837209303,0.8895348837209303,24,18,60,0,0,4
platform_mediation,homogeneous__high,homogeneous,high,1808549649,drf,none,1d6d5043d9aeb11f,True,,0.5,0.5,0.5,0.25,0.38125000000000003,0.8895348837209303,0.8908296943231441,24,18,60,0,0,0
platform_mediation,homogeneous__high,homogeneous,high,1808549649,decomposed_cobb_douglas,COBB_DOUGLAS,1d6d5043d9aeb11f,True,275.4456480799931,0.5,0.5,0.5,0.25,0.38125000000000003,0.8895348837209303,0.8895348837209303,24,18,60,0,0,0
platform_mediation,homogeneous__high,homogeneous,high,1808549649,joint_linear,LINEAR,1d6d5043d9aeb11f,True,280.9011458801927,0.5,0.5,0.5,0.25,0.38125000000000003,0.8895348837209303,0.8895348837209303,24,18,60,0,0,825
platform_mediation,homogeneous__high,homogeneous,high,1808549649,joint_cobb_douglas,COBB_DOUGLAS,1d6d5043d9aeb11f,True,275.4456480799931,0.5,0.5,0.5,0.25,0.38125000000000003,0.8895348837209303,0.8895348837209303,24,18,60,0,0,731
platform_mediation,homogeneous__high,homogeneous,high,1808549649,joint_ces,CES,1d6d5043d9aeb11f,True,278.48569952037644,0.5,0.5,0.5,0.25,0.38125000000000003,0.8895348837209303,0.8895348837209303,24,18,60,0,0,744
platform_mediation,homogeneous__high,homogeneous,high,1808549649,joint_leontief,LEONTIEF,1d6d5043d9aeb11f,True,358.1986283467987,0.5,0.5,0.5,0.25,0.38125000000000003,0.8895348837209303,0.8895348837209303,24,18,60,0,0,724
platform_mediation,homogeneous__high,homogeneous,high,3099637805,equal,none,ea9614f50bd51032,True,,0.4583333333333333,0.375,0.375,0.1111111111111111,0.35000000000000003,0.943939393939394,0.943939393939394,26,24,60,0,0,0
platform_mediation,homogeneous__high,homogeneous,high,3099637805,drf,none,ea9614f50bd51032,True,,0.4583333333333333,0.375,0.375,0.1111111111111111,0.35000000000000003,0.943939393939394,0.943939393939394,26,24,60,0,0,0
platform_mediation,homogeneous__high,homogeneous,high,3099637805,decomposed_cobb_douglas,COBB_DOUGLAS,ea9614f50bd51032,True,275.91627979809624,0.4583333333333333,0.375,0.375,0.1111111111111111,0.35000000000000003,0.943939393939394,0.943939393939394,26,24,60,0,0,0
platform_mediation,homogeneous__high,homogeneous,high,3099637805,joint_linear,LINEAR,ea9614f50bd51032,True,281.71994795835303,0.4583333333333333,0.375,0.375,0.1111111111111111,0.35000000000000003,0.943939393939394,0.943939393939394,26,24,60,0,0,743
platform_mediation,homogeneous__high,homogeneous,high,3099637805,joint_cobb_douglas,COBB_DOUGLAS,ea9614f50bd51032,True,275.91627979809624,0.4583333333333333,0.375,0.375,0.1111111111111111,0.35000000000000003,0.943939393939394,0.943939393939394,26,24,60,0,0,753
platform_mediation,homogeneous__high,homogeneous,high,3099637805,joint_ces,CES,ea9614f50bd51032,True,279.28629531192126,0.4583333333333333,0.375,0.375,0.1111111111111111,0.35000000000000003,0.943939393939394,0.943939393939394,26,24,60,0,0,762
platform_mediation,homogeneous__high,homogeneous,high,3099637805,joint_leontief,LEONTIEF,ea9614f50bd51032,True,354.78413008720963,0.4583333333333333,0.375,0.375,0.1111111111111111,0.35000000000000003,0.943939393939394,0.943939393939394,26,24,60,0,0,718
platform_mediation,homogeneous__high,homogeneous,high,1118736532,equal,none,ffcecebe01368f86,True,,0.5,0.5,0.5,0.0,0.34375000000000006,0.9498069498069498,0.9498069498069498,24,18,48,0,0,0
platform_mediation,homogeneous__high,homogeneous,high,1118736532,drf,none,ffcecebe01368f86,True,,0.5,0.5,0.5,0.0,0.34375000000000006,0.9498069498069498,0.9507246376811594,24,18,48,0,0,0
platform_mediation,homogeneous__high,homogeneous,high,1118736532,decomposed_cobb_douglas,COBB_DOUGLAS,ffcecebe01368f86,True,254.03730406899047,0.5,0.5,0.5,0.0,0.34375000000000006,0.9498069498069498,0.9498069498069498,24,18,48,0,0,0
platform_mediation,homogeneous__high,homogeneous,high,1118736532,joint_linear,LINEAR,ffcecebe01368f86,True,258.4907318869432,0.5,0.5,0.5,0.0,0.34375000000000006,0.9498069498069498,0.9498069498069498,24,18,48,0,0,782
platform_mediation,homogeneous__high,homogeneous,high,1118736532,joint_cobb_douglas,COBB_DOUGLAS,ffcecebe01368f86,True,254.03730406899047,0.5,0.5,0.5,0.0,0.34375000000000006,0.9498069498069498,0.9498069498069498,24,18,48,0,0,733
platform_mediation,homogeneous__high,homogeneous,high,1118736532,joint_ces,CES,ffcecebe01368f86,True,256.422024162965,0.5,0.5,0.5,0.0,0.34375000000000006,0.9498069498069498,0.9498069498069498,24,18,48,0,0,763
platform_mediation,homogeneous__high,homogeneous,high,1118736532,joint_leontief,LEONTIEF,ffcecebe01368f86,True,339.39926656339543,0.5,0.5,0.5,0.0,0.34375000000000006,0.9498069498069498,0.9498069498069498,24,18,48,0,0,717
platform_mediation,homogeneous__high,homogeneous,high,506054324,equal,none,e89e0a15932cf750,True,,0.5,0.5,0.5,0.0,0.35624999999999996,0.9497872340425532,0.9497872340425532,24,24,54,0,0,0
platform_mediation,homogeneous__high,homogeneous,high,506054324,drf,none,e89e0a15932cf750,True,,0.5,0.5,0.5,0.0,0.35624999999999996,0.9497872340425532,0.9505962521294719,24,24,54,0,0,0
platform_mediation,homogeneous__high,homogeneous,high,506054324,decomposed_cobb_douglas,COBB_DOUGLAS,e89e0a15932cf750,True,265.4955055172501,0.5,0.5,0.5,0.0,0.35624999999999996,0.9497872340425532,0.9497872340425532,24,24,54,0,0,0
platform_mediation,homogeneous__high,homogeneous,high,506054324,joint_linear,LINEAR,e89e0a15932cf750,True,271.0371036310238,0.5,0.5,0.5,0.0,0.35624999999999996,0.9497872340425532,0.9497872340425532,24,24,54,0,0,689
platform_mediation,homogeneous__high,homogeneous,high,506054324,joint_cobb_douglas,COBB_DOUGLAS,e89e0a15932cf750,True,265.4955055172501,0.5,0.5,0.5,0.0,0.35624999999999996,0.9497872340425532,0.9497872340425532,24,24,54,0,0,717
platform_mediation,homogeneous__high,homogeneous,high,506054324,joint_ces,CES,e89e0a15932cf750,True,268.6039617375419,0.5,0.5,0.5,0.0,0.35624999999999996,0.9497872340425532,0.9497872340425532,24,24,54,0,0,678
platform_mediation,homogeneous__high,homogeneous,high,506054324,joint_leontief,LEONTIEF,e89e0a15932cf750,True,347.6167878018186,0.5,0.5,0.5,0.0,0.35624999999999996,0.9497872340425532,0.9497872340425532,24,24,54,0,0,655
platform_mediation,homogeneous__high,homogeneous,high,2945464605,equal,none,34a79039d849e221,True,,0.5625,0.5,0.5,0.0,0.41250000000000003,0.9085318985395849,0.9085318985395849,21,36,54,0,0,0
platform_mediation,homogeneous__high,homogeneous,high,2945464605,drf,none,34a79039d849e221,True,,0.5416666666666666,0.5,0.5,0.0,0.39999999999999997,0.8885472713297463,0.8906009244992296,22,36,52,0,0,0
platform_mediation,homogeneous__high,homogeneous,high,2945464605,decomposed_cobb_douglas,COBB_DOUGLAS,34a79039d849e221,True,271.20263734110057,0.5625,0.5,0.5,0.0,0.41250000000000003,0.9085318985395849,0.9085318985395849,21,36,54,0,0,0
platform_mediation,homogeneous__high,homogeneous,high,2945464605,joint_linear,LINEAR,34a79039d849e221,True,276.4290029945761,0.5625,0.5,0.5,0.0,0.41250000000000003,0.9085318985395849,0.9085318985395849,21,36,54,0,0,660
platform_mediation,homogeneous__high,homogeneous,high,2945464605,joint_cobb_douglas,COBB_DOUGLAS,34a79039d849e221,True,271.20263734110057,0.5625,0.5,0.5,0.0,0.41250000000000003,0.9085318985395849,0.9085318985395849,21,36,54,0,0,686
platform_mediation,homogeneous__high,homogeneous,high,2945464605,joint_ces,CES,34a79039d849e221,True,274.09927084769373,0.5625,0.5,0.5,0.0,0.41250000000000003,0.9085318985395849,0.9085318985395849,21,36,54,0,0,652
platform_mediation,homogeneous__high,homogeneous,high,2945464605,joint_leontief,LEONTIEF,34a79039d849e221,True,354.54418609176196,0.5625,0.5,0.5,0.0,0.41250000000000003,0.9085318985395849,0.9085318985395849,21,36,54,0,0,683
platform_mediation,homogeneous__high,homogeneous,high,2683794396,equal,none,8473d8106f96de60,True,,0.5,0.5,0.5,1.0,0.39999999999999997,0.8651010376843256,0.8651010376843256,24,0,72,0,0,0
platform_mediation,homogeneous__high,homogeneous,high,2683794396,drf,none,8473d8106f96de60,True,,0.5,0.5,0.5,1.0,0.39999999999999997,0.8651010376843256,0.8655737704918033,24,0,72,0,0,0
platform_mediation,homogeneous__high,homogeneous,high,2683794396,decomposed_cobb_douglas,COBB_DOUGLAS,8473d8106f96de60,True,292.7614660180436,0.5,0.5,0.5,1.0,0.39999999999999997,0.8651010376843256,0.8651010376843256,24,0,72,0,0,0
platform_mediation,homogeneous__high,homogeneous,high,2683794396,joint_linear,LINEAR,8473d8106f96de60,True,297.63556146619055,0.5,0.5,0.5,1.0,0.39999999999999997,0.8651010376843256,0.8651010376843256,24,0,72,0,0,654
platform_mediation,homogeneous__high,homogeneous,high,2683794396,joint_cobb_douglas,COBB_DOUGLAS,8473d8106f96de60,True,292.76146601804356,0.5,0.5,0.5,1.0,0.39999999999999997,0.8651010376843256,0.8651010376843256,24,0,72,0,0,691
platform_mediation,homogeneous__high,homogeneous,high,2683794396,joint_ces,CES,8473d8106f96de60,True,295.42482223741604,0.5,0.5,0.5,1.0,0.39999999999999997,0.8651010376843256,0.8651010376843256,24,0,72,0,0,689
platform_mediation,homogeneous__high,homogeneous,high,2683794396,joint_leontief,LEONTIEF,8473d8106f96de60,True,377.1230997238135,0.5,0.5,0.5,1.0,0.39999999999999997,0.8651010376843256,0.8651010376843256,24,0,72,0,0,702
platform_mediation,homogeneous__high,homogeneous,high,152641682,equal,none,4248f7f1bda0110d,True,,0.5,0.5,0.5,0.6666666666666666,0.425,0.9836619718309859,0.9836619718309859,24,6,78,0,0,0
platform_mediation,homogeneous__high,homogeneous,high,152641682,drf,none,4248f7f1bda0110d,True,,0.5,0.5,0.5,0.6666666666666666,0.425,0.9836619718309859,0.9842164599774521,24,6,78,0,0,0
platform_mediation,homogeneous__high,homogeneous,high,152641682,decomposed_cobb_douglas,COBB_DOUGLAS,4248f7f1bda0110d,True,292.52251511854007,0.5,0.5,0.5,0.6666666666666666,0.425,0.9836619718309859,0.9836619718309859,24,6,78,0,0,0
platform_mediation,homogeneous__high,homogeneous,high,152641682,joint_linear,LINEAR,4248f7f1bda0110d,True,297.8790588207276,0.5,0.5,0.5,0.6666666666666666,0.425,0.9836619718309859,0.9836619718309859,24,6,78,0,0,703
platform_mediation,homogeneous__high,homogeneous,high,152641682,joint_cobb_douglas,COBB_DOUGLAS,4248f7f1bda0110d,True,292.52251511854007,0.5,0.5,0.5,0.6666666666666666,0.425,0.9836619718309859,0.9836619718309859,24,6,78,0,0,724
platform_mediation,homogeneous__high,homogeneous,high,152641682,joint_ces,CES,4248f7f1bda0110d,True,295.527031925667,0.5,0.5,0.5,0.6666666666666666,0.425,0.9836619718309859,0.9836619718309859,24,6,78,0,0,695
platform_mediation,homogeneous__high,homogeneous,high,152641682,joint_leontief,LEONTIEF,4248f7f1bda0110d,True,375.0380836650604,0.5,0.5,0.5,0.6666666666666666,0.425,0.9836619718309859,0.9836619718309859,24,6,78,0,0,680
platform_mediation,homogeneous__high,homogeneous,high,3073012349,equal,none,89c8cfd9643c3727,True,,0.5,0.5,0.5,0.0,0.35000000000000003,0.8160535117056856,0.8160535117056856,24,30,42,0,0,0
platform_mediation,homogeneous__high,homogeneous,high,3073012349,drf,none,89c8cfd9643c3727,True,,0.5,0.5,0.5,0.0,0.35000000000000003,0.8160535117056856,0.8178770949720671,24,30,42,0,0,0
platform_mediation,homogeneous__high,homogeneous,high,3073012349,decomposed_cobb_douglas,COBB_DOUGLAS,89c8cfd9643c3727,True,247.62326514786707,0.5,0.5,0.5,0.0,0.35000000000000003,0.8160535117056856,0.8160535117056856,24,30,42,0,0,0
platform_mediation,homogeneous__high,homogeneous,high,3073012349,joint_linear,LINEAR,89c8cfd9643c3727,True,253.05878922149424,0.5,0.5,0.5,0.0,0.35000000000000003,0.8160535117056856,0.8160535117056856,24,30,42,0,0,682
platform_mediation,homogeneous__high,homogeneous,high,3073012349,joint_cobb_douglas,COBB_DOUGLAS,89c8cfd9643c3727,True,247.62326514786704,0.5,0.5,0.5,0.0,0.35000000000000003,0.8160535117056856,0.8160535117056856,24,30,42,0,0,675
platform_mediation,homogeneous__high,homogeneous,high,3073012349,joint_ces,CES,89c8cfd9643c3727,True,250.6784365057834,0.5,0.5,0.5,0.0,0.35000000000000003,0.8160535117056856,0.8160535117056856,24,30,42,0,0,713
platform_mediation,homogeneous__high,homogeneous,high,3073012349,joint_leontief,LEONTIEF,89c8cfd9643c3727,True,329.34149075473545,0.5,0.5,0.5,0.0,0.35000000000000003,0.8160535117056856,0.8160535117056856,24,30,42,0,0,680
platform_mediation,homogeneous__high,homogeneous,high,1239146852,equal,none,a78b18b1f5c5c4ed,True,,0.625,0.625,0.625,0.25,0.45625,0.9175531914893617,0.9175531914893617,18,18,72,0,0,0
platform_mediation,homogeneous__high,homogeneous,high,1239146852,drf,none,a78b18b1f5c5c4ed,True,,0.625,0.625,0.625,0.25,0.45625,0.9175531914893617,0.9175531914893617,18,18,72,0,0,0
platform_mediation,homogeneous__high,homogeneous,high,1239146852,decomposed_cobb_douglas,COBB_DOUGLAS,a78b18b1f5c5c4ed,True,280.50801762573076,0.625,0.625,0.625,0.25,0.45625,0.9175531914893617,0.9175531914893617,18,18,72,0,0,0
platform_mediation,homogeneous__high,homogeneous,high,1239146852,joint_linear,LINEAR,a78b18b1f5c5c4ed,True,285.6384602976321,0.625,0.625,0.625,0.25,0.45625,0.9175531914893617,0.9175531914893617,18,18,72,0,0,673
platform_mediation,homogeneous__high,homogeneous,high,1239146852,joint_cobb_douglas,COBB_DOUGLAS,a78b18b1f5c5c4ed,True,280.50801762573076,0.625,0.625,0.625,0.25,0.45625,0.9175531914893617,0.9175531914893617,18,18,72,0,0,665
platform_mediation,homogeneous__high,homogeneous,high,1239146852,joint_ces,CES,a78b18b1f5c5c4ed,True,283.33823273543044,0.625,0.625,0.625,0.25,0.45625,0.9175531914893617,0.9175531914893617,18,18,72,0,0,679
platform_mediation,homogeneous__high,homogeneous,high,1239146852,joint_leontief,LEONTIEF,a78b18b1f5c5c4ed,True,364.0914989458317,0.625,0.625,0.625,0.25,0.45625,0.9175531914893617,0.9175531914893617,18,18,72,0,0,674
platform_mediation,homogeneous__high,homogeneous,high,2363039732,equal,none,db07d3a3a7c79259,True,,0.3958333333333333,0.375,0.375,0.27777777777777773,0.2963541666666667,0.8687552921253175,0.8687552921253175,29,14,44,0,0,0
platform_mediation,homogeneous__high,homogeneous,high,2363039732,drf,none,db07d3a3a7c79259,True,,0.375,0.375,0.375,0.3333333333333333,0.28437500000000004,0.8535139712108383,0.8556876061120543,30,12,42,0,0,0
platform_mediation,homogeneous__high,homogeneous,high,2363039732,decomposed_cobb_douglas,COBB_DOUGLAS,db07d3a3a7c79259,True,264.6424596501425,0.3958333333333333,0.375,0.375,0.27777777777777773,0.2963541666666667,0.8687552921253175,0.8687552921253175,29,14,44,0,0,0
platform_mediation,homogeneous__high,homogeneous,high,2363039732,joint_linear,LINEAR,db07d3a3a7c79259,True,270.038444953042,0.3958333333333333,0.375,0.375,0.27777777777777773,0.2963541666666667,0.8687552921253175,0.8687552921253175,29,14,44,0,0,650
platform_mediation,homogeneous__high,homogeneous,high,2363039732,joint_cobb_douglas,COBB_DOUGLAS,db07d3a3a7c79259,True,264.6424596501425,0.3958333333333333,0.375,0.375,0.27777777777777773,0.2963541666666667,0.8687552921253175,0.8687552921253175,29,14,44,0,0,675
platform_mediation,homogeneous__high,homogeneous,high,2363039732,joint_ces,CES,db07d3a3a7c79259,True,267.6078360015264,0.3958333333333333,0.375,0.375,0.27777777777777773,0.2963541666666667,0.8687552921253175,0.8687552921253175,29,14,44,0,0,676
platform_mediation,homogeneous__high,homogeneous,high,2363039732,joint_leontief,LEONTIEF,db07d3a3a7c79259,True,348.2681690508879,0.3958333333333333,0.375,0.375,0.27777777777777773,0.2963541666666667,0.8687552921253175,0.8687552921253175,29,14,44,0,0,681
platform_mediation,homogeneous__high,homogeneous,high,2902318452,equal,none,a587976742d15e0e,True,,0.5,0.5,0.5,0.0,0.38125000000000003,0.9465648854961832,0.9465648854961832,24,30,60,0,0,0
platform_mediation,homogeneous__high,homogeneous,high,2902318452,drf,none,a587976742d15e0e,True,,0.4791666666666667,0.375,0.40625,0.05555555555555555,0.3697916666666667,0.9427480916030534,0.9445506692160612,25,27,60,0,0,0
platform_mediation,homogeneous__high,homogeneous,high,2902318452,decomposed_cobb_douglas,COBB_DOUGLAS,a587976742d15e0e,True,284.9245432397739,0.5,0.5,0.5,0.0,0.38125000000000003,0.9465648854961832,0.9465648854961832,24,30,60,0,0,0
platform_mediation,homogeneous__high,homogeneous,high,2902318452,joint_linear,LINEAR,a587976742d15e0e,True,290.36717501087986,0.5,0.5,0.5,0.0,0.38125000000000003,0.9465648854961832,0.9465648854961832,24,30,60,0,0,671
platform_mediation,homogeneous__high,homogeneous,high,2902318452,joint_cobb_douglas,COBB_DOUGLAS,a587976742d15e0e,True,284.9245432397739,0.5,0.5,0.5,0.0,0.38125000000000003,0.9465648854961832,0.9465648854961832,24,30,60,0,0,681
platform_mediation,homogeneous__high,homogeneous,high,2902318452,joint_ces,CES,a587976742d15e0e,True,287.99815845949774,0.5,0.5,0.5,0.0,0.38125000000000003,0.9465648854961832,0.9465648854961832,24,30,60,0,0,659
platform_mediation,homogeneous__high,homogeneous,high,2902318452,joint_leontief,LEONTIEF,a587976742d15e0e,True,367.2923892280311,0.5,0.5,0.5,0.0,0.38125000000000003,0.9465648854961832,0.9465648854961832,24,30,60,0,0,661
platform_mediation,homogeneous__high,homogeneous,high,4011871418,equal,none,9b02367f5866eb4f,True,,0.375,0.375,0.375,1.0,0.27499999999999997,0.9089165867689357,0.9089165867689357,30,0,48,0,0,0
platform_mediation,homogeneous__high,homogeneous,high,4011871418,drf,none,9b02367f5866eb4f,True,,0.375,0.375,0.375,1.0,0.27499999999999997,0.9089165867689357,0.9106628242074928,30,0,48,0,0,0
platform_mediation,homogeneous__high,homogeneous,high,4011871418,decomposed_cobb_douglas,COBB_DOUGLAS,9b02367f5866eb4f,True,254.17325682255301,0.375,0.375,0.375,1.0,0.27499999999999997,0.9089165867689357,0.9089165867689357,30,0,48,0,0,0
platform_mediation,homogeneous__high,homogeneous,high,4011871418,joint_linear,LINEAR,9b02367f5866eb4f,True,258.3760329630813,0.375,0.375,0.375,1.0,0.27499999999999997,0.9089165867689357,0.9089165867689357,30,0,48,0,0,695
platform_mediation,homogeneous__high,homogeneous,high,4011871418,joint_cobb_douglas,COBB_DOUGLAS,9b02367f5866eb4f,True,254.17325682255304,0.375,0.375,0.375,1.0,0.27499999999999997,0.9089165867689357,0.9089165867689357,30,0,48,0,0,656
platform_mediation,homogeneous__high,homogeneous,high,4011871418,joint_ces,CES,9b02367f5866eb4f,True,256.4245714402917,0.375,0.375,0.375,1.0,0.27499999999999997,0.9089165867689357,0.9089165867689357,30,0,48,0,0,678
platform_mediation,homogeneous__high,homogeneous,high,4011871418,joint_leontief,LEONTIEF,9b02367f5866eb4f,True,339.6257731029282,0.375,0.375,0.375,1.0,0.27499999999999997,0.9089165867689357,0.9089165867689357,30,0,48,0,0,686
platform_mediation,homogeneous__high,homogeneous,high,3352476077,equal,none,7eedd8bf200649f7,True,,0.5208333333333334,0.5,0.5,0.08333333333333333,0.3645833333333333,0.9018112488083889,0.9018112488083889,23,24,57,0,0,0
platform_mediation,homogeneous__high,homogeneous,high,3352476077,drf,none,7eedd8bf200649f7,True,,0.5,0.5,0.5,0.125,0.3515625,0.9008579599618685,0.9025787965616046,24,21,57,0,0,0
platform_mediation,homogeneous__high,homogeneous,high,3352476077,decomposed_cobb_douglas,COBB_DOUGLAS,7eedd8bf200649f7,True,259.422665648097,0.5208333333333334,0.5,0.5,0.08333333333333333,0.3645833333333333,0.9018112488083889,0.9018112488083889,23,24,57,0,0,0
platform_mediation,homogeneous__high,homogeneous,high,3352476077,joint_linear,LINEAR,7eedd8bf200649f7,True,265.28552860711756,0.5208333333333334,0.5,0.5,0.08333333333333333,0.3645833333333333,0.9018112488083889,0.9018112488083889,23,24,57,0,0,645
platform_mediation,homogeneous__high,homogeneous,high,3352476077,joint_cobb_douglas,COBB_DOUGLAS,7eedd8bf200649f7,True,259.422665648097,0.5,0.5,0.5,0.125,0.3515625,0.9008579599618685,0.9008579599618685,24,21,57,0,0,666
platform_mediation,homogeneous__high,homogeneous,high,3352476077,joint_ces,CES,7eedd8bf200649f7,True,262.7636916685512,0.5208333333333334,0.5,0.5,0.08333333333333333,0.3645833333333333,0.9018112488083889,0.9018112488083889,23,24,57,0,0,683
platform_mediation,homogeneous__high,homogeneous,high,3352476077,joint_leontief,LEONTIEF,7eedd8bf200649f7,True,339.55103329638854,0.5208333333333334,0.5,0.5,0.08333333333333333,0.3645833333333333,0.9018112488083889,0.9018112488083889,23,24,57,0,0,671
platform_mediation,homogeneous__high,homogeneous,high,127814265,equal,none,2827b8b1d8d4fd81,True,,0.625,0.625,0.625,0.125,0.465625,0.9286452947259566,0.9286452947259566,18,42,42,0,0,0
platform_mediation,homogeneous__high,homogeneous,high,127814265,drf,none,2827b8b1d8d4fd81,True,,0.625,0.625,0.625,0.125,0.465625,0.9286452947259566,0.9286452947259566,18,42,42,0,0,0
platform_mediation,homogeneous__high,homogeneous,high,127814265,decomposed_cobb_douglas,COBB_DOUGLAS,2827b8b1d8d4fd81,True,255.61622678325998,0.625,0.625,0.625,0.125,0.465625,0.9286452947259566,0.9286452947259566,18,42,42,0,0,0
platform_mediation,homogeneous__high,homogeneous,high,127814265,joint_linear,LINEAR,2827b8b1d8d4fd81,True,261.11655344981466,0.625,0.625,0.625,0.125,0.465625,0.9286452947259566,0.9286452947259566,18,42,42,0,0,659
platform_mediation,homogeneous__high,homogeneous,high,127814265,joint_cobb_douglas,COBB_DOUGLAS,2827b8b1d8d4fd81,True,255.61622678325995,0.625,0.625,0.625,0.125,0.465625,0.9286452947259566,0.9286452947259566,18,42,42,0,0,660
platform_mediation,homogeneous__high,homogeneous,high,127814265,joint_ces,CES,2827b8b1d8d4fd81,True,258.8406652994463,0.625,0.625,0.625,0.125,0.465625,0.9286452947259566,0.9286452947259566,18,42,42,0,0,675
platform_mediation,homogeneous__high,homogeneous,high,127814265,joint_leontief,LEONTIEF,2827b8b1d8d4fd81,True,333.7781080883634,0.625,0.625,0.625,0.125,0.465625,0.9286452947259566,0.9286452947259566,18,42,42,0,0,676
platform_mediation,homogeneous__high,homogeneous,high,3814974492,equal,none,dc63f33642abe11a,True,,0.625,0.625,0.625,0.0,0.44375000000000003,0.9831649831649831,0.9831649831649831,18,42,48,0,0,0
platform_mediation,homogeneous__high,homogeneous,high,3814974492,drf,none,dc63f33642abe11a,True,,0.625,0.625,0.625,0.0,0.44375000000000003,0.9831649831649831,0.9842696629213483,18,42,48,0,0,0
platform_mediation,homogeneous__high,homogeneous,high,3814974492,decomposed_cobb_douglas,COBB_DOUGLAS,dc63f33642abe11a,True,249.48224617894596,0.625,0.625,0.625,0.0,0.44375000000000003,0.9831649831649831,0.9831649831649831,18,42,48,0,0,0
platform_mediation,homogeneous__high,homogeneous,high,3814974492,joint_linear,LINEAR,dc63f33642abe11a,True,254.82164372602756,0.625,0.625,0.625,0.0,0.44375000000000003,0.9831649831649831,0.9831649831649831,18,42,48,0,0,682
platform_mediation,homogeneous__high,homogeneous,high,3814974492,joint_cobb_douglas,COBB_DOUGLAS,dc63f33642abe11a,True,249.48224617894596,0.625,0.625,0.625,0.0,0.44375000000000003,0.9831649831649831,0.9831649831649831,18,42,48,0,0,660
platform_mediation,homogeneous__high,homogeneous,high,3814974492,joint_ces,CES,dc63f33642abe11a,True,252.59929518475565,0.625,0.625,0.625,0.0,0.44375000000000003,0.9831649831649831,0.9831649831649831,18,42,48,0,0,666
platform_mediation,homogeneous__high,homogeneous,high,3814974492,joint_leontief,LEONTIEF,dc63f33642abe11a,True,328.3108314797483,0.625,0.625,0.625,0.0,0.44375000000000003,0.9831649831649831,0.9831649831649831,18,42,48,0,0,686
platform_mediation,homogeneous__high,homogeneous,high,4025990594,equal,none,ab27f31d98660e1a,True,,0.375,0.375,0.375,0.16666666666666666,0.29791666666666666,0.9494020239190433,0.9494020239190433,30,20,46,0,0,0
platform_mediation,homogeneous__high,homogeneous,high,4025990594,drf,none,ab27f31d98660e1a,True,,0.375,0.375,0.375,0.16666666666666666,0.29791666666666666,0.9494020239190433,0.9494020239190433,30,20,46,0,0,0
platform_mediation,homogeneous__high,homogeneous,high,4025990594,decomposed_cobb_douglas,COBB_DOUGLAS,ab27f31d98660e1a,True,263.6174980510799,0.375,0.375,0.375,0.16666666666666666,0.29791666666666666,0.9494020239190433,0.9494020239190433,30,20,46,0,0,0
platform_mediation,homogeneous__high,homogeneous,high,4025990594,joint_linear,LINEAR,ab27f31d98660e1a,True,268.72354875888647,0.375,0.375,0.375,0.16666666666666666,0.29791666666666666,0.9494020239190433,0.9494020239190433,30,20,46,0,0,693
platform_mediation,homogeneous__high,homogeneous,high,4025990594,joint_cobb_douglas,COBB_DOUGLAS,ab27f31d98660e1a,True,263.6174980510799,0.375,0.375,0.375,0.16666666666666666,0.29791666666666666,0.9494020239190433,0.9494020239190433,30,20,46,0,0,629
platform_mediation,homogeneous__high,homogeneous,high,4025990594,joint_ces,CES,ab27f31d98660e1a,True,266.6508366084904,0.375,0.375,0.375,0.16666666666666666,0.29791666666666666,0.9494020239190433,0.9494020239190433,30,20,46,0,0,680
platform_mediation,homogeneous__high,homogeneous,high,4025990594,joint_leontief,LEONTIEF,ab27f31d98660e1a,True,341.4273141844771,0.375,0.375,0.375,0.16666666666666666,0.29791666666666666,0.9494020239190433,0.9494020239190433,30,20,46,0,0,672
platform_mediation,homogeneous__high,homogeneous,high,2660641766,equal,none,479c8dda4d3d5c2a,True,,0.625,0.625,0.625,0.0,0.43124999999999997,0.8818181818181818,0.8818181818181818,18,30,72,0,0,0
platform_mediation,homogeneous__high,homogeneous,high,2660641766,drf,none,479c8dda4d3d5c2a,True,,0.625,0.625,0.625,0.0,0.43124999999999997,0.8818181818181818,0.8818181818181818,18,30,72,0,0,0
platform_mediation,homogeneous__high,homogeneous,high,2660641766,decomposed_cobb_douglas,COBB_DOUGLAS,479c8dda4d3d5c2a,True,275.91627979809624,0.625,0.625,0.625,0.0,0.43124999999999997,0.8818181818181818,0.8818181818181818,18,30,72,0,0,0
platform_mediation,homogeneous__high,homogeneous,high,2660641766,joint_linear,LINEAR,479c8dda4d3d5c2a,True,281.71994795835303,0.625,0.625,0.625,0.0,0.43124999999999997,0.8818181818181818,0.8818181818181818,18,30,72,0,0,650
platform_mediation,homogeneous__high,homogeneous,high,2660641766,joint_cobb_douglas,COBB_DOUGLAS,479c8dda4d3d5c2a,True,275.91627979809624,0.625,0.625,0.625,0.0,0.43124999999999997,0.8818181818181818,0.8818181818181818,18,30,72,0,0,682
platform_mediation,homogeneous__high,homogeneous,high,2660641766,joint_ces,CES,479c8dda4d3d5c2a,True,279.28629531192126,0.625,0.625,0.625,0.0,0.43124999999999997,0.8818181818181818,0.8818181818181818,18,30,72,0,0,675
platform_mediation,homogeneous__high,homogeneous,high,2660641766,joint_leontief,LEONTIEF,479c8dda4d3d5c2a,True,354.78413008720963,0.625,0.625,0.625,0.0,0.43124999999999997,0.8818181818181818,0.8818181818181818,18,30,72,0,0,718
platform_mediation,homogeneous__high,homogeneous,high,1226522309,equal,none,5c586740406897ca,True,,0.4166666666666667,0.375,0.375,0.1111111111111111,0.31666666666666665,0.931129476584022,0.931129476584022,28,16,60,0,0,0
platform_mediation,homogeneous__high,homogeneous,high,1226522309,drf,none,5c586740406897ca,True,,0.4375,0.375,0.375,0.16666666666666666,0.33125,0.9338842975206612,0.9358178053830227,27,15,63,0,0,0
platform_mediation,homogeneous__high,homogeneous,high,1226522309,decomposed_cobb_douglas,COBB_DOUGLAS,5c586740406897ca,True,279.5045506354576,0.4166666666666667,0.375,0.375,0.1111111111111111,0.31666666666666665,0.931129476584022,0.931129476584022,28,16,60,0,0,0
platform_mediation,homogeneous__high,homogeneous,high,1226522309,joint_linear,LINEAR,5c586740406897ca,True,285.14107163437177,0.4166666666666667,0.375,0.375,0.1111111111111111,0.3166666666666667,0.931129476584022,0.931129476584022,28,16,60,0,0,659
platform_mediation,homogeneous__high,homogeneous,high,1226522309,joint_cobb_douglas,COBB_DOUGLAS,5c586740406897ca,True,279.5045506354576,0.4166666666666667,0.375,0.375,0.1111111111111111,0.31666666666666665,0.931129476584022,0.931129476584022,28,16,60,0,0,682
platform_mediation,homogeneous__high,homogeneous,high,1226522309,joint_ces,CES,5c586740406897ca,True,282.66148225869813,0.4166666666666667,0.375,0.375,0.1111111111111111,0.3166666666666667,0.931129476584022,0.931129476584022,28,16,60,0,0,659
platform_mediation,homogeneous__high,homogeneous,high,1226522309,joint_leontief,LEONTIEF,5c586740406897ca,True,361.7965517848295,0.4166666666666667,0.375,0.375,0.1111111111111111,0.3166666666666667,0.931129476584022,0.931129476584022,28,16,60,0,0,681
platform_mediation,homogeneous__high,homogeneous,high,905741080,equal,none,bb168d01dbdf8217,True,,0.625,0.625,0.625,0.0,0.46041666666666664,0.881159420289855,0.881159420289855,18,52,46,0,0,0
platform_mediation,homogeneous__high,homogeneous,high,905741080,drf,none,bb168d01dbdf8217,True,,0.625,0.625,0.625,0.0,0.46249999999999997,0.8347826086956521,0.8429268292682927,18,54,42,0,0,0
platform_mediation,homogeneous__high,homogeneous,high,905741080,decomposed_cobb_douglas,COBB_DOUGLAS,bb168d01dbdf8217,True,263.9301508185356,0.625,0.625,0.625,0.0,0.46041666666666664,0.881159420289855,0.881159420289855,18,52,46,0,0,0
platform_mediation,homogeneous__high,homogeneous,high,905741080,joint_linear,LINEAR,bb168d01dbdf8217,True,268.75568316285705,0.625,0.625,0.625,0.0,0.4604166666666667,0.881159420289855,0.881159420289855,18,52,46,0,0,691
platform_mediation,homogeneous__high,homogeneous,high,905741080,joint_cobb_douglas,COBB_DOUGLAS,bb168d01dbdf8217,True,263.93015081853554,0.625,0.625,0.625,0.0,0.4614583333333333,0.8579710144927536,0.8579710144927536,18,53,44,0,0,659
platform_mediation,homogeneous__high,homogeneous,high,905741080,joint_ces,CES,bb168d01dbdf8217,True,266.8782848759365,0.625,0.625,0.625,0.0,0.4604166666666667,0.881159420289855,0.881159420289855,18,52,46,0,0,741
platform_mediation,homogeneous__high,homogeneous,high,905741080,joint_leontief,LEONTIEF,bb168d01dbdf8217,True,337.2024525991,0.625,0.625,0.625,0.0,0.4604166666666667,0.881159420289855,0.8820116054158608,18,52,46,0,0,661
platform_mediation,homogeneous__high,homogeneous,high,1680988037,equal,none,736ded66f0cf1de9,True,,0.5,0.5,0.5,0.0,0.36250000000000004,0.9145860709592641,0.9145860709592641,24,24,72,0,0,0
platform_mediation,homogeneous__high,homogeneous,high,1680988037,drf,none,736ded66f0cf1de9,True,,0.5,0.5,0.5,0.0,0.36250000000000004,0.9145860709592641,0.9151873767258383,24,24,72,0,0,0
platform_mediation,homogeneous__high,homogeneous,high,1680988037,decomposed_cobb_douglas,COBB_DOUGLAS,736ded66f0cf1de9,True,284.3463402188471,0.5,0.5,0.5,0.0,0.36250000000000004,0.9145860709592641,0.9145860709592641,24,24,72,0,0,0
platform_mediation,homogeneous__high,homogeneous,high,1680988037,joint_linear,LINEAR,736ded66f0cf1de9,True,290.1181035794946,0.5,0.5,0.5,0.0,0.36250000000000004,0.9145860709592641,0.9145860709592641,24,24,72,0,0,708
platform_mediation,homogeneous__high,homogeneous,high,1680988037,joint_cobb_douglas,COBB_DOUGLAS,736ded66f0cf1de9,True,284.3463402188471,0.5,0.5,0.5,0.0,0.36250000000000004,0.9145860709592641,0.9145860709592641,24,24,72,0,0,762
platform_mediation,homogeneous__high,homogeneous,high,1680988037,joint_ces,CES,736ded66f0cf1de9,True,287.65937121441726,0.5,0.5,0.5,0.0,0.36250000000000004,0.9145860709592641,0.9145860709592641,24,24,72,0,0,677
platform_mediation,homogeneous__high,homogeneous,high,1680988037,joint_leontief,LEONTIEF,736ded66f0cf1de9,True,364.6535382395765,0.5,0.5,0.5,0.0,0.36250000000000004,0.9145860709592641,0.9145860709592641,24,24,72,0,0,739
platform_mediation,homogeneous__high,homogeneous,high,3404595192,equal,none,047319e396608499,True,,0.5,0.5,0.5,0.25,0.359375,0.9083629893238434,0.9083629893238434,24,18,60,0,0,0
platform_mediation,homogeneous__high,homogeneous,high,3404595192,drf,none,047319e396608499,True,,0.5,0.5,0.5,0.25,0.359375,0.9083629893238434,0.9091718610863758,24,18,60,0,0,0
platform_mediation,homogeneous__high,homogeneous,high,3404595192,decomposed_cobb_douglas,COBB_DOUGLAS,047319e396608499,True,264.6152985828661,0.5,0.5,0.5,0.25,0.359375,0.9083629893238434,0.9083629893238434,24,18,60,0,0,0
platform_mediation,homogeneous__high,homogeneous,high,3404595192,joint_linear,LINEAR,047319e396608499,True,270.66148370850937,0.5,0.5,0.5,0.25,0.359375,0.9083629893238434,0.9083629893238434,24,18,60,0,0,751
platform_mediation,homogeneous__high,homogeneous,high,3404595192,joint_cobb_douglas,COBB_DOUGLAS,047319e396608499,True,264.6152985828661,0.5,0.5,0.5,0.25,0.359375,0.9083629893238434,0.9083629893238434,24,18,60,0,0,717
platform_mediation,homogeneous__high,homogeneous,high,3404595192,joint_ces,CES,047319e396608499,True,268.0783837879263,0.5,0.5,0.5,0.25,0.359375,0.9083629893238434,0.9083629893238434,24,18,60,0,0,698
platform_mediation,homogeneous__high,homogeneous,high,3404595192,joint_leontief,LEONTIEF,047319e396608499,True,344.0657697518727,0.5,0.5,0.5,0.25,0.359375,0.9083629893238434,0.9083629893238434,24,18,60,0,0,691
platform_mediation,homogeneous__high,homogeneous,high,4056428458,equal,none,1e546c5cd893a887,True,,0.375,0.375,0.375,0.16666666666666666,0.28802083333333334,0.9044502617801047,0.9044502617801047,30,25,35,0,0,0
platform_mediation,homogeneous__high,homogeneous,high,4056428458,drf,none,1e546c5cd893a887,True,,0.375,0.375,0.375,0.10000000000000002,0.28281249999999997,0.8442408376963351,0.8531746031746031,30,27,33,0,0,0
platform_mediation,homogeneous__high,homogeneous,high,4056428458,decomposed_cobb_douglas,COBB_DOUGLAS,1e546c5cd893a887,True,242.56840722836108,0.375,0.375,0.375,0.16666666666666666,0.28802083333333334,0.9044502617801047,0.9044502617801047,30,25,35,0,0,0
platform_mediation,homogeneous__high,homogeneous,high,4056428458,joint_linear,LINEAR,1e546c5cd893a887,True,247.76399224762775,0.375,0.375,0.375,0.16666666666666666,0.28802083333333334,0.9044502617801047,0.9044502617801047,30,25,35,0,0,694
platform_mediation,homogeneous__high,homogeneous,high,4056428458,joint_cobb_douglas,COBB_DOUGLAS,1e546c5cd893a887,True,242.56840722836114,0.375,0.375,0.375,0.16666666666666666,0.28802083333333334,0.9044502617801047,0.9044502617801047,30,25,35,0,0,644
platform_mediation,homogeneous__high,homogeneous,high,4056428458,joint_ces,CES,1e546c5cd893a887,True,245.7092608395401,0.375,0.375,0.375,0.16666666666666666,0.28802083333333334,0.9044502617801047,0.9044502617801047,30,25,35,0,0,688
platform_mediation,homogeneous__high,homogeneous,high,4056428458,joint_leontief,LEONTIEF,1e546c5cd893a887,True,317.15091856162434,0.375,0.375,0.375,0.16666666666666666,0.28802083333333334,0.9044502617801047,0.9056356487549148,30,25,35,0,0,664
platform_mediation,homogeneous__high,homogeneous,high,377577860,equal,none,f06975eec6ab1533,True,,0.375,0.375,0.375,0.16666666666666666,0.2750000000000001,0.8466494845360825,0.8466494845360825,30,15,39,0,0,0
platform_mediation,homogeneous__high,homogeneous,high,377577860,drf,none,f06975eec6ab1533,True,,0.375,0.375,0.375,0.16666666666666666,0.2750000000000001,0.8466494845360825,0.8488372093023255,30,15,39,0,0,0
platform_mediation,homogeneous__high,homogeneous,high,377577860,decomposed_cobb_douglas,COBB_DOUGLAS,f06975eec6ab1533,True,237.8198974254056,0.375,0.375,0.375,0.16666666666666666,0.2750000000000001,0.8466494845360825,0.8466494845360825,30,15,39,0,0,0
platform_mediation,homogeneous__high,homogeneous,high,377577860,joint_linear,LINEAR,f06975eec6ab1533,True,243.57465681146954,0.375,0.375,0.375,0.16666666666666666,0.27499999999999997,0.8466494845360825,0.8466494845360825,30,15,39,0,0,689
platform_mediation,homogeneous__high,homogeneous,high,377577860,joint_cobb_douglas,COBB_DOUGLAS,f06975eec6ab1533,True,237.8198974254056,0.375,0.375,0.375,0.16666666666666666,0.27499999999999997,0.8466494845360825,0.8466494845360825,30,15,39,0,0,706
platform_mediation,homogeneous__high,homogeneous,high,377577860,joint_ces,CES,f06975eec6ab1533,True,241.0139294286082,0.375,0.375,0.375,0.16666666666666666,0.27499999999999997,0.8466494845360825,0.8466494845360825,30,15,39,0,0,707
platform_mediation,homogeneous__high,homogeneous,high,377577860,joint_leontief,LEONTIEF,f06975eec6ab1533,True,319.7996153424422,0.375,0.375,0.375,0.16666666666666666,0.27499999999999997,0.8466494845360825,0.8466494845360825,30,15,39,0,0,747
platform_mediation,homogeneous__high,homogeneous,high,3333431431,equal,none,f05969d8cdb990c3,True,,0.375,0.375,0.375,0.3333333333333333,0.3,0.8688172043010752,0.8688172043010752,30,12,60,0,0,0
platform_mediation,homogeneous__high,homogeneous,high,3333431431,drf,none,f05969d8cdb990c3,True,,0.375,0.375,0.375,0.3333333333333333,0.3,0.8688172043010752,0.8700646087580761,30,12,60,0,0,0
platform_mediation,homogeneous__high,homogeneous,high,3333431431,decomposed_cobb_douglas,COBB_DOUGLAS,f05969d8cdb990c3,True,280.05288539053674,0.375,0.375,0.375,0.3333333333333333,0.3,0.8688172043010752,0.8688172043010752,30,12,60,0,0,0
platform_mediation,homogeneous__high,homogeneous,high,3333431431,joint_linear,LINEAR,f05969d8cdb990c3,True,285.9722976707132,0.375,0.375,0.375,0.3333333333333333,0.3,0.8688172043010752,0.8688172043010752,30,12,60,0,0,686
platform_mediation,homogeneous__high,homogeneous,high,3333431431,joint_cobb_douglas,COBB_DOUGLAS,f05969d8cdb990c3,True,280.05288539053674,0.375,0.375,0.375,0.3333333333333333,0.3,0.8688172043010752,0.8688172043010752,30,12,60,0,0,685
platform_mediation,homogeneous__high,homogeneous,high,3333431431,joint_ces,CES,f05969d8cdb990c3,True,283.50028959392154,0.375,0.375,0.375,0.3333333333333333,0.3,0.8688172043010752,0.8688172043010752,30,12,60,0,0,711
platform_mediation,homogeneous__high,homogeneous,high,3333431431,joint_leontief,LEONTIEF,f05969d8cdb990c3,True,358.45427432552026,0.375,0.375,0.375,0.3333333333333333,0.3,0.8688172043010752,0.8688172043010752,30,12,60,0,0,677
platform_mediation,homogeneous__high,homogeneous,high,3064969564,equal,none,6845f0d91b9cb31c,True,,0.5,0.5,0.5,0.3333333333333333,0.375,0.9421487603305785,0.9421487603305785,24,12,72,0,0,0
platform_mediation,homogeneous__high,homogeneous,high,3064969564,drf,none,6845f0d91b9cb31c,True,,0.5,0.5,0.5,0.3333333333333333,0.375,0.9421487603305785,0.9440993788819876,24,12,72,0,0,0
platform_mediation,homogeneous__high,homogeneous,high,3064969564,decomposed_cobb_douglas,COBB_DOUGLAS,6845f0d91b9cb31c,True,279.5045506354576,0.5,0.5,0.5,0.3333333333333333,0.375,0.9421487603305785,0.9421487603305785,24,12,72,0,0,0
platform_mediation,homogeneous__high,homogeneous,high,3064969564,joint_linear,LINEAR,6845f0d91b9cb31c,True,285.14107163437177,0.5,0.5,0.5,0.3333333333333333,0.375,0.9421487603305785,0.9421487603305785,24,12,72,0,0,702
platform_mediation,homogeneous__high,homogeneous,high,3064969564,joint_cobb_douglas,COBB_DOUGLAS,6845f0d91b9cb31c,True,279.5045506354576,0.5,0.5,0.5,0.3333333333333333,0.375,0.9421487603305785,0.9421487603305785,24,12,72,0,0,655
platform_mediation,homogeneous__high,homogeneous,high,3064969564,joint_ces,CES,6845f0d91b9cb31c,True,282.66148225869813,0.5,0.5,0.5,0.3333333333333333,0.375,0.9421487603305785,0.9421487603305785,24,12,72,0,0,686
platform_mediation,homogeneous__high,homogeneous,high,3064969564,joint_leontief,LEONTIEF,6845f0d91b9cb31c,True,361.7965517848295,0.5,0.5,0.5,0.3333333333333333,0.375,0.9421487603305785,0.9421487603305785,24,12,72,0,0,673
platform_mediation,homogeneous__high,homogeneous,high,627836236,equal,none,28415b3a548d574f,True,,0.375,0.375,0.375,0.16666666666666666,0.25416666666666665,0.8640483383685801,0.8640483383685801,30,5,43,0,0,0
platform_mediation,homogeneous__high,homogeneous,high,627836236,drf,none,28415b3a548d574f,True,,0.375,0.375,0.375,0.16666666666666666,0.25416666666666665,0.8640483383685801,0.8640483383685801,30,5,43,0,0,0
platform_mediation,homogeneous__high,homogeneous,high,627836236,decomposed_cobb_douglas,COBB_DOUGLAS,28415b3a548d574f,True,252.0094393823412,0.375,0.375,0.375,0.16666666666666666,0.25416666666666665,0.8640483383685801,0.8640483383685801,30,5,43,0,0,0
platform_mediation,homogeneous__high,homogeneous,high,627836236,joint_linear,LINEAR,28415b3a548d574f,True,256.9232261103863,0.375,0.375,0.375,0.16666666666666666,0.25416666666666665,0.8640483383685801,0.8640483383685801,30,5,43,0,0,657
platform_mediation,homogeneous__high,homogeneous,high,627836236,joint_cobb_douglas,COBB_DOUGLAS,28415b3a548d574f,True,252.00943938234118,0.375,0.375,0.375,0.16666666666666666,0.25416666666666665,0.8640483383685801,0.8640483383685801,30,5,43,0,0,695
platform_mediation,homogeneous__high,homogeneous,high,627836236,joint_ces,CES,28415b3a548d574f,True,254.66378369443044,0.375,0.375,0.375,0.16666666666666666,0.25416666666666665,0.8640483383685801,0.8640483383685801,30,5,43,0,0,661
platform_mediation,homogeneous__high,homogeneous,high,627836236,joint_leontief,LEONTIEF,28415b3a548d574f,True,336.58418068163775,0.375,0.375,0.375,0.16666666666666666,0.25416666666666665,0.8640483383685801,0.8640483383685801,30,5,43,0,0,698
platform_mediation,homogeneous__high,homogeneous,high,2674204685,equal,none,a60b296d85d119ad,True,,0.625,0.625,0.625,0.0,0.45625,0.9117647058823529,0.9117647058823529,18,42,48,0,0,0
platform_mediation,homogeneous__high,homogeneous,high,2674204685,drf,none,a60b296d85d119ad,True,,0.625,0.625,0.625,0.0,0.45625,0.9117647058823529,0.9132569558101473,18,42,48,0,0,0
platform_mediation,homogeneous__high,homogeneous,high,2674204685,decomposed_cobb_douglas,COBB_DOUGLAS,a60b296d85d119ad,True,266.5957408436967,0.625,0.625,0.625,0.0,0.45625,0.9117647058823529,0.9117647058823529,18,42,48,0,0,0
platform_mediation,homogeneous__high,homogeneous,high,2674204685,joint_linear,LINEAR,a60b296d85d119ad,True,271.57429529335025,0.625,0.625,0.625,0.0,0.45625,0.9117647058823529,0.9117647058823529,18,42,48,0,0,664
platform_mediation,homogeneous__high,homogeneous,high,2674204685,joint_cobb_douglas,COBB_DOUGLAS,a60b296d85d119ad,True,266.5957408436968,0.625,0.625,0.625,0.0,0.45625,0.9117647058823529,0.9117647058823529,18,42,48,0,0,691
platform_mediation,homogeneous__high,homogeneous,high,2674204685,joint_ces,CES,a60b296d85d119ad,True,269.33742722696974,0.625,0.625,0.625,0.0,0.45625,0.9117647058823529,0.9117647058823529,18,42,48,0,0,661
platform_mediation,homogeneous__high,homogeneous,high,2674204685,joint_leontief,LEONTIEF,a60b296d85d119ad,True,350.536035594763,0.625,0.625,0.625,0.0,0.45625,0.9117647058823529,0.9117647058823529,18,42,48,0,0,702
platform_mediation,homogeneous__high,homogeneous,high,1292470117,equal,none,523e58ec0dfd5dd7,True,,0.6041666666666666,0.5,0.53125,0.0,0.4083333333333334,0.8856900931414056,0.8856900931414056,19,24,64,0,0,0
platform_mediation,homogeneous__high,homogeneous,high,1292470117,drf,none,523e58ec0dfd5dd7,True,,0.625,0.625,0.625,0.0,0.41875,0.8738357324301439,0.8760611205432938,18,24,66,0,0,0
platform_mediation,homogeneous__high,homogeneous,high,1292470117,decomposed_cobb_douglas,COBB_DOUGLAS,523e58ec0dfd5dd7,True,264.6424596501425,0.6041666666666666,0.5,0.53125,0.0,0.4083333333333334,0.8856900931414056,0.8856900931414056,19,24,64,0,0,0
platform_mediation,homogeneous__high,homogeneous,high,1292470117,joint_linear,LINEAR,523e58ec0dfd5dd7,True,270.038444953042,0.6041666666666666,0.5,0.53125,0.0,0.4083333333333334,0.8856900931414056,0.8856900931414056,19,24,64,0,0,671
platform_mediation,homogeneous__high,homogeneous,high,1292470117,joint_cobb_douglas,COBB_DOUGLAS,523e58ec0dfd5dd7,True,264.6424596501425,0.6041666666666666,0.5,0.53125,0.0,0.4083333333333334,0.8856900931414056,0.8856900931414056,19,24,64,0,0,724
platform_mediation,homogeneous__high,homogeneous,high,1292470117,joint_ces,CES,523e58ec0dfd5dd7,True,267.6078360015264,0.6041666666666666,0.5,0.53125,0.0,0.4083333333333334,0.8856900931414056,0.8856900931414056,19,24,64,0,0,691
platform_mediation,homogeneous__high,homogeneous,high,1292470117,joint_leontief,LEONTIEF,523e58ec0dfd5dd7,True,348.2681690508879,0.6041666666666666,0.5,0.53125,0.0,0.4083333333333334,0.8856900931414056,0.8856900931414056,19,24,64,0,0,689
platform_mediation,homogeneous__high,homogeneous,high,2920738147,equal,none,b03ad20488762672,True,,0.625,0.625,0.625,0.0,0.41875,0.8782978723404256,0.8782978723404256,18,24,66,0,0,0
platform_mediation,homogeneous__high,homogeneous,high,2920738147,drf,none,b03ad20488762672,True,,0.625,0.625,0.625,0.0,0.41875,0.8782978723404256,0.879045996592845,18,24,66,0,0,0
platform_mediation,homogeneous__high,homogeneous,high,2920738147,decomposed_cobb_douglas,COBB_DOUGLAS,b03ad20488762672,True,265.4955055172501,0.625,0.625,0.625,0.0,0.41875,0.8782978723404256,0.8782978723404256,18,24,66,0,0,0
platform_mediation,homogeneous__high,homogeneous,high,2920738147,joint_linear,LINEAR,b03ad20488762672,True,271.0371036310238,0.625,0.625,0.625,0.0,0.41875,0.8782978723404256,0.8782978723404256,18,24,66,0,0,671
platform_mediation,homogeneous__high,homogeneous,high,2920738147,joint_cobb_douglas,COBB_DOUGLAS,b03ad20488762672,True,265.4955055172501,0.625,0.625,0.625,0.0,0.41875,0.8782978723404256,0.8782978723404256,18,24,66,0,0,727
platform_mediation,homogeneous__high,homogeneous,high,2920738147,joint_ces,CES,b03ad20488762672,True,268.6039617375419,0.625,0.625,0.625,0.0,0.41875,0.8782978723404256,0.8782978723404256,18,24,66,0,0,679
platform_mediation,homogeneous__high,homogeneous,high,2920738147,joint_leontief,LEONTIEF,b03ad20488762672,True,347.6167878018186,0.625,0.625,0.625,0.0,0.41875,0.8782978723404256,0.8782978723404256,18,24,66,0,0,633
platform_mediation,homogeneous__high,homogeneous,high,3908382780,equal,none,9458ae65ebb1fdcf,True,,0.5,0.5,0.5,0.0,0.36874999999999997,0.9142857142857143,0.9142857142857143,24,30,60,0,0,0
platform_mediation,homogeneous__high,homogeneous,high,3908382780,drf,none,9458ae65ebb1fdcf,True,,0.5,0.5,0.5,0.0,0.36874999999999997,0.9142857142857143,0.9149560117302052,24,30,60,0,0,0
platform_mediation,homogeneous__high,homogeneous,high,3908382780,decomposed_cobb_douglas,COBB_DOUGLAS,9458ae65ebb1fdcf,True,277.8108051257522,0.5,0.5,0.5,0.0,0.36874999999999997,0.9142857142857143,0.9142857142857143,24,30,60,0,0,0
platform_mediation,homogeneous__high,homogeneous,high,3908382780,joint_linear,LINEAR,9458ae65ebb1fdcf,True,283.2074607136065,0.5,0.5,0.5,0.0,0.36874999999999997,0.9142857142857143,0.9142857142857143,24,30,60,0,0,637
platform_mediation,homogeneous__high,homogeneous,high,3908382780,joint_cobb_douglas,COBB_DOUGLAS,9458ae65ebb1fdcf,True,277.81080512575227,0.5,0.5,0.5,0.0,0.36874999999999997,0.9142857142857143,0.9142857142857143,24,30,60,0,0,662
platform_mediation,homogeneous__high,homogeneous,high,3908382780,joint_ces,CES,9458ae65ebb1fdcf,True,280.96458783943916,0.5,0.5,0.5,0.0,0.36874999999999997,0.9142857142857143,0.9142857142857143,24,30,60,0,0,649
platform_mediation,homogeneous__high,homogeneous,high,3908382780,joint_leontief,LEONTIEF,9458ae65ebb1fdcf,True,357.0222545873875,0.5,0.5,0.5,0.0,0.36874999999999997,0.9142857142857143,0.9142857142857143,24,30,60,0,0,663
platform_mediation,homogeneous__high,homogeneous,high,3702805796,equal,none,2defd9edc8182692,True,,0.5208333333333334,0.5,0.5,0.08333333333333333,0.371875,0.9018112488083889,0.9018112488083889,23,24,57,0,0,0
platform_mediation,homogeneous__high,homogeneous,high,3702805796,drf,none,2defd9edc8182692,True,,0.5,0.5,0.5,0.125,0.3625,0.9008579599618685,0.9025787965616046,24,21,57,0,0,0
platform_mediation,homogeneous__high,homogeneous,high,3702805796,decomposed_cobb_douglas,COBB_DOUGLAS,2defd9edc8182692,True,259.422665648097,0.5208333333333334,0.5,0.5,0.08333333333333333,0.371875,0.9018112488083889,0.9018112488083889,23,24,57,0,0,0
platform_mediation,homogeneous__high,homogeneous,high,3702805796,joint_linear,LINEAR,2defd9edc8182692,True,265.28552860711756,0.5208333333333334,0.5,0.5,0.08333333333333333,0.371875,0.9018112488083889,0.9018112488083889,23,24,57,0,0,665
platform_mediation,homogeneous__high,homogeneous,high,3702805796,joint_cobb_douglas,COBB_DOUGLAS,2defd9edc8182692,True,259.422665648097,0.5,0.5,0.5,0.125,0.36250000000000004,0.9008579599618685,0.9008579599618685,24,21,57,0,0,704
platform_mediation,homogeneous__high,homogeneous,high,3702805796,joint_ces,CES,2defd9edc8182692,True,262.7636916685512,0.5208333333333334,0.5,0.5,0.08333333333333333,0.371875,0.9018112488083889,0.9018112488083889,23,24,57,0,0,719
platform_mediation,homogeneous__high,homogeneous,high,3702805796,joint_leontief,LEONTIEF,2defd9edc8182692,True,339.55103329638854,0.5208333333333334,0.5,0.5,0.08333333333333333,0.371875,0.9018112488083889,0.9018112488083889,23,24,57,0,0,708
platform_mediation,homogeneous__high,homogeneous,high,3197105139,equal,none,953a3481258dc429,True,,0.25,0.25,0.25,0.0,0.17500000000000002,0.8211284513805522,0.8211284513805522,36,6,30,0,0,0
platform_mediation,homogeneous__high,homogeneous,high,3197105139,drf,none,953a3481258dc429,True,,0.25,0.25,0.25,0.0,0.17500000000000002,0.8211284513805522,0.8231046931407943,36,6,30,0,0,0
platform_mediation,homogeneous__high,homogeneous,high,3197105139,decomposed_cobb_douglas,COBB_DOUGLAS,953a3481258dc429,True,239.60368171289568,0.25,0.25,0.25,0.0,0.17500000000000002,0.8211284513805522,0.8211284513805522,36,6,30,0,0,0
platform_mediation,homogeneous__high,homogeneous,high,3197105139,joint_linear,LINEAR,953a3481258dc429,True,244.0593997235597,0.25,0.25,0.25,0.0,0.17500000000000002,0.8211284513805522,0.8211284513805522,36,6,30,0,0,729
platform_mediation,homogeneous__high,homogeneous,high,3197105139,joint_cobb_douglas,COBB_DOUGLAS,953a3481258dc429,True,239.60368171289568,0.25,0.25,0.25,0.0,0.17500000000000002,0.8211284513805522,0.8211284513805522,36,6,30,0,0,714
platform_mediation,homogeneous__high,homogeneous,high,3197105139,joint_ces,CES,953a3481258dc429,True,241.9903727485604,0.25,0.25,0.25,0.0,0.17500000000000002,0.8211284513805522,0.8211284513805522,36,6,30,0,0,666
platform_mediation,homogeneous__high,homogeneous,high,3197105139,joint_leontief,LEONTIEF,953a3481258dc429,True,324.7104899717733,0.25,0.25,0.25,0.0,0.17500000000000002,0.8211284513805522,0.8211284513805522,36,6,30,0,0,679
platform_mediation,homogeneous__high,homogeneous,high,1691113419,equal,none,151ac3b3c9fee812,True,,0.625,0.625,0.625,0.0,0.425,0.9079754601226994,0.9079754601226994,18,30,54,0,0,0
platform_mediation,homogeneous__high,homogeneous,high,1691113419,drf,none,151ac3b3c9fee812,True,,0.625,0.625,0.625,0.0,0.425,0.9079754601226994,0.9079754601226994,18,30,54,0,0,0
platform_mediation,homogeneous__high,homogeneous,high,1691113419,decomposed_cobb_douglas,COBB_DOUGLAS,151ac3b3c9fee812,True,252.54131865978025,0.625,0.625,0.625,0.0,0.425,0.9079754601226994,0.9079754601226994,18,30,54,0,0,0
platform_mediation,homogeneous__high,homogeneous,high,1691113419,joint_linear,LINEAR,151ac3b3c9fee812,True,258.0798659360766,0.625,0.625,0.625,0.0,0.425,0.9079754601226994,0.9079754601226994,18,30,54,0,0,705
platform_mediation,homogeneous__high,homogeneous,high,1691113419,joint_cobb_douglas,COBB_DOUGLAS,151ac3b3c9fee812,True,252.54131865978025,0.625,0.625,0.625,0.0,0.425,0.9079754601226994,0.9079754601226994,18,30,54,0,0,684
platform_mediation,homogeneous__high,homogeneous,high,1691113419,joint_ces,CES,151ac3b3c9fee812,True,255.59642508472086,0.625,0.625,0.625,0.0,0.425,0.9079754601226994,0.9079754601226994,18,30,54,0,0,636
platform_mediation,homogeneous__high,homogeneous,high,1691113419,joint_leontief,LEONTIEF,151ac3b3c9fee812,True,335.2565740843157,0.625,0.625,0.625,0.0,0.425,0.9079754601226994,0.9079754601226994,18,30,54,0,0,666
platform_mediation,homogeneous__high,homogeneous,high,671286643,equal,none,ee3be31413213d1a,True,,0.3958333333333333,0.375,0.375,0.4166666666666667,0.2989583333333334,0.9195596951735817,0.9195596951735817,29,9,54,0,0,0
platform_mediation,homogeneous__high,homogeneous,high,671286643,drf,none,ee3be31413213d1a,True,,0.375,0.375,0.375,0.5,0.28750000000000003,0.9144792548687553,0.9168081494057725,30,6,54,0,0,0
platform_mediation,homogeneous__high,homogeneous,high,671286643,decomposed_cobb_douglas,COBB_DOUGLAS,ee3be31413213d1a,True,264.6424596501425,0.3958333333333333,0.375,0.375,0.4166666666666667,0.2989583333333334,0.9195596951735817,0.9195596951735817,29,9,54,0,0,0
platform_mediation,homogeneous__high,homogeneous,high,671286643,joint_linear,LINEAR,ee3be31413213d1a,True,270.038444953042,0.3958333333333333,0.375,0.375,0.4166666666666667,0.2989583333333334,0.9195596951735817,0.9195596951735817,29,9,54,0,0,677
platform_mediation,homogeneous__high,homogeneous,high,671286643,joint_cobb_douglas,COBB_DOUGLAS,ee3be31413213d1a,True,264.6424596501425,0.3958333333333333,0.375,0.375,0.4166666666666667,0.2989583333333334,0.9195596951735817,0.9195596951735817,29,9,54,0,0,751
platform_mediation,homogeneous__high,homogeneous,high,671286643,joint_ces,CES,ee3be31413213d1a,True,267.6078360015264,0.3958333333333333,0.375,0.375,0.4166666666666667,0.2989583333333334,0.9195596951735817,0.9195596951735817,29,9,54,0,0,787
platform_mediation,homogeneous__high,homogeneous,high,671286643,joint_leontief,LEONTIEF,ee3be31413213d1a,True,348.2681690508879,0.3958333333333333,0.375,0.375,0.4166666666666667,0.2989583333333334,0.9195596951735817,0.9195596951735817,29,9,54,0,0,749
platform_mediation,homogeneous__high,homogeneous,high,1926286813,equal,none,ce9d63437a6dc034,True,,0.625,0.625,0.625,0.0,0.41250000000000003,0.9355608591885441,0.9355608591885441,18,18,78,0,0,0
platform_mediation,homogeneous__high,homogeneous,high,1926286813,drf,none,ce9d63437a6dc034,True,,0.625,0.625,0.625,0.0,0.41250000000000003,0.9355608591885441,0.937799043062201,18,18,78,0,0,0
platform_mediation,homogeneous__high,homogeneous,high,1926286813,decomposed_cobb_douglas,COBB_DOUGLAS,ce9d63437a6dc034,True,269.333135550242,0.625,0.625,0.625,0.0,0.41250000000000003,0.9355608591885441,0.9355608591885441,18,18,78,0,0,0
platform_mediation,homogeneous__high,homogeneous,high,1926286813,joint_linear,LINEAR,ce9d63437a6dc034,True,274.9652752907847,0.625,0.625,0.625,0.0,0.41250000000000003,0.9355608591885441,0.9355608591885441,18,18,78,0,0,735
platform_mediation,homogeneous__high,homogeneous,high,1926286813,joint_cobb_douglas,COBB_DOUGLAS,ce9d63437a6dc034,True,269.333135550242,0.625,0.625,0.625,0.0,0.41250000000000003,0.9355608591885441,0.9355608591885441,18,18,78,0,0,715
platform_mediation,homogeneous__high,homogeneous,high,1926286813,joint_ces,CES,ce9d63437a6dc034,True,272.4473920056639,0.625,0.625,0.625,0.0,0.41250000000000003,0.9355608591885441,0.9355608591885441,18,18,78,0,0,656
platform_mediation,homogeneous__high,homogeneous,high,1926286813,joint_leontief,LEONTIEF,ce9d63437a6dc034,True,352.3588174405133,0.625,0.625,0.625,0.0,0.41250000000000003,0.9355608591885441,0.9355608591885441,18,18,78,0,0,676
platform_mediation,homogeneous__high,homogeneous,high,1756340731,equal,none,4c52999bfc651a6d,True,,0.625,0.625,0.625,0.0,0.48125,0.9202226345083488,0.9202226345083488,18,48,54,0,0,0
platform_mediation,homogeneous__high,homogeneous,high,1756340731,drf,none,4c52999bfc651a6d,True,,0.625,0.625,0.625,0.0,0.48125,0.9202226345083488,0.9230769230769231,18,48,54,0,0,0
platform_mediation,homogeneous__high,homogeneous,high,1756340731,decomposed_cobb_douglas,COBB_DOUGLAS,4c52999bfc651a6d,True,286.55405375335243,0.625,0.625,0.625,0.0,0.48125,0.9202226345083488,0.9202226345083488,18,48,54,0,0,0
platform_mediation,homogeneous__high,homogeneous,high,1756340731,joint_linear,LINEAR,4c52999bfc651a6d,True,291.6910774621308,0.625,0.625,0.625,0.0,0.48125,0.9202226345083488,0.9202226345083488,18,48,54,0,0,658
platform_mediation,homogeneous__high,homogeneous,high,1756340731,joint_cobb_douglas,COBB_DOUGLAS,4c52999bfc651a6d,True,286.55405375335243,0.625,0.625,0.625,0.0,0.48125,0.9202226345083488,0.9202226345083488,18,48,54,0,0,674
platform_mediation,homogeneous__high,homogeneous,high,1756340731,joint_ces,CES,4c52999bfc651a6d,True,289.4690214466478,0.625,0.625,0.625,0.0,0.48125,0.9202226345083488,0.9202226345083488,18,48,54,0,0,677
platform_mediation,homogeneous__high,homogeneous,high,1756340731,joint_leontief,LEONTIEF,4c52999bfc651a6d,True,369.125526280717,0.625,0.625,0.625,0.0,0.48125,0.9202226345083488,0.9202226345083488,18,48,54,0,0,699
platform_mediation,homogeneous__high,homogeneous,high,3625984936,equal,none,d081940f0ccaf310,True,,0.625,0.625,0.625,0.0,0.41875,0.9781990521327014,0.9781990521327014,18,24,66,0,0,0
platform_mediation,homogeneous__high,homogeneous,high,3625984936,drf,none,d081940f0ccaf310,True,,0.625,0.625,0.625,0.0,0.41875,0.9781990521327014,0.9781990521327014,18,24,66,0,0,0
platform_mediation,homogeneous__high,homogeneous,high,3625984936,decomposed_cobb_douglas,COBB_DOUGLAS,d081940f0ccaf310,True,258.22800997863493,0.625,0.625,0.625,0.0,0.41875,0.9781990521327014,0.9781990521327014,18,24,66,0,0,0
platform_mediation,homogeneous__high,homogeneous,high,3625984936,joint_linear,LINEAR,d081940f0ccaf310,True,264.03475574617175,0.625,0.625,0.625,0.0,0.41875,0.9781990521327014,0.9781990521327014,18,24,66,0,0,678
platform_mediation,homogeneous__high,homogeneous,high,3625984936,joint_cobb_douglas,COBB_DOUGLAS,d081940f0ccaf310,True,258.22800997863493,0.625,0.625,0.625,0.0,0.41875,0.9781990521327014,0.9781990521327014,18,24,66,0,0,658
platform_mediation,homogeneous__high,homogeneous,high,3625984936,joint_ces,CES,d081940f0ccaf310,True,261.45518544765434,0.625,0.625,0.625,0.0,0.41875,0.9781990521327014,0.9781990521327014,18,24,66,0,0,675
platform_mediation,homogeneous__high,homogeneous,high,3625984936,joint_leontief,LEONTIEF,d081940f0ccaf310,True,340.2817305099826,0.625,0.625,0.625,0.0,0.41875,0.9781990521327014,0.9781990521327014,18,24,66,0,0,704
platform_mediation,homogeneous__high,homogeneous,high,1686198194,equal,none,97b018bf24e5ffb3,True,,0.625,0.625,0.625,0.28571428571428564,0.496875,0.9584799437016186,0.9584799437016186,18,30,60,0,0,0
platform_mediation,homogeneous__high,homogeneous,high,1686198194,drf,none,97b018bf24e5ffb3,True,,0.625,0.625,0.625,0.28571428571428564,0.496875,0.9584799437016186,0.9611856033874383,18,30,60,0,0,0
platform_mediation,homogeneous__high,homogeneous,high,1686198194,decomposed_cobb_douglas,COBB_DOUGLAS,97b018bf24e5ffb3,True,277.272315572775,0.625,0.625,0.625,0.28571428571428564,0.496875,0.9584799437016186,0.9584799437016186,18,30,60,0,0,0
platform_mediation,homogeneous__high,homogeneous,high,1686198194,joint_linear,LINEAR,97b018bf24e5ffb3,True,282.35056918559866,0.625,0.625,0.625,0.28571428571428564,0.496875,0.9584799437016186,0.9584799437016186,18,30,60,0,0,637
platform_mediation,homogeneous__high,homogeneous,high,1686198194,joint_cobb_douglas,COBB_DOUGLAS,97b018bf24e5ffb3,True,277.272315572775,0.625,0.625,0.625,0.28571428571428564,0.496875,0.9584799437016186,0.9584799437016186,18,30,60,0,0,653
platform_mediation,homogeneous__high,homogeneous,high,1686198194,joint_ces,CES,97b018bf24e5ffb3,True,280.1144885879399,0.625,0.625,0.625,0.28571428571428564,0.496875,0.9584799437016186,0.9584799437016186,18,30,60,0,0,673
platform_mediation,homogeneous__high,homogeneous,high,1686198194,joint_leontief,LEONTIEF,97b018bf24e5ffb3,True,360.43454956448534,0.625,0.625,0.625,0.28571428571428564,0.496875,0.9584799437016186,0.9584799437016186,18,30,60,0,0,680
platform_mediation,homogeneous__high,homogeneous,high,1531647349,equal,none,4849c540dc13278d,True,,0.4375,0.375,0.375,0.125,0.3359375,0.941830624465355,0.941830624465355,27,27,48,0,0,0
platform_mediation,homogeneous__high,homogeneous,high,1531647349,drf,none,4849c540dc13278d,True,,0.4166666666666667,0.375,0.375,0.16666666666666666,0.3229166666666667,0.9409751924721984,0.9425878320479862,28,24,48,0,0,0
platform_mediation,homogeneous__high,homogeneous,high,1531647349,decomposed_cobb_douglas,COBB_DOUGLAS,4849c540dc13278d,True,266.7901015257962,0.4375,0.375,0.375,0.125,0.3359375,0.941830624465355,0.941830624465355,27,27,48,0,0,0
platform_mediation,homogeneous__high,homogeneous,high,1531647349,joint_linear,LINEAR,4849c540dc13278d,True,272.3283723488428,0.4375,0.375,0.375,0.125,0.3359375,0.941830624465355,0.941830624465355,27,27,48,0,0,664
platform_mediation,homogeneous__high,homogeneous,high,1531647349,joint_cobb_douglas,COBB_DOUGLAS,4849c540dc13278d,True,266.7901015257962,0.4375,0.375,0.375,0.125,0.3359375,0.941830624465355,0.941830624465355,27,27,48,0,0,656
platform_mediation,homogeneous__high,homogeneous,high,1531647349,joint_ces,CES,4849c540dc13278d,True,269.98064704501905,0.4375,0.375,0.375,0.125,0.3359375,0.941830624465355,0.941830624465355,27,27,48,0,0,659
platform_mediation,homogeneous__high,homogeneous,high,1531647349,joint_leontief,LEONTIEF,4849c540dc13278d,True,346.70116873040024,0.4375,0.375,0.375,0.125,0.3359375,0.941830624465355,0.941830624465355,27,27,48,0,0,674
platform_mediation,homogeneous__high,homogeneous,high,2888331012,equal,none,81f5466c595fbbfb,True,,0.5,0.5,0.5,0.0,0.38125000000000003,0.9465648854961832,0.9465648854961832,24,30,60,0,0,0
platform_mediation,homogeneous__high,homogeneous,high,2888331012,drf,none,81f5466c595fbbfb,True,,0.4791666666666667,0.375,0.40625,0.05555555555555555,0.3697916666666667,0.9427480916030534,0.9445506692160612,25,27,60,0,0,0
platform_mediation,homogeneous__high,homogeneous,high,2888331012,decomposed_cobb_douglas,COBB_DOUGLAS,81f5466c595fbbfb,True,284.9245432397739,0.5,0.5,0.5,0.0,0.38125000000000003,0.9465648854961832,0.9465648854961832,24,30,60,0,0,0
platform_mediation,homogeneous__high,homogeneous,high,2888331012,joint_linear,LINEAR,81f5466c595fbbfb,True,290.36717501087986,0.5,0.5,0.5,0.0,0.38125000000000003,0.9465648854961832,0.9465648854961832,24,30,60,0,0,691
platform_mediation,homogeneous__high,homogeneous,high,2888331012,joint_cobb_douglas,COBB_DOUGLAS,81f5466c595fbbfb,True,284.9245432397739,0.5,0.5,0.5,0.0,0.38125000000000003,0.9465648854961832,0.9465648854961832,24,30,60,0,0,731
platform_mediation,homogeneous__high,homogeneous,high,2888331012,joint_ces,CES,81f5466c595fbbfb,True,287.99815845949774,0.5,0.5,0.5,0.0,0.38125000000000003,0.9465648854961832,0.9465648854961832,24,30,60,0,0,708
platform_mediation,homogeneous__high,homogeneous,high,2888331012,joint_leontief,LEONTIEF,81f5466c595fbbfb,True,367.2923892280311,0.5,0.5,0.5,0.0,0.38125000000000003,0.9465648854961832,0.9465648854961832,24,30,60,0,0,709
platform_mediation,homogeneous__high,homogeneous,high,451724184,equal,none,2a9e4f04332235e1,True,,0.5,0.5,0.5,0.3333333333333333,0.375,0.9421487603305785,0.9421487603305785,24,12,72,0,0,0
platform_mediation,homogeneous__high,homogeneous,high,451724184,drf,none,2a9e4f04332235e1,True,,0.5,0.5,0.5,0.3333333333333333,0.375,0.9421487603305785,0.9440993788819876,24,12,72,0,0,0
platform_mediation,homogeneous__high,homogeneous,high,451724184,decomposed_cobb_douglas,COBB_DOUGLAS,2a9e4f04332235e1,True,279.5045506354576,0.5,0.5,0.5,0.3333333333333333,0.375,0.9421487603305785,0.9421487603305785,24,12,72,0,0,0
platform_mediation,homogeneous__high,homogeneous,high,451724184,joint_linear,LINEAR,2a9e4f04332235e1,True,285.14107163437177,0.5,0.5,0.5,0.3333333333333333,0.375,0.9421487603305785,0.9421487603305785,24,12,72,0,0,677
platform_mediation,homogeneous__high,homogeneous,high,451724184,joint_cobb_douglas,COBB_DOUGLAS,2a9e4f04332235e1,True,279.5045506354576,0.5,0.5,0.5,0.3333333333333333,0.375,0.9421487603305785,0.9421487603305785,24,12,72,0,0,715
platform_mediation,homogeneous__high,homogeneous,high,451724184,joint_ces,CES,2a9e4f04332235e1,True,282.66148225869813,0.5,0.5,0.5,0.3333333333333333,0.375,0.9421487603305785,0.9421487603305785,24,12,72,0,0,691
platform_mediation,homogeneous__high,homogeneous,high,451724184,joint_leontief,LEONTIEF,2a9e4f04332235e1,True,361.7965517848295,0.5,0.5,0.5,0.3333333333333333,0.375,0.9421487603305785,0.9421487603305785,24,12,72,0,0,762
platform_mediation,homogeneous__high,homogeneous,high,4227415741,equal,none,4d843babae17ae32,True,,0.5,0.5,0.5,0.0,0.35000000000000003,0.9104046242774566,0.9104046242774566,24,18,66,0,0,0
platform_mediation,homogeneous__high,homogeneous,high,4227415741,drf,none,4d843babae17ae32,True,,0.5,0.5,0.5,0.0,0.35000000000000003,0.9104046242774566,0.9104046242774566,24,18,66,0,0,0
platform_mediation,homogeneous__high,homogeneous,high,4227415741,decomposed_cobb_douglas,COBB_DOUGLAS,4d843babae17ae32,True,274.8692884308323,0.5,0.5,0.5,0.0,0.35000000000000003,0.9104046242774566,0.9104046242774566,24,18,66,0,0,0
platform_mediation,homogeneous__high,homogeneous,high,4227415741,joint_linear,LINEAR,4d843babae17ae32,True,280.129685651921,0.5,0.5,0.5,0.0,0.35000000000000003,0.9104046242774566,0.9104046242774566,24,18,66,0,0,690
platform_mediation,homogeneous__high,homogeneous,high,4227415741,joint_cobb_douglas,COBB_DOUGLAS,4d843babae17ae32,True,274.8692884308323,0.5,0.5,0.5,0.0,0.35000000000000003,0.9104046242774566,0.9104046242774566,24,18,66,0,0,661
platform_mediation,homogeneous__high,homogeneous,high,4227415741,joint_ces,CES,4d843babae17ae32,True,277.7504096049488,0.5,0.5,0.5,0.0,0.35000000000000003,0.9104046242774566,0.9104046242774566,24,18,66,0,0,738
platform_mediation,homogeneous__high,homogeneous,high,4227415741,joint_leontief,LEONTIEF,4d843babae17ae32,True,358.62703501425403,0.5,0.5,0.5,0.0,0.35000000000000003,0.9104046242774566,0.9104046242774566,24,18,66,0,0,695
platform_mediation,homogeneous__high,homogeneous,high,3514131031,equal,none,536025246276b3cc,True,,0.5,0.5,0.5,0.0,0.36874999999999997,0.9142857142857143,0.9142857142857143,24,30,60,0,0,0
platform_mediation,homogeneous__high,homogeneous,high,3514131031,drf,none,536025246276b3cc,True,,0.5,0.5,0.5,0.0,0.36874999999999997,0.9142857142857143,0.9149560117302052,24,30,60,0,0,0
platform_mediation,homogeneous__high,homogeneous,high,3514131031,decomposed_cobb_douglas,COBB_DOUGLAS,536025246276b3cc,True,277.8108051257522,0.5,0.5,0.5,0.0,0.36874999999999997,0.9142857142857143,0.9142857142857143,24,30,60,0,0,0
platform_mediation,homogeneous__high,homogeneous,high,3514131031,joint_linear,LINEAR,536025246276b3cc,True,283.2074607136065,0.5,0.5,0.5,0.0,0.36874999999999997,0.9142857142857143,0.9142857142857143,24,30,60,0,0,693
platform_mediation,homogeneous__high,homogeneous,high,3514131031,joint_cobb_douglas,COBB_DOUGLAS,536025246276b3cc,True,277.81080512575227,0.5,0.5,0.5,0.0,0.36874999999999997,0.9142857142857143,0.9142857142857143,24,30,60,0,0,745
platform_mediation,homogeneous__high,homogeneous,high,3514131031,joint_ces,CES,536025246276b3cc,True,280.96458783943916,0.5,0.5,0.5,0.0,0.36874999999999997,0.9142857142857143,0.9142857142857143,24,30,60,0,0,752
platform_mediation,homogeneous__high,homogeneous,high,3514131031,joint_leontief,LEONTIEF,536025246276b3cc,True,357.0222545873875,0.5,0.5,0.5,0.0,0.36874999999999997,0.9142857142857143,0.9142857142857143,24,30,60,0,0,677
platform_mediation,homogeneous__high,homogeneous,high,1544012997,equal,none,b93b7d82bcb1b398,True,,0.5,0.5,0.5,0.25,0.34375,0.9019792648444863,0.9019792648444863,24,9,63,0,0,0
platform_mediation,homogeneous__high,homogeneous,high,1544012997,drf,none,b93b7d82bcb1b398,True,,0.5,0.5,0.5,0.16666666666666666,0.33749999999999997,0.8803016022620169,0.8819641170915958,24,10,62,0,0,0
platform_mediation,homogeneous__high,homogeneous,high,1544012997,decomposed_cobb_douglas,COBB_DOUGLAS,b93b7d82bcb1b398,True,257.5396280113254,0.5,0.5,0.5,0.25,0.34375,0.9019792648444863,0.9019792648444863,24,9,63,0,0,0
platform_mediation,homogeneous__high,homogeneous,high,1544012997,joint_linear,LINEAR,b93b7d82bcb1b398,True,263.13281755385856,0.5,0.5,0.5,0.25,0.34375,0.9019792648444863,0.9019792648444863,24,9,63,0,0,674
platform_mediation,homogeneous__high,homogeneous,high,1544012997,joint_cobb_douglas,COBB_DOUGLAS,b93b7d82bcb1b398,True,257.5396280113254,0.5,0.5,0.5,0.16666666666666666,0.33749999999999997,0.8803016022620169,0.8803016022620169,24,10,62,0,0,799
platform_mediation,homogeneous__high,homogeneous,high,1544012997,joint_ces,CES,b93b7d82bcb1b398,True,260.5967277795794,0.5,0.5,0.5,0.25,0.34375,0.9019792648444863,0.9019792648444863,24,9,63,0,0,783
platform_mediation,homogeneous__high,homogeneous,high,1544012997,joint_leontief,LEONTIEF,b93b7d82bcb1b398,True,340.9578267292076,0.5,0.5,0.5,0.25,0.34375,0.9019792648444863,0.9019792648444863,24,9,63,0,0,847
platform_mediation,homogeneous__high,homogeneous,high,337649257,equal,none,87f43ae5a82b84b9,True,,0.5,0.5,0.5,0.0,0.36874999999999997,0.9490494296577947,0.9490494296577947,24,30,60,0,0,0
platform_mediation,homogeneous__high,homogeneous,high,337649257,drf,none,87f43ae5a82b84b9,True,,0.5,0.5,0.5,0.0,0.36874999999999997,0.9490494296577947,0.9490494296577947,24,30,60,0,0,0
platform_mediation,homogeneous__high,homogeneous,high,337649257,decomposed_cobb_douglas,COBB_DOUGLAS,87f43ae5a82b84b9,True,277.76616347016153,0.5,0.5,0.5,0.0,0.36874999999999997,0.9490494296577947,0.9490494296577947,24,30,60,0,0,0
platform_mediation,homogeneous__high,homogeneous,high,337649257,joint_linear,LINEAR,87f43ae5a82b84b9,True,283.17787748824367,0.5,0.5,0.5,0.0,0.36874999999999997,0.9490494296577947,0.9490494296577947,24,30,60,0,0,775
platform_mediation,homogeneous__high,homogeneous,high,337649257,joint_cobb_douglas,COBB_DOUGLAS,87f43ae5a82b84b9,True,277.76616347016153,0.5,0.5,0.5,0.0,0.36874999999999997,0.9490494296577947,0.9490494296577947,24,30,60,0,0,718
platform_mediation,homogeneous__high,homogeneous,high,337649257,joint_ces,CES,87f43ae5a82b84b9,True,280.9962291398753,0.5,0.5,0.5,0.0,0.36874999999999997,0.9490494296577947,0.9490494296577947,24,30,60,0,0,758
platform_mediation,homogeneous__high,homogeneous,high,337649257,joint_leontief,LEONTIEF,87f43ae5a82b84b9,True,353.99337830598233,0.5,0.5,0.5,0.0,0.36874999999999997,0.9490494296577947,0.9490494296577947,24,30,60,0,0,727
platform_mediation,homogeneous__high,homogeneous,high,4257801219,equal,none,0ccc8be4dd7c3e32,True,,0.5,0.5,0.5,0.0,0.35000000000000003,0.9156976744186046,0.9156976744186046,24,18,66,0,0,0
platform_mediation,homogeneous__high,homogeneous,high,4257801219,drf,none,0ccc8be4dd7c3e32,True,,0.5,0.5,0.5,0.0,0.35000000000000003,0.9156976744186046,0.9170305676855895,24,18,66,0,0,0
platform_mediation,homogeneous__high,homogeneous,high,4257801219,decomposed_cobb_douglas,COBB_DOUGLAS,0ccc8be4dd7c3e32,True,275.4456480799931,0.5,0.5,0.5,0.0,0.35000000000000003,0.9156976744186046,0.9156976744186046,24,18,66,0,0,0
platform_mediation,homogeneous__high,homogeneous,high,4257801219,joint_linear,LINEAR,0ccc8be4dd7c3e32,True,280.9011458801927,0.5,0.5,0.5,0.0,0.35000000000000003,0.9156976744186046,0.9156976744186046,24,18,66,0,0,678
platform_mediation,homogeneous__high,homogeneous,high,4257801219,joint_cobb_douglas,COBB_DOUGLAS,0ccc8be4dd7c3e32,True,275.4456480799931,0.5,0.5,0.5,0.0,0.35000000000000003,0.9156976744186046,0.9156976744186046,24,18,66,0,0,678
platform_mediation,homogeneous__high,homogeneous,high,4257801219,joint_ces,CES,0ccc8be4dd7c3e32,True,278.48569952037644,0.5,0.5,0.5,0.0,0.35000000000000003,0.9156976744186046,0.9156976744186046,24,18,66,0,0,680
platform_mediation,homogeneous__high,homogeneous,high,4257801219,joint_leontief,LEONTIEF,0ccc8be4dd7c3e32,True,358.1986283467987,0.5,0.5,0.5,0.0,0.35000000000000003,0.9156976744186046,0.9156976744186046,24,18,66,0,0,661
platform_mediation,homogeneous__high,homogeneous,high,4013564448,equal,none,6f242d054f6849da,True,,0.5,0.5,0.5,0.0,0.34375,0.9003083247687564,0.9003083247687564,24,24,54,0,0,0
platform_mediation,homogeneous__high,homogeneous,high,4013564448,drf,none,6f242d054f6849da,True,,0.5,0.5,0.5,0.0,0.34375,0.9003083247687564,0.9012345679012346,24,24,54,0,0,0
platform_mediation,homogeneous__high,homogeneous,high,4013564448,decomposed_cobb_douglas,COBB_DOUGLAS,6f242d054f6849da,True,253.76188307089015,0.5,0.5,0.5,0.0,0.34375,0.9003083247687564,0.9003083247687564,24,24,54,0,0,0
platform_mediation,homogeneous__high,homogeneous,high,4013564448,joint_linear,LINEAR,6f242d054f6849da,True,259.44257122340514,0.5,0.5,0.5,0.0,0.34375,0.9003083247687564,0.9003083247687564,24,24,54,0,0,682
platform_mediation,homogeneous__high,homogeneous,high,4013564448,joint_cobb_douglas,COBB_DOUGLAS,6f242d054f6849da,True,253.76188307089015,0.5,0.5,0.5,0.0,0.34375,0.9003083247687564,0.9003083247687564,24,24,54,0,0,671
platform_mediation,homogeneous__high,homogeneous,high,4013564448,joint_ces,CES,6f242d054f6849da,True,256.9777731715962,0.5,0.5,0.5,0.0,0.34375,0.9003083247687564,0.9003083247687564,24,24,54,0,0,681
platform_mediation,homogeneous__high,homogeneous,high,4013564448,joint_leontief,LEONTIEF,6f242d054f6849da,True,334.564086092115,0.5,0.5,0.5,0.0,0.34375,0.9003083247687564,0.9003083247687564,24,24,54,0,0,667
platform_mediation,homogeneous__high,homogeneous,high,2372456858,equal,none,081a2713dc53c102,True,,0.375,0.375,0.375,0.0,0.27499999999999997,0.8832,0.8832,30,18,54,0,0,0
platform_mediation,homogeneous__high,homogeneous,high,2372456858,drf,none,081a2713dc53c102,True,,0.375,0.375,0.375,0.0,0.27499999999999997,0.8832,0.8846153846153846,30,18,54,0,0,0
platform_mediation,homogeneous__high,homogeneous,high,2372456858,decomposed_cobb_douglas,COBB_DOUGLAS,081a2713dc53c102,True,270.1706114766031,0.375,0.375,0.375,0.0,0.27499999999999997,0.8832,0.8832,30,18,54,0,0,0
platform_mediation,homogeneous__high,homogeneous,high,2372456858,joint_linear,LINEAR,081a2713dc53c102,True,275.92643746502023,0.375,0.375,0.375,0.0,0.27499999999999997,0.8832,0.8832,30,18,54,0,0,713
platform_mediation,homogeneous__high,homogeneous,high,2372456858,joint_cobb_douglas,COBB_DOUGLAS,081a2713dc53c102,True,270.1706114766031,0.375,0.375,0.375,0.0,0.27499999999999997,0.8832,0.8832,30,18,54,0,0,669
platform_mediation,homogeneous__high,homogeneous,high,2372456858,joint_ces,CES,081a2713dc53c102,True,273.4168530856618,0.375,0.375,0.375,0.0,0.27499999999999997,0.8832,0.8832,30,18,54,0,0,708
platform_mediation,homogeneous__high,homogeneous,high,2372456858,joint_leontief,LEONTIEF,081a2713dc53c102,True,351.67168584809826,0.375,0.375,0.375,0.0,0.27499999999999997,0.8832,0.8832,30,18,54,0,0,772
platform_mediation,homogeneous__high,homogeneous,high,2839088607,equal,none,ffff1808706e40c3,True,,0.75,0.75,0.75,0.0,0.5375,0.9332113449222323,0.9332113449222323,12,54,54,0,0,0
platform_mediation,homogeneous__high,homogeneous,high,2839088607,drf,none,ffff1808706e40c3,True,,0.75,0.75,0.75,0.0,0.5375,0.9332113449222323,0.9332113449222323,12,54,54,0,0,0
platform_mediation,homogeneous__high,homogeneous,high,2839088607,decomposed_cobb_douglas,COBB_DOUGLAS,ffff1808706e40c3,True,261.72250321754484,0.75,0.75,0.75,0.0,0.5375,0.9332113449222323,0.9332113449222323,12,54,54,0,0,0
platform_mediation,homogeneous__high,homogeneous,high,2839088607,joint_linear,LINEAR,ffff1808706e40c3,True,267.08841368905206,0.75,0.75,0.75,0.0,0.5375,0.9332113449222323,0.9332113449222323,12,54,54,0,0,664
platform_mediation,homogeneous__high,homogeneous,high,2839088607,joint_cobb_douglas,COBB_DOUGLAS,ffff1808706e40c3,True,261.72250321754484,0.75,0.75,0.75,0.0,0.5375,0.9332113449222323,0.9332113449222323,12,54,54,0,0,657
platform_mediation,homogeneous__high,homogeneous,high,2839088607,joint_ces,CES,ffff1808706e40c3,True,264.799124801561,0.75,0.75,0.75,0.0,0.5375,0.9332113449222323,0.9332113449222323,12,54,54,0,0,689
platform_mediation,homogeneous__high,homogeneous,high,2839088607,joint_leontief,LEONTIEF,ffff1808706e40c3,True,342.2933213581918,0.75,0.75,0.75,0.0,0.5375,0.9332113449222323,0.9332113449222323,12,54,54,0,0,688
platform_mediation,homogeneous__high,homogeneous,high,4169499127,equal,none,4f0235d8ed187118,True,,0.625,0.625,0.625,0.08333333333333333,0.4625000000000001,0.9591240875912409,0.9591240875912409,18,33,63,0,0,0
platform_mediation,homogeneous__high,homogeneous,high,4169499127,drf,none,4f0235d8ed187118,True,,0.625,0.625,0.625,0.08333333333333333,0.4625000000000001,0.9591240875912409,0.9598246895544192,18,33,63,0,0,0
platform_mediation,homogeneous__high,homogeneous,high,4169499127,decomposed_cobb_douglas,COBB_DOUGLAS,4f0235d8ed187118,True,276.4204919072859,0.625,0.625,0.625,0.08333333333333333,0.4625000000000001,0.9591240875912409,0.9591240875912409,18,33,63,0,0,0
platform_mediation,homogeneous__high,homogeneous,high,4169499127,joint_linear,LINEAR,4f0235d8ed187118,True,281.92396718885567,0.625,0.625,0.625,0.08333333333333333,0.4625000000000001,0.9591240875912409,0.9591240875912409,18,33,63,0,0,673
platform_mediation,homogeneous__high,homogeneous,high,4169499127,joint_cobb_douglas,COBB_DOUGLAS,4f0235d8ed187118,True,276.42049190728596,0.625,0.625,0.625,0.08333333333333333,0.4625000000000001,0.9591240875912409,0.9591240875912409,18,33,63,0,0,805
platform_mediation,homogeneous__high,homogeneous,high,4169499127,joint_ces,CES,4f0235d8ed187118,True,279.554353924268,0.625,0.625,0.625,0.08333333333333333,0.4625000000000001,0.9591240875912409,0.9591240875912409,18,33,63,0,0,738
platform_mediation,homogeneous__high,homogeneous,high,4169499127,joint_leontief,LEONTIEF,4f0235d8ed187118,True,357.68033564458085,0.625,0.625,0.625,0.08333333333333333,0.4625000000000001,0.9591240875912409,0.9591240875912409,18,33,63,0,0,783
platform_mediation,homogeneous__high,homogeneous,high,3502941747,equal,none,26df30b18012a061,True,,0.625,0.625,0.625,0.0,0.44375000000000003,0.9003083247687564,0.9003083247687564,18,42,48,0,0,0
platform_mediation,homogeneous__high,homogeneous,high,3502941747,drf,none,26df30b18012a061,True,,0.625,0.625,0.625,0.0,0.44375000000000003,0.9003083247687564,0.9012345679012346,18,42,48,0,0,0
platform_mediation,homogeneous__high,homogeneous,high,3502941747,decomposed_cobb_douglas,COBB_DOUGLAS,26df30b18012a061,True,253.76188307089015,0.625,0.625,0.625,0.0,0.44375000000000003,0.9003083247687564,0.9003083247687564,18,42,48,0,0,0
platform_mediation,homogeneous__high,homogeneous,high,3502941747,joint_linear,LINEAR,26df30b18012a061,True,259.44257122340514,0.625,0.625,0.625,0.0,0.44375000000000003,0.9003083247687564,0.9003083247687564,18,42,48,0,0,776
platform_mediation,homogeneous__high,homogeneous,high,3502941747,joint_cobb_douglas,COBB_DOUGLAS,26df30b18012a061,True,253.76188307089015,0.625,0.625,0.625,0.0,0.44375000000000003,0.9003083247687564,0.9003083247687564,18,42,48,0,0,777
platform_mediation,homogeneous__high,homogeneous,high,3502941747,joint_ces,CES,26df30b18012a061,True,256.9777731715962,0.625,0.625,0.625,0.0,0.44375000000000003,0.9003083247687564,0.9003083247687564,18,42,48,0,0,885
platform_mediation,homogeneous__high,homogeneous,high,3502941747,joint_leontief,LEONTIEF,26df30b18012a061,True,334.564086092115,0.625,0.625,0.625,0.0,0.44375000000000003,0.9003083247687564,0.9003083247687564,18,42,48,0,0,763
platform_mediation,homogeneous__high,homogeneous,high,982350133,equal,none,9e3035b205ee9a94,True,,0.5,0.5,0.5,0.20833333333333334,0.3770833333333334,0.9648,0.9648,24,19,59,0,0,0
platform_mediation,homogeneous__high,homogeneous,high,982350133,drf,none,9e3035b205ee9a94,True,,0.5,0.5,0.5,0.20833333333333334,0.3770833333333334,0.9648,0.9663461538461539,24,19,59,0,0,0
platform_mediation,homogeneous__high,homogeneous,high,982350133,decomposed_cobb_douglas,COBB_DOUGLAS,9e3035b205ee9a94,True,270.1706114766031,0.5,0.5,0.5,0.20833333333333334,0.3770833333333334,0.9648,0.9648,24,19,59,0,0,0
platform_mediation,homogeneous__high,homogeneous,high,982350133,joint_linear,LINEAR,9e3035b205ee9a94,True,275.92643746502023,0.5,0.5,0.5,0.20833333333333334,0.3770833333333334,0.9648,0.9648,24,19,59,0,0,794
platform_mediation,homogeneous__high,homogeneous,high,982350133,joint_cobb_douglas,COBB_DOUGLAS,9e3035b205ee9a94,True,270.1706114766031,0.5,0.5,0.5,0.20833333333333334,0.3770833333333334,0.9648,0.9648,24,19,59,0,0,882
platform_mediation,homogeneous__high,homogeneous,high,982350133,joint_ces,CES,9e3035b205ee9a94,True,273.4168530856618,0.5,0.5,0.5,0.20833333333333334,0.3770833333333334,0.9648,0.9648,24,19,59,0,0,744
platform_mediation,homogeneous__high,homogeneous,high,982350133,joint_leontief,LEONTIEF,9e3035b205ee9a94,True,351.67168584809826,0.5,0.5,0.5,0.20833333333333334,0.3770833333333334,0.9648,0.9648,24,19,59,0,0,752
platform_mediation,homogeneous__high,homogeneous,high,393673796,equal,none,b8d3d8aac7682085,True,,0.625,0.625,0.625,0.0,0.46249999999999997,0.9659958362248439,0.9659958362248439,18,42,66,0,0,0
platform_mediation,homogeneous__high,homogeneous,high,393673796,drf,none,b8d3d8aac7682085,True,,0.625,0.625,0.625,0.0,0.46249999999999997,0.9659958362248439,0.9659958362248439,18,42,66,0,0,0
platform_mediation,homogeneous__high,homogeneous,high,393673796,decomposed_cobb_douglas,COBB_DOUGLAS,b8d3d8aac7682085,True,281.8716111672447,0.625,0.625,0.625,0.0,0.46249999999999997,0.9659958362248439,0.9659958362248439,18,42,66,0,0,0
platform_mediation,homogeneous__high,homogeneous,high,393673796,joint_linear,LINEAR,b8d3d8aac7682085,True,287.3744522166902,0.625,0.625,0.625,0.0,0.46249999999999997,0.9659958362248439,0.9659958362248439,18,42,66,0,0,743
platform_mediation,homogeneous__high,homogeneous,high,393673796,joint_cobb_douglas,COBB_DOUGLAS,b8d3d8aac7682085,True,281.8716111672447,0.625,0.625,0.625,0.0,0.46249999999999997,0.9659958362248439,0.9659958362248439,18,42,66,0,0,694
platform_mediation,homogeneous__high,homogeneous,high,393673796,joint_ces,CES,b8d3d8aac7682085,True,285.0961835755324,0.625,0.625,0.625,0.0,0.46249999999999997,0.9659958362248439,0.9659958362248439,18,42,66,0,0,646
platform_mediation,homogeneous__high,homogeneous,high,393673796,joint_leontief,LEONTIEF,b8d3d8aac7682085,True,360.54550590885697,0.625,0.625,0.625,0.0,0.46249999999999997,0.9659958362248439,0.9659958362248439,18,42,66,0,0,711
platform_mediation,homogeneous__high,homogeneous,high,2629958476,equal,none,819603e0e5cafc55,True,,0.5,0.5,0.5,0.0,0.36874999999999997,0.9490494296577947,0.9490494296577947,24,30,60,0,0,0
platform_mediation,homogeneous__high,homogeneous,high,2629958476,drf,none,819603e0e5cafc55,True,,0.5,0.5,0.5,0.0,0.36874999999999997,0.9490494296577947,0.9490494296577947,24,30,60,0,0,0
platform_mediation,homogeneous__high,homogeneous,high,2629958476,decomposed_cobb_douglas,COBB_DOUGLAS,819603e0e5cafc55,True,277.76616347016153,0.5,0.5,0.5,0.0,0.36874999999999997,0.9490494296577947,0.9490494296577947,24,30,60,0,0,0
platform_mediation,homogeneous__high,homogeneous,high,2629958476,joint_linear,LINEAR,819603e0e5cafc55,True,283.17787748824367,0.5,0.5,0.5,0.0,0.36874999999999997,0.9490494296577947,0.9490494296577947,24,30,60,0,0,686
platform_mediation,homogeneous__high,homogeneous,high,2629958476,joint_cobb_douglas,COBB_DOUGLAS,819603e0e5cafc55,True,277.76616347016153,0.5,0.5,0.5,0.0,0.36874999999999997,0.9490494296577947,0.9490494296577947,24,30,60,0,0,661
platform_mediation,homogeneous__high,homogeneous,high,2629958476,joint_ces,CES,819603e0e5cafc55,True,280.9962291398753,0.5,0.5,0.5,0.0,0.36874999999999997,0.9490494296577947,0.9490494296577947,24,30,60,0,0,665
platform_mediation,homogeneous__high,homogeneous,high,2629958476,joint_leontief,LEONTIEF,819603e0e5cafc55,True,353.99337830598233,0.5,0.5,0.5,0.0,0.36874999999999997,0.9490494296577947,0.9490494296577947,24,30,60,0,0,663
platform_mediation,homogeneous__high,homogeneous,high,1057080905,equal,none,99ceabb40c2fb27a,True,,0.3958333333333333,0.375,0.375,0.27777777777777773,0.2963541666666667,0.8687552921253175,0.8687552921253175,29,14,44,0,0,0
platform_mediation,homogeneous__high,homogeneous,high,1057080905,drf,none,99ceabb40c2fb27a,True,,0.375,0.375,0.375,0.3333333333333333,0.284375,0.8535139712108383,0.8556876061120543,30,12,42,0,0,0
platform_mediation,homogeneous__high,homogeneous,high,1057080905,decomposed_cobb_douglas,COBB_DOUGLAS,99ceabb40c2fb27a,True,264.6424596501425,0.3958333333333333,0.375,0.375,0.27777777777777773,0.2963541666666667,0.8687552921253175,0.8687552921253175,29,14,44,0,0,0
platform_mediation,homogeneous__high,homogeneous,high,1057080905,joint_linear,LINEAR,99ceabb40c2fb27a,True,270.038444953042,0.3958333333333333,0.375,0.375,0.27777777777777773,0.29635416666666664,0.8687552921253175,0.8687552921253175,29,14,44,0,0,704
platform_mediation,homogeneous__high,homogeneous,high,1057080905,joint_cobb_douglas,COBB_DOUGLAS,99ceabb40c2fb27a,True,264.6424596501425,0.3958333333333333,0.375,0.375,0.27777777777777773,0.2963541666666667,0.8687552921253175,0.8687552921253175,29,14,44,0,0,692
platform_mediation,homogeneous__high,homogeneous,high,1057080905,joint_ces,CES,99ceabb40c2fb27a,True,267.6078360015264,0.3958333333333333,0.375,0.375,0.27777777777777773,0.29635416666666664,0.8687552921253175,0.8687552921253175,29,14,44,0,0,707
platform_mediation,homogeneous__high,homogeneous,high,1057080905,joint_leontief,LEONTIEF,99ceabb40c2fb27a,True,348.2681690508879,0.3958333333333333,0.375,0.375,0.27777777777777773,0.29635416666666664,0.8687552921253175,0.8687552921253175,29,14,44,0,0,692
platform_mediation,homogeneous__high,homogeneous,high,1604409309,equal,none,ba83d80365fe73a7,True,,0.625,0.625,0.625,0.0,0.45625,0.9676280164802825,0.9676280164802825,18,30,72,0,0,0
platform_mediation,homogeneous__high,homogeneous,high,1604409309,drf,none,ba83d80365fe73a7,True,,0.625,0.625,0.625,0.0,0.45625,0.9676280164802825,0.9676280164802825,18,30,72,0,0,0
platform_mediation,homogeneous__high,homogeneous,high,1604409309,decomposed_cobb_douglas,COBB_DOUGLAS,ba83d80365fe73a7,True,289.20971881268866,0.625,0.625,0.625,0.0,0.45625,0.9676280164802825,0.9676280164802825,18,30,72,0,0,0
platform_mediation,homogeneous__high,homogeneous,high,1604409309,joint_linear,LINEAR,ba83d80365fe73a7,True,294.4122922221814,0.625,0.625,0.625,0.0,0.45625,0.9676280164802825,0.9676280164802825,18,30,72,0,0,650
platform_mediation,homogeneous__high,homogeneous,high,1604409309,joint_cobb_douglas,COBB_DOUGLAS,ba83d80365fe73a7,True,289.20971881268866,0.625,0.625,0.625,0.0,0.45625,0.9676280164802825,0.9676280164802825,18,30,72,0,0,713
platform_mediation,homogeneous__high,homogeneous,high,1604409309,joint_ces,CES,ba83d80365fe73a7,True,292.1158601960617,0.625,0.625,0.625,0.0,0.45625,0.9676280164802825,0.9676280164802825,18,30,72,0,0,707
platform_mediation,homogeneous__high,homogeneous,high,1604409309,joint_leontief,LEONTIEF,ba83d80365fe73a7,True,372.19777818721155,0.625,0.625,0.625,0.0,0.45625,0.9676280164802825,0.9676280164802825,18,30,72,0,0,698
platform_mediation,homogeneous__high,homogeneous,high,4099760167,equal,none,3b9eb57c435531bf,True,,0.3958333333333333,0.375,0.375,0.4166666666666667,0.309375,0.9407281964436918,0.9407281964436918,29,9,54,0,0,0
platform_mediation,homogeneous__high,homogeneous,high,4099760167,drf,none,3b9eb57c435531bf,True,,0.375,0.375,0.375,0.5,0.30000000000000004,0.9398814563928873,0.9422750424448217,30,6,54,0,0,0
platform_mediation,homogeneous__high,homogeneous,high,4099760167,decomposed_cobb_douglas,COBB_DOUGLAS,3b9eb57c435531bf,True,264.6424596501425,0.3958333333333333,0.375,0.375,0.4166666666666667,0.309375,0.9407281964436918,0.9407281964436918,29,9,54,0,0,0
platform_mediation,homogeneous__high,homogeneous,high,4099760167,joint_linear,LINEAR,3b9eb57c435531bf,True,270.038444953042,0.3958333333333333,0.375,0.375,0.4166666666666667,0.309375,0.9407281964436918,0.9407281964436918,29,9,54,0,0,687
platform_mediation,homogeneous__high,homogeneous,high,4099760167,joint_cobb_douglas,COBB_DOUGLAS,3b9eb57c435531bf,True,264.6424596501425,0.3958333333333333,0.375,0.375,0.4166666666666667,0.309375,0.9407281964436918,0.9407281964436918,29,9,54,0,0,689
platform_mediation,homogeneous__high,homogeneous,high,4099760167,joint_ces,CES,3b9eb57c435531bf,True,267.6078360015264,0.3958333333333333,0.375,0.375,0.4166666666666667,0.309375,0.9407281964436918,0.9407281964436918,29,9,54,0,0,645
platform_mediation,homogeneous__high,homogeneous,high,4099760167,joint_leontief,LEONTIEF,3b9eb57c435531bf,True,348.2681690508879,0.3958333333333333,0.375,0.375,0.4166666666666667,0.309375,0.9407281964436918,0.9407281964436918,29,9,54,0,0,703
platform_mediation,homogeneous__high,homogeneous,high,3735612715,equal,none,7e2a4e19864916e5,True,,0.625,0.625,0.625,0.0,0.41250000000000003,0.9355608591885441,0.9355608591885441,18,18,78,0,0,0
platform_mediation,homogeneous__high,homogeneous,high,3735612715,drf,none,7e2a4e19864916e5,True,,0.625,0.625,0.625,0.0,0.41250000000000003,0.9355608591885441,0.937799043062201,18,18,78,0,0,0
platform_mediation,homogeneous__high,homogeneous,high,3735612715,decomposed_cobb_douglas,COBB_DOUGLAS,7e2a4e19864916e5,True,269.333135550242,0.625,0.625,0.625,0.0,0.41250000000000003,0.9355608591885441,0.9355608591885441,18,18,78,0,0,0
platform_mediation,homogeneous__high,homogeneous,high,3735612715,joint_linear,LINEAR,7e2a4e19864916e5,True,274.9652752907847,0.625,0.625,0.625,0.0,0.41250000000000003,0.9355608591885441,0.9355608591885441,18,18,78,0,0,726
platform_mediation,homogeneous__high,homogeneous,high,3735612715,joint_cobb_douglas,COBB_DOUGLAS,7e2a4e19864916e5,True,269.333135550242,0.625,0.625,0.625,0.0,0.41250000000000003,0.9355608591885441,0.9355608591885441,18,18,78,0,0,640
platform_mediation,homogeneous__high,homogeneous,high,3735612715,joint_ces,CES,7e2a4e19864916e5,True,272.4473920056639,0.625,0.625,0.625,0.0,0.41250000000000003,0.9355608591885441,0.9355608591885441,18,18,78,0,0,697
platform_mediation,homogeneous__high,homogeneous,high,3735612715,joint_leontief,LEONTIEF,7e2a4e19864916e5,True,352.3588174405133,0.625,0.625,0.625,0.0,0.41250000000000003,0.9355608591885441,0.9355608591885441,18,18,78,0,0,698
platform_mediation,homogeneous__high,homogeneous,high,51741177,equal,none,23ba316c38f0a5df,True,,0.375,0.375,0.375,0.3333333333333333,0.3125,0.8903225806451613,0.8903225806451613,30,12,60,0,0,0
platform_mediation,homogeneous__high,homogeneous,high,51741177,drf,none,23ba316c38f0a5df,True,,0.375,0.375,0.375,0.3333333333333333,0.3125,0.8903225806451613,0.8916008614501076,30,12,60,0,0,0
platform_mediation,homogeneous__high,homogeneous,high,51741177,decomposed_cobb_douglas,COBB_DOUGLAS,23ba316c38f0a5df,True,280.05288539053674,0.375,0.375,0.375,0.3333333333333333,0.3125,0.8903225806451613,0.8903225806451613,30,12,60,0,0,0
platform_mediation,homogeneous__high,homogeneous,high,51741177,joint_linear,LINEAR,23ba316c38f0a5df,True,285.9722976707132,0.375,0.375,0.375,0.3333333333333333,0.3125,0.8903225806451613,0.8903225806451613,30,12,60,0,0,667
platform_mediation,homogeneous__high,homogeneous,high,51741177,joint_cobb_douglas,COBB_DOUGLAS,23ba316c38f0a5df,True,280.05288539053674,0.375,0.375,0.375,0.3333333333333333,0.3125,0.8903225806451613,0.8903225806451613,30,12,60,0,0,644
platform_mediation,homogeneous__high,homogeneous,high,51741177,joint_ces,CES,23ba316c38f0a5df,True,283.50028959392154,0.375,0.375,0.375,0.3333333333333333,0.3125,0.8903225806451613,0.8903225806451613,30,12,60,0,0,708
platform_mediation,homogeneous__high,homogeneous,high,51741177,joint_leontief,LEONTIEF,23ba316c38f0a5df,True,358.45427432552026,0.375,0.375,0.375,0.3333333333333333,0.3125,0.8903225806451613,0.8903225806451613,30,12,60,0,0,673
platform_mediation,homogeneous__high,homogeneous,high,2195958065,equal,none,3c0e539198b86d36,True,,0.625,0.625,0.625,0.0,0.4500000000000001,0.972972972972973,0.972972972972973,18,36,60,0,0,0
platform_mediation,homogeneous__high,homogeneous,high,2195958065,drf,none,3c0e539198b86d36,True,,0.625,0.625,0.625,0.0,0.4500000000000001,0.972972972972973,0.974477958236659,18,36,60,0,0,0
platform_mediation,homogeneous__high,homogeneous,high,2195958065,decomposed_cobb_douglas,COBB_DOUGLAS,3c0e539198b86d36,True,272.1587948498548,0.625,0.625,0.625,0.0,0.4500000000000001,0.972972972972973,0.972972972972973,18,36,60,0,0,0
platform_mediation,homogeneous__high,homogeneous,high,2195958065,joint_linear,LINEAR,3c0e539198b86d36,True,277.4845915876302,0.625,0.625,0.625,0.0,0.4500000000000001,0.972972972972973,0.972972972972973,18,36,60,0,0,694
platform_mediation,homogeneous__high,homogeneous,high,2195958065,joint_cobb_douglas,COBB_DOUGLAS,3c0e539198b86d36,True,272.1587948498548,0.625,0.625,0.625,0.0,0.4500000000000001,0.972972972972973,0.972972972972973,18,36,60,0,0,681
platform_mediation,homogeneous__high,homogeneous,high,2195958065,joint_ces,CES,3c0e539198b86d36,True,275.1772256499611,0.625,0.625,0.625,0.0,0.4500000000000001,0.972972972972973,0.972972972972973,18,36,60,0,0,665
platform_mediation,homogeneous__high,homogeneous,high,2195958065,joint_leontief,LEONTIEF,3c0e539198b86d36,True,353.96410388226946,0.625,0.625,0.625,0.0,0.4500000000000001,0.972972972972973,0.972972972972973,18,36,60,0,0,672
platform_mediation,homogeneous__high,homogeneous,high,3393137307,equal,none,4791f9de784e3aa0,True,,0.5,0.5,0.5,0.0,0.35624999999999996,0.9491525423728814,0.9500471253534402,24,30,60,0,0,0
platform_mediation,homogeneous__high,homogeneous,high,3393137307,drf,none,4791f9de784e3aa0,True,,0.5,0.5,0.5,0.0,0.35624999999999996,0.9491525423728814,0.9518413597733711,24,30,60,0,0,0
platform_mediation,homogeneous__high,homogeneous,high,3393137307,decomposed_cobb_douglas,COBB_DOUGLAS,4791f9de784e3aa0,True,271.9236195349112,0.5,0.5,0.5,0.0,0.35624999999999996,0.9491525423728814,0.9500471253534402,24,30,60,0,0,0
platform_mediation,homogeneous__high,homogeneous,high,3393137307,joint_linear,LINEAR,4791f9de784e3aa0,True,274.44939134865564,0.5,0.5,0.5,0.0,0.35624999999999996,0.9491525423728814,0.9500471253534402,24,30,60,0,0,695
platform_mediation,homogeneous__high,homogeneous,high,3393137307,joint_cobb_douglas,COBB_DOUGLAS,4791f9de784e3aa0,True,271.9236195349112,0.5,0.5,0.5,0.0,0.35624999999999996,0.9491525423728814,0.9500471253534402,24,30,60,0,0,660
platform_mediation,homogeneous__high,homogeneous,high,3393137307,joint_ces,CES,4791f9de784e3aa0,True,273.23673680552713,0.5,0.5,0.5,0.0,0.35624999999999996,0.9491525423728814,0.9500471253534402,24,30,60,0,0,699
platform_mediation,homogeneous__high,homogeneous,high,3393137307,joint_leontief,LEONTIEF,4791f9de784e3aa0,True,341.3041425479997,0.5,0.5,0.5,0.0,0.35624999999999996,0.9491525423728814,0.9500471253534402,24,30,60,0,0,687
platform_mediation,homogeneous__high,homogeneous,high,4037738779,equal,none,0c93305fe1f1fcb4,True,,0.5,0.5,0.5,0.0,0.32499999999999996,0.9015228426395939,0.9015228426395939,24,12,60,0,0,0
platform_mediation,homogeneous__high,homogeneous,high,4037738779,drf,none,0c93305fe1f1fcb4,True,,0.5,0.5,0.5,0.0,0.32499999999999996,0.9015228426395939,0.9033570701932858,24,12,60,0,0,0
platform_mediation,homogeneous__high,homogeneous,high,4037738779,decomposed_cobb_douglas,COBB_DOUGLAS,0c93305fe1f1fcb4,True,252.01005989611585,0.5,0.5,0.5,0.0,0.32499999999999996,0.9015228426395939,0.9015228426395939,24,12,60,0,0,0
platform_mediation,homogeneous__high,homogeneous,high,4037738779,joint_linear,LINEAR,0c93305fe1f1fcb4,True,257.2948500163551,0.5,0.5,0.5,0.0,0.32499999999999996,0.9015228426395939,0.9015228426395939,24,12,60,0,0,674
platform_mediation,homogeneous__high,homogeneous,high,4037738779,joint_cobb_douglas,COBB_DOUGLAS,0c93305fe1f1fcb4,True,252.01005989611588,0.5,0.5,0.5,0.0,0.32499999999999996,0.9015228426395939,0.9015228426395939,24,12,60,0,0,684
platform_mediation,homogeneous__high,homogeneous,high,4037738779,joint_ces,CES,0c93305fe1f1fcb4,True,254.88015615722387,0.5,0.5,0.5,0.0,0.32499999999999996,0.9015228426395939,0.9015228426395939,24,12,60,0,0,616
platform_mediation,homogeneous__high,homogeneous,high,4037738779,joint_leontief,LEONTIEF,0c93305fe1f1fcb4,True,335.85049543651695,0.5,0.5,0.5,0.0,0.32499999999999996,0.9015228426395939,0.9015228426395939,24,12,60,0,0,743
platform_mediation,homogeneous__high,homogeneous,high,1174050403,equal,none,b7b89aac43a2d3d8,True,,0.4583333333333333,0.375,0.375,0.16666666666666666,0.36041666666666666,0.9348484848484848,0.9348484848484848,26,24,58,0,0,0
platform_mediation,homogeneous__high,homogeneous,high,1174050403,drf,none,b7b89aac43a2d3d8,True,,0.4583333333333333,0.375,0.375,0.16666666666666666,0.36041666666666666,0.9348484848484848,0.9348484848484848,26,24,58,0,0,0
platform_mediation,homogeneous__high,homogeneous,high,1174050403,decomposed_cobb_douglas,COBB_DOUGLAS,b7b89aac43a2d3d8,True,275.91627979809624,0.4583333333333333,0.375,0.375,0.16666666666666666,0.36041666666666666,0.9348484848484848,0.9348484848484848,26,24,58,0,0,0
platform_mediation,homogeneous__high,homogeneous,high,1174050403,joint_linear,LINEAR,b7b89aac43a2d3d8,True,281.71994795835303,0.4583333333333333,0.375,0.375,0.16666666666666666,0.3604166666666666,0.9348484848484848,0.9348484848484848,26,24,58,0,0,684
platform_mediation,homogeneous__high,homogeneous,high,1174050403,joint_cobb_douglas,COBB_DOUGLAS,b7b89aac43a2d3d8,True,275.91627979809624,0.4583333333333333,0.375,0.375,0.16666666666666666,0.36041666666666666,0.9348484848484848,0.9348484848484848,26,24,58,0,0,669
platform_mediation,homogeneous__high,homogeneous,high,1174050403,joint_ces,CES,b7b89aac43a2d3d8,True,279.28629531192126,0.4583333333333333,0.375,0.375,0.16666666666666666,0.3604166666666666,0.9348484848484848,0.9348484848484848,26,24,58,0,0,663
platform_mediation,homogeneous__high,homogeneous,high,1174050403,joint_leontief,LEONTIEF,b7b89aac43a2d3d8,True,354.78413008720963,0.4583333333333333,0.375,0.375,0.16666666666666666,0.3604166666666666,0.9348484848484848,0.9348484848484848,26,24,58,0,0,643
platform_mediation,homogeneous__high,homogeneous,high,864096138,equal,none,46703a1322ee8671,True,,0.625,0.625,0.625,0.16666666666666666,0.47500000000000003,0.9301204819277108,0.9301204819277108,18,30,66,0,0,0
platform_mediation,homogeneous__high,homogeneous,high,864096138,drf,none,46703a1322ee8671,True,,0.625,0.625,0.625,0.16666666666666666,0.47500000000000003,0.9301204819277108,0.9316170555108608,18,30,66,0,0,0
platform_mediation,homogeneous__high,homogeneous,high,864096138,decomposed_cobb_douglas,COBB_DOUGLAS,46703a1322ee8671,True,271.5249830097081,0.625,0.625,0.625,0.16666666666666666,0.47500000000000003,0.9301204819277108,0.9301204819277108,18,30,66,0,0,0
platform_mediation,homogeneous__high,homogeneous,high,864096138,joint_linear,LINEAR,46703a1322ee8671,True,277.2272166237051,0.625,0.625,0.625,0.16666666666666666,0.47500000000000003,0.9301204819277108,0.9301204819277108,18,30,66,0,0,654
platform_mediation,homogeneous__high,homogeneous,high,864096138,joint_cobb_douglas,COBB_DOUGLAS,46703a1322ee8671,True,271.5249830097081,0.625,0.625,0.625,0.16666666666666666,0.47500000000000003,0.9301204819277108,0.9301204819277108,18,30,66,0,0,654
platform_mediation,homogeneous__high,homogeneous,high,864096138,joint_ces,CES,46703a1322ee8671,True,274.8234639198723,0.625,0.625,0.625,0.16666666666666666,0.47500000000000003,0.9301204819277108,0.9301204819277108,18,30,66,0,0,676
platform_mediation,homogeneous__high,homogeneous,high,864096138,joint_leontief,LEONTIEF,46703a1322ee8671,True,350.78734252075924,0.625,0.625,0.625,0.16666666666666666,0.47500000000000003,0.9301204819277108,0.9301204819277108,18,30,66,0,0,670
platform_mediation,homogeneous__high,homogeneous,high,4190564643,equal,none,d489a28e2dc0b13f,True,,0.375,0.375,0.375,0.0,0.27499999999999997,0.926605504587156,0.926605504587156,30,12,48,0,0,0
platform_mediation,homogeneous__high,homogeneous,high,4190564643,drf,none,d489a28e2dc0b13f,True,,0.375,0.375,0.375,0.0,0.27499999999999997,0.926605504587156,0.926605504587156,30,12,48,0,0,0
platform_mediation,homogeneous__high,homogeneous,high,4190564643,decomposed_cobb_douglas,COBB_DOUGLAS,d489a28e2dc0b13f,True,270.61901394853066,0.375,0.375,0.375,0.0,0.27499999999999997,0.926605504587156,0.926605504587156,30,12,48,0,0,0
platform_mediation,homogeneous__high,homogeneous,high,4190564643,joint_linear,LINEAR,d489a28e2dc0b13f,True,275.63780606138835,0.375,0.375,0.375,0.0,0.27499999999999997,0.926605504587156,0.926605504587156,30,12,48,0,0,670
platform_mediation,homogeneous__high,homogeneous,high,4190564643,joint_cobb_douglas,COBB_DOUGLAS,d489a28e2dc0b13f,True,270.6190139485306,0.375,0.375,0.375,0.0,0.27499999999999997,0.926605504587156,0.926605504587156,30,12,48,0,0,649
platform_mediation,homogeneous__high,homogeneous,high,4190564643,joint_ces,CES,d489a28e2dc0b13f,True,273.35197839083094,0.375,0.375,0.375,0.0,0.27499999999999997,0.926605504587156,0.926605504587156,30,12,48,0,0,713
platform_mediation,homogeneous__high,homogeneous,high,4190564643,joint_leontief,LEONTIEF,d489a28e2dc0b13f,True,354.77103449264473,0.375,0.375,0.375,0.0,0.27499999999999997,0.926605504587156,0.926605504587156,30,12,48,0,0,714
platform_mediation,homogeneous__high,homogeneous,high,1508656717,equal,none,346c6e2f7d3b998e,True,,0.625,0.625,0.625,0.0,0.4375,0.9155844155844156,0.9155844155844156,18,30,54,0,0,0
platform_mediation,homogeneous__high,homogeneous,high,1508656717,drf,none,346c6e2f7d3b998e,True,,0.625,0.625,0.625,0.0,0.4375,0.9155844155844156,0.9178193653376729,18,30,54,0,0,0
platform_mediation,homogeneous__high,homogeneous,high,1508656717,decomposed_cobb_douglas,COBB_DOUGLAS,346c6e2f7d3b998e,True,266.11728764228957,0.625,0.625,0.625,0.0,0.4375,0.9155844155844156,0.9155844155844156,18,30,54,0,0,0
platform_mediation,homogeneous__high,homogeneous,high,1508656717,joint_linear,LINEAR,346c6e2f7d3b998e,True,270.8617726055682,0.625,0.625,0.625,0.0,0.4375,0.9155844155844156,0.9155844155844156,18,30,54,0,0,672
platform_mediation,homogeneous__high,homogeneous,high,1508656717,joint_cobb_douglas,COBB_DOUGLAS,346c6e2f7d3b998e,True,266.1172876422895,0.625,0.625,0.625,0.0,0.4375,0.9155844155844156,0.9155844155844156,18,30,54,0,0,660
platform_mediation,homogeneous__high,homogeneous,high,1508656717,joint_ces,CES,346c6e2f7d3b998e,True,268.6848425939131,0.625,0.625,0.625,0.0,0.4375,0.9155844155844156,0.9155844155844156,18,30,54,0,0,706
platform_mediation,homogeneous__high,homogeneous,high,1508656717,joint_leontief,LEONTIEF,346c6e2f7d3b998e,True,350.74643150946235,0.625,0.625,0.625,0.0,0.4375,0.9155844155844156,0.9155844155844156,18,30,54,0,0,725
platform_mediation,homogeneous__high,homogeneous,high,2991435733,equal,none,f8d492bc72312fa1,True,,0.5,0.5,0.5,0.25,0.3718750000000001,0.9265988372093024,0.9265988372093024,24,18,60,0,0,0
platform_mediation,homogeneous__high,homogeneous,high,2991435733,drf,none,f8d492bc72312fa1,True,,0.5,0.5,0.5,0.25,0.3718750000000001,0.9265988372093024,0.9279475982532751,24,18,60,0,0,0
platform_mediation,homogeneous__high,homogeneous,high,2991435733,decomposed_cobb_douglas,COBB_DOUGLAS,f8d492bc72312fa1,True,275.4456480799931,0.5,0.5,0.5,0.25,0.3718750000000001,0.9265988372093024,0.9265988372093024,24,18,60,0,0,0
platform_mediation,homogeneous__high,homogeneous,high,2991435733,joint_linear,LINEAR,f8d492bc72312fa1,True,280.9011458801927,0.5,0.5,0.5,0.25,0.3718750000000001,0.9265988372093024,0.9265988372093024,24,18,60,0,0,759
platform_mediation,homogeneous__high,homogeneous,high,2991435733,joint_cobb_douglas,COBB_DOUGLAS,f8d492bc72312fa1,True,275.4456480799931,0.5,0.5,0.5,0.25,0.3718750000000001,0.9265988372093024,0.9265988372093024,24,18,60,0,0,733
platform_mediation,homogeneous__high,homogeneous,high,2991435733,joint_ces,CES,f8d492bc72312fa1,True,278.48569952037644,0.5,0.5,0.5,0.25,0.3718750000000001,0.9265988372093024,0.9265988372093024,24,18,60,0,0,719
platform_mediation,homogeneous__high,homogeneous,high,2991435733,joint_leontief,LEONTIEF,f8d492bc72312fa1,True,358.1986283467987,0.5,0.5,0.5,0.25,0.3718750000000001,0.9265988372093024,0.9265988372093024,24,18,60,0,0,683
platform_mediation,homogeneous__high,homogeneous,high,3028696073,equal,none,753a6ba76990a622,True,,0.5,0.5,0.5,0.3333333333333333,0.38749999999999996,0.943108504398827,0.943108504398827,24,12,72,0,0,0
platform_mediation,homogeneous__high,homogeneous,high,3028696073,drf,none,753a6ba76990a622,True,,0.5,0.5,0.5,0.3333333333333333,0.38749999999999996,0.943108504398827,0.9436619718309859,24,12,72,0,0,0
platform_mediation,homogeneous__high,homogeneous,high,3028696073,decomposed_cobb_douglas,COBB_DOUGLAS,753a6ba76990a622,True,288.59361663195824,0.5,0.5,0.5,0.3333333333333333,0.38749999999999996,0.943108504398827,0.943108504398827,24,12,72,0,0,0
platform_mediation,homogeneous__high,homogeneous,high,3028696073,joint_linear,LINEAR,753a6ba76990a622,True,293.68852588440325,0.5,0.5,0.5,0.3333333333333333,0.38749999999999996,0.943108504398827,0.943108504398827,24,12,72,0,0,632
platform_mediation,homogeneous__high,homogeneous,high,3028696073,joint_cobb_douglas,COBB_DOUGLAS,753a6ba76990a622,True,288.59361663195824,0.5,0.5,0.5,0.3333333333333333,0.38749999999999996,0.943108504398827,0.943108504398827,24,12,72,0,0,688
platform_mediation,homogeneous__high,homogeneous,high,3028696073,joint_ces,CES,753a6ba76990a622,True,291.39583518730836,0.5,0.5,0.5,0.3333333333333333,0.38749999999999996,0.943108504398827,0.943108504398827,24,12,72,0,0,659
platform_mediation,homogeneous__high,homogeneous,high,3028696073,joint_leontief,LEONTIEF,753a6ba76990a622,True,372.2859784840167,0.5,0.5,0.5,0.3333333333333333,0.38749999999999996,0.943108504398827,0.943108504398827,24,12,72,0,0,681
platform_mediation,homogeneous__high,homogeneous,high,2585591775,equal,none,bc606701eb48f9a8,True,,0.5625,0.5,0.5,0.0,0.41250000000000003,0.9085318985395849,0.9085318985395849,21,36,54,0,0,0
platform_mediation,homogeneous__high,homogeneous,high,2585591775,drf,none,bc606701eb48f9a8,True,,0.5416666666666666,0.5,0.5,0.0,0.39999999999999997,0.8885472713297463,0.8906009244992296,22,36,52,0,0,0
platform_mediation,homogeneous__high,homogeneous,high,2585591775,decomposed_cobb_douglas,COBB_DOUGLAS,bc606701eb48f9a8,True,271.20263734110057,0.5625,0.5,0.5,0.0,0.41250000000000003,0.9085318985395849,0.9085318985395849,21,36,54,0,0,0
platform_mediation,homogeneous__high,homogeneous,high,2585591775,joint_linear,LINEAR,bc606701eb48f9a8,True,276.4290029945761,0.5625,0.5,0.5,0.0,0.41250000000000003,0.9085318985395849,0.9085318985395849,21,36,54,0,0,663
platform_mediation,homogeneous__high,homogeneous,high,2585591775,joint_cobb_douglas,COBB_DOUGLAS,bc606701eb48f9a8,True,271.20263734110057,0.5625,0.5,0.5,0.0,0.41250000000000003,0.9085318985395849,0.9085318985395849,21,36,54,0,0,667
platform_mediation,homogeneous__high,homogeneous,high,2585591775,joint_ces,CES,bc606701eb48f9a8,True,274.09927084769373,0.5625,0.5,0.5,0.0,0.41250000000000003,0.9085318985395849,0.9085318985395849,21,36,54,0,0,641
platform_mediation,homogeneous__high,homogeneous,high,2585591775,joint_leontief,LEONTIEF,bc606701eb48f9a8,True,354.54418609176196,0.5625,0.5,0.5,0.0,0.41250000000000003,0.9085318985395849,0.9085318985395849,21,36,54,0,0,664
platform_mediation,homogeneous__high,homogeneous,high,3523196356,equal,none,cb61c251602f91bb,True,,0.375,0.375,0.375,0.0,0.26875,0.8500590318772137,0.8500590318772137,30,24,42,0,0,0
platform_mediation,homogeneous__high,homogeneous,high,3523196356,drf,none,cb61c251602f91bb,True,,0.375,0.375,0.375,0.0,0.26875,0.8500590318772137,0.8520710059171598,30,24,42,0,0,0
platform_mediation,homogeneous__high,homogeneous,high,3523196356,decomposed_cobb_douglas,COBB_DOUGLAS,cb61c251602f91bb,True,246.65683558512328,0.375,0.375,0.375,0.0,0.26875,0.8500590318772137,0.8500590318772137,30,24,42,0,0,0
platform_mediation,homogeneous__high,homogeneous,high,3523196356,joint_linear,LINEAR,cb61c251602f91bb,True,252.64994014282536,0.375,0.375,0.375,0.0,0.26875,0.8500590318772137,0.8500590318772137,30,24,42,0,0,667
platform_mediation,homogeneous__high,homogeneous,high,3523196356,joint_cobb_douglas,COBB_DOUGLAS,cb61c251602f91bb,True,246.65683558512328,0.375,0.375,0.375,0.0,0.26875,0.8500590318772137,0.8500590318772137,30,24,42,0,0,680
platform_mediation,homogeneous__high,homogeneous,high,3523196356,joint_ces,CES,cb61c251602f91bb,True,250.12345052080792,0.375,0.375,0.375,0.0,0.26875,0.8500590318772137,0.8500590318772137,30,24,42,0,0,653
platform_mediation,homogeneous__high,homogeneous,high,3523196356,joint_leontief,LEONTIEF,cb61c251602f91bb,True,324.8369412111988,0.375,0.375,0.375,0.0,0.26875,0.8500590318772137,0.8500590318772137,30,24,42,0,0,651
platform_mediation,homogeneous__high,homogeneous,high,2706213763,equal,none,45b4e2fb3b0ceda5,True,,0.5,0.5,0.5,0.5,0.41875,0.9644171779141104,0.9644171779141104,24,12,66,0,0,0
platform_mediation,homogeneous__high,homogeneous,high,2706213763,drf,none,45b4e2fb3b0ceda5,True,,0.5,0.5,0.5,0.5,0.41875,0.9644171779141104,0.9644171779141104,24,12,66,0,0,0
platform_mediation,homogeneous__high,homogeneous,high,2706213763,decomposed_cobb_douglas,COBB_DOUGLAS,45b4e2fb3b0ceda5,True,285.18741406190185,0.5,0.5,0.5,0.5,0.41875,0.9644171779141104,0.9644171779141104,24,12,66,0,0,0
platform_mediation,homogeneous__high,homogeneous,high,2706213763,joint_linear,LINEAR,45b4e2fb3b0ceda5,True,290.0708559562789,0.5,0.5,0.5,0.5,0.41875,0.9644171779141104,0.9644171779141104,24,12,66,0,0,655
platform_mediation,homogeneous__high,homogeneous,high,2706213763,joint_cobb_douglas,COBB_DOUGLAS,45b4e2fb3b0ceda5,True,285.18741406190185,0.5,0.5,0.5,0.5,0.41875,0.9644171779141104,0.9644171779141104,24,12,66,0,0,666
platform_mediation,homogeneous__high,homogeneous,high,2706213763,joint_ces,CES,45b4e2fb3b0ceda5,True,287.86078360329134,0.5,0.5,0.5,0.5,0.41875,0.9644171779141104,0.9644171779141104,24,12,66,0,0,708
platform_mediation,homogeneous__high,homogeneous,high,2706213763,joint_leontief,LEONTIEF,45b4e2fb3b0ceda5,True,369.31232560716114,0.5,0.5,0.5,0.5,0.41875,0.9644171779141104,0.9644171779141104,24,12,66,0,0,700
platform_mediation,homogeneous__high,homogeneous,high,1721814664,equal,none,7813c0afe1a79cd5,True,,0.5,0.5,0.5,0.0,0.35625,0.9497872340425532,0.9497872340425532,24,24,54,0,0,0
platform_mediation,homogeneous__high,homogeneous,high,1721814664,drf,none,7813c0afe1a79cd5,True,,0.5,0.5,0.5,0.0,0.35625,0.9497872340425532,0.9505962521294719,24,24,54,0,0,0
platform_mediation,homogeneous__high,homogeneous,high,1721814664,decomposed_cobb_douglas,COBB_DOUGLAS,7813c0afe1a79cd5,True,265.4955055172501,0.5,0.5,0.5,0.0,0.35625,0.9497872340425532,0.9497872340425532,24,24,54,0,0,0
platform_mediation,homogeneous__high,homogeneous,high,1721814664,joint_linear,LINEAR,7813c0afe1a79cd5,True,271.0371036310238,0.5,0.5,0.5,0.0,0.35625,0.9497872340425532,0.9497872340425532,24,24,54,0,0,672
platform_mediation,homogeneous__high,homogeneous,high,1721814664,joint_cobb_douglas,COBB_DOUGLAS,7813c0afe1a79cd5,True,265.4955055172501,0.5,0.5,0.5,0.0,0.35625,0.9497872340425532,0.9497872340425532,24,24,54,0,0,701
platform_mediation,homogeneous__high,homogeneous,high,1721814664,joint_ces,CES,7813c0afe1a79cd5,True,268.6039617375419,0.5,0.5,0.5,0.0,0.35625,0.9497872340425532,0.9497872340425532,24,24,54,0,0,675
platform_mediation,homogeneous__high,homogeneous,high,1721814664,joint_leontief,LEONTIEF,7813c0afe1a79cd5,True,347.6167878018186,0.5,0.5,0.5,0.0,0.35625,0.9497872340425532,0.9497872340425532,24,24,54,0,0,728
platform_mediation,homogeneous__high,homogeneous,high,2291368744,equal,none,3c95de891ffbe898,True,,0.625,0.625,0.625,0.0,0.46875,0.8144796380090498,0.8144796380090498,18,60,30,0,0,0
platform_mediation,homogeneous__high,homogeneous,high,2291368744,drf,none,3c95de891ffbe898,True,,0.625,0.625,0.625,0.0,0.46875,0.8144796380090498,0.8228571428571428,18,60,30,0,0,0
platform_mediation,homogeneous__high,homogeneous,high,2291368744,decomposed_cobb_douglas,COBB_DOUGLAS,3c95de891ffbe898,True,252.3986067612186,0.625,0.625,0.625,0.0,0.46875,0.8144796380090498,0.8144796380090498,18,60,30,0,0,0
platform_mediation,homogeneous__high,homogeneous,high,2291368744,joint_linear,LINEAR,3c95de891ffbe898,True,257.0321692340842,0.625,0.625,0.625,0.0,0.46875,0.8144796380090498,0.8144796380090498,18,60,30,0,0,713
platform_mediation,homogeneous__high,homogeneous,high,2291368744,joint_cobb_douglas,COBB_DOUGLAS,3c95de891ffbe898,True,252.3986067612186,0.625,0.625,0.625,0.0,0.46875,0.8144796380090498,0.8144796380090498,18,60,30,0,0,701
platform_mediation,homogeneous__high,homogeneous,high,2291368744,joint_ces,CES,3c95de891ffbe898,True,255.24176702614517,0.625,0.625,0.625,0.0,0.46875,0.8144796380090498,0.8144796380090498,18,60,30,0,0,703
platform_mediation,homogeneous__high,homogeneous,high,2291368744,joint_leontief,LEONTIEF,3c95de891ffbe898,True,326.7031392821099,0.625,0.625,0.625,0.0,0.46875,0.8144796380090498,0.8154020385050963,18,60,30,0,0,693
platform_mediation,homogeneous__high,homogeneous,high,4022770537,equal,none,4fa0f1eb4e9e93d3,True,,0.5208333333333334,0.5,0.5,0.08333333333333333,0.3645833333333333,0.9018112488083889,0.9018112488083889,23,24,57,0,0,0
platform_mediation,homogeneous__high,homogeneous,high,4022770537,drf,none,4fa0f1eb4e9e93d3,True,,0.5,0.5,0.5,0.125,0.3515625,0.9008579599618685,0.9025787965616046,24,21,57,0,0,0
platform_mediation,homogeneous__high,homogeneous,high,4022770537,decomposed_cobb_douglas,COBB_DOUGLAS,4fa0f1eb4e9e93d3,True,259.422665648097,0.5208333333333334,0.5,0.5,0.08333333333333333,0.3645833333333333,0.9018112488083889,0.9018112488083889,23,24,57,0,0,0
platform_mediation,homogeneous__high,homogeneous,high,4022770537,joint_linear,LINEAR,4fa0f1eb4e9e93d3,True,265.28552860711756,0.5208333333333334,0.5,0.5,0.08333333333333333,0.3645833333333333,0.9018112488083889,0.9018112488083889,23,24,57,0,0,729
platform_mediation,homogeneous__high,homogeneous,high,4022770537,joint_cobb_douglas,COBB_DOUGLAS,4fa0f1eb4e9e93d3,True,259.422665648097,0.5,0.5,0.5,0.125,0.3515625,0.9008579599618685,0.9008579599618685,24,21,57,0,0,692
platform_mediation,homogeneous__high,homogeneous,high,4022770537,joint_ces,CES,4fa0f1eb4e9e93d3,True,262.7636916685512,0.5208333333333334,0.5,0.5,0.08333333333333333,0.3645833333333333,0.9018112488083889,0.9018112488083889,23,24,57,0,0,822
platform_mediation,homogeneous__high,homogeneous,high,4022770537,joint_leontief,LEONTIEF,4fa0f1eb4e9e93d3,True,339.55103329638854,0.5208333333333334,0.5,0.5,0.08333333333333333,0.3645833333333333,0.9018112488083889,0.9018112488083889,23,24,57,0,0,752
platform_mediation,homogeneous__high,homogeneous,high,4277058784,equal,none,221ac4e67ee67c07,True,,0.4166666666666667,0.375,0.375,0.16666666666666666,0.3229166666666666,0.850187265917603,0.850187265917603,28,22,52,0,0,0
platform_mediation,homogeneous__high,homogeneous,high,4277058784,drf,none,221ac4e67ee67c07,True,,0.375,0.375,0.375,0.25,0.30624999999999997,0.8033707865168539,0.8125,30,18,48,0,0,0
platform_mediation,homogeneous__high,homogeneous,high,4277058784,decomposed_cobb_douglas,COBB_DOUGLAS,221ac4e67ee67c07,True,266.99809111247396,0.4166666666666667,0.375,0.375,0.16666666666666666,0.3229166666666666,0.850187265917603,0.850187265917603,28,22,52,0,0,0
platform_mediation,homogeneous__high,homogeneous,high,4277058784,joint_linear,LINEAR,221ac4e67ee67c07,True,272.4475714825246,0.4166666666666667,0.375,0.375,0.16666666666666666,0.3229166666666667,0.850187265917603,0.850187265917603,28,22,52,0,0,737
platform_mediation,homogeneous__high,homogeneous,high,4277058784,joint_cobb_douglas,COBB_DOUGLAS,221ac4e67ee67c07,True,266.99809111247396,0.4166666666666667,0.375,0.375,0.16666666666666666,0.3229166666666666,0.850187265917603,0.850187265917603,28,22,52,0,0,716
platform_mediation,homogeneous__high,homogeneous,high,4277058784,joint_ces,CES,221ac4e67ee67c07,True,270.29141556810794,0.4166666666666667,0.375,0.375,0.16666666666666666,0.3229166666666667,0.850187265917603,0.850187265917603,28,22,52,0,0,702
platform_mediation,homogeneous__high,homogeneous,high,4277058784,joint_leontief,LEONTIEF,221ac4e67ee67c07,True,339.14487231316065,0.4166666666666667,0.375,0.375,0.16666666666666666,0.3229166666666667,0.850187265917603,0.8509840674789129,28,22,52,0,0,732
platform_mediation,homogeneous__high,homogeneous,high,3243914077,equal,none,89383f89b811d676,True,,0.625,0.625,0.625,0.0,0.39999999999999997,0.8787878787878788,0.8787878787878788,18,12,72,0,0,0
platform_mediation,homogeneous__high,homogeneous,high,3243914077,drf,none,89383f89b811d676,True,,0.625,0.625,0.625,0.0,0.39999999999999997,0.8787878787878788,0.8802698145025295,18,12,72,0,0,0
platform_mediation,homogeneous__high,homogeneous,high,3243914077,decomposed_cobb_douglas,COBB_DOUGLAS,89383f89b811d676,True,264.2088352175898,0.625,0.625,0.625,0.0,0.39999999999999997,0.8787878787878788,0.8787878787878788,18,12,72,0,0,0
platform_mediation,homogeneous__high,homogeneous,high,3243914077,joint_linear,LINEAR,89383f89b811d676,True,269.35089039415715,0.625,0.625,0.625,0.0,0.39999999999999997,0.8787878787878788,0.8787878787878788,18,12,72,0,0,716
platform_mediation,homogeneous__high,homogeneous,high,3243914077,joint_cobb_douglas,COBB_DOUGLAS,89383f89b811d676,True,264.2088352175898,0.625,0.625,0.625,0.0,0.39999999999999997,0.8787878787878788,0.8787878787878788,18,12,72,0,0,713
platform_mediation,homogeneous__high,homogeneous,high,3243914077,joint_ces,CES,89383f89b811d676,True,266.99572054054386,0.625,0.625,0.625,0.0,0.39999999999999997,0.8787878787878788,0.8787878787878788,18,12,72,0,0,660
platform_mediation,homogeneous__high,homogeneous,high,3243914077,joint_leontief,LEONTIEF,89383f89b811d676,True,348.36244155974305,0.625,0.625,0.625,0.0,0.39999999999999997,0.8787878787878788,0.8787878787878788,18,12,72,0,0,641
platform_mediation,homogeneous__high,homogeneous,high,3764695393,equal,none,1fe33c9761678505,True,,0.625,0.625,0.625,0.0,0.48125,0.9202226345083488,0.9202226345083488,18,48,54,0,0,0
platform_mediation,homogeneous__high,homogeneous,high,3764695393,drf,none,1fe33c9761678505,True,,0.625,0.625,0.625,0.0,0.48125,0.9202226345083488,0.9230769230769231,18,48,54,0,0,0
platform_mediation,homogeneous__high,homogeneous,high,3764695393,decomposed_cobb_douglas,COBB_DOUGLAS,1fe33c9761678505,True,286.55405375335243,0.625,0.625,0.625,0.0,0.48125,0.9202226345083488,0.9202226345083488,18,48,54,0,0,0
platform_mediation,homogeneous__high,homogeneous,high,3764695393,joint_linear,LINEAR,1fe33c9761678505,True,291.6910774621308,0.625,0.625,0.625,0.0,0.48125,0.9202226345083488,0.9202226345083488,18,48,54,0,0,695
platform_mediation,homogeneous__high,homogeneous,high,3764695393,joint_cobb_douglas,COBB_DOUGLAS,1fe33c9761678505,True,286.55405375335243,0.625,0.625,0.625,0.0,0.48125,0.9202226345083488,0.9202226345083488,18,48,54,0,0,688
platform_mediation,homogeneous__high,homogeneous,high,3764695393,joint_ces,CES,1fe33c9761678505,True,289.4690214466478,0.625,0.625,0.625,0.0,0.48125,0.9202226345083488,0.9202226345083488,18,48,54,0,0,706
platform_mediation,homogeneous__high,homogeneous,high,3764695393,joint_leontief,LEONTIEF,1fe33c9761678505,True,369.125526280717,0.625,0.625,0.625,0.0,0.48125,0.9202226345083488,0.9202226345083488,18,48,54,0,0,705
platform_mediation,homogeneous__high,homogeneous,high,1831939837,equal,none,212ef8b6c3afc689,True,,0.625,0.625,0.625,0.14285714285714282,0.45937500000000003,0.9033361847733106,0.9033361847733106,18,36,54,0,0,0
platform_mediation,homogeneous__high,homogeneous,high,1831939837,drf,none,212ef8b6c3afc689,True,,0.625,0.625,0.625,0.14285714285714282,0.45937500000000003,0.9033361847733106,0.9048843187660668,18,36,54,0,0,0
platform_mediation,homogeneous__high,homogeneous,high,1831939837,decomposed_cobb_douglas,COBB_DOUGLAS,212ef8b6c3afc689,True,266.7901015257962,0.625,0.625,0.625,0.14285714285714282,0.45937500000000003,0.9033361847733106,0.9033361847733106,18,36,54,0,0,0
platform_mediation,homogeneous__high,homogeneous,high,1831939837,joint_linear,LINEAR,212ef8b6c3afc689,True,272.3283723488428,0.625,0.625,0.625,0.14285714285714282,0.45937500000000003,0.9033361847733106,0.9033361847733106,18,36,54,0,0,722
platform_mediation,homogeneous__high,homogeneous,high,1831939837,joint_cobb_douglas,COBB_DOUGLAS,212ef8b6c3afc689,True,266.7901015257962,0.625,0.625,0.625,0.14285714285714282,0.45937500000000003,0.9033361847733106,0.9033361847733106,18,36,54,0,0,682
platform_mediation,homogeneous__high,homogeneous,high,1831939837,joint_ces,CES,212ef8b6c3afc689,True,269.98064704501905,0.625,0.625,0.625,0.14285714285714282,0.45937500000000003,0.9033361847733106,0.9033361847733106,18,36,54,0,0,679
platform_mediation,homogeneous__high,homogeneous,high,1831939837,joint_leontief,LEONTIEF,212ef8b6c3afc689,True,346.70116873040024,0.625,0.625,0.625,0.14285714285714282,0.45937500000000003,0.9033361847733106,0.9033361847733106,18,36,54,0,0,739
platform_mediation,homogeneous__high,homogeneous,high,1129297253,equal,none,58da8f0eb4f791c9,True,,0.22916666666666666,0.125,0.15625,0.0,0.1625,0.7833333333333333,0.7833333333333333,37,6,28,0,0,0
platform_mediation,homogeneous__high,homogeneous,high,1129297253,drf,none,58da8f0eb4f791c9,True,,0.22916666666666666,0.125,0.15625,0.0,0.1625,0.7833333333333333,0.7861409796893668,37,6,28,0,0,0
platform_mediation,homogeneous__high,homogeneous,high,1129297253,decomposed_cobb_douglas,COBB_DOUGLAS,58da8f0eb4f791c9,True,239.93427479760112,0.22916666666666666,0.125,0.15625,0.0,0.1625,0.7833333333333333,0.7833333333333333,37,6,28,0,0,0
platform_mediation,homogeneous__high,homogeneous,high,1129297253,joint_linear,LINEAR,58da8f0eb4f791c9,True,244.05134206346094,0.22916666666666666,0.125,0.15625,0.0,0.1625,0.7833333333333333,0.7833333333333333,37,6,28,0,0,751
platform_mediation,homogeneous__high,homogeneous,high,1129297253,joint_cobb_douglas,COBB_DOUGLAS,58da8f0eb4f791c9,True,239.93427479760112,0.22916666666666666,0.125,0.15625,0.0,0.1625,0.7833333333333333,0.7833333333333333,37,6,28,0,0,736
platform_mediation,homogeneous__high,homogeneous,high,1129297253,joint_ces,CES,58da8f0eb4f791c9,True,242.1513635953011,0.22916666666666666,0.125,0.15625,0.0,0.1625,0.7833333333333333,0.7833333333333333,37,6,28,0,0,740
platform_mediation,homogeneous__high,homogeneous,high,1129297253,joint_leontief,LEONTIEF,58da8f0eb4f791c9,True,325.36765338628305,0.22916666666666666,0.125,0.15625,0.0,0.1625,0.7833333333333333,0.7833333333333333,37,6,28,0,0,758
platform_mediation,homogeneous__high,homogeneous,high,3492638103,equal,none,88de8298ee316345,True,,0.5,0.5,0.5,0.13333333333333333,0.37916666666666665,0.9508196721311475,0.9508196721311475,24,26,46,0,0,0
platform_mediation,homogeneous__high,homogeneous,high,3492638103,drf,none,88de8298ee316345,True,,0.5,0.5,0.5,0.13333333333333333,0.37916666666666665,0.9508196721311475,0.9508196721311475,24,26,46,0,0,0
platform_mediation,homogeneous__high,homogeneous,high,3492638103,decomposed_cobb_douglas,COBB_DOUGLAS,88de8298ee316345,True,260.38263141967707,0.5,0.5,0.5,0.13333333333333333,0.37916666666666665,0.9508196721311475,0.9508196721311475,24,26,46,0,0,0
platform_mediation,homogeneous__high,homogeneous,high,3492638103,joint_linear,LINEAR,88de8298ee316345,True,265.69042341844124,0.5,0.5,0.5,0.13333333333333333,0.37916666666666665,0.9508196721311475,0.9508196721311475,24,26,46,0,0,733
platform_mediation,homogeneous__high,homogeneous,high,3492638103,joint_cobb_douglas,COBB_DOUGLAS,88de8298ee316345,True,260.38263141967707,0.5,0.5,0.5,0.13333333333333333,0.37916666666666665,0.9508196721311475,0.9508196721311475,24,26,46,0,0,668
platform_mediation,homogeneous__high,homogeneous,high,3492638103,joint_ces,CES,88de8298ee316345,True,263.3405471010764,0.5,0.5,0.5,0.13333333333333333,0.37916666666666665,0.9508196721311475,0.9508196721311475,24,26,46,0,0,697
platform_mediation,homogeneous__high,homogeneous,high,3492638103,joint_leontief,LEONTIEF,88de8298ee316345,True,342.975250053698,0.5,0.5,0.5,0.13333333333333333,0.37916666666666665,0.9508196721311475,0.9508196721311475,24,26,46,0,0,666
platform_mediation,homogeneous__high,homogeneous,high,1878300916,equal,none,1427db376d485766,True,,0.5,0.5,0.5,0.19999999999999998,0.39375000000000004,0.9073634204275535,0.9073634204275535,24,24,66,0,0,0
platform_mediation,homogeneous__high,homogeneous,high,1878300916,drf,none,1427db376d485766,True,,0.5,0.5,0.5,0.19999999999999998,0.39375000000000004,0.9073634204275535,0.9168,24,24,66,0,0,0
platform_mediation,homogeneous__high,homogeneous,high,1878300916,decomposed_cobb_douglas,COBB_DOUGLAS,1427db376d485766,True,278.35379772383715,0.5,0.5,0.5,0.19999999999999998,0.39375000000000004,0.9073634204275535,0.9073634204275535,24,24,66,0,0,0
platform_mediation,homogeneous__high,homogeneous,high,1878300916,joint_linear,LINEAR,1427db376d485766,True,283.3435508607195,0.5,0.5,0.5,0.19999999999999998,0.39375000000000004,0.9073634204275535,0.9073634204275535,24,24,66,0,0,732
platform_mediation,homogeneous__high,homogeneous,high,1878300916,joint_cobb_douglas,COBB_DOUGLAS,1427db376d485766,True,278.35379772383715,0.5,0.5,0.5,0.19999999999999998,0.39375000000000004,0.9073634204275535,0.9073634204275535,24,24,66,0,0,695
platform_mediation,homogeneous__high,homogeneous,high,1878300916,joint_ces,CES,1427db376d485766,True,281.3877408143004,0.5,0.5,0.5,0.19999999999999998,0.39375000000000004,0.9073634204275535,0.9073634204275535,24,24,66,0,0,685
platform_mediation,homogeneous__high,homogeneous,high,1878300916,joint_leontief,LEONTIEF,1427db376d485766,True,350.25317243043344,0.5,0.5,0.5,0.19999999999999998,0.39375000000000004,0.9073634204275535,0.9073634204275535,24,24,66,0,0,731
platform_mediation,homogeneous__high,homogeneous,high,3199373992,equal,none,619e6ab985d4833c,True,,0.5,0.5,0.5,0.3333333333333333,0.36874999999999997,0.8954314720812183,0.8954314720812183,24,12,54,0,0,0
platform_mediation,homogeneous__high,homogeneous,high,3199373992,drf,none,619e6ab985d4833c,True,,0.5,0.5,0.5,0.3333333333333333,0.36874999999999997,0.8954314720812183,0.8972533062054934,24,12,54,0,0,0
platform_mediation,homogeneous__high,homogeneous,high,3199373992,decomposed_cobb_douglas,COBB_DOUGLAS,619e6ab985d4833c,True,252.01005989611585,0.5,0.5,0.5,0.3333333333333333,0.36874999999999997,0.8954314720812183,0.8954314720812183,24,12,54,0,0,0
platform_mediation,homogeneous__high,homogeneous,high,3199373992,joint_linear,LINEAR,619e6ab985d4833c,True,257.2948500163551,0.5,0.5,0.5,0.3333333333333333,0.36874999999999997,0.8954314720812183,0.8954314720812183,24,12,54,0,0,695
platform_mediation,homogeneous__high,homogeneous,high,3199373992,joint_cobb_douglas,COBB_DOUGLAS,619e6ab985d4833c,True,252.01005989611588,0.5,0.5,0.5,0.3333333333333333,0.36874999999999997,0.8954314720812183,0.8954314720812183,24,12,54,0,0,753
platform_mediation,homogeneous__high,homogeneous,high,3199373992,joint_ces,CES,619e6ab985d4833c,True,254.88015615722387,0.5,0.5,0.5,0.3333333333333333,0.36874999999999997,0.8954314720812183,0.8954314720812183,24,12,54,0,0,781
platform_mediation,homogeneous__high,homogeneous,high,3199373992,joint_leontief,LEONTIEF,619e6ab985d4833c,True,335.85049543651695,0.5,0.5,0.5,0.3333333333333333,0.36874999999999997,0.8954314720812183,0.8954314720812183,24,12,54,0,0,703
platform_mediation,homogeneous__high,homogeneous,high,521776338,equal,none,78a6b83b65b7b8f5,True,,0.625,0.625,0.625,0.0,0.44375000000000003,0.970954356846473,0.970954356846473,18,30,72,0,0,0
platform_mediation,homogeneous__high,homogeneous,high,521776338,drf,none,78a6b83b65b7b8f5,True,,0.625,0.625,0.625,0.0,0.44375000000000003,0.970954356846473,0.970954356846473,18,30,72,0,0,0
platform_mediation,homogeneous__high,homogeneous,high,521776338,decomposed_cobb_douglas,COBB_DOUGLAS,78a6b83b65b7b8f5,True,280.49205049727084,0.625,0.625,0.625,0.0,0.44375000000000003,0.970954356846473,0.970954356846473,18,30,72,0,0,0
platform_mediation,homogeneous__high,homogeneous,high,521776338,joint_linear,LINEAR,78a6b83b65b7b8f5,True,286.1402376973035,0.625,0.625,0.625,0.0,0.44375000000000003,0.970954356846473,0.970954356846473,18,30,72,0,0,690
platform_mediation,homogeneous__high,homogeneous,high,521776338,joint_cobb_douglas,COBB_DOUGLAS,78a6b83b65b7b8f5,True,280.49205049727084,0.625,0.625,0.625,0.0,0.44375000000000003,0.970954356846473,0.970954356846473,18,30,72,0,0,710
platform_mediation,homogeneous__high,homogeneous,high,521776338,joint_ces,CES,78a6b83b65b7b8f5,True,283.7218768853176,0.625,0.625,0.625,0.0,0.44375000000000003,0.970954356846473,0.970954356846473,18,30,72,0,0,700
platform_mediation,homogeneous__high,homogeneous,high,521776338,joint_leontief,LEONTIEF,78a6b83b65b7b8f5,True,361.2210128759435,0.625,0.625,0.625,0.0,0.44375000000000003,0.970954356846473,0.970954356846473,18,30,72,0,0,665
platform_mediation,homogeneous__high,homogeneous,high,3186414400,equal,none,f7f16b534324042e,True,,0.625,0.625,0.625,0.14285714285714282,0.48125,0.9731285988483686,0.9731285988483686,18,36,54,0,0,0
platform_mediation,homogeneous__high,homogeneous,high,3186414400,drf,none,f7f16b534324042e,True,,0.625,0.625,0.625,0.14285714285714282,0.48125,0.9731285988483686,0.975,18,36,54,0,0,0
platform_mediation,homogeneous__high,homogeneous,high,3186414400,decomposed_cobb_douglas,COBB_DOUGLAS,f7f16b534324042e,True,261.2014735606661,0.625,0.625,0.625,0.14285714285714282,0.48125,0.9731285988483686,0.9731285988483686,18,36,54,0,0,0
platform_mediation,homogeneous__high,homogeneous,high,3186414400,joint_linear,LINEAR,f7f16b534324042e,True,266.8526226252442,0.625,0.625,0.625,0.14285714285714282,0.48125,0.9731285988483686,0.9731285988483686,18,36,54,0,0,668
platform_mediation,homogeneous__high,homogeneous,high,3186414400,joint_cobb_douglas,COBB_DOUGLAS,f7f16b534324042e,True,261.2014735606661,0.625,0.625,0.625,0.14285714285714282,0.48125,0.9731285988483686,0.9731285988483686,18,36,54,0,0,671
platform_mediation,homogeneous__high,homogeneous,high,3186414400,joint_ces,CES,f7f16b534324042e,True,264.52441447903016,0.625,0.625,0.625,0.14285714285714282,0.48125,0.9731285988483686,0.9731285988483686,18,36,54,0,0,685
platform_mediation,homogeneous__high,homogeneous,high,3186414400,joint_leontief,LEONTIEF,f7f16b534324042e,True,338.74502551279863,0.625,0.625,0.625,0.14285714285714282,0.48125,0.9731285988483686,0.9731285988483686,18,36,54,0,0,678
platform_mediation,homogeneous__high,homogeneous,high,1193028957,equal,none,7e21b4fc440a10d4,True,,0.375,0.375,0.375,0.25,0.27499999999999997,0.9344262295081968,0.9344262295081968,30,9,51,0,0,0
platform_mediation,homogeneous__high,homogeneous,high,1193028957,drf,none,7e21b4fc440a10d4,True,,0.375,0.375,0.375,0.25,0.27499999999999997,0.9344262295081968,0.9344262295081968,30,9,51,0,0,0
platform_mediation,homogeneous__high,homogeneous,high,1193028957,decomposed_cobb_douglas,COBB_DOUGLAS,7e21b4fc440a10d4,True,260.38263141967707,0.375,0.375,0.375,0.25,0.27499999999999997,0.9344262295081968,0.9344262295081968,30,9,51,0,0,0
platform_mediation,homogeneous__high,homogeneous,high,1193028957,joint_linear,LINEAR,7e21b4fc440a10d4,True,265.69042341844124,0.375,0.375,0.375,0.25,0.27499999999999997,0.9344262295081968,0.9344262295081968,30,9,51,0,0,689
platform_mediation,homogeneous__high,homogeneous,high,1193028957,joint_cobb_douglas,COBB_DOUGLAS,7e21b4fc440a10d4,True,260.38263141967707,0.375,0.375,0.375,0.25,0.27499999999999997,0.9344262295081968,0.9344262295081968,30,9,51,0,0,703
platform_mediation,homogeneous__high,homogeneous,high,1193028957,joint_ces,CES,7e21b4fc440a10d4,True,263.3405471010764,0.375,0.375,0.375,0.25,0.27499999999999997,0.9344262295081968,0.9344262295081968,30,9,51,0,0,677
platform_mediation,homogeneous__high,homogeneous,high,1193028957,joint_leontief,LEONTIEF,7e21b4fc440a10d4,True,342.975250053698,0.375,0.375,0.375,0.25,0.27499999999999997,0.9344262295081968,0.9344262295081968,30,9,51,0,0,701
platform_mediation,homogeneous__high,homogeneous,high,2456919415,equal,none,0e27604c7bfd0f4e,True,,0.5,0.5,0.5,0.25,0.34375,0.9019792648444863,0.9019792648444863,24,9,63,0,0,0
platform_mediation,homogeneous__high,homogeneous,high,2456919415,drf,none,0e27604c7bfd0f4e,True,,0.5,0.5,0.5,0.16666666666666666,0.33749999999999997,0.8803016022620169,0.8819641170915958,24,10,62,0,0,0
platform_mediation,homogeneous__high,homogeneous,high,2456919415,decomposed_cobb_douglas,COBB_DOUGLAS,0e27604c7bfd0f4e,True,257.5396280113254,0.5,0.5,0.5,0.25,0.34375,0.9019792648444863,0.9019792648444863,24,9,63,0,0,0
platform_mediation,homogeneous__high,homogeneous,high,2456919415,joint_linear,LINEAR,0e27604c7bfd0f4e,True,263.13281755385856,0.5,0.5,0.5,0.25,0.34375,0.9019792648444863,0.9019792648444863,24,9,63,0,0,686
platform_mediation,homogeneous__high,homogeneous,high,2456919415,joint_cobb_douglas,COBB_DOUGLAS,0e27604c7bfd0f4e,True,257.5396280113254,0.5,0.5,0.5,0.16666666666666666,0.33749999999999997,0.8803016022620169,0.8803016022620169,24,10,62,0,0,688
platform_mediation,homogeneous__high,homogeneous,high,2456919415,joint_ces,CES,0e27604c7bfd0f4e,True,260.5967277795794,0.5,0.5,0.5,0.25,0.34375,0.9019792648444863,0.9019792648444863,24,9,63,0,0,683
platform_mediation,homogeneous__high,homogeneous,high,2456919415,joint_leontief,LEONTIEF,0e27604c7bfd0f4e,True,340.9578267292076,0.5,0.5,0.5,0.25,0.34375,0.9019792648444863,0.9019792648444863,24,9,63,0,0,724
platform_mediation,homogeneous__high,homogeneous,high,3559221842,equal,none,fc2f5b552a9b2474,True,,0.625,0.625,0.625,0.0,0.41875,0.9781990521327014,0.9781990521327014,18,24,66,0,0,0
platform_mediation,homogeneous__high,homogeneous,high,3559221842,drf,none,fc2f5b552a9b2474,True,,0.625,0.625,0.625,0.0,0.41875,0.9781990521327014,0.9781990521327014,18,24,66,0,0,0
platform_mediation,homogeneous__high,homogeneous,high,3559221842,decomposed_cobb_douglas,COBB_DOUGLAS,fc2f5b552a9b2474,True,258.22800997863493,0.625,0.625,0.625,0.0,0.41875,0.9781990521327014,0.9781990521327014,18,24,66,0,0,0
platform_mediation,homogeneous__high,homogeneous,high,3559221842,joint_linear,LINEAR,fc2f5b552a9b2474,True,264.03475574617175,0.625,0.625,0.625,0.0,0.41875,0.9781990521327014,0.9781990521327014,18,24,66,0,0,703
platform_mediation,homogeneous__high,homogeneous,high,3559221842,joint_cobb_douglas,COBB_DOUGLAS,fc2f5b552a9b2474,True,258.22800997863493,0.625,0.625,0.625,0.0,0.41875,0.9781990521327014,0.9781990521327014,18,24,66,0,0,733
platform_mediation,homogeneous__high,homogeneous,high,3559221842,joint_ces,CES,fc2f5b552a9b2474,True,261.45518544765434,0.625,0.625,0.625,0.0,0.41875,0.9781990521327014,0.9781990521327014,18,24,66,0,0,699
platform_mediation,homogeneous__high,homogeneous,high,3559221842,joint_leontief,LEONTIEF,fc2f5b552a9b2474,True,340.2817305099826,0.625,0.625,0.625,0.0,0.41875,0.9781990521327014,0.9781990521327014,18,24,66,0,0,676
platform_mediation,homogeneous__high,homogeneous,high,4067185916,equal,none,d5b0e4012dff4ef9,True,,0.4375,0.375,0.375,0.0,0.33125,0.891213389121339,0.891213389121339,27,24,48,0,0,0
platform_mediation,homogeneous__high,homogeneous,high,4067185916,drf,none,d5b0e4012dff4ef9,True,,0.4375,0.375,0.375,0.0,0.33125,0.891213389121339,0.8918353105373342,27,24,48,0,0,0
platform_mediation,homogeneous__high,homogeneous,high,4067185916,decomposed_cobb_douglas,COBB_DOUGLAS,d5b0e4012dff4ef9,True,276.104811505945,0.4375,0.375,0.375,0.0,0.33125,0.891213389121339,0.891213389121339,27,24,48,0,0,0
platform_mediation,homogeneous__high,homogeneous,high,4067185916,joint_linear,LINEAR,d5b0e4012dff4ef9,True,280.8337130208084,0.4375,0.375,0.375,0.0,0.33125,0.891213389121339,0.891213389121339,27,24,48,0,0,679
platform_mediation,homogeneous__high,homogeneous,high,4067185916,joint_cobb_douglas,COBB_DOUGLAS,d5b0e4012dff4ef9,True,276.104811505945,0.4375,0.375,0.375,0.0,0.33125,0.891213389121339,0.891213389121339,27,24,48,0,0,649
platform_mediation,homogeneous__high,homogeneous,high,4067185916,joint_ces,CES,d5b0e4012dff4ef9,True,278.6628279920868,0.4375,0.375,0.375,0.0,0.33125,0.891213389121339,0.891213389121339,27,24,48,0,0,687
platform_mediation,homogeneous__high,homogeneous,high,4067185916,joint_leontief,LEONTIEF,d5b0e4012dff4ef9,True,361.0909423642628,0.4375,0.375,0.375,0.0,0.33125,0.891213389121339,0.891213389121339,27,24,48,0,0,688
platform_mediation,homogeneous__high,homogeneous,high,2996402348,equal,none,5d7900014bf7eb1e,True,,0.625,0.625,0.625,0.027777777777777776,0.42864583333333334,0.982281284606866,0.982281284606866,18,30,53,0,0,0
platform_mediation,homogeneous__high,homogeneous,high,2996402348,drf,none,5d7900014bf7eb1e,True,,0.625,0.625,0.625,0.027777777777777776,0.42864583333333334,0.982281284606866,0.983370288248337,18,30,53,0,0,0
platform_mediation,homogeneous__high,homogeneous,high,2996402348,decomposed_cobb_douglas,COBB_DOUGLAS,5d7900014bf7eb1e,True,246.53254243214104,0.625,0.625,0.625,0.027777777777777776,0.42864583333333334,0.982281284606866,0.982281284606866,18,30,53,0,0,0
platform_mediation,homogeneous__high,homogeneous,high,2996402348,joint_linear,LINEAR,5d7900014bf7eb1e,True,251.7197150642281,0.625,0.625,0.625,0.027777777777777776,0.4286458333333334,0.982281284606866,0.982281284606866,18,30,53,0,0,672
platform_mediation,homogeneous__high,homogeneous,high,2996402348,joint_cobb_douglas,COBB_DOUGLAS,5d7900014bf7eb1e,True,246.53254243214104,0.625,0.625,0.625,0.027777777777777776,0.4286458333333334,0.982281284606866,0.982281284606866,18,30,53,0,0,678
platform_mediation,homogeneous__high,homogeneous,high,2996402348,joint_ces,CES,5d7900014bf7eb1e,True,249.37097283232984,0.625,0.625,0.625,0.027777777777777776,0.4286458333333334,0.982281284606866,0.982281284606866,18,30,53,0,0,658
platform_mediation,homogeneous__high,homogeneous,high,2996402348,joint_leontief,LEONTIEF,5d7900014bf7eb1e,True,330.0632875732291,0.625,0.625,0.625,0.027777777777777776,0.4286458333333334,0.982281284606866,0.982281284606866,18,30,53,0,0,674
platform_mediation,homogeneous__high,homogeneous,high,2119237300,equal,none,f5b2749bf051a0c4,True,,0.625,0.625,0.625,0.16666666666666666,0.44687499999999997,0.9767441860465116,0.9767441860465116,18,30,48,0,0,0
platform_mediation,homogeneous__high,homogeneous,high,2119237300,drf,none,f5b2749bf051a0c4,True,,0.625,0.625,0.625,0.16666666666666666,0.44687499999999997,0.9767441860465116,0.9778270509977827,18,30,48,0,0,0
platform_mediation,homogeneous__high,homogeneous,high,2119237300,decomposed_cobb_douglas,COBB_DOUGLAS,f5b2749bf051a0c4,True,246.53254243214104,0.625,0.625,0.625,0.16666666666666666,0.44687499999999997,0.9767441860465116,0.9767441860465116,18,30,48,0,0,0
platform_mediation,homogeneous__high,homogeneous,high,2119237300,joint_linear,LINEAR,f5b2749bf051a0c4,True,251.7197150642281,0.625,0.625,0.625,0.16666666666666666,0.44687499999999997,0.9767441860465116,0.9767441860465116,18,30,48,0,0,676
platform_mediation,homogeneous__high,homogeneous,high,2119237300,joint_cobb_douglas,COBB_DOUGLAS,f5b2749bf051a0c4,True,246.53254243214104,0.625,0.625,0.625,0.16666666666666666,0.44687499999999997,0.9767441860465116,0.9767441860465116,18,30,48,0,0,673
platform_mediation,homogeneous__high,homogeneous,high,2119237300,joint_ces,CES,f5b2749bf051a0c4,True,249.37097283232984,0.625,0.625,0.625,0.16666666666666666,0.44687499999999997,0.9767441860465116,0.9767441860465116,18,30,48,0,0,669
platform_mediation,homogeneous__high,homogeneous,high,2119237300,joint_leontief,LEONTIEF,f5b2749bf051a0c4,True,330.0632875732291,0.625,0.625,0.625,0.16666666666666666,0.44687499999999997,0.9767441860465116,0.9767441860465116,18,30,48,0,0,657
platform_mediation,homogeneous__high,homogeneous,high,2544240597,equal,none,1071e032b069d233,True,,0.5,0.5,0.5,0.0,0.35000000000000003,0.9156976744186046,0.9156976744186046,24,18,66,0,0,0
platform_mediation,homogeneous__high,homogeneous,high,2544240597,drf,none,1071e032b069d233,True,,0.5,0.5,0.5,0.0,0.35000000000000003,0.9156976744186046,0.9170305676855895,24,18,66,0,0,0
platform_mediation,homogeneous__high,homogeneous,high,2544240597,decomposed_cobb_douglas,COBB_DOUGLAS,1071e032b069d233,True,275.4456480799931,0.5,0.5,0.5,0.0,0.35000000000000003,0.9156976744186046,0.9156976744186046,24,18,66,0,0,0
platform_mediation,homogeneous__high,homogeneous,high,2544240597,joint_linear,LINEAR,1071e032b069d233,True,280.9011458801927,0.5,0.5,0.5,0.0,0.35000000000000003,0.9156976744186046,0.9156976744186046,24,18,66,0,0,629
platform_mediation,homogeneous__high,homogeneous,high,2544240597,joint_cobb_douglas,COBB_DOUGLAS,1071e032b069d233,True,275.4456480799931,0.5,0.5,0.5,0.0,0.35000000000000003,0.9156976744186046,0.9156976744186046,24,18,66,0,0,684
platform_mediation,homogeneous__high,homogeneous,high,2544240597,joint_ces,CES,1071e032b069d233,True,278.48569952037644,0.5,0.5,0.5,0.0,0.35000000000000003,0.9156976744186046,0.9156976744186046,24,18,66,0,0,671
platform_mediation,homogeneous__high,homogeneous,high,2544240597,joint_leontief,LEONTIEF,1071e032b069d233,True,358.1986283467987,0.5,0.5,0.5,0.0,0.35000000000000003,0.9156976744186046,0.9156976744186046,24,18,66,0,0,684
platform_mediation,homogeneous__high,homogeneous,high,438919697,equal,none,0c7be17ba19c3bfb,True,,0.4375,0.375,0.375,0.125,0.3359375,0.941830624465355,0.941830624465355,27,27,48,0,0,0
platform_mediation,homogeneous__high,homogeneous,high,438919697,drf,none,0c7be17ba19c3bfb,True,,0.4166666666666667,0.375,0.375,0.16666666666666666,0.3229166666666667,0.9409751924721984,0.9425878320479862,28,24,48,0,0,0
platform_mediation,homogeneous__high,homogeneous,high,438919697,decomposed_cobb_douglas,COBB_DOUGLAS,0c7be17ba19c3bfb,True,266.7901015257962,0.4375,0.375,0.375,0.125,0.3359375,0.941830624465355,0.941830624465355,27,27,48,0,0,0
platform_mediation,homogeneous__high,homogeneous,high,438919697,joint_linear,LINEAR,0c7be17ba19c3bfb,True,272.3283723488428,0.4375,0.375,0.375,0.125,0.3359375,0.941830624465355,0.941830624465355,27,27,48,0,0,684
platform_mediation,homogeneous__high,homogeneous,high,438919697,joint_cobb_douglas,COBB_DOUGLAS,0c7be17ba19c3bfb,True,266.7901015257962,0.4375,0.375,0.375,0.125,0.3359375,0.941830624465355,0.941830624465355,27,27,48,0,0,669
platform_mediation,homogeneous__high,homogeneous,high,438919697,joint_ces,CES,0c7be17ba19c3bfb,True,269.98064704501905,0.4375,0.375,0.375,0.125,0.3359375,0.941830624465355,0.941830624465355,27,27,48,0,0,675
platform_mediation,homogeneous__high,homogeneous,high,438919697,joint_leontief,LEONTIEF,0c7be17ba19c3bfb,True,346.70116873040024,0.4375,0.375,0.375,0.125,0.3359375,0.941830624465355,0.941830624465355,27,27,48,0,0,676
platform_mediation,homogeneous__high,homogeneous,high,4113675350,equal,none,7c171d428f6e45d4,True,,0.5,0.5,0.5,0.0,0.38749999999999996,0.9878627968337731,0.9878627968337731,24,24,72,0,0,0
platform_mediation,homogeneous__high,homogeneous,high,4113675350,drf,none,7c171d428f6e45d4,True,,0.5,0.5,0.5,0.0,0.38749999999999996,0.9878627968337731,0.9883843717001056,24,24,72,0,0,0
platform_mediation,homogeneous__high,homogeneous,high,4113675350,decomposed_cobb_douglas,COBB_DOUGLAS,7c171d428f6e45d4,True,297.0283440632566,0.5,0.5,0.5,0.0,0.38749999999999996,0.9878627968337731,0.9878627968337731,24,24,72,0,0,0
platform_mediation,homogeneous__high,homogeneous,high,4113675350,joint_linear,LINEAR,7c171d428f6e45d4,True,302.2472209434162,0.5,0.5,0.5,0.0,0.38749999999999996,0.9878627968337731,0.9878627968337731,24,24,72,0,0,674
platform_mediation,homogeneous__high,homogeneous,high,4113675350,joint_cobb_douglas,COBB_DOUGLAS,7c171d428f6e45d4,True,297.0283440632566,0.5,0.5,0.5,0.0,0.38749999999999996,0.9878627968337731,0.9878627968337731,24,24,72,0,0,645
platform_mediation,homogeneous__high,homogeneous,high,4113675350,joint_ces,CES,7c171d428f6e45d4,True,299.977808189103,0.5,0.5,0.5,0.0,0.38749999999999996,0.9878627968337731,0.9878627968337731,24,24,72,0,0,665
platform_mediation,homogeneous__high,homogeneous,high,4113675350,joint_leontief,LEONTIEF,7c171d428f6e45d4,True,379.4217128664781,0.5,0.5,0.5,0.0,0.38749999999999996,0.9878627968337731,0.9878627968337731,24,24,72,0,0,680
platform_mediation,homogeneous__high,homogeneous,high,2287528155,equal,none,2b4a0bd6930ef973,True,,0.625,0.625,0.625,0.0,0.43124999999999997,0.9349397590361446,0.9349397590361446,18,30,72,0,0,0
platform_mediation,homogeneous__high,homogeneous,high,2287528155,drf,none,2b4a0bd6930ef973,True,,0.625,0.625,0.625,0.0,0.43124999999999997,0.9349397590361446,0.9364440868865648,18,30,72,0,0,0
platform_mediation,homogeneous__high,homogeneous,high,2287528155,decomposed_cobb_douglas,COBB_DOUGLAS,2b4a0bd6930ef973,True,271.5249830097081,0.625,0.625,0.625,0.0,0.43124999999999997,0.9349397590361446,0.9349397590361446,18,30,72,0,0,0
platform_mediation,homogeneous__high,homogeneous,high,2287528155,joint_linear,LINEAR,2b4a0bd6930ef973,True,277.2272166237051,0.625,0.625,0.625,0.0,0.43124999999999997,0.9349397590361446,0.9349397590361446,18,30,72,0,0,678
platform_mediation,homogeneous__high,homogeneous,high,2287528155,joint_cobb_douglas,COBB_DOUGLAS,2b4a0bd6930ef973,True,271.5249830097081,0.625,0.625,0.625,0.0,0.43124999999999997,0.9349397590361446,0.9349397590361446,18,30,72,0,0,659
platform_mediation,homogeneous__high,homogeneous,high,2287528155,joint_ces,CES,2b4a0bd6930ef973,True,274.8234639198723,0.625,0.625,0.625,0.0,0.43124999999999997,0.9349397590361446,0.9349397590361446,18,30,72,0,0,667
platform_mediation,homogeneous__high,homogeneous,high,2287528155,joint_leontief,LEONTIEF,2b4a0bd6930ef973,True,350.78734252075924,0.625,0.625,0.625,0.0,0.43124999999999997,0.9349397590361446,0.9349397590361446,18,30,72,0,0,639
platform_mediation,homogeneous__high,homogeneous,high,3671738009,equal,none,fbdbd9f12b9b2c0a,True,,0.625,0.625,0.625,0.25,0.46875,0.9375,0.9375,18,18,72,0,0,0
platform_mediation,homogeneous__high,homogeneous,high,3671738009,drf,none,fbdbd9f12b9b2c0a,True,,0.625,0.625,0.625,0.25,0.46875,0.9375,0.9375,18,18,72,0,0,0
platform_mediation,homogeneous__high,homogeneous,high,3671738009,decomposed_cobb_douglas,COBB_DOUGLAS,fbdbd9f12b9b2c0a,True,280.50801762573076,0.625,0.625,0.625,0.25,0.46875,0.9375,0.9375,18,18,72,0,0,0
platform_mediation,homogeneous__high,homogeneous,high,3671738009,joint_linear,LINEAR,fbdbd9f12b9b2c0a,True,285.6384602976321,0.625,0.625,0.625,0.25,0.46875,0.9375,0.9375,18,18,72,0,0,671
platform_mediation,homogeneous__high,homogeneous,high,3671738009,joint_cobb_douglas,COBB_DOUGLAS,fbdbd9f12b9b2c0a,True,280.50801762573076,0.625,0.625,0.625,0.25,0.46875,0.9375,0.9375,18,18,72,0,0,718
platform_mediation,homogeneous__high,homogeneous,high,3671738009,joint_ces,CES,fbdbd9f12b9b2c0a,True,283.33823273543044,0.625,0.625,0.625,0.25,0.46875,0.9375,0.9375,18,18,72,0,0,681
platform_mediation,homogeneous__high,homogeneous,high,3671738009,joint_leontief,LEONTIEF,fbdbd9f12b9b2c0a,True,364.0914989458317,0.625,0.625,0.625,0.25,0.46875,0.9375,0.9375,18,18,72,0,0,675
platform_mediation,homogeneous__high,homogeneous,high,2144663948,equal,none,2cae700866be23be,True,,0.5,0.5,0.5,0.0,0.33749999999999997,0.9074733096085409,0.9074733096085409,24,18,66,0,0,0
platform_mediation,homogeneous__high,homogeneous,high,2144663948,drf,none,2cae700866be23be,True,,0.5,0.5,0.5,0.0,0.33749999999999997,0.9074733096085409,0.9082813891362422,24,18,66,0,0,0
platform_mediation,homogeneous__high,homogeneous,high,2144663948,decomposed_cobb_douglas,COBB_DOUGLAS,2cae700866be23be,True,264.6152985828661,0.5,0.5,0.5,0.0,0.33749999999999997,0.9074733096085409,0.9074733096085409,24,18,66,0,0,0
platform_mediation,homogeneous__high,homogeneous,high,2144663948,joint_linear,LINEAR,2cae700866be23be,True,270.66148370850937,0.5,0.5,0.5,0.0,0.33749999999999997,0.9074733096085409,0.9074733096085409,24,18,66,0,0,685
platform_mediation,homogeneous__high,homogeneous,high,2144663948,joint_cobb_douglas,COBB_DOUGLAS,2cae700866be23be,True,264.6152985828661,0.5,0.5,0.5,0.0,0.33749999999999997,0.9074733096085409,0.9074733096085409,24,18,66,0,0,674
platform_mediation,homogeneous__high,homogeneous,high,2144663948,joint_ces,CES,2cae700866be23be,True,268.0783837879263,0.5,0.5,0.5,0.0,0.33749999999999997,0.9074733096085409,0.9074733096085409,24,18,66,0,0,686
platform_mediation,homogeneous__high,homogeneous,high,2144663948,joint_leontief,LEONTIEF,2cae700866be23be,True,344.0657697518727,0.5,0.5,0.5,0.0,0.33749999999999997,0.9074733096085409,0.9074733096085409,24,18,66,0,0,668
platform_mediation,homogeneous__high,homogeneous,high,2549727958,equal,none,ae466b6591076aaf,True,,0.5,0.5,0.5,0.0,0.33749999999999997,0.8486562942008486,0.8486562942008486,24,24,36,0,0,0
platform_mediation,homogeneous__high,homogeneous,high,2549727958,drf,none,ae466b6591076aaf,True,,0.5,0.5,0.5,0.0,0.33749999999999997,0.8486562942008486,0.8486562942008486,24,24,36,0,0,0
platform_mediation,homogeneous__high,homogeneous,high,2549727958,decomposed_cobb_douglas,COBB_DOUGLAS,ae466b6591076aaf,True,229.59171885098363,0.5,0.5,0.5,0.0,0.33749999999999997,0.8486562942008486,0.8486562942008486,24,24,36,0,0,0
platform_mediation,homogeneous__high,homogeneous,high,2549727958,joint_linear,LINEAR,ae466b6591076aaf,True,234.54525966515757,0.5,0.5,0.5,0.0,0.33749999999999997,0.8486562942008486,0.8486562942008486,24,24,36,0,0,649
platform_mediation,homogeneous__high,homogeneous,high,2549727958,joint_cobb_douglas,COBB_DOUGLAS,ae466b6591076aaf,True,229.59171885098363,0.5,0.5,0.5,0.0,0.33749999999999997,0.8486562942008486,0.8486562942008486,24,24,36,0,0,670
platform_mediation,homogeneous__high,homogeneous,high,2549727958,joint_ces,CES,ae466b6591076aaf,True,232.26744198082784,0.5,0.5,0.5,0.0,0.33749999999999997,0.8486562942008486,0.8486562942008486,24,24,36,0,0,661
platform_mediation,homogeneous__high,homogeneous,high,2549727958,joint_leontief,LEONTIEF,ae466b6591076aaf,True,314.03203243167457,0.5,0.5,0.5,0.0,0.33749999999999997,0.8486562942008486,0.8486562942008486,24,24,36,0,0,653
platform_mediation,homogeneous__high,homogeneous,high,3115011389,equal,none,a5b5afb9dbea4fb0,True,,0.375,0.375,0.375,0.0,0.28750000000000003,0.9294605809128631,0.9294605809128631,30,18,54,0,0,0
platform_mediation,homogeneous__high,homogeneous,high,3115011389,drf,none,a5b5afb9dbea4fb0,True,,0.375,0.375,0.375,0.0,0.28750000000000003,0.9294605809128631,0.9294605809128631,30,18,54,0,0,0
platform_mediation,homogeneous__high,homogeneous,high,3115011389,decomposed_cobb_douglas,COBB_DOUGLAS,a5b5afb9dbea4fb0,True,280.49205049727084,0.375,0.375,0.375,0.0,0.28750000000000003,0.9294605809128631,0.9294605809128631,30,18,54,0,0,0
platform_mediation,homogeneous__high,homogeneous,high,3115011389,joint_linear,LINEAR,a5b5afb9dbea4fb0,True,286.1402376973035,0.375,0.375,0.375,0.0,0.28750000000000003,0.9294605809128631,0.9294605809128631,30,18,54,0,0,661
platform_mediation,homogeneous__high,homogeneous,high,3115011389,joint_cobb_douglas,COBB_DOUGLAS,a5b5afb9dbea4fb0,True,280.49205049727084,0.375,0.375,0.375,0.0,0.28750000000000003,0.9294605809128631,0.9294605809128631,30,18,54,0,0,663
platform_mediation,homogeneous__high,homogeneous,high,3115011389,joint_ces,CES,a5b5afb9dbea4fb0,True,283.7218768853176,0.375,0.375,0.375,0.0,0.28750000000000003,0.9294605809128631,0.9294605809128631,30,18,54,0,0,645
platform_mediation,homogeneous__high,homogeneous,high,3115011389,joint_leontief,LEONTIEF,a5b5afb9dbea4fb0,True,361.2210128759435,0.375,0.375,0.375,0.0,0.28750000000000003,0.9294605809128631,0.9294605809128631,30,18,54,0,0,644
platform_mediation,homogeneous__high,homogeneous,high,2670869712,equal,none,b4703e636af1d6ee,True,,0.5,0.5,0.5,1.0,0.39999999999999997,0.909933774834437,0.909933774834437,24,0,72,0,0,0
platform_mediation,homogeneous__high,homogeneous,high,2670869712,drf,none,b4703e636af1d6ee,True,,0.5,0.5,0.5,1.0,0.39999999999999997,0.909933774834437,0.909933774834437,24,0,72,0,0,0
platform_mediation,homogeneous__high,homogeneous,high,2670869712,decomposed_cobb_douglas,COBB_DOUGLAS,b4703e636af1d6ee,True,279.9889239154752,0.5,0.5,0.5,1.0,0.39999999999999997,0.909933774834437,0.909933774834437,24,0,72,0,0,0
platform_mediation,homogeneous__high,homogeneous,high,2670869712,joint_linear,LINEAR,b4703e636af1d6ee,True,284.95824721157487,0.5,0.5,0.5,1.0,0.39999999999999997,0.909933774834437,0.909933774834437,24,0,72,0,0,642
platform_mediation,homogeneous__high,homogeneous,high,2670869712,joint_cobb_douglas,COBB_DOUGLAS,b4703e636af1d6ee,True,279.9889239154752,0.5,0.5,0.5,1.0,0.39999999999999997,0.909933774834437,0.909933774834437,24,0,72,0,0,691
platform_mediation,homogeneous__high,homogeneous,high,2670869712,joint_ces,CES,b4703e636af1d6ee,True,282.6915600503862,0.5,0.5,0.5,1.0,0.39999999999999997,0.909933774834437,0.909933774834437,24,0,72,0,0,675
platform_mediation,homogeneous__high,homogeneous,high,2670869712,joint_leontief,LEONTIEF,b4703e636af1d6ee,True,364.3697345846341,0.5,0.5,0.5,1.0,0.39999999999999997,0.909933774834437,0.909933774834437,24,0,72,0,0,651
platform_mediation,homogeneous__high,homogeneous,high,1554334078,equal,none,7b985a55b6074606,True,,0.625,0.625,0.625,0.0,0.425,0.9079754601226994,0.9079754601226994,18,30,54,0,0,0
platform_mediation,homogeneous__high,homogeneous,high,1554334078,drf,none,7b985a55b6074606,True,,0.625,0.625,0.625,0.0,0.425,0.9079754601226994,0.9079754601226994,18,30,54,0,0,0
platform_mediation,homogeneous__high,homogeneous,high,1554334078,decomposed_cobb_douglas,COBB_DOUGLAS,7b985a55b6074606,True,252.54131865978025,0.625,0.625,0.625,0.0,0.425,0.9079754601226994,0.9079754601226994,18,30,54,0,0,0
platform_mediation,homogeneous__high,homogeneous,high,1554334078,joint_linear,LINEAR,7b985a55b6074606,True,258.0798659360766,0.625,0.625,0.625,0.0,0.425,0.9079754601226994,0.9079754601226994,18,30,54,0,0,668
platform_mediation,homogeneous__high,homogeneous,high,1554334078,joint_cobb_douglas,COBB_DOUGLAS,7b985a55b6074606,True,252.54131865978025,0.625,0.625,0.625,0.0,0.425,0.9079754601226994,0.9079754601226994,18,30,54,0,0,690
platform_mediation,homogeneous__high,homogeneous,high,1554334078,joint_ces,CES,7b985a55b6074606,True,255.59642508472086,0.625,0.625,0.625,0.0,0.425,0.9079754601226994,0.9079754601226994,18,30,54,0,0,683
platform_mediation,homogeneous__high,homogeneous,high,1554334078,joint_leontief,LEONTIEF,7b985a55b6074606,True,335.2565740843157,0.625,0.625,0.625,0.0,0.425,0.9079754601226994,0.9079754601226994,18,30,54,0,0,752
platform_mediation,mixed_bundle__moderate,mixed_bundle,moderate,2860559397,equal,none,ac492bcfe94225bd,True,,0.6666666666666666,0.375,0.4375,0.20793650793650795,0.5,0.9482570806100218,0.9482570806100218,16,23,83,0,0,4
platform_mediation,mixed_bundle__moderate,mixed_bundle,moderate,2860559397,drf,none,ac492bcfe94225bd,True,,0.7708333333333334,0.5,0.53125,0.03333333333333333,0.5510416666666668,0.9645969498910676,0.9682886823400766,11,33,88,0,0,0
platform_mediation,mixed_bundle__moderate,mixed_bundle,moderate,2860559397,decomposed_cobb_douglas,COBB_DOUGLAS,ac492bcfe94225bd,True,294.7437312835773,0.7083333333333334,0.5,0.53125,0.2119047619047619,0.5265624999999999,0.9547930283224401,0.9547930283224401,14,23,87,0,0,0
platform_mediation,mixed_bundle__moderate,mixed_bundle,moderate,2860559397,joint_linear,LINEAR,ac492bcfe94225bd,True,301.340800696398,0.125,0.0,0.0,0.041666666666666664,0.090625,0.16122004357298475,0.16122004357298475,42,3,14,0,0,666
platform_mediation,mixed_bundle__moderate,mixed_bundle,moderate,2860559397,joint_cobb_douglas,COBB_DOUGLAS,ac492bcfe94225bd,True,294.7447582288487,0.7083333333333334,0.5,0.53125,0.2119047619047619,0.5265624999999999,0.9547930283224401,0.9547930283224401,14,23,87,0,0,654
platform_mediation,mixed_bundle__moderate,mixed_bundle,moderate,2860559397,joint_ces,CES,ac492bcfe94225bd,True,297.9047697953989,0.7083333333333334,0.5,0.53125,0.12698412698412698,0.5177083333333333,0.9308278867102396,0.9308278867102396,14,27,85,0,0,654
platform_mediation,mixed_bundle__moderate,mixed_bundle,moderate,2860559397,joint_leontief,LEONTIEF,ac492bcfe94225bd,True,376.5725325556328,0.8333333333333334,0.625,0.65625,0.0,0.5854166666666667,0.9836601307189542,0.9836601307189542,8,37,93,0,0,631
platform_mediation,mixed_bundle__moderate,mixed_bundle,moderate,3241039906,equal,none,2eafa02712898079,True,,0.6875,0.5,0.53125,0.24781746031746033,0.5276041666666665,0.9242761692650334,0.9242761692650334,15,27,78,0,0,0
platform_mediation,mixed_bundle__moderate,mixed_bundle,moderate,3241039906,drf,none,2eafa02712898079,True,,0.75,0.625,0.625,0.16058201058201058,0.5546875,0.9437639198218263,0.9463986599664992,12,32,83,0,0,0
platform_mediation,mixed_bundle__moderate,mixed_bundle,moderate,3241039906,decomposed_cobb_douglas,COBB_DOUGLAS,2eafa02712898079,True,293.6421706045262,0.7291666666666666,0.5,0.53125,0.18968253968253967,0.5494791666666667,0.910913140311804,0.910913140311804,13,33,81,0,0,0
platform_mediation,mixed_bundle__moderate,mixed_bundle,moderate,3241039906,joint_linear,LINEAR,2eafa02712898079,True,300.2089068746628,0.16666666666666666,0.0,0.0,0.027777777777777776,0.11666666666666664,0.17037861915367483,0.17037861915367483,40,5,17,0,0,648
platform_mediation,mixed_bundle__moderate,mixed_bundle,moderate,3241039906,joint_cobb_douglas,COBB_DOUGLAS,2eafa02712898079,True,293.6425521022986,0.7291666666666666,0.5,0.53125,0.18968253968253967,0.5494791666666667,0.910913140311804,0.910913140311804,13,33,81,0,0,643
platform_mediation,mixed_bundle__moderate,mixed_bundle,moderate,3241039906,joint_ces,CES,2eafa02712898079,True,296.8054455427505,0.7083333333333334,0.5,0.53125,0.17519841269841266,0.5307291666666667,0.9025612472160356,0.9025612472160356,14,29,81,0,0,705
platform_mediation,mixed_bundle__moderate,mixed_bundle,moderate,3241039906,joint_leontief,LEONTIEF,2eafa02712898079,True,375.5569262258352,0.7708333333333334,0.625,0.65625,0.23597883597883595,0.5807291666666666,0.9515590200445434,0.9515590200445434,11,30,86,0,0,665
platform_mediation,mixed_bundle__moderate,mixed_bundle,moderate,1097974006,equal,none,9a45db7298518322,True,,0.7291666666666666,0.625,0.625,0.12103174603174603,0.5395833333333333,0.9192577733199598,0.9192577733199598,13,32,88,0,0,0
platform_mediation,mixed_bundle__moderate,mixed_bundle,moderate,1097974006,drf,none,9a45db7298518322,True,,0.75,0.5,0.53125,0.1791005291005291,0.5671875000000001,0.9353059177532598,0.9381287726358148,12,32,91,0,0,0
platform_mediation,mixed_bundle__moderate,mixed_bundle,moderate,1097974006,decomposed_cobb_douglas,COBB_DOUGLAS,9a45db7298518322,True,301.29515186354865,0.7916666666666666,0.625,0.65625,0.08095238095238096,0.5796874999999999,0.9573721163490472,0.9573721163490472,10,36,94,0,0,0
platform_mediation,mixed_bundle__moderate,mixed_bundle,moderate,1097974006,joint_linear,LINEAR,9a45db7298518322,True,307.7399166148091,0.14583333333333334,0.0,0.0,0.0,0.09999999999999999,0.08726178535606821,0.08726178535606821,41,8,10,0,0,670
platform_mediation,mixed_bundle__moderate,mixed_bundle,moderate,1097974006,joint_cobb_douglas,COBB_DOUGLAS,9a45db7298518322,True,301.29515836538025,0.7916666666666666,0.625,0.65625,0.08095238095238096,0.5796874999999999,0.9573721163490472,0.9573721163490472,10,36,94,0,0,642
platform_mediation,mixed_bundle__moderate,mixed_bundle,moderate,1097974006,joint_ces,CES,9a45db7298518322,True,304.4424919909276,0.7916666666666666,0.625,0.65625,0.1990079365079365,0.5994791666666667,0.9578736208625878,0.9578736208625878,10,32,95,0,0,661
platform_mediation,mixed_bundle__moderate,mixed_bundle,moderate,1097974006,joint_leontief,LEONTIEF,9a45db7298518322,True,383.0262612449295,0.8125,0.625,0.65625,0.05714285714285714,0.5911458333333334,0.9603811434302909,0.9603811434302909,9,39,94,0,0,674
platform_mediation,mixed_bundle__moderate,mixed_bundle,moderate,4283542590,equal,none,3d50cc0844c4c6c4,True,,0.75,0.625,0.625,0.21904761904761902,0.5557291666666667,0.9302995391705069,0.9302995391705069,12,31,86,0,0,0
platform_mediation,mixed_bundle__moderate,mixed_bundle,moderate,4283542590,drf,none,3d50cc0844c4c6c4,True,,0.75,0.625,0.625,0.2595238095238095,0.5625000000000001,0.9498847926267281,0.9520785219399538,12,29,88,0,0,0
platform_mediation,mixed_bundle__moderate,mixed_bundle,moderate,4283542590,decomposed_cobb_douglas,COBB_DOUGLAS,3d50cc0844c4c6c4,True,292.64686851563584,0.7708333333333334,0.625,0.625,0.15178571428571427,0.565625,0.9660138248847926,0.9660138248847926,11,34,88,0,0,0
platform_mediation,mixed_bundle__moderate,mixed_bundle,moderate,4283542590,joint_linear,LINEAR,3d50cc0844c4c6c4,True,298.8968620987322,0.125,0.0,0.0,0.0,0.08437499999999999,0.08640552995391705,0.08640552995391705,42,6,9,0,0,658
platform_mediation,mixed_bundle__moderate,mixed_bundle,moderate,4283542590,joint_cobb_douglas,COBB_DOUGLAS,3d50cc0844c4c6c4,True,292.64792244532794,0.7708333333333334,0.625,0.625,0.1851190476190476,0.5697916666666667,0.9596774193548387,0.9596774193548387,11,33,88,0,0,685
platform_mediation,mixed_bundle__moderate,mixed_bundle,moderate,4283542590,joint_ces,CES,3d50cc0844c4c6c4,True,295.9107957404928,0.7708333333333334,0.625,0.625,0.16726190476190475,0.5692708333333333,0.9487327188940092,0.9487327188940092,11,34,86,0,0,676
platform_mediation,mixed_bundle__moderate,mixed_bundle,moderate,4283542590,joint_leontief,LEONTIEF,3d50cc0844c4c6c4,True,373.40383764125147,0.7708333333333334,0.625,0.625,0.12678571428571428,0.5661458333333333,0.9452764976958525,0.9452764976958525,11,36,84,0,0,700
platform_mediation,mixed_bundle__moderate,mixed_bundle,moderate,1619420538,equal,none,d71ec34cd1cd13cb,True,,0.6875,0.5,0.5,0.39351851851851855,0.49427083333333327,0.9167686658506732,0.9167686658506732,15,18,83,0,0,0
platform_mediation,mixed_bundle__moderate,mixed_bundle,moderate,1619420538,drf,none,d71ec34cd1cd13cb,True,,0.7083333333333334,0.5,0.53125,0.23611111111111108,0.5036458333333332,0.9516523867809058,0.9539877300613497,14,22,83,0,0,0
platform_mediation,mixed_bundle__moderate,mixed_bundle,moderate,1619420538,decomposed_cobb_douglas,COBB_DOUGLAS,d71ec34cd1cd13cb,True,286.95812176746404,0.7083333333333334,0.5,0.53125,0.21296296296296294,0.49635416666666665,0.934516523867809,0.934516523867809,14,22,83,0,0,0
platform_mediation,mixed_bundle__moderate,mixed_bundle,moderate,1619420538,joint_linear,LINEAR,d71ec34cd1cd13cb,True,293.8928296482207,0.16666666666666666,0.0,0.0,0.0,0.109375,0.12362301101591187,0.12362301101591187,40,6,13,0,0,688
platform_mediation,mixed_bundle__moderate,mixed_bundle,moderate,1619420538,joint_cobb_douglas,COBB_DOUGLAS,d71ec34cd1cd13cb,True,286.95871073393096,0.7083333333333334,0.5,0.53125,0.21296296296296294,0.49635416666666665,0.934516523867809,0.934516523867809,14,22,83,0,0,703
platform_mediation,mixed_bundle__moderate,mixed_bundle,moderate,1619420538,joint_ces,CES,d71ec34cd1cd13cb,True,290.11139441113755,0.7291666666666666,0.5,0.53125,0.17129629629629628,0.5104166666666666,0.9259485924112607,0.9259485924112607,13,22,85,0,0,670
platform_mediation,mixed_bundle__moderate,mixed_bundle,moderate,1619420538,joint_leontief,LEONTIEF,d71ec34cd1cd13cb,True,369.13239878014093,0.7083333333333334,0.5,0.53125,0.125,0.49895833333333334,0.9571603427172583,0.9571603427172583,14,25,82,0,0,677
platform_mediation,mixed_bundle__moderate,mixed_bundle,moderate,2039561785,equal,none,08d6a7c477417c89,True,,0.7291666666666666,0.625,0.625,0.18465608465608466,0.5557291666666666,0.9379238393322901,0.9379238393322901,13,33,81,0,0,0
platform_mediation,mixed_bundle__moderate,mixed_bundle,moderate,2039561785,drf,none,08d6a7c477417c89,True,,0.75,0.625,0.625,0.18465608465608466,0.5713541666666666,0.94679186228482,0.947286012526096,12,35,82,0,0,0
platform_mediation,mixed_bundle__moderate,mixed_bundle,moderate,2039561785,decomposed_cobb_douglas,COBB_DOUGLAS,08d6a7c477417c89,True,297.2931844006805,0.75,0.625,0.65625,0.15132275132275133,0.56875,0.9347939488784559,0.9347939488784559,12,36,81,0,0,0
platform_mediation,mixed_bundle__moderate,mixed_bundle,moderate,2039561785,joint_linear,LINEAR,08d6a7c477417c89,True,303.1754227904132,0.10416666666666667,0.0,0.0,0.0,0.065625,0.06677099634846113,0.06677099634846113,43,2,9,0,0,663
platform_mediation,mixed_bundle__moderate,mixed_bundle,moderate,2039561785,joint_cobb_douglas,COBB_DOUGLAS,08d6a7c477417c89,True,297.2931844006805,0.75,0.625,0.65625,0.15132275132275133,0.56875,0.9347939488784559,0.9347939488784559,12,36,81,0,0,666
platform_mediation,mixed_bundle__moderate,mixed_bundle,moderate,2039561785,joint_ces,CES,08d6a7c477417c89,True,300.27023503949465,0.75,0.625,0.65625,0.16984126984126982,0.5697916666666667,0.945226917057903,0.945226917057903,12,33,83,0,0,646
platform_mediation,mixed_bundle__moderate,mixed_bundle,moderate,2039561785,joint_leontief,LEONTIEF,08d6a7c477417c89,True,379.85901416833747,0.75,0.625,0.625,0.18465608465608466,0.5713541666666666,0.94679186228482,0.94679186228482,12,35,82,0,0,698
platform_mediation,mixed_bundle__moderate,mixed_bundle,moderate,2247286927,equal,none,fe3ba2219a48dce8,True,,0.7708333333333334,0.625,0.625,0.13888888888888887,0.5734374999999999,0.9503657262277951,0.9503657262277951,11,36,90,0,0,0
platform_mediation,mixed_bundle__moderate,mixed_bundle,moderate,2247286927,drf,none,fe3ba2219a48dce8,True,,0.75,0.5,0.53125,0.10416666666666667,0.5604166666666667,0.9644723092998955,0.968520461699895,12,34,90,0,0,0
platform_mediation,mixed_bundle__moderate,mixed_bundle,moderate,2247286927,decomposed_cobb_douglas,COBB_DOUGLAS,fe3ba2219a48dce8,True,298.78105454892943,0.7708333333333334,0.625,0.625,0.05555555555555555,0.5635416666666667,0.9529780564263323,0.9529780564263323,11,38,89,0,0,0
platform_mediation,mixed_bundle__moderate,mixed_bundle,moderate,2247286927,joint_linear,LINEAR,fe3ba2219a48dce8,True,304.90995260423716,0.22916666666666666,0.0,0.0,0.10000000000000002,0.17708333333333334,0.3098223615464995,0.3098223615464995,37,7,29,0,0,679
platform_mediation,mixed_bundle__moderate,mixed_bundle,moderate,2247286927,joint_cobb_douglas,COBB_DOUGLAS,fe3ba2219a48dce8,True,298.7810706302869,0.7708333333333334,0.625,0.625,0.05555555555555555,0.5635416666666667,0.9529780564263323,0.9529780564263323,11,38,89,0,0,677
platform_mediation,mixed_bundle__moderate,mixed_bundle,moderate,2247286927,joint_ces,CES,fe3ba2219a48dce8,True,301.97417604678,0.7708333333333334,0.625,0.65625,0.13749999999999998,0.571875,0.9393939393939394,0.9393939393939394,11,35,92,0,0,643
platform_mediation,mixed_bundle__moderate,mixed_bundle,moderate,2247286927,joint_leontief,LEONTIEF,fe3ba2219a48dce8,True,380.04574830962406,0.7708333333333334,0.625,0.625,0.05555555555555555,0.5635416666666667,0.9529780564263323,0.9529780564263323,11,38,89,0,0,666
platform_mediation,mixed_bundle__moderate,mixed_bundle,moderate,4034341789,equal,none,5bf0eda522284034,True,,0.7708333333333334,0.5,0.53125,0.4642857142857142,0.5744791666666665,0.9313893653516295,0.9313893653516295,11,22,87,0,0,0
platform_mediation,mixed_bundle__moderate,mixed_bundle,moderate,4034341789,drf,none,5bf0eda522284034,True,,0.75,0.5,0.5625,0.20833333333333334,0.5364583333333334,0.9451114922813036,0.9472779369627508,12,27,84,0,0,0
platform_mediation,mixed_bundle__moderate,mixed_bundle,moderate,4034341789,decomposed_cobb_douglas,COBB_DOUGLAS,5bf0eda522284034,True,290.5533027713912,0.8125,0.5,0.5625,0.2904761904761905,0.5848958333333334,0.9571183533447685,0.9571183533447685,9,26,89,0,0,0
platform_mediation,mixed_bundle__moderate,mixed_bundle,moderate,4034341789,joint_linear,LINEAR,5bf0eda522284034,True,296.7601899088597,0.0625,0.0,0.0,0.0,0.0375,0.044596912521440824,0.044596912521440824,45,0,6,0,0,669
platform_mediation,mixed_bundle__moderate,mixed_bundle,moderate,4034341789,joint_cobb_douglas,COBB_DOUGLAS,5bf0eda522284034,True,290.55330033062023,0.8125,0.5,0.5625,0.2904761904761905,0.5848958333333334,0.9571183533447685,0.9571183533447685,9,26,89,0,0,632
platform_mediation,mixed_bundle__moderate,mixed_bundle,moderate,4034341789,joint_ces,CES,5bf0eda522284034,True,293.4261784595051,0.7916666666666666,0.625,0.625,0.36666666666666664,0.5812499999999999,0.938822184105203,0.938822184105203,10,23,88,0,0,634
platform_mediation,mixed_bundle__moderate,mixed_bundle,moderate,4034341789,joint_leontief,LEONTIEF,5bf0eda522284034,True,373.92858093314436,0.7916666666666666,0.5,0.5625,0.1111111111111111,0.5604166666666667,0.9634076615208691,0.9634076615208691,10,30,86,0,0,679
platform_mediation,mixed_bundle__moderate,mixed_bundle,moderate,4179549150,equal,none,1f04dddad299665f,True,,0.7708333333333334,0.625,0.65625,0.07638888888888888,0.5572916666666666,0.9393245563823698,0.9393245563823698,11,37,81,0,0,0
platform_mediation,mixed_bundle__moderate,mixed_bundle,moderate,4179549150,drf,none,1f04dddad299665f,True,,0.75,0.625,0.625,0.08101851851851852,0.5473958333333333,0.9582140812821981,0.9598623853211009,12,36,81,0,0,0
platform_mediation,mixed_bundle__moderate,mixed_bundle,moderate,4179549150,decomposed_cobb_douglas,COBB_DOUGLAS,1f04dddad299665f,True,291.9277105985533,0.7916666666666666,0.625,0.625,0.09027777777777778,0.5755208333333334,0.9627933600457927,0.9627933600457927,10,38,84,0,0,0
platform_mediation,mixed_bundle__moderate,mixed_bundle,moderate,4179549150,joint_linear,LINEAR,1f04dddad299665f,True,298.21845352646704,0.0625,0.0,0.0,0.0,0.03958333333333333,0.057240984544934176,0.057240984544934176,45,1,7,0,0,682
platform_mediation,mixed_bundle__moderate,mixed_bundle,moderate,4179549150,joint_cobb_douglas,COBB_DOUGLAS,1f04dddad299665f,True,291.9277105985533,0.7916666666666666,0.625,0.625,0.09027777777777778,0.5755208333333334,0.9627933600457927,0.9627933600457927,10,38,84,0,0,702
platform_mediation,mixed_bundle__moderate,mixed_bundle,moderate,4179549150,joint_ces,CES,1f04dddad299665f,True,295.02431249134,0.7708333333333334,0.625,0.625,0.14027777777777775,0.5645833333333333,0.9570692615912993,0.9570692615912993,11,34,84,0,0,706
platform_mediation,mixed_bundle__moderate,mixed_bundle,moderate,4179549150,joint_leontief,LEONTIEF,1f04dddad299665f,True,374.0720858404105,0.8125,0.625,0.65625,0.048611111111111105,0.5848958333333333,0.9633657698912421,0.9633657698912421,9,41,84,0,0,669
platform_mediation,mixed_bundle__moderate,mixed_bundle,moderate,1554157355,equal,none,7ede61859c65cfcc,True,,0.7083333333333334,0.375,0.4375,0.06666666666666667,0.5041666666666668,0.9092741935483871,0.9092741935483871,14,35,68,0,0,0
platform_mediation,mixed_bundle__moderate,mixed_bundle,moderate,1554157355,drf,none,7ede61859c65cfcc,True,,0.75,0.5,0.53125,0.125,0.5348958333333333,0.9408602150537635,0.9523809523809523,12,35,74,0,0,0
platform_mediation,mixed_bundle__moderate,mixed_bundle,moderate,1554157355,decomposed_cobb_douglas,COBB_DOUGLAS,7ede61859c65cfcc,True,280.96389411427555,0.7916666666666666,0.625,0.65625,0.13749999999999998,0.5572916666666666,0.9361559139784946,0.9361559139784946,10,36,76,0,0,0
platform_mediation,mixed_bundle__moderate,mixed_bundle,moderate,1554157355,joint_linear,LINEAR,7ede61859c65cfcc,True,287.8324472349583,0.10416666666666667,0.0,0.0,0.0,0.065625,0.08602150537634409,0.08602150537634409,43,2,9,0,0,634
platform_mediation,mixed_bundle__moderate,mixed_bundle,moderate,1554157355,joint_cobb_douglas,COBB_DOUGLAS,7ede61859c65cfcc,True,280.9642149480394,0.7916666666666666,0.625,0.65625,0.13749999999999998,0.5572916666666666,0.9361559139784946,0.9361559139784946,10,36,76,0,0,703
platform_mediation,mixed_bundle__moderate,mixed_bundle,moderate,1554157355,joint_ces,CES,7ede61859c65cfcc,True,284.06170468633695,0.7916666666666666,0.75,0.75,0.075,0.5536458333333333,0.9173387096774194,0.9173387096774194,10,36,76,0,0,688
platform_mediation,mixed_bundle__moderate,mixed_bundle,moderate,1554157355,joint_leontief,LEONTIEF,7ede61859c65cfcc,True,363.42125209651135,0.75,0.625,0.625,0.06666666666666667,0.5281250000000001,0.948252688172043,0.948252688172043,12,35,75,0,0,654
platform_mediation,mixed_bundle__moderate,mixed_bundle,moderate,2728040234,equal,none,dd9956dbc2e34260,True,,0.75,0.625,0.65625,0.044444444444444446,0.5375,0.9357682619647355,0.9357682619647355,12,39,76,0,0,0
platform_mediation,mixed_bundle__moderate,mixed_bundle,moderate,2728040234,drf,none,dd9956dbc2e34260,True,,0.75,0.5,0.53125,0.0625,0.5390625,0.9326196473551638,0.9367488931056294,12,39,76,0,0,0
platform_mediation,mixed_bundle__moderate,mixed_bundle,moderate,2728040234,decomposed_cobb_douglas,COBB_DOUGLAS,dd9956dbc2e34260,True,286.47246964307675,0.7708333333333334,0.75,0.75,0.044444444444444446,0.5484375,0.9433249370277078,0.9433249370277078,11,38,80,0,0,0
platform_mediation,mixed_bundle__moderate,mixed_bundle,moderate,2728040234,joint_linear,LINEAR,dd9956dbc2e34260,True,293.31395790743625,0.08333333333333333,0.0,0.0,0.0,0.049999999999999996,0.0654911838790932,0.0654911838790932,44,0,8,0,0,669
platform_mediation,mixed_bundle__moderate,mixed_bundle,moderate,2728040234,joint_cobb_douglas,COBB_DOUGLAS,dd9956dbc2e34260,True,286.4779606921259,0.75,0.625,0.65625,0.12777777777777777,0.540625,0.9389168765743073,0.9389168765743073,12,35,79,0,0,670
platform_mediation,mixed_bundle__moderate,mixed_bundle,moderate,2728040234,joint_ces,CES,dd9956dbc2e34260,True,289.61919714773467,0.7291666666666666,0.625,0.65625,0.09583333333333333,0.5260416666666666,0.9086901763224181,0.9086901763224181,13,34,76,0,0,675
platform_mediation,mixed_bundle__moderate,mixed_bundle,moderate,2728040234,joint_leontief,LEONTIEF,dd9956dbc2e34260,True,367.06537883388256,0.7708333333333334,0.625,0.65625,0.075,0.553125,0.9275818639798489,0.9275818639798489,11,39,77,0,0,683
platform_mediation,mixed_bundle__moderate,mixed_bundle,moderate,3450646344,equal,none,f0a20a137e40fbd6,True,,0.7083333333333334,0.5,0.53125,0.30753968253968256,0.528125,0.9193277310924369,0.9193277310924369,14,26,83,0,0,0
platform_mediation,mixed_bundle__moderate,mixed_bundle,moderate,3450646344,drf,none,f0a20a137e40fbd6,True,,0.7291666666666666,0.5,0.53125,0.15734126984126984,0.5375,0.9288515406162465,0.9330332020258864,13,31,83,0,0,0
platform_mediation,mixed_bundle__moderate,mixed_bundle,moderate,3450646344,decomposed_cobb_douglas,COBB_DOUGLAS,f0a20a137e40fbd6,True,293.3564185043632,0.75,0.5,0.53125,0.2111111111111111,0.5489583333333333,0.9434173669467787,0.9434173669467787,12,32,84,0,0,0
platform_mediation,mixed_bundle__moderate,mixed_bundle,moderate,3450646344,joint_linear,LINEAR,f0a20a137e40fbd6,True,300.17535043004943,0.16666666666666666,0.0,0.0,0.0,0.11562499999999998,0.16022408963585436,0.16022408963585436,40,8,15,0,0,667
platform_mediation,mixed_bundle__moderate,mixed_bundle,moderate,3450646344,joint_cobb_douglas,COBB_DOUGLAS,f0a20a137e40fbd6,True,293.35703080936526,0.7708333333333334,0.5,0.53125,0.2111111111111111,0.5614583333333333,0.957983193277311,0.957983193277311,11,32,86,0,0,673
platform_mediation,mixed_bundle__moderate,mixed_bundle,moderate,3450646344,joint_ces,CES,f0a20a137e40fbd6,True,296.5432825454565,0.8125,0.625,0.65625,0.07222222222222223,0.5755208333333333,0.9400560224089636,0.9400560224089636,9,36,88,0,0,644
platform_mediation,mixed_bundle__moderate,mixed_bundle,moderate,3450646344,joint_leontief,LEONTIEF,f0a20a137e40fbd6,True,375.35431778307975,0.7291666666666666,0.5,0.53125,0.2656746031746032,0.5458333333333334,0.9355742296918768,0.9355742296918768,13,28,84,0,0,717
platform_mediation,mixed_bundle__moderate,mixed_bundle,moderate,2458565221,equal,none,d4223fe56e735eef,True,,0.6875,0.5,0.5,0.27777777777777773,0.5046875,0.9219373219373219,0.9219373219373219,15,24,81,0,0,0
platform_mediation,mixed_bundle__moderate,mixed_bundle,moderate,2458565221,drf,none,d4223fe56e735eef,True,,0.7708333333333334,0.5,0.5625,0.2222222222222222,0.5593750000000001,0.9527065527065527,0.9559748427672956,11,34,86,0,0,0
platform_mediation,mixed_bundle__moderate,mixed_bundle,moderate,2458565221,decomposed_cobb_douglas,COBB_DOUGLAS,d4223fe56e735eef,True,292.58160812313645,0.7291666666666666,0.625,0.625,0.07936507936507936,0.5260416666666667,0.9378917378917379,0.9378917378917379,13,31,83,0,0,0
platform_mediation,mixed_bundle__moderate,mixed_bundle,moderate,2458565221,joint_linear,LINEAR,d4223fe56e735eef,True,299.3144977419501,0.16666666666666666,0.0,0.0,0.0,0.11354166666666667,0.14017094017094017,0.14017094017094017,40,8,15,0,0,715
platform_mediation,mixed_bundle__moderate,mixed_bundle,moderate,2458565221,joint_cobb_douglas,COBB_DOUGLAS,d4223fe56e735eef,True,292.58160812313645,0.7291666666666666,0.625,0.625,0.07936507936507936,0.5260416666666667,0.9378917378917379,0.9378917378917379,13,31,83,0,0,736
platform_mediation,mixed_bundle__moderate,mixed_bundle,moderate,2458565221,joint_ces,CES,d4223fe56e735eef,True,295.7434909517673,0.7916666666666666,0.625,0.65625,0.09788359788359786,0.5713541666666667,0.9219373219373219,0.9219373219373219,10,34,88,0,0,701
platform_mediation,mixed_bundle__moderate,mixed_bundle,moderate,2458565221,joint_leontief,LEONTIEF,d4223fe56e735eef,True,374.4787193587654,0.7291666666666666,0.625,0.625,0.07936507936507936,0.5260416666666667,0.9378917378917379,0.9378917378917379,13,31,83,0,0,664
platform_mediation,mixed_bundle__moderate,mixed_bundle,moderate,844491089,equal,none,22663971005f7ce0,True,,0.7291666666666666,0.625,0.625,0.21560846560846558,0.5651041666666666,0.9398496240601504,0.9398496240601504,13,35,85,0,0,0
platform_mediation,mixed_bundle__moderate,mixed_bundle,moderate,844491089,drf,none,22663971005f7ce0,True,,0.7916666666666666,0.625,0.625,0.03333333333333333,0.578125,0.9629430719656283,0.9665768194070081,10,43,88,0,0,0
platform_mediation,mixed_bundle__moderate,mixed_bundle,moderate,844491089,decomposed_cobb_douglas,COBB_DOUGLAS,22663971005f7ce0,True,297.42536028023983,0.75,0.5,0.53125,0.042328042328042326,0.5494791666666666,0.9591836734693877,0.9591836734693877,12,37,86,0,0,0
platform_mediation,mixed_bundle__moderate,mixed_bundle,moderate,844491089,joint_linear,LINEAR,22663971005f7ce0,True,303.9979945335888,0.041666666666666664,0.0,0.0,0.0,0.02708333333333333,0.0397422126745435,0.0397422126745435,46,1,5,0,0,658
platform_mediation,mixed_bundle__moderate,mixed_bundle,moderate,844491089,joint_cobb_douglas,COBB_DOUGLAS,22663971005f7ce0,True,297.42536028023983,0.75,0.5,0.53125,0.042328042328042326,0.5494791666666666,0.9591836734693877,0.9591836734693877,12,37,86,0,0,679
platform_mediation,mixed_bundle__moderate,mixed_bundle,moderate,844491089,joint_ces,CES,22663971005f7ce0,True,300.6468084842024,0.75,0.625,0.625,0.037037037037037035,0.5515625000000001,0.9274973147153598,0.9274973147153598,12,40,83,0,0,678
platform_mediation,mixed_bundle__moderate,mixed_bundle,moderate,844491089,joint_leontief,LEONTIEF,22663971005f7ce0,True,378.04568605380746,0.7291666666666666,0.625,0.625,0.12566137566137567,0.5447916666666667,0.9543501611170784,0.9543501611170784,13,36,84,0,0,663
platform_mediation,mixed_bundle__moderate,mixed_bundle,moderate,3579547231,equal,none,27aa32a5c2d2836d,True,,0.7708333333333334,0.625,0.65625,0.06845238095238095,0.5557291666666667,0.9291291291291291,0.9291291291291291,11,40,78,0,0,0
platform_mediation,mixed_bundle__moderate,mixed_bundle,moderate,3579547231,drf,none,27aa32a5c2d2836d,True,,0.8125,0.625,0.65625,0.10317460317460318,0.5906250000000001,0.96996996996997,0.9734779987944545,9,39,83,0,0,0
platform_mediation,mixed_bundle__moderate,mixed_bundle,moderate,3579547231,decomposed_cobb_douglas,COBB_DOUGLAS,27aa32a5c2d2836d,True,289.09550428646423,0.7916666666666666,0.5,0.5625,0.12400793650793651,0.5708333333333333,0.9537537537537537,0.9537537537537537,10,37,82,0,0,0
platform_mediation,mixed_bundle__moderate,mixed_bundle,moderate,3579547231,joint_linear,LINEAR,27aa32a5c2d2836d,True,295.4938732633808,0.125,0.0,0.0,0.0,0.08020833333333334,0.1057057057057057,0.1057057057057057,42,3,12,0,0,650
platform_mediation,mixed_bundle__moderate,mixed_bundle,moderate,3579547231,joint_cobb_douglas,COBB_DOUGLAS,27aa32a5c2d2836d,True,289.09551307661945,0.7916666666666666,0.5,0.5625,0.12400793650793651,0.5708333333333333,0.9537537537537537,0.9537537537537537,10,37,82,0,0,656
platform_mediation,mixed_bundle__moderate,mixed_bundle,moderate,3579547231,joint_ces,CES,27aa32a5c2d2836d,True,292.2614675562304,0.7708333333333334,0.5,0.5625,0.14781746031746032,0.5609375000000001,0.9267267267267267,0.9267267267267267,11,36,81,0,0,575
platform_mediation,mixed_bundle__moderate,mixed_bundle,moderate,3579547231,joint_leontief,LEONTIEF,27aa32a5c2d2836d,True,370.7732177987807,0.8125,0.625,0.65625,0.06845238095238095,0.5843750000000001,0.9603603603603603,0.9603603603603603,9,40,82,0,0,656
platform_mediation,mixed_bundle__moderate,mixed_bundle,moderate,606929626,equal,none,2853cc2761a97fff,True,,0.7291666666666666,0.625,0.625,0.25000000000000006,0.5270833333333333,0.9302949061662198,0.9302949061662198,13,30,75,0,0,0
platform_mediation,mixed_bundle__moderate,mixed_bundle,moderate,606929626,drf,none,2853cc2761a97fff,True,,0.7916666666666666,0.5,0.5625,0.04047619047619048,0.5541666666666667,0.9450402144772118,0.9565807327001357,10,38,79,0,0,0
platform_mediation,mixed_bundle__moderate,mixed_bundle,moderate,606929626,decomposed_cobb_douglas,COBB_DOUGLAS,2853cc2761a97fff,True,282.4564248064233,0.7916666666666666,0.625,0.625,0.11944444444444442,0.5578125,0.9624664879356568,0.9624664879356568,10,33,81,0,0,0
platform_mediation,mixed_bundle__moderate,mixed_bundle,moderate,606929626,joint_linear,LINEAR,2853cc2761a97fff,True,288.9925515855447,0.041666666666666664,0.0,0.0,0.0,0.024999999999999998,0.03485254691689008,0.03485254691689008,46,0,4,0,0,685
platform_mediation,mixed_bundle__moderate,mixed_bundle,moderate,606929626,joint_cobb_douglas,COBB_DOUGLAS,2853cc2761a97fff,True,282.45860790522056,0.7708333333333334,0.625,0.625,0.11944444444444442,0.5453125,0.9450402144772118,0.9450402144772118,11,33,79,0,0,672
platform_mediation,mixed_bundle__moderate,mixed_bundle,moderate,606929626,joint_ces,CES,2853cc2761a97fff,True,285.69718236800765,0.75,0.625,0.625,0.07222222222222223,0.5213541666666667,0.903485254691689,0.903485254691689,12,31,76,0,0,688
platform_mediation,mixed_bundle__moderate,mixed_bundle,moderate,606929626,joint_leontief,LEONTIEF,2853cc2761a97fff,True,362.7330305062613,0.8125,0.75,0.75,0.0,0.5604166666666667,0.938337801608579,0.938337801608579,9,39,81,0,0,686
platform_mediation,mixed_bundle__moderate,mixed_bundle,moderate,921285495,equal,none,4c1940e7157919ce,True,,0.7291666666666666,0.625,0.625,0.2779220779220779,0.553125,0.9288451012588944,0.9288451012588944,13,30,81,0,0,0
platform_mediation,mixed_bundle__moderate,mixed_bundle,moderate,921285495,drf,none,4c1940e7157919ce,True,,0.8125,0.75,0.75,0.10833333333333334,0.5921875,0.9660645867542419,0.9692476661175179,9,40,87,0,0,0
platform_mediation,mixed_bundle__moderate,mixed_bundle,moderate,921285495,decomposed_cobb_douglas,COBB_DOUGLAS,4c1940e7157919ce,True,295.7102339745252,0.7708333333333334,0.625,0.625,0.12474747474747476,0.5734375000000002,0.9408866995073891,0.9408866995073891,11,38,83,0,0,0
platform_mediation,mixed_bundle__moderate,mixed_bundle,moderate,921285495,joint_linear,LINEAR,4c1940e7157919ce,True,302.0575272526348,0.20833333333333334,0.0,0.0,0.0,0.14375,0.2320744389709907,0.2320744389709907,38,8,22,0,0,665
platform_mediation,mixed_bundle__moderate,mixed_bundle,moderate,921285495,joint_cobb_douglas,COBB_DOUGLAS,4c1940e7157919ce,True,295.7105852728295,0.7708333333333334,0.625,0.625,0.12474747474747476,0.5734375000000002,0.9408866995073891,0.9408866995073891,11,38,83,0,0,684
platform_mediation,mixed_bundle__moderate,mixed_bundle,moderate,921285495,joint_ces,CES,4c1940e7157919ce,True,298.91975450486336,0.7708333333333334,0.625,0.625,0.12474747474747476,0.5734375000000002,0.9370552818828681,0.9370552818828681,11,38,83,0,0,673
platform_mediation,mixed_bundle__moderate,mixed_bundle,moderate,921285495,joint_leontief,LEONTIEF,4c1940e7157919ce,True,376.3791298976143,0.7708333333333334,0.625,0.625,0.11527777777777777,0.5713541666666667,0.9584017515051998,0.9584017515051998,11,40,83,0,0,656
platform_mediation,mixed_bundle__moderate,mixed_bundle,moderate,4125767373,equal,none,c3f9f852fc84d925,True,,0.75,0.625,0.625,0.28769841269841273,0.5609375000000001,0.9320445225541887,0.9320445225541887,12,29,85,0,0,0
platform_mediation,mixed_bundle__moderate,mixed_bundle,moderate,4125767373,drf,none,c3f9f852fc84d925,True,,0.8125,0.625,0.65625,0.09999999999999999,0.5739583333333333,0.945518453427065,0.9533372711163615,9,35,89,0,0,0
platform_mediation,mixed_bundle__moderate,mixed_bundle,moderate,4125767373,decomposed_cobb_douglas,COBB_DOUGLAS,c3f9f852fc84d925,True,290.6149333212518,0.8125,0.625,0.65625,0.26666666666666666,0.5942708333333334,0.9513766842413591,0.9513766842413591,9,29,91,0,0,0
platform_mediation,mixed_bundle__moderate,mixed_bundle,moderate,4125767373,joint_linear,LINEAR,c3f9f852fc84d925,True,297.1142494874726,0.0625,0.0,0.0,0.0,0.0375,0.04569420035149385,0.04569420035149385,45,0,6,0,0,665
platform_mediation,mixed_bundle__moderate,mixed_bundle,moderate,4125767373,joint_cobb_douglas,COBB_DOUGLAS,c3f9f852fc84d925,True,290.6149333212518,0.8125,0.625,0.65625,0.26666666666666666,0.5942708333333334,0.9513766842413591,0.9513766842413591,9,29,91,0,0,670
platform_mediation,mixed_bundle__moderate,mixed_bundle,moderate,4125767373,joint_ces,CES,c3f9f852fc84d925,True,293.7725290077962,0.7708333333333334,0.625,0.65625,0.2708333333333333,0.5651041666666666,0.9226713532513181,0.9226713532513181,11,26,88,0,0,712
platform_mediation,mixed_bundle__moderate,mixed_bundle,moderate,4125767373,joint_leontief,LEONTIEF,c3f9f852fc84d925,True,372.649996224858,0.8125,0.625,0.65625,0.26666666666666666,0.5927083333333334,0.9543057996485061,0.9543057996485061,9,29,91,0,0,658
platform_mediation,mixed_bundle__moderate,mixed_bundle,moderate,3336371277,equal,none,697055c4ac0b42bf,True,,0.6875,0.375,0.40625,0.19027777777777777,0.5151041666666667,0.9397874852420307,0.9397874852420307,15,30,75,0,0,0
platform_mediation,mixed_bundle__moderate,mixed_bundle,moderate,3336371277,drf,none,697055c4ac0b42bf,True,,0.7708333333333334,0.5,0.53125,0.10714285714285714,0.5645833333333333,0.9332939787485242,0.9355029585798816,11,39,77,0,0,0
platform_mediation,mixed_bundle__moderate,mixed_bundle,moderate,3336371277,decomposed_cobb_douglas,COBB_DOUGLAS,697055c4ac0b42bf,True,289.21483723430356,0.7916666666666666,0.625,0.65625,0.1611111111111111,0.5776041666666667,0.9752066115702479,0.9752066115702479,10,33,83,0,0,0
platform_mediation,mixed_bundle__moderate,mixed_bundle,moderate,3336371277,joint_linear,LINEAR,697055c4ac0b42bf,True,295.5918726286303,0.14583333333333334,0.0,0.0,0.0,0.09999999999999999,0.10271546635182999,0.10271546635182999,41,8,10,0,0,735
platform_mediation,mixed_bundle__moderate,mixed_bundle,moderate,3336371277,joint_cobb_douglas,COBB_DOUGLAS,697055c4ac0b42bf,True,289.21483723430356,0.7916666666666666,0.625,0.65625,0.1611111111111111,0.5776041666666667,0.9752066115702479,0.9752066115702479,10,33,83,0,0,689
platform_mediation,mixed_bundle__moderate,mixed_bundle,moderate,3336371277,joint_ces,CES,697055c4ac0b42bf,True,292.2097187025275,0.7291666666666666,0.5,0.53125,0.11388888888888889,0.5359375,0.9055489964580874,0.9055489964580874,13,34,75,0,0,773
platform_mediation,mixed_bundle__moderate,mixed_bundle,moderate,3336371277,joint_leontief,LEONTIEF,697055c4ac0b42bf,True,372.00373171673743,0.8125,0.625,0.65625,0.11666666666666665,0.5864583333333333,0.9651711924439197,0.9651711924439197,9,37,82,0,0,715
platform_mediation,mixed_bundle__moderate,mixed_bundle,moderate,519928860,equal,none,bed86b4337ac87b2,True,,0.7291666666666666,0.625,0.625,0.05555555555555555,0.5213541666666667,0.9334960341671751,0.9334960341671751,13,34,78,0,0,0
platform_mediation,mixed_bundle__moderate,mixed_bundle,moderate,519928860,drf,none,bed86b4337ac87b2,True,,0.7291666666666666,0.5,0.5,0.047619047619047616,0.528125,0.9280048810250152,0.9302752293577982,13,36,77,0,0,0
platform_mediation,mixed_bundle__moderate,mixed_bundle,moderate,519928860,decomposed_cobb_douglas,COBB_DOUGLAS,bed86b4337ac87b2,True,287.79456365301127,0.75,0.625,0.625,0.0,0.5354166666666665,0.9310555216595485,0.9310555216595485,12,41,77,0,0,0
platform_mediation,mixed_bundle__moderate,mixed_bundle,moderate,519928860,joint_linear,LINEAR,bed86b4337ac87b2,True,294.4686973248794,0.1875,0.0,0.0,0.0,0.12395833333333332,0.1525320317266626,0.1525320317266626,39,7,16,0,0,664
platform_mediation,mixed_bundle__moderate,mixed_bundle,moderate,519928860,joint_cobb_douglas,COBB_DOUGLAS,bed86b4337ac87b2,True,287.7950239733154,0.75,0.625,0.625,0.0,0.5354166666666665,0.9310555216595485,0.9310555216595485,12,41,77,0,0,627
platform_mediation,mixed_bundle__moderate,mixed_bundle,moderate,519928860,joint_ces,CES,bed86b4337ac87b2,True,290.991098627977,0.7708333333333334,0.625,0.65625,0.027777777777777776,0.5447916666666667,0.9322757779133618,0.9322757779133618,11,36,79,0,0,667
platform_mediation,mixed_bundle__moderate,mixed_bundle,moderate,519928860,joint_leontief,LEONTIEF,bed86b4337ac87b2,True,369.7633800426864,0.75,0.5,0.5625,0.1126984126984127,0.5416666666666666,0.9554606467358145,0.9554606467358145,12,33,80,0,0,685
platform_mediation,mixed_bundle__moderate,mixed_bundle,moderate,3460761984,equal,none,0909a9e6badec122,True,,0.7083333333333334,0.625,0.625,0.015151515151515152,0.5161458333333333,0.9240121580547113,0.9240121580547113,14,41,72,0,0,0
platform_mediation,mixed_bundle__moderate,mixed_bundle,moderate,3460761984,drf,none,0909a9e6badec122,True,,0.7708333333333334,0.625,0.625,0.07685185185185185,0.5661458333333332,0.9562310030395137,0.9685960591133005,11,42,77,0,0,0
platform_mediation,mixed_bundle__moderate,mixed_bundle,moderate,3460761984,decomposed_cobb_douglas,COBB_DOUGLAS,0909a9e6badec122,True,288.6919077738823,0.7083333333333334,0.5,0.53125,0.08863636363636364,0.5229166666666666,0.9221884498480243,0.9221884498480243,14,37,74,0,0,0
platform_mediation,mixed_bundle__moderate,mixed_bundle,moderate,3460761984,joint_linear,LINEAR,0909a9e6badec122,True,295.2579735278795,0.0625,0.0,0.0,0.0,0.0375,0.04741641337386018,0.04741641337386018,45,0,6,0,0,655
platform_mediation,mixed_bundle__moderate,mixed_bundle,moderate,3460761984,joint_cobb_douglas,COBB_DOUGLAS,0909a9e6badec122,True,288.6920672014146,0.7083333333333334,0.5,0.53125,0.08863636363636364,0.5213541666666667,0.9252279635258359,0.9252279635258359,14,37,74,0,0,632
platform_mediation,mixed_bundle__moderate,mixed_bundle,moderate,3460761984,joint_ces,CES,0909a9e6badec122,True,291.8304958701071,0.75,0.625,0.65625,0.1303030303030303,0.5515625000000001,0.9319148936170213,0.9319148936170213,12,37,77,0,0,663
platform_mediation,mixed_bundle__moderate,mixed_bundle,moderate,3460761984,joint_leontief,LEONTIEF,0909a9e6badec122,True,370.0522270537623,0.7083333333333334,0.5,0.53125,0.11363636363636365,0.525,0.9252279635258359,0.9252279635258359,14,37,74,0,0,684
platform_mediation,mixed_bundle__moderate,mixed_bundle,moderate,1934518341,equal,none,9f56e1cd22d37181,True,,0.625,0.5,0.5,0.13855820105820105,0.47708333333333336,0.9088623507228158,0.9088623507228158,18,36,63,0,0,0
platform_mediation,mixed_bundle__moderate,mixed_bundle,moderate,1934518341,drf,none,9f56e1cd22d37181,True,,0.7291666666666666,0.375,0.4375,0.10416666666666667,0.5348958333333333,0.9597737272155877,0.9615869017632241,13,41,70,0,0,0
platform_mediation,mixed_bundle__moderate,mixed_bundle,moderate,1934518341,decomposed_cobb_douglas,COBB_DOUGLAS,9f56e1cd22d37181,True,285.7852668525941,0.6875,0.5,0.53125,0.06613756613756613,0.5088541666666667,0.9396605908233815,0.9396605908233815,15,39,66,0,0,0
platform_mediation,mixed_bundle__moderate,mixed_bundle,moderate,1934518341,joint_linear,LINEAR,9f56e1cd22d37181,True,292.2561166907965,0.08333333333333333,0.0,0.0,0.0,0.053125000000000006,0.06411062225015714,0.06411062225015714,44,2,7,0,0,683
platform_mediation,mixed_bundle__moderate,mixed_bundle,moderate,1934518341,joint_cobb_douglas,COBB_DOUGLAS,9f56e1cd22d37181,True,285.7862920967649,0.7083333333333334,0.5,0.53125,0.08280423280423281,0.5265625,0.9409176618478944,0.9409176618478944,14,40,68,0,0,650
platform_mediation,mixed_bundle__moderate,mixed_bundle,moderate,1934518341,joint_ces,CES,9f56e1cd22d37181,True,288.9153178872534,0.7083333333333334,0.5,0.53125,0.18280423280423277,0.5307291666666666,0.9252042740414833,0.9252042740414833,14,39,68,0,0,687
platform_mediation,mixed_bundle__moderate,mixed_bundle,moderate,1934518341,joint_leontief,LEONTIEF,9f56e1cd22d37181,True,367.36885908080995,0.6875,0.375,0.4375,0.12566137566137567,0.5145833333333333,0.9157762413576367,0.9157762413576367,15,42,63,0,0,734
platform_mediation,mixed_bundle__moderate,mixed_bundle,moderate,3122658152,equal,none,9b6e887e82541357,True,,0.6458333333333334,0.5,0.5,0.3055555555555556,0.4729166666666667,0.8725663716814159,0.8725663716814159,17,19,77,0,0,0
platform_mediation,mixed_bundle__moderate,mixed_bundle,moderate,3122658152,drf,none,9b6e887e82541357,True,,0.7083333333333334,0.5,0.5,0.2876984126984127,0.5130208333333334,0.9144542772861357,0.9485924112607099,14,20,82,0,0,0
platform_mediation,mixed_bundle__moderate,mixed_bundle,moderate,3122658152,decomposed_cobb_douglas,COBB_DOUGLAS,9b6e887e82541357,True,288.8779088960441,0.7083333333333334,0.5,0.5,0.3055555555555555,0.5125000000000001,0.9274336283185841,0.9274336283185841,14,20,84,0,0,0
platform_mediation,mixed_bundle__moderate,mixed_bundle,moderate,3122658152,joint_linear,LINEAR,9b6e887e82541357,True,295.76848911257036,0.16666666666666666,0.0,0.0,0.0,0.10729166666666666,0.15811209439528023,0.15811209439528023,40,3,16,0,0,748
platform_mediation,mixed_bundle__moderate,mixed_bundle,moderate,3122658152,joint_cobb_douglas,COBB_DOUGLAS,9b6e887e82541357,True,288.8800065306118,0.7083333333333334,0.5,0.5,0.3055555555555555,0.5125000000000001,0.9274336283185841,0.9274336283185841,14,20,84,0,0,737
platform_mediation,mixed_bundle__moderate,mixed_bundle,moderate,3122658152,joint_ces,CES,9b6e887e82541357,True,292.01775169130156,0.75,0.625,0.625,0.2599206349206349,0.5302083333333334,0.9238938053097345,0.9238938053097345,12,22,86,0,0,697
platform_mediation,mixed_bundle__moderate,mixed_bundle,moderate,3122658152,joint_leontief,LEONTIEF,9b6e887e82541357,True,370.95599388128915,0.75,0.5,0.53125,0.20436507936507933,0.5338541666666666,0.9498525073746312,0.9498525073746312,12,24,86,0,0,727
platform_mediation,mixed_bundle__moderate,mixed_bundle,moderate,2043738929,equal,none,e3c231fc0a0f96cb,True,,0.7291666666666666,0.625,0.625,0.08194444444444444,0.5354166666666667,0.9358041032428855,0.9358041032428855,13,39,73,0,0,0
platform_mediation,mixed_bundle__moderate,mixed_bundle,moderate,2043738929,drf,none,e3c231fc0a0f96cb,True,,0.7291666666666666,0.5,0.53125,0.11203703703703705,0.5380208333333334,0.9391131700860358,0.946,13,39,75,0,0,0
platform_mediation,mixed_bundle__moderate,mixed_bundle,moderate,2043738929,decomposed_cobb_douglas,COBB_DOUGLAS,e3c231fc0a0f96cb,True,284.4891931615495,0.7708333333333334,0.625,0.625,0.027777777777777776,0.5520833333333333,0.9457313037723362,0.9457313037723362,11,43,77,0,0,0
platform_mediation,mixed_bundle__moderate,mixed_bundle,moderate,2043738929,joint_linear,LINEAR,e3c231fc0a0f96cb,True,290.867180465423,0.14583333333333334,0.0,0.0,0.0,0.09791666666666665,0.1469225678358703,0.1469225678358703,41,6,14,0,0,650
platform_mediation,mixed_bundle__moderate,mixed_bundle,moderate,2043738929,joint_cobb_douglas,COBB_DOUGLAS,e3c231fc0a0f96cb,True,284.4916665027786,0.75,0.625,0.625,0.027777777777777776,0.5395833333333333,0.928524156187955,0.928524156187955,12,43,75,0,0,667
platform_mediation,mixed_bundle__moderate,mixed_bundle,moderate,2043738929,joint_ces,CES,e3c231fc0a0f96cb,True,287.7635533559893,0.7708333333333334,0.625,0.625,0.0,0.5458333333333333,0.9305095962938451,0.9305095962938451,11,44,76,0,0,801
platform_mediation,mixed_bundle__moderate,mixed_bundle,moderate,2043738929,joint_leontief,LEONTIEF,e3c231fc0a0f96cb,True,364.4720056383203,0.7291666666666666,0.625,0.625,0.11527777777777777,0.5359375,0.9404367968232958,0.9404367968232958,13,39,75,0,0,715
platform_mediation,mixed_bundle__moderate,mixed_bundle,moderate,2345555898,equal,none,bd9c3b704b2f8027,True,,0.75,0.625,0.625,0.06547619047619048,0.5416666666666666,0.9046970728386657,0.9046970728386657,12,42,70,0,0,0
platform_mediation,mixed_bundle__moderate,mixed_bundle,moderate,2345555898,drf,none,bd9c3b704b2f8027,True,,0.7708333333333334,0.5,0.53125,0.0,0.5479166666666667,0.9244383934649422,0.941747572815534,11,46,72,0,0,0
platform_mediation,mixed_bundle__moderate,mixed_bundle,moderate,2345555898,decomposed_cobb_douglas,COBB_DOUGLAS,bd9c3b704b2f8027,True,282.0914727598693,0.8125,0.625,0.625,0.044642857142857144,0.5817708333333333,0.955071477195371,0.955071477195371,9,46,74,0,0,0
platform_mediation,mixed_bundle__moderate,mixed_bundle,moderate,2345555898,joint_linear,LINEAR,bd9c3b704b2f8027,True,288.9002281841066,0.0625,0.0,0.0,0.0,0.0375,0.05309734513274336,0.05309734513274336,45,0,6,0,0,656
platform_mediation,mixed_bundle__moderate,mixed_bundle,moderate,2345555898,joint_cobb_douglas,COBB_DOUGLAS,bd9c3b704b2f8027,True,282.0927063784052,0.8125,0.625,0.625,0.044642857142857144,0.5817708333333333,0.955071477195371,0.955071477195371,9,46,74,0,0,651
platform_mediation,mixed_bundle__moderate,mixed_bundle,moderate,2345555898,joint_ces,CES,bd9c3b704b2f8027,True,285.25321425114663,0.7708333333333334,0.5,0.53125,0.020833333333333332,0.5526041666666667,0.9121851599727706,0.9121851599727706,11,47,69,0,0,703
platform_mediation,mixed_bundle__moderate,mixed_bundle,moderate,2345555898,joint_leontief,LEONTIEF,bd9c3b704b2f8027,True,362.5259281250968,0.7708333333333334,0.5,0.53125,0.0863095238095238,0.5567708333333333,0.9380530973451328,0.9380530973451328,11,41,73,0,0,677
platform_mediation,mixed_bundle__moderate,mixed_bundle,moderate,2733391410,equal,none,84284a0e31752486,True,,0.6666666666666666,0.375,0.4375,0.2638888888888889,0.4927083333333333,0.8805970149253731,0.8805970149253731,16,27,78,0,0,0
platform_mediation,mixed_bundle__moderate,mixed_bundle,moderate,2733391410,drf,none,84284a0e31752486,True,,0.7916666666666666,0.5,0.53125,0.18240740740740738,0.5755208333333333,0.9583333333333334,0.9685732243871779,10,35,85,0,0,0
platform_mediation,mixed_bundle__moderate,mixed_bundle,moderate,2733391410,decomposed_cobb_douglas,COBB_DOUGLAS,84284a0e31752486,True,288.1923546597587,0.75,0.5,0.53125,0.19999999999999998,0.5458333333333333,0.9123134328358209,0.9123134328358209,12,33,81,0,0,0
platform_mediation,mixed_bundle__moderate,mixed_bundle,moderate,2733391410,joint_linear,LINEAR,84284a0e31752486,True,294.6605971928584,0.0625,0.0,0.0,0.0,0.0375,0.048507462686567165,0.048507462686567165,45,0,6,0,0,670
platform_mediation,mixed_bundle__moderate,mixed_bundle,moderate,2733391410,joint_cobb_douglas,COBB_DOUGLAS,84284a0e31752486,True,288.1923546597587,0.75,0.5,0.53125,0.19999999999999998,0.5458333333333333,0.9123134328358209,0.9123134328358209,12,33,81,0,0,695
platform_mediation,mixed_bundle__moderate,mixed_bundle,moderate,2733391410,joint_ces,CES,84284a0e31752486,True,290.99517031756955,0.75,0.5,0.5625,0.08333333333333333,0.5296875,0.8582089552238806,0.8582089552238806,12,31,79,0,0,703
platform_mediation,mixed_bundle__moderate,mixed_bundle,moderate,2733391410,joint_leontief,LEONTIEF,84284a0e31752486,True,368.42781138688133,0.7708333333333334,0.5,0.5625,0.2472222222222222,0.5640625,0.9259950248756219,0.926571250777847,11,31,83,0,0,661
platform_mediation,mixed_bundle__moderate,mixed_bundle,moderate,1245822595,equal,none,85ab09191ff1869d,True,,0.7291666666666666,0.625,0.625,0.08333333333333333,0.5354166666666667,0.953981385729059,0.953981385729059,13,33,89,0,0,0
platform_mediation,mixed_bundle__moderate,mixed_bundle,moderate,1245822595,drf,none,85ab09191ff1869d,True,,0.7083333333333334,0.5,0.5625,0.11408730158730157,0.5317708333333334,0.9405377456049638,0.944935064935065,14,33,85,0,0,0
platform_mediation,mixed_bundle__moderate,mixed_bundle,moderate,1245822595,decomposed_cobb_douglas,COBB_DOUGLAS,85ab09191ff1869d,True,299.4403029580254,0.7083333333333334,0.625,0.625,0.0863095238095238,0.5265624999999999,0.9400206825232679,0.9400206825232679,14,33,86,0,0,0
platform_mediation,mixed_bundle__moderate,mixed_bundle,moderate,1245822595,joint_linear,LINEAR,85ab09191ff1869d,True,305.7729413139244,0.10416666666666667,0.0,0.0,0.0,0.06874999999999999,0.11065149948293691,0.11065149948293691,43,2,12,0,0,636
platform_mediation,mixed_bundle__moderate,mixed_bundle,moderate,1245822595,joint_cobb_douglas,COBB_DOUGLAS,85ab09191ff1869d,True,299.4403029580254,0.7083333333333334,0.625,0.625,0.0863095238095238,0.5265624999999999,0.9400206825232679,0.9400206825232679,14,33,86,0,0,674
platform_mediation,mixed_bundle__moderate,mixed_bundle,moderate,1245822595,joint_ces,CES,85ab09191ff1869d,True,302.61999529484854,0.7083333333333334,0.625,0.625,0.13194444444444445,0.5286458333333334,0.937952430196484,0.937952430196484,14,31,86,0,0,675
platform_mediation,mixed_bundle__moderate,mixed_bundle,moderate,1245822595,joint_leontief,LEONTIEF,85ab09191ff1869d,True,380.7182147957992,0.7083333333333334,0.625,0.625,0.0988095238095238,0.5265624999999999,0.9400206825232679,0.9400206825232679,14,33,86,0,0,650
platform_mediation,mixed_bundle__moderate,mixed_bundle,moderate,3966210095,equal,none,ccb9a13a88c0b35b,True,,0.6875,0.5,0.53125,0.10846560846560845,0.5182291666666666,0.9213947990543735,0.9213947990543735,15,38,72,0,0,0
platform_mediation,mixed_bundle__moderate,mixed_bundle,moderate,3966210095,drf,none,ccb9a13a88c0b35b,True,,0.7291666666666666,0.625,0.625,0.09232804232804233,0.5411458333333333,0.9456264775413712,0.948429164196799,13,38,77,0,0,0
platform_mediation,mixed_bundle__moderate,mixed_bundle,moderate,3966210095,decomposed_cobb_douglas,COBB_DOUGLAS,ccb9a13a88c0b35b,True,290.5817016121942,0.75,0.5,0.53125,0.1343915343915344,0.5651041666666666,0.9710401891252955,0.9710401891252955,12,37,79,0,0,0
platform_mediation,mixed_bundle__moderate,mixed_bundle,moderate,3966210095,joint_linear,LINEAR,ccb9a13a88c0b35b,True,297.21440966298564,0.041666666666666664,0.0,0.0,0.0,0.024999999999999998,0.030732860520094562,0.030732860520094562,46,0,4,0,0,676
platform_mediation,mixed_bundle__moderate,mixed_bundle,moderate,3966210095,joint_cobb_douglas,COBB_DOUGLAS,ccb9a13a88c0b35b,True,290.5823216965233,0.75,0.5,0.53125,0.1343915343915344,0.5651041666666666,0.9710401891252955,0.9710401891252955,12,37,79,0,0,700
platform_mediation,mixed_bundle__moderate,mixed_bundle,moderate,3966210095,joint_ces,CES,ccb9a13a88c0b35b,True,293.7833149161444,0.7916666666666666,0.625,0.65625,0.06428571428571428,0.5796874999999999,0.9302600472813238,0.9302600472813238,10,45,79,0,0,734
platform_mediation,mixed_bundle__moderate,mixed_bundle,moderate,3966210095,joint_leontief,LEONTIEF,ccb9a13a88c0b35b,True,371.3487329404576,0.75,0.5,0.5625,0.08214285714285714,0.5515625000000001,0.9592198581560284,0.9592198581560284,12,40,79,0,0,704
platform_mediation,mixed_bundle__moderate,mixed_bundle,moderate,318953298,equal,none,dac2504425b5e110,True,,0.7291666666666666,0.5,0.5625,0.041666666666666664,0.5291666666666667,0.9516539440203562,0.9516539440203562,13,39,77,0,0,0
platform_mediation,mixed_bundle__moderate,mixed_bundle,moderate,318953298,drf,none,dac2504425b5e110,True,,0.7291666666666666,0.5,0.5,0.075,0.5291666666666667,0.9516539440203562,0.9553001277139208,13,39,77,0,0,0
platform_mediation,mixed_bundle__moderate,mixed_bundle,moderate,318953298,decomposed_cobb_douglas,COBB_DOUGLAS,dac2504425b5e110,True,286.73554264279875,0.75,0.5,0.5625,0.0,0.5333333333333333,0.94529262086514,0.94529262086514,12,41,77,0,0,0
platform_mediation,mixed_bundle__moderate,mixed_bundle,moderate,318953298,joint_linear,LINEAR,dac2504425b5e110,True,293.09797912778413,0.0625,0.0,0.0,0.0,0.040625,0.04834605597964377,0.04834605597964377,45,2,5,0,0,689
platform_mediation,mixed_bundle__moderate,mixed_bundle,moderate,318953298,joint_cobb_douglas,COBB_DOUGLAS,dac2504425b5e110,True,286.73605055496097,0.75,0.5,0.5625,0.0,0.5333333333333333,0.94529262086514,0.94529262086514,12,41,77,0,0,698
platform_mediation,mixed_bundle__moderate,mixed_bundle,moderate,318953298,joint_ces,CES,dac2504425b5e110,True,289.95458228138114,0.75,0.625,0.65625,0.027777777777777776,0.5385416666666667,0.9300254452926209,0.9300254452926209,12,42,77,0,0,665
platform_mediation,mixed_bundle__moderate,mixed_bundle,moderate,318953298,joint_leontief,LEONTIEF,dac2504425b5e110,True,367.21381398556343,0.75,0.5,0.5625,0.0,0.5333333333333333,0.94529262086514,0.94529262086514,12,41,77,0,0,661
platform_mediation,mixed_bundle__moderate,mixed_bundle,moderate,2226119657,equal,none,cdf6a7de62d9f1be,True,,0.6666666666666666,0.625,0.625,0.39444444444444443,0.48906249999999996,0.8941109852774632,0.8941109852774632,16,18,78,0,0,0
platform_mediation,mixed_bundle__moderate,mixed_bundle,moderate,2226119657,drf,none,cdf6a7de62d9f1be,True,,0.7708333333333334,0.625,0.65625,0.2638888888888889,0.5541666666666666,0.9371460928652322,0.943557582668187,11,28,86,0,0,0
platform_mediation,mixed_bundle__moderate,mixed_bundle,moderate,2226119657,decomposed_cobb_douglas,COBB_DOUGLAS,cdf6a7de62d9f1be,True,291.54781575636474,0.7291666666666666,0.625,0.65625,0.3875,0.5395833333333333,0.9694224235560589,0.9694224235560589,13,21,86,0,0,0
platform_mediation,mixed_bundle__moderate,mixed_bundle,moderate,2226119657,joint_linear,LINEAR,cdf6a7de62d9f1be,True,298.20485141990775,0.14583333333333334,0.0,0.0,0.0,0.09791666666666665,0.13590033975084936,0.13590033975084936,41,5,13,0,0,665
platform_mediation,mixed_bundle__moderate,mixed_bundle,moderate,2226119657,joint_cobb_douglas,COBB_DOUGLAS,cdf6a7de62d9f1be,True,291.54796169996894,0.7291666666666666,0.625,0.65625,0.2708333333333333,0.5343749999999999,0.964326160815402,0.964326160815402,13,25,84,0,0,697
platform_mediation,mixed_bundle__moderate,mixed_bundle,moderate,2226119657,joint_ces,CES,cdf6a7de62d9f1be,True,294.56897492980266,0.7708333333333334,0.625,0.65625,0.08333333333333333,0.5489583333333333,0.9354473386183465,0.9354473386183465,11,32,83,0,0,691
platform_mediation,mixed_bundle__moderate,mixed_bundle,moderate,2226119657,joint_leontief,LEONTIEF,cdf6a7de62d9f1be,True,374.79633473239153,0.75,0.625,0.65625,0.22777777777777775,0.5421874999999999,0.9467723669309174,0.9467723669309174,12,26,84,0,0,680
platform_mediation,mixed_bundle__moderate,mixed_bundle,moderate,397166580,equal,none,11b265e9c271503b,True,,0.8125,0.75,0.75,0.0462962962962963,0.5697916666666667,0.9605425400739828,0.9605425400739828,9,36,82,0,0,0
platform_mediation,mixed_bundle__moderate,mixed_bundle,moderate,397166580,drf,none,11b265e9c271503b,True,,0.7083333333333334,0.625,0.625,0.041666666666666664,0.5072916666666666,0.9593094944512947,0.9640644361833953,14,33,76,0,0,0
platform_mediation,mixed_bundle__moderate,mixed_bundle,moderate,397166580,decomposed_cobb_douglas,COBB_DOUGLAS,11b265e9c271503b,True,286.4762966755038,0.75,0.625,0.625,0.1074074074074074,0.5348958333333333,0.9537607891491985,0.9537607891491985,12,31,81,0,0,0
platform_mediation,mixed_bundle__moderate,mixed_bundle,moderate,397166580,joint_linear,LINEAR,11b265e9c271503b,True,292.8748218485242,0.10416666666666667,0.0,0.0,0.0,0.06979166666666665,0.11713933415536375,0.11713933415536375,43,3,10,0,0,646
platform_mediation,mixed_bundle__moderate,mixed_bundle,moderate,397166580,joint_cobb_douglas,COBB_DOUGLAS,11b265e9c271503b,True,286.4762966755038,0.75,0.625,0.625,0.1074074074074074,0.5348958333333333,0.9537607891491985,0.9537607891491985,12,31,81,0,0,688
platform_mediation,mixed_bundle__moderate,mixed_bundle,moderate,397166580,joint_ces,CES,11b265e9c271503b,True,289.6071720340324,0.75,0.5,0.53125,0.07962962962962963,0.5307291666666666,0.938347718865598,0.938347718865598,12,32,80,0,0,686
platform_mediation,mixed_bundle__moderate,mixed_bundle,moderate,397166580,joint_leontief,LEONTIEF,11b265e9c271503b,True,368.8193138677103,0.7708333333333334,0.625,0.65625,0.027777777777777776,0.5432291666666667,0.9494451294697904,0.9494451294697904,11,36,79,0,0,770
platform_mediation,mixed_bundle__moderate,mixed_bundle,moderate,2612338763,equal,none,e8f1a92c61abfceb,True,,0.625,0.375,0.375,0.10416666666666667,0.4588541666666666,0.9101198402130493,0.9101198402130493,18,31,67,0,0,0
platform_mediation,mixed_bundle__moderate,mixed_bundle,moderate,2612338763,drf,none,e8f1a92c61abfceb,True,,0.6666666666666666,0.375,0.40625,0.1111111111111111,0.4921875,0.9440745672436751,0.9465954606141522,16,33,69,0,0,0
platform_mediation,mixed_bundle__moderate,mixed_bundle,moderate,2612338763,decomposed_cobb_douglas,COBB_DOUGLAS,e8f1a92c61abfceb,True,282.0152407765792,0.6458333333333334,0.5,0.5,0.13194444444444445,0.47500000000000003,0.9360852197070573,0.9360852197070573,17,31,68,0,0,0
platform_mediation,mixed_bundle__moderate,mixed_bundle,moderate,2612338763,joint_linear,LINEAR,e8f1a92c61abfceb,True,288.48898229324027,0.020833333333333332,0.0,0.0,0.0,0.012499999999999999,0.017310252996005325,0.017310252996005325,47,0,2,0,0,701
platform_mediation,mixed_bundle__moderate,mixed_bundle,moderate,2612338763,joint_cobb_douglas,COBB_DOUGLAS,e8f1a92c61abfceb,True,282.01550117271006,0.6458333333333334,0.5,0.5,0.13194444444444445,0.47500000000000003,0.9360852197070573,0.9360852197070573,17,31,68,0,0,651
platform_mediation,mixed_bundle__moderate,mixed_bundle,moderate,2612338763,joint_ces,CES,e8f1a92c61abfceb,True,285.16373736730355,0.7291666666666666,0.625,0.625,0.020833333333333332,0.5213541666666667,0.9307589880159787,0.9307589880159787,13,40,70,0,0,659
platform_mediation,mixed_bundle__moderate,mixed_bundle,moderate,2612338763,joint_leontief,LEONTIEF,e8f1a92c61abfceb,True,363.7588088054107,0.6666666666666666,0.5,0.53125,0.09027777777777778,0.4864583333333334,0.9354194407456724,0.9354194407456724,16,34,68,0,0,714
platform_mediation,mixed_bundle__moderate,mixed_bundle,moderate,4093499676,equal,none,9ec014cf94228bef,True,,0.7083333333333334,0.5,0.5,0.24074074074074073,0.5119791666666668,0.8605083694978302,0.8605083694978302,14,35,70,0,0,0
platform_mediation,mixed_bundle__moderate,mixed_bundle,moderate,4093499676,drf,none,9ec014cf94228bef,True,,0.7708333333333334,0.375,0.40625,0.12777777777777777,0.5598958333333334,0.9336639801611903,0.9592356687898089,11,41,76,0,0,0
platform_mediation,mixed_bundle__moderate,mixed_bundle,moderate,4093499676,decomposed_cobb_douglas,COBB_DOUGLAS,9ec014cf94228bef,True,287.1739233461677,0.8125,0.5,0.5625,0.20000000000000004,0.5812499999999999,0.9510229386236826,0.9510229386236826,9,40,79,0,0,0
platform_mediation,mixed_bundle__moderate,mixed_bundle,moderate,4093499676,joint_linear,LINEAR,9ec014cf94228bef,True,294.05843423681233,0.041666666666666664,0.0,0.0,0.0,0.024999999999999998,0.032238065716057036,0.032238065716057036,46,0,4,0,0,631
platform_mediation,mixed_bundle__moderate,mixed_bundle,moderate,4093499676,joint_cobb_douglas,COBB_DOUGLAS,9ec014cf94228bef,True,287.17477319273706,0.8125,0.5,0.5625,0.20000000000000004,0.5812499999999999,0.9510229386236826,0.9510229386236826,9,40,79,0,0,763
platform_mediation,mixed_bundle__moderate,mixed_bundle,moderate,4093499676,joint_ces,CES,9ec014cf94228bef,True,290.30582291610773,0.7916666666666666,0.5,0.5625,0.05000000000000001,0.5651041666666667,0.9175449473031618,0.9175449473031618,10,40,77,0,0,694
platform_mediation,mixed_bundle__moderate,mixed_bundle,moderate,4093499676,joint_leontief,LEONTIEF,9ec014cf94228bef,True,368.15962455292595,0.8125,0.5,0.5625,0.2388888888888889,0.5828125000000001,0.9479231246125233,0.9479231246125233,9,40,79,0,0,717
platform_mediation,mixed_bundle__moderate,mixed_bundle,moderate,1602817336,equal,none,a984b36c144bb873,True,,0.75,0.5,0.53125,0.05555555555555555,0.5296875,0.9279824079164376,0.9279824079164376,12,28,86,0,0,0
platform_mediation,mixed_bundle__moderate,mixed_bundle,moderate,1602817336,drf,none,a984b36c144bb873,True,,0.7708333333333334,0.625,0.65625,0.13055555555555556,0.5494791666666666,0.9268829026937878,0.9471910112359551,11,27,88,0,0,0
platform_mediation,mixed_bundle__moderate,mixed_bundle,moderate,1602817336,decomposed_cobb_douglas,COBB_DOUGLAS,a984b36c144bb873,True,294.18861541686994,0.7916666666666666,0.5,0.5625,0.09722222222222221,0.5598958333333334,0.9433754810335349,0.9433754810335349,10,29,90,0,0,0
platform_mediation,mixed_bundle__moderate,mixed_bundle,moderate,1602817336,joint_linear,LINEAR,a984b36c144bb873,True,300.55579787425665,0.22916666666666666,0.0,0.0,0.041666666666666664,0.15052083333333333,0.2017592083562397,0.2017592083562397,37,4,22,0,0,699
platform_mediation,mixed_bundle__moderate,mixed_bundle,moderate,1602817336,joint_cobb_douglas,COBB_DOUGLAS,a984b36c144bb873,True,294.1888261216697,0.7916666666666666,0.5,0.5625,0.09722222222222221,0.5598958333333334,0.9433754810335349,0.9433754810335349,10,29,90,0,0,673
platform_mediation,mixed_bundle__moderate,mixed_bundle,moderate,1602817336,joint_ces,CES,a984b36c144bb873,True,297.1442795816877,0.7708333333333334,0.5,0.53125,0.1722222222222222,0.5536458333333334,0.9274326553051127,0.9274326553051127,11,25,88,0,0,694
platform_mediation,mixed_bundle__moderate,mixed_bundle,moderate,1602817336,joint_leontief,LEONTIEF,a984b36c144bb873,True,376.51747332086944,0.7708333333333334,0.5,0.5625,0.13888888888888887,0.5515625000000001,0.9389774601429357,0.9389774601429357,11,28,89,0,0,668
platform_mediation,mixed_bundle__moderate,mixed_bundle,moderate,2163939494,equal,none,d8411fd78f6fc24f,True,,0.7083333333333334,0.625,0.625,0.17638888888888885,0.5286458333333334,0.8996941896024465,0.8996941896024465,14,35,74,0,0,0
platform_mediation,mixed_bundle__moderate,mixed_bundle,moderate,2163939494,drf,none,d8411fd78f6fc24f,True,,0.7291666666666666,0.5,0.53125,0.10252525252525252,0.5348958333333335,0.9107033639143731,0.9283042394014963,13,38,74,0,0,0
platform_mediation,mixed_bundle__moderate,mixed_bundle,moderate,2163939494,decomposed_cobb_douglas,COBB_DOUGLAS,d8411fd78f6fc24f,True,289.30586557470286,0.7708333333333334,0.625,0.625,0.1275252525252525,0.5635416666666667,0.9486238532110092,0.9486238532110092,11,39,79,0,0,0
platform_mediation,mixed_bundle__moderate,mixed_bundle,moderate,2163939494,joint_linear,LINEAR,d8411fd78f6fc24f,True,295.485780176436,0.08333333333333333,0.0,0.0,0.0,0.05625,0.06116207951070336,0.06116207951070336,44,4,6,0,0,683
platform_mediation,mixed_bundle__moderate,mixed_bundle,moderate,2163939494,joint_cobb_douglas,COBB_DOUGLAS,d8411fd78f6fc24f,True,289.30594516184107,0.7708333333333334,0.625,0.625,0.1275252525252525,0.5635416666666667,0.9486238532110092,0.9486238532110092,11,39,79,0,0,657
platform_mediation,mixed_bundle__moderate,mixed_bundle,moderate,2163939494,joint_ces,CES,d8411fd78f6fc24f,True,292.04316659186117,0.75,0.625,0.625,0.11515151515151516,0.5416666666666666,0.9241590214067278,0.9241590214067278,12,38,77,0,0,696
platform_mediation,mixed_bundle__moderate,mixed_bundle,moderate,2163939494,joint_leontief,LEONTIEF,d8411fd78f6fc24f,True,369.70248451857657,0.7708333333333334,0.625,0.625,0.12626262626262627,0.5630208333333334,0.9590214067278288,0.9590214067278288,11,40,78,0,0,655
platform_mediation,mixed_bundle__moderate,mixed_bundle,moderate,1879409021,equal,none,0ee101af94277f13,True,,0.7083333333333334,0.5,0.53125,0.1867063492063492,0.5328125,0.9287733182589033,0.9287733182589033,14,30,82,0,0,0
platform_mediation,mixed_bundle__moderate,mixed_bundle,moderate,1879409021,drf,none,0ee101af94277f13,True,,0.75,0.625,0.625,0.1701058201058201,0.5578125,0.9643866591294517,0.96657223796034,12,31,88,0,0,0
platform_mediation,mixed_bundle__moderate,mixed_bundle,moderate,1879409021,decomposed_cobb_douglas,COBB_DOUGLAS,0ee101af94277f13,True,293.5073369250155,0.75,0.5,0.53125,0.2253968253968254,0.565625,0.9446014697569248,0.9446014697569248,12,29,87,0,0,0
platform_mediation,mixed_bundle__moderate,mixed_bundle,moderate,1879409021,joint_linear,LINEAR,0ee101af94277f13,True,300.20175964035275,0.10416666666666667,0.0,0.0,0.03333333333333333,0.07708333333333334,0.11644997173544375,0.11644997173544375,43,4,10,0,0,652
platform_mediation,mixed_bundle__moderate,mixed_bundle,moderate,1879409021,joint_cobb_douglas,COBB_DOUGLAS,0ee101af94277f13,True,293.5075423553126,0.75,0.5,0.53125,0.2253968253968254,0.565625,0.9446014697569248,0.9446014697569248,12,29,87,0,0,670
platform_mediation,mixed_bundle__moderate,mixed_bundle,moderate,1879409021,joint_ces,CES,0ee101af94277f13,True,296.75667927207604,0.7708333333333334,0.625,0.625,0.16428571428571428,0.5744791666666668,0.9406444318824194,0.9406444318824194,11,34,87,0,0,661
platform_mediation,mixed_bundle__moderate,mixed_bundle,moderate,1879409021,joint_leontief,LEONTIEF,0ee101af94277f13,True,374.7390140197088,0.7916666666666666,0.625,0.625,0.16058201058201058,0.5885416666666666,0.9525155455059355,0.9525155455059355,10,34,89,0,0,696
platform_mediation,mixed_bundle__moderate,mixed_bundle,moderate,2350630081,equal,none,ff13da177804332c,True,,0.75,0.5,0.53125,0.12222222222222223,0.5604166666666667,0.9392935982339956,0.9392935982339956,12,41,82,0,0,0
platform_mediation,mixed_bundle__moderate,mixed_bundle,moderate,2350630081,drf,none,ff13da177804332c,True,,0.7708333333333334,0.5,0.53125,0.027777777777777776,0.5645833333333333,0.9492273730684326,0.9560867148415787,11,45,85,0,0,0
platform_mediation,mixed_bundle__moderate,mixed_bundle,moderate,2350630081,decomposed_cobb_douglas,COBB_DOUGLAS,ff13da177804332c,True,296.49680429771183,0.7708333333333334,0.5,0.53125,0.1281144781144781,0.5817708333333333,0.9503311258278145,0.9503311258278145,11,41,83,0,0,0
platform_mediation,mixed_bundle__moderate,mixed_bundle,moderate,2350630081,joint_linear,LINEAR,ff13da177804332c,True,302.78255195646295,0.0625,0.0,0.0,0.0,0.043750000000000004,0.04083885209713024,0.04083885209713024,45,4,4,0,0,696
platform_mediation,mixed_bundle__moderate,mixed_bundle,moderate,2350630081,joint_cobb_douglas,COBB_DOUGLAS,ff13da177804332c,True,296.4988607322631,0.7708333333333334,0.5,0.53125,0.1281144781144781,0.578125,0.934878587196468,0.934878587196468,11,41,83,0,0,702
platform_mediation,mixed_bundle__moderate,mixed_bundle,moderate,2350630081,joint_ces,CES,ff13da177804332c,True,299.61995399807677,0.7708333333333334,0.5,0.5625,0.1697811447811448,0.5901041666666667,0.9315673289183223,0.9315673289183223,11,39,85,0,0,685
platform_mediation,mixed_bundle__moderate,mixed_bundle,moderate,2350630081,joint_leontief,LEONTIEF,ff13da177804332c,True,376.3194631967374,0.7916666666666666,0.625,0.625,0.07407407407407407,0.5776041666666666,0.9519867549668874,0.9519867549668874,10,43,86,0,0,660
platform_mediation,mixed_bundle__moderate,mixed_bundle,moderate,4072334224,equal,none,c69d150a45ec444b,True,,0.6666666666666666,0.5,0.5,0.24166666666666667,0.5057291666666667,0.9364914107235814,0.9364914107235814,16,22,82,0,0,0
platform_mediation,mixed_bundle__moderate,mixed_bundle,moderate,4072334224,drf,none,c69d150a45ec444b,True,,0.7916666666666666,0.625,0.65625,0.15343915343915346,0.5802083333333333,0.9588755856324831,0.9720316622691293,10,32,88,0,0,0
platform_mediation,mixed_bundle__moderate,mixed_bundle,moderate,4072334224,decomposed_cobb_douglas,COBB_DOUGLAS,c69d150a45ec444b,True,296.96307784082586,0.7916666666666666,0.625,0.625,0.1851851851851852,0.5791666666666667,0.9661634565330557,0.9661634565330557,10,30,89,0,0,0
platform_mediation,mixed_bundle__moderate,mixed_bundle,moderate,4072334224,joint_linear,LINEAR,c69d150a45ec444b,True,303.3515014813347,0.10416666666666667,0.0,0.0,0.0,0.06875,0.06559083810515356,0.06559083810515356,43,4,8,0,0,693
platform_mediation,mixed_bundle__moderate,mixed_bundle,moderate,4072334224,joint_cobb_douglas,COBB_DOUGLAS,c69d150a45ec444b,True,296.96307784082586,0.7916666666666666,0.625,0.625,0.1851851851851852,0.5791666666666667,0.9661634565330557,0.9661634565330557,10,30,89,0,0,653
platform_mediation,mixed_bundle__moderate,mixed_bundle,moderate,4072334224,joint_ces,CES,c69d150a45ec444b,True,299.9638946505935,0.75,0.5,0.53125,0.2916666666666667,0.5635416666666667,0.9302446642373764,0.9302446642373764,12,23,88,0,0,651
platform_mediation,mixed_bundle__moderate,mixed_bundle,moderate,4072334224,joint_leontief,LEONTIEF,c69d150a45ec444b,True,379.6831860928775,0.7916666666666666,0.625,0.65625,0.10714285714285714,0.5776041666666667,0.969807391983342,0.969807391983342,10,35,87,0,0,681
platform_mediation,mixed_bundle__moderate,mixed_bundle,moderate,2689354381,equal,none,d460af89297852f8,True,,0.6666666666666666,0.625,0.625,0.27638888888888885,0.50625,0.904143475572047,0.904143475572047,16,25,76,0,0,0
platform_mediation,mixed_bundle__moderate,mixed_bundle,moderate,2689354381,drf,none,d460af89297852f8,True,,0.7916666666666666,0.75,0.75,0.1164021164021164,0.5848958333333334,0.9437229437229437,0.944891640866873,10,38,79,0,0,0
platform_mediation,mixed_bundle__moderate,mixed_bundle,moderate,2689354381,decomposed_cobb_douglas,COBB_DOUGLAS,d460af89297852f8,True,287.2736041681567,0.7916666666666666,0.625,0.625,0.09623015873015872,0.571875,0.9412492269635127,0.9412492269635127,10,38,80,0,0,0
platform_mediation,mixed_bundle__moderate,mixed_bundle,moderate,2689354381,joint_linear,LINEAR,d460af89297852f8,True,294.24820069693544,0.08333333333333333,0.0,0.0,0.0,0.057291666666666664,0.10142238713667286,0.10142238713667286,44,3,8,0,0,682
platform_mediation,mixed_bundle__moderate,mixed_bundle,moderate,2689354381,joint_cobb_douglas,COBB_DOUGLAS,d460af89297852f8,True,287.27464225868073,0.8125,0.625,0.65625,0.09206349206349206,0.5854166666666666,0.9313543599257885,0.9313543599257885,9,40,81,0,0,653
platform_mediation,mixed_bundle__moderate,mixed_bundle,moderate,2689354381,joint_ces,CES,d460af89297852f8,True,290.5089994172788,0.75,0.625,0.65625,0.11613756613756614,0.5479166666666667,0.9214594928880643,0.9214594928880643,12,35,78,0,0,652
platform_mediation,mixed_bundle__moderate,mixed_bundle,moderate,2689354381,joint_leontief,LEONTIEF,d460af89297852f8,True,368.2573532657101,0.7916666666666666,0.75,0.75,0.09417989417989418,0.5739583333333333,0.9486703772418058,0.9486703772418058,10,38,80,0,0,647
platform_mediation,mixed_bundle__moderate,mixed_bundle,moderate,968869128,equal,none,915619d22ca4acd4,True,,0.7083333333333334,0.5,0.5,0.342063492063492,0.5302083333333333,0.9043010752688172,0.9043010752688172,14,27,79,0,0,0
platform_mediation,mixed_bundle__moderate,mixed_bundle,moderate,968869128,drf,none,915619d22ca4acd4,True,,0.75,0.5,0.53125,0.36706349206349204,0.5609375000000001,0.9456989247311828,0.9497840172786177,12,29,85,0,0,0
platform_mediation,mixed_bundle__moderate,mixed_bundle,moderate,968869128,decomposed_cobb_douglas,COBB_DOUGLAS,915619d22ca4acd4,True,295.6222964219792,0.7291666666666666,0.5,0.53125,0.3628968253968254,0.5458333333333334,0.9408602150537635,0.9408602150537635,13,25,84,0,0,0
platform_mediation,mixed_bundle__moderate,mixed_bundle,moderate,968869128,joint_linear,LINEAR,915619d22ca4acd4,True,301.99019199291104,0.125,0.0,0.0,0.08333333333333333,0.08541666666666665,0.13870967741935483,0.13870967741935483,42,1,15,0,0,661
platform_mediation,mixed_bundle__moderate,mixed_bundle,moderate,968869128,joint_cobb_douglas,COBB_DOUGLAS,915619d22ca4acd4,True,295.62266212176417,0.7291666666666666,0.5,0.53125,0.3628968253968254,0.5458333333333334,0.9408602150537635,0.9408602150537635,13,25,84,0,0,680
platform_mediation,mixed_bundle__moderate,mixed_bundle,moderate,968869128,joint_ces,CES,915619d22ca4acd4,True,298.5815759147812,0.7291666666666666,0.625,0.625,0.28465608465608466,0.5401041666666667,0.9086021505376344,0.9086021505376344,13,27,83,0,0,678
platform_mediation,mixed_bundle__moderate,mixed_bundle,moderate,968869128,joint_leontief,LEONTIEF,915619d22ca4acd4,True,378.08585061477703,0.7708333333333334,0.625,0.625,0.13194444444444445,0.5614583333333334,0.964516129032258,0.964516129032258,11,33,86,0,0,674
platform_mediation,mixed_bundle__moderate,mixed_bundle,moderate,2539654781,equal,none,8ec3c95b1a8ddca8,True,,0.75,0.625,0.65625,0.16666666666666666,0.5401041666666667,0.917910447761194,0.917910447761194,12,30,80,0,0,0
platform_mediation,mixed_bundle__moderate,mixed_bundle,moderate,2539654781,drf,none,8ec3c95b1a8ddca8,True,,0.7916666666666666,0.625,0.65625,0.05714285714285714,0.5541666666666667,0.9185323383084577,0.9306868304977945,10,32,82,0,0,0
platform_mediation,mixed_bundle__moderate,mixed_bundle,moderate,2539654781,decomposed_cobb_douglas,COBB_DOUGLAS,8ec3c95b1a8ddca8,True,285.4029096001763,0.7916666666666666,0.75,0.75,0.121031746031746,0.5630208333333334,0.929726368159204,0.929726368159204,10,30,84,0,0,0
platform_mediation,mixed_bundle__moderate,mixed_bundle,moderate,2539654781,joint_linear,LINEAR,8ec3c95b1a8ddca8,True,292.02027161585426,0.14583333333333334,0.0,0.0,0.1111111111111111,0.1015625,0.17599502487562188,0.17599502487562188,41,1,16,0,0,662
platform_mediation,mixed_bundle__moderate,mixed_bundle,moderate,2539654781,joint_cobb_douglas,COBB_DOUGLAS,8ec3c95b1a8ddca8,True,285.4036726396353,0.7916666666666666,0.75,0.75,0.121031746031746,0.5630208333333334,0.929726368159204,0.929726368159204,10,30,84,0,0,691
platform_mediation,mixed_bundle__moderate,mixed_bundle,moderate,2539654781,joint_ces,CES,8ec3c95b1a8ddca8,True,288.50185492654276,0.8125,0.625,0.65625,0.20436507936507933,0.5744791666666665,0.9266169154228856,0.9266169154228856,9,26,86,0,0,659
platform_mediation,mixed_bundle__moderate,mixed_bundle,moderate,2539654781,joint_leontief,LEONTIEF,8ec3c95b1a8ddca8,True,368.0550676069432,0.7916666666666666,0.625,0.65625,0.125,0.5552083333333334,0.9402985074626866,0.9402985074626866,10,31,83,0,0,674
platform_mediation,mixed_bundle__moderate,mixed_bundle,moderate,1808595992,equal,none,2fccb094a1e0b969,True,,0.6875,0.5,0.53125,0.10416666666666667,0.4947916666666667,0.9256965944272446,0.9256965944272446,15,27,78,0,0,0
platform_mediation,mixed_bundle__moderate,mixed_bundle,moderate,1808595992,drf,none,2fccb094a1e0b969,True,,0.6875,0.375,0.40625,0.05555555555555555,0.4895833333333333,0.9126934984520124,0.9264613450659962,15,32,76,0,0,0
platform_mediation,mixed_bundle__moderate,mixed_bundle,moderate,1808595992,decomposed_cobb_douglas,COBB_DOUGLAS,2fccb094a1e0b969,True,287.7042723280991,0.6875,0.5,0.53125,0.30185185185185187,0.5151041666666666,0.9535603715170279,0.9535603715170279,15,25,81,0,0,0
platform_mediation,mixed_bundle__moderate,mixed_bundle,moderate,1808595992,joint_linear,LINEAR,2fccb094a1e0b969,True,294.1959964494393,0.0625,0.0,0.0,0.0,0.0375,0.04829721362229102,0.04829721362229102,45,0,6,0,0,677
platform_mediation,mixed_bundle__moderate,mixed_bundle,moderate,1808595992,joint_cobb_douglas,COBB_DOUGLAS,2fccb094a1e0b969,True,287.70446165363427,0.6666666666666666,0.5,0.53125,0.24629629629629626,0.49843750000000003,0.9479876160990712,0.9479876160990712,16,26,78,0,0,666
platform_mediation,mixed_bundle__moderate,mixed_bundle,moderate,1808595992,joint_ces,CES,2fccb094a1e0b969,True,290.9272990454792,0.6458333333333334,0.375,0.40625,0.10185185185185185,0.4760416666666667,0.8910216718266254,0.8910216718266254,17,31,72,0,0,697
platform_mediation,mixed_bundle__moderate,mixed_bundle,moderate,1808595992,joint_leontief,LEONTIEF,2fccb094a1e0b969,True,368.4723473831545,0.6875,0.5,0.53125,0.21851851851851853,0.5083333333333333,0.9498452012383901,0.9498452012383901,15,27,79,0,0,688
platform_mediation,mixed_bundle__moderate,mixed_bundle,moderate,4180394963,equal,none,2417e1970ba03342,True,,0.7708333333333334,0.625,0.65625,0.018518518518518517,0.5432291666666665,0.9144893111638955,0.9144893111638955,11,36,79,0,0,0
platform_mediation,mixed_bundle__moderate,mixed_bundle,moderate,4180394963,drf,none,2417e1970ba03342,True,,0.6875,0.375,0.4375,0.0925925925925926,0.4958333333333333,0.9554631828978623,0.9577380952380953,15,28,79,0,0,0
platform_mediation,mixed_bundle__moderate,mixed_bundle,moderate,4180394963,decomposed_cobb_douglas,COBB_DOUGLAS,2417e1970ba03342,True,288.74421992671654,0.7291666666666666,0.375,0.46875,0.0787037037037037,0.5208333333333334,0.934085510688836,0.934085510688836,13,30,79,0,0,0
platform_mediation,mixed_bundle__moderate,mixed_bundle,moderate,4180394963,joint_linear,LINEAR,2417e1970ba03342,True,295.204977497023,0.041666666666666664,0.0,0.0,0.0,0.024999999999999998,0.030878859857482184,0.030878859857482184,46,0,4,0,0,674
platform_mediation,mixed_bundle__moderate,mixed_bundle,moderate,4180394963,joint_cobb_douglas,COBB_DOUGLAS,2417e1970ba03342,True,288.7443675503316,0.7291666666666666,0.375,0.46875,0.0787037037037037,0.5208333333333334,0.934085510688836,0.934085510688836,13,30,79,0,0,652
platform_mediation,mixed_bundle__moderate,mixed_bundle,moderate,4180394963,joint_ces,CES,2417e1970ba03342,True,291.8110459460788,0.7291666666666666,0.375,0.46875,0.037037037037037035,0.5166666666666666,0.9233966745843231,0.9233966745843231,13,31,78,0,0,741
platform_mediation,mixed_bundle__moderate,mixed_bundle,moderate,4180394963,joint_leontief,LEONTIEF,2417e1970ba03342,True,371.36313933067,0.7708333333333334,0.5,0.5625,0.03333333333333333,0.5499999999999999,0.9720902612826603,0.9720902612826603,11,35,81,0,0,709
platform_mediation,mixed_bundle__moderate,mixed_bundle,moderate,2765755222,equal,none,50197643482afdfa,True,,0.7083333333333334,0.5,0.53125,0.14047619047619048,0.5348958333333335,0.9410080183276059,0.9410080183276059,14,35,80,0,0,0
platform_mediation,mixed_bundle__moderate,mixed_bundle,moderate,2765755222,drf,none,50197643482afdfa,True,,0.7916666666666666,0.5,0.5625,0.041666666666666664,0.5822916666666667,0.936426116838488,0.9439953810623557,10,46,81,0,0,0
platform_mediation,mixed_bundle__moderate,mixed_bundle,moderate,2765755222,decomposed_cobb_douglas,COBB_DOUGLAS,50197643482afdfa,True,293.39159516700255,0.8125,0.625,0.65625,0.07103174603174603,0.5953125,0.9518900343642611,0.9518900343642611,9,44,83,0,0,0
platform_mediation,mixed_bundle__moderate,mixed_bundle,moderate,2765755222,joint_linear,LINEAR,50197643482afdfa,True,299.8231782785652,0.041666666666666664,0.0,0.0,0.0,0.028125,0.0286368843069874,0.0286368843069874,46,2,3,0,0,682
platform_mediation,mixed_bundle__moderate,mixed_bundle,moderate,2765755222,joint_cobb_douglas,COBB_DOUGLAS,50197643482afdfa,True,293.39159803618446,0.8125,0.625,0.65625,0.07103174603174603,0.5953125,0.9518900343642611,0.9518900343642611,9,44,83,0,0,675
platform_mediation,mixed_bundle__moderate,mixed_bundle,moderate,2765755222,joint_ces,CES,50197643482afdfa,True,296.6060601115065,0.7916666666666666,0.625,0.65625,0.11093073593073594,0.584375,0.9261168384879725,0.9261168384879725,10,40,83,0,0,735
platform_mediation,mixed_bundle__moderate,mixed_bundle,moderate,2765755222,joint_leontief,LEONTIEF,50197643482afdfa,True,373.80978208397636,0.8125,0.625,0.65625,0.12380952380952381,0.6015625,0.9650630011454754,0.9650630011454754,9,43,84,0,0,680
platform_mediation,mixed_bundle__moderate,mixed_bundle,moderate,2767636779,equal,none,7922b32073d4431c,True,,0.7291666666666666,0.5,0.53125,0.1714285714285714,0.5572916666666666,0.965055329062318,0.965055329062318,13,34,83,0,0,0
platform_mediation,mixed_bundle__moderate,mixed_bundle,moderate,2767636779,drf,none,7922b32073d4431c,True,,0.7708333333333334,0.625,0.625,0.07037037037037037,0.5708333333333333,0.9697146185206756,0.9714119019836639,11,40,84,0,0,0
platform_mediation,mixed_bundle__moderate,mixed_bundle,moderate,2767636779,decomposed_cobb_douglas,COBB_DOUGLAS,7922b32073d4431c,True,292.12021053058925,0.8125,0.625,0.625,0.08095238095238096,0.5958333333333333,0.9586488060570763,0.9586488060570763,9,43,85,0,0,0
platform_mediation,mixed_bundle__moderate,mixed_bundle,moderate,2767636779,joint_linear,LINEAR,7922b32073d4431c,True,298.36134102036556,0.2708333333333333,0.0,0.0,0.05416666666666667,0.19999999999999998,0.32673267326732675,0.32673267326732675,35,11,29,0,0,670
platform_mediation,mixed_bundle__moderate,mixed_bundle,moderate,2767636779,joint_cobb_douglas,COBB_DOUGLAS,7922b32073d4431c,True,292.12021053058925,0.8125,0.625,0.625,0.08095238095238096,0.5958333333333333,0.9586488060570763,0.9586488060570763,9,43,85,0,0,642
platform_mediation,mixed_bundle__moderate,mixed_bundle,moderate,2767636779,joint_ces,CES,7922b32073d4431c,True,295.37382346683745,0.75,0.625,0.65625,0.12857142857142856,0.5604166666666667,0.9365171811298777,0.9365171811298777,12,37,83,0,0,663
platform_mediation,mixed_bundle__moderate,mixed_bundle,moderate,2767636779,joint_leontief,LEONTIEF,7922b32073d4431c,True,372.9518522104619,0.8125,0.625,0.625,0.08095238095238096,0.5958333333333333,0.9586488060570763,0.9586488060570763,9,43,85,0,0,645
platform_mediation,mixed_bundle__moderate,mixed_bundle,moderate,1917403630,equal,none,216ae5d397d18d2d,True,,0.7291666666666666,0.5,0.53125,0.14603174603174604,0.5447916666666667,0.9474254742547426,0.9474254742547426,13,32,82,0,0,0
platform_mediation,mixed_bundle__moderate,mixed_bundle,moderate,1917403630,drf,none,216ae5d397d18d2d,True,,0.7083333333333334,0.5,0.53125,0.16455026455026453,0.5369791666666667,0.9447154471544715,0.9477977161500816,14,31,81,0,0,0
platform_mediation,mixed_bundle__moderate,mixed_bundle,moderate,1917403630,decomposed_cobb_douglas,COBB_DOUGLAS,216ae5d397d18d2d,True,295.4293388364756,0.7291666666666666,0.5,0.53125,0.16455026455026453,0.5473958333333333,0.9560975609756097,0.9560975609756097,13,31,83,0,0,0
platform_mediation,mixed_bundle__moderate,mixed_bundle,moderate,1917403630,joint_linear,LINEAR,216ae5d397d18d2d,True,301.5651557899886,0.08333333333333333,0.0,0.0,0.0,0.052083333333333336,0.06829268292682927,0.06829268292682927,44,1,9,0,0,655
platform_mediation,mixed_bundle__moderate,mixed_bundle,moderate,1917403630,joint_cobb_douglas,COBB_DOUGLAS,216ae5d397d18d2d,True,295.43033155039404,0.7083333333333334,0.5,0.53125,0.16455026455026453,0.5348958333333332,0.9420054200542005,0.9420054200542005,14,31,81,0,0,688
platform_mediation,mixed_bundle__moderate,mixed_bundle,moderate,1917403630,joint_ces,CES,216ae5d397d18d2d,True,298.4737272818807,0.7291666666666666,0.5,0.53125,0.1312169312169312,0.5427083333333335,0.9447154471544715,0.9447154471544715,13,32,82,0,0,678
platform_mediation,mixed_bundle__moderate,mixed_bundle,moderate,1917403630,joint_leontief,LEONTIEF,216ae5d397d18d2d,True,377.68511797252853,0.7083333333333334,0.5,0.53125,0.19788359788359786,0.540625,0.9490514905149051,0.9490514905149051,14,30,82,0,0,666
platform_mediation,mixed_bundle__moderate,mixed_bundle,moderate,1265349403,equal,none,cad4d61aa52c9e63,True,,0.7083333333333334,0.375,0.4375,0.27499999999999997,0.5088541666666667,0.9114186851211072,0.9114186851211072,14,31,70,0,0,0
platform_mediation,mixed_bundle__moderate,mixed_bundle,moderate,1265349403,drf,none,cad4d61aa52c9e63,True,,0.7916666666666666,0.5,0.5625,0.0,0.5520833333333333,0.9453287197231834,0.9512534818941504,10,41,75,0,0,0
platform_mediation,mixed_bundle__moderate,mixed_bundle,moderate,1265349403,decomposed_cobb_douglas,COBB_DOUGLAS,cad4d61aa52c9e63,True,279.74436628385615,0.7291666666666666,0.375,0.46875,0.15833333333333333,0.5156250000000001,0.9328719723183391,0.9328719723183391,13,33,73,0,0,0
platform_mediation,mixed_bundle__moderate,mixed_bundle,moderate,1265349403,joint_linear,LINEAR,cad4d61aa52c9e63,True,286.94570238073686,0.10416666666666667,0.0,0.0,0.0,0.06875,0.08719723183391004,0.08719723183391004,43,4,8,0,0,664
platform_mediation,mixed_bundle__moderate,mixed_bundle,moderate,1265349403,joint_cobb_douglas,COBB_DOUGLAS,cad4d61aa52c9e63,True,279.74549268251997,0.7291666666666666,0.375,0.46875,0.15833333333333333,0.5156250000000001,0.9280276816608997,0.9280276816608997,13,33,73,0,0,672
platform_mediation,mixed_bundle__moderate,mixed_bundle,moderate,1265349403,joint_ces,CES,cad4d61aa52c9e63,True,282.9739928770687,0.75,0.375,0.46875,0.13333333333333333,0.5291666666666667,0.916955017301038,0.916955017301038,12,35,74,0,0,656
platform_mediation,mixed_bundle__moderate,mixed_bundle,moderate,1265349403,joint_leontief,LEONTIEF,cad4d61aa52c9e63,True,361.44313392821994,0.7291666666666666,0.375,0.46875,0.15833333333333333,0.5156250000000001,0.9280276816608997,0.9280276816608997,13,33,73,0,0,669
platform_mediation,mixed_bundle__moderate,mixed_bundle,moderate,1958573642,equal,none,739ade08850ab8a8,True,,0.7708333333333334,0.5,0.5625,0.12824675324675325,0.5791666666666667,0.9417867435158501,0.9417867435158501,11,43,75,0,0,0
platform_mediation,mixed_bundle__moderate,mixed_bundle,moderate,1958573642,drf,none,739ade08850ab8a8,True,,0.8125,0.375,0.46875,0.20370370370370372,0.6046874999999999,0.9596541786743515,0.974824355971897,9,47,79,0,0,0
platform_mediation,mixed_bundle__moderate,mixed_bundle,moderate,1958573642,decomposed_cobb_douglas,COBB_DOUGLAS,739ade08850ab8a8,True,292.54898612827617,0.7916666666666666,0.375,0.46875,0.03896103896103896,0.5791666666666666,0.9360230547550432,0.9360230547550432,10,47,76,0,0,0
platform_mediation,mixed_bundle__moderate,mixed_bundle,moderate,1958573642,joint_linear,LINEAR,739ade08850ab8a8,True,299.1191287006455,0.0625,0.0,0.0,0.0,0.040625,0.04380403458213256,0.04380403458213256,45,2,5,0,0,659
platform_mediation,mixed_bundle__moderate,mixed_bundle,moderate,1958573642,joint_cobb_douglas,COBB_DOUGLAS,739ade08850ab8a8,True,292.54907718446776,0.7916666666666666,0.375,0.46875,0.03896103896103896,0.5791666666666666,0.9360230547550432,0.9360230547550432,10,47,76,0,0,694
platform_mediation,mixed_bundle__moderate,mixed_bundle,moderate,1958573642,joint_ces,CES,739ade08850ab8a8,True,295.49916586494334,0.7916666666666666,0.5,0.5625,0.2578162578162578,0.59375,0.9239193083573487,0.9239193083573487,10,42,78,0,0,674
platform_mediation,mixed_bundle__moderate,mixed_bundle,moderate,1958573642,joint_leontief,LEONTIEF,739ade08850ab8a8,True,373.5491592805858,0.7916666666666666,0.5,0.5625,0.10443722943722944,0.5875,0.9463976945244956,0.9469434832756632,10,44,76,0,0,700
platform_mediation,mixed_bundle__moderate,mixed_bundle,moderate,504552778,equal,none,89bb98f193d20b4d,True,,0.7291666666666666,0.625,0.625,0.2349206349206349,0.5588541666666667,0.9302575107296137,0.9302575107296137,13,33,86,0,0,0
platform_mediation,mixed_bundle__moderate,mixed_bundle,moderate,504552778,drf,none,89bb98f193d20b4d,True,,0.7708333333333334,0.625,0.625,0.0,0.5552083333333334,0.9592274678111588,0.9618074233458849,11,40,87,0,0,0
platform_mediation,mixed_bundle__moderate,mixed_bundle,moderate,504552778,decomposed_cobb_douglas,COBB_DOUGLAS,89bb98f193d20b4d,True,297.11717647615507,0.8125,0.625,0.65625,0.07638888888888888,0.5880208333333333,0.9667381974248928,0.9667381974248928,9,38,92,0,0,0
platform_mediation,mixed_bundle__moderate,mixed_bundle,moderate,504552778,joint_linear,LINEAR,89bb98f193d20b4d,True,303.5233527163424,0.08333333333333333,0.0,0.0,0.05555555555555555,0.06145833333333334,0.09763948497854077,0.09763948497854077,44,2,9,0,0,677
platform_mediation,mixed_bundle__moderate,mixed_bundle,moderate,504552778,joint_cobb_douglas,COBB_DOUGLAS,89bb98f193d20b4d,True,297.11751790023516,0.8125,0.625,0.65625,0.07638888888888888,0.5880208333333333,0.9667381974248928,0.9667381974248928,9,38,92,0,0,656
platform_mediation,mixed_bundle__moderate,mixed_bundle,moderate,504552778,joint_ces,CES,89bb98f193d20b4d,True,300.3688255474209,0.7916666666666666,0.625,0.625,0.07638888888888888,0.5755208333333334,0.9490343347639485,0.9490343347639485,10,38,90,0,0,682
platform_mediation,mixed_bundle__moderate,mixed_bundle,moderate,504552778,joint_leontief,LEONTIEF,89bb98f193d20b4d,True,377.8762537297489,0.7708333333333334,0.625,0.65625,0.08333333333333333,0.56875,0.9565450643776824,0.9565450643776824,11,38,88,0,0,727
platform_mediation,mixed_bundle__moderate,mixed_bundle,moderate,1089162848,equal,none,a8f8cd6076237b0f,True,,0.7708333333333334,0.625,0.65625,0.15595238095238095,0.5755208333333334,0.9708636836628513,0.9708636836628513,11,34,87,0,0,0
platform_mediation,mixed_bundle__moderate,mixed_bundle,moderate,1089162848,drf,none,a8f8cd6076237b0f,True,,0.7708333333333334,0.625,0.65625,0.08697089947089946,0.5687500000000001,0.9438085327783559,0.9462702138758476,11,37,86,0,0,0
platform_mediation,mixed_bundle__moderate,mixed_bundle,moderate,1089162848,decomposed_cobb_douglas,COBB_DOUGLAS,a8f8cd6076237b0f,True,298.18235435194066,0.7916666666666666,0.75,0.75,0.09351851851851851,0.5812499999999999,0.95369406867846,0.95369406867846,10,37,88,0,0,0
platform_mediation,mixed_bundle__moderate,mixed_bundle,moderate,1089162848,joint_linear,LINEAR,a8f8cd6076237b0f,True,304.2344588873981,0.20833333333333334,0.0,0.0,0.0,0.14791666666666667,0.26222684703433924,0.26222684703433924,38,8,22,0,0,705
platform_mediation,mixed_bundle__moderate,mixed_bundle,moderate,1089162848,joint_cobb_douglas,COBB_DOUGLAS,a8f8cd6076237b0f,True,298.1823606322587,0.7916666666666666,0.75,0.75,0.09351851851851851,0.5812499999999999,0.95369406867846,0.95369406867846,10,37,88,0,0,667
platform_mediation,mixed_bundle__moderate,mixed_bundle,moderate,1089162848,joint_ces,CES,a8f8cd6076237b0f,True,301.2297083364668,0.7916666666666666,0.75,0.75,0.03935185185185185,0.5739583333333333,0.9261186264308012,0.9261186264308012,10,40,84,0,0,670
platform_mediation,mixed_bundle__moderate,mixed_bundle,moderate,1089162848,joint_leontief,LEONTIEF,a8f8cd6076237b0f,True,380.43202942079347,0.7916666666666666,0.75,0.75,0.14113756613756612,0.5890625,0.9625390218522373,0.9625390218522373,10,36,88,0,0,678
platform_mediation,mixed_bundle__moderate,mixed_bundle,moderate,2268872503,equal,none,6e7346018d2fda7e,True,,0.7083333333333334,0.625,0.625,0.3,0.5437500000000001,0.9498090561920349,0.9498090561920349,14,27,84,0,0,0
platform_mediation,mixed_bundle__moderate,mixed_bundle,moderate,2268872503,drf,none,6e7346018d2fda7e,True,,0.7291666666666666,0.625,0.625,0.16825396825396824,0.5411458333333333,0.9356246590289143,0.9407569939659901,13,31,84,0,0,0
platform_mediation,mixed_bundle__moderate,mixed_bundle,moderate,2268872503,decomposed_cobb_douglas,COBB_DOUGLAS,6e7346018d2fda7e,True,295.0759167140558,0.7291666666666666,0.625,0.625,0.15714285714285714,0.5416666666666666,0.9519912711402073,0.9519912711402073,13,29,85,0,0,0
platform_mediation,mixed_bundle__moderate,mixed_bundle,moderate,2268872503,joint_linear,LINEAR,6e7346018d2fda7e,True,301.51565456011076,0.08333333333333333,0.0,0.0,0.0,0.057291666666666664,0.0894708128750682,0.0894708128750682,44,3,8,0,0,731
platform_mediation,mixed_bundle__moderate,mixed_bundle,moderate,2268872503,joint_cobb_douglas,COBB_DOUGLAS,6e7346018d2fda7e,True,295.0759992200111,0.7291666666666666,0.625,0.625,0.15714285714285714,0.5416666666666666,0.9519912711402073,0.9519912711402073,13,29,85,0,0,682
platform_mediation,mixed_bundle__moderate,mixed_bundle,moderate,2268872503,joint_ces,CES,6e7346018d2fda7e,True,298.2340533003869,0.7708333333333334,0.75,0.75,0.0,0.5489583333333333,0.9296235679214403,0.9296235679214403,11,38,85,0,0,698
platform_mediation,mixed_bundle__moderate,mixed_bundle,moderate,2268872503,joint_leontief,LEONTIEF,6e7346018d2fda7e,True,377.1025825387882,0.7291666666666666,0.625,0.65625,0.24583333333333332,0.5489583333333333,0.9645390070921985,0.9645390070921985,13,27,87,0,0,681
platform_mediation,mixed_bundle__moderate,mixed_bundle,moderate,1027556015,equal,none,a18da7ee2a53288d,True,,0.75,0.625,0.625,0.015151515151515152,0.5401041666666667,0.9144936325045482,0.9144936325045482,12,42,74,0,0,0
platform_mediation,mixed_bundle__moderate,mixed_bundle,moderate,1027556015,drf,none,a18da7ee2a53288d,True,,0.6875,0.5,0.5,0.1142977392977393,0.5135416666666667,0.9090357792601577,0.9190680564071122,15,33,73,0,0,0
platform_mediation,mixed_bundle__moderate,mixed_bundle,moderate,1027556015,decomposed_cobb_douglas,COBB_DOUGLAS,a18da7ee2a53288d,True,288.39847509087394,0.7291666666666666,0.5,0.53125,0.14604377104377106,0.5416666666666666,0.9393571861734384,0.9393571861734384,13,35,76,0,0,0
platform_mediation,mixed_bundle__moderate,mixed_bundle,moderate,1027556015,joint_linear,LINEAR,a18da7ee2a53288d,True,295.03743249557715,0.041666666666666664,0.0,0.0,0.0,0.024999999999999998,0.031534263189812006,0.031534263189812006,46,0,4,0,0,677
platform_mediation,mixed_bundle__moderate,mixed_bundle,moderate,1027556015,joint_cobb_douglas,COBB_DOUGLAS,a18da7ee2a53288d,True,288.39847509087394,0.7291666666666666,0.5,0.53125,0.14604377104377106,0.5416666666666666,0.9393571861734384,0.9393571861734384,13,35,76,0,0,670
platform_mediation,mixed_bundle__moderate,mixed_bundle,moderate,1027556015,joint_ces,CES,a18da7ee2a53288d,True,291.48055567629035,0.7083333333333334,0.5,0.53125,0.08585858585858586,0.5166666666666666,0.8956943602183142,0.8956943602183142,14,37,72,0,0,664
platform_mediation,mixed_bundle__moderate,mixed_bundle,moderate,1027556015,joint_leontief,LEONTIEF,a18da7ee2a53288d,True,370.1113950054434,0.6666666666666666,0.5,0.5,0.14696969696969697,0.5010416666666667,0.9035779260157671,0.9035779260157671,16,34,72,0,0,659
platform_mediation,mixed_bundle__moderate,mixed_bundle,moderate,327887810,equal,none,35ec0f42100c973a,True,,0.6041666666666666,0.5,0.5,0.3444444444444444,0.4567708333333333,0.9208389715832206,0.9208389715832206,19,21,68,0,0,0
platform_mediation,mixed_bundle__moderate,mixed_bundle,moderate,327887810,drf,none,35ec0f42100c973a,True,,0.6875,0.375,0.40625,0.044444444444444446,0.49114583333333334,0.9032476319350473,0.9213250517598344,15,33,70,0,0,0
platform_mediation,mixed_bundle__moderate,mixed_bundle,moderate,327887810,decomposed_cobb_douglas,COBB_DOUGLAS,35ec0f42100c973a,True,281.3145281687667,0.7708333333333334,0.5,0.5625,0.05000000000000001,0.5401041666666667,0.9370771312584574,0.9370771312584574,11,35,77,0,0,0
platform_mediation,mixed_bundle__moderate,mixed_bundle,moderate,327887810,joint_linear,LINEAR,35ec0f42100c973a,True,288.5568448826646,0.10416666666666667,0.0,0.0,0.0,0.07083333333333335,0.10013531799729364,0.10013531799729364,43,5,9,0,0,648
platform_mediation,mixed_bundle__moderate,mixed_bundle,moderate,327887810,joint_cobb_douglas,COBB_DOUGLAS,35ec0f42100c973a,True,281.3153812448558,0.7708333333333334,0.5,0.5625,0.05000000000000001,0.5401041666666667,0.9370771312584574,0.9370771312584574,11,35,77,0,0,640
platform_mediation,mixed_bundle__moderate,mixed_bundle,moderate,327887810,joint_ces,CES,35ec0f42100c973a,True,284.55238145262746,0.7291666666666666,0.5,0.53125,0.016666666666666666,0.5088541666666667,0.8795669824086604,0.8795669824086604,13,35,71,0,0,682
platform_mediation,mixed_bundle__moderate,mixed_bundle,moderate,327887810,joint_leontief,LEONTIEF,35ec0f42100c973a,True,362.5784978135034,0.75,0.5,0.5625,0.09999999999999999,0.5239583333333333,0.9174560216508796,0.9174560216508796,12,34,74,0,0,666
platform_mediation,mixed_bundle__moderate,mixed_bundle,moderate,2177391308,equal,none,0a52c38513b3ae78,True,,0.7291666666666666,0.625,0.625,0.03333333333333333,0.525,0.9446878422782037,0.9446878422782037,13,33,87,0,0,0
platform_mediation,mixed_bundle__moderate,mixed_bundle,moderate,2177391308,drf,none,0a52c38513b3ae78,True,,0.7291666666666666,0.5,0.53125,0.19444444444444442,0.5380208333333333,0.9556407447973713,0.9624931053502482,13,28,90,0,0,0
platform_mediation,mixed_bundle__moderate,mixed_bundle,moderate,2177391308,decomposed_cobb_douglas,COBB_DOUGLAS,0a52c38513b3ae78,True,296.0188938431675,0.7083333333333334,0.5,0.53125,0.19570707070707072,0.5255208333333333,0.9605695509309967,0.9605695509309967,14,28,88,0,0,0
platform_mediation,mixed_bundle__moderate,mixed_bundle,moderate,2177391308,joint_linear,LINEAR,0a52c38513b3ae78,True,302.40861453697477,0.08333333333333333,0.0,0.0,0.0,0.049999999999999996,0.056955093099671415,0.056955093099671415,44,0,8,0,0,649
platform_mediation,mixed_bundle__moderate,mixed_bundle,moderate,2177391308,joint_cobb_douglas,COBB_DOUGLAS,0a52c38513b3ae78,True,296.01919054916414,0.7083333333333334,0.5,0.53125,0.19570707070707072,0.5255208333333333,0.9605695509309967,0.9605695509309967,14,28,88,0,0,663
platform_mediation,mixed_bundle__moderate,mixed_bundle,moderate,2177391308,joint_ces,CES,0a52c38513b3ae78,True,299.1805036166552,0.7083333333333334,0.5,0.53125,0.14015151515151514,0.5145833333333333,0.9403066812705367,0.9403066812705367,14,27,88,0,0,654
platform_mediation,mixed_bundle__moderate,mixed_bundle,moderate,2177391308,joint_leontief,LEONTIEF,0a52c38513b3ae78,True,376.9044142921329,0.75,0.625,0.625,0.075,0.5416666666666667,0.9687842278203724,0.9687842278203724,12,32,90,0,0,696
platform_mediation,mixed_bundle__moderate,mixed_bundle,moderate,1711767157,equal,none,c109364ccd623342,True,,0.75,0.5,0.53125,0.06712962962962964,0.5322916666666667,0.9454787234042553,0.9454787234042553,12,34,76,0,0,0
platform_mediation,mixed_bundle__moderate,mixed_bundle,moderate,1711767157,drf,none,c109364ccd623342,True,,0.7291666666666666,0.375,0.4375,0.09722222222222221,0.5203125000000001,0.9454787234042553,0.9511705685618729,13,33,76,0,0,0
platform_mediation,mixed_bundle__moderate,mixed_bundle,moderate,1711767157,decomposed_cobb_douglas,COBB_DOUGLAS,c109364ccd623342,True,281.98781568723683,0.75,0.5,0.53125,0.06712962962962964,0.5354166666666667,0.9441489361702128,0.9441489361702128,12,36,75,0,0,0
platform_mediation,mixed_bundle__moderate,mixed_bundle,moderate,1711767157,joint_linear,LINEAR,c109364ccd623342,True,288.7763066417729,0.08333333333333333,0.0,0.0,0.0,0.049999999999999996,0.06914893617021277,0.06914893617021277,44,0,8,0,0,655
platform_mediation,mixed_bundle__moderate,mixed_bundle,moderate,1711767157,joint_cobb_douglas,COBB_DOUGLAS,c109364ccd623342,True,281.98784737133894,0.75,0.5,0.53125,0.06712962962962964,0.5354166666666667,0.9441489361702128,0.9441489361702128,12,36,75,0,0,665
platform_mediation,mixed_bundle__moderate,mixed_bundle,moderate,1711767157,joint_ces,CES,c109364ccd623342,True,285.103171469603,0.75,0.625,0.625,0.048611111111111105,0.5307291666666667,0.9188829787234043,0.9188829787234043,12,36,73,0,0,681
platform_mediation,mixed_bundle__moderate,mixed_bundle,moderate,1711767157,joint_leontief,LEONTIEF,c109364ccd623342,True,364.0693633567419,0.7291666666666666,0.5,0.53125,0.10416666666666667,0.5270833333333335,0.9388297872340425,0.9388297872340425,13,35,74,0,0,649
platform_mediation,mixed_bundle__moderate,mixed_bundle,moderate,196669071,equal,none,ce0a499fbfc60e10,True,,0.6875,0.5,0.5,0.08333333333333333,0.5119791666666667,0.9081081081081082,0.9081081081081082,15,38,70,0,0,0
platform_mediation,mixed_bundle__moderate,mixed_bundle,moderate,196669071,drf,none,ce0a499fbfc60e10,True,,0.7083333333333334,0.625,0.625,0.11111111111111112,0.5260416666666666,0.9471471471471471,0.9488567990373045,14,34,76,0,0,0
platform_mediation,mixed_bundle__moderate,mixed_bundle,moderate,196669071,decomposed_cobb_douglas,COBB_DOUGLAS,ce0a499fbfc60e10,True,289.2308024220642,0.7291666666666666,0.5,0.53125,0.0,0.528125,0.9345345345345345,0.9345345345345345,13,42,73,0,0,0
platform_mediation,mixed_bundle__moderate,mixed_bundle,moderate,196669071,joint_linear,LINEAR,ce0a499fbfc60e10,True,295.62416904782907,0.08333333333333333,0.0,0.0,0.0,0.05625,0.06006006006006006,0.06006006006006006,44,4,6,0,0,689
platform_mediation,mixed_bundle__moderate,mixed_bundle,moderate,196669071,joint_cobb_douglas,COBB_DOUGLAS,ce0a499fbfc60e10,True,289.2308024220642,0.7291666666666666,0.5,0.53125,0.0,0.528125,0.9345345345345345,0.9345345345345345,13,42,73,0,0,666
platform_mediation,mixed_bundle__moderate,mixed_bundle,moderate,196669071,joint_ces,CES,ce0a499fbfc60e10,True,292.4136425456012,0.75,0.5,0.53125,0.03333333333333333,0.5437500000000001,0.9225225225225225,0.9225225225225225,12,42,74,0,0,667
platform_mediation,mixed_bundle__moderate,mixed_bundle,moderate,196669071,joint_leontief,LEONTIEF,ce0a499fbfc60e10,True,370.6947038176201,0.75,0.5,0.53125,0.0,0.5447916666666667,0.9345345345345345,0.9345345345345345,12,45,72,0,0,662
platform_mediation,mixed_bundle__moderate,mixed_bundle,moderate,2974480855,equal,none,dd8c4c5e54db47cb,True,,0.7708333333333334,0.625,0.625,0.06666666666666667,0.5458333333333333,0.9626955475330926,0.9626955475330926,11,33,87,0,0,0
platform_mediation,mixed_bundle__moderate,mixed_bundle,moderate,2974480855,drf,none,dd8c4c5e54db47cb,True,,0.75,0.5,0.5,0.0,0.5239583333333333,0.9398315282791817,0.9449485783424078,12,34,85,0,0,0
platform_mediation,mixed_bundle__moderate,mixed_bundle,moderate,2974480855,decomposed_cobb_douglas,COBB_DOUGLAS,dd8c4c5e54db47cb,True,289.78801734225726,0.75,0.5,0.53125,0.0,0.5239583333333333,0.9398315282791817,0.9398315282791817,12,34,85,0,0,0
platform_mediation,mixed_bundle__moderate,mixed_bundle,moderate,2974480855,joint_linear,LINEAR,dd8c4c5e54db47cb,True,296.3865031942744,0.0625,0.0,0.0,0.0,0.0375,0.04693140794223827,0.04693140794223827,45,0,6,0,0,660
platform_mediation,mixed_bundle__moderate,mixed_bundle,moderate,2974480855,joint_cobb_douglas,COBB_DOUGLAS,dd8c4c5e54db47cb,True,289.78801734225726,0.75,0.5,0.53125,0.0,0.5239583333333333,0.9398315282791817,0.9398315282791817,12,34,85,0,0,702
platform_mediation,mixed_bundle__moderate,mixed_bundle,moderate,2974480855,joint_ces,CES,dd8c4c5e54db47cb,True,292.9994554863687,0.7083333333333334,0.5,0.53125,0.06666666666666667,0.5072916666666667,0.9091456077015644,0.9091456077015644,14,32,83,0,0,649
platform_mediation,mixed_bundle__moderate,mixed_bundle,moderate,2974480855,joint_leontief,LEONTIEF,dd8c4c5e54db47cb,True,370.68570358892333,0.7291666666666666,0.5,0.53125,0.06666666666666667,0.5197916666666667,0.9458483754512635,0.9458483754512635,13,32,85,0,0,659
platform_mediation,mixed_bundle__moderate,mixed_bundle,moderate,871910690,equal,none,6f601267a01ce5da,True,,0.6458333333333334,0.5,0.53125,0.3541666666666667,0.4989583333333334,0.9301788805539527,0.9301788805539527,17,21,77,0,0,0
platform_mediation,mixed_bundle__moderate,mixed_bundle,moderate,871910690,drf,none,6f601267a01ce5da,True,,0.7708333333333334,0.625,0.65625,0.08333333333333333,0.5531250000000001,0.9590305828043855,0.9595842956120092,11,32,83,0,0,0
platform_mediation,mixed_bundle__moderate,mixed_bundle,moderate,871910690,decomposed_cobb_douglas,COBB_DOUGLAS,6f601267a01ce5da,True,290.41151029259873,0.7291666666666666,0.625,0.625,0.20555555555555557,0.5375000000000001,0.96133871898442,0.96133871898442,13,27,83,0,0,0
platform_mediation,mixed_bundle__moderate,mixed_bundle,moderate,871910690,joint_linear,LINEAR,6f601267a01ce5da,True,296.76764222723415,0.14583333333333334,0.0,0.0,0.0,0.09895833333333333,0.17541834968263129,0.17541834968263129,41,4,15,0,0,653
platform_mediation,mixed_bundle__moderate,mixed_bundle,moderate,871910690,joint_cobb_douglas,COBB_DOUGLAS,6f601267a01ce5da,True,290.4115721785675,0.7291666666666666,0.625,0.625,0.20555555555555557,0.5375000000000001,0.96133871898442,0.96133871898442,13,27,83,0,0,648
platform_mediation,mixed_bundle__moderate,mixed_bundle,moderate,871910690,joint_ces,CES,6f601267a01ce5da,True,293.42692389465464,0.75,0.625,0.65625,0.1875,0.5463541666666667,0.9434506635891518,0.9434506635891518,12,27,84,0,0,662
platform_mediation,mixed_bundle__moderate,mixed_bundle,moderate,871910690,joint_leontief,LEONTIEF,6f601267a01ce5da,True,373.62447112467385,0.7291666666666666,0.625,0.625,0.10185185185185186,0.5291666666666668,0.9607616849394114,0.9607616849394114,13,29,81,0,0,673
platform_mediation,mixed_bundle__moderate,mixed_bundle,moderate,1497596605,equal,none,992a74748df4c8b0,True,,0.7291666666666666,0.625,0.625,0.047619047619047616,0.5505208333333333,0.9323109465891063,0.9323109465891063,13,46,78,0,0,0
platform_mediation,mixed_bundle__moderate,mixed_bundle,moderate,1497596605,drf,none,992a74748df4c8b0,True,,0.7291666666666666,0.625,0.625,0.10846560846560845,0.5583333333333335,0.9275515600211528,0.9309978768577495,13,41,82,0,0,0
platform_mediation,mixed_bundle__moderate,mixed_bundle,moderate,1497596605,decomposed_cobb_douglas,COBB_DOUGLAS,992a74748df4c8b0,True,298.9613765342252,0.75,0.625,0.65625,0.047619047619047616,0.5630208333333333,0.9275515600211528,0.9275515600211528,12,46,80,0,0,0
platform_mediation,mixed_bundle__moderate,mixed_bundle,moderate,1497596605,joint_linear,LINEAR,992a74748df4c8b0,True,305.24350661397955,0.10416666666666667,0.0,0.0,0.0,0.07291666666666667,0.09941829719725014,0.09941829719725014,43,5,9,0,0,686
platform_mediation,mixed_bundle__moderate,mixed_bundle,moderate,1497596605,joint_cobb_douglas,COBB_DOUGLAS,992a74748df4c8b0,True,298.9617018985931,0.75,0.625,0.65625,0.047619047619047616,0.5630208333333333,0.9275515600211528,0.9275515600211528,12,46,80,0,0,732
platform_mediation,mixed_bundle__moderate,mixed_bundle,moderate,1497596605,joint_ces,CES,992a74748df4c8b0,True,302.09053848850834,0.7708333333333334,0.75,0.75,0.11243386243386244,0.5817708333333332,0.938127974616605,0.938127974616605,11,42,84,0,0,676
platform_mediation,mixed_bundle__moderate,mixed_bundle,moderate,1497596605,joint_leontief,LEONTIEF,992a74748df4c8b0,True,378.4957301394354,0.75,0.625,0.65625,0.047619047619047616,0.5630208333333333,0.9275515600211528,0.9275515600211528,12,46,80,0,0,703
platform_mediation,mixed_bundle__moderate,mixed_bundle,moderate,3501270514,equal,none,43ba2b95eee0ec67,True,,0.6875,0.375,0.40625,0.32222222222222224,0.5083333333333334,0.8607103218645948,0.8607103218645948,15,25,82,0,0,0
platform_mediation,mixed_bundle__moderate,mixed_bundle,moderate,3501270514,drf,none,43ba2b95eee0ec67,True,,0.7708333333333334,0.5,0.53125,0.3074074074074074,0.5640625,0.9128745837957825,0.9189944134078212,11,32,88,0,0,0
platform_mediation,mixed_bundle__moderate,mixed_bundle,moderate,3501270514,decomposed_cobb_douglas,COBB_DOUGLAS,43ba2b95eee0ec67,True,294.45625735329196,0.7916666666666666,0.625,0.65625,0.29444444444444445,0.5848958333333333,0.9583795782463929,0.9583795782463929,10,31,91,0,0,0
platform_mediation,mixed_bundle__moderate,mixed_bundle,moderate,3501270514,joint_linear,LINEAR,43ba2b95eee0ec67,True,301.1307509328208,0.0625,0.0,0.0,0.0,0.0375,0.04328523862375139,0.04328523862375139,45,0,6,0,0,685
platform_mediation,mixed_bundle__moderate,mixed_bundle,moderate,3501270514,joint_cobb_douglas,COBB_DOUGLAS,43ba2b95eee0ec67,True,294.45625735329196,0.7916666666666666,0.625,0.65625,0.29444444444444445,0.5848958333333333,0.9583795782463929,0.9583795782463929,10,31,91,0,0,663
platform_mediation,mixed_bundle__moderate,mixed_bundle,moderate,3501270514,joint_ces,CES,43ba2b95eee0ec67,True,297.7393058110197,0.7708333333333334,0.625,0.625,0.14603174603174604,0.5645833333333333,0.9295227524972253,0.9295227524972253,11,30,89,0,0,665
platform_mediation,mixed_bundle__moderate,mixed_bundle,moderate,3501270514,joint_leontief,LEONTIEF,43ba2b95eee0ec67,True,375.68756468056915,0.7916666666666666,0.625,0.65625,0.2796296296296296,0.5869791666666666,0.9655937846836848,0.9655937846836848,10,30,92,0,0,691
platform_mediation,mixed_bundle__moderate,mixed_bundle,moderate,1802976526,equal,none,b6f296b264e835ea,True,,0.75,0.5,0.53125,0.18518518518518515,0.5463541666666666,0.9291023441966838,0.9291023441966838,12,33,82,0,0,0
platform_mediation,mixed_bundle__moderate,mixed_bundle,moderate,1802976526,drf,none,b6f296b264e835ea,True,,0.75,0.5,0.5625,0.18121693121693125,0.5468749999999999,0.9302458547741567,0.9393764434180139,12,31,83,0,0,0
platform_mediation,mixed_bundle__moderate,mixed_bundle,moderate,1802976526,decomposed_cobb_douglas,COBB_DOUGLAS,b6f296b264e835ea,True,291.3438796704015,0.7291666666666666,0.5,0.53125,0.2423280423280423,0.5411458333333333,0.938822184105203,0.938822184105203,13,29,83,0,0,0
platform_mediation,mixed_bundle__moderate,mixed_bundle,moderate,1802976526,joint_linear,LINEAR,b6f296b264e835ea,True,297.5895229572757,0.125,0.0,0.0,0.0,0.08125,0.137221269296741,0.137221269296741,42,2,14,0,0,689
platform_mediation,mixed_bundle__moderate,mixed_bundle,moderate,1802976526,joint_cobb_douglas,COBB_DOUGLAS,b6f296b264e835ea,True,291.3438796704015,0.7291666666666666,0.5,0.53125,0.2423280423280423,0.5411458333333333,0.938822184105203,0.938822184105203,13,29,83,0,0,681
platform_mediation,mixed_bundle__moderate,mixed_bundle,moderate,1802976526,joint_ces,CES,b6f296b264e835ea,True,294.42949111002724,0.75,0.5,0.53125,0.19973544973544974,0.5510416666666667,0.9405374499714122,0.9405374499714122,12,30,84,0,0,651
platform_mediation,mixed_bundle__moderate,mixed_bundle,moderate,1802976526,joint_leontief,LEONTIEF,b6f296b264e835ea,True,373.8189966685221,0.75,0.5,0.53125,0.20502645502645503,0.5484375,0.9514008004574043,0.9514008004574043,12,28,85,0,0,686
platform_mediation,mixed_bundle__moderate,mixed_bundle,moderate,3664692557,equal,none,3ef92964277c001a,True,,0.6458333333333334,0.5,0.53125,0.31111111111111106,0.4729166666666667,0.8524390243902439,0.8524390243902439,17,24,76,0,0,0
platform_mediation,mixed_bundle__moderate,mixed_bundle,moderate,3664692557,drf,none,3ef92964277c001a,True,,0.6458333333333334,0.5,0.5,0.19444444444444442,0.4760416666666667,0.9152439024390244,0.9410658307210031,17,25,80,0,0,0
platform_mediation,mixed_bundle__moderate,mixed_bundle,moderate,3664692557,decomposed_cobb_douglas,COBB_DOUGLAS,3ef92964277c001a,True,290.3373613823701,0.7291666666666666,0.625,0.625,0.0,0.5083333333333333,0.9378048780487804,0.9378048780487804,13,32,84,0,0,0
platform_mediation,mixed_bundle__moderate,mixed_bundle,moderate,3664692557,joint_linear,LINEAR,3ef92964277c001a,True,296.89285600791163,0.14583333333333334,0.0,0.0,0.027777777777777776,0.10416666666666667,0.14939024390243902,0.14939024390243902,41,5,15,0,0,670
platform_mediation,mixed_bundle__moderate,mixed_bundle,moderate,3664692557,joint_cobb_douglas,COBB_DOUGLAS,3ef92964277c001a,True,290.3387830799703,0.7083333333333334,0.625,0.625,0.0,0.4958333333333333,0.9219512195121952,0.9219512195121952,14,32,82,0,0,724
platform_mediation,mixed_bundle__moderate,mixed_bundle,moderate,3664692557,joint_ces,CES,3ef92964277c001a,True,293.3646976467291,0.7291666666666666,0.625,0.625,0.2923280423280423,0.5213541666666667,0.9182926829268293,0.9182926829268293,13,26,86,0,0,688
platform_mediation,mixed_bundle__moderate,mixed_bundle,moderate,3664692557,joint_leontief,LEONTIEF,3ef92964277c001a,True,369.8263803715339,0.7291666666666666,0.625,0.625,0.20714285714285716,0.5171875,0.9390243902439024,0.9390243902439024,13,28,86,0,0,656
platform_mediation,mixed_bundle__moderate,mixed_bundle,moderate,4079532804,equal,none,c2fc86f823440a5a,True,,0.6875,0.5,0.53125,0.11527777777777777,0.5078125,0.9388646288209607,0.9388646288209607,15,34,75,0,0,0
platform_mediation,mixed_bundle__moderate,mixed_bundle,moderate,4079532804,drf,none,c2fc86f823440a5a,True,,0.7083333333333334,0.25,0.34375,0.05714285714285714,0.5192708333333333,0.9082969432314411,0.9180327868852459,14,42,72,0,0,0
platform_mediation,mixed_bundle__moderate,mixed_bundle,moderate,4079532804,decomposed_cobb_douglas,COBB_DOUGLAS,c2fc86f823440a5a,True,287.53202701844305,0.75,0.625,0.625,0.09583333333333333,0.5463541666666667,0.9382407985028073,0.9382407985028073,12,40,76,0,0,0
platform_mediation,mixed_bundle__moderate,mixed_bundle,moderate,4079532804,joint_linear,LINEAR,c2fc86f823440a5a,True,294.2256007955916,0.041666666666666664,0.0,0.0,0.0,0.024999999999999998,0.032439176543980035,0.032439176543980035,46,0,4,0,0,643
platform_mediation,mixed_bundle__moderate,mixed_bundle,moderate,4079532804,joint_cobb_douglas,COBB_DOUGLAS,c2fc86f823440a5a,True,287.53266285187186,0.75,0.625,0.625,0.09583333333333333,0.5463541666666667,0.9382407985028073,0.9382407985028073,12,40,76,0,0,668
platform_mediation,mixed_bundle__moderate,mixed_bundle,moderate,4079532804,joint_ces,CES,c2fc86f823440a5a,True,290.7823470617539,0.7083333333333334,0.5,0.5,0.0,0.5145833333333333,0.9033063006862133,0.9033063006862133,14,44,70,0,0,659
platform_mediation,mixed_bundle__moderate,mixed_bundle,moderate,4079532804,joint_leontief,LEONTIEF,c2fc86f823440a5a,True,367.85194166672375,0.75,0.625,0.625,0.09583333333333333,0.5463541666666667,0.9382407985028073,0.9382407985028073,12,40,76,0,0,657
platform_mediation,mixed_bundle__moderate,mixed_bundle,moderate,2186782023,equal,none,190fa04552dce7a1,True,,0.7083333333333334,0.625,0.625,0.3833333333333333,0.5510416666666668,0.9367547952306895,0.9367547952306895,14,24,87,0,0,0
platform_mediation,mixed_bundle__moderate,mixed_bundle,moderate,2186782023,drf,none,190fa04552dce7a1,True,,0.75,0.625,0.65625,0.2855820105820106,0.5791666666666667,0.9466044582685329,0.9500520291363164,12,27,92,0,0,0
platform_mediation,mixed_bundle__moderate,mixed_bundle,moderate,2186782023,decomposed_cobb_douglas,COBB_DOUGLAS,190fa04552dce7a1,True,298.9368132088832,0.7708333333333334,0.625,0.625,0.22566137566137567,0.5776041666666666,0.9606013478486263,0.9606013478486263,11,29,92,0,0,0
platform_mediation,mixed_bundle__moderate,mixed_bundle,moderate,2186782023,joint_linear,LINEAR,190fa04552dce7a1,True,305.09557597276023,0.0625,0.0,0.0,0.0,0.0375,0.04043545878693624,0.04043545878693624,45,0,6,0,0,630
platform_mediation,mixed_bundle__moderate,mixed_bundle,moderate,2186782023,joint_cobb_douglas,COBB_DOUGLAS,190fa04552dce7a1,True,298.9368132088832,0.7708333333333334,0.625,0.625,0.22566137566137567,0.5776041666666666,0.9606013478486263,0.9606013478486263,11,29,92,0,0,664
platform_mediation,mixed_bundle__moderate,mixed_bundle,moderate,2186782023,joint_ces,CES,190fa04552dce7a1,True,301.96640429470744,0.7708333333333334,0.625,0.65625,0.21666666666666667,0.5677083333333334,0.9367547952306895,0.9367547952306895,11,29,91,0,0,666
platform_mediation,mixed_bundle__moderate,mixed_bundle,moderate,2186782023,joint_leontief,LEONTIEF,190fa04552dce7a1,True,380.6055993364882,0.75,0.625,0.625,0.308994708994709,0.571875,0.9486780715396579,0.9486780715396579,12,26,91,0,0,700
platform_mediation,mixed_bundle__moderate,mixed_bundle,moderate,2776034724,equal,none,df79f558472f0582,True,,0.7083333333333334,0.5,0.53125,0.05833333333333333,0.5260416666666666,0.9213947990543735,0.9213947990543735,14,41,73,0,0,0
platform_mediation,mixed_bundle__moderate,mixed_bundle,moderate,2776034724,drf,none,df79f558472f0582,True,,0.6875,0.5,0.53125,0.09444444444444444,0.5166666666666666,0.9308510638297872,0.9347181008902077,15,39,74,0,0,0
platform_mediation,mixed_bundle__moderate,mixed_bundle,moderate,2776034724,decomposed_cobb_douglas,COBB_DOUGLAS,df79f558472f0582,True,290.8007167498057,0.75,0.5,0.5625,0.07083333333333335,0.5526041666666667,0.9491725768321513,0.9491725768321513,12,41,77,0,0,0
platform_mediation,mixed_bundle__moderate,mixed_bundle,moderate,2776034724,joint_linear,LINEAR,df79f558472f0582,True,297.1454697180967,0.041666666666666664,0.0,0.0,0.0,0.024999999999999998,0.030732860520094562,0.030732860520094562,46,0,4,0,0,661
platform_mediation,mixed_bundle__moderate,mixed_bundle,moderate,2776034724,joint_cobb_douglas,COBB_DOUGLAS,df79f558472f0582,True,290.8007668528404,0.75,0.5,0.5625,0.07083333333333335,0.5526041666666667,0.9491725768321513,0.9491725768321513,12,41,77,0,0,652
platform_mediation,mixed_bundle__moderate,mixed_bundle,moderate,2776034724,joint_ces,CES,df79f558472f0582,True,293.9295497353959,0.75,0.625,0.65625,0.06666666666666667,0.5510416666666668,0.9521276595744681,0.9521276595744681,12,41,77,0,0,653
platform_mediation,mixed_bundle__moderate,mixed_bundle,moderate,2776034724,joint_leontief,LEONTIEF,df79f558472f0582,True,372.06008950944266,0.7291666666666666,0.5,0.53125,0.09464285714285714,0.5432291666666668,0.9485815602836879,0.9485815602836879,13,38,77,0,0,732
platform_mediation,mixed_bundle__moderate,mixed_bundle,moderate,1330627936,equal,none,7e91374d5636c2e6,True,,0.6875,0.375,0.4375,0.2880952380952381,0.5177083333333333,0.9073033707865169,0.9073033707865169,15,25,78,0,0,0
platform_mediation,mixed_bundle__moderate,mixed_bundle,moderate,1330627936,drf,none,7e91374d5636c2e6,True,,0.7291666666666666,0.5,0.5,0.16058201058201058,0.5395833333333333,0.9516853932584269,0.9538288288288288,13,28,83,0,0,0
platform_mediation,mixed_bundle__moderate,mixed_bundle,moderate,1330627936,decomposed_cobb_douglas,COBB_DOUGLAS,7e91374d5636c2e6,True,292.6095579440944,0.75,0.5,0.53125,0.06666666666666667,0.5354166666666667,0.9353932584269663,0.9353932584269663,12,33,82,0,0,0
platform_mediation,mixed_bundle__moderate,mixed_bundle,moderate,1330627936,joint_linear,LINEAR,7e91374d5636c2e6,True,299.03498814608866,0.125,0.0,0.0,0.0,0.078125,0.08651685393258426,0.08651685393258426,42,2,11,0,0,697
platform_mediation,mixed_bundle__moderate,mixed_bundle,moderate,1330627936,joint_cobb_douglas,COBB_DOUGLAS,7e91374d5636c2e6,True,292.6094689886339,0.75,0.5,0.53125,0.10000000000000002,0.5395833333333333,0.9292134831460674,0.9292134831460674,12,32,82,0,0,718
platform_mediation,mixed_bundle__moderate,mixed_bundle,moderate,1330627936,joint_ces,CES,7e91374d5636c2e6,True,295.6478286648719,0.7291666666666666,0.5,0.53125,0.16944444444444443,0.534375,0.9387640449438203,0.9387640449438203,13,28,83,0,0,695
platform_mediation,mixed_bundle__moderate,mixed_bundle,moderate,1330627936,joint_leontief,LEONTIEF,7e91374d5636c2e6,True,375.31515125264684,0.75,0.5,0.53125,0.12222222222222223,0.5395833333333333,0.9455056179775281,0.9455056179775281,12,32,83,0,0,728
platform_mediation,mixed_bundle__moderate,mixed_bundle,moderate,4100419874,equal,none,a93eea49765eb04f,True,,0.6875,0.625,0.625,0.09444444444444444,0.49895833333333334,0.9353701527614571,0.9353701527614571,15,28,79,0,0,0
platform_mediation,mixed_bundle__moderate,mixed_bundle,moderate,4100419874,drf,none,a93eea49765eb04f,True,,0.75,0.625,0.65625,0.08333333333333333,0.5416666666666666,0.936545240893067,0.9376470588235294,12,34,80,0,0,0
platform_mediation,mixed_bundle__moderate,mixed_bundle,moderate,4100419874,decomposed_cobb_douglas,COBB_DOUGLAS,a93eea49765eb04f,True,289.52146517685253,0.7083333333333334,0.625,0.625,0.06944444444444443,0.5088541666666667,0.9418331374853114,0.9418331374853114,14,31,79,0,0,0
platform_mediation,mixed_bundle__moderate,mixed_bundle,moderate,4100419874,joint_linear,LINEAR,a93eea49765eb04f,True,295.91323215398364,0.16666666666666666,0.0,0.0,0.0,0.1125,0.1692126909518214,0.1692126909518214,40,6,16,0,0,662
platform_mediation,mixed_bundle__moderate,mixed_bundle,moderate,4100419874,joint_cobb_douglas,COBB_DOUGLAS,a93eea49765eb04f,True,289.52146517685253,0.7083333333333334,0.625,0.625,0.06944444444444443,0.5088541666666667,0.9418331374853114,0.9418331374853114,14,31,79,0,0,650
platform_mediation,mixed_bundle__moderate,mixed_bundle,moderate,4100419874,joint_ces,CES,a93eea49765eb04f,True,292.6072460786403,0.75,0.625,0.65625,0.16269841269841268,0.5447916666666667,0.9559341950646298,0.9559341950646298,12,30,83,0,0,671
platform_mediation,mixed_bundle__moderate,mixed_bundle,moderate,4100419874,joint_leontief,LEONTIEF,a93eea49765eb04f,True,372.1448289348545,0.6875,0.5,0.53125,0.06547619047619048,0.5031249999999999,0.9253819036427732,0.9253819036427732,15,33,76,0,0,644
platform_mediation,mixed_bundle__moderate,mixed_bundle,moderate,2158068696,equal,none,1775ce7204817849,True,,0.625,0.375,0.40625,0.06547619047619048,0.45520833333333327,0.8953040800615858,0.8953040800615858,18,35,59,0,0,0
platform_mediation,mixed_bundle__moderate,mixed_bundle,moderate,2158068696,drf,none,1775ce7204817849,True,,0.7083333333333334,0.5,0.53125,0.0,0.5041666666666667,0.9345650500384911,0.936006168080185,14,43,63,0,0,0
platform_mediation,mixed_bundle__moderate,mixed_bundle,moderate,2158068696,decomposed_cobb_douglas,COBB_DOUGLAS,1775ce7204817849,True,272.54353570575495,0.7083333333333334,0.375,0.40625,0.05555555555555555,0.50625,0.9314857582755967,0.9314857582755967,14,41,63,0,0,0
platform_mediation,mixed_bundle__moderate,mixed_bundle,moderate,2158068696,joint_linear,LINEAR,1775ce7204817849,True,280.02666192285034,0.0625,0.0,0.0,0.0,0.0375,0.06004618937644342,0.06004618937644342,45,0,6,0,0,674
platform_mediation,mixed_bundle__moderate,mixed_bundle,moderate,2158068696,joint_cobb_douglas,COBB_DOUGLAS,1775ce7204817849,True,272.5452304663854,0.7083333333333334,0.375,0.40625,0.0,0.5020833333333333,0.9176289453425712,0.9176289453425712,14,42,62,0,0,622
platform_mediation,mixed_bundle__moderate,mixed_bundle,moderate,2158068696,joint_ces,CES,1775ce7204817849,True,275.7267450932105,0.6458333333333334,0.375,0.40625,0.020833333333333332,0.47291666666666665,0.8244803695150116,0.8244803695150116,17,44,54,0,0,683
platform_mediation,mixed_bundle__moderate,mixed_bundle,moderate,2158068696,joint_leontief,LEONTIEF,1775ce7204817849,True,353.6611488548707,0.7291666666666666,0.5,0.53125,0.0,0.5177083333333333,0.9361046959199384,0.9361046959199384,13,44,63,0,0,671
platform_mediation,mixed_bundle__moderate,mixed_bundle,moderate,1474320588,equal,none,af97594cad15286c,True,,0.7083333333333334,0.375,0.4375,0.23055555555555554,0.540625,0.9476380193511668,0.9476380193511668,14,31,75,0,0,0
platform_mediation,mixed_bundle__moderate,mixed_bundle,moderate,1474320588,drf,none,af97594cad15286c,True,,0.7291666666666666,0.5,0.53125,0.24305555555555555,0.5473958333333333,0.941946499715424,0.9484240687679083,13,32,79,0,0,0
platform_mediation,mixed_bundle__moderate,mixed_bundle,moderate,1474320588,decomposed_cobb_douglas,COBB_DOUGLAS,af97594cad15286c,True,292.117054021199,0.7916666666666666,0.5,0.5625,0.08234126984126984,0.5796875,0.9459305634604439,0.9459305634604439,10,41,80,0,0,0
platform_mediation,mixed_bundle__moderate,mixed_bundle,moderate,1474320588,joint_linear,LINEAR,af97594cad15286c,True,298.71593391588186,0.16666666666666666,0.0,0.0,0.0,0.10937499999999999,0.11496869664200342,0.11496869664200342,40,6,13,0,0,657
platform_mediation,mixed_bundle__moderate,mixed_bundle,moderate,1474320588,joint_cobb_douglas,COBB_DOUGLAS,af97594cad15286c,True,292.11869228565695,0.8125,0.5,0.5625,0.08234126984126984,0.5921875,0.960728514513375,0.960728514513375,9,41,82,0,0,678
platform_mediation,mixed_bundle__moderate,mixed_bundle,moderate,1474320588,joint_ces,CES,af97594cad15286c,True,295.23191376941514,0.75,0.5,0.53125,0.17469336219336218,0.55625,0.9408081957882755,0.9408081957882755,12,32,81,0,0,671
platform_mediation,mixed_bundle__moderate,mixed_bundle,moderate,1474320588,joint_leontief,LEONTIEF,af97594cad15286c,True,373.89260376658973,0.75,0.5,0.53125,0.14583333333333334,0.5546875000000001,0.9556061468412066,0.9556061468412066,12,36,79,0,0,678
platform_mediation,mixed_bundle__moderate,mixed_bundle,moderate,1559471435,equal,none,0ef5ccf9be09bbef,True,,0.7916666666666666,0.5,0.5625,0.08181818181818183,0.5828125000000001,0.9461077844311377,0.9461077844311377,10,40,82,0,0,0
platform_mediation,mixed_bundle__moderate,mixed_bundle,moderate,1559471435,drf,none,0ef5ccf9be09bbef,True,,0.7708333333333334,0.5,0.53125,0.1349206349206349,0.5755208333333334,0.95971692977681,0.9623362445414847,11,40,80,0,0,0
platform_mediation,mixed_bundle__moderate,mixed_bundle,moderate,1559471435,decomposed_cobb_douglas,COBB_DOUGLAS,0ef5ccf9be09bbef,True,294.88653071120024,0.8125,0.625,0.65625,0.16515151515151513,0.5994791666666667,0.9461077844311377,0.9461077844311377,9,37,85,0,0,0
platform_mediation,mixed_bundle__moderate,mixed_bundle,moderate,1559471435,joint_linear,LINEAR,0ef5ccf9be09bbef,True,300.9968514572248,0.10416666666666667,0.0,0.0,0.0,0.075,0.06641262928688078,0.06641262928688078,43,8,6,0,0,645
platform_mediation,mixed_bundle__moderate,mixed_bundle,moderate,1559471435,joint_cobb_douglas,COBB_DOUGLAS,0ef5ccf9be09bbef,True,294.88667081527296,0.8125,0.625,0.65625,0.16515151515151513,0.5994791666666667,0.9461077844311377,0.9461077844311377,9,37,85,0,0,690
platform_mediation,mixed_bundle__moderate,mixed_bundle,moderate,1559471435,joint_ces,CES,0ef5ccf9be09bbef,True,297.9152140060128,0.8125,0.625,0.65625,0.16515151515151513,0.5994791666666667,0.9461077844311377,0.9461077844311377,9,37,85,0,0,678
platform_mediation,mixed_bundle__moderate,mixed_bundle,moderate,1559471435,joint_leontief,LEONTIEF,0ef5ccf9be09bbef,True,377.065622742273,0.7708333333333334,0.625,0.625,0.10000000000000002,0.5697916666666667,0.9564507348938487,0.9564507348938487,11,41,79,0,0,676
platform_mediation,mixed_bundle__moderate,mixed_bundle,moderate,3063750234,equal,none,516c03b4eb210f0b,True,,0.6875,0.625,0.625,0.06547619047619048,0.48020833333333335,0.9436813186813187,0.9436813186813187,15,27,73,0,0,0
platform_mediation,mixed_bundle__moderate,mixed_bundle,moderate,3063750234,drf,none,516c03b4eb210f0b,True,,0.6875,0.625,0.625,0.05555555555555555,0.48489583333333336,0.9086538461538461,0.9155709342560554,15,33,68,0,0,0
platform_mediation,mixed_bundle__moderate,mixed_bundle,moderate,3063750234,decomposed_cobb_douglas,COBB_DOUGLAS,516c03b4eb210f0b,True,278.6495417988894,0.75,0.625,0.625,0.0707070707070707,0.5213541666666667,0.9532967032967034,0.9532967032967034,12,30,76,0,0,0
platform_mediation,mixed_bundle__moderate,mixed_bundle,moderate,3063750234,joint_linear,LINEAR,516c03b4eb210f0b,True,285.39248128216883,0.08333333333333333,0.0,0.0,0.0,0.049999999999999996,0.07142857142857142,0.07142857142857142,44,0,8,0,0,673
platform_mediation,mixed_bundle__moderate,mixed_bundle,moderate,3063750234,joint_cobb_douglas,COBB_DOUGLAS,516c03b4eb210f0b,True,278.6495417988894,0.75,0.625,0.625,0.0707070707070707,0.5213541666666667,0.9532967032967034,0.9532967032967034,12,30,76,0,0,700
platform_mediation,mixed_bundle__moderate,mixed_bundle,moderate,3063750234,joint_ces,CES,516c03b4eb210f0b,True,281.6620803255752,0.75,0.625,0.625,0.027777777777777776,0.525,0.9182692307692307,0.9182692307692307,12,34,72,0,0,686
platform_mediation,mixed_bundle__moderate,mixed_bundle,moderate,3063750234,joint_leontief,LEONTIEF,516c03b4eb210f0b,True,361.9220081395563,0.7083333333333334,0.625,0.625,0.08333333333333333,0.49843750000000003,0.9210164835164835,0.9210164835164835,14,30,72,0,0,679
platform_mediation,mixed_bundle__moderate,mixed_bundle,moderate,4002087268,equal,none,4fd5625e25f3c56f,True,,0.7291666666666666,0.5,0.53125,0.04047619047619048,0.5296875,0.9062259800153728,0.9062259800153728,13,46,60,0,0,0
platform_mediation,mixed_bundle__moderate,mixed_bundle,moderate,4002087268,drf,none,4fd5625e25f3c56f,True,,0.8125,0.5,0.5625,0.05833333333333333,0.5838541666666666,0.9654112221368178,0.97138437741686,9,51,67,0,0,0
platform_mediation,mixed_bundle__moderate,mixed_bundle,moderate,4002087268,decomposed_cobb_douglas,COBB_DOUGLAS,4fd5625e25f3c56f,True,274.3679169280282,0.7708333333333334,0.5,0.5625,0.04047619047619048,0.5578125,0.9308224442736357,0.9308224442736357,11,49,64,0,0,0
platform_mediation,mixed_bundle__moderate,mixed_bundle,moderate,4002087268,joint_linear,LINEAR,4fd5625e25f3c56f,True,280.9652899424356,0.041666666666666664,0.0,0.0,0.0,0.024999999999999998,0.03996925441967717,0.03996925441967717,46,0,4,0,0,648
platform_mediation,mixed_bundle__moderate,mixed_bundle,moderate,4002087268,joint_cobb_douglas,COBB_DOUGLAS,4fd5625e25f3c56f,True,274.3701617698176,0.7708333333333334,0.5,0.5625,0.04047619047619048,0.5578125,0.9308224442736357,0.9308224442736357,11,49,64,0,0,679
platform_mediation,mixed_bundle__moderate,mixed_bundle,moderate,4002087268,joint_ces,CES,4fd5625e25f3c56f,True,277.548953177119,0.7708333333333334,0.5,0.5625,0.016666666666666666,0.5515625,0.9131437355880092,0.9131437355880092,11,50,63,0,0,671
platform_mediation,mixed_bundle__moderate,mixed_bundle,moderate,4002087268,joint_leontief,LEONTIEF,4fd5625e25f3c56f,True,354.2022736607333,0.7708333333333334,0.5,0.5625,0.04047619047619048,0.5578125,0.9308224442736357,0.9308224442736357,11,49,64,0,0,664
platform_mediation,mixed_bundle__moderate,mixed_bundle,moderate,3067812352,equal,none,78987363a31c9931,True,,0.75,0.625,0.625,0.048611111111111105,0.5276041666666667,0.9384920634920635,0.9384920634920635,12,33,79,0,0,0
platform_mediation,mixed_bundle__moderate,mixed_bundle,moderate,3067812352,drf,none,78987363a31c9931,True,,0.75,0.5,0.53125,0.07638888888888888,0.5343749999999999,0.9444444444444444,0.9450694904037061,12,34,77,0,0,0
platform_mediation,mixed_bundle__moderate,mixed_bundle,moderate,3067812352,decomposed_cobb_douglas,COBB_DOUGLAS,78987363a31c9931,True,282.30467593056574,0.75,0.5,0.53125,0.07638888888888888,0.5291666666666667,0.9305555555555556,0.9305555555555556,12,33,79,0,0,0
platform_mediation,mixed_bundle__moderate,mixed_bundle,moderate,3067812352,joint_linear,LINEAR,78987363a31c9931,True,288.91552544185424,0.08333333333333333,0.0,0.0,0.0,0.05416666666666667,0.09788359788359788,0.09788359788359788,44,2,10,0,0,662
platform_mediation,mixed_bundle__moderate,mixed_bundle,moderate,3067812352,joint_cobb_douglas,COBB_DOUGLAS,78987363a31c9931,True,282.30467593056574,0.75,0.5,0.53125,0.07638888888888888,0.5291666666666667,0.9305555555555556,0.9305555555555556,12,33,79,0,0,637
platform_mediation,mixed_bundle__moderate,mixed_bundle,moderate,3067812352,joint_ces,CES,78987363a31c9931,True,285.5271620624026,0.7291666666666666,0.5,0.5,0.10972222222222222,0.5192708333333332,0.9404761904761905,0.9404761904761905,13,31,77,0,0,680
platform_mediation,mixed_bundle__moderate,mixed_bundle,moderate,3067812352,joint_leontief,LEONTIEF,78987363a31c9931,True,364.32815704988593,0.7708333333333334,0.625,0.625,0.05416666666666667,0.5442708333333334,0.9338624338624338,0.9338624338624338,11,36,78,0,0,683
platform_mediation,mixed_bundle__moderate,mixed_bundle,moderate,2858581337,equal,none,ac1a56850b2dd018,True,,0.75,0.625,0.625,0.09166666666666666,0.5604166666666667,0.9319690265486725,0.9319690265486725,12,40,81,0,0,0
platform_mediation,mixed_bundle__moderate,mixed_bundle,moderate,2858581337,drf,none,ac1a56850b2dd018,True,,0.7916666666666666,0.625,0.65625,0.1111111111111111,0.5921875,0.9557522123893806,0.9637479085331846,10,42,84,0,0,0
platform_mediation,mixed_bundle__moderate,mixed_bundle,moderate,2858581337,decomposed_cobb_douglas,COBB_DOUGLAS,ac1a56850b2dd018,True,295.4933326983327,0.8125,0.75,0.75,0.06944444444444443,0.5927083333333333,0.9430309734513275,0.9430309734513275,9,43,85,0,0,0
platform_mediation,mixed_bundle__moderate,mixed_bundle,moderate,2858581337,joint_linear,LINEAR,ac1a56850b2dd018,True,301.82298400394,0.0625,0.0,0.0,0.0,0.0375,0.04314159292035398,0.04314159292035398,45,0,6,0,0,705
platform_mediation,mixed_bundle__moderate,mixed_bundle,moderate,2858581337,joint_cobb_douglas,COBB_DOUGLAS,ac1a56850b2dd018,True,295.4934709910626,0.8125,0.75,0.75,0.06944444444444443,0.5927083333333333,0.9430309734513275,0.9430309734513275,9,43,85,0,0,658
platform_mediation,mixed_bundle__moderate,mixed_bundle,moderate,2858581337,joint_ces,CES,ac1a56850b2dd018,True,298.61869556505604,0.7708333333333334,0.75,0.75,0.11666666666666665,0.5744791666666667,0.9170353982300885,0.9170353982300885,11,41,82,0,0,654
platform_mediation,mixed_bundle__moderate,mixed_bundle,moderate,2858581337,joint_leontief,LEONTIEF,ac1a56850b2dd018,True,375.98301959185494,0.8125,0.75,0.75,0.08194444444444444,0.6,0.9640486725663717,0.9640486725663717,9,44,86,0,0,670
platform_mediation,mixed_bundle__moderate,mixed_bundle,moderate,4130084705,equal,none,b904a49d4e79028b,True,,0.75,0.625,0.625,0.30416666666666664,0.5593750000000001,0.9634464751958225,0.9634464751958225,12,22,93,0,0,0
platform_mediation,mixed_bundle__moderate,mixed_bundle,moderate,4130084705,drf,none,b904a49d4e79028b,True,,0.7916666666666666,0.625,0.625,0.1722222222222222,0.5729166666666665,0.9676240208877285,0.9691422594142259,10,28,94,0,0,0
platform_mediation,mixed_bundle__moderate,mixed_bundle,moderate,4130084705,decomposed_cobb_douglas,COBB_DOUGLAS,b904a49d4e79028b,True,297.46437012909365,0.7708333333333334,0.625,0.625,0.16527777777777777,0.5625,0.9566579634464752,0.9566579634464752,11,28,92,0,0,0
platform_mediation,mixed_bundle__moderate,mixed_bundle,moderate,4130084705,joint_linear,LINEAR,b904a49d4e79028b,True,303.6353987361153,0.14583333333333334,0.0,0.0,0.0,0.09791666666666665,0.17127937336814622,0.17127937336814622,41,3,17,0,0,693
platform_mediation,mixed_bundle__moderate,mixed_bundle,moderate,4130084705,joint_cobb_douglas,COBB_DOUGLAS,b904a49d4e79028b,True,297.46437012909365,0.7708333333333334,0.625,0.625,0.16527777777777777,0.5625,0.9566579634464752,0.9566579634464752,11,28,92,0,0,675
platform_mediation,mixed_bundle__moderate,mixed_bundle,moderate,4130084705,joint_ces,CES,b904a49d4e79028b,True,300.49854801420855,0.7916666666666666,0.625,0.625,0.25787037037037036,0.5848958333333334,0.9624020887728459,0.9624020887728459,10,25,94,0,0,678
platform_mediation,mixed_bundle__moderate,mixed_bundle,moderate,4130084705,joint_leontief,LEONTIEF,b904a49d4e79028b,True,380.1163240837582,0.8125,0.625,0.65625,0.11203703703703705,0.5869791666666666,0.9681462140992168,0.9681462140992168,9,30,95,0,0,710
platform_mediation,mixed_bundle__moderate,mixed_bundle,moderate,3786098355,equal,none,77979f23772da024,True,,0.7083333333333334,0.625,0.625,0.041666666666666664,0.4979166666666666,0.9564164648910412,0.9564164648910412,14,26,78,0,0,0
platform_mediation,mixed_bundle__moderate,mixed_bundle,moderate,3786098355,drf,none,77979f23772da024,True,,0.7708333333333334,0.5,0.5625,0.042328042328042326,0.5458333333333334,0.9376513317191283,0.9450884685784015,11,31,79,0,0,0
platform_mediation,mixed_bundle__moderate,mixed_bundle,moderate,3786098355,decomposed_cobb_douglas,COBB_DOUGLAS,77979f23772da024,True,286.6366258836938,0.7291666666666666,0.5,0.53125,0.20899470899470898,0.5302083333333333,0.9400726392251816,0.9400726392251816,13,26,79,0,0,0
platform_mediation,mixed_bundle__moderate,mixed_bundle,moderate,3786098355,joint_linear,LINEAR,77979f23772da024,True,292.81015179323833,0.20833333333333334,0.0,0.0,0.041666666666666664,0.14583333333333334,0.1834140435835351,0.1834140435835351,38,8,17,0,0,683
platform_mediation,mixed_bundle__moderate,mixed_bundle,moderate,3786098355,joint_cobb_douglas,COBB_DOUGLAS,77979f23772da024,True,286.6366258836938,0.7291666666666666,0.5,0.53125,0.20899470899470898,0.5302083333333333,0.9400726392251816,0.9400726392251816,13,26,79,0,0,710
platform_mediation,mixed_bundle__moderate,mixed_bundle,moderate,3786098355,joint_ces,CES,77979f23772da024,True,289.5141389960197,0.7083333333333334,0.625,0.625,0.06547619047619048,0.5062500000000001,0.9303874092009685,0.9303874092009685,14,28,76,0,0,706
platform_mediation,mixed_bundle__moderate,mixed_bundle,moderate,3786098355,joint_leontief,LEONTIEF,77979f23772da024,True,370.0283905861155,0.75,0.625,0.625,0.19444444444444445,0.5343749999999999,0.9443099273607748,0.9443099273607748,12,29,80,0,0,679
platform_mediation,mixed_bundle__moderate,mixed_bundle,moderate,2427678491,equal,none,ef04df9531ac227b,True,,0.6666666666666666,0.5,0.53125,0.13095238095238093,0.46822916666666664,0.8990276738967838,0.8990276738967838,16,27,69,0,0,0
platform_mediation,mixed_bundle__moderate,mixed_bundle,moderate,2427678491,drf,none,ef04df9531ac227b,True,,0.75,0.625,0.65625,0.023809523809523808,0.5182291666666666,0.900523560209424,0.9045830202854996,12,37,72,0,0,0
platform_mediation,mixed_bundle__moderate,mixed_bundle,moderate,2427678491,decomposed_cobb_douglas,COBB_DOUGLAS,ef04df9531ac227b,True,274.3292990406836,0.6875,0.5,0.53125,0.12103174603174603,0.4854166666666666,0.9094988780852655,0.9094988780852655,15,31,70,0,0,0
platform_mediation,mixed_bundle__moderate,mixed_bundle,moderate,2427678491,joint_linear,LINEAR,ef04df9531ac227b,True,281.2291900847719,0.125,0.0,0.0,0.0,0.078125,0.11518324607329843,0.11518324607329843,42,2,11,0,0,698
platform_mediation,mixed_bundle__moderate,mixed_bundle,moderate,2427678491,joint_cobb_douglas,COBB_DOUGLAS,ef04df9531ac227b,True,274.33088188709485,0.7291666666666666,0.625,0.625,0.15436507936507937,0.5156250000000001,0.9177262528047868,0.9177262528047868,13,31,73,0,0,717
platform_mediation,mixed_bundle__moderate,mixed_bundle,moderate,2427678491,joint_ces,CES,ef04df9531ac227b,True,277.6177468787221,0.7291666666666666,0.625,0.625,0.06547619047619048,0.503125,0.8833208676140614,0.8833208676140614,13,33,71,0,0,686
platform_mediation,mixed_bundle__moderate,mixed_bundle,moderate,2427678491,joint_leontief,LEONTIEF,ef04df9531ac227b,True,356.04102648032324,0.7291666666666666,0.625,0.625,0.15436507936507937,0.5156250000000001,0.9177262528047868,0.9177262528047868,13,31,73,0,0,680
platform_mediation,mixed_bundle__moderate,mixed_bundle,moderate,3929016811,equal,none,44597755e85bd535,True,,0.75,0.625,0.625,0.03333333333333333,0.5479166666666666,0.9399235390496996,0.9399235390496996,12,40,84,0,0,0
platform_mediation,mixed_bundle__moderate,mixed_bundle,moderate,3929016811,drf,none,44597755e85bd535,True,,0.75,0.375,0.4375,0.20833333333333334,0.5729166666666666,0.9557618787547788,0.9689922480620154,12,38,86,0,0,0
platform_mediation,mixed_bundle__moderate,mixed_bundle,moderate,3929016811,decomposed_cobb_douglas,COBB_DOUGLAS,44597755e85bd535,True,298.05653063999034,0.7916666666666666,0.625,0.625,0.04722222222222222,0.5833333333333334,0.9759694156198798,0.9759694156198798,10,43,87,0,0,0
platform_mediation,mixed_bundle__moderate,mixed_bundle,moderate,3929016811,joint_linear,LINEAR,44597755e85bd535,True,303.82451762864423,0.041666666666666664,0.0,0.0,0.0,0.024999999999999998,0.028399781540142,0.028399781540142,46,0,4,0,0,651
platform_mediation,mixed_bundle__moderate,mixed_bundle,moderate,3929016811,joint_cobb_douglas,COBB_DOUGLAS,44597755e85bd535,True,298.05653063999034,0.7708333333333334,0.625,0.625,0.075,0.571875,0.9726925177498634,0.9726925177498634,11,40,87,0,0,679
platform_mediation,mixed_bundle__moderate,mixed_bundle,moderate,3929016811,joint_ces,CES,44597755e85bd535,True,300.76100359809453,0.7083333333333334,0.5,0.53125,0.04722222222222222,0.5296875,0.9137083560895686,0.9137083560895686,14,42,78,0,0,663
platform_mediation,mixed_bundle__moderate,mixed_bundle,moderate,3929016811,joint_leontief,LEONTIEF,44597755e85bd535,True,376.9438422127364,0.75,0.625,0.625,0.075,0.5572916666666666,0.951392681594757,0.9524330235101148,12,41,84,0,0,728
platform_mediation,mixed_bundle__moderate,mixed_bundle,moderate,2076116935,equal,none,98fada95e61c91d7,True,,0.7708333333333334,0.625,0.65625,0.1595959595959596,0.5739583333333332,0.9412435824301197,0.9412435824301197,11,37,78,0,0,0
platform_mediation,mixed_bundle__moderate,mixed_bundle,moderate,2076116935,drf,none,98fada95e61c91d7,True,,0.8125,0.75,0.75,0.03896103896103896,0.5901041666666665,0.9458071876782659,0.9474285714285714,9,44,78,0,0,0
platform_mediation,mixed_bundle__moderate,mixed_bundle,moderate,2076116935,decomposed_cobb_douglas,COBB_DOUGLAS,98fada95e61c91d7,True,291.3542532547672,0.7916666666666666,0.625,0.65625,0.15265151515151518,0.5859375,0.9503707929264119,0.9503707929264119,10,37,80,0,0,0
platform_mediation,mixed_bundle__moderate,mixed_bundle,moderate,2076116935,joint_linear,LINEAR,98fada95e61c91d7,True,297.3943577343378,0.14583333333333334,0.0,0.0,0.016666666666666666,0.10572916666666665,0.11523103251568739,0.11523103251568739,41,9,10,0,0,652
platform_mediation,mixed_bundle__moderate,mixed_bundle,moderate,2076116935,joint_cobb_douglas,COBB_DOUGLAS,98fada95e61c91d7,True,291.3542532547672,0.7916666666666666,0.625,0.65625,0.15265151515151518,0.5859375,0.9503707929264119,0.9503707929264119,10,37,80,0,0,654
platform_mediation,mixed_bundle__moderate,mixed_bundle,moderate,2076116935,joint_ces,CES,98fada95e61c91d7,True,294.33173991206274,0.7708333333333334,0.625,0.65625,0.1691919191919192,0.5791666666666666,0.9264118653736452,0.9264118653736452,11,36,78,0,0,556
platform_mediation,mixed_bundle__moderate,mixed_bundle,moderate,2076116935,joint_leontief,LEONTIEF,98fada95e61c91d7,True,374.2183379617376,0.7916666666666666,0.625,0.65625,0.16224747474747472,0.5901041666666665,0.9606389047347405,0.9606389047347405,10,36,81,0,0,648
platform_mediation,mixed_bundle__moderate,mixed_bundle,moderate,1273354243,equal,none,4f5a9b62bdf3ede9,True,,0.75,0.625,0.65625,0.22777777777777777,0.5536458333333334,0.9371293001186239,0.9371293001186239,12,31,81,0,0,0
platform_mediation,mixed_bundle__moderate,mixed_bundle,moderate,1273354243,drf,none,4f5a9b62bdf3ede9,True,,0.7916666666666666,0.75,0.75,0.08333333333333333,0.5697916666666667,0.9644128113879004,0.9672813801308745,10,37,84,0,0,0
platform_mediation,mixed_bundle__moderate,mixed_bundle,moderate,1273354243,decomposed_cobb_douglas,COBB_DOUGLAS,4f5a9b62bdf3ede9,True,289.7896427374769,0.7708333333333334,0.625,0.65625,0.1765873015873016,0.5546875000000001,0.9294187425860023,0.9294187425860023,11,32,82,0,0,0
platform_mediation,mixed_bundle__moderate,mixed_bundle,moderate,1273354243,joint_linear,LINEAR,4f5a9b62bdf3ede9,True,296.33225802649787,0.0625,0.0,0.0,0.0,0.0375,0.046263345195729534,0.046263345195729534,45,0,6,0,0,671
platform_mediation,mixed_bundle__moderate,mixed_bundle,moderate,1273354243,joint_cobb_douglas,COBB_DOUGLAS,4f5a9b62bdf3ede9,True,289.7896427374769,0.7708333333333334,0.625,0.65625,0.1765873015873016,0.5546875000000001,0.9294187425860023,0.9294187425860023,11,32,82,0,0,659
platform_mediation,mixed_bundle__moderate,mixed_bundle,moderate,1273354243,joint_ces,CES,4f5a9b62bdf3ede9,True,292.97579653149415,0.7708333333333334,0.625,0.65625,0.10416666666666667,0.5510416666666668,0.9329774614472124,0.9329774614472124,11,35,84,0,0,684
platform_mediation,mixed_bundle__moderate,mixed_bundle,moderate,1273354243,joint_leontief,LEONTIEF,4f5a9b62bdf3ede9,True,371.6037450414131,0.7708333333333334,0.625,0.65625,0.13194444444444445,0.5536458333333334,0.9655990510083037,0.9655990510083037,11,33,84,0,0,709
platform_mediation,mixed_bundle__moderate,mixed_bundle,moderate,4085633890,equal,none,4cf3942ba6cc9d4d,True,,0.75,0.625,0.625,0.19279100529100526,0.5588541666666668,0.9446733372572101,0.9446733372572101,12,33,81,0,0,0
platform_mediation,mixed_bundle__moderate,mixed_bundle,moderate,4085633890,drf,none,4cf3942ba6cc9d4d,True,,0.75,0.625,0.65625,0.1130952380952381,0.5567708333333333,0.937021777516186,0.9381261048909841,12,34,80,0,0,0
platform_mediation,mixed_bundle__moderate,mixed_bundle,moderate,4085633890,decomposed_cobb_douglas,COBB_DOUGLAS,4cf3942ba6cc9d4d,True,289.84116258009647,0.7708333333333334,0.625,0.625,0.16335978835978834,0.5770833333333334,0.96291936433196,0.96291936433196,11,33,83,0,0,0
platform_mediation,mixed_bundle__moderate,mixed_bundle,moderate,4085633890,joint_linear,LINEAR,4cf3942ba6cc9d4d,True,296.26856072310005,0.10416666666666667,0.0,0.0,0.0,0.06770833333333333,0.08828722778104768,0.08828722778104768,43,3,10,0,0,656
platform_mediation,mixed_bundle__moderate,mixed_bundle,moderate,4085633890,joint_cobb_douglas,COBB_DOUGLAS,4cf3942ba6cc9d4d,True,289.84149080501345,0.7708333333333334,0.625,0.625,0.16335978835978834,0.5770833333333334,0.96291936433196,0.96291936433196,11,33,83,0,0,664
platform_mediation,mixed_bundle__moderate,mixed_bundle,moderate,4085633890,joint_ces,CES,4cf3942ba6cc9d4d,True,292.9431638329326,0.7916666666666666,0.625,0.65625,0.09226190476190477,0.5734374999999999,0.9346674514420247,0.9346674514420247,10,35,83,0,0,697
platform_mediation,mixed_bundle__moderate,mixed_bundle,moderate,4085633890,joint_leontief,LEONTIEF,4cf3942ba6cc9d4d,True,371.98089547623556,0.7708333333333334,0.625,0.625,0.16865079365079363,0.5770833333333334,0.96291936433196,0.96291936433196,11,33,83,0,0,728
platform_mediation,mixed_bundle__moderate,mixed_bundle,moderate,543781654,equal,none,98b96d1536537ca0,True,,0.7083333333333334,0.5,0.53125,0.14583333333333334,0.5130208333333334,0.9313543599257885,0.9313543599257885,14,30,82,0,0,0
platform_mediation,mixed_bundle__moderate,mixed_bundle,moderate,543781654,drf,none,98b96d1536537ca0,True,,0.75,0.5,0.53125,0.03333333333333333,0.5343749999999999,0.9418676561533704,0.949501246882793,12,38,85,0,0,0
platform_mediation,mixed_bundle__moderate,mixed_bundle,moderate,543781654,decomposed_cobb_douglas,COBB_DOUGLAS,98b96d1536537ca0,True,288.8606018940749,0.75,0.625,0.625,0.13333333333333333,0.5479166666666667,0.9393939393939394,0.9393939393939394,12,34,84,0,0,0
platform_mediation,mixed_bundle__moderate,mixed_bundle,moderate,543781654,joint_linear,LINEAR,98b96d1536537ca0,True,295.96013222345675,0.14583333333333334,0.0,0.0,0.0,0.09895833333333333,0.12244897959183673,0.12244897959183673,41,7,12,0,0,701
platform_mediation,mixed_bundle__moderate,mixed_bundle,moderate,543781654,joint_cobb_douglas,COBB_DOUGLAS,98b96d1536537ca0,True,288.86553482507327,0.75,0.625,0.625,0.13333333333333333,0.5479166666666667,0.9393939393939394,0.9393939393939394,12,34,84,0,0,583
platform_mediation,mixed_bundle__moderate,mixed_bundle,moderate,543781654,joint_ces,CES,98b96d1536537ca0,True,292.1856933667878,0.75,0.625,0.625,0.05833333333333333,0.53125,0.9053803339517625,0.9053803339517625,12,33,85,0,0,698
platform_mediation,mixed_bundle__moderate,mixed_bundle,moderate,543781654,joint_leontief,LEONTIEF,98b96d1536537ca0,True,368.0849321289328,0.7291666666666666,0.625,0.625,0.1638888888888889,0.5369791666666667,0.9418676561533704,0.9418676561533704,13,31,84,0,0,732
platform_mediation,mixed_bundle__moderate,mixed_bundle,moderate,3234515772,equal,none,a8cdc6944bfc9d8a,True,,0.75,0.625,0.625,0.06666666666666667,0.5458333333333334,0.9237012987012987,0.9237012987012987,12,35,86,0,0,0
platform_mediation,mixed_bundle__moderate,mixed_bundle,moderate,3234515772,drf,none,a8cdc6944bfc9d8a,True,,0.7291666666666666,0.5,0.53125,0.06018518518518518,0.53125,0.9442640692640693,0.9478544269418794,13,36,83,0,0,0
platform_mediation,mixed_bundle__moderate,mixed_bundle,moderate,3234515772,decomposed_cobb_douglas,COBB_DOUGLAS,a8cdc6944bfc9d8a,True,296.3565645609226,0.7708333333333334,0.625,0.65625,0.061111111111111116,0.5619791666666667,0.9567099567099567,0.9567099567099567,11,35,88,0,0,0
platform_mediation,mixed_bundle__moderate,mixed_bundle,moderate,3234515772,joint_linear,LINEAR,a8cdc6944bfc9d8a,True,302.698251529433,0.0625,0.0,0.0,0.0,0.0375,0.04220779220779221,0.04220779220779221,45,0,6,0,0,637
platform_mediation,mixed_bundle__moderate,mixed_bundle,moderate,3234515772,joint_cobb_douglas,COBB_DOUGLAS,a8cdc6944bfc9d8a,True,296.3565645609226,0.7708333333333334,0.625,0.65625,0.061111111111111116,0.5619791666666667,0.9567099567099567,0.9567099567099567,11,35,88,0,0,669
platform_mediation,mixed_bundle__moderate,mixed_bundle,moderate,3234515772,joint_ces,CES,a8cdc6944bfc9d8a,True,299.54177986886936,0.7708333333333334,0.625,0.65625,0.1074074074074074,0.5635416666666667,0.9383116883116883,0.9383116883116883,11,35,87,0,0,689
platform_mediation,mixed_bundle__moderate,mixed_bundle,moderate,3234515772,joint_leontief,LEONTIEF,a8cdc6944bfc9d8a,True,377.6003419751272,0.7708333333333334,0.625,0.625,0.041666666666666664,0.5614583333333333,0.9512987012987013,0.9512987012987013,11,41,84,0,0,669
platform_mediation,mixed_bundle__moderate,mixed_bundle,moderate,776423421,equal,none,0d28a756f1656774,True,,0.6458333333333334,0.5,0.53125,0.0988095238095238,0.4901041666666666,0.9279705573080967,0.9279705573080967,17,32,75,0,0,0
platform_mediation,mixed_bundle__moderate,mixed_bundle,moderate,776423421,drf,none,0d28a756f1656774,True,,0.7291666666666666,0.625,0.625,0.19345238095238093,0.5572916666666666,0.9458464773922187,0.9543766578249336,13,33,80,0,0,0
platform_mediation,mixed_bundle__moderate,mixed_bundle,moderate,776423421,decomposed_cobb_douglas,COBB_DOUGLAS,0d28a756f1656774,True,297.6109518708944,0.7291666666666666,0.625,0.625,0.2738095238095238,0.5619791666666667,0.9579390115667719,0.9579390115667719,13,31,83,0,0,0
platform_mediation,mixed_bundle__moderate,mixed_bundle,moderate,776423421,joint_linear,LINEAR,0d28a756f1656774,True,304.11892182655293,0.125,0.0,0.0,0.0,0.08645833333333332,0.14616193480546794,0.14616193480546794,42,4,13,0,0,647
platform_mediation,mixed_bundle__moderate,mixed_bundle,moderate,776423421,joint_cobb_douglas,COBB_DOUGLAS,0d28a756f1656774,True,297.61114915174755,0.7291666666666666,0.625,0.625,0.2738095238095238,0.5619791666666667,0.9579390115667719,0.9579390115667719,13,31,83,0,0,677
platform_mediation,mixed_bundle__moderate,mixed_bundle,moderate,776423421,joint_ces,CES,0d28a756f1656774,True,300.6985549067458,0.7083333333333334,0.5,0.53125,0.16504329004329005,0.5453125,0.9048370136698213,0.9048370136698213,14,32,79,0,0,666
platform_mediation,mixed_bundle__moderate,mixed_bundle,moderate,776423421,joint_leontief,LEONTIEF,0d28a756f1656774,True,379.4390746312184,0.75,0.625,0.625,0.10416666666666667,0.5604166666666667,0.9453207150368034,0.9453207150368034,12,38,79,0,0,686
platform_mediation,mixed_bundle__moderate,mixed_bundle,moderate,3527027947,equal,none,dba7720d030257f6,True,,0.75,0.625,0.625,0.14761904761904762,0.5531250000000001,0.9595032397408207,0.9595032397408207,12,29,90,0,0,0
platform_mediation,mixed_bundle__moderate,mixed_bundle,moderate,3527027947,drf,none,dba7720d030257f6,True,,0.75,0.5,0.53125,0.18353174603174602,0.5494791666666666,0.9443844492440605,0.9495114006514658,12,29,90,0,0,0
platform_mediation,mixed_bundle__moderate,mixed_bundle,moderate,3527027947,decomposed_cobb_douglas,COBB_DOUGLAS,dba7720d030257f6,True,295.919411122346,0.8125,0.625,0.65625,0.1255952380952381,0.5864583333333334,0.9665226781857451,0.9665226781857451,9,31,95,0,0,0
platform_mediation,mixed_bundle__moderate,mixed_bundle,moderate,3527027947,joint_linear,LINEAR,dba7720d030257f6,True,302.15249624350827,0.10416666666666667,0.0,0.0,0.0,0.065625,0.06911447084233262,0.06911447084233262,43,2,9,0,0,693
platform_mediation,mixed_bundle__moderate,mixed_bundle,moderate,3527027947,joint_cobb_douglas,COBB_DOUGLAS,dba7720d030257f6,True,295.920230714837,0.8125,0.625,0.65625,0.1255952380952381,0.5864583333333334,0.9665226781857451,0.9665226781857451,9,31,95,0,0,661
platform_mediation,mixed_bundle__moderate,mixed_bundle,moderate,3527027947,joint_ces,CES,dba7720d030257f6,True,299.00796969520707,0.7708333333333334,0.5,0.5625,0.14484126984126985,0.5651041666666666,0.9481641468682506,0.9481641468682506,11,30,90,0,0,559
platform_mediation,mixed_bundle__moderate,mixed_bundle,moderate,3527027947,joint_leontief,LEONTIEF,dba7720d030257f6,True,377.92881990267534,0.8125,0.625,0.65625,0.08095238095238096,0.5776041666666667,0.9416846652267818,0.9416846652267818,9,33,93,0,0,688
platform_mediation,mixed_bundle__moderate,mixed_bundle,moderate,2371862225,equal,none,ce8700ae9550da28,True,,0.75,0.625,0.625,0.20714285714285716,0.5708333333333333,0.9334836527621195,0.9334836527621195,12,39,78,0,0,0
platform_mediation,mixed_bundle__moderate,mixed_bundle,moderate,2371862225,drf,none,ce8700ae9550da28,True,,0.75,0.625,0.625,0.06428571428571428,0.5541666666666667,0.9470124013528749,0.9491525423728814,12,40,79,0,0,0
platform_mediation,mixed_bundle__moderate,mixed_bundle,moderate,2371862225,decomposed_cobb_douglas,COBB_DOUGLAS,ce8700ae9550da28,True,293.0855141803099,0.7708333333333334,0.625,0.625,0.07380952380952381,0.5744791666666665,0.9430665163472379,0.9430665163472379,11,43,78,0,0,0
platform_mediation,mixed_bundle__moderate,mixed_bundle,moderate,2371862225,joint_linear,LINEAR,ce8700ae9550da28,True,299.2249880662805,0.14583333333333334,0.0,0.0,0.0,0.10208333333333332,0.1104847801578354,0.1104847801578354,41,9,11,0,0,680
platform_mediation,mixed_bundle__moderate,mixed_bundle,moderate,2371862225,joint_cobb_douglas,COBB_DOUGLAS,ce8700ae9550da28,True,293.0858737704303,0.7916666666666666,0.625,0.625,0.04047619047619048,0.5807291666666666,0.9447576099210823,0.9447576099210823,10,44,79,0,0,664
platform_mediation,mixed_bundle__moderate,mixed_bundle,moderate,2371862225,joint_ces,CES,ce8700ae9550da28,True,296.2013512729469,0.7708333333333334,0.625,0.625,0.016666666666666666,0.5619791666666666,0.9210822998872604,0.9210822998872604,11,45,76,0,0,681
platform_mediation,mixed_bundle__moderate,mixed_bundle,moderate,2371862225,joint_leontief,LEONTIEF,ce8700ae9550da28,True,375.01221154839106,0.7708333333333334,0.625,0.625,0.0976190476190476,0.5786458333333333,0.9571589627959414,0.9571589627959414,11,42,79,0,0,720
platform_mediation,mixed_bundle__moderate,mixed_bundle,moderate,4052103970,equal,none,d691181655a88862,True,,0.7083333333333334,0.5,0.53125,0.07962962962962963,0.5166666666666667,0.9051383399209486,0.9051383399209486,14,36,74,0,0,0
platform_mediation,mixed_bundle__moderate,mixed_bundle,moderate,4052103970,drf,none,d691181655a88862,True,,0.7083333333333334,0.375,0.4375,0.023809523809523808,0.5031249999999999,0.9255599472990778,0.9267810026385225,14,35,78,0,0,0
platform_mediation,mixed_bundle__moderate,mixed_bundle,moderate,4052103970,decomposed_cobb_douglas,COBB_DOUGLAS,d691181655a88862,True,284.5547492151192,0.75,0.625,0.625,0.0988095238095238,0.5437500000000001,0.9538866930171278,0.9538866930171278,12,37,79,0,0,0
platform_mediation,mixed_bundle__moderate,mixed_bundle,moderate,4052103970,joint_linear,LINEAR,d691181655a88862,True,291.73252281551686,0.125,0.0,0.0,0.0,0.08437499999999999,0.09881422924901186,0.09881422924901186,42,6,9,0,0,687
platform_mediation,mixed_bundle__moderate,mixed_bundle,moderate,4052103970,joint_cobb_douglas,COBB_DOUGLAS,d691181655a88862,True,284.55576681813994,0.75,0.625,0.625,0.0988095238095238,0.5437500000000001,0.9538866930171278,0.9538866930171278,12,37,79,0,0,668
platform_mediation,mixed_bundle__moderate,mixed_bundle,moderate,4052103970,joint_ces,CES,d691181655a88862,True,288.06687460473523,0.75,0.625,0.625,0.047619047619047616,0.5328125,0.9314888010540184,0.9314888010540184,12,37,80,0,0,688
platform_mediation,mixed_bundle__moderate,mixed_bundle,moderate,4052103970,joint_leontief,LEONTIEF,d691181655a88862,True,363.76556010200096,0.7291666666666666,0.5,0.53125,0.05416666666666667,0.5229166666666666,0.953227931488801,0.953227931488801,13,36,80,0,0,673
platform_mediation,mixed_bundle__moderate,mixed_bundle,moderate,748549579,equal,none,88d991dd7b59c1d1,True,,0.6875,0.5,0.53125,0.0,0.49062500000000003,0.9315436241610738,0.9315436241610738,15,38,71,0,0,0
platform_mediation,mixed_bundle__moderate,mixed_bundle,moderate,748549579,drf,none,88d991dd7b59c1d1,True,,0.7291666666666666,0.375,0.4375,0.016666666666666666,0.521875,0.934228187919463,0.9553877831159918,13,40,73,0,0,0
platform_mediation,mixed_bundle__moderate,mixed_bundle,moderate,748549579,decomposed_cobb_douglas,COBB_DOUGLAS,88d991dd7b59c1d1,True,283.45242058475685,0.75,0.625,0.65625,0.1461038961038961,0.5463541666666667,0.9449664429530201,0.9449664429530201,12,37,75,0,0,0
platform_mediation,mixed_bundle__moderate,mixed_bundle,moderate,748549579,joint_linear,LINEAR,88d991dd7b59c1d1,True,290.262363904907,0.0625,0.0,0.0,0.0,0.0375,0.052348993288590606,0.052348993288590606,45,0,6,0,0,653
platform_mediation,mixed_bundle__moderate,mixed_bundle,moderate,748549579,joint_cobb_douglas,COBB_DOUGLAS,88d991dd7b59c1d1,True,283.4525505206615,0.75,0.625,0.65625,0.1461038961038961,0.5463541666666667,0.9449664429530201,0.9449664429530201,12,37,75,0,0,674
platform_mediation,mixed_bundle__moderate,mixed_bundle,moderate,748549579,joint_ces,CES,88d991dd7b59c1d1,True,286.21366894980656,0.7083333333333334,0.625,0.625,0.08062770562770563,0.5088541666666667,0.8973154362416107,0.8973154362416107,14,34,72,0,0,717
platform_mediation,mixed_bundle__moderate,mixed_bundle,moderate,748549579,joint_leontief,LEONTIEF,88d991dd7b59c1d1,True,363.48107080660094,0.7291666666666666,0.625,0.625,0.2294372294372294,0.5333333333333333,0.9395973154362416,0.9395973154362416,13,34,75,0,0,675
platform_mediation,mixed_bundle__moderate,mixed_bundle,moderate,1260492075,equal,none,1f5337bc4bc192b4,True,,0.75,0.625,0.625,0.041666666666666664,0.5484375,0.9604978354978355,0.9604978354978355,12,37,83,0,0,0
platform_mediation,mixed_bundle__moderate,mixed_bundle,moderate,1260492075,drf,none,1f5337bc4bc192b4,True,,0.7291666666666666,0.5,0.53125,0.23148148148148148,0.5526041666666667,0.9464285714285714,0.9505434782608696,13,31,85,0,0,0
platform_mediation,mixed_bundle__moderate,mixed_bundle,moderate,1260492075,decomposed_cobb_douglas,COBB_DOUGLAS,1f5337bc4bc192b4,True,296.26258420143006,0.7291666666666666,0.625,0.625,0.06018518518518518,0.5411458333333333,0.9718614718614719,0.9718614718614719,13,35,84,0,0,0
platform_mediation,mixed_bundle__moderate,mixed_bundle,moderate,1260492075,joint_linear,LINEAR,1f5337bc4bc192b4,True,302.4291994926665,0.10416666666666667,0.0,0.0,0.0,0.06666666666666667,0.1038961038961039,0.1038961038961039,43,1,11,0,0,688
platform_mediation,mixed_bundle__moderate,mixed_bundle,moderate,1260492075,joint_cobb_douglas,COBB_DOUGLAS,1f5337bc4bc192b4,True,296.2636583251382,0.7291666666666666,0.625,0.625,0.0787037037037037,0.5416666666666666,0.9626623376623377,0.9626623376623377,13,34,85,0,0,720
platform_mediation,mixed_bundle__moderate,mixed_bundle,moderate,1260492075,joint_ces,CES,1f5337bc4bc192b4,True,299.42477661823096,0.75,0.5,0.53125,0.16898148148148148,0.5583333333333332,0.9464285714285714,0.9464285714285714,12,35,84,0,0,934
platform_mediation,mixed_bundle__moderate,mixed_bundle,moderate,1260492075,joint_leontief,LEONTIEF,1f5337bc4bc192b4,True,377.89518790858097,0.7291666666666666,0.625,0.625,0.06018518518518518,0.5401041666666667,0.9372294372294372,0.9372294372294372,13,36,82,0,0,908
platform_mediation,mixed_bundle__moderate,mixed_bundle,moderate,66361287,equal,none,02844203d8f4b301,True,,0.7708333333333334,0.625,0.625,0.23863636363636365,0.5682291666666667,0.9398535564853556,0.9398535564853556,11,28,92,0,0,0
platform_mediation,mixed_bundle__moderate,mixed_bundle,moderate,66361287,drf,none,02844203d8f4b301,True,,0.75,0.625,0.625,0.34141414141414145,0.5645833333333333,0.9492677824267782,0.9517566858940745,12,24,92,0,0,0
platform_mediation,mixed_bundle__moderate,mixed_bundle,moderate,66361287,decomposed_cobb_douglas,COBB_DOUGLAS,02844203d8f4b301,True,297.6530049998206,0.75,0.625,0.65625,0.1330808080808081,0.5510416666666668,0.9293933054393305,0.9293933054393305,12,30,88,0,0,0
platform_mediation,mixed_bundle__moderate,mixed_bundle,moderate,66361287,joint_linear,LINEAR,02844203d8f4b301,True,303.82548041530606,0.14583333333333334,0.0,0.0,0.0,0.09895833333333333,0.1589958158995816,0.1589958158995816,41,4,15,0,0,827
platform_mediation,mixed_bundle__moderate,mixed_bundle,moderate,66361287,joint_cobb_douglas,COBB_DOUGLAS,02844203d8f4b301,True,297.6530049998206,0.75,0.625,0.65625,0.1330808080808081,0.5510416666666668,0.9293933054393305,0.9293933054393305,12,30,88,0,0,685
platform_mediation,mixed_bundle__moderate,mixed_bundle,moderate,66361287,joint_ces,CES,02844203d8f4b301,True,300.7230086304036,0.7708333333333334,0.625,0.65625,0.11489898989898989,0.5614583333333334,0.9367154811715481,0.9367154811715481,11,30,90,0,0,684
platform_mediation,mixed_bundle__moderate,mixed_bundle,moderate,66361287,joint_leontief,LEONTIEF,02844203d8f4b301,True,380.139177770136,0.7708333333333334,0.625,0.65625,0.10833333333333334,0.5572916666666666,0.9503138075313807,0.9503138075313807,11,33,89,0,0,607
platform_mediation,mixed_bundle__moderate,mixed_bundle,moderate,2540067495,equal,none,8a68992d31790b31,True,,0.6875,0.5,0.5,0.12103174603174603,0.5208333333333334,0.9273870783304745,0.9273870783304745,15,35,78,0,0,0
platform_mediation,mixed_bundle__moderate,mixed_bundle,moderate,2540067495,drf,none,8a68992d31790b31,True,,0.7708333333333334,0.5,0.53125,0.023809523809523808,0.5567708333333333,0.9588336192109777,0.9621342512908778,11,41,81,0,0,0
platform_mediation,mixed_bundle__moderate,mixed_bundle,moderate,2540067495,decomposed_cobb_douglas,COBB_DOUGLAS,8a68992d31790b31,True,292.8205464572267,0.7083333333333334,0.5,0.53125,0.09623015873015872,0.5276041666666667,0.9502572898799314,0.9502572898799314,14,34,80,0,0,0
platform_mediation,mixed_bundle__moderate,mixed_bundle,moderate,2540067495,joint_linear,LINEAR,8a68992d31790b31,True,299.4229971638622,0.08333333333333333,0.0,0.0,0.0,0.057291666666666664,0.09376786735277301,0.09376786735277301,44,3,8,0,0,684
platform_mediation,mixed_bundle__moderate,mixed_bundle,moderate,2540067495,joint_cobb_douglas,COBB_DOUGLAS,8a68992d31790b31,True,292.8205464572267,0.7083333333333334,0.5,0.53125,0.09623015873015872,0.5276041666666667,0.9502572898799314,0.9502572898799314,14,34,80,0,0,706
platform_mediation,mixed_bundle__moderate,mixed_bundle,moderate,2540067495,joint_ces,CES,8a68992d31790b31,True,296.06942864177904,0.7708333333333334,0.625,0.65625,0.05158730158730159,0.5625,0.9359634076615209,0.9359634076615209,11,41,83,0,0,704
platform_mediation,mixed_bundle__moderate,mixed_bundle,moderate,2540067495,joint_leontief,LEONTIEF,8a68992d31790b31,True,373.7017661383089,0.7291666666666666,0.625,0.625,0.047619047619047616,0.5343749999999999,0.9462550028587764,0.9462550028587764,13,40,78,0,0,682
platform_mediation,mixed_bundle__moderate,mixed_bundle,moderate,1974861942,equal,none,eb36317b6bb089cd,True,,0.75,0.625,0.625,0.27566137566137566,0.5661458333333332,0.9387966804979253,0.9387966804979253,12,30,88,0,0,0
platform_mediation,mixed_bundle__moderate,mixed_bundle,moderate,1974861942,drf,none,eb36317b6bb089cd,True,,0.7916666666666666,0.625,0.625,0.1349206349206349,0.5786458333333333,0.9522821576763485,0.9567483064095883,10,35,92,0,0,0
platform_mediation,mixed_bundle__moderate,mixed_bundle,moderate,1974861942,decomposed_cobb_douglas,COBB_DOUGLAS,eb36317b6bb089cd,True,298.91593204325784,0.7708333333333334,0.625,0.65625,0.12195767195767197,0.56875,0.9600622406639004,0.9600622406639004,11,33,90,0,0,0
platform_mediation,mixed_bundle__moderate,mixed_bundle,moderate,1974861942,joint_linear,LINEAR,eb36317b6bb089cd,True,305.23728124587217,0.10416666666666667,0.0,0.0,0.0,0.065625,0.06639004149377593,0.06639004149377593,43,2,9,0,0,692
platform_mediation,mixed_bundle__moderate,mixed_bundle,moderate,1974861942,joint_cobb_douglas,COBB_DOUGLAS,eb36317b6bb089cd,True,298.9159400583449,0.7708333333333334,0.625,0.65625,0.12195767195767197,0.56875,0.9600622406639004,0.9600622406639004,11,33,90,0,0,672
platform_mediation,mixed_bundle__moderate,mixed_bundle,moderate,1974861942,joint_ces,CES,eb36317b6bb089cd,True,302.01551751489023,0.7708333333333334,0.625,0.65625,0.05555555555555555,0.5619791666666667,0.9434647302904564,0.9434647302904564,11,37,88,0,0,690
platform_mediation,mixed_bundle__moderate,mixed_bundle,moderate,1974861942,joint_leontief,LEONTIEF,eb36317b6bb089cd,True,380.59791605032154,0.7708333333333334,0.625,0.65625,0.1074074074074074,0.5661458333333332,0.9481327800829875,0.9481327800829875,11,34,89,0,0,668
platform_mediation,mixed_bundle__moderate,mixed_bundle,moderate,3381605946,equal,none,0f1c15004e30d377,True,,0.7083333333333334,0.5,0.5,0.046153846153846156,0.5166666666666667,0.939375,0.939375,14,40,73,0,0,0
platform_mediation,mixed_bundle__moderate,mixed_bundle,moderate,3381605946,drf,none,0f1c15004e30d377,True,,0.7083333333333334,0.5,0.5,0.0988095238095238,0.5286458333333334,0.93,0.938801261829653,14,42,71,0,0,0
platform_mediation,mixed_bundle__moderate,mixed_bundle,moderate,3381605946,decomposed_cobb_douglas,COBB_DOUGLAS,0f1c15004e30d377,True,288.01962978254113,0.7083333333333334,0.5,0.5,0.03663003663003663,0.5182291666666667,0.93625,0.93625,14,40,73,0,0,0
platform_mediation,mixed_bundle__moderate,mixed_bundle,moderate,3381605946,joint_linear,LINEAR,0f1c15004e30d377,True,294.2564408624854,0.0625,0.0,0.0,0.0,0.0375,0.04875,0.04875,45,0,6,0,0,721
platform_mediation,mixed_bundle__moderate,mixed_bundle,moderate,3381605946,joint_cobb_douglas,COBB_DOUGLAS,0f1c15004e30d377,True,288.01962978254113,0.7083333333333334,0.5,0.5,0.03663003663003663,0.5182291666666667,0.93625,0.93625,14,40,73,0,0,705
platform_mediation,mixed_bundle__moderate,mixed_bundle,moderate,3381605946,joint_ces,CES,0f1c15004e30d377,True,291.1959351286732,0.7083333333333334,0.5,0.5,0.05897435897435898,0.521875,0.924375,0.924375,14,41,73,0,0,674
platform_mediation,mixed_bundle__moderate,mixed_bundle,moderate,3381605946,joint_leontief,LEONTIEF,0f1c15004e30d377,True,367.94398705548406,0.7083333333333334,0.5,0.5,0.05714285714285714,0.5203125000000001,0.935,0.9355847404627893,14,40,73,0,0,696
platform_mediation,mixed_bundle__moderate,mixed_bundle,moderate,537381346,equal,none,c1f6a09f5fcbc589,True,,0.7083333333333334,0.625,0.625,0.18650793650793648,0.50625,0.918918918918919,0.918918918918919,14,25,76,0,0,0
platform_mediation,mixed_bundle__moderate,mixed_bundle,moderate,537381346,drf,none,c1f6a09f5fcbc589,True,,0.75,0.625,0.65625,0.15277777777777776,0.5208333333333334,0.918918918918919,0.9201623815967523,12,28,79,0,0,0
platform_mediation,mixed_bundle__moderate,mixed_bundle,moderate,537381346,decomposed_cobb_douglas,COBB_DOUGLAS,c1f6a09f5fcbc589,True,279.9393061463435,0.7083333333333334,0.625,0.625,0.16865079365079363,0.5062500000000001,0.918918918918919,0.918918918918919,14,25,76,0,0,0
platform_mediation,mixed_bundle__moderate,mixed_bundle,moderate,537381346,joint_linear,LINEAR,c1f6a09f5fcbc589,True,286.7279189976121,0.08333333333333333,0.0,0.0,0.0,0.053125,0.06891891891891892,0.06891891891891892,44,2,7,0,0,670
platform_mediation,mixed_bundle__moderate,mixed_bundle,moderate,537381346,joint_cobb_douglas,COBB_DOUGLAS,c1f6a09f5fcbc589,True,279.939546167537,0.7291666666666666,0.625,0.65625,0.12103174603174603,0.5140625,0.9236486486486486,0.9236486486486486,13,28,77,0,0,677
platform_mediation,mixed_bundle__moderate,mixed_bundle,moderate,537381346,joint_ces,CES,c1f6a09f5fcbc589,True,283.04984826643084,0.75,0.625,0.65625,0.0,0.5166666666666667,0.9081081081081082,0.9081081081081082,12,34,76,0,0,670
platform_mediation,mixed_bundle__moderate,mixed_bundle,moderate,537381346,joint_leontief,LEONTIEF,c1f6a09f5fcbc589,True,362.7459871557079,0.7291666666666666,0.625,0.65625,0.12261904761904763,0.5182291666666666,0.9358108108108109,0.9358108108108109,13,27,78,0,0,659
platform_mediation,mixed_bundle__moderate,mixed_bundle,moderate,2561106902,equal,none,9b3e0c0b14d12d43,True,,0.7291666666666666,0.625,0.625,0.29431818181818187,0.5437500000000001,0.9129129129129129,0.9129129129129129,13,30,79,0,0,0
platform_mediation,mixed_bundle__moderate,mixed_bundle,moderate,2561106902,drf,none,9b3e0c0b14d12d43,True,,0.7708333333333334,0.625,0.65625,0.13744588744588745,0.5661458333333333,0.9441441441441442,0.9487024743512372,11,36,80,0,0,0
platform_mediation,mixed_bundle__moderate,mixed_bundle,moderate,2561106902,decomposed_cobb_douglas,COBB_DOUGLAS,9b3e0c0b14d12d43,True,289.01665210351024,0.7708333333333334,0.625,0.65625,0.08757215007215007,0.5583333333333333,0.9381381381381382,0.9381381381381382,11,37,80,0,0,0
platform_mediation,mixed_bundle__moderate,mixed_bundle,moderate,2561106902,joint_linear,LINEAR,9b3e0c0b14d12d43,True,295.61747611797364,0.08333333333333333,0.0,0.0,0.0,0.049999999999999996,0.06246246246246246,0.06246246246246246,44,0,8,0,0,696
platform_mediation,mixed_bundle__moderate,mixed_bundle,moderate,2561106902,joint_cobb_douglas,COBB_DOUGLAS,9b3e0c0b14d12d43,True,289.0166619828366,0.7708333333333334,0.625,0.65625,0.08757215007215007,0.5583333333333333,0.9381381381381382,0.9381381381381382,11,37,80,0,0,690
platform_mediation,mixed_bundle__moderate,mixed_bundle,moderate,2561106902,joint_ces,CES,9b3e0c0b14d12d43,True,292.1840789496989,0.7291666666666666,0.5,0.53125,0.12923881673881674,0.5338541666666666,0.9075075075075075,0.9075075075075075,13,35,76,0,0,701
platform_mediation,mixed_bundle__moderate,mixed_bundle,moderate,2561106902,joint_leontief,LEONTIEF,9b3e0c0b14d12d43,True,370.669269563483,0.7708333333333334,0.625,0.65625,0.09709595959595958,0.5583333333333333,0.9381381381381382,0.9381381381381382,11,37,80,0,0,761
platform_mediation,mixed_bundle__moderate,mixed_bundle,moderate,3015100292,equal,none,a64ad89f7794e4ea,True,,0.7291666666666666,0.625,0.625,0.14444444444444443,0.5343749999999999,0.9180035650623886,0.9180035650623886,13,36,77,0,0,0
platform_mediation,mixed_bundle__moderate,mixed_bundle,moderate,3015100292,drf,none,a64ad89f7794e4ea,True,,0.8125,0.5,0.5625,0.027777777777777776,0.5786458333333333,0.9590017825311943,0.9693693693693693,9,43,84,0,0,0
platform_mediation,mixed_bundle__moderate,mixed_bundle,moderate,3015100292,decomposed_cobb_douglas,COBB_DOUGLAS,a64ad89f7794e4ea,True,290.59606268070485,0.7916666666666666,0.625,0.65625,0.08492063492063491,0.5703124999999999,0.9387997623291741,0.9387997623291741,10,39,82,0,0,0
platform_mediation,mixed_bundle__moderate,mixed_bundle,moderate,3015100292,joint_linear,LINEAR,a64ad89f7794e4ea,True,297.24855940786125,0.08333333333333333,0.0,0.0,0.0,0.052083333333333336,0.0748663101604278,0.0748663101604278,44,1,9,0,0,715
platform_mediation,mixed_bundle__moderate,mixed_bundle,moderate,3015100292,joint_cobb_douglas,COBB_DOUGLAS,a64ad89f7794e4ea,True,290.59786568506905,0.7916666666666666,0.625,0.65625,0.08492063492063491,0.5703124999999999,0.9387997623291741,0.9387997623291741,10,39,82,0,0,811
platform_mediation,mixed_bundle__moderate,mixed_bundle,moderate,3015100292,joint_ces,CES,a64ad89f7794e4ea,True,293.7739402992021,0.75,0.625,0.625,0.10007215007215008,0.5499999999999999,0.9245395127748068,0.9245395127748068,12,38,79,0,0,705
platform_mediation,mixed_bundle__moderate,mixed_bundle,moderate,3015100292,joint_leontief,LEONTIEF,a64ad89f7794e4ea,True,371.6025947312839,0.7708333333333334,0.625,0.65625,0.14603174603174604,0.5666666666666667,0.9506833036244801,0.9506833036244801,11,37,82,0,0,739
platform_mediation,mixed_bundle__moderate,mixed_bundle,moderate,1675099036,equal,none,a5b067990d9701c6,True,,0.7083333333333334,0.375,0.4375,0.1875,0.5229166666666666,0.8627225732337737,0.8627225732337737,14,41,71,0,0,0
platform_mediation,mixed_bundle__moderate,mixed_bundle,moderate,1675099036,drf,none,a5b067990d9701c6,True,,0.7708333333333334,0.375,0.46875,0.05601851851851852,0.5760416666666667,0.9276278001148766,0.95,11,44,79,0,0,0
platform_mediation,mixed_bundle__moderate,mixed_bundle,moderate,1675099036,decomposed_cobb_douglas,COBB_DOUGLAS,a5b067990d9701c6,True,293.3235815323921,0.7916666666666666,0.625,0.65625,0.08333333333333333,0.5760416666666667,0.9362435381964388,0.9362435381964388,10,46,79,0,0,0
platform_mediation,mixed_bundle__moderate,mixed_bundle,moderate,1675099036,joint_linear,LINEAR,a5b067990d9701c6,True,299.9674303428778,0.041666666666666664,0.0,0.0,0.0,0.024999999999999998,0.02986789201608271,0.02986789201608271,46,0,4,0,0,718
platform_mediation,mixed_bundle__moderate,mixed_bundle,moderate,1675099036,joint_cobb_douglas,COBB_DOUGLAS,a5b067990d9701c6,True,293.3248008744293,0.8125,0.75,0.75,0.0,0.584375,0.9408385985066055,0.9408385985066055,9,47,80,0,0,865
platform_mediation,mixed_bundle__moderate,mixed_bundle,moderate,1675099036,joint_ces,CES,a5b067990d9701c6,True,296.4538733986194,0.7916666666666666,0.75,0.75,0.22083333333333333,0.5828125000000001,0.9184376794945434,0.9184376794945434,10,42,81,0,0,812
platform_mediation,mixed_bundle__moderate,mixed_bundle,moderate,1675099036,joint_leontief,LEONTIEF,a5b067990d9701c6,True,373.3799595288316,0.8333333333333334,0.75,0.75,0.08333333333333333,0.6041666666666666,0.9649626651349799,0.9649626651349799,8,48,82,0,0,709
platform_mediation,mixed_bundle__moderate,mixed_bundle,moderate,19262330,equal,none,66c8064d316b5093,True,,0.6666666666666666,0.5,0.53125,0.34027777777777785,0.50625,0.8930602957906713,0.8930602957906713,16,28,72,0,0,0
platform_mediation,mixed_bundle__moderate,mixed_bundle,moderate,19262330,drf,none,66c8064d316b5093,True,,0.6875,0.375,0.4375,0.14087301587301584,0.5171875,0.9277588168373151,0.9288154897494305,15,28,76,0,0,0
platform_mediation,mixed_bundle__moderate,mixed_bundle,moderate,19262330,decomposed_cobb_douglas,COBB_DOUGLAS,66c8064d316b5093,True,291.12232447501947,0.7708333333333334,0.625,0.625,0.2351190476190476,0.5666666666666668,0.9607508532423208,0.9607508532423208,11,28,83,0,0,0
platform_mediation,mixed_bundle__moderate,mixed_bundle,moderate,19262330,joint_linear,LINEAR,66c8064d316b5093,True,297.5280644660869,0.10416666666666667,0.0,0.0,0.0,0.06666666666666667,0.10921501706484642,0.10921501706484642,43,1,11,0,0,670
platform_mediation,mixed_bundle__moderate,mixed_bundle,moderate,19262330,joint_cobb_douglas,COBB_DOUGLAS,66c8064d316b5093,True,291.12266537827475,0.7916666666666666,0.625,0.65625,0.2073412698412698,0.5765625,0.962457337883959,0.962457337883959,10,29,84,0,0,721
platform_mediation,mixed_bundle__moderate,mixed_bundle,moderate,19262330,joint_ces,CES,66c8064d316b5093,True,294.11284329308626,0.7083333333333334,0.625,0.625,0.2569444444444444,0.5286458333333333,0.888509670079636,0.888509670079636,14,24,77,0,0,699
platform_mediation,mixed_bundle__moderate,mixed_bundle,moderate,19262330,joint_leontief,LEONTIEF,66c8064d316b5093,True,373.4679794138951,0.75,0.625,0.65625,0.12037037037037036,0.5468749999999999,0.9618885096700797,0.9618885096700797,12,29,81,0,0,672
platform_mediation,mixed_bundle__moderate,mixed_bundle,moderate,1923769296,equal,none,6f752c4fdb5c5f3d,True,,0.6666666666666666,0.625,0.625,0.19047619047619047,0.48541666666666666,0.915129151291513,0.915129151291513,16,24,82,0,0,0
platform_mediation,mixed_bundle__moderate,mixed_bundle,moderate,1923769296,drf,none,6f752c4fdb5c5f3d,True,,0.7291666666666666,0.625,0.625,0.023809523809523808,0.5135416666666667,0.942189421894219,0.9445129469790382,13,32,83,0,0,0
platform_mediation,mixed_bundle__moderate,mixed_bundle,moderate,1923769296,decomposed_cobb_douglas,COBB_DOUGLAS,6f752c4fdb5c5f3d,True,287.45425948872014,0.7083333333333334,0.625,0.625,0.03333333333333333,0.4994791666666667,0.933579335793358,0.933579335793358,14,32,81,0,0,0
platform_mediation,mixed_bundle__moderate,mixed_bundle,moderate,1923769296,joint_linear,LINEAR,6f752c4fdb5c5f3d,True,294.0435481284799,0.125,0.0,0.0,0.0,0.08020833333333334,0.10824108241082411,0.10824108241082411,42,3,12,0,0,698
platform_mediation,mixed_bundle__moderate,mixed_bundle,moderate,1923769296,joint_cobb_douglas,COBB_DOUGLAS,6f752c4fdb5c5f3d,True,287.4545170980002,0.7083333333333334,0.625,0.625,0.03333333333333333,0.4994791666666667,0.933579335793358,0.933579335793358,14,32,81,0,0,704
platform_mediation,mixed_bundle__moderate,mixed_bundle,moderate,1923769296,joint_ces,CES,6f752c4fdb5c5f3d,True,290.7350099472691,0.7291666666666666,0.625,0.625,0.0,0.509375,0.931119311193112,0.931119311193112,13,33,82,0,0,743
platform_mediation,mixed_bundle__moderate,mixed_bundle,moderate,1923769296,joint_leontief,LEONTIEF,6f752c4fdb5c5f3d,True,368.77352180514276,0.7291666666666666,0.625,0.65625,0.05714285714285714,0.5171875,0.9305043050430505,0.9305043050430505,13,33,83,0,0,698
platform_mediation,mixed_bundle__moderate,mixed_bundle,moderate,1535885383,equal,none,cba7d9cca9be85c8,True,,0.6875,0.625,0.625,0.20238095238095236,0.5208333333333333,0.9275270184361093,0.9275270184361093,15,33,73,0,0,0
platform_mediation,mixed_bundle__moderate,mixed_bundle,moderate,1535885383,drf,none,cba7d9cca9be85c8,True,,0.75,0.5,0.5625,0.07268518518518519,0.55,0.9179910998092816,0.9244558258642765,12,41,77,0,0,0
platform_mediation,mixed_bundle__moderate,mixed_bundle,moderate,1535885383,decomposed_cobb_douglas,COBB_DOUGLAS,cba7d9cca9be85c8,True,286.5511679995726,0.75,0.625,0.65625,0.15244708994708991,0.5546875,0.9230769230769231,0.9230769230769231,12,37,76,0,0,0
platform_mediation,mixed_bundle__moderate,mixed_bundle,moderate,1535885383,joint_linear,LINEAR,cba7d9cca9be85c8,True,293.6030078768878,0.10416666666666667,0.0,0.0,0.0,0.06770833333333333,0.09535918626827718,0.09535918626827718,43,3,10,0,0,639
platform_mediation,mixed_bundle__moderate,mixed_bundle,moderate,1535885383,joint_cobb_douglas,COBB_DOUGLAS,cba7d9cca9be85c8,True,286.55369636224145,0.75,0.625,0.65625,0.15244708994708991,0.5546875,0.9230769230769231,0.9230769230769231,12,37,76,0,0,694
platform_mediation,mixed_bundle__moderate,mixed_bundle,moderate,1535885383,joint_ces,CES,cba7d9cca9be85c8,True,289.81811792342876,0.75,0.625,0.625,0.08697089947089946,0.5479166666666666,0.912269548633185,0.912269548633185,12,40,75,0,0,788
platform_mediation,mixed_bundle__moderate,mixed_bundle,moderate,1535885383,joint_leontief,LEONTIEF,cba7d9cca9be85c8,True,366.7989626064302,0.7916666666666666,0.75,0.75,0.044642857142857144,0.5645833333333333,0.9287984742530198,0.9287984742530198,10,43,78,0,0,758
platform_mediation,mixed_bundle__high,mixed_bundle,high,4162176113,equal,none,30d2d5b8f3c213f1,True,,0.5,0.25,0.28125,0.125,0.371875,0.8928247048138056,0.8928247048138056,24,30,49,0,0,4
platform_mediation,mixed_bundle__high,mixed_bundle,high,4162176113,drf,none,30d2d5b8f3c213f1,True,,0.5208333333333334,0.25,0.3125,0.0,0.37291666666666673,0.8846503178928247,0.8894977168949771,23,32,52,0,0,0
platform_mediation,mixed_bundle__high,mixed_bundle,high,4162176113,decomposed_cobb_douglas,COBB_DOUGLAS,30d2d5b8f3c213f1,True,263.52920776729974,0.5208333333333334,0.375,0.375,0.10714285714285714,0.3776041666666667,0.9019073569482289,0.9019073569482289,23,29,53,0,0,0
platform_mediation,mixed_bundle__high,mixed_bundle,high,4162176113,joint_linear,LINEAR,30d2d5b8f3c213f1,True,270.45502955260696,0.041666666666666664,0.0,0.0,0.0,0.030208333333333334,0.0653950953678474,0.0653950953678474,46,3,4,0,0,820
platform_mediation,mixed_bundle__high,mixed_bundle,high,4162176113,joint_cobb_douglas,COBB_DOUGLAS,30d2d5b8f3c213f1,True,263.5306425247715,0.5416666666666666,0.375,0.375,0.08333333333333333,0.3875,0.9046321525885559,0.9046321525885559,22,30,54,0,0,710
platform_mediation,mixed_bundle__high,mixed_bundle,high,4162176113,joint_ces,CES,30d2d5b8f3c213f1,True,266.7797364263332,0.5208333333333334,0.375,0.375,0.18055555555555555,0.3822916666666667,0.9200726612170754,0.9200726612170754,23,26,55,0,0,683
platform_mediation,mixed_bundle__high,mixed_bundle,high,4162176113,joint_leontief,LEONTIEF,30d2d5b8f3c213f1,True,343.2195291415468,0.5416666666666666,0.375,0.375,0.08333333333333333,0.3875,0.9046321525885559,0.9046321525885559,22,30,54,0,0,707
platform_mediation,mixed_bundle__high,mixed_bundle,high,394508018,equal,none,6e5912a657feda54,True,,0.5,0.25,0.28125,0.05555555555555555,0.35260416666666666,0.8584247258225324,0.8584247258225324,24,26,46,0,0,0
platform_mediation,mixed_bundle__high,mixed_bundle,high,394508018,drf,none,6e5912a657feda54,True,,0.5416666666666666,0.375,0.40625,0.041666666666666664,0.3802083333333333,0.9162512462612163,0.91991991991992,22,26,53,0,0,0
platform_mediation,mixed_bundle__high,mixed_bundle,high,394508018,decomposed_cobb_douglas,COBB_DOUGLAS,6e5912a657feda54,True,257.0029842031391,0.5208333333333334,0.375,0.375,0.027777777777777776,0.3671875,0.9062811565304087,0.9062811565304087,23,27,49,0,0,0
platform_mediation,mixed_bundle__high,mixed_bundle,high,394508018,joint_linear,LINEAR,6e5912a657feda54,True,264.21312176535986,0.0,0.0,0.0,0.0,0.0,0.0,0.0,48,0,0,0,0,697
platform_mediation,mixed_bundle__high,mixed_bundle,high,394508018,joint_cobb_douglas,COBB_DOUGLAS,6e5912a657feda54,True,257.0029842031391,0.5208333333333334,0.375,0.375,0.027777777777777776,0.3671875,0.9062811565304087,0.9062811565304087,23,27,49,0,0,730
platform_mediation,mixed_bundle__high,mixed_bundle,high,394508018,joint_ces,CES,6e5912a657feda54,True,259.96608211156484,0.4583333333333333,0.25,0.28125,0.041666666666666664,0.32604166666666673,0.8384845463609173,0.8384845463609173,26,23,48,0,0,724
platform_mediation,mixed_bundle__high,mixed_bundle,high,394508018,joint_leontief,LEONTIEF,6e5912a657feda54,True,336.73988242158424,0.5,0.25,0.28125,0.0,0.3510416666666667,0.8813559322033898,0.8813559322033898,24,27,48,0,0,685
platform_mediation,mixed_bundle__high,mixed_bundle,high,4206876822,equal,none,a3c7ad3037f38141,True,,0.5,0.375,0.375,0.2222222222222222,0.3567708333333333,0.9048888888888889,0.9048888888888889,24,19,55,0,0,0
platform_mediation,mixed_bundle__high,mixed_bundle,high,4206876822,drf,none,a3c7ad3037f38141,True,,0.5208333333333334,0.375,0.40625,0.041666666666666664,0.3677083333333333,0.9031111111111111,0.9039145907473309,23,24,55,0,0,0
platform_mediation,mixed_bundle__high,mixed_bundle,high,4206876822,decomposed_cobb_douglas,COBB_DOUGLAS,a3c7ad3037f38141,True,262.17507117312584,0.5,0.375,0.375,0.18055555555555555,0.3541666666666667,0.9306666666666666,0.9306666666666666,24,18,57,0,0,0
platform_mediation,mixed_bundle__high,mixed_bundle,high,4206876822,joint_linear,LINEAR,a3c7ad3037f38141,True,269.6522304072871,0.041666666666666664,0.0,0.0,0.0,0.024999999999999998,0.04622222222222222,0.04622222222222222,46,0,4,0,0,781
platform_mediation,mixed_bundle__high,mixed_bundle,high,4206876822,joint_cobb_douglas,COBB_DOUGLAS,a3c7ad3037f38141,True,262.1770483369357,0.5,0.375,0.375,0.18055555555555555,0.3541666666666667,0.9306666666666666,0.9306666666666666,24,18,57,0,0,730
platform_mediation,mixed_bundle__high,mixed_bundle,high,4206876822,joint_ces,CES,a3c7ad3037f38141,True,265.36967710148326,0.4791666666666667,0.375,0.375,0.125,0.346875,0.8728888888888889,0.8728888888888889,25,23,52,0,0,763
platform_mediation,mixed_bundle__high,mixed_bundle,high,4206876822,joint_leontief,LEONTIEF,a3c7ad3037f38141,True,344.37478321044495,0.5416666666666666,0.375,0.375,0.0,0.37604166666666666,0.9102222222222223,0.9102222222222223,22,25,56,0,0,692
platform_mediation,mixed_bundle__high,mixed_bundle,high,3710309500,equal,none,4c38e9d89dea9370,True,,0.4166666666666667,0.25,0.28125,0.25,0.315625,0.8961447678992919,0.8961447678992919,28,16,53,0,0,0
platform_mediation,mixed_bundle__high,mixed_bundle,high,3710309500,drf,none,4c38e9d89dea9370,True,,0.4375,0.25,0.28125,0.375,0.33749999999999997,0.898505114083399,0.9020537124802528,27,15,55,0,0,0
platform_mediation,mixed_bundle__high,mixed_bundle,high,3710309500,decomposed_cobb_douglas,COBB_DOUGLAS,4c38e9d89dea9370,True,270.2648518851783,0.4375,0.25,0.28125,0.4166666666666667,0.33697916666666666,0.918174665617624,0.918174665617624,27,12,57,0,0,0
platform_mediation,mixed_bundle__high,mixed_bundle,high,3710309500,joint_linear,LINEAR,4c38e9d89dea9370,True,276.67302182790104,0.020833333333333332,0.0,0.0,0.0,0.012499999999999999,0.020456333595594022,0.020456333595594022,47,0,2,0,0,702
platform_mediation,mixed_bundle__high,mixed_bundle,high,3710309500,joint_cobb_douglas,COBB_DOUGLAS,4c38e9d89dea9370,True,270.2651341314354,0.4375,0.25,0.28125,0.375,0.33749999999999997,0.898505114083399,0.898505114083399,27,15,55,0,0,703
platform_mediation,mixed_bundle__high,mixed_bundle,high,3710309500,joint_ces,CES,4c38e9d89dea9370,True,273.3211471188837,0.5,0.375,0.375,0.20833333333333334,0.3677083333333333,0.9260424862313139,0.9260424862313139,24,19,58,0,0,736
platform_mediation,mixed_bundle__high,mixed_bundle,high,3710309500,joint_leontief,LEONTIEF,4c38e9d89dea9370,True,352.8851664214494,0.3958333333333333,0.25,0.28125,0.25,0.30364583333333334,0.8898505114083399,0.8898505114083399,29,15,52,0,0,753
platform_mediation,mixed_bundle__high,mixed_bundle,high,1497876701,equal,none,dd678ff673a59e78,True,,0.4791666666666667,0.375,0.375,0.07936507936507936,0.3567708333333333,0.8597402597402597,0.8597402597402597,25,29,49,0,0,0
platform_mediation,mixed_bundle__high,mixed_bundle,high,1497876701,drf,none,dd678ff673a59e78,True,,0.5208333333333334,0.375,0.375,0.16666666666666666,0.38958333333333334,0.8987012987012987,0.8987012987012987,23,29,55,0,0,0
platform_mediation,mixed_bundle__high,mixed_bundle,high,1497876701,decomposed_cobb_douglas,COBB_DOUGLAS,dd678ff673a59e78,True,265.8173334692281,0.5,0.375,0.375,0.07936507936507936,0.36822916666666666,0.896969696969697,0.896969696969697,24,28,53,0,0,0
platform_mediation,mixed_bundle__high,mixed_bundle,high,1497876701,joint_linear,LINEAR,dd678ff673a59e78,True,272.6447464216806,0.020833333333333332,0.0,0.0,0.0,0.012499999999999999,0.022510822510822513,0.022510822510822513,47,0,2,0,0,826
platform_mediation,mixed_bundle__high,mixed_bundle,high,1497876701,joint_cobb_douglas,COBB_DOUGLAS,dd678ff673a59e78,True,265.81777112700644,0.5,0.375,0.375,0.07936507936507936,0.36822916666666666,0.896969696969697,0.896969696969697,24,28,53,0,0,737
platform_mediation,mixed_bundle__high,mixed_bundle,high,1497876701,joint_ces,CES,dd678ff673a59e78,True,269.15012163476956,0.5208333333333334,0.375,0.375,0.07936507936507936,0.3807291666666666,0.9194805194805195,0.9194805194805195,23,28,55,0,0,719
platform_mediation,mixed_bundle__high,mixed_bundle,high,1497876701,joint_leontief,LEONTIEF,dd678ff673a59e78,True,345.9479153933981,0.5,0.375,0.375,0.023809523809523808,0.36093749999999997,0.9038961038961039,0.9038961038961039,24,28,54,0,0,687
platform_mediation,mixed_bundle__high,mixed_bundle,high,1508980383,equal,none,61fbaded9f94a4e9,True,,0.5208333333333334,0.375,0.40625,0.0,0.3666666666666667,0.899904671115348,0.899904671115348,23,27,47,0,0,0
platform_mediation,mixed_bundle__high,mixed_bundle,high,1508980383,drf,none,61fbaded9f94a4e9,True,,0.5,0.375,0.375,0.05555555555555555,0.3583333333333334,0.892278360343184,0.8948374760994264,24,26,46,0,0,0
platform_mediation,mixed_bundle__high,mixed_bundle,high,1508980383,decomposed_cobb_douglas,COBB_DOUGLAS,61fbaded9f94a4e9,True,256.65721302290046,0.4791666666666667,0.375,0.375,0.05555555555555555,0.3427083333333332,0.8693994280266921,0.8693994280266921,25,24,45,0,0,0
platform_mediation,mixed_bundle__high,mixed_bundle,high,1508980383,joint_linear,LINEAR,61fbaded9f94a4e9,True,262.92253914737086,0.0625,0.0,0.0,0.0,0.03958333333333333,0.09532888465204957,0.09532888465204957,45,1,7,0,0,695
platform_mediation,mixed_bundle__high,mixed_bundle,high,1508980383,joint_cobb_douglas,COBB_DOUGLAS,61fbaded9f94a4e9,True,256.65721302290046,0.4791666666666667,0.375,0.375,0.05555555555555555,0.3427083333333332,0.8693994280266921,0.8693994280266921,25,24,45,0,0,672
platform_mediation,mixed_bundle__high,mixed_bundle,high,1508980383,joint_ces,CES,61fbaded9f94a4e9,True,259.5404619783227,0.4791666666666667,0.375,0.375,0.08888888888888889,0.3453124999999999,0.8913250714966635,0.8913250714966635,25,23,46,0,0,689
platform_mediation,mixed_bundle__high,mixed_bundle,high,1508980383,joint_leontief,LEONTIEF,61fbaded9f94a4e9,True,339.9165292375036,0.4791666666666667,0.375,0.375,0.0,0.3416666666666666,0.8503336510962822,0.8503336510962822,25,27,43,0,0,744
platform_mediation,mixed_bundle__high,mixed_bundle,high,3407898902,equal,none,d8ecd8f3c83a9bf9,True,,0.5833333333333334,0.5,0.5,0.0,0.4114583333333333,0.9181561618062088,0.9181561618062088,20,33,50,0,0,0
platform_mediation,mixed_bundle__high,mixed_bundle,high,3407898902,drf,none,d8ecd8f3c83a9bf9,True,,0.5208333333333334,0.25,0.3125,0.041666666666666664,0.37604166666666666,0.8908748824082785,0.9001901140684411,23,29,48,0,0,0
platform_mediation,mixed_bundle__high,mixed_bundle,high,3407898902,decomposed_cobb_douglas,COBB_DOUGLAS,d8ecd8f3c83a9bf9,True,259.63079319343854,0.5416666666666666,0.5,0.5,0.041666666666666664,0.3885416666666666,0.9153339604891816,0.9153339604891816,22,29,50,0,0,0
platform_mediation,mixed_bundle__high,mixed_bundle,high,3407898902,joint_linear,LINEAR,d8ecd8f3c83a9bf9,True,266.77045566667016,0.020833333333333332,0.0,0.0,0.0,0.012499999999999999,0.024459078080903106,0.024459078080903106,47,0,2,0,0,804
platform_mediation,mixed_bundle__high,mixed_bundle,high,3407898902,joint_cobb_douglas,COBB_DOUGLAS,d8ecd8f3c83a9bf9,True,259.63841290453036,0.5416666666666666,0.5,0.5,0.041666666666666664,0.3885416666666666,0.9153339604891816,0.9153339604891816,22,29,50,0,0,785
platform_mediation,mixed_bundle__high,mixed_bundle,high,3407898902,joint_ces,CES,d8ecd8f3c83a9bf9,True,262.70800184214033,0.5208333333333334,0.375,0.40625,0.041666666666666664,0.37604166666666666,0.8908748824082785,0.8908748824082785,23,29,48,0,0,797
platform_mediation,mixed_bundle__high,mixed_bundle,high,3407898902,joint_leontief,LEONTIEF,d8ecd8f3c83a9bf9,True,341.11438930912175,0.5208333333333334,0.5,0.5,0.03333333333333333,0.37395833333333334,0.8861712135465664,0.8861712135465664,23,29,48,0,0,782
platform_mediation,mixed_bundle__high,mixed_bundle,high,1980055254,equal,none,9e60b6512ae6592e,True,,0.5416666666666666,0.375,0.40625,0.16666666666666666,0.38958333333333334,0.9136807817589576,0.9136807817589576,22,23,60,0,0,0
platform_mediation,mixed_bundle__high,mixed_bundle,high,1980055254,drf,none,9e60b6512ae6592e,True,,0.6041666666666666,0.5,0.5,0.05555555555555555,0.42760416666666673,0.9291530944625407,0.9337152209492635,19,31,61,0,0,0
platform_mediation,mixed_bundle__high,mixed_bundle,high,1980055254,decomposed_cobb_douglas,COBB_DOUGLAS,9e60b6512ae6592e,True,268.5569929699966,0.5833333333333334,0.375,0.40625,0.05555555555555555,0.4088541666666667,0.9169381107491856,0.9169381107491856,20,27,61,0,0,0
platform_mediation,mixed_bundle__high,mixed_bundle,high,1980055254,joint_linear,LINEAR,9e60b6512ae6592e,True,275.4167043973121,0.020833333333333332,0.0,0.0,0.0,0.012499999999999999,0.021172638436482084,0.021172638436482084,47,0,2,0,0,662
platform_mediation,mixed_bundle__high,mixed_bundle,high,1980055254,joint_cobb_douglas,COBB_DOUGLAS,9e60b6512ae6592e,True,268.5579360521406,0.5833333333333334,0.375,0.40625,0.05555555555555555,0.4088541666666667,0.9169381107491856,0.9169381107491856,20,27,61,0,0,704
platform_mediation,mixed_bundle__high,mixed_bundle,high,1980055254,joint_ces,CES,9e60b6512ae6592e,True,271.66694664386824,0.5833333333333334,0.5,0.5,0.05555555555555555,0.4088541666666667,0.8965798045602605,0.8965798045602605,20,28,62,0,0,689
platform_mediation,mixed_bundle__high,mixed_bundle,high,1980055254,joint_leontief,LEONTIEF,9e60b6512ae6592e,True,350.28213206277024,0.5625,0.375,0.40625,0.05555555555555555,0.3932291666666667,0.8973941368078175,0.8973941368078175,21,25,60,0,0,713
platform_mediation,mixed_bundle__high,mixed_bundle,high,1946194863,equal,none,cb2c7b2d8913d4f0,True,,0.5,0.375,0.40625,0.2916666666666667,0.3802083333333333,0.9178628389154705,0.9178628389154705,24,22,59,0,0,0
platform_mediation,mixed_bundle__high,mixed_bundle,high,1946194863,drf,none,cb2c7b2d8913d4f0,True,,0.5416666666666666,0.375,0.375,0.21527777777777776,0.39427083333333335,0.930622009569378,0.9373493975903614,22,23,62,0,0,0
platform_mediation,mixed_bundle__high,mixed_bundle,high,1946194863,decomposed_cobb_douglas,COBB_DOUGLAS,cb2c7b2d8913d4f0,True,270.1003201445427,0.5416666666666666,0.375,0.40625,0.125,0.3958333333333333,0.9146730462519936,0.9146730462519936,22,27,59,0,0,0
platform_mediation,mixed_bundle__high,mixed_bundle,high,1946194863,joint_linear,LINEAR,cb2c7b2d8913d4f0,True,277.1193667862601,0.020833333333333332,0.0,0.0,0.0,0.012499999999999999,0.02073365231259968,0.02073365231259968,47,0,2,0,0,675
platform_mediation,mixed_bundle__high,mixed_bundle,high,1946194863,joint_cobb_douglas,COBB_DOUGLAS,cb2c7b2d8913d4f0,True,270.1047010222919,0.5416666666666666,0.375,0.40625,0.125,0.3958333333333333,0.9146730462519936,0.9146730462519936,22,27,59,0,0,720
platform_mediation,mixed_bundle__high,mixed_bundle,high,1946194863,joint_ces,CES,cb2c7b2d8913d4f0,True,273.2301070670286,0.5416666666666666,0.375,0.40625,0.08333333333333333,0.3854166666666667,0.9170653907496013,0.9170653907496013,22,25,61,0,0,739
platform_mediation,mixed_bundle__high,mixed_bundle,high,1946194863,joint_leontief,LEONTIEF,cb2c7b2d8913d4f0,True,351.7363601767908,0.5416666666666666,0.375,0.40625,0.08333333333333333,0.390625,0.919457735247209,0.919457735247209,22,27,60,0,0,694
platform_mediation,mixed_bundle__high,mixed_bundle,high,3937911054,equal,none,16aca2d452a854c1,True,,0.5,0.25,0.25,0.16666666666666666,0.3635416666666667,0.9205569205569205,0.9205569205569205,24,20,57,0,0,0
platform_mediation,mixed_bundle__high,mixed_bundle,high,3937911054,drf,none,16aca2d452a854c1,True,,0.5625,0.25,0.3125,0.125,0.4052083333333334,0.918918918918919,0.9219391947411668,21,27,58,0,0,0
platform_mediation,mixed_bundle__high,mixed_bundle,high,3937911054,decomposed_cobb_douglas,COBB_DOUGLAS,16aca2d452a854c1,True,268.2429947599398,0.5833333333333334,0.25,0.3125,0.16666666666666666,0.41979166666666673,0.9443079443079443,0.9443079443079443,20,27,60,0,0,0
platform_mediation,mixed_bundle__high,mixed_bundle,high,3937911054,joint_linear,LINEAR,16aca2d452a854c1,True,274.9982997661644,0.0625,0.0,0.0,0.08333333333333333,0.04791666666666666,0.11875511875511875,0.11875511875511875,45,1,9,0,0,669
platform_mediation,mixed_bundle__high,mixed_bundle,high,3937911054,joint_cobb_douglas,COBB_DOUGLAS,16aca2d452a854c1,True,268.24312959017624,0.5833333333333334,0.25,0.3125,0.16666666666666666,0.41979166666666673,0.9443079443079443,0.9443079443079443,20,27,60,0,0,667
platform_mediation,mixed_bundle__high,mixed_bundle,high,3937911054,joint_ces,CES,16aca2d452a854c1,True,271.4107835073527,0.5833333333333334,0.25,0.3125,0.11666666666666665,0.4171875,0.9246519246519247,0.9246519246519247,20,28,58,0,0,657
platform_mediation,mixed_bundle__high,mixed_bundle,high,3937911054,joint_leontief,LEONTIEF,16aca2d452a854c1,True,349.8946003669987,0.5416666666666666,0.25,0.3125,0.21851851851851853,0.39947916666666666,0.923013923013923,0.923013923013923,22,24,57,0,0,720
platform_mediation,mixed_bundle__high,mixed_bundle,high,3266737300,equal,none,323a406935d59208,True,,0.5416666666666666,0.5,0.5,0.17380952380952383,0.39843749999999994,0.9312,0.9312,22,23,58,0,0,0
platform_mediation,mixed_bundle__high,mixed_bundle,high,3266737300,drf,none,323a406935d59208,True,,0.5833333333333334,0.375,0.40625,0.05714285714285714,0.41770833333333335,0.9304,0.9326383319967922,20,29,59,0,0,0
platform_mediation,mixed_bundle__high,mixed_bundle,high,3266737300,decomposed_cobb_douglas,COBB_DOUGLAS,323a406935d59208,True,269.4307056067492,0.5625,0.5,0.5,0.0988095238095238,0.409375,0.9296,0.9296,21,28,58,0,0,0
platform_mediation,mixed_bundle__high,mixed_bundle,high,3266737300,joint_linear,LINEAR,323a406935d59208,True,275.6479194918566,0.020833333333333332,0.0,0.0,0.0,0.012499999999999999,0.0208,0.0208,47,0,2,0,0,685
platform_mediation,mixed_bundle__high,mixed_bundle,high,3266737300,joint_cobb_douglas,COBB_DOUGLAS,323a406935d59208,True,269.43070560674914,0.5625,0.5,0.5,0.0988095238095238,0.409375,0.9296,0.9296,21,28,58,0,0,715
platform_mediation,mixed_bundle__high,mixed_bundle,high,3266737300,joint_ces,CES,323a406935d59208,True,272.49844329172606,0.5625,0.5,0.5,0.0988095238095238,0.40625,0.9312,0.9312,21,26,59,0,0,738
platform_mediation,mixed_bundle__high,mixed_bundle,high,3266737300,joint_leontief,LEONTIEF,323a406935d59208,True,351.6853681676083,0.5416666666666666,0.375,0.40625,0.18214285714285713,0.39791666666666664,0.9192,0.9192,22,25,58,0,0,706
platform_mediation,mixed_bundle__high,mixed_bundle,high,3112584111,equal,none,bc1241b830c625ea,True,,0.5625,0.5,0.5,0.20436507936507933,0.4244791666666667,0.9223221586263287,0.9223221586263287,21,24,63,0,0,0
platform_mediation,mixed_bundle__high,mixed_bundle,high,3112584111,drf,none,bc1241b830c625ea,True,,0.5625,0.5,0.5,0.07936507936507936,0.3953125,0.9206868356500408,0.9221949221949222,21,22,65,0,0,0
platform_mediation,mixed_bundle__high,mixed_bundle,high,3112584111,decomposed_cobb_douglas,COBB_DOUGLAS,bc1241b830c625ea,True,269.2555126114003,0.5833333333333334,0.5,0.5,0.05555555555555555,0.4145833333333333,0.9329517579721995,0.9329517579721995,20,28,62,0,0,0
platform_mediation,mixed_bundle__high,mixed_bundle,high,3112584111,joint_linear,LINEAR,bc1241b830c625ea,True,276.0668523316213,0.020833333333333332,0.0,0.0,0.0,0.012499999999999999,0.02125919869174162,0.02125919869174162,47,0,2,0,0,682
platform_mediation,mixed_bundle__high,mixed_bundle,high,3112584111,joint_cobb_douglas,COBB_DOUGLAS,bc1241b830c625ea,True,269.2555126114003,0.5833333333333334,0.5,0.5,0.05555555555555555,0.4145833333333333,0.9329517579721995,0.9329517579721995,20,28,62,0,0,683
platform_mediation,mixed_bundle__high,mixed_bundle,high,3112584111,joint_ces,CES,bc1241b830c625ea,True,272.50387493234365,0.5208333333333334,0.375,0.40625,0.1349206349206349,0.3776041666666666,0.8830744071954211,0.8830744071954211,23,22,60,0,0,677
platform_mediation,mixed_bundle__high,mixed_bundle,high,3112584111,joint_leontief,LEONTIEF,bc1241b830c625ea,True,350.3447409097003,0.5833333333333334,0.5,0.5,0.121031746031746,0.42291666666666666,0.9623875715453802,0.9623875715453802,20,26,64,0,0,698
platform_mediation,mixed_bundle__high,mixed_bundle,high,274528084,equal,none,53605a720af51892,True,,0.5,0.375,0.375,0.0,0.3531249999999999,0.8924914675767918,0.8924914675767918,24,26,59,0,0,0
platform_mediation,mixed_bundle__high,mixed_bundle,high,274528084,drf,none,53605a720af51892,True,,0.4583333333333333,0.25,0.28125,0.2222222222222222,0.3395833333333333,0.8626279863481229,0.8753246753246753,26,25,55,0,0,0
platform_mediation,mixed_bundle__high,mixed_bundle,high,274528084,decomposed_cobb_douglas,COBB_DOUGLAS,53605a720af51892,True,267.961142714963,0.5,0.375,0.375,0.13888888888888887,0.3666666666666667,0.9112627986348123,0.9112627986348123,24,25,59,0,0,0
platform_mediation,mixed_bundle__high,mixed_bundle,high,274528084,joint_linear,LINEAR,53605a720af51892,True,274.7968879420343,0.0625,0.0,0.0,0.0,0.04583333333333334,0.08191126279863481,0.08191126279863481,45,5,5,0,0,701
platform_mediation,mixed_bundle__high,mixed_bundle,high,274528084,joint_cobb_douglas,COBB_DOUGLAS,53605a720af51892,True,267.9637781747994,0.5,0.375,0.375,0.13888888888888887,0.3666666666666667,0.9112627986348123,0.9112627986348123,24,25,59,0,0,657
platform_mediation,mixed_bundle__high,mixed_bundle,high,274528084,joint_ces,CES,53605a720af51892,True,271.22863672482896,0.5,0.375,0.375,0.05555555555555555,0.36354166666666665,0.9052901023890785,0.9052901023890785,24,27,56,0,0,672
platform_mediation,mixed_bundle__high,mixed_bundle,high,274528084,joint_leontief,LEONTIEF,53605a720af51892,True,346.93286886002534,0.5,0.375,0.40625,0.1111111111111111,0.3635416666666667,0.9129692832764505,0.9129692832764505,24,23,60,0,0,650
platform_mediation,mixed_bundle__high,mixed_bundle,high,1306137568,equal,none,7a680282c884aa98,True,,0.5416666666666666,0.375,0.40625,0.06547619047619048,0.40156250000000004,0.9313432835820895,0.9313432835820895,22,28,57,0,0,0
platform_mediation,mixed_bundle__high,mixed_bundle,high,1306137568,drf,none,7a680282c884aa98,True,,0.5,0.25,0.3125,0.1126984126984127,0.37656249999999997,0.9253731343283582,0.9267563527653214,24,24,57,0,0,0
platform_mediation,mixed_bundle__high,mixed_bundle,high,1306137568,decomposed_cobb_douglas,COBB_DOUGLAS,7a680282c884aa98,True,274.4758046454417,0.5208333333333334,0.375,0.40625,0.06547619047619048,0.3880208333333333,0.9298507462686567,0.9298507462686567,23,27,57,0,0,0
platform_mediation,mixed_bundle__high,mixed_bundle,high,1306137568,joint_linear,LINEAR,7a680282c884aa98,True,281.01915867767127,0.041666666666666664,0.0,0.0,0.0,0.024999999999999998,0.03880597014925373,0.03880597014925373,46,0,4,0,0,675
platform_mediation,mixed_bundle__high,mixed_bundle,high,1306137568,joint_cobb_douglas,COBB_DOUGLAS,7a680282c884aa98,True,274.47591002429687,0.5208333333333334,0.375,0.40625,0.023809523809523808,0.38385416666666666,0.9291044776119403,0.9291044776119403,23,29,57,0,0,703
platform_mediation,mixed_bundle__high,mixed_bundle,high,1306137568,joint_ces,CES,7a680282c884aa98,True,277.5940006932233,0.5208333333333334,0.375,0.40625,0.1126984126984127,0.39010416666666664,0.9186567164179105,0.9186567164179105,23,26,58,0,0,708
platform_mediation,mixed_bundle__high,mixed_bundle,high,1306137568,joint_leontief,LEONTIEF,7a680282c884aa98,True,356.39843703395445,0.5208333333333334,0.375,0.40625,0.06547619047619048,0.3880208333333333,0.9298507462686567,0.9298507462686567,23,27,57,0,0,707
platform_mediation,mixed_bundle__high,mixed_bundle,high,920931360,equal,none,5b78668a817b312b,True,,0.5,0.375,0.40625,0.18333333333333335,0.3687500000000001,0.9205569205569205,0.9205569205569205,24,20,55,0,0,0
platform_mediation,mixed_bundle__high,mixed_bundle,high,920931360,drf,none,5b78668a817b312b,True,,0.5208333333333334,0.375,0.375,0.18611111111111112,0.3796875,0.9099099099099099,0.9121510673234812,23,20,60,0,0,0
platform_mediation,mixed_bundle__high,mixed_bundle,high,920931360,decomposed_cobb_douglas,COBB_DOUGLAS,5b78668a817b312b,True,268.02616844843675,0.5416666666666666,0.375,0.40625,0.17777777777777778,0.39375000000000004,0.9279279279279279,0.9279279279279279,22,22,61,0,0,0
platform_mediation,mixed_bundle__high,mixed_bundle,high,920931360,joint_linear,LINEAR,5b78668a817b312b,True,274.9630367739185,0.020833333333333332,0.0,0.0,0.0,0.012499999999999999,0.021294021294021293,0.021294021294021293,47,0,2,0,0,679
platform_mediation,mixed_bundle__high,mixed_bundle,high,920931360,joint_cobb_douglas,COBB_DOUGLAS,5b78668a817b312b,True,268.0264243239396,0.5416666666666666,0.375,0.40625,0.17777777777777778,0.39375000000000004,0.9279279279279279,0.9279279279279279,22,22,61,0,0,686
platform_mediation,mixed_bundle__high,mixed_bundle,high,920931360,joint_ces,CES,5b78668a817b312b,True,271.1668441636764,0.5416666666666666,0.375,0.40625,0.10277777777777779,0.3880208333333333,0.9107289107289107,0.9107289107289107,22,21,61,0,0,657
platform_mediation,mixed_bundle__high,mixed_bundle,high,920931360,joint_leontief,LEONTIEF,5b78668a817b312b,True,350.1675456368397,0.5208333333333334,0.375,0.375,0.26944444444444443,0.38593750000000004,0.9287469287469288,0.9287469287469288,23,19,61,0,0,708
platform_mediation,mixed_bundle__high,mixed_bundle,high,1792570760,equal,none,c3cae9801faaaefc,True,,0.5833333333333334,0.375,0.40625,0.0,0.4072916666666668,0.9153488372093024,0.9153488372093024,20,31,54,0,0,0
platform_mediation,mixed_bundle__high,mixed_bundle,high,1792570760,drf,none,c3cae9801faaaefc,True,,0.5416666666666666,0.375,0.40625,0.08333333333333333,0.3890624999999999,0.9283720930232559,0.9344569288389513,22,28,51,0,0,0
platform_mediation,mixed_bundle__high,mixed_bundle,high,1792570760,decomposed_cobb_douglas,COBB_DOUGLAS,c3cae9801faaaefc,True,260.28301290126416,0.5833333333333334,0.375,0.40625,0.0,0.4104166666666667,0.9134883720930232,0.9134883720930232,20,33,53,0,0,0
platform_mediation,mixed_bundle__high,mixed_bundle,high,1792570760,joint_linear,LINEAR,c3cae9801faaaefc,True,266.65841381379664,0.08333333333333333,0.0,0.0,0.0,0.06041666666666667,0.13395348837209303,0.13395348837209303,44,6,8,0,0,615
platform_mediation,mixed_bundle__high,mixed_bundle,high,1792570760,joint_cobb_douglas,COBB_DOUGLAS,c3cae9801faaaefc,True,260.28261382586913,0.5833333333333334,0.375,0.40625,0.0,0.4104166666666667,0.9134883720930232,0.9134883720930232,20,33,53,0,0,665
platform_mediation,mixed_bundle__high,mixed_bundle,high,1792570760,joint_ces,CES,c3cae9801faaaefc,True,263.318286807769,0.5416666666666666,0.375,0.40625,0.027777777777777776,0.3848958333333334,0.8948837209302326,0.8948837209302326,22,30,51,0,0,667
platform_mediation,mixed_bundle__high,mixed_bundle,high,1792570760,joint_leontief,LEONTIEF,c3cae9801faaaefc,True,341.87057869483976,0.5416666666666666,0.25,0.28125,0.0,0.38333333333333336,0.9265116279069767,0.9265116279069767,22,30,52,0,0,683
platform_mediation,mixed_bundle__high,mixed_bundle,high,3151678530,equal,none,542b403a74db736d,True,,0.5416666666666666,0.375,0.375,0.11666666666666665,0.3833333333333333,0.9197860962566845,0.9197860962566845,22,21,59,0,0,0
platform_mediation,mixed_bundle__high,mixed_bundle,high,3151678530,drf,none,542b403a74db736d,True,,0.5416666666666666,0.375,0.40625,0.13055555555555554,0.390625,0.9188948306595366,0.9213583556747096,22,21,58,0,0,0
platform_mediation,mixed_bundle__high,mixed_bundle,high,3151678530,decomposed_cobb_douglas,COBB_DOUGLAS,542b403a74db736d,True,262.2060399154936,0.5416666666666666,0.375,0.375,0.11666666666666665,0.38125000000000003,0.9153297682709447,0.9153297682709447,22,21,59,0,0,0
platform_mediation,mixed_bundle__high,mixed_bundle,high,3151678530,joint_linear,LINEAR,542b403a74db736d,True,269.06030227756526,0.041666666666666664,0.0,0.0,0.0,0.02708333333333333,0.0659536541889483,0.0659536541889483,46,1,5,0,0,675
platform_mediation,mixed_bundle__high,mixed_bundle,high,3151678530,joint_cobb_douglas,COBB_DOUGLAS,542b403a74db736d,True,262.20719229199534,0.5416666666666666,0.375,0.375,0.11666666666666665,0.378125,0.9171122994652406,0.9171122994652406,22,19,60,0,0,682
platform_mediation,mixed_bundle__high,mixed_bundle,high,3151678530,joint_ces,CES,542b403a74db736d,True,265.36340503972303,0.5416666666666666,0.375,0.40625,0.10000000000000002,0.3848958333333334,0.8894830659536542,0.8894830659536542,22,21,58,0,0,657
platform_mediation,mixed_bundle__high,mixed_bundle,high,3151678530,joint_leontief,LEONTIEF,542b403a74db736d,True,344.15705110853105,0.5416666666666666,0.375,0.40625,0.075,0.38125000000000003,0.9153297682709447,0.9153297682709447,22,21,59,0,0,658
platform_mediation,mixed_bundle__high,mixed_bundle,high,4329085,equal,none,aab9407c28b81925,True,,0.5,0.375,0.375,0.2222222222222222,0.35989583333333336,0.8943598925693823,0.8943598925693823,24,20,53,0,0,0
platform_mediation,mixed_bundle__high,mixed_bundle,high,4329085,drf,none,aab9407c28b81925,True,,0.4791666666666667,0.375,0.40625,0.08333333333333333,0.33958333333333335,0.8809310653536258,0.8953594176524113,25,21,51,0,0,0
platform_mediation,mixed_bundle__high,mixed_bundle,high,4329085,decomposed_cobb_douglas,COBB_DOUGLAS,aab9407c28b81925,True,261.7628351070025,0.4791666666666667,0.375,0.375,0.2222222222222222,0.34947916666666673,0.900626678603402,0.900626678603402,25,20,51,0,0,0
platform_mediation,mixed_bundle__high,mixed_bundle,high,4329085,joint_linear,LINEAR,aab9407c28b81925,True,268.7935919796749,0.041666666666666664,0.0,0.0,0.0,0.024999999999999998,0.046553267681289166,0.046553267681289166,46,0,4,0,0,656
platform_mediation,mixed_bundle__high,mixed_bundle,high,4329085,joint_cobb_douglas,COBB_DOUGLAS,aab9407c28b81925,True,261.7635206299572,0.4791666666666667,0.375,0.375,0.2222222222222222,0.34947916666666673,0.900626678603402,0.900626678603402,25,20,51,0,0,636
platform_mediation,mixed_bundle__high,mixed_bundle,high,4329085,joint_ces,CES,aab9407c28b81925,True,264.9434589108805,0.5,0.25,0.28125,0.2222222222222222,0.3588541666666667,0.909579230080573,0.909579230080573,24,19,55,0,0,654
platform_mediation,mixed_bundle__high,mixed_bundle,high,4329085,joint_leontief,LEONTIEF,aab9407c28b81925,True,343.85642192758377,0.4375,0.375,0.375,0.21825396825396823,0.3171875,0.8845120859444942,0.8845120859444942,27,15,50,0,0,664
platform_mediation,mixed_bundle__high,mixed_bundle,high,2712929764,equal,none,4552c3580fbaf49d,True,,0.4375,0.25,0.28125,0.11666666666666665,0.32343750000000004,0.8317399617590823,0.8317399617590823,27,26,42,0,0,0
platform_mediation,mixed_bundle__high,mixed_bundle,high,2712929764,drf,none,4552c3580fbaf49d,True,,0.5,0.375,0.375,0.03333333333333333,0.35989583333333336,0.8804971319311663,0.8881388621022179,24,29,46,0,0,0
platform_mediation,mixed_bundle__high,mixed_bundle,high,2712929764,decomposed_cobb_douglas,COBB_DOUGLAS,4552c3580fbaf49d,True,258.5107593172256,0.4583333333333333,0.375,0.375,0.08888888888888889,0.33437500000000003,0.8680688336520076,0.8680688336520076,26,26,44,0,0,0
platform_mediation,mixed_bundle__high,mixed_bundle,high,2712929764,joint_linear,LINEAR,4552c3580fbaf49d,True,265.724085283628,0.08333333333333333,0.0,0.0,0.0,0.060416666666666674,0.13766730401529637,0.13766730401529637,44,6,8,0,0,703
platform_mediation,mixed_bundle__high,mixed_bundle,high,2712929764,joint_cobb_douglas,COBB_DOUGLAS,4552c3580fbaf49d,True,258.511550193821,0.4583333333333333,0.375,0.375,0.08888888888888889,0.33437500000000003,0.8680688336520076,0.8680688336520076,26,26,44,0,0,664
platform_mediation,mixed_bundle__high,mixed_bundle,high,2712929764,joint_ces,CES,4552c3580fbaf49d,True,261.78517338701744,0.5,0.375,0.375,0.03333333333333333,0.3572916666666666,0.8833652007648184,0.8833652007648184,24,27,50,0,0,664
platform_mediation,mixed_bundle__high,mixed_bundle,high,2712929764,joint_leontief,LEONTIEF,4552c3580fbaf49d,True,339.2309184544727,0.4583333333333333,0.375,0.375,0.08888888888888889,0.33437500000000003,0.8680688336520076,0.8680688336520076,26,26,44,0,0,682
platform_mediation,mixed_bundle__high,mixed_bundle,high,2572520854,equal,none,533ec6e5ba70af29,True,,0.5208333333333334,0.375,0.40625,0.10714285714285714,0.38697916666666665,0.9232613908872902,0.9232613908872902,23,27,56,0,0,0
platform_mediation,mixed_bundle__high,mixed_bundle,high,2572520854,drf,none,533ec6e5ba70af29,True,,0.5416666666666666,0.375,0.40625,0.0,0.390625,0.9144684252597922,0.9196141479099679,22,31,56,0,0,0
platform_mediation,mixed_bundle__high,mixed_bundle,high,2572520854,decomposed_cobb_douglas,COBB_DOUGLAS,533ec6e5ba70af29,True,270.59603748467117,0.4791666666666667,0.375,0.375,0.1626984126984127,0.3640625,0.9408473221422862,0.9408473221422862,25,22,55,0,0,0
platform_mediation,mixed_bundle__high,mixed_bundle,high,2572520854,joint_linear,LINEAR,533ec6e5ba70af29,True,277.5366993569177,0.0,0.0,0.0,0.0,0.0,0.0,0.0,48,0,0,0,0,675
platform_mediation,mixed_bundle__high,mixed_bundle,high,2572520854,joint_cobb_douglas,COBB_DOUGLAS,533ec6e5ba70af29,True,270.59603748467117,0.4791666666666667,0.375,0.375,0.1626984126984127,0.3640625,0.9408473221422862,0.9408473221422862,25,22,55,0,0,644
platform_mediation,mixed_bundle__high,mixed_bundle,high,2572520854,joint_ces,CES,533ec6e5ba70af29,True,273.7532370120183,0.5625,0.375,0.40625,0.0625,0.4057291666666667,0.9040767386091128,0.9040767386091128,21,29,60,0,0,683
platform_mediation,mixed_bundle__high,mixed_bundle,high,2572520854,joint_leontief,LEONTIEF,533ec6e5ba70af29,True,351.5928355138165,0.4791666666666667,0.375,0.375,0.1626984126984127,0.3640625,0.9408473221422862,0.9408473221422862,25,22,55,0,0,704
platform_mediation,mixed_bundle__high,mixed_bundle,high,1434028288,equal,none,eba72ac5ad911b28,True,,0.5208333333333334,0.25,0.3125,0.20833333333333334,0.3864583333333333,0.9492868462757528,0.9492868462757528,23,23,57,0,0,0
platform_mediation,mixed_bundle__high,mixed_bundle,high,1434028288,drf,none,eba72ac5ad911b28,True,,0.5833333333333334,0.375,0.40625,0.12962962962962962,0.4244791666666667,0.9484944532488114,0.9530254777070064,20,27,61,0,0,0
platform_mediation,mixed_bundle__high,mixed_bundle,high,1434028288,decomposed_cobb_douglas,COBB_DOUGLAS,eba72ac5ad911b28,True,270.4065257321485,0.5625,0.375,0.40625,0.10185185185185186,0.4130208333333334,0.9429477020602218,0.9429477020602218,21,28,58,0,0,0
platform_mediation,mixed_bundle__high,mixed_bundle,high,1434028288,joint_linear,LINEAR,eba72ac5ad911b28,True,276.7908853918962,0.0625,0.0,0.0,0.0,0.0375,0.061806656101426306,0.061806656101426306,45,0,6,0,0,655
platform_mediation,mixed_bundle__high,mixed_bundle,high,1434028288,joint_cobb_douglas,COBB_DOUGLAS,eba72ac5ad911b28,True,270.4086879350817,0.5416666666666666,0.375,0.40625,0.12962962962962962,0.403125,0.9405705229793978,0.9405705229793978,22,27,57,0,0,646
platform_mediation,mixed_bundle__high,mixed_bundle,high,1434028288,joint_ces,CES,eba72ac5ad911b28,True,273.4540857244916,0.5208333333333334,0.375,0.375,0.06944444444444443,0.3859375,0.8993660855784469,0.8993660855784469,23,30,54,0,0,665
platform_mediation,mixed_bundle__high,mixed_bundle,high,1434028288,joint_leontief,LEONTIEF,eba72ac5ad911b28,True,352.4278240886129,0.5416666666666666,0.375,0.40625,0.12962962962962962,0.403125,0.9350237717908082,0.9350237717908082,22,27,57,0,0,612
platform_mediation,mixed_bundle__high,mixed_bundle,high,3666259199,equal,none,0c0773772ca1bb0e,True,,0.5625,0.375,0.40625,0.06547619047619048,0.403125,0.8953594176524113,0.8953594176524113,21,32,54,0,0,0
platform_mediation,mixed_bundle__high,mixed_bundle,high,3666259199,drf,none,0c0773772ca1bb0e,True,,0.5833333333333334,0.25,0.34375,0.041666666666666664,0.4130208333333334,0.9208371246587808,0.9250457038391224,20,32,54,0,0,0
platform_mediation,mixed_bundle__high,mixed_bundle,high,3666259199,decomposed_cobb_douglas,COBB_DOUGLAS,0c0773772ca1bb0e,True,261.8619023906872,0.5833333333333334,0.375,0.40625,0.06547619047619048,0.41250000000000003,0.9208371246587808,0.9208371246587808,20,30,57,0,0,0
platform_mediation,mixed_bundle__high,mixed_bundle,high,3666259199,joint_linear,LINEAR,0c0773772ca1bb0e,True,268.8054795983151,0.0,0.0,0.0,0.0,0.0,0.0,0.0,48,0,0,0,0,784
platform_mediation,mixed_bundle__high,mixed_bundle,high,3666259199,joint_cobb_douglas,COBB_DOUGLAS,0c0773772ca1bb0e,True,261.8618968503598,0.5833333333333334,0.375,0.40625,0.06547619047619048,0.41250000000000003,0.9208371246587808,0.9208371246587808,20,30,57,0,0,651
platform_mediation,mixed_bundle__high,mixed_bundle,high,3666259199,joint_ces,CES,0c0773772ca1bb0e,True,265.1286730687206,0.5833333333333334,0.5,0.5,0.06547619047619048,0.4124999999999999,0.9208371246587808,0.9208371246587808,20,30,57,0,0,672
platform_mediation,mixed_bundle__high,mixed_bundle,high,3666259199,joint_leontief,LEONTIEF,0c0773772ca1bb0e,True,342.66269254690457,0.5833333333333334,0.375,0.40625,0.06547619047619048,0.4166666666666667,0.8971792538671519,0.8971792538671519,20,33,54,0,0,680
platform_mediation,mixed_bundle__high,mixed_bundle,high,112892850,equal,none,eece8c404ce7e9e1,True,,0.4791666666666667,0.375,0.375,0.08095238095238096,0.36250000000000004,0.8541300527240774,0.8541300527240774,25,31,44,0,0,0
platform_mediation,mixed_bundle__high,mixed_bundle,high,112892850,drf,none,eece8c404ce7e9e1,True,,0.4791666666666667,0.375,0.375,0.047619047619047616,0.35833333333333334,0.8506151142355008,0.851363236587511,25,32,43,0,0,0
platform_mediation,mixed_bundle__high,mixed_bundle,high,112892850,decomposed_cobb_douglas,COBB_DOUGLAS,eece8c404ce7e9e1,True,264.32625123024,0.5,0.375,0.375,0.08095238095238096,0.375,0.8892794376098418,0.8892794376098418,24,31,46,0,0,0
platform_mediation,mixed_bundle__high,mixed_bundle,high,112892850,joint_linear,LINEAR,eece8c404ce7e9e1,True,270.5368075947491,0.020833333333333332,0.0,0.0,0.0,0.012499999999999999,0.022847100175746926,0.022847100175746926,47,0,2,0,0,679
platform_mediation,mixed_bundle__high,mixed_bundle,high,112892850,joint_cobb_douglas,COBB_DOUGLAS,eece8c404ce7e9e1,True,264.32625123024,0.5,0.375,0.375,0.08095238095238096,0.375,0.8892794376098418,0.8892794376098418,24,31,46,0,0,725
platform_mediation,mixed_bundle__high,mixed_bundle,high,112892850,joint_ces,CES,eece8c404ce7e9e1,True,267.51734736769424,0.5,0.375,0.375,0.10476190476190476,0.37916666666666665,0.9050966608084359,0.9050966608084359,24,30,47,0,0,713
platform_mediation,mixed_bundle__high,mixed_bundle,high,112892850,joint_leontief,LEONTIEF,eece8c404ce7e9e1,True,344.9482059893498,0.5,0.375,0.375,0.08095238095238096,0.375,0.8892794376098418,0.8892794376098418,24,31,46,0,0,687
platform_mediation,mixed_bundle__high,mixed_bundle,high,3648539342,equal,none,670d2245667938cf,True,,0.5625,0.5,0.5,0.1111111111111111,0.39947916666666666,0.9185119574844995,0.9185119574844995,21,26,57,0,0,0
platform_mediation,mixed_bundle__high,mixed_bundle,high,3648539342,drf,none,670d2245667938cf,True,,0.5625,0.375,0.40625,0.09325396825396826,0.40729166666666666,0.9282550930026572,0.9348795718108831,21,25,58,0,0,0
platform_mediation,mixed_bundle__high,mixed_bundle,high,3648539342,decomposed_cobb_douglas,COBB_DOUGLAS,670d2245667938cf,True,262.90939250241496,0.5833333333333334,0.5,0.5,0.05158730158730159,0.4192708333333333,0.9105403011514615,0.9105403011514615,20,31,55,0,0,0
platform_mediation,mixed_bundle__high,mixed_bundle,high,3648539342,joint_linear,LINEAR,670d2245667938cf,True,270.03597180354774,0.041666666666666664,0.0,0.0,0.0,0.024999999999999998,0.046058458813108945,0.046058458813108945,46,0,4,0,0,656
platform_mediation,mixed_bundle__high,mixed_bundle,high,3648539342,joint_cobb_douglas,COBB_DOUGLAS,670d2245667938cf,True,262.910125598923,0.5833333333333334,0.5,0.5,0.05158730158730159,0.4192708333333333,0.9105403011514615,0.9105403011514615,20,31,55,0,0,669
platform_mediation,mixed_bundle__high,mixed_bundle,high,3648539342,joint_ces,CES,670d2245667938cf,True,266.1707814316087,0.5208333333333334,0.375,0.375,0.07539682539682539,0.38489583333333327,0.8635961027457927,0.8635961027457927,23,28,51,0,0,671
platform_mediation,mixed_bundle__high,mixed_bundle,high,3648539342,joint_leontief,LEONTIEF,670d2245667938cf,True,344.7402719405961,0.5833333333333334,0.375,0.40625,0.023809523809523808,0.4119791666666666,0.9114260407440212,0.9114260407440212,20,31,56,0,0,646
platform_mediation,mixed_bundle__high,mixed_bundle,high,1529648800,equal,none,ff4bf26b6de858e1,True,,0.5208333333333334,0.25,0.3125,0.19444444444444442,0.3822916666666667,0.9130067567567568,0.9130067567567568,23,27,53,0,0,0
platform_mediation,mixed_bundle__high,mixed_bundle,high,1529648800,drf,none,ff4bf26b6de858e1,True,,0.5416666666666666,0.375,0.375,0.12268518518518519,0.3994791666666668,0.9045608108108109,0.9138225255972696,22,29,53,0,0,0
platform_mediation,mixed_bundle__high,mixed_bundle,high,1529648800,decomposed_cobb_douglas,COBB_DOUGLAS,ff4bf26b6de858e1,True,267.45182331978106,0.5416666666666666,0.375,0.375,0.28472222222222215,0.40416666666666673,0.8994932432432432,0.8994932432432432,22,27,55,0,0,0
platform_mediation,mixed_bundle__high,mixed_bundle,high,1529648800,joint_linear,LINEAR,ff4bf26b6de858e1,True,274.26394911106166,0.125,0.0,0.0,0.0,0.08958333333333333,0.14358108108108109,0.14358108108108109,42,9,9,0,0,672
platform_mediation,mixed_bundle__high,mixed_bundle,high,1529648800,joint_cobb_douglas,COBB_DOUGLAS,ff4bf26b6de858e1,True,267.45182331978106,0.5416666666666666,0.375,0.375,0.28472222222222215,0.40416666666666673,0.8994932432432432,0.8994932432432432,22,27,55,0,0,675
platform_mediation,mixed_bundle__high,mixed_bundle,high,1529648800,joint_ces,CES,ff4bf26b6de858e1,True,270.579057298636,0.5833333333333334,0.375,0.40625,0.08333333333333333,0.42239583333333336,0.8961148648648649,0.8961148648648649,20,33,54,0,0,667
platform_mediation,mixed_bundle__high,mixed_bundle,high,1529648800,joint_leontief,LEONTIEF,ff4bf26b6de858e1,True,348.14398526658846,0.5625,0.375,0.375,0.20833333333333334,0.4114583333333334,0.8826013513513513,0.8826013513513513,21,29,55,0,0,675
platform_mediation,mixed_bundle__high,mixed_bundle,high,1261395715,equal,none,8b5587bea6eafe54,True,,0.5,0.25,0.3125,0.16666666666666666,0.37343750000000003,0.9035573122529644,0.9035573122529644,24,25,55,0,0,0
platform_mediation,mixed_bundle__high,mixed_bundle,high,1261395715,drf,none,8b5587bea6eafe54,True,,0.5,0.375,0.40625,0.13888888888888887,0.37552083333333336,0.9296442687747035,0.9340746624305004,24,25,55,0,0,0
platform_mediation,mixed_bundle__high,mixed_bundle,high,1261395715,decomposed_cobb_douglas,COBB_DOUGLAS,8b5587bea6eafe54,True,271.2048017716239,0.5416666666666666,0.375,0.40625,0.023809523809523808,0.3947916666666667,0.9185770750988143,0.9185770750988143,22,30,57,0,0,0
platform_mediation,mixed_bundle__high,mixed_bundle,high,1261395715,joint_linear,LINEAR,8b5587bea6eafe54,True,278.24191047716556,0.041666666666666664,0.0,0.0,0.0,0.024999999999999998,0.04110671936758893,0.04110671936758893,46,0,4,0,0,673
platform_mediation,mixed_bundle__high,mixed_bundle,high,1261395715,joint_cobb_douglas,COBB_DOUGLAS,8b5587bea6eafe54,True,271.20514827149617,0.5416666666666666,0.375,0.40625,0.023809523809523808,0.3947916666666667,0.9185770750988143,0.9185770750988143,22,30,57,0,0,688
platform_mediation,mixed_bundle__high,mixed_bundle,high,1261395715,joint_ces,CES,8b5587bea6eafe54,True,274.4057210259321,0.5,0.375,0.40625,0.08095238095238096,0.37656249999999997,0.8822134387351779,0.8822134387351779,24,28,55,0,0,717
platform_mediation,mixed_bundle__high,mixed_bundle,high,1261395715,joint_leontief,LEONTIEF,8b5587bea6eafe54,True,352.4566077847429,0.5208333333333334,0.375,0.40625,0.023809523809523808,0.3791666666666667,0.899604743083004,0.899604743083004,23,28,56,0,0,694
platform_mediation,mixed_bundle__high,mixed_bundle,high,848475853,equal,none,973e6ec40bf6727b,True,,0.5416666666666666,0.375,0.40625,0.041666666666666664,0.3958333333333333,0.8997429305912596,0.8997429305912596,22,33,51,0,0,0
platform_mediation,mixed_bundle__high,mixed_bundle,high,848475853,drf,none,973e6ec40bf6727b,True,,0.5208333333333334,0.375,0.40625,0.0,0.38125000000000003,0.8963153384747216,0.8993981083404987,23,34,48,0,0,0
platform_mediation,mixed_bundle__high,mixed_bundle,high,848475853,decomposed_cobb_douglas,COBB_DOUGLAS,973e6ec40bf6727b,True,265.49912526729713,0.5208333333333334,0.375,0.375,0.125,0.38958333333333334,0.897172236503856,0.897172236503856,23,32,50,0,0,0
platform_mediation,mixed_bundle__high,mixed_bundle,high,848475853,joint_linear,LINEAR,973e6ec40bf6727b,True,271.67401679536226,0.041666666666666664,0.0,0.0,0.0,0.024999999999999998,0.044558697514995714,0.044558697514995714,46,0,4,0,0,692
platform_mediation,mixed_bundle__high,mixed_bundle,high,848475853,joint_cobb_douglas,COBB_DOUGLAS,973e6ec40bf6727b,True,265.4991704571252,0.4791666666666667,0.375,0.375,0.125,0.3625,0.9091688089117395,0.9091688089117395,25,29,49,0,0,685
platform_mediation,mixed_bundle__high,mixed_bundle,high,848475853,joint_ces,CES,973e6ec40bf6727b,True,268.5883212504655,0.5208333333333334,0.5,0.5,0.023809523809523808,0.38437499999999997,0.9323050556983719,0.9323050556983719,23,32,51,0,0,723
platform_mediation,mixed_bundle__high,mixed_bundle,high,848475853,joint_leontief,LEONTIEF,973e6ec40bf6727b,True,347.3048156477503,0.4791666666666667,0.375,0.375,0.125,0.3625,0.9091688089117395,0.9091688089117395,25,29,49,0,0,735
platform_mediation,mixed_bundle__high,mixed_bundle,high,1314148233,equal,none,5e321a41a21dab1f,True,,0.5,0.375,0.375,0.19999999999999998,0.3578124999999999,0.8986547085201794,0.8986547085201794,24,22,52,0,0,0
platform_mediation,mixed_bundle__high,mixed_bundle,high,1314148233,drf,none,5e321a41a21dab1f,True,,0.5208333333333334,0.375,0.375,0.16666666666666666,0.3776041666666667,0.9067264573991032,0.9275229357798165,23,28,52,0,0,0
platform_mediation,mixed_bundle__high,mixed_bundle,high,1314148233,decomposed_cobb_douglas,COBB_DOUGLAS,5e321a41a21dab1f,True,263.21082840145743,0.5,0.375,0.375,0.08333333333333333,0.36354166666666665,0.9201793721973094,0.9201793721973094,24,28,51,0,0,0
platform_mediation,mixed_bundle__high,mixed_bundle,high,1314148233,joint_linear,LINEAR,5e321a41a21dab1f,True,270.6833211270504,0.0,0.0,0.0,0.0,0.0,0.0,0.0,48,0,0,0,0,742
platform_mediation,mixed_bundle__high,mixed_bundle,high,1314148233,joint_cobb_douglas,COBB_DOUGLAS,5e321a41a21dab1f,True,263.2140101352651,0.5,0.375,0.375,0.25,0.3645833333333333,0.9381165919282511,0.9381165919282511,24,25,53,0,0,709
platform_mediation,mixed_bundle__high,mixed_bundle,high,1314148233,joint_ces,CES,5e321a41a21dab1f,True,266.3800390094418,0.5,0.375,0.375,0.125,0.3656249999999999,0.9004484304932735,0.9004484304932735,24,27,52,0,0,742
platform_mediation,mixed_bundle__high,mixed_bundle,high,1314148233,joint_leontief,LEONTIEF,5e321a41a21dab1f,True,343.45068553214145,0.5,0.375,0.375,0.1349206349206349,0.371875,0.9372197309417041,0.9372197309417041,24,25,52,0,0,751
platform_mediation,mixed_bundle__high,mixed_bundle,high,332151340,equal,none,ec561d8cfe9c5977,True,,0.5416666666666666,0.375,0.375,0.19999999999999998,0.38958333333333334,0.9342342342342342,0.9342342342342342,22,22,56,0,0,0
platform_mediation,mixed_bundle__high,mixed_bundle,high,332151340,drf,none,ec561d8cfe9c5977,True,,0.5208333333333334,0.25,0.28125,0.08333333333333333,0.3723958333333333,0.8990990990990991,0.9039855072463768,23,25,52,0,0,0
platform_mediation,mixed_bundle__high,mixed_bundle,high,332151340,decomposed_cobb_douglas,COBB_DOUGLAS,ec561d8cfe9c5977,True,261.9002295825824,0.5,0.25,0.28125,0.125,0.3645833333333333,0.927027027027027,0.927027027027027,24,24,52,0,0,0
platform_mediation,mixed_bundle__high,mixed_bundle,high,332151340,joint_linear,LINEAR,ec561d8cfe9c5977,True,268.7678511105529,0.020833333333333332,0.0,0.0,0.0,0.012499999999999999,0.023423423423423424,0.023423423423423424,47,0,2,0,0,791
platform_mediation,mixed_bundle__high,mixed_bundle,high,332151340,joint_cobb_douglas,COBB_DOUGLAS,ec561d8cfe9c5977,True,261.90312477528744,0.5,0.25,0.28125,0.125,0.3645833333333333,0.927027027027027,0.927027027027027,24,24,52,0,0,685
platform_mediation,mixed_bundle__high,mixed_bundle,high,332151340,joint_ces,CES,ec561d8cfe9c5977,True,265.0209579039922,0.5416666666666666,0.25,0.3125,0.027777777777777776,0.38958333333333334,0.918018018018018,0.918018018018018,22,29,53,0,0,699
platform_mediation,mixed_bundle__high,mixed_bundle,high,332151340,joint_leontief,LEONTIEF,ec561d8cfe9c5977,True,343.96919717656334,0.5208333333333334,0.25,0.28125,0.08333333333333333,0.3729166666666666,0.9342342342342342,0.9342342342342342,23,25,53,0,0,693
platform_mediation,mixed_bundle__high,mixed_bundle,high,2253007634,equal,none,1ed9642d5740ff06,True,,0.4583333333333333,0.25,0.28125,0.12222222222222223,0.33958333333333335,0.8667239896818573,0.8667239896818573,26,23,46,0,0,0
platform_mediation,mixed_bundle__high,mixed_bundle,high,2253007634,drf,none,1ed9642d5740ff06,True,,0.5208333333333334,0.375,0.40625,0.17380952380952383,0.3744791666666667,0.9208942390369733,0.9280762564991335,23,20,54,0,0,0
platform_mediation,mixed_bundle__high,mixed_bundle,high,2253007634,decomposed_cobb_douglas,COBB_DOUGLAS,1ed9642d5740ff06,True,264.3655490768093,0.5416666666666666,0.375,0.40625,0.11666666666666665,0.38697916666666665,0.9148753224419605,0.9148753224419605,22,25,54,0,0,0
platform_mediation,mixed_bundle__high,mixed_bundle,high,2253007634,joint_linear,LINEAR,1ed9642d5740ff06,True,271.6374182001058,0.041666666666666664,0.0,0.0,0.0,0.03125,0.0412725709372313,0.0412725709372313,46,4,2,0,0,722
platform_mediation,mixed_bundle__high,mixed_bundle,high,2253007634,joint_cobb_douglas,COBB_DOUGLAS,1ed9642d5740ff06,True,264.37186702728957,0.5416666666666666,0.375,0.40625,0.11666666666666665,0.38697916666666665,0.9148753224419605,0.9148753224419605,22,25,54,0,0,696
platform_mediation,mixed_bundle__high,mixed_bundle,high,2253007634,joint_ces,CES,1ed9642d5740ff06,True,267.28159498391614,0.5416666666666666,0.375,0.40625,0.2571428571428572,0.38906250000000003,0.9243336199484092,0.9243336199484092,22,19,57,0,0,737
platform_mediation,mixed_bundle__high,mixed_bundle,high,2253007634,joint_leontief,LEONTIEF,1ed9642d5740ff06,True,347.0321687586809,0.5416666666666666,0.375,0.40625,0.11666666666666665,0.38697916666666665,0.9148753224419605,0.9148753224419605,22,25,54,0,0,653
platform_mediation,mixed_bundle__high,mixed_bundle,high,1823383685,equal,none,852d7acf4faacc57,True,,0.4791666666666667,0.375,0.40625,0.15,0.35833333333333334,0.9346517626827171,0.9346517626827171,25,24,49,0,0,0
platform_mediation,mixed_bundle__high,mixed_bundle,high,1823383685,drf,none,852d7acf4faacc57,True,,0.5,0.375,0.375,0.13888888888888887,0.371875,0.9140154772141015,0.9187554019014693,24,24,51,0,0,0
platform_mediation,mixed_bundle__high,mixed_bundle,high,1823383685,decomposed_cobb_douglas,COBB_DOUGLAS,852d7acf4faacc57,True,264.5769681213906,0.5208333333333334,0.375,0.40625,0.125,0.3854166666666667,0.9234737747205503,0.9234737747205503,23,27,51,0,0,0
platform_mediation,mixed_bundle__high,mixed_bundle,high,1823383685,joint_linear,LINEAR,852d7acf4faacc57,True,271.0579623740425,0.125,0.0,0.0,0.0,0.09375,0.12381771281169389,0.12381771281169389,42,12,6,0,0,632
platform_mediation,mixed_bundle__high,mixed_bundle,high,1823383685,joint_cobb_douglas,COBB_DOUGLAS,852d7acf4faacc57,True,264.5769681213906,0.5208333333333334,0.375,0.40625,0.125,0.3854166666666667,0.9234737747205503,0.9234737747205503,23,27,51,0,0,629
platform_mediation,mixed_bundle__high,mixed_bundle,high,1823383685,joint_ces,CES,852d7acf4faacc57,True,267.6719589293977,0.5,0.375,0.40625,0.041666666666666664,0.3666666666666667,0.88134135855546,0.88134135855546,24,28,48,0,0,663
platform_mediation,mixed_bundle__high,mixed_bundle,high,1823383685,joint_leontief,LEONTIEF,852d7acf4faacc57,True,346.9695081304499,0.5208333333333334,0.375,0.40625,0.125,0.3833333333333333,0.9191745485812554,0.9191745485812554,23,27,51,0,0,689
platform_mediation,mixed_bundle__high,mixed_bundle,high,4139619557,equal,none,6be7e37297166cfe,True,,0.4166666666666667,0.25,0.28125,0.2916666666666667,0.32708333333333334,0.8984565393988627,0.8984565393988627,28,20,48,0,0,0
platform_mediation,mixed_bundle__high,mixed_bundle,high,4139619557,drf,none,6be7e37297166cfe,True,,0.5416666666666666,0.375,0.40625,0.09722222222222221,0.39635416666666673,0.9309504467912266,0.9332247557003257,22,29,55,0,0,0
platform_mediation,mixed_bundle__high,mixed_bundle,high,4139619557,decomposed_cobb_douglas,COBB_DOUGLAS,6be7e37297166cfe,True,269.61255271706483,0.4791666666666667,0.375,0.375,0.09722222222222221,0.36041666666666666,0.9155158407798538,0.9155158407798538,25,26,52,0,0,0
platform_mediation,mixed_bundle__high,mixed_bundle,high,4139619557,joint_linear,LINEAR,6be7e37297166cfe,True,276.6131423060883,0.041666666666666664,0.0,0.0,0.0,0.03125,0.11047928513403736,0.11047928513403736,46,2,6,0,0,717
platform_mediation,mixed_bundle__high,mixed_bundle,high,4139619557,joint_cobb_douglas,COBB_DOUGLAS,6be7e37297166cfe,True,269.6136990725291,0.4791666666666667,0.375,0.375,0.09722222222222221,0.36041666666666666,0.9155158407798538,0.9155158407798538,25,26,52,0,0,684
platform_mediation,mixed_bundle__high,mixed_bundle,high,4139619557,joint_ces,CES,6be7e37297166cfe,True,272.82973031119917,0.5208333333333334,0.375,0.375,0.041666666666666664,0.3802083333333333,0.9049553208773355,0.9049553208773355,23,29,54,0,0,686
platform_mediation,mixed_bundle__high,mixed_bundle,high,4139619557,joint_leontief,LEONTIEF,6be7e37297166cfe,True,350.65218138680484,0.5,0.375,0.375,0.041666666666666664,0.371875,0.9203899268887084,0.9203899268887084,24,29,52,0,0,693
platform_mediation,mixed_bundle__high,mixed_bundle,high,2086789310,equal,none,a5b65357b377753d,True,,0.5,0.375,0.375,0.12777777777777777,0.3802083333333333,0.9501424501424501,0.9501424501424501,24,22,60,0,0,0
platform_mediation,mixed_bundle__high,mixed_bundle,high,2086789310,drf,none,a5b65357b377753d,True,,0.5,0.25,0.28125,0.2555555555555556,0.3848958333333334,0.9387464387464387,0.9495677233429395,24,22,59,0,0,0
platform_mediation,mixed_bundle__high,mixed_bundle,high,2086789310,decomposed_cobb_douglas,COBB_DOUGLAS,a5b65357b377753d,True,276.9108114864416,0.5208333333333334,0.375,0.375,0.09444444444444444,0.38749999999999996,0.9351851851851852,0.9351851851851852,23,24,59,0,0,0
platform_mediation,mixed_bundle__high,mixed_bundle,high,2086789310,joint_linear,LINEAR,a5b65357b377753d,True,283.2409167314721,0.041666666666666664,0.0,0.0,0.0,0.024999999999999998,0.037037037037037035,0.037037037037037035,46,0,4,0,0,679
platform_mediation,mixed_bundle__high,mixed_bundle,high,2086789310,joint_cobb_douglas,COBB_DOUGLAS,a5b65357b377753d,True,276.91080890984546,0.5208333333333334,0.375,0.375,0.09444444444444444,0.38749999999999996,0.9351851851851852,0.9351851851851852,23,24,59,0,0,701
platform_mediation,mixed_bundle__high,mixed_bundle,high,2086789310,joint_ces,CES,a5b65357b377753d,True,279.9701933061623,0.5416666666666666,0.375,0.375,0.14444444444444446,0.4046874999999999,0.9237891737891738,0.9237891737891738,22,26,60,0,0,713
platform_mediation,mixed_bundle__high,mixed_bundle,high,2086789310,joint_leontief,LEONTIEF,a5b65357b377753d,True,358.8732040986403,0.5208333333333334,0.25,0.28125,0.08888888888888889,0.38697916666666665,0.9294871794871795,0.9294871794871795,23,26,59,0,0,687
platform_mediation,mixed_bundle__high,mixed_bundle,high,2777720279,equal,none,39723106f745b582,True,,0.4791666666666667,0.375,0.375,0.042328042328042326,0.36302083333333335,0.8932676518883416,0.8932676518883416,25,30,50,0,0,0
platform_mediation,mixed_bundle__high,mixed_bundle,high,2777720279,drf,none,39723106f745b582,True,,0.5416666666666666,0.25,0.3125,0.037037037037037035,0.4052083333333334,0.8998357963875205,0.9179229480737019,22,37,51,0,0,0
platform_mediation,mixed_bundle__high,mixed_bundle,high,2777720279,decomposed_cobb_douglas,COBB_DOUGLAS,39723106f745b582,True,269.3479479488841,0.5833333333333334,0.5,0.5,0.0,0.425,0.9047619047619048,0.9047619047619048,20,39,53,0,0,0
platform_mediation,mixed_bundle__high,mixed_bundle,high,2777720279,joint_linear,LINEAR,39723106f745b582,True,276.0203993870743,0.1875,0.0,0.0,0.0,0.13749999999999998,0.17898193760262726,0.17898193760262726,39,16,10,0,0,667
platform_mediation,mixed_bundle__high,mixed_bundle,high,2777720279,joint_cobb_douglas,COBB_DOUGLAS,39723106f745b582,True,269.3482290993549,0.5833333333333334,0.5,0.5,0.0,0.425,0.9047619047619048,0.9047619047619048,20,39,53,0,0,676
platform_mediation,mixed_bundle__high,mixed_bundle,high,2777720279,joint_ces,CES,39723106f745b582,True,272.41598090602463,0.6458333333333334,0.5,0.53125,0.0,0.4604166666666667,0.9359605911330049,0.9359605911330049,17,39,59,0,0,703
platform_mediation,mixed_bundle__high,mixed_bundle,high,2777720279,joint_leontief,LEONTIEF,39723106f745b582,True,349.93316079025,0.5833333333333334,0.5,0.5,0.08333333333333333,0.4322916666666667,0.9039408866995073,0.9039408866995073,20,39,52,0,0,684
platform_mediation,mixed_bundle__high,mixed_bundle,high,3758076520,equal,none,6f7382bc853a1252,True,,0.4791666666666667,0.25,0.3125,0.20833333333333334,0.3541666666666667,0.8947368421052632,0.8947368421052632,25,18,58,0,0,0
platform_mediation,mixed_bundle__high,mixed_bundle,high,3758076520,drf,none,6f7382bc853a1252,True,,0.5,0.25,0.28125,0.3194444444444444,0.3734374999999999,0.9198380566801619,0.9243287225386493,24,19,59,0,0,0
platform_mediation,mixed_bundle__high,mixed_bundle,high,3758076520,decomposed_cobb_douglas,COBB_DOUGLAS,6f7382bc853a1252,True,269.31456492344887,0.5208333333333334,0.25,0.3125,0.25,0.38437499999999997,0.945748987854251,0.945748987854251,23,19,62,0,0,0
platform_mediation,mixed_bundle__high,mixed_bundle,high,3758076520,joint_linear,LINEAR,6f7382bc853a1252,True,276.17087482718705,0.020833333333333332,0.0,0.0,0.0,0.012499999999999999,0.021052631578947368,0.021052631578947368,47,0,2,0,0,655
platform_mediation,mixed_bundle__high,mixed_bundle,high,3758076520,joint_cobb_douglas,COBB_DOUGLAS,6f7382bc853a1252,True,269.31662133085575,0.5208333333333334,0.25,0.3125,0.25,0.38437499999999997,0.945748987854251,0.945748987854251,23,19,62,0,0,637
platform_mediation,mixed_bundle__high,mixed_bundle,high,3758076520,joint_ces,CES,6f7382bc853a1252,True,272.40928399489263,0.5625,0.375,0.40625,0.09722222222222221,0.39479166666666665,0.9182186234817814,0.9182186234817814,21,21,64,0,0,568
platform_mediation,mixed_bundle__high,mixed_bundle,high,3758076520,joint_leontief,LEONTIEF,6f7382bc853a1252,True,350.92991314635566,0.5,0.25,0.3125,0.25,0.36874999999999997,0.9263157894736842,0.9263157894736842,24,17,61,0,0,681
platform_mediation,mixed_bundle__high,mixed_bundle,high,1990251910,equal,none,32facd2ca0a0f1e2,True,,0.6041666666666666,0.5,0.5,0.0988095238095238,0.43645833333333334,0.9565217391304348,0.9565217391304348,19,30,58,0,0,0
platform_mediation,mixed_bundle__high,mixed_bundle,high,1990251910,drf,none,32facd2ca0a0f1e2,True,,0.6041666666666666,0.5,0.5,0.1728835978835979,0.43750000000000006,0.9343724364232978,0.9397689768976898,19,28,60,0,0,0
platform_mediation,mixed_bundle__high,mixed_bundle,high,1990251910,decomposed_cobb_douglas,COBB_DOUGLAS,32facd2ca0a0f1e2,True,268.6619794454265,0.6041666666666666,0.5,0.5,0.05714285714285714,0.4322916666666667,0.9269893355209188,0.9269893355209188,19,32,58,0,0,0
platform_mediation,mixed_bundle__high,mixed_bundle,high,1990251910,joint_linear,LINEAR,32facd2ca0a0f1e2,True,275.0331204734055,0.0,0.0,0.0,0.0,0.0,0.0,0.0,48,0,0,0,0,645
platform_mediation,mixed_bundle__high,mixed_bundle,high,1990251910,joint_cobb_douglas,COBB_DOUGLAS,32facd2ca0a0f1e2,True,268.6619794454265,0.6041666666666666,0.5,0.5,0.05714285714285714,0.4322916666666667,0.9269893355209188,0.9269893355209188,19,32,58,0,0,683
platform_mediation,mixed_bundle__high,mixed_bundle,high,1990251910,joint_ces,CES,32facd2ca0a0f1e2,True,271.7817991975611,0.6041666666666666,0.5,0.5,0.05714285714285714,0.4322916666666667,0.9212469237079574,0.9212469237079574,19,32,58,0,0,704
platform_mediation,mixed_bundle__high,mixed_bundle,high,1990251910,joint_leontief,LEONTIEF,32facd2ca0a0f1e2,True,350.1206172798935,0.5833333333333334,0.5,0.5,0.0988095238095238,0.42083333333333334,0.9163248564397046,0.9163248564397046,20,29,58,0,0,678
platform_mediation,mixed_bundle__high,mixed_bundle,high,1913973557,equal,none,bd5592d6d57161d1,True,,0.5416666666666666,0.375,0.40625,0.08333333333333333,0.40260416666666665,0.9348404255319149,0.9348404255319149,22,27,65,0,0,0
platform_mediation,mixed_bundle__high,mixed_bundle,high,1913973557,drf,none,bd5592d6d57161d1,True,,0.5625,0.375,0.40625,0.08333333333333333,0.421875,0.9461436170212766,0.9467731204258151,21,29,66,0,0,0
platform_mediation,mixed_bundle__high,mixed_bundle,high,1913973557,decomposed_cobb_douglas,COBB_DOUGLAS,bd5592d6d57161d1,True,282.4492508868004,0.5416666666666666,0.375,0.40625,0.08333333333333333,0.40468750000000003,0.944813829787234,0.944813829787234,22,28,66,0,0,0
platform_mediation,mixed_bundle__high,mixed_bundle,high,1913973557,joint_linear,LINEAR,bd5592d6d57161d1,True,288.6825961016564,0.10416666666666667,0.0,0.0,0.0,0.07395833333333333,0.09707446808510638,0.09707446808510638,43,7,8,0,0,702
platform_mediation,mixed_bundle__high,mixed_bundle,high,1913973557,joint_cobb_douglas,COBB_DOUGLAS,bd5592d6d57161d1,True,282.44941502799225,0.5416666666666666,0.375,0.40625,0.08333333333333333,0.40468750000000003,0.944813829787234,0.944813829787234,22,28,66,0,0,670
platform_mediation,mixed_bundle__high,mixed_bundle,high,1913973557,joint_ces,CES,bd5592d6d57161d1,True,285.55259632413726,0.5625,0.375,0.40625,0.0625,0.41822916666666665,0.9275265957446809,0.9275265957446809,21,29,66,0,0,672
platform_mediation,mixed_bundle__high,mixed_bundle,high,1913973557,joint_leontief,LEONTIEF,bd5592d6d57161d1,True,363.91354143542617,0.5416666666666666,0.375,0.40625,0.08333333333333333,0.40468750000000003,0.944813829787234,0.944813829787234,22,28,66,0,0,692
platform_mediation,mixed_bundle__high,mixed_bundle,high,1813626839,equal,none,45a9a487e089463d,True,,0.4791666666666667,0.375,0.375,0.4083333333333334,0.36354166666666665,0.9012738853503185,0.9012738853503185,25,13,61,0,0,0
platform_mediation,mixed_bundle__high,mixed_bundle,high,1813626839,drf,none,45a9a487e089463d,True,,0.5208333333333334,0.375,0.375,0.08333333333333333,0.378125,0.9187898089171974,0.9239391513210569,23,22,61,0,0,0
platform_mediation,mixed_bundle__high,mixed_bundle,high,1813626839,decomposed_cobb_douglas,COBB_DOUGLAS,45a9a487e089463d,True,270.0045216144929,0.5625,0.375,0.40625,0.27777777777777773,0.4067708333333333,0.9299363057324841,0.9299363057324841,21,20,64,0,0,0
platform_mediation,mixed_bundle__high,mixed_bundle,high,1813626839,joint_linear,LINEAR,45a9a487e089463d,True,277.5499125355915,0.08333333333333333,0.0,0.0,0.16666666666666666,0.05833333333333334,0.11863057324840764,0.11863057324840764,44,0,10,0,0,679
platform_mediation,mixed_bundle__high,mixed_bundle,high,1813626839,joint_cobb_douglas,COBB_DOUGLAS,45a9a487e089463d,True,270.0066904514956,0.5625,0.375,0.40625,0.27777777777777773,0.4067708333333333,0.9299363057324841,0.9299363057324841,21,20,64,0,0,656
platform_mediation,mixed_bundle__high,mixed_bundle,high,1813626839,joint_ces,CES,45a9a487e089463d,True,273.19788766873415,0.5416666666666666,0.375,0.40625,0.05555555555555555,0.37916666666666665,0.8909235668789809,0.8909235668789809,22,21,63,0,0,691
platform_mediation,mixed_bundle__high,mixed_bundle,high,1813626839,joint_leontief,LEONTIEF,45a9a487e089463d,True,351.40361099428065,0.5416666666666666,0.375,0.40625,0.3055555555555555,0.3979166666666667,0.9386942675159236,0.9386942675159236,22,16,66,0,0,709
platform_mediation,mixed_bundle__high,mixed_bundle,high,3672339707,equal,none,479a488d0fb3d801,True,,0.5208333333333334,0.5,0.5,0.041666666666666664,0.3697916666666667,0.9061461794019934,0.9061461794019934,23,23,60,0,0,0
platform_mediation,mixed_bundle__high,mixed_bundle,high,3672339707,drf,none,479a488d0fb3d801,True,,0.5,0.375,0.40625,0.08333333333333333,0.3541666666666667,0.9003322259136213,0.9040867389491243,24,22,60,0,0,0
platform_mediation,mixed_bundle__high,mixed_bundle,high,3672339707,decomposed_cobb_douglas,COBB_DOUGLAS,479a488d0fb3d801,True,268.21044857378496,0.5208333333333334,0.5,0.5,0.0,0.3625,0.9069767441860465,0.9069767441860465,23,23,61,0,0,0
platform_mediation,mixed_bundle__high,mixed_bundle,high,3672339707,joint_linear,LINEAR,479a488d0fb3d801,True,275.09925184454556,0.0625,0.0,0.0,0.0,0.04270833333333333,0.08139534883720931,0.08139534883720931,45,3,6,0,0,679
platform_mediation,mixed_bundle__high,mixed_bundle,high,3672339707,joint_cobb_douglas,COBB_DOUGLAS,479a488d0fb3d801,True,268.2153616163562,0.5208333333333334,0.5,0.5,0.0,0.3625,0.9069767441860465,0.9069767441860465,23,23,61,0,0,663
platform_mediation,mixed_bundle__high,mixed_bundle,high,3672339707,joint_ces,CES,479a488d0fb3d801,True,271.39206367378864,0.5208333333333334,0.375,0.40625,0.08333333333333333,0.3625,0.8853820598006644,0.8853820598006644,23,20,60,0,0,674
platform_mediation,mixed_bundle__high,mixed_bundle,high,3672339707,joint_leontief,LEONTIEF,479a488d0fb3d801,True,349.2149551856533,0.5208333333333334,0.5,0.5,0.0,0.36354166666666665,0.8870431893687708,0.8870431893687708,23,24,59,0,0,693
platform_mediation,mixed_bundle__high,mixed_bundle,high,3827489627,equal,none,844ba01587aaafa5,True,,0.4583333333333333,0.375,0.375,0.041666666666666664,0.3458333333333334,0.9424846625766872,0.9424846625766872,26,24,52,0,0,0
platform_mediation,mixed_bundle__high,mixed_bundle,high,3827489627,drf,none,844ba01587aaafa5,True,,0.4583333333333333,0.375,0.375,0.1111111111111111,0.3500000000000001,0.9355828220858896,0.9384615384615385,26,22,54,0,0,0
platform_mediation,mixed_bundle__high,mixed_bundle,high,3827489627,decomposed_cobb_douglas,COBB_DOUGLAS,844ba01587aaafa5,True,272.1416647674943,0.4583333333333333,0.375,0.375,0.22777777777777777,0.35260416666666666,0.9401840490797546,0.9401840490797546,26,20,54,0,0,0
platform_mediation,mixed_bundle__high,mixed_bundle,high,3827489627,joint_linear,LINEAR,844ba01587aaafa5,True,278.64771273852676,0.020833333333333332,0.0,0.0,0.0,0.012499999999999999,0.019938650306748466,0.019938650306748466,47,0,2,0,0,681
platform_mediation,mixed_bundle__high,mixed_bundle,high,3827489627,joint_cobb_douglas,COBB_DOUGLAS,844ba01587aaafa5,True,272.1416647674943,0.4583333333333333,0.375,0.375,0.22777777777777777,0.35260416666666666,0.9401840490797546,0.9401840490797546,26,20,54,0,0,650
platform_mediation,mixed_bundle__high,mixed_bundle,high,3827489627,joint_ces,CES,844ba01587aaafa5,True,275.2001071097458,0.4791666666666667,0.375,0.375,0.08333333333333333,0.3572916666666666,0.9133435582822086,0.9133435582822086,25,25,52,0,0,661
platform_mediation,mixed_bundle__high,mixed_bundle,high,3827489627,joint_leontief,LEONTIEF,844ba01587aaafa5,True,354.2788193366418,0.4375,0.375,0.375,0.16666666666666666,0.3427083333333334,0.9187116564417178,0.9187116564417178,27,22,49,0,0,716
platform_mediation,mixed_bundle__high,mixed_bundle,high,36981631,equal,none,cf561c5fc756f2a9,True,,0.5625,0.5,0.5,0.05714285714285714,0.41041666666666665,0.9251247920133111,0.9251247920133111,21,32,51,0,0,0
platform_mediation,mixed_bundle__high,mixed_bundle,high,36981631,drf,none,cf561c5fc756f2a9,True,,0.5416666666666666,0.375,0.375,0.08333333333333333,0.40208333333333335,0.9076539101497504,0.9129707112970711,22,31,51,0,0,0
platform_mediation,mixed_bundle__high,mixed_bundle,high,36981631,decomposed_cobb_douglas,COBB_DOUGLAS,cf561c5fc756f2a9,True,267.2816204934714,0.5625,0.375,0.40625,0.06547619047619048,0.41406250000000006,0.9193011647254575,0.9193011647254575,21,32,51,0,0,0
platform_mediation,mixed_bundle__high,mixed_bundle,high,36981631,joint_linear,LINEAR,cf561c5fc756f2a9,True,273.9623089395707,0.020833333333333332,0.0,0.0,0.0,0.012499999999999999,0.021630615640599003,0.021630615640599003,47,0,2,0,0,672
platform_mediation,mixed_bundle__high,mixed_bundle,high,36981631,joint_cobb_douglas,COBB_DOUGLAS,cf561c5fc756f2a9,True,267.2820464152383,0.5625,0.375,0.40625,0.06547619047619048,0.41406250000000006,0.9193011647254575,0.9193011647254575,21,32,51,0,0,687
platform_mediation,mixed_bundle__high,mixed_bundle,high,36981631,joint_ces,CES,cf561c5fc756f2a9,True,270.35167441220847,0.6041666666666666,0.5,0.5,0.0,0.4322916666666667,0.9217970049916805,0.9217970049916805,19,36,55,0,0,679
platform_mediation,mixed_bundle__high,mixed_bundle,high,36981631,joint_leontief,LEONTIEF,cf561c5fc756f2a9,True,349.1382076841677,0.5625,0.375,0.40625,0.06547619047619048,0.41406250000000006,0.9193011647254575,0.9193011647254575,21,32,51,0,0,680
platform_mediation,mixed_bundle__high,mixed_bundle,high,200390215,equal,none,f9286d9f89de8a99,True,,0.5208333333333334,0.375,0.40625,0.06547619047619048,0.38697916666666665,0.9047619047619048,0.9047619047619048,23,33,48,0,0,0
platform_mediation,mixed_bundle__high,mixed_bundle,high,200390215,drf,none,f9286d9f89de8a99,True,,0.5208333333333334,0.375,0.375,0.1111111111111111,0.3843750000000001,0.9404761904761905,0.950925925925926,23,29,50,0,0,0
platform_mediation,mixed_bundle__high,mixed_bundle,high,200390215,decomposed_cobb_douglas,COBB_DOUGLAS,f9286d9f89de8a99,True,261.9528582818774,0.5416666666666666,0.375,0.40625,0.06547619047619048,0.39895833333333336,0.9358974358974359,0.9358974358974359,22,32,49,0,0,0
platform_mediation,mixed_bundle__high,mixed_bundle,high,200390215,joint_linear,LINEAR,f9286d9f89de8a99,True,269.121730770132,0.020833333333333332,0.0,0.0,0.0,0.012499999999999999,0.023809523809523808,0.023809523809523808,47,0,2,0,0,695
platform_mediation,mixed_bundle__high,mixed_bundle,high,200390215,joint_cobb_douglas,COBB_DOUGLAS,f9286d9f89de8a99,True,261.9586207409054,0.5625,0.5,0.5,0.023809523809523808,0.40729166666666666,0.9267399267399268,0.9267399267399268,21,34,51,0,0,712
platform_mediation,mixed_bundle__high,mixed_bundle,high,200390215,joint_ces,CES,f9286d9f89de8a99,True,265.152260007547,0.5625,0.375,0.40625,0.06944444444444443,0.4109375,0.9001831501831502,0.9001831501831502,21,34,50,0,0,706
platform_mediation,mixed_bundle__high,mixed_bundle,high,200390215,joint_leontief,LEONTIEF,f9286d9f89de8a99,True,342.3252234078557,0.5625,0.5,0.5,0.0,0.403125,0.9102564102564102,0.9102564102564102,21,35,50,0,0,707
platform_mediation,mixed_bundle__high,mixed_bundle,high,2861016367,equal,none,e684ab5648dd230f,True,,0.6041666666666666,0.375,0.40625,0.20833333333333334,0.4281249999999999,0.8714168714168714,0.8714168714168714,19,27,62,0,0,0
platform_mediation,mixed_bundle__high,mixed_bundle,high,2861016367,drf,none,e684ab5648dd230f,True,,0.6041666666666666,0.375,0.40625,0.25,0.43124999999999997,0.9058149058149059,0.9110378912685337,19,25,65,0,0,0
platform_mediation,mixed_bundle__high,mixed_bundle,high,2861016367,decomposed_cobb_douglas,COBB_DOUGLAS,e684ab5648dd230f,True,268.3961139555158,0.6041666666666666,0.5,0.5,0.20833333333333334,0.42812500000000003,0.8714168714168714,0.8714168714168714,19,27,62,0,0,0
platform_mediation,mixed_bundle__high,mixed_bundle,high,2861016367,joint_linear,LINEAR,e684ab5648dd230f,True,274.8670147559923,0.0,0.0,0.0,0.0,0.0,0.0,0.0,48,0,0,0,0,697
platform_mediation,mixed_bundle__high,mixed_bundle,high,2861016367,joint_cobb_douglas,COBB_DOUGLAS,e684ab5648dd230f,True,268.3961139555158,0.6041666666666666,0.5,0.5,0.20833333333333334,0.42812500000000003,0.8714168714168714,0.8714168714168714,19,27,62,0,0,672
platform_mediation,mixed_bundle__high,mixed_bundle,high,2861016367,joint_ces,CES,e684ab5648dd230f,True,271.4875100811109,0.6041666666666666,0.375,0.40625,0.20833333333333334,0.4270833333333333,0.9197379197379197,0.9197379197379197,19,26,64,0,0,715
platform_mediation,mixed_bundle__high,mixed_bundle,high,2861016367,joint_leontief,LEONTIEF,e684ab5648dd230f,True,350.3657839266424,0.6041666666666666,0.5,0.5,0.20833333333333334,0.42812500000000003,0.8714168714168714,0.8714168714168714,19,27,62,0,0,677
platform_mediation,mixed_bundle__high,mixed_bundle,high,1878070025,equal,none,5215e7603a5d872a,True,,0.5,0.375,0.40625,0.11666666666666665,0.36041666666666666,0.932420872540633,0.932420872540633,24,21,55,0,0,0
platform_mediation,mixed_bundle__high,mixed_bundle,high,1878070025,drf,none,5215e7603a5d872a,True,,0.4375,0.25,0.28125,0.19444444444444442,0.3302083333333334,0.9024807527801539,0.9063573883161512,27,17,52,0,0,0
platform_mediation,mixed_bundle__high,mixed_bundle,high,1878070025,decomposed_cobb_douglas,COBB_DOUGLAS,5215e7603a5d872a,True,264.95272563842275,0.4791666666666667,0.375,0.375,0.13888888888888887,0.34791666666666665,0.9101796407185628,0.9101796407185628,25,21,53,0,0,0
platform_mediation,mixed_bundle__high,mixed_bundle,high,1878070025,joint_linear,LINEAR,5215e7603a5d872a,True,271.62323624580307,0.0,0.0,0.0,0.0,0.0,0.0,0.0,48,0,0,0,0,681
platform_mediation,mixed_bundle__high,mixed_bundle,high,1878070025,joint_cobb_douglas,COBB_DOUGLAS,5215e7603a5d872a,True,264.9527016698832,0.4791666666666667,0.375,0.375,0.13888888888888887,0.34791666666666665,0.9101796407185628,0.9101796407185628,25,21,53,0,0,681
platform_mediation,mixed_bundle__high,mixed_bundle,high,1878070025,joint_ces,CES,5215e7603a5d872a,True,268.1370817328524,0.4791666666666667,0.375,0.375,0.125,0.34791666666666665,0.9101796407185628,0.9101796407185628,25,21,53,0,0,700
platform_mediation,mixed_bundle__high,mixed_bundle,high,1878070025,joint_leontief,LEONTIEF,5215e7603a5d872a,True,347.36803122347436,0.4791666666666667,0.375,0.375,0.125,0.346875,0.93071000855432,0.93071000855432,25,20,55,0,0,671
platform_mediation,mixed_bundle__high,mixed_bundle,high,1685276958,equal,none,f077d329bfb61f87,True,,0.5208333333333334,0.375,0.375,0.16666666666666666,0.38645833333333335,0.8915171288743883,0.8915171288743883,23,26,55,0,0,0
platform_mediation,mixed_bundle__high,mixed_bundle,high,1685276958,drf,none,f077d329bfb61f87,True,,0.5625,0.375,0.40625,0.05555555555555555,0.40833333333333327,0.9208809135399674,0.9315181518151815,21,31,57,0,0,0
platform_mediation,mixed_bundle__high,mixed_bundle,high,1685276958,decomposed_cobb_douglas,COBB_DOUGLAS,f077d329bfb61f87,True,268.9759180956293,0.5833333333333334,0.375,0.40625,0.1349206349206349,0.42500000000000004,0.9494290375203915,0.9494290375203915,20,28,60,0,0,0
platform_mediation,mixed_bundle__high,mixed_bundle,high,1685276958,joint_linear,LINEAR,f077d329bfb61f87,True,275.72728012626834,0.041666666666666664,0.0,0.0,0.0,0.024999999999999998,0.04241435562805873,0.04241435562805873,46,0,4,0,0,688
platform_mediation,mixed_bundle__high,mixed_bundle,high,1685276958,joint_cobb_douglas,COBB_DOUGLAS,f077d329bfb61f87,True,268.9766216027418,0.5833333333333334,0.375,0.40625,0.1349206349206349,0.42500000000000004,0.9494290375203915,0.9494290375203915,20,28,60,0,0,670
platform_mediation,mixed_bundle__high,mixed_bundle,high,1685276958,joint_ces,CES,f077d329bfb61f87,True,272.10449940732826,0.5833333333333334,0.5,0.5,0.020833333333333332,0.4109375,0.9306688417618271,0.9306688417618271,20,28,62,0,0,684
platform_mediation,mixed_bundle__high,mixed_bundle,high,1685276958,joint_leontief,LEONTIEF,f077d329bfb61f87,True,350.2434212598926,0.5833333333333334,0.375,0.40625,0.10714285714285714,0.4208333333333334,0.9347471451876019,0.9347471451876019,20,29,59,0,0,691
platform_mediation,mixed_bundle__high,mixed_bundle,high,283730167,equal,none,5dc53302f242fdca,True,,0.4791666666666667,0.375,0.375,0.4000000000000001,0.35572916666666665,0.8337707786526685,0.8337707786526685,25,21,46,0,0,0
platform_mediation,mixed_bundle__high,mixed_bundle,high,283730167,drf,none,5dc53302f242fdca,True,,0.5,0.375,0.375,0.34920634920634924,0.3838541666666666,0.8643919510061242,0.8782222222222222,24,24,47,0,0,0
platform_mediation,mixed_bundle__high,mixed_bundle,high,283730167,decomposed_cobb_douglas,COBB_DOUGLAS,5dc53302f242fdca,True,263.10057433153236,0.5416666666666666,0.5,0.5,0.1365079365079365,0.40260416666666665,0.94750656167979,0.94750656167979,22,27,51,0,0,0
platform_mediation,mixed_bundle__high,mixed_bundle,high,283730167,joint_linear,LINEAR,5dc53302f242fdca,True,270.61539264462164,0.0,0.0,0.0,0.0,0.0,0.0,0.0,48,0,0,0,0,676
platform_mediation,mixed_bundle__high,mixed_bundle,high,283730167,joint_cobb_douglas,COBB_DOUGLAS,5dc53302f242fdca,True,263.10057433153236,0.5416666666666666,0.5,0.5,0.1365079365079365,0.40260416666666665,0.94750656167979,0.94750656167979,22,27,51,0,0,652
platform_mediation,mixed_bundle__high,mixed_bundle,high,283730167,joint_ces,CES,5dc53302f242fdca,True,266.0956605927792,0.5833333333333334,0.5,0.5,0.09325396825396826,0.42864583333333334,0.9238845144356955,0.9238845144356955,20,33,50,0,0,664
platform_mediation,mixed_bundle__high,mixed_bundle,high,283730167,joint_leontief,LEONTIEF,5dc53302f242fdca,True,345.7845037371171,0.5416666666666666,0.5,0.5,0.1126984126984127,0.3984375,0.931758530183727,0.931758530183727,22,28,50,0,0,743
platform_mediation,mixed_bundle__high,mixed_bundle,high,2686864897,equal,none,5de8b3bf23abdd59,True,,0.5625,0.5,0.5,0.03333333333333333,0.39687500000000003,0.9078014184397163,0.9078014184397163,21,28,57,0,0,0
platform_mediation,mixed_bundle__high,mixed_bundle,high,2686864897,drf,none,5de8b3bf23abdd59,True,,0.5208333333333334,0.375,0.375,0.18611111111111112,0.38645833333333335,0.9299645390070922,0.9332740213523132,23,24,55,0,0,0
platform_mediation,mixed_bundle__high,mixed_bundle,high,2686864897,decomposed_cobb_douglas,COBB_DOUGLAS,5de8b3bf23abdd59,True,263.41921988131355,0.5625,0.375,0.40625,0.08888888888888889,0.40208333333333335,0.9024822695035462,0.9024822695035462,21,28,56,0,0,0
platform_mediation,mixed_bundle__high,mixed_bundle,high,2686864897,joint_linear,LINEAR,5de8b3bf23abdd59,True,270.4946459854666,0.08333333333333333,0.0,0.0,0.05555555555555555,0.06458333333333334,0.13386524822695037,0.13386524822695037,44,4,7,0,0,709
platform_mediation,mixed_bundle__high,mixed_bundle,high,2686864897,joint_cobb_douglas,COBB_DOUGLAS,5de8b3bf23abdd59,True,263.4246102419866,0.5625,0.375,0.40625,0.08888888888888889,0.40208333333333335,0.9024822695035462,0.9024822695035462,21,28,56,0,0,688
platform_mediation,mixed_bundle__high,mixed_bundle,high,2686864897,joint_ces,CES,5de8b3bf23abdd59,True,266.4635277409931,0.5833333333333334,0.5,0.5,0.08888888888888889,0.4145833333333333,0.925531914893617,0.925531914893617,20,28,58,0,0,937
platform_mediation,mixed_bundle__high,mixed_bundle,high,2686864897,joint_leontief,LEONTIEF,5de8b3bf23abdd59,True,345.08125919523593,0.5625,0.375,0.40625,0.08888888888888889,0.40208333333333335,0.9024822695035462,0.9024822695035462,21,28,56,0,0,749
platform_mediation,mixed_bundle__high,mixed_bundle,high,3834095064,equal,none,eeb9456a59993f21,True,,0.5625,0.375,0.375,0.375,0.4145833333333333,0.864908073541167,0.864908073541167,21,25,57,0,0,0
platform_mediation,mixed_bundle__high,mixed_bundle,high,3834095064,drf,none,eeb9456a59993f21,True,,0.5208333333333334,0.375,0.375,0.4173280423280423,0.3953125,0.9016786570743405,0.9148418491484185,23,23,55,0,0,0
platform_mediation,mixed_bundle__high,mixed_bundle,high,3834095064,decomposed_cobb_douglas,COBB_DOUGLAS,eeb9456a59993f21,True,269.9599806102129,0.5625,0.375,0.40625,0.12566137566137567,0.4088541666666667,0.9016786570743405,0.9016786570743405,21,27,57,0,0,0
platform_mediation,mixed_bundle__high,mixed_bundle,high,3834095064,joint_linear,LINEAR,eeb9456a59993f21,True,276.47966600864413,0.020833333333333332,0.0,0.0,0.0,0.012499999999999999,0.020783373301358914,0.020783373301358914,47,0,2,0,0,840
platform_mediation,mixed_bundle__high,mixed_bundle,high,3834095064,joint_cobb_douglas,COBB_DOUGLAS,eeb9456a59993f21,True,269.9599806102129,0.5625,0.375,0.40625,0.12566137566137567,0.4088541666666667,0.9016786570743405,0.9016786570743405,21,27,57,0,0,777
platform_mediation,mixed_bundle__high,mixed_bundle,high,3834095064,joint_ces,CES,eeb9456a59993f21,True,272.90410432437176,0.5833333333333334,0.375,0.40625,0.35714285714285715,0.4276041666666666,0.9128697042366107,0.9128697042366107,20,26,60,0,0,882
platform_mediation,mixed_bundle__high,mixed_bundle,high,3834095064,joint_leontief,LEONTIEF,eeb9456a59993f21,True,351.7944983969859,0.5833333333333334,0.375,0.40625,0.25,0.425,0.9168665067945644,0.9168665067945644,20,27,59,0,0,825
platform_mediation,mixed_bundle__high,mixed_bundle,high,1230579794,equal,none,883efb2f3d06ef9a,True,,0.5,0.25,0.28125,0.13749999999999998,0.37291666666666673,0.9452914798206278,0.9452914798206278,24,27,48,0,0,0
platform_mediation,mixed_bundle__high,mixed_bundle,high,1230579794,drf,none,883efb2f3d06ef9a,True,,0.5208333333333334,0.25,0.28125,0.25,0.3843750000000001,0.9210762331838565,0.9378995433789954,23,29,50,0,0,0
platform_mediation,mixed_bundle__high,mixed_bundle,high,1230579794,decomposed_cobb_douglas,COBB_DOUGLAS,883efb2f3d06ef9a,True,262.7877348186429,0.4791666666666667,0.25,0.28125,0.07638888888888888,0.3541666666666667,0.9076233183856502,0.9076233183856502,25,28,45,0,0,0
platform_mediation,mixed_bundle__high,mixed_bundle,high,1230579794,joint_linear,LINEAR,883efb2f3d06ef9a,True,269.48133493695497,0.020833333333333332,0.0,0.0,0.0,0.012499999999999999,0.023318385650224215,0.023318385650224215,47,0,2,0,0,785
platform_mediation,mixed_bundle__high,mixed_bundle,high,1230579794,joint_cobb_douglas,COBB_DOUGLAS,883efb2f3d06ef9a,True,262.7891672051158,0.5,0.25,0.28125,0.020833333333333332,0.3661458333333334,0.9237668161434978,0.9237668161434978,24,30,47,0,0,770
platform_mediation,mixed_bundle__high,mixed_bundle,high,1230579794,joint_ces,CES,883efb2f3d06ef9a,True,265.84054108978523,0.5416666666666666,0.375,0.40625,0.0863095238095238,0.3947916666666667,0.8977578475336323,0.8977578475336323,22,30,52,0,0,772
platform_mediation,mixed_bundle__high,mixed_bundle,high,1230579794,joint_leontief,LEONTIEF,883efb2f3d06ef9a,True,343.0369089013115,0.5416666666666666,0.375,0.40625,0.14583333333333334,0.39999999999999997,0.9165919282511211,0.9165919282511211,22,31,50,0,0,798
platform_mediation,mixed_bundle__high,mixed_bundle,high,1848230646,equal,none,64a676d8b1674009,True,,0.5,0.25,0.3125,0.16666666666666666,0.36041666666666666,0.9304482225656878,0.9304482225656878,24,16,64,0,0,0
platform_mediation,mixed_bundle__high,mixed_bundle,high,1848230646,drf,none,64a676d8b1674009,True,,0.5,0.375,0.40625,0.125,0.36145833333333327,0.9188562596599691,0.9217054263565891,24,19,62,0,0,0
platform_mediation,mixed_bundle__high,mixed_bundle,high,1848230646,decomposed_cobb_douglas,COBB_DOUGLAS,64a676d8b1674009,True,271.9870318429761,0.4791666666666667,0.375,0.375,0.2916666666666667,0.35833333333333334,0.9219474497681608,0.9219474497681608,25,17,59,0,0,0
platform_mediation,mixed_bundle__high,mixed_bundle,high,1848230646,joint_linear,LINEAR,64a676d8b1674009,True,279.04012827515396,0.041666666666666664,0.0,0.0,0.0,0.024999999999999998,0.0401854714064915,0.0401854714064915,46,0,4,0,0,688
platform_mediation,mixed_bundle__high,mixed_bundle,high,1848230646,joint_cobb_douglas,COBB_DOUGLAS,64a676d8b1674009,True,271.98813528603574,0.4791666666666667,0.375,0.375,0.20833333333333334,0.3520833333333333,0.9041731066460588,0.9041731066460588,25,18,58,0,0,700
platform_mediation,mixed_bundle__high,mixed_bundle,high,1848230646,joint_ces,CES,64a676d8b1674009,True,275.1981607857289,0.5208333333333334,0.375,0.40625,0.19444444444444442,0.3807291666666666,0.9080370942812983,0.9080370942812983,23,19,62,0,0,724
platform_mediation,mixed_bundle__high,mixed_bundle,high,1848230646,joint_leontief,LEONTIEF,64a676d8b1674009,True,353.8633565446435,0.5,0.375,0.40625,0.20833333333333334,0.36666666666666664,0.9142194744976816,0.9142194744976816,24,19,61,0,0,676
platform_mediation,mixed_bundle__high,mixed_bundle,high,2180656444,equal,none,381949f66e36e3c6,True,,0.5416666666666666,0.375,0.375,0.08888888888888889,0.38645833333333335,0.9170506912442397,0.9170506912442397,22,24,53,0,0,0
platform_mediation,mixed_bundle__high,mixed_bundle,high,2180656444,drf,none,381949f66e36e3c6,True,,0.5416666666666666,0.375,0.40625,0.023809523809523808,0.37447916666666664,0.9142857142857143,0.9288389513108615,22,23,56,0,0,0
platform_mediation,mixed_bundle__high,mixed_bundle,high,2180656444,decomposed_cobb_douglas,COBB_DOUGLAS,381949f66e36e3c6,True,259.69479007260844,0.5208333333333334,0.375,0.375,0.10714285714285714,0.37135416666666665,0.9032258064516129,0.9032258064516129,23,24,54,0,0,0
platform_mediation,mixed_bundle__high,mixed_bundle,high,2180656444,joint_linear,LINEAR,381949f66e36e3c6,True,266.9769456959,0.0625,0.0,0.0,0.0,0.0375,0.07188940092165899,0.07188940092165899,45,0,6,0,0,689
platform_mediation,mixed_bundle__high,mixed_bundle,high,2180656444,joint_cobb_douglas,COBB_DOUGLAS,381949f66e36e3c6,True,259.6964518598743,0.5208333333333334,0.375,0.375,0.10714285714285714,0.37135416666666665,0.9096774193548387,0.9096774193548387,23,24,54,0,0,722
platform_mediation,mixed_bundle__high,mixed_bundle,high,2180656444,joint_ces,CES,381949f66e36e3c6,True,262.98456398341693,0.5625,0.375,0.375,0.023809523809523808,0.38697916666666665,0.9382488479262673,0.9382488479262673,21,23,58,0,0,743
platform_mediation,mixed_bundle__high,mixed_bundle,high,2180656444,joint_leontief,LEONTIEF,381949f66e36e3c6,True,340.1108380005446,0.5416666666666666,0.375,0.40625,0.06547619047619048,0.38177083333333334,0.9391705069124424,0.9391705069124424,22,23,55,0,0,669
platform_mediation,mixed_bundle__high,mixed_bundle,high,1353109879,equal,none,62fdb3ac6ad83eda,True,,0.4791666666666667,0.375,0.375,0.40277777777777773,0.3541666666666667,0.9207207207207208,0.9207207207207208,25,14,56,0,0,0
platform_mediation,mixed_bundle__high,mixed_bundle,high,1353109879,drf,none,62fdb3ac6ad83eda,True,,0.5416666666666666,0.375,0.375,0.041666666666666664,0.37968749999999996,0.9117117117117117,0.9166666666666666,22,26,56,0,0,0
platform_mediation,mixed_bundle__high,mixed_bundle,high,1353109879,decomposed_cobb_douglas,COBB_DOUGLAS,62fdb3ac6ad83eda,True,262.03331414137176,0.5416666666666666,0.375,0.40625,0.13888888888888887,0.38437499999999997,0.9288288288288288,0.9288288288288288,22,23,57,0,0,0
platform_mediation,mixed_bundle__high,mixed_bundle,high,1353109879,joint_linear,LINEAR,62fdb3ac6ad83eda,True,269.98008455144907,0.0,0.0,0.0,0.0,0.0,0.0,0.0,48,0,0,0,0,674
platform_mediation,mixed_bundle__high,mixed_bundle,high,1353109879,joint_cobb_douglas,COBB_DOUGLAS,62fdb3ac6ad83eda,True,262.0416131636415,0.5416666666666666,0.375,0.40625,0.08333333333333333,0.3802083333333333,0.9126126126126126,0.9126126126126126,22,24,56,0,0,695
platform_mediation,mixed_bundle__high,mixed_bundle,high,1353109879,joint_ces,CES,62fdb3ac6ad83eda,True,265.13895177655695,0.5,0.375,0.40625,0.125,0.35624999999999996,0.8945945945945946,0.8945945945945946,24,20,54,0,0,666
platform_mediation,mixed_bundle__high,mixed_bundle,high,1353109879,joint_leontief,LEONTIEF,62fdb3ac6ad83eda,True,343.8917768907909,0.5416666666666666,0.375,0.40625,0.16666666666666666,0.38437499999999997,0.9135135135135135,0.9135135135135135,22,22,56,0,0,706
platform_mediation,mixed_bundle__high,mixed_bundle,high,487460242,equal,none,427caf260695f7e0,True,,0.5625,0.375,0.40625,0.075,0.41406249999999994,0.923141186299081,0.923141186299081,21,32,51,0,0,0
platform_mediation,mixed_bundle__high,mixed_bundle,high,487460242,drf,none,427caf260695f7e0,True,,0.5208333333333334,0.375,0.40625,0.14444444444444443,0.39166666666666666,0.9005847953216374,0.9013377926421404,23,30,50,0,0,0
platform_mediation,mixed_bundle__high,mixed_bundle,high,487460242,decomposed_cobb_douglas,COBB_DOUGLAS,427caf260695f7e0,True,266.4088506814793,0.5416666666666666,0.5,0.5,0.05714285714285714,0.39999999999999997,0.9197994987468672,0.9197994987468672,22,33,50,0,0,0
platform_mediation,mixed_bundle__high,mixed_bundle,high,487460242,joint_linear,LINEAR,427caf260695f7e0,True,273.0141229751432,0.020833333333333332,0.0,0.0,0.0,0.012499999999999999,0.02172096908939014,0.02172096908939014,47,0,2,0,0,716
platform_mediation,mixed_bundle__high,mixed_bundle,high,487460242,joint_cobb_douglas,COBB_DOUGLAS,427caf260695f7e0,True,266.4088506814793,0.5416666666666666,0.5,0.5,0.05714285714285714,0.39999999999999997,0.9197994987468672,0.9197994987468672,22,33,50,0,0,731
platform_mediation,mixed_bundle__high,mixed_bundle,high,487460242,joint_ces,CES,427caf260695f7e0,True,269.43021020571473,0.5625,0.375,0.40625,0.03333333333333333,0.40989583333333335,0.9164578111946533,0.9164578111946533,21,34,51,0,0,700
platform_mediation,mixed_bundle__high,mixed_bundle,high,487460242,joint_leontief,LEONTIEF,427caf260695f7e0,True,348.4874020480886,0.4791666666666667,0.375,0.375,0.17777777777777778,0.3640625,0.9331662489557226,0.9331662489557226,25,24,51,0,0,671
platform_mediation,mixed_bundle__high,mixed_bundle,high,1345917653,equal,none,a9d1de4796ca450a,True,,0.4583333333333333,0.375,0.375,0.125,0.34375,0.8677337826453243,0.8677337826453243,26,22,54,0,0,0
platform_mediation,mixed_bundle__high,mixed_bundle,high,1345917653,drf,none,a9d1de4796ca450a,True,,0.5,0.375,0.375,0.08333333333333333,0.36666666666666664,0.8845829823083403,0.8982035928143712,24,27,55,0,0,0
platform_mediation,mixed_bundle__high,mixed_bundle,high,1345917653,decomposed_cobb_douglas,COBB_DOUGLAS,a9d1de4796ca450a,True,268.11242999708406,0.4791666666666667,0.375,0.375,0.16666666666666666,0.3645833333333333,0.9351305812973884,0.9351305812973884,25,25,53,0,0,0
platform_mediation,mixed_bundle__high,mixed_bundle,high,1345917653,joint_linear,LINEAR,a9d1de4796ca450a,True,275.30511905277746,0.020833333333333332,0.0,0.0,0.0,0.012499999999999999,0.02190395956192081,0.02190395956192081,47,0,2,0,0,675
platform_mediation,mixed_bundle__high,mixed_bundle,high,1345917653,joint_cobb_douglas,COBB_DOUGLAS,a9d1de4796ca450a,True,268.11242999708406,0.4791666666666667,0.375,0.375,0.16666666666666666,0.3645833333333333,0.9351305812973884,0.9351305812973884,25,25,53,0,0,661
platform_mediation,mixed_bundle__high,mixed_bundle,high,1345917653,joint_ces,CES,a9d1de4796ca450a,True,271.3579931262023,0.5416666666666666,0.5,0.5,0.10185185185185186,0.4072916666666666,0.9140690817186183,0.9140690817186183,22,30,55,0,0,669
platform_mediation,mixed_bundle__high,mixed_bundle,high,1345917653,joint_leontief,LEONTIEF,a9d1de4796ca450a,True,347.73994566005166,0.4375,0.375,0.375,0.2916666666666667,0.34375,0.9292333614153327,0.9292333614153327,27,19,53,0,0,684
platform_mediation,mixed_bundle__high,mixed_bundle,high,3456024317,equal,none,eb3f1ffb5b60798c,True,,0.5416666666666666,0.5,0.5,0.2833333333333333,0.40260416666666665,0.9302707136997539,0.9302707136997539,22,22,60,0,0,0
platform_mediation,mixed_bundle__high,mixed_bundle,high,3456024317,drf,none,eb3f1ffb5b60798c,True,,0.5625,0.5,0.5,0.075,0.4067708333333333,0.9081214109926169,0.9126133553173948,21,30,58,0,0,0
platform_mediation,mixed_bundle__high,mixed_bundle,high,3456024317,decomposed_cobb_douglas,COBB_DOUGLAS,eb3f1ffb5b60798c,True,268.5998187726626,0.5625,0.5,0.5,0.03333333333333333,0.39947916666666666,0.9007383100902379,0.9007383100902379,21,29,58,0,0,0
platform_mediation,mixed_bundle__high,mixed_bundle,high,3456024317,joint_linear,LINEAR,eb3f1ffb5b60798c,True,275.01472867538985,0.020833333333333332,0.0,0.0,0.0,0.012499999999999999,0.02132895816242822,0.02132895816242822,47,0,2,0,0,658
platform_mediation,mixed_bundle__high,mixed_bundle,high,3456024317,joint_cobb_douglas,COBB_DOUGLAS,eb3f1ffb5b60798c,True,268.60086906476874,0.5625,0.5,0.5,0.03333333333333333,0.39947916666666666,0.9007383100902379,0.9007383100902379,21,29,58,0,0,663
platform_mediation,mixed_bundle__high,mixed_bundle,high,3456024317,joint_ces,CES,eb3f1ffb5b60798c,True,271.7294779628514,0.5208333333333334,0.375,0.40625,0.075,0.3755208333333333,0.874487284659557,0.874487284659557,23,26,56,0,0,652
platform_mediation,mixed_bundle__high,mixed_bundle,high,3456024317,joint_leontief,LEONTIEF,eb3f1ffb5b60798c,True,350.30748067732986,0.5416666666666666,0.5,0.5,0.06666666666666667,0.3864583333333333,0.8999179655455292,0.8999179655455292,22,26,58,0,0,654
platform_mediation,mixed_bundle__high,mixed_bundle,high,3250323002,equal,none,6e8f8c424b8bfc8a,True,,0.5416666666666666,0.375,0.40625,0.1765873015873016,0.40729166666666666,0.8947826086956522,0.8947826086956522,22,29,55,0,0,0
platform_mediation,mixed_bundle__high,mixed_bundle,high,3250323002,drf,none,6e8f8c424b8bfc8a,True,,0.5833333333333334,0.5,0.5,0.10185185185185186,0.42812500000000003,0.8947826086956522,0.901840490797546,20,35,55,0,0,0
platform_mediation,mixed_bundle__high,mixed_bundle,high,3250323002,decomposed_cobb_douglas,COBB_DOUGLAS,6e8f8c424b8bfc8a,True,265.83924371252465,0.6041666666666666,0.375,0.40625,0.041666666666666664,0.4322916666666667,0.9095652173913044,0.9095652173913044,19,35,56,0,0,0
platform_mediation,mixed_bundle__high,mixed_bundle,high,3250323002,joint_linear,LINEAR,6e8f8c424b8bfc8a,True,272.3195180298158,0.041666666666666664,0.0,0.0,0.0,0.024999999999999998,0.04521739130434783,0.04521739130434783,46,0,4,0,0,646
platform_mediation,mixed_bundle__high,mixed_bundle,high,3250323002,joint_cobb_douglas,COBB_DOUGLAS,6e8f8c424b8bfc8a,True,265.842423771758,0.6041666666666666,0.375,0.40625,0.041666666666666664,0.4322916666666667,0.9095652173913044,0.9095652173913044,19,35,56,0,0,686
platform_mediation,mixed_bundle__high,mixed_bundle,high,3250323002,joint_ces,CES,6e8f8c424b8bfc8a,True,268.95451815030594,0.6041666666666666,0.375,0.4375,0.06018518518518518,0.4328125,0.8947826086956522,0.8947826086956522,19,34,57,0,0,664
platform_mediation,mixed_bundle__high,mixed_bundle,high,3250323002,joint_leontief,LEONTIEF,6e8f8c424b8bfc8a,True,346.37762794465505,0.6041666666666666,0.375,0.40625,0.10714285714285714,0.44479166666666664,0.9495652173913044,0.9495652173913044,19,33,58,0,0,675
platform_mediation,mixed_bundle__high,mixed_bundle,high,2917984074,equal,none,f89bdf011036c466,True,,0.4791666666666667,0.25,0.28125,0.25,0.3541666666666667,0.9413243922883487,0.9413243922883487,25,17,57,0,0,0
platform_mediation,mixed_bundle__high,mixed_bundle,high,2917984074,drf,none,f89bdf011036c466,True,,0.4791666666666667,0.375,0.375,0.3333333333333333,0.35833333333333334,0.9337803855825649,0.9345637583892618,25,15,59,0,0,0
platform_mediation,mixed_bundle__high,mixed_bundle,high,2917984074,decomposed_cobb_douglas,COBB_DOUGLAS,f89bdf011036c466,True,266.6688305646488,0.4583333333333333,0.25,0.28125,0.16666666666666666,0.3385416666666667,0.8985750209555742,0.8985750209555742,26,20,53,0,0,0
platform_mediation,mixed_bundle__high,mixed_bundle,high,2917984074,joint_linear,LINEAR,f89bdf011036c466,True,273.3096997369463,0.0625,0.0,0.0,0.0,0.04374999999999999,0.12070410729253982,0.12070410729253982,45,3,9,0,0,690
platform_mediation,mixed_bundle__high,mixed_bundle,high,2917984074,joint_cobb_douglas,COBB_DOUGLAS,f89bdf011036c466,True,266.6688305646488,0.4583333333333333,0.25,0.28125,0.16666666666666666,0.3385416666666667,0.8985750209555742,0.8985750209555742,26,20,53,0,0,702
platform_mediation,mixed_bundle__high,mixed_bundle,high,2917984074,joint_ces,CES,f89bdf011036c466,True,269.8672877121979,0.4791666666666667,0.375,0.375,0.16666666666666666,0.34479166666666666,0.9086336965632859,0.9086336965632859,25,17,58,0,0,788
platform_mediation,mixed_bundle__high,mixed_bundle,high,2917984074,joint_leontief,LEONTIEF,f89bdf011036c466,True,348.71922494663045,0.4791666666666667,0.375,0.375,0.25,0.35312499999999997,0.9019279128248114,0.9019279128248114,25,19,56,0,0,802
platform_mediation,mixed_bundle__high,mixed_bundle,high,1847764534,equal,none,46e1be7578566e11,True,,0.5625,0.5,0.5,0.05555555555555555,0.4114583333333333,0.9381520119225037,0.9381520119225037,21,27,64,0,0,0
platform_mediation,mixed_bundle__high,mixed_bundle,high,1847764534,drf,none,46e1be7578566e11,True,,0.5416666666666666,0.5,0.5,0.05555555555555555,0.3958333333333333,0.9202682563338301,0.9223300970873787,22,25,63,0,0,0
platform_mediation,mixed_bundle__high,mixed_bundle,high,1847764534,decomposed_cobb_douglas,COBB_DOUGLAS,46e1be7578566e11,True,275.44806115689096,0.5625,0.5,0.5,0.05555555555555555,0.4114583333333333,0.9381520119225037,0.9381520119225037,21,27,64,0,0,0
platform_mediation,mixed_bundle__high,mixed_bundle,high,1847764534,joint_linear,LINEAR,46e1be7578566e11,True,281.7924522247832,0.020833333333333332,0.0,0.0,0.0,0.012499999999999999,0.019374068554396422,0.019374068554396422,47,0,2,0,0,720
platform_mediation,mixed_bundle__high,mixed_bundle,high,1847764534,joint_cobb_douglas,COBB_DOUGLAS,46e1be7578566e11,True,275.44806115689096,0.5625,0.5,0.5,0.05555555555555555,0.4114583333333333,0.9381520119225037,0.9381520119225037,21,27,64,0,0,573
platform_mediation,mixed_bundle__high,mixed_bundle,high,1847764534,joint_ces,CES,46e1be7578566e11,True,278.63821283812763,0.5625,0.5,0.5,0.05555555555555555,0.4114583333333333,0.9381520119225037,0.9381520119225037,21,27,64,0,0,669
platform_mediation,mixed_bundle__high,mixed_bundle,high,1847764534,joint_leontief,LEONTIEF,46e1be7578566e11,True,356.44277350026806,0.5625,0.5,0.5,0.05555555555555555,0.4114583333333333,0.9381520119225037,0.9381520119225037,21,27,64,0,0,655
platform_mediation,mixed_bundle__high,mixed_bundle,high,2134785319,equal,none,95dc6e08b6ddf218,True,,0.5,0.25,0.3125,0.06666666666666667,0.35885416666666664,0.8955532574974147,0.8955532574974147,24,26,48,0,0,0
platform_mediation,mixed_bundle__high,mixed_bundle,high,2134785319,drf,none,95dc6e08b6ddf218,True,,0.5,0.375,0.375,0.06547619047619048,0.36302083333333335,0.8686659772492245,0.8768267223382046,24,29,45,0,0,0
platform_mediation,mixed_bundle__high,mixed_bundle,high,2134785319,decomposed_cobb_douglas,COBB_DOUGLAS,95dc6e08b6ddf218,True,253.50863200977136,0.5416666666666666,0.25,0.3125,0.0,0.378125,0.8996897621509824,0.8996897621509824,22,30,49,0,0,0
platform_mediation,mixed_bundle__high,mixed_bundle,high,2134785319,joint_linear,LINEAR,95dc6e08b6ddf218,True,261.3394858581773,0.08333333333333333,0.0,0.0,0.023809523809523808,0.06770833333333333,0.14788004136504654,0.14788004136504654,44,6,7,0,0,758
platform_mediation,mixed_bundle__high,mixed_bundle,high,2134785319,joint_cobb_douglas,COBB_DOUGLAS,95dc6e08b6ddf218,True,253.51142929533597,0.5416666666666666,0.25,0.3125,0.0,0.378125,0.8996897621509824,0.8996897621509824,22,30,49,0,0,727
platform_mediation,mixed_bundle__high,mixed_bundle,high,2134785319,joint_ces,CES,95dc6e08b6ddf218,True,256.8903440387673,0.5833333333333334,0.375,0.40625,0.0,0.4010416666666667,0.9120992761116856,0.9120992761116856,20,30,53,0,0,685
platform_mediation,mixed_bundle__high,mixed_bundle,high,2134785319,joint_leontief,LEONTIEF,95dc6e08b6ddf218,True,334.2724938374888,0.5416666666666666,0.25,0.3125,0.08333333333333333,0.3822916666666667,0.9183040330920372,0.9183040330920372,22,29,50,0,0,682
platform_mediation,mixed_bundle__high,mixed_bundle,high,219922038,equal,none,85da4b005251ec9e,True,,0.5,0.25,0.28125,0.20833333333333334,0.3697916666666667,0.9505271695052717,0.9505271695052717,24,19,60,0,0,0
platform_mediation,mixed_bundle__high,mixed_bundle,high,219922038,drf,none,85da4b005251ec9e,True,,0.4791666666666667,0.375,0.40625,0.1111111111111111,0.3541666666666667,0.902676399026764,0.9115479115479116,25,23,55,0,0,0
platform_mediation,mixed_bundle__high,mixed_bundle,high,219922038,decomposed_cobb_douglas,COBB_DOUGLAS,85da4b005251ec9e,True,269.1899797901167,0.5208333333333334,0.375,0.375,0.0,0.37083333333333335,0.9294403892944039,0.9294403892944039,23,26,58,0,0,0
platform_mediation,mixed_bundle__high,mixed_bundle,high,219922038,joint_linear,LINEAR,85da4b005251ec9e,True,276.3451023064898,0.041666666666666664,0.0,0.0,0.0,0.024999999999999998,0.042173560421735604,0.042173560421735604,46,0,4,0,0,715
platform_mediation,mixed_bundle__high,mixed_bundle,high,219922038,joint_cobb_douglas,COBB_DOUGLAS,85da4b005251ec9e,True,269.1902509488771,0.5,0.375,0.375,0.08333333333333333,0.3625,0.9091646390916464,0.9091646390916464,24,24,56,0,0,679
platform_mediation,mixed_bundle__high,mixed_bundle,high,219922038,joint_ces,CES,85da4b005251ec9e,True,272.5002449767883,0.5208333333333334,0.375,0.375,0.027777777777777776,0.37395833333333334,0.9067315490673155,0.9067315490673155,23,25,56,0,0,709
platform_mediation,mixed_bundle__high,mixed_bundle,high,219922038,joint_leontief,LEONTIEF,85da4b005251ec9e,True,349.86481496027216,0.4583333333333333,0.25,0.3125,0.15,0.3432291666666667,0.9124087591240876,0.9124087591240876,26,19,56,0,0,688
platform_mediation,mixed_bundle__high,mixed_bundle,high,2616722491,equal,none,a602626f2c4bcb6a,True,,0.5208333333333334,0.375,0.40625,0.1111111111111111,0.3645833333333333,0.9367441860465117,0.9367441860465117,23,21,54,0,0,0
platform_mediation,mixed_bundle__high,mixed_bundle,high,2616722491,drf,none,a602626f2c4bcb6a,True,,0.5416666666666666,0.5,0.5,0.041666666666666664,0.3807291666666666,0.9190697674418604,0.926829268292683,22,27,54,0,0,0
platform_mediation,mixed_bundle__high,mixed_bundle,high,2616722491,decomposed_cobb_douglas,COBB_DOUGLAS,a602626f2c4bcb6a,True,259.86925552043056,0.5208333333333334,0.375,0.40625,0.041666666666666664,0.3671875,0.9274418604651162,0.9274418604651162,23,25,53,0,0,0
platform_mediation,mixed_bundle__high,mixed_bundle,high,2616722491,joint_linear,LINEAR,a602626f2c4bcb6a,True,267.04827095807246,0.0,0.0,0.0,0.0,0.0,0.0,0.0,48,0,0,0,0,710
platform_mediation,mixed_bundle__high,mixed_bundle,high,2616722491,joint_cobb_douglas,COBB_DOUGLAS,a602626f2c4bcb6a,True,259.8711309986553,0.5208333333333334,0.375,0.40625,0.041666666666666664,0.3671875,0.9274418604651162,0.9274418604651162,23,25,53,0,0,761
platform_mediation,mixed_bundle__high,mixed_bundle,high,2616722491,joint_ces,CES,a602626f2c4bcb6a,True,263.0033958559218,0.5416666666666666,0.375,0.40625,0.041666666666666664,0.3776041666666667,0.9144186046511628,0.9144186046511628,22,25,55,0,0,713
platform_mediation,mixed_bundle__high,mixed_bundle,high,2616722491,joint_leontief,LEONTIEF,a602626f2c4bcb6a,True,341.7606908319112,0.4791666666666667,0.375,0.40625,0.08888888888888889,0.3416666666666666,0.8948837209302326,0.8948837209302326,25,20,52,0,0,667
platform_mediation,mixed_bundle__high,mixed_bundle,high,503342258,equal,none,eedcebd5662f6efb,True,,0.5,0.375,0.40625,0.1111111111111111,0.36666666666666664,0.9166034874905231,0.9166034874905231,24,22,62,0,0,0
platform_mediation,mixed_bundle__high,mixed_bundle,high,503342258,drf,none,eedcebd5662f6efb,True,,0.5,0.375,0.40625,0.075,0.3609375000000001,0.9529946929492039,0.9624808575803981,24,20,66,0,0,0
platform_mediation,mixed_bundle__high,mixed_bundle,high,503342258,decomposed_cobb_douglas,COBB_DOUGLAS,eedcebd5662f6efb,True,275.0030680615928,0.5208333333333334,0.375,0.40625,0.13888888888888887,0.37708333333333327,0.9325246398786959,0.9325246398786959,23,22,64,0,0,0
platform_mediation,mixed_bundle__high,mixed_bundle,high,503342258,joint_linear,LINEAR,eedcebd5662f6efb,True,281.93704366024633,0.020833333333333332,0.0,0.0,0.0,0.012499999999999999,0.019711902956785442,0.019711902956785442,47,0,2,0,0,659
platform_mediation,mixed_bundle__high,mixed_bundle,high,503342258,joint_cobb_douglas,COBB_DOUGLAS,eedcebd5662f6efb,True,275.0036674167306,0.5208333333333334,0.375,0.40625,0.13888888888888887,0.37708333333333327,0.9325246398786959,0.9325246398786959,23,22,64,0,0,660
platform_mediation,mixed_bundle__high,mixed_bundle,high,503342258,joint_ces,CES,eedcebd5662f6efb,True,278.2864153959146,0.5625,0.5,0.5,0.0,0.390625,0.9188779378316907,0.9188779378316907,21,24,69,0,0,692
platform_mediation,mixed_bundle__high,mixed_bundle,high,503342258,joint_leontief,LEONTIEF,eedcebd5662f6efb,True,355.13459981426263,0.5208333333333334,0.375,0.40625,0.13888888888888887,0.378125,0.9143290371493555,0.9143290371493555,23,23,62,0,0,673
platform_mediation,mixed_bundle__high,mixed_bundle,high,2763899344,equal,none,f3e2caf0e49ef864,True,,0.5416666666666666,0.375,0.40625,0.075,0.39166666666666666,0.856198347107438,0.856198347107438,22,31,54,0,0,0
platform_mediation,mixed_bundle__high,mixed_bundle,high,2763899344,drf,none,f3e2caf0e49ef864,True,,0.5833333333333334,0.375,0.40625,0.15277777777777776,0.421875,0.9322314049586777,0.9392173189009159,20,29,61,0,0,0
platform_mediation,mixed_bundle__high,mixed_bundle,high,2763899344,decomposed_cobb_douglas,COBB_DOUGLAS,f3e2caf0e49ef864,True,268.604664893102,0.5625,0.375,0.40625,0.027777777777777776,0.3984375,0.9214876033057852,0.9214876033057852,21,28,60,0,0,0
platform_mediation,mixed_bundle__high,mixed_bundle,high,2763899344,joint_linear,LINEAR,f3e2caf0e49ef864,True,276.4933028301298,0.041666666666666664,0.0,0.0,0.0,0.03125,0.03966942148760331,0.03966942148760331,46,4,2,0,0,663
platform_mediation,mixed_bundle__high,mixed_bundle,high,2763899344,joint_cobb_douglas,COBB_DOUGLAS,f3e2caf0e49ef864,True,268.6070632315165,0.5625,0.375,0.40625,0.027777777777777776,0.3984375,0.9214876033057852,0.9214876033057852,21,28,60,0,0,658
platform_mediation,mixed_bundle__high,mixed_bundle,high,2763899344,joint_ces,CES,f3e2caf0e49ef864,True,271.9470244790959,0.5625,0.375,0.40625,0.1574074074074074,0.41041666666666665,0.9041322314049587,0.9041322314049587,21,26,61,0,0,710
platform_mediation,mixed_bundle__high,mixed_bundle,high,2763899344,joint_leontief,LEONTIEF,f3e2caf0e49ef864,True,349.33923313175444,0.5625,0.375,0.40625,0.08333333333333333,0.4046874999999999,0.9462809917355371,0.9462809917355371,21,27,61,0,0,763
platform_mediation,mixed_bundle__high,mixed_bundle,high,86227741,equal,none,a01662c400abee78,True,,0.5,0.5,0.5,0.10000000000000002,0.3671875,0.9568661971830986,0.9568661971830986,24,23,53,0,0,0
platform_mediation,mixed_bundle__high,mixed_bundle,high,86227741,drf,none,a01662c400abee78,True,,0.5,0.375,0.375,0.0,0.35312499999999997,0.875,0.879646017699115,24,26,53,0,0,0
platform_mediation,mixed_bundle__high,mixed_bundle,high,86227741,decomposed_cobb_douglas,COBB_DOUGLAS,a01662c400abee78,True,263.2232758621344,0.5416666666666666,0.5,0.5,0.03333333333333333,0.38645833333333335,0.9137323943661971,0.9137323943661971,22,28,55,0,0,0
platform_mediation,mixed_bundle__high,mixed_bundle,high,86227741,joint_linear,LINEAR,a01662c400abee78,True,270.0991882265706,0.020833333333333332,0.0,0.0,0.0,0.012499999999999999,0.022887323943661973,0.022887323943661973,47,0,2,0,0,765
platform_mediation,mixed_bundle__high,mixed_bundle,high,86227741,joint_cobb_douglas,COBB_DOUGLAS,a01662c400abee78,True,263.22352979887773,0.5625,0.5,0.5,0.03333333333333333,0.39895833333333336,0.9366197183098591,0.9366197183098591,21,28,57,0,0,682
platform_mediation,mixed_bundle__high,mixed_bundle,high,86227741,joint_ces,CES,a01662c400abee78,True,266.278608626486,0.5416666666666666,0.375,0.40625,0.03333333333333333,0.3833333333333333,0.9154929577464789,0.9154929577464789,22,26,56,0,0,695
platform_mediation,mixed_bundle__high,mixed_bundle,high,86227741,joint_leontief,LEONTIEF,a01662c400abee78,True,345.29853659184397,0.5625,0.5,0.5,0.03333333333333333,0.3973958333333334,0.9410211267605634,0.9410211267605634,21,28,57,0,0,681
platform_mediation,mixed_bundle__high,mixed_bundle,high,2938566810,equal,none,567b80ccdabdd060,True,,0.4791666666666667,0.25,0.28125,0.2833333333333333,0.35781250000000003,0.9155844155844156,0.9155844155844156,25,17,55,0,0,0
platform_mediation,mixed_bundle__high,mixed_bundle,high,2938566810,drf,none,567b80ccdabdd060,True,,0.4791666666666667,0.25,0.28125,0.18611111111111112,0.35520833333333335,0.9163961038961039,0.917140536149472,25,19,55,0,0,0
platform_mediation,mixed_bundle__high,mixed_bundle,high,2938566810,decomposed_cobb_douglas,COBB_DOUGLAS,567b80ccdabdd060,True,267.8089124009176,0.4791666666666667,0.25,0.28125,0.14444444444444446,0.35104166666666664,0.9017857142857143,0.9017857142857143,25,20,54,0,0,0
platform_mediation,mixed_bundle__high,mixed_bundle,high,2938566810,joint_linear,LINEAR,567b80ccdabdd060,True,273.99722655372904,0.020833333333333332,0.0,0.0,0.0,0.012499999999999999,0.021103896103896104,0.021103896103896104,47,0,2,0,0,652
platform_mediation,mixed_bundle__high,mixed_bundle,high,2938566810,joint_cobb_douglas,COBB_DOUGLAS,567b80ccdabdd060,True,267.8089124009176,0.4791666666666667,0.25,0.28125,0.14444444444444446,0.35104166666666664,0.9017857142857143,0.9017857142857143,25,20,54,0,0,671
platform_mediation,mixed_bundle__high,mixed_bundle,high,2938566810,joint_ces,CES,567b80ccdabdd060,True,270.81480814750637,0.4791666666666667,0.25,0.28125,0.0,0.34375,0.8847402597402597,0.8847402597402597,25,24,52,0,0,723
platform_mediation,mixed_bundle__high,mixed_bundle,high,2938566810,joint_leontief,LEONTIEF,567b80ccdabdd060,True,350.7650462478535,0.4791666666666667,0.25,0.28125,0.18611111111111112,0.35520833333333335,0.9163961038961039,0.9163961038961039,25,19,55,0,0,846
platform_mediation,mixed_bundle__high,mixed_bundle,high,2288293625,equal,none,de307d290bb6069f,True,,0.5208333333333334,0.375,0.40625,0.20833333333333334,0.37343750000000003,0.9272097053726169,0.9272097053726169,23,20,57,0,0,0
platform_mediation,mixed_bundle__high,mixed_bundle,high,2288293625,drf,none,de307d290bb6069f,True,,0.5208333333333334,0.375,0.40625,0.16666666666666666,0.3786458333333333,0.8994800693240901,0.9049694856146469,23,25,54,0,0,0
platform_mediation,mixed_bundle__high,mixed_bundle,high,2288293625,decomposed_cobb_douglas,COBB_DOUGLAS,de307d290bb6069f,True,264.2355078068225,0.5208333333333334,0.375,0.375,0.20833333333333334,0.378125,0.9211438474870017,0.9211438474870017,23,22,56,0,0,0
platform_mediation,mixed_bundle__high,mixed_bundle,high,2288293625,joint_linear,LINEAR,de307d290bb6069f,True,271.1619892574117,0.0,0.0,0.0,0.0,0.0,0.0,0.0,48,0,0,0,0,744
platform_mediation,mixed_bundle__high,mixed_bundle,high,2288293625,joint_cobb_douglas,COBB_DOUGLAS,de307d290bb6069f,True,264.23645790262344,0.5208333333333334,0.375,0.375,0.20833333333333334,0.378125,0.9211438474870017,0.9211438474870017,23,22,56,0,0,723
platform_mediation,mixed_bundle__high,mixed_bundle,high,2288293625,joint_ces,CES,de307d290bb6069f,True,267.2222596248703,0.5625,0.375,0.40625,0.125,0.3963541666666666,0.9306759098786829,0.9306759098786829,21,24,58,0,0,695
platform_mediation,mixed_bundle__high,mixed_bundle,high,2288293625,joint_leontief,LEONTIEF,de307d290bb6069f,True,346.5585930595981,0.5208333333333334,0.375,0.375,0.20833333333333334,0.378125,0.9211438474870017,0.9211438474870017,23,22,56,0,0,665
platform_mediation,mixed_bundle__high,mixed_bundle,high,921615593,equal,none,ec8389ad437aff45,True,,0.5416666666666666,0.375,0.375,0.08888888888888889,0.38385416666666666,0.9128352490421456,0.9128352490421456,22,26,52,0,0,0
platform_mediation,mixed_bundle__high,mixed_bundle,high,921615593,drf,none,ec8389ad437aff45,True,,0.5208333333333334,0.25,0.28125,0.05714285714285714,0.3666666666666667,0.8946360153256705,0.9032882011605415,23,24,51,0,0,0
platform_mediation,mixed_bundle__high,mixed_bundle,high,921615593,decomposed_cobb_douglas,COBB_DOUGLAS,ec8389ad437aff45,True,257.57573086204525,0.5833333333333334,0.375,0.40625,0.03333333333333333,0.4078125000000001,0.9434865900383141,0.9434865900383141,20,29,54,0,0,0
platform_mediation,mixed_bundle__high,mixed_bundle,high,921615593,joint_linear,LINEAR,ec8389ad437aff45,True,264.86550299426915,0.10416666666666667,0.0,0.0,0.0,0.07708333333333334,0.13793103448275862,0.13793103448275862,43,9,7,0,0,676
platform_mediation,mixed_bundle__high,mixed_bundle,high,921615593,joint_cobb_douglas,COBB_DOUGLAS,ec8389ad437aff45,True,257.576783344834,0.5625,0.375,0.40625,0.03333333333333333,0.3911458333333333,0.9434865900383141,0.9434865900383141,21,26,55,0,0,660
platform_mediation,mixed_bundle__high,mixed_bundle,high,921615593,joint_ces,CES,ec8389ad437aff45,True,260.68836808158846,0.5208333333333334,0.25,0.3125,0.0,0.36041666666666666,0.8735632183908046,0.8735632183908046,23,25,51,0,0,631
platform_mediation,mixed_bundle__high,mixed_bundle,high,921615593,joint_leontief,LEONTIEF,ec8389ad437aff45,True,339.9836329302428,0.5625,0.375,0.40625,0.08888888888888889,0.3963541666666666,0.9377394636015326,0.9377394636015326,21,26,54,0,0,650
platform_mediation,mixed_bundle__high,mixed_bundle,high,2795729131,equal,none,8ed6f2a941920c59,True,,0.5416666666666666,0.375,0.40625,0.20833333333333334,0.4005208333333334,0.9328593996840442,0.9328593996840442,22,20,63,0,0,0
platform_mediation,mixed_bundle__high,mixed_bundle,high,2795729131,drf,none,8ed6f2a941920c59,True,,0.5833333333333334,0.5,0.5,0.08333333333333333,0.4140625,0.9344391785150079,0.9359177215189873,20,26,65,0,0,0
platform_mediation,mixed_bundle__high,mixed_bundle,high,2795729131,decomposed_cobb_douglas,COBB_DOUGLAS,8ed6f2a941920c59,True,270.68657340160684,0.5416666666666666,0.375,0.375,0.20833333333333334,0.3984375,0.9296998420221169,0.9296998420221169,22,20,64,0,0,0
platform_mediation,mixed_bundle__high,mixed_bundle,high,2795729131,joint_linear,LINEAR,8ed6f2a941920c59,True,277.7923854103934,0.0625,0.0,0.0,0.0,0.0375,0.061611374407582936,0.061611374407582936,45,0,6,0,0,680
platform_mediation,mixed_bundle__high,mixed_bundle,high,2795729131,joint_cobb_douglas,COBB_DOUGLAS,8ed6f2a941920c59,True,270.68712935600763,0.5416666666666666,0.375,0.375,0.20833333333333334,0.39687500000000003,0.933649289099526,0.933649289099526,22,20,64,0,0,662
platform_mediation,mixed_bundle__high,mixed_bundle,high,2795729131,joint_ces,CES,8ed6f2a941920c59,True,273.9986288385074,0.5625,0.375,0.375,0.20833333333333334,0.4140625,0.943127962085308,0.943127962085308,21,22,65,0,0,603
platform_mediation,mixed_bundle__high,mixed_bundle,high,2795729131,joint_leontief,LEONTIEF,8ed6f2a941920c59,True,351.64248179478943,0.5625,0.5,0.5,0.03333333333333333,0.39999999999999997,0.9186413902053713,0.9186413902053713,21,26,64,0,0,755
platform_mediation,mixed_bundle__high,mixed_bundle,high,3245844845,equal,none,9e66b97c178788ea,True,,0.5,0.375,0.375,0.0,0.359375,0.8768821966341895,0.8768821966341895,24,30,51,0,0,0
platform_mediation,mixed_bundle__high,mixed_bundle,high,3245844845,drf,none,9e66b97c178788ea,True,,0.4583333333333333,0.25,0.25,0.08333333333333333,0.34062499999999996,0.8901682905225864,0.8981233243967829,26,25,52,0,0,0
platform_mediation,mixed_bundle__high,mixed_bundle,high,3245844845,decomposed_cobb_douglas,COBB_DOUGLAS,9e66b97c178788ea,True,264.7695526027884,0.4791666666666667,0.25,0.28125,0.075,0.3541666666666667,0.9229406554472985,0.9229406554472985,25,26,52,0,0,0
platform_mediation,mixed_bundle__high,mixed_bundle,high,3245844845,joint_linear,LINEAR,9e66b97c178788ea,True,271.6861943811996,0.0625,0.0,0.0,0.0,0.04583333333333334,0.08503100088573959,0.08503100088573959,45,5,5,0,0,687
platform_mediation,mixed_bundle__high,mixed_bundle,high,3245844845,joint_cobb_douglas,COBB_DOUGLAS,9e66b97c178788ea,True,264.7707722518498,0.4791666666666667,0.25,0.28125,0.075,0.3541666666666667,0.9229406554472985,0.9229406554472985,25,26,52,0,0,740
platform_mediation,mixed_bundle__high,mixed_bundle,high,3245844845,joint_ces,CES,9e66b97c178788ea,True,267.8991285650742,0.4791666666666667,0.25,0.28125,0.041666666666666664,0.3499999999999999,0.9069973427812223,0.9069973427812223,25,27,51,0,0,725
platform_mediation,mixed_bundle__high,mixed_bundle,high,3245844845,joint_leontief,LEONTIEF,9e66b97c178788ea,True,345.12478142405587,0.4791666666666667,0.25,0.28125,0.041666666666666664,0.3489583333333333,0.9282550930026572,0.9282550930026572,25,26,53,0,0,703
platform_mediation,mixed_bundle__high,mixed_bundle,high,838533486,equal,none,693abda4d8192a53,True,,0.5,0.375,0.40625,0.15833333333333333,0.3651041666666666,0.8972712680577849,0.8972712680577849,24,20,56,0,0,0
platform_mediation,mixed_bundle__high,mixed_bundle,high,838533486,drf,none,693abda4d8192a53,True,,0.4791666666666667,0.375,0.40625,0.19444444444444442,0.3609375000000001,0.9044943820224719,0.9066773934030571,25,19,55,0,0,0
platform_mediation,mixed_bundle__high,mixed_bundle,high,838533486,decomposed_cobb_douglas,COBB_DOUGLAS,693abda4d8192a53,True,268.57714762358376,0.5,0.375,0.375,0.21388888888888888,0.3635416666666667,0.9052969502407705,0.9052969502407705,24,18,56,0,0,0
platform_mediation,mixed_bundle__high,mixed_bundle,high,838533486,joint_linear,LINEAR,693abda4d8192a53,True,275.07146672444145,0.0625,0.0,0.0,0.0,0.0375,0.06260032102728733,0.06260032102728733,45,0,6,0,0,687
platform_mediation,mixed_bundle__high,mixed_bundle,high,838533486,joint_cobb_douglas,COBB_DOUGLAS,693abda4d8192a53,True,268.57714762358376,0.5,0.375,0.375,0.21388888888888888,0.3635416666666667,0.9052969502407705,0.9052969502407705,24,18,56,0,0,710
platform_mediation,mixed_bundle__high,mixed_bundle,high,838533486,joint_ces,CES,693abda4d8192a53,True,271.5963209966719,0.5208333333333334,0.375,0.40625,0.23611111111111108,0.3796875,0.920545746388443,0.920545746388443,23,18,58,0,0,695
platform_mediation,mixed_bundle__high,mixed_bundle,high,838533486,joint_leontief,LEONTIEF,693abda4d8192a53,True,351.60109623196234,0.5,0.375,0.40625,0.2916666666666667,0.3697916666666667,0.9181380417335474,0.9181380417335474,24,17,57,0,0,700
platform_mediation,mixed_bundle__high,mixed_bundle,high,1463347139,equal,none,eee418dd3875896c,True,,0.5,0.25,0.28125,0.125,0.3713541666666667,0.9298519095869057,0.9298519095869057,24,26,54,0,0,0
platform_mediation,mixed_bundle__high,mixed_bundle,high,1463347139,drf,none,eee418dd3875896c,True,,0.4791666666666667,0.25,0.28125,0.08333333333333333,0.3572916666666666,0.9189399844115355,0.9232576350822239,25,26,52,0,0,0
platform_mediation,mixed_bundle__high,mixed_bundle,high,1463347139,decomposed_cobb_douglas,COBB_DOUGLAS,eee418dd3875896c,True,271.3469639189534,0.5,0.375,0.375,0.18055555555555555,0.3729166666666666,0.9376461418550273,0.9376461418550273,24,22,57,0,0,0
platform_mediation,mixed_bundle__high,mixed_bundle,high,1463347139,joint_linear,LINEAR,eee418dd3875896c,True,278.3843260837034,0.041666666666666664,0.0,0.0,0.0,0.024999999999999998,0.04053000779423227,0.04053000779423227,46,0,4,0,0,691
platform_mediation,mixed_bundle__high,mixed_bundle,high,1463347139,joint_cobb_douglas,COBB_DOUGLAS,eee418dd3875896c,True,271.34883241764066,0.5,0.375,0.375,0.18055555555555555,0.37135416666666665,0.9415432579890881,0.9415432579890881,24,22,57,0,0,714
platform_mediation,mixed_bundle__high,mixed_bundle,high,1463347139,joint_ces,CES,eee418dd3875896c,True,274.4472419840632,0.5833333333333334,0.5,0.5,0.10277777777777779,0.42864583333333334,0.9134840218238504,0.9134840218238504,20,30,59,0,0,726
platform_mediation,mixed_bundle__high,mixed_bundle,high,1463347139,joint_leontief,LEONTIEF,eee418dd3875896c,True,353.41447079984584,0.5,0.375,0.375,0.2222222222222222,0.3755208333333333,0.9555728760717069,0.9555728760717069,24,21,58,0,0,807
platform_mediation,mixed_bundle__high,mixed_bundle,high,760864595,equal,none,79c094a4c4d5e7c0,True,,0.4583333333333333,0.375,0.375,0.375,0.340625,0.8474051123160341,0.8474051123160341,26,15,58,0,0,0
platform_mediation,mixed_bundle__high,mixed_bundle,high,760864595,drf,none,79c094a4c4d5e7c0,True,,0.5,0.375,0.40625,0.20833333333333334,0.3557291666666667,0.876839659178931,0.881619937694704,24,18,61,0,0,0
platform_mediation,mixed_bundle__high,mixed_bundle,high,760864595,decomposed_cobb_douglas,COBB_DOUGLAS,79c094a4c4d5e7c0,True,271.2079536996952,0.5416666666666666,0.5,0.5,0.125,0.38437499999999997,0.9573973663826492,0.9573973663826492,22,19,66,0,0,0
platform_mediation,mixed_bundle__high,mixed_bundle,high,760864595,joint_linear,LINEAR,79c094a4c4d5e7c0,True,278.05505088189597,0.08333333333333333,0.0,0.0,0.0,0.053125000000000006,0.07900852052672347,0.07900852052672347,44,2,7,0,0,737
platform_mediation,mixed_bundle__high,mixed_bundle,high,760864595,joint_cobb_douglas,COBB_DOUGLAS,79c094a4c4d5e7c0,True,271.2081095255079,0.5416666666666666,0.5,0.5,0.125,0.38437499999999997,0.9573973663826492,0.9573973663826492,22,19,66,0,0,759
platform_mediation,mixed_bundle__high,mixed_bundle,high,760864595,joint_ces,CES,79c094a4c4d5e7c0,True,274.2760514275288,0.5208333333333334,0.375,0.40625,0.075,0.3729166666666666,0.9186676994577847,0.9186676994577847,23,20,62,0,0,822
platform_mediation,mixed_bundle__high,mixed_bundle,high,760864595,joint_leontief,LEONTIEF,79c094a4c4d5e7c0,True,353.9193888308279,0.5416666666666666,0.5,0.5,0.125,0.3828125,0.9612703330751355,0.9612703330751355,22,19,66,0,0,758
platform_mediation,mixed_bundle__high,mixed_bundle,high,3064029121,equal,none,6510f5ececdfc03f,True,,0.5416666666666666,0.375,0.40625,0.15277777777777776,0.390625,0.913477537437604,0.913477537437604,22,24,58,0,0,0
platform_mediation,mixed_bundle__high,mixed_bundle,high,3064029121,drf,none,6510f5ececdfc03f,True,,0.5625,0.375,0.40625,0.10185185185185186,0.403125,0.8976705490848585,0.9105485232067511,21,30,58,0,0,0
platform_mediation,mixed_bundle__high,mixed_bundle,high,3064029121,decomposed_cobb_douglas,COBB_DOUGLAS,6510f5ececdfc03f,True,268.7881562725069,0.5208333333333334,0.375,0.40625,0.1574074074074074,0.38177083333333334,0.8876871880199667,0.8876871880199667,23,25,56,0,0,0
platform_mediation,mixed_bundle__high,mixed_bundle,high,3064029121,joint_linear,LINEAR,6510f5ececdfc03f,True,275.94123150064524,0.020833333333333332,0.0,0.0,0.0,0.012499999999999999,0.021630615640599003,0.021630615640599003,47,0,2,0,0,692
platform_mediation,mixed_bundle__high,mixed_bundle,high,3064029121,joint_cobb_douglas,COBB_DOUGLAS,6510f5ececdfc03f,True,268.7890044536827,0.5416666666666666,0.375,0.40625,0.10185185185185186,0.3880208333333333,0.8901830282861897,0.8901830282861897,22,26,57,0,0,678
platform_mediation,mixed_bundle__high,mixed_bundle,high,3064029121,joint_ces,CES,6510f5ececdfc03f,True,272.2019267334463,0.5833333333333334,0.5,0.5,0.08333333333333333,0.4135416666666667,0.891846921797005,0.891846921797005,20,30,60,0,0,704
platform_mediation,mixed_bundle__high,mixed_bundle,high,3064029121,joint_leontief,LEONTIEF,6510f5ececdfc03f,True,348.53265270478977,0.5416666666666666,0.375,0.40625,0.13888888888888887,0.39166666666666666,0.8985024958402662,0.8985024958402662,22,27,58,0,0,692
platform_mediation,mixed_bundle__high,mixed_bundle,high,2643687549,equal,none,d3dc01a6ed5dc335,True,,0.5416666666666666,0.375,0.40625,0.12658730158730158,0.40781249999999997,0.8700173310225303,0.8700173310225303,22,32,53,0,0,0
platform_mediation,mixed_bundle__high,mixed_bundle,high,2643687549,drf,none,d3dc01a6ed5dc335,True,,0.5416666666666666,0.375,0.40625,0.027777777777777776,0.39479166666666665,0.8847487001733102,0.894829097283085,22,33,54,0,0,0
platform_mediation,mixed_bundle__high,mixed_bundle,high,2643687549,decomposed_cobb_douglas,COBB_DOUGLAS,d3dc01a6ed5dc335,True,266.3230420036382,0.5625,0.375,0.40625,0.09444444444444444,0.4161458333333334,0.8856152512998267,0.8856152512998267,21,34,55,0,0,0
platform_mediation,mixed_bundle__high,mixed_bundle,high,2643687549,joint_linear,LINEAR,d3dc01a6ed5dc335,True,273.16585049589645,0.125,0.0,0.0,0.0,0.08958333333333333,0.14731369150779897,0.14731369150779897,42,9,9,0,0,679
platform_mediation,mixed_bundle__high,mixed_bundle,high,2643687549,joint_cobb_douglas,COBB_DOUGLAS,d3dc01a6ed5dc335,True,266.3247599332861,0.5625,0.375,0.40625,0.15,0.42031250000000003,0.8864818024263431,0.8864818024263431,21,32,55,0,0,729
platform_mediation,mixed_bundle__high,mixed_bundle,high,2643687549,joint_ces,CES,d3dc01a6ed5dc335,True,269.6991610411672,0.5416666666666666,0.375,0.40625,0.09444444444444444,0.3994791666666666,0.901213171577123,0.901213171577123,22,30,55,0,0,727
platform_mediation,mixed_bundle__high,mixed_bundle,high,2643687549,joint_leontief,LEONTIEF,d3dc01a6ed5dc335,True,345.9574235309546,0.5625,0.375,0.40625,0.1685185185185185,0.42291666666666666,0.9064124783362218,0.9064124783362218,21,31,56,0,0,778
platform_mediation,mixed_bundle__high,mixed_bundle,high,1697758811,equal,none,92ff9218a3417237,True,,0.5208333333333334,0.25,0.3125,0.16666666666666666,0.3848958333333334,0.9448946515397083,0.9448946515397083,23,21,57,0,0,0
platform_mediation,mixed_bundle__high,mixed_bundle,high,1697758811,drf,none,92ff9218a3417237,True,,0.5208333333333334,0.25,0.3125,0.23611111111111113,0.3828125,0.913290113452188,0.916260162601626,23,21,58,0,0,0
platform_mediation,mixed_bundle__high,mixed_bundle,high,1697758811,decomposed_cobb_douglas,COBB_DOUGLAS,92ff9218a3417237,True,268.99804924174526,0.5625,0.375,0.40625,0.09722222222222221,0.4067708333333333,0.9246353322528363,0.9246353322528363,21,25,61,0,0,0
platform_mediation,mixed_bundle__high,mixed_bundle,high,1697758811,joint_linear,LINEAR,92ff9218a3417237,True,276.1982214316032,0.0625,0.0,0.0,0.0,0.040625,0.06158833063209076,0.06158833063209076,45,2,5,0,0,709
platform_mediation,mixed_bundle__high,mixed_bundle,high,1697758811,joint_cobb_douglas,COBB_DOUGLAS,92ff9218a3417237,True,268.99804924174526,0.5625,0.375,0.40625,0.09722222222222221,0.4067708333333333,0.9246353322528363,0.9246353322528363,21,25,61,0,0,679
platform_mediation,mixed_bundle__high,mixed_bundle,high,1697758811,joint_ces,CES,92ff9218a3417237,True,272.2898485946401,0.5208333333333334,0.375,0.375,0.1111111111111111,0.3796875,0.9076175040518638,0.9076175040518638,23,22,60,0,0,659
platform_mediation,mixed_bundle__high,mixed_bundle,high,1697758811,joint_leontief,LEONTIEF,92ff9218a3417237,True,350.2760479063487,0.5416666666666666,0.25,0.3125,0.125,0.3869791666666667,0.913290113452188,0.913290113452188,22,24,59,0,0,719
platform_mediation,mixed_bundle__high,mixed_bundle,high,4086572646,equal,none,4b003a2ed5459df8,True,,0.6041666666666666,0.5,0.5,0.03333333333333333,0.42135416666666664,0.9576957695769577,0.9576957695769577,19,29,59,0,0,0
platform_mediation,mixed_bundle__high,mixed_bundle,high,4086572646,drf,none,4b003a2ed5459df8,True,,0.5208333333333334,0.375,0.40625,0.023809523809523808,0.3671875,0.8874887488748875,0.8939256572982774,23,26,54,0,0,0
platform_mediation,mixed_bundle__high,mixed_bundle,high,4086572646,decomposed_cobb_douglas,COBB_DOUGLAS,4b003a2ed5459df8,True,263.130756572649,0.5208333333333334,0.375,0.375,0.05714285714285714,0.3729166666666666,0.9063906390639064,0.9063906390639064,23,27,54,0,0,0
platform_mediation,mixed_bundle__high,mixed_bundle,high,4086572646,joint_linear,LINEAR,4b003a2ed5459df8,True,270.1124153432344,0.08333333333333333,0.0,0.0,0.0,0.060416666666666674,0.12961296129612962,0.12961296129612962,44,6,8,0,0,706
platform_mediation,mixed_bundle__high,mixed_bundle,high,4086572646,joint_cobb_douglas,COBB_DOUGLAS,4b003a2ed5459df8,True,263.1396800544468,0.5208333333333334,0.375,0.375,0.1126984126984127,0.3734374999999999,0.9135913591359136,0.9135913591359136,23,25,54,0,0,685
platform_mediation,mixed_bundle__high,mixed_bundle,high,4086572646,joint_ces,CES,4b003a2ed5459df8,True,266.3153384194884,0.5208333333333334,0.375,0.375,0.0988095238095238,0.375,0.9027902790279028,0.9027902790279028,23,25,54,0,0,685
platform_mediation,mixed_bundle__high,mixed_bundle,high,4086572646,joint_leontief,LEONTIEF,4b003a2ed5459df8,True,342.97788323579164,0.5416666666666666,0.375,0.40625,0.1126984126984127,0.38697916666666665,0.9153915391539154,0.9153915391539154,22,26,54,0,0,707
platform_mediation,mixed_bundle__high,mixed_bundle,high,1029719691,equal,none,12a9652a69e74bb2,True,,0.5416666666666666,0.25,0.28125,0.0625,0.39218749999999997,0.9040867389491243,0.9040867389491243,22,28,54,0,0,0
platform_mediation,mixed_bundle__high,mixed_bundle,high,1029719691,drf,none,12a9652a69e74bb2,True,,0.5416666666666666,0.375,0.375,0.08333333333333333,0.3932291666666667,0.9224353628023353,0.9239766081871345,22,27,56,0,0,0
platform_mediation,mixed_bundle__high,mixed_bundle,high,1029719691,decomposed_cobb_douglas,COBB_DOUGLAS,12a9652a69e74bb2,True,267.3551140699717,0.5416666666666666,0.25,0.3125,0.07638888888888888,0.39739583333333334,0.9065888240200167,0.9065888240200167,22,30,53,0,0,0
platform_mediation,mixed_bundle__high,mixed_bundle,high,1029719691,joint_linear,LINEAR,12a9652a69e74bb2,True,274.73749202699867,0.020833333333333332,0.0,0.0,0.0,0.012499999999999999,0.021684737281067557,0.021684737281067557,47,0,2,0,0,698
platform_mediation,mixed_bundle__high,mixed_bundle,high,1029719691,joint_cobb_douglas,COBB_DOUGLAS,12a9652a69e74bb2,True,267.3582113581224,0.5625,0.25,0.3125,0.07638888888888888,0.40989583333333335,0.9224353628023353,0.9224353628023353,21,30,55,0,0,655
platform_mediation,mixed_bundle__high,mixed_bundle,high,1029719691,joint_ces,CES,12a9652a69e74bb2,True,270.60606144419734,0.5833333333333334,0.375,0.40625,0.1111111111111111,0.41614583333333327,0.8790658882402002,0.8790658882402002,20,30,57,0,0,698
platform_mediation,mixed_bundle__high,mixed_bundle,high,1029719691,joint_leontief,LEONTIEF,12a9652a69e74bb2,True,348.6208462565929,0.5625,0.375,0.40625,0.08333333333333333,0.40677083333333336,0.9090909090909091,0.9090909090909091,21,29,57,0,0,679
platform_mediation,mixed_bundle__high,mixed_bundle,high,2318555097,equal,none,cb56ed38325b6219,True,,0.5,0.375,0.375,0.18214285714285716,0.37812500000000004,0.9363416599516519,0.9363416599516519,24,22,56,0,0,0
platform_mediation,mixed_bundle__high,mixed_bundle,high,2318555097,drf,none,cb56ed38325b6219,True,,0.5208333333333334,0.375,0.375,0.10714285714285714,0.3875,0.9323126510878323,0.933817594834544,23,25,57,0,0,0
platform_mediation,mixed_bundle__high,mixed_bundle,high,2318555097,decomposed_cobb_douglas,COBB_DOUGLAS,cb56ed38325b6219,True,269.41856419029796,0.5,0.375,0.375,0.0988095238095238,0.37343750000000003,0.9153908138597905,0.9153908138597905,24,25,55,0,0,0
platform_mediation,mixed_bundle__high,mixed_bundle,high,2318555097,joint_linear,LINEAR,cb56ed38325b6219,True,276.2548661774334,0.020833333333333332,0.0,0.0,0.0,0.012499999999999999,0.020950846091861403,0.020950846091861403,47,0,2,0,0,674
platform_mediation,mixed_bundle__high,mixed_bundle,high,2318555097,joint_cobb_douglas,COBB_DOUGLAS,cb56ed38325b6219,True,269.4185874486138,0.5,0.375,0.375,0.0988095238095238,0.37343750000000003,0.9153908138597905,0.9153908138597905,24,25,55,0,0,680
platform_mediation,mixed_bundle__high,mixed_bundle,high,2318555097,joint_ces,CES,cb56ed38325b6219,True,272.5918943111826,0.5416666666666666,0.375,0.40625,0.12103174603174603,0.4000000000000001,0.9250604351329573,0.9250604351329573,22,25,59,0,0,707
platform_mediation,mixed_bundle__high,mixed_bundle,high,2318555097,joint_leontief,LEONTIEF,cb56ed38325b6219,True,351.23978701549373,0.5208333333333334,0.375,0.40625,0.08333333333333333,0.3796875,0.9178082191780822,0.9178082191780822,23,26,56,0,0,759
platform_mediation,mixed_bundle__high,mixed_bundle,high,3845309899,equal,none,9e8093e56bfa14ab,True,,0.5625,0.375,0.40625,0.03333333333333333,0.40052083333333327,0.8558797524314765,0.8558797524314765,21,33,53,0,0,0
platform_mediation,mixed_bundle__high,mixed_bundle,high,3845309899,drf,none,9e8093e56bfa14ab,True,,0.5,0.375,0.375,0.12962962962962962,0.36510416666666673,0.9098143236074271,0.9106194690265487,24,24,54,0,0,0
platform_mediation,mixed_bundle__high,mixed_bundle,high,3845309899,decomposed_cobb_douglas,COBB_DOUGLAS,9e8093e56bfa14ab,True,263.7576216336458,0.5416666666666666,0.375,0.375,0.06666666666666667,0.39166666666666666,0.9257294429708223,0.9257294429708223,22,30,53,0,0,0
platform_mediation,mixed_bundle__high,mixed_bundle,high,3845309899,joint_linear,LINEAR,9e8093e56bfa14ab,True,271.2729275422738,0.10416666666666667,0.0,0.0,0.0,0.07083333333333333,0.13085764809902742,0.13085764809902742,43,5,9,0,0,711
platform_mediation,mixed_bundle__high,mixed_bundle,high,3845309899,joint_cobb_douglas,COBB_DOUGLAS,9e8093e56bfa14ab,True,263.7594524181247,0.5416666666666666,0.375,0.375,0.06666666666666667,0.39166666666666666,0.9257294429708223,0.9257294429708223,22,30,53,0,0,703
platform_mediation,mixed_bundle__high,mixed_bundle,high,3845309899,joint_ces,CES,9e8093e56bfa14ab,True,267.08737745897986,0.625,0.5,0.5,0.06666666666666667,0.43854166666666666,0.9098143236074271,0.9098143236074271,18,32,60,0,0,704
platform_mediation,mixed_bundle__high,mixed_bundle,high,3845309899,joint_leontief,LEONTIEF,9e8093e56bfa14ab,True,344.1014994834379,0.5625,0.375,0.40625,0.08888888888888889,0.4036458333333333,0.9089301503094607,0.9089301503094607,21,30,55,0,0,789
platform_mediation,mixed_bundle__high,mixed_bundle,high,3640761720,equal,none,56ab8da04d043c2f,True,,0.5625,0.375,0.40625,0.08333333333333333,0.39895833333333336,0.9300699300699301,0.9300699300699301,21,28,57,0,0,0
platform_mediation,mixed_bundle__high,mixed_bundle,high,3640761720,drf,none,56ab8da04d043c2f,True,,0.5625,0.25,0.3125,0.23611111111111108,0.4015625,0.9117132867132867,0.9157155399473222,21,25,58,0,0,0
platform_mediation,mixed_bundle__high,mixed_bundle,high,3640761720,decomposed_cobb_douglas,COBB_DOUGLAS,56ab8da04d043c2f,True,263.76164629307425,0.5625,0.375,0.375,0.24166666666666667,0.40312499999999996,0.8924825174825175,0.8924825174825175,21,24,57,0,0,0
platform_mediation,mixed_bundle__high,mixed_bundle,high,3640761720,joint_linear,LINEAR,56ab8da04d043c2f,True,271.1851029290103,0.0625,0.0,0.0,0.0,0.041666666666666664,0.10664335664335664,0.10664335664335664,45,2,8,0,0,749
platform_mediation,mixed_bundle__high,mixed_bundle,high,3640761720,joint_cobb_douglas,COBB_DOUGLAS,56ab8da04d043c2f,True,263.76281683850016,0.5625,0.375,0.375,0.24166666666666667,0.40312499999999996,0.8924825174825175,0.8924825174825175,21,24,57,0,0,658
platform_mediation,mixed_bundle__high,mixed_bundle,high,3640761720,joint_ces,CES,56ab8da04d043c2f,True,266.9633607016149,0.5625,0.375,0.40625,0.24166666666666667,0.403125,0.8924825174825175,0.8924825174825175,21,24,57,0,0,739
platform_mediation,mixed_bundle__high,mixed_bundle,high,3640761720,joint_leontief,LEONTIEF,56ab8da04d043c2f,True,345.74796184309355,0.5625,0.25,0.3125,0.19999999999999998,0.3989583333333333,0.8767482517482518,0.8767482517482518,21,25,56,0,0,687
platform_mediation,mixed_bundle__high,mixed_bundle,high,1273449876,equal,none,73ce63584ee38060,True,,0.5,0.375,0.375,0.15277777777777776,0.378125,0.9483368719037509,0.9483368719037509,24,23,62,0,0,0
platform_mediation,mixed_bundle__high,mixed_bundle,high,1273449876,drf,none,73ce63584ee38060,True,,0.5,0.375,0.40625,0.020833333333333332,0.371875,0.9256900212314225,0.9283179559971612,24,27,62,0,0,0
platform_mediation,mixed_bundle__high,mixed_bundle,high,1273449876,decomposed_cobb_douglas,COBB_DOUGLAS,73ce63584ee38060,True,279.2117373948053,0.4791666666666667,0.375,0.375,0.2638888888888889,0.37395833333333334,0.9306440198159943,0.9306440198159943,25,21,62,0,0,0
platform_mediation,mixed_bundle__high,mixed_bundle,high,1273449876,joint_linear,LINEAR,73ce63584ee38060,True,285.4922827319732,0.020833333333333332,0.0,0.0,0.0,0.012499999999999999,0.01840056617126681,0.01840056617126681,47,0,2,0,0,709
platform_mediation,mixed_bundle__high,mixed_bundle,high,1273449876,joint_cobb_douglas,COBB_DOUGLAS,73ce63584ee38060,True,279.2121447197898,0.4791666666666667,0.375,0.375,0.2638888888888889,0.37395833333333334,0.9306440198159943,0.9306440198159943,25,21,62,0,0,686
platform_mediation,mixed_bundle__high,mixed_bundle,high,1273449876,joint_ces,CES,73ce63584ee38060,True,282.43918434624953,0.4583333333333333,0.375,0.375,0.22916666666666663,0.3614583333333334,0.9122434536447275,0.9122434536447275,26,21,60,0,0,663
platform_mediation,mixed_bundle__high,mixed_bundle,high,1273449876,joint_leontief,LEONTIEF,73ce63584ee38060,True,359.90793716653786,0.4791666666666667,0.375,0.375,0.2083333333333333,0.3677083333333333,0.9143665958952583,0.9143665958952583,25,22,61,0,0,698
platform_mediation,mixed_bundle__high,mixed_bundle,high,3313531281,equal,none,348cbc7e08fd97d0,True,,0.4791666666666667,0.375,0.375,0.041666666666666664,0.359375,0.9337694194603434,0.9337694194603434,25,29,50,0,0,0
platform_mediation,mixed_bundle__high,mixed_bundle,high,3313531281,drf,none,348cbc7e08fd97d0,True,,0.5625,0.25,0.3125,0.20138888888888887,0.4312500000000001,0.9190515126737531,0.9312344656172328,21,35,54,0,0,0
platform_mediation,mixed_bundle__high,mixed_bundle,high,3313531281,decomposed_cobb_douglas,COBB_DOUGLAS,348cbc7e08fd97d0,True,271.0851049639759,0.5833333333333334,0.5,0.5,0.023809523809523808,0.4291666666666667,0.9157808667211774,0.9157808667211774,20,38,54,0,0,0
platform_mediation,mixed_bundle__high,mixed_bundle,high,3313531281,joint_linear,LINEAR,348cbc7e08fd97d0,True,276.6947451202637,0.22916666666666666,0.0,0.0,0.037037037037037035,0.17552083333333335,0.3000817661488144,0.3000817661488144,37,16,18,0,0,660
platform_mediation,mixed_bundle__high,mixed_bundle,high,3313531281,joint_cobb_douglas,COBB_DOUGLAS,348cbc7e08fd97d0,True,271.0851049639759,0.5833333333333334,0.5,0.5,0.023809523809523808,0.4291666666666667,0.9157808667211774,0.9157808667211774,20,38,54,0,0,721
platform_mediation,mixed_bundle__high,mixed_bundle,high,3313531281,joint_ces,CES,348cbc7e08fd97d0,True,273.68782843290717,0.5625,0.5,0.5,0.0,0.41250000000000003,0.8798037612428454,0.8798037612428454,21,39,51,0,0,673
platform_mediation,mixed_bundle__high,mixed_bundle,high,3313531281,joint_leontief,LEONTIEF,348cbc7e08fd97d0,True,350.0325054568325,0.5416666666666666,0.375,0.40625,0.06547619047619048,0.40729166666666666,0.9223221586263287,0.9230769230769231,22,35,52,0,0,685
platform_mediation,mixed_bundle__high,mixed_bundle,high,2637178226,equal,none,95104b88e8515cc3,True,,0.4791666666666667,0.25,0.28125,0.08333333333333333,0.34791666666666665,0.915068493150685,0.915068493150685,25,26,50,0,0,0
platform_mediation,mixed_bundle__high,mixed_bundle,high,2637178226,drf,none,95104b88e8515cc3,True,,0.4791666666666667,0.25,0.28125,0.03333333333333333,0.3463541666666667,0.9360730593607306,0.9386446886446886,25,25,49,0,0,0
platform_mediation,mixed_bundle__high,mixed_bundle,high,2637178226,decomposed_cobb_douglas,COBB_DOUGLAS,95104b88e8515cc3,True,261.14086372285516,0.4583333333333333,0.25,0.28125,0.03333333333333333,0.33437500000000003,0.9296803652968036,0.9296803652968036,26,24,49,0,0,0
platform_mediation,mixed_bundle__high,mixed_bundle,high,2637178226,joint_linear,LINEAR,95104b88e8515cc3,True,267.44360625764773,0.125,0.0,0.0,0.0,0.09166666666666667,0.17534246575342466,0.17534246575342466,42,10,10,0,0,645
platform_mediation,mixed_bundle__high,mixed_bundle,high,2637178226,joint_cobb_douglas,COBB_DOUGLAS,95104b88e8515cc3,True,261.14086372285516,0.4583333333333333,0.25,0.28125,0.03333333333333333,0.33437500000000003,0.9296803652968036,0.9296803652968036,26,24,49,0,0,664
platform_mediation,mixed_bundle__high,mixed_bundle,high,2637178226,joint_ces,CES,95104b88e8515cc3,True,264.2402326638654,0.4375,0.25,0.28125,0.03333333333333333,0.32187499999999997,0.9059360730593607,0.9059360730593607,27,24,47,0,0,640
platform_mediation,mixed_bundle__high,mixed_bundle,high,2637178226,joint_leontief,LEONTIEF,95104b88e8515cc3,True,342.99474688422913,0.4583333333333333,0.25,0.28125,0.03333333333333333,0.33437500000000003,0.9296803652968036,0.9296803652968036,26,24,49,0,0,702
platform_mediation,mixed_bundle__high,mixed_bundle,high,3800859559,equal,none,04805f4dd6e8e183,True,,0.4375,0.25,0.28125,0.27777777777777773,0.30833333333333335,0.8847352024922118,0.8847352024922118,27,16,49,0,0,0
platform_mediation,mixed_bundle__high,mixed_bundle,high,3800859559,drf,none,04805f4dd6e8e183,True,,0.4375,0.25,0.28125,0.3333333333333333,0.309375,0.8598130841121495,0.8688352570828961,27,17,47,0,0,0
platform_mediation,mixed_bundle__high,mixed_bundle,high,3800859559,decomposed_cobb_douglas,COBB_DOUGLAS,04805f4dd6e8e183,True,252.7372912661652,0.5,0.25,0.3125,0.16666666666666666,0.34375,0.90134994807892,0.90134994807892,24,20,52,0,0,0
platform_mediation,mixed_bundle__high,mixed_bundle,high,3800859559,joint_linear,LINEAR,04805f4dd6e8e183,True,261.1231719061552,0.020833333333333332,0.0,0.0,0.0,0.012499999999999999,0.02699896157840083,0.02699896157840083,47,0,2,0,0,689
platform_mediation,mixed_bundle__high,mixed_bundle,high,3800859559,joint_cobb_douglas,COBB_DOUGLAS,04805f4dd6e8e183,True,252.74256073659924,0.5,0.25,0.3125,0.16666666666666666,0.34375,0.90134994807892,0.90134994807892,24,20,52,0,0,653
platform_mediation,mixed_bundle__high,mixed_bundle,high,3800859559,joint_ces,CES,04805f4dd6e8e183,True,256.1178386025302,0.4791666666666667,0.25,0.28125,0.3333333333333333,0.33437500000000003,0.8992731048805815,0.8992731048805815,25,17,51,0,0,671
platform_mediation,mixed_bundle__high,mixed_bundle,high,3800859559,joint_leontief,LEONTIEF,04805f4dd6e8e183,True,334.0732674437014,0.5,0.25,0.3125,0.25,0.34427083333333336,0.9096573208722741,0.9096573208722741,24,18,52,0,0,688
platform_mediation,mixed_bundle__high,mixed_bundle,high,2410534655,equal,none,ca937f849429a9c3,True,,0.5208333333333334,0.25,0.28125,0.08333333333333333,0.3843750000000001,0.9142419601837672,0.9142419601837672,23,29,54,0,0,0
platform_mediation,mixed_bundle__high,mixed_bundle,high,2410534655,drf,none,ca937f849429a9c3,True,,0.5208333333333334,0.25,0.28125,0.03333333333333333,0.3812499999999999,0.9019908116385911,0.9068514241724404,23,28,56,0,0,0
platform_mediation,mixed_bundle__high,mixed_bundle,high,2410534655,decomposed_cobb_douglas,COBB_DOUGLAS,ca937f849429a9c3,True,273.1179119654925,0.5416666666666666,0.25,0.3125,0.1111111111111111,0.4010416666666666,0.9341500765696784,0.9341500765696784,22,29,58,0,0,0
platform_mediation,mixed_bundle__high,mixed_bundle,high,2410534655,joint_linear,LINEAR,ca937f849429a9c3,True,280.15104711790025,0.0625,0.0,0.0,0.0,0.04270833333333333,0.07503828483920368,0.07503828483920368,45,3,6,0,0,657
platform_mediation,mixed_bundle__high,mixed_bundle,high,2410534655,joint_cobb_douglas,COBB_DOUGLAS,ca937f849429a9c3,True,273.11906564778315,0.5416666666666666,0.25,0.3125,0.1111111111111111,0.4010416666666666,0.9341500765696784,0.9341500765696784,22,29,58,0,0,679
platform_mediation,mixed_bundle__high,mixed_bundle,high,2410534655,joint_ces,CES,ca937f849429a9c3,True,276.26155579495753,0.5416666666666666,0.375,0.40625,0.020833333333333332,0.39635416666666673,0.8920367534456355,0.8920367534456355,22,32,56,0,0,675
platform_mediation,mixed_bundle__high,mixed_bundle,high,2410534655,joint_leontief,LEONTIEF,ca937f849429a9c3,True,354.3457580514275,0.5416666666666666,0.25,0.3125,0.1111111111111111,0.4010416666666666,0.9341500765696784,0.9341500765696784,22,29,58,0,0,694
platform_mediation,mixed_bundle__high,mixed_bundle,high,62389884,equal,none,a4d8b1e3d8b784e7,True,,0.5833333333333334,0.375,0.40625,0.08333333333333333,0.4156250000000001,0.9132841328413284,0.9132841328413284,20,31,49,0,0,0
platform_mediation,mixed_bundle__high,mixed_bundle,high,62389884,drf,none,a4d8b1e3d8b784e7,True,,0.5208333333333334,0.375,0.375,0.18888888888888888,0.38489583333333327,0.9068265682656826,0.911873840445269,23,25,49,0,0,0
platform_mediation,mixed_bundle__high,mixed_bundle,high,62389884,decomposed_cobb_douglas,COBB_DOUGLAS,a4d8b1e3d8b784e7,True,260.0769145740671,0.5416666666666666,0.375,0.40625,0.11666666666666665,0.39375,0.8976014760147601,0.8976014760147601,22,29,48,0,0,0
platform_mediation,mixed_bundle__high,mixed_bundle,high,62389884,joint_linear,LINEAR,a4d8b1e3d8b784e7,True,267.06476199284856,0.020833333333333332,0.0,0.0,0.0,0.012499999999999999,0.023985239852398525,0.023985239852398525,47,0,2,0,0,684
platform_mediation,mixed_bundle__high,mixed_bundle,high,62389884,joint_cobb_douglas,COBB_DOUGLAS,a4d8b1e3d8b784e7,True,260.0788367659108,0.5208333333333334,0.375,0.375,0.11666666666666665,0.3812499999999999,0.8736162361623616,0.8736162361623616,23,29,46,0,0,699
platform_mediation,mixed_bundle__high,mixed_bundle,high,62389884,joint_ces,CES,a4d8b1e3d8b784e7,True,263.1250611124844,0.5208333333333334,0.375,0.375,0.18888888888888888,0.3848958333333334,0.9132841328413284,0.9132841328413284,23,25,49,0,0,714
platform_mediation,mixed_bundle__high,mixed_bundle,high,62389884,joint_leontief,LEONTIEF,a4d8b1e3d8b784e7,True,342.4016290401431,0.5208333333333334,0.375,0.375,0.11666666666666665,0.3822916666666667,0.8514760147601476,0.8514760147601476,23,30,44,0,0,683
platform_mediation,mixed_bundle__high,mixed_bundle,high,3013010122,equal,none,593069b164dd2643,True,,0.5625,0.375,0.40625,0.3111111111111111,0.40677083333333336,0.8769771528998243,0.8769771528998243,21,24,55,0,0,0
platform_mediation,mixed_bundle__high,mixed_bundle,high,3013010122,drf,none,593069b164dd2643,True,,0.5625,0.375,0.375,0.16666666666666666,0.39791666666666664,0.8532513181019332,0.8600531443755536,21,29,54,0,0,0
platform_mediation,mixed_bundle__high,mixed_bundle,high,3013010122,decomposed_cobb_douglas,COBB_DOUGLAS,593069b164dd2643,True,263.1230608082732,0.5833333333333334,0.375,0.40625,0.2222222222222222,0.41562499999999997,0.8558875219683656,0.8558875219683656,20,28,54,0,0,0
platform_mediation,mixed_bundle__high,mixed_bundle,high,3013010122,joint_linear,LINEAR,593069b164dd2643,True,270.5815361488642,0.020833333333333332,0.0,0.0,0.0,0.012499999999999999,0.022847100175746926,0.022847100175746926,47,0,2,0,0,740
platform_mediation,mixed_bundle__high,mixed_bundle,high,3013010122,joint_cobb_douglas,COBB_DOUGLAS,593069b164dd2643,True,263.12507217359064,0.5833333333333334,0.375,0.40625,0.2222222222222222,0.41562499999999997,0.8558875219683656,0.8558875219683656,20,28,54,0,0,701
platform_mediation,mixed_bundle__high,mixed_bundle,high,3013010122,joint_ces,CES,593069b164dd2643,True,266.2834388145817,0.6041666666666666,0.5,0.5,0.05555555555555555,0.42552083333333335,0.8901581722319859,0.8901581722319859,19,33,57,0,0,662
platform_mediation,mixed_bundle__high,mixed_bundle,high,3013010122,joint_leontief,LEONTIEF,593069b164dd2643,True,345.3247990003093,0.6041666666666666,0.375,0.40625,0.19444444444444445,0.4302083333333333,0.8980667838312829,0.8980667838312829,19,29,57,0,0,673
platform_mediation,mixed_bundle__high,mixed_bundle,high,3545489945,equal,none,bc78419589386a3f,True,,0.5,0.25,0.28125,0.16666666666666666,0.36250000000000004,0.8614634146341463,0.8614634146341463,24,27,49,0,0,0
platform_mediation,mixed_bundle__high,mixed_bundle,high,3545489945,drf,none,bc78419589386a3f,True,,0.5,0.25,0.3125,0.10714285714285714,0.3635416666666667,0.8897560975609756,0.8914956011730205,24,26,51,0,0,0
platform_mediation,mixed_bundle__high,mixed_bundle,high,3545489945,decomposed_cobb_douglas,COBB_DOUGLAS,bc78419589386a3f,True,257.4549487047298,0.5,0.25,0.28125,0.2833333333333333,0.37083333333333335,0.9317073170731708,0.9317073170731708,24,22,54,0,0,0
platform_mediation,mixed_bundle__high,mixed_bundle,high,3545489945,joint_linear,LINEAR,bc78419589386a3f,True,264.42427179023764,0.020833333333333332,0.0,0.0,0.0,0.012499999999999999,0.025365853658536587,0.025365853658536587,47,0,2,0,0,679
platform_mediation,mixed_bundle__high,mixed_bundle,high,3545489945,joint_cobb_douglas,COBB_DOUGLAS,bc78419589386a3f,True,257.45741466303406,0.5,0.25,0.28125,0.2833333333333333,0.37083333333333335,0.9317073170731708,0.9317073170731708,24,22,54,0,0,660
platform_mediation,mixed_bundle__high,mixed_bundle,high,3545489945,joint_ces,CES,bc78419589386a3f,True,260.7866457116796,0.4791666666666667,0.25,0.28125,0.16666666666666666,0.34791666666666665,0.8663414634146341,0.8663414634146341,25,24,50,0,0,669
platform_mediation,mixed_bundle__high,mixed_bundle,high,3545489945,joint_leontief,LEONTIEF,bc78419589386a3f,True,337.9343269386431,0.5,0.25,0.28125,0.08333333333333333,0.3541666666666666,0.8858536585365854,0.8858536585365854,24,26,52,0,0,696
platform_mediation,mixed_bundle__high,mixed_bundle,high,1272267422,equal,none,2ac19d5993698c14,True,,0.4583333333333333,0.25,0.28125,0.3444444444444444,0.3463541666666667,0.8986539984164688,0.8986539984164688,26,14,54,0,0,0
platform_mediation,mixed_bundle__high,mixed_bundle,high,1272267422,drf,none,2ac19d5993698c14,True,,0.5208333333333334,0.375,0.40625,0.125,0.3703125,0.9263657957244655,0.9473684210526315,23,19,58,0,0,0
platform_mediation,mixed_bundle__high,mixed_bundle,high,1272267422,decomposed_cobb_douglas,COBB_DOUGLAS,2ac19d5993698c14,True,269.2018222284214,0.5208333333333334,0.375,0.375,0.3194444444444444,0.3812499999999999,0.9224069675376089,0.9224069675376089,23,16,60,0,0,0
platform_mediation,mixed_bundle__high,mixed_bundle,high,1272267422,joint_linear,LINEAR,2ac19d5993698c14,True,276.05713937281575,0.041666666666666664,0.0,0.0,0.0,0.024999999999999998,0.04117181314330958,0.04117181314330958,46,0,4,0,0,691
platform_mediation,mixed_bundle__high,mixed_bundle,high,1272267422,joint_cobb_douglas,COBB_DOUGLAS,2ac19d5993698c14,True,269.2027226183771,0.5208333333333334,0.375,0.375,0.3194444444444444,0.3812499999999999,0.9224069675376089,0.9224069675376089,23,16,60,0,0,671
platform_mediation,mixed_bundle__high,mixed_bundle,high,1272267422,joint_ces,CES,2ac19d5993698c14,True,272.2501399032264,0.5625,0.375,0.40625,0.13888888888888887,0.40729166666666666,0.9136975455265242,0.9136975455265242,21,22,61,0,0,694
platform_mediation,mixed_bundle__high,mixed_bundle,high,1272267422,joint_leontief,LEONTIEF,2ac19d5993698c14,True,351.2145836836138,0.5208333333333334,0.375,0.40625,0.25555555555555554,0.3854166666666667,0.9303246239113222,0.9303246239113222,23,19,58,0,0,812
platform_mediation,mixed_bundle__high,mixed_bundle,high,1417579030,equal,none,72356fd95cadb5a9,True,,0.4166666666666667,0.25,0.28125,0.25,0.31354166666666666,0.852165725047081,0.852165725047081,28,20,51,0,0,0
platform_mediation,mixed_bundle__high,mixed_bundle,high,1417579030,drf,none,72356fd95cadb5a9,True,,0.5,0.25,0.28125,0.0,0.3447916666666666,0.8851224105461394,0.8960915157292659,24,23,56,0,0,0
platform_mediation,mixed_bundle__high,mixed_bundle,high,1417579030,decomposed_cobb_douglas,COBB_DOUGLAS,72356fd95cadb5a9,True,260.75088680292413,0.5,0.375,0.375,0.2222222222222222,0.3583333333333334,0.9387947269303202,0.9387947269303202,24,22,56,0,0,0
platform_mediation,mixed_bundle__high,mixed_bundle,high,1417579030,joint_linear,LINEAR,72356fd95cadb5a9,True,268.9979691808011,0.041666666666666664,0.0,0.0,0.0,0.02708333333333333,0.0696798493408663,0.0696798493408663,46,1,5,0,0,675
platform_mediation,mixed_bundle__high,mixed_bundle,high,1417579030,joint_cobb_douglas,COBB_DOUGLAS,72356fd95cadb5a9,True,260.7550995623968,0.5,0.375,0.375,0.2222222222222222,0.3583333333333334,0.9387947269303202,0.9387947269303202,24,22,56,0,0,658
platform_mediation,mixed_bundle__high,mixed_bundle,high,1417579030,joint_ces,CES,72356fd95cadb5a9,True,264.30282567013313,0.4375,0.25,0.28125,0.03333333333333333,0.31354166666666666,0.8333333333333334,0.8333333333333334,27,22,51,0,0,669
platform_mediation,mixed_bundle__high,mixed_bundle,high,1417579030,joint_leontief,LEONTIEF,72356fd95cadb5a9,True,339.94283650903833,0.4791666666666667,0.25,0.28125,0.0,0.33125,0.9001883239171374,0.9001883239171374,25,21,55,0,0,673
platform_mediation,mixed_bundle__high,mixed_bundle,high,2968139100,equal,none,9ac6470f0c184226,True,,0.4791666666666667,0.375,0.375,0.25,0.3541666666666667,0.9163879598662207,0.9163879598662207,25,16,58,0,0,0
platform_mediation,mixed_bundle__high,mixed_bundle,high,2968139100,drf,none,9ac6470f0c184226,True,,0.4791666666666667,0.25,0.28125,0.125,0.34270833333333334,0.9021739130434783,0.9036850921273032,25,17,58,0,0,0
platform_mediation,mixed_bundle__high,mixed_bundle,high,2968139100,decomposed_cobb_douglas,COBB_DOUGLAS,9ac6470f0c184226,True,266.4986883285988,0.4791666666666667,0.375,0.375,0.25,0.3416666666666666,0.8779264214046822,0.8779264214046822,25,18,56,0,0,0
platform_mediation,mixed_bundle__high,mixed_bundle,high,2968139100,joint_linear,LINEAR,9ac6470f0c184226,True,273.4440887748475,0.08333333333333333,0.0,0.0,0.0,0.05520833333333333,0.10367892976588629,0.10367892976588629,44,3,8,0,0,667
platform_mediation,mixed_bundle__high,mixed_bundle,high,2968139100,joint_cobb_douglas,COBB_DOUGLAS,9ac6470f0c184226,True,266.5007402055538,0.4791666666666667,0.375,0.375,0.25,0.3416666666666666,0.8779264214046822,0.8779264214046822,25,18,56,0,0,729
platform_mediation,mixed_bundle__high,mixed_bundle,high,2968139100,joint_ces,CES,9ac6470f0c184226,True,269.73613066135823,0.4791666666666667,0.375,0.375,0.16666666666666666,0.3479166666666667,0.8678929765886287,0.8678929765886287,25,17,57,0,0,761
platform_mediation,mixed_bundle__high,mixed_bundle,high,2968139100,joint_leontief,LEONTIEF,9ac6470f0c184226,True,348.6473084881355,0.4583333333333333,0.375,0.375,0.3333333333333333,0.3416666666666666,0.9239130434782609,0.9239130434782609,26,16,56,0,0,789
platform_mediation,mixed_bundle__high,mixed_bundle,high,1148972639,equal,none,25789bf212775b67,True,,0.5416666666666666,0.375,0.40625,0.041666666666666664,0.39479166666666665,0.9288569144684252,0.9288569144684252,22,30,57,0,0,0
platform_mediation,mixed_bundle__high,mixed_bundle,high,1148972639,drf,none,25789bf212775b67,True,,0.5416666666666666,0.375,0.40625,0.05555555555555555,0.390625,0.9216626698641087,0.9246190858059342,22,27,60,0,0,0
platform_mediation,mixed_bundle__high,mixed_bundle,high,1148972639,decomposed_cobb_douglas,COBB_DOUGLAS,25789bf212775b67,True,270.3215379138695,0.5,0.375,0.375,0.0,0.36458333333333326,0.8920863309352518,0.8920863309352518,24,30,54,0,0,0
platform_mediation,mixed_bundle__high,mixed_bundle,high,1148972639,joint_linear,LINEAR,25789bf212775b67,True,277.14147980940294,0.0625,0.0,0.0,0.0,0.04479166666666667,0.09592326139088729,0.09592326139088729,45,4,7,0,0,777
platform_mediation,mixed_bundle__high,mixed_bundle,high,1148972639,joint_cobb_douglas,COBB_DOUGLAS,25789bf212775b67,True,270.3215748702972,0.5,0.375,0.375,0.03333333333333333,0.3656249999999999,0.9080735411670664,0.9080735411670664,24,27,56,0,0,773
platform_mediation,mixed_bundle__high,mixed_bundle,high,1148972639,joint_ces,CES,25789bf212775b67,True,273.5508216978925,0.5,0.375,0.375,0.027777777777777776,0.3656249999999999,0.9080735411670664,0.9080735411670664,24,27,56,0,0,795
platform_mediation,mixed_bundle__high,mixed_bundle,high,1148972639,joint_leontief,LEONTIEF,25789bf212775b67,True,351.57164076553204,0.4791666666666667,0.375,0.375,0.05555555555555555,0.3541666666666666,0.9104716227018386,0.9104716227018386,25,26,56,0,0,765
platform_mediation,mixed_bundle__high,mixed_bundle,high,1156420037,equal,none,d6f834ed607a5c18,True,,0.5208333333333334,0.375,0.375,0.19444444444444442,0.4057291666666667,0.9391796322489392,0.9391796322489392,23,25,58,0,0,0
platform_mediation,mixed_bundle__high,mixed_bundle,high,1156420037,drf,none,d6f834ed607a5c18,True,,0.5625,0.375,0.375,0.22685185185185186,0.42916666666666664,0.9243281471004243,0.9243281471004243,21,28,59,0,0,0
platform_mediation,mixed_bundle__high,mixed_bundle,high,1156420037,decomposed_cobb_douglas,COBB_DOUGLAS,d6f834ed607a5c18,True,277.9337383326749,0.5416666666666666,0.375,0.375,0.1851851851851852,0.41510416666666666,0.9398868458274399,0.9398868458274399,22,28,58,0,0,0
platform_mediation,mixed_bundle__high,mixed_bundle,high,1156420037,joint_linear,LINEAR,d6f834ed607a5c18,True,284.2823005729607,0.041666666666666664,0.0,0.0,0.0,0.024999999999999998,0.036775106082036775,0.036775106082036775,46,0,4,0,0,702
platform_mediation,mixed_bundle__high,mixed_bundle,high,1156420037,joint_cobb_douglas,COBB_DOUGLAS,d6f834ed607a5c18,True,277.9337383326749,0.5416666666666666,0.375,0.375,0.1851851851851852,0.41510416666666666,0.9398868458274399,0.9398868458274399,22,28,58,0,0,688
platform_mediation,mixed_bundle__high,mixed_bundle,high,1156420037,joint_ces,CES,d6f834ed607a5c18,True,281.02800295032495,0.5625,0.375,0.40625,0.24074074074074073,0.4338541666666667,0.9306930693069307,0.9306930693069307,21,26,62,0,0,679
platform_mediation,mixed_bundle__high,mixed_bundle,high,1156420037,joint_leontief,LEONTIEF,d6f834ed607a5c18,True,359.7048467126064,0.5,0.25,0.28125,0.11574074074074074,0.3854166666666667,0.9285714285714286,0.9285714285714286,24,26,56,0,0,689
platform_mediation,mixed_bundle__high,mixed_bundle,high,2337787387,equal,none,5313cc073c1402a0,True,,0.5416666666666666,0.375,0.40625,0.125,0.3885416666666666,0.9330275229357798,0.9330275229357798,22,25,54,0,0,0
platform_mediation,mixed_bundle__high,mixed_bundle,high,2337787387,drf,none,5313cc073c1402a0,True,,0.5,0.25,0.28125,0.25,0.3614583333333334,0.9211009174311927,0.9270544783010157,24,21,54,0,0,0
platform_mediation,mixed_bundle__high,mixed_bundle,high,2337787387,decomposed_cobb_douglas,COBB_DOUGLAS,5313cc073c1402a0,True,260.4885309274041,0.5416666666666666,0.375,0.375,0.0,0.3729166666666666,0.9247706422018349,0.9247706422018349,22,24,58,0,0,0
platform_mediation,mixed_bundle__high,mixed_bundle,high,2337787387,joint_linear,LINEAR,5313cc073c1402a0,True,268.0550309899434,0.041666666666666664,0.0,0.0,0.0,0.024999999999999998,0.047706422018348627,0.047706422018348627,46,0,4,0,0,665
platform_mediation,mixed_bundle__high,mixed_bundle,high,2337787387,joint_cobb_douglas,COBB_DOUGLAS,5313cc073c1402a0,True,260.4905064291055,0.5416666666666666,0.375,0.375,0.0,0.37604166666666666,0.9229357798165138,0.9229357798165138,22,26,57,0,0,641
platform_mediation,mixed_bundle__high,mixed_bundle,high,2337787387,joint_ces,CES,5313cc073c1402a0,True,263.72526515191333,0.5833333333333334,0.375,0.40625,0.041666666666666664,0.40729166666666666,0.9431192660550459,0.9431192660550459,20,27,58,0,0,712
platform_mediation,mixed_bundle__high,mixed_bundle,high,2337787387,joint_leontief,LEONTIEF,5313cc073c1402a0,True,341.9343015515328,0.5,0.375,0.375,0.075,0.3625,0.9073394495412844,0.9073394495412844,24,24,52,0,0,715
platform_mediation,mixed_bundle__high,mixed_bundle,high,952901280,equal,none,4c3aef540ff8a314,True,,0.4791666666666667,0.375,0.375,0.19999999999999998,0.3541666666666667,0.9203619909502262,0.9203619909502262,25,21,49,0,0,0
platform_mediation,mixed_bundle__high,mixed_bundle,high,952901280,drf,none,4c3aef540ff8a314,True,,0.5,0.25,0.3125,0.06666666666666667,0.3697916666666667,0.902262443438914,0.9055404178019982,24,27,46,0,0,0
platform_mediation,mixed_bundle__high,mixed_bundle,high,952901280,decomposed_cobb_douglas,COBB_DOUGLAS,4c3aef540ff8a314,True,260.86090420248416,0.4791666666666667,0.375,0.375,0.18333333333333335,0.3614583333333334,0.934841628959276,0.934841628959276,25,22,49,0,0,0
platform_mediation,mixed_bundle__high,mixed_bundle,high,952901280,joint_linear,LINEAR,4c3aef540ff8a314,True,267.43105829547125,0.020833333333333332,0.0,0.0,0.0,0.012499999999999999,0.023529411764705882,0.023529411764705882,47,0,2,0,0,675
platform_mediation,mixed_bundle__high,mixed_bundle,high,952901280,joint_cobb_douglas,COBB_DOUGLAS,4c3aef540ff8a314,True,260.8615373289779,0.4791666666666667,0.375,0.375,0.18333333333333335,0.3614583333333334,0.934841628959276,0.934841628959276,25,22,49,0,0,653
platform_mediation,mixed_bundle__high,mixed_bundle,high,952901280,joint_ces,CES,4c3aef540ff8a314,True,263.9290249528792,0.5,0.375,0.375,0.15555555555555556,0.37656249999999997,0.9076923076923077,0.9076923076923077,24,25,48,0,0,716
platform_mediation,mixed_bundle__high,mixed_bundle,high,952901280,joint_leontief,LEONTIEF,4c3aef540ff8a314,True,343.1012351380372,0.4791666666666667,0.25,0.3125,0.17936507936507937,0.3687500000000001,0.9339366515837104,0.9339366515837104,25,22,48,0,0,792
platform_mediation,mixed_bundle__high,mixed_bundle,high,3700794663,equal,none,64fb2e83107766c4,True,,0.4791666666666667,0.375,0.375,0.075,0.35468750000000004,0.9087171052631579,0.9087171052631579,25,25,51,0,0,0
platform_mediation,mixed_bundle__high,mixed_bundle,high,3700794663,drf,none,64fb2e83107766c4,True,,0.5208333333333334,0.375,0.40625,0.1722222222222222,0.3901041666666667,0.912828947368421,0.9234608985024958,23,25,53,0,0,0
platform_mediation,mixed_bundle__high,mixed_bundle,high,3700794663,decomposed_cobb_douglas,COBB_DOUGLAS,64fb2e83107766c4,True,267.50881400338824,0.5416666666666666,0.5,0.5,0.075,0.39635416666666673,0.9226973684210527,0.9226973684210527,22,28,54,0,0,0
platform_mediation,mixed_bundle__high,mixed_bundle,high,3700794663,joint_linear,LINEAR,64fb2e83107766c4,True,273.9563289941467,0.10416666666666667,0.0,0.0,0.0,0.07708333333333334,0.11842105263157894,0.11842105263157894,43,9,7,0,0,703
platform_mediation,mixed_bundle__high,mixed_bundle,high,3700794663,joint_cobb_douglas,COBB_DOUGLAS,64fb2e83107766c4,True,267.5089254006019,0.5416666666666666,0.5,0.5,0.075,0.39635416666666673,0.9226973684210527,0.9226973684210527,22,28,54,0,0,784
platform_mediation,mixed_bundle__high,mixed_bundle,high,3700794663,joint_ces,CES,64fb2e83107766c4,True,270.58369762506095,0.5625,0.5,0.5,0.1111111111111111,0.4072916666666668,0.9120065789473685,0.9120065789473685,21,26,56,0,0,755
platform_mediation,mixed_bundle__high,mixed_bundle,high,3700794663,joint_leontief,LEONTIEF,64fb2e83107766c4,True,349.52816276532985,0.5208333333333334,0.375,0.40625,0.12222222222222223,0.38125000000000003,0.9235197368421053,0.9235197368421053,23,25,54,0,0,727
platform_mediation,mixed_bundle__high,mixed_bundle,high,4051273597,equal,none,9a8830ac3d58a1dd,True,,0.4583333333333333,0.25,0.25,0.0,0.33125,0.9224211423699915,0.9224211423699915,26,23,49,0,0,0
platform_mediation,mixed_bundle__high,mixed_bundle,high,4051273597,drf,none,9a8830ac3d58a1dd,True,,0.4791666666666667,0.375,0.375,0.0,0.34375,0.9138959931798807,0.9201716738197425,25,25,53,0,0,0
platform_mediation,mixed_bundle__high,mixed_bundle,high,4051273597,decomposed_cobb_douglas,COBB_DOUGLAS,9a8830ac3d58a1dd,True,265.9692341366509,0.4791666666666667,0.25,0.28125,0.0,0.3416666666666666,0.8951406649616368,0.8951406649616368,25,24,52,0,0,0
platform_mediation,mixed_bundle__high,mixed_bundle,high,4051273597,joint_linear,LINEAR,9a8830ac3d58a1dd,True,272.9473262571578,0.041666666666666664,0.0,0.0,0.0,0.03125,0.11594202898550725,0.11594202898550725,46,2,6,0,0,734
platform_mediation,mixed_bundle__high,mixed_bundle,high,4051273597,joint_cobb_douglas,COBB_DOUGLAS,9a8830ac3d58a1dd,True,265.96968190997825,0.4791666666666667,0.25,0.28125,0.0,0.3416666666666666,0.8951406649616368,0.8951406649616368,25,24,52,0,0,694
platform_mediation,mixed_bundle__high,mixed_bundle,high,4051273597,joint_ces,CES,9a8830ac3d58a1dd,True,269.1046424527535,0.5416666666666666,0.375,0.375,0.041666666666666664,0.38645833333333335,0.8849104859335039,0.8849104859335039,22,28,55,0,0,710
platform_mediation,mixed_bundle__high,mixed_bundle,high,4051273597,joint_leontief,LEONTIEF,9a8830ac3d58a1dd,True,347.5763504240891,0.4375,0.25,0.28125,0.10714285714285714,0.3213541666666666,0.9420289855072463,0.9420289855072463,27,19,53,0,0,687
platform_mediation,mixed_bundle__high,mixed_bundle,high,2204577465,equal,none,b11fc4275d497030,True,,0.5,0.25,0.25,0.25,0.375,0.9429967426710097,0.9429967426710097,24,20,58,0,0,0
platform_mediation,mixed_bundle__high,mixed_bundle,high,2204577465,drf,none,b11fc4275d497030,True,,0.5416666666666666,0.25,0.28125,0.1111111111111111,0.3963541666666666,0.9405537459283387,0.9467213114754098,22,25,59,0,0,0
platform_mediation,mixed_bundle__high,mixed_bundle,high,2204577465,decomposed_cobb_douglas,COBB_DOUGLAS,b11fc4275d497030,True,269.08590183108345,0.5625,0.25,0.28125,0.06944444444444443,0.40781249999999997,0.9397394136807817,0.9397394136807817,21,28,59,0,0,0
platform_mediation,mixed_bundle__high,mixed_bundle,high,2204577465,joint_linear,LINEAR,b11fc4275d497030,True,276.0536518517979,0.0625,0.0,0.0,0.08333333333333333,0.04895833333333333,0.10342019543973942,0.10342019543973942,45,2,6,0,0,688
platform_mediation,mixed_bundle__high,mixed_bundle,high,2204577465,joint_cobb_douglas,COBB_DOUGLAS,b11fc4275d497030,True,269.08669145546423,0.5625,0.25,0.28125,0.06944444444444443,0.40781249999999997,0.9397394136807817,0.9397394136807817,21,28,59,0,0,698
platform_mediation,mixed_bundle__high,mixed_bundle,high,2204577465,joint_ces,CES,b11fc4275d497030,True,272.13507767013965,0.5625,0.375,0.375,0.027777777777777776,0.3953125,0.9242671009771987,0.9242671009771987,21,25,60,0,0,658
platform_mediation,mixed_bundle__high,mixed_bundle,high,2204577465,joint_leontief,LEONTIEF,b11fc4275d497030,True,350.17320026810023,0.5416666666666666,0.25,0.28125,0.125,0.39375000000000004,0.9161237785016286,0.9168704156479217,22,26,58,0,0,718
platform_mediation,mixed_bundle__high,mixed_bundle,high,4174692290,equal,none,7fcbd8e6e0de3813,True,,0.5416666666666666,0.375,0.375,0.13194444444444445,0.3895833333333332,0.9193697868396663,0.9193697868396663,22,26,51,0,0,0
platform_mediation,mixed_bundle__high,mixed_bundle,high,4174692290,drf,none,7fcbd8e6e0de3813,True,,0.5416666666666666,0.375,0.375,0.044642857142857144,0.3875,0.9295644114921223,0.934762348555452,22,28,51,0,0,0
platform_mediation,mixed_bundle__high,mixed_bundle,high,4174692290,decomposed_cobb_douglas,COBB_DOUGLAS,7fcbd8e6e0de3813,True,259.5769051258931,0.5416666666666666,0.375,0.375,0.07638888888888888,0.3901041666666667,0.8962001853568119,0.8962001853568119,22,29,49,0,0,0
platform_mediation,mixed_bundle__high,mixed_bundle,high,4174692290,joint_linear,LINEAR,7fcbd8e6e0de3813,True,266.2772679102091,0.10416666666666667,0.0,0.0,0.0,0.075,0.11306765523632993,0.11306765523632993,43,8,6,0,0,753
platform_mediation,mixed_bundle__high,mixed_bundle,high,4174692290,joint_cobb_douglas,COBB_DOUGLAS,7fcbd8e6e0de3813,True,259.578081783626,0.5416666666666666,0.375,0.375,0.07638888888888888,0.3901041666666667,0.8962001853568119,0.8962001853568119,22,29,49,0,0,743
platform_mediation,mixed_bundle__high,mixed_bundle,high,4174692290,joint_ces,CES,7fcbd8e6e0de3813,True,262.54512620930484,0.5416666666666666,0.375,0.375,0.020833333333333332,0.3880208333333333,0.9063948100092678,0.9063948100092678,22,31,49,0,0,697
platform_mediation,mixed_bundle__high,mixed_bundle,high,4174692290,joint_leontief,LEONTIEF,7fcbd8e6e0de3813,True,341.98825632988746,0.5208333333333334,0.375,0.375,0.07638888888888888,0.3744791666666667,0.8804448563484708,0.8804448563484708,23,27,48,0,0,715
platform_mediation,mixed_bundle__high,mixed_bundle,high,2355134041,equal,none,d76a7cc6f4f3c8bf,True,,0.4791666666666667,0.25,0.28125,0.46547619047619043,0.3770833333333334,0.8931133428981348,0.8931133428981348,25,17,57,0,0,0
platform_mediation,mixed_bundle__high,mixed_bundle,high,2355134041,drf,none,d76a7cc6f4f3c8bf,True,,0.5416666666666666,0.375,0.40625,0.13095238095238096,0.40208333333333335,0.9325681492109039,0.9339080459770115,22,22,61,0,0,0
platform_mediation,mixed_bundle__high,mixed_bundle,high,2355134041,decomposed_cobb_douglas,COBB_DOUGLAS,d76a7cc6f4f3c8bf,True,275.93009248615715,0.5625,0.375,0.40625,0.08928571428571429,0.4114583333333333,0.9332855093256814,0.9332855093256814,21,25,61,0,0,0
platform_mediation,mixed_bundle__high,mixed_bundle,high,2355134041,joint_linear,LINEAR,d76a7cc6f4f3c8bf,True,282.48267841453935,0.041666666666666664,0.0,0.0,0.0,0.024999999999999998,0.03730272596843615,0.03730272596843615,46,0,4,0,0,695
platform_mediation,mixed_bundle__high,mixed_bundle,high,2355134041,joint_cobb_douglas,COBB_DOUGLAS,d76a7cc6f4f3c8bf,True,275.93009248615715,0.5625,0.375,0.40625,0.08928571428571429,0.4114583333333333,0.9332855093256814,0.9332855093256814,21,25,61,0,0,670
platform_mediation,mixed_bundle__high,mixed_bundle,high,2355134041,joint_ces,CES,d76a7cc6f4f3c8bf,True,278.93441856333584,0.5416666666666666,0.375,0.375,0.22817460317460314,0.40625,0.9139167862266858,0.9139167862266858,22,19,62,0,0,663
platform_mediation,mixed_bundle__high,mixed_bundle,high,2355134041,joint_leontief,LEONTIEF,d76a7cc6f4f3c8bf,True,358.69068064541256,0.5416666666666666,0.375,0.40625,0.3531746031746032,0.41302083333333334,0.9483500717360115,0.9483500717360115,22,17,64,0,0,705
