cell,contention,seed,central_status,central_objective,distributed_objective,rel_obj_gap,distributed_converged,iterations,message_count,runtime_ms,capacity_residual,bound_residual,primal_residual,dual_residual,cont_alloc_l1_norm,cont_alloc_linf,installed_alloc_l1_norm,installed_alloc_linf,installed_outcome_disagreements,technically_valid
dirichlet_0.1__high,high,13163994,optimal,319.8278927905218,319.8271600630879,2.2910054138992426e-06,True,8000,80000,563,9.999894245993346e-10,0.0,9.999894245993346e-10,0.0,0.0022261241406667256,0.6436319126149543,0.003014318010550113,1.0,0,True
dirichlet_0.1__high,high,47233068,optimal,299.53742184928495,299.5367098002403,2.377162226478387e-06,True,8000,80000,414,9.999894245993346e-10,0.0,9.999894245993346e-10,4.443095070645625e-18,0.0017018242742717503,0.4999741393652073,0.00563063063063063,1.0,1,True
dirichlet_0.1__high,high,51953835,optimal,312.52993950977896,312.5295536186395,1.2347333508265827e-06,True,8000,80000,418,9.999894245993346e-10,0.0,9.999894245993346e-10,0.0,0.001635600261061102,0.4069727513107253,0.0018018018018018018,1.0,0,True
dirichlet_0.1__high,high,71021215,optimal,303.38930555812675,303.38930595399506,1.3048196000995387e-09,True,8000,80000,413,9.999894245993346e-10,0.0,9.999894245993346e-10,4.79051442680811e-25,0.0008896675032344856,0.16468300312993733,0.0,0.0,0,True
dirichlet_0.1__high,high,79596452,optimal,308.1049940739973,308.10499433559016,8.490379909272854e-10,True,8000,80000,435,9.999325811804738e-10,0.0,9.999325811804738e-10,1.765323567105839e-28,0.0036143202174437786,0.8704232891374915,0.0,0.0,0,True
dirichlet_0.1__high,high,105735450,optimal,325.7171665701057,325.7171667144615,4.431936959091557e-10,True,1934,19340,100,2.9103830456733704e-11,0.0,2.9103830456733704e-11,0.0,0.007403519128457267,2.53460442029931,0.008409250175192713,2.0,0,True
dirichlet_0.1__high,high,119160524,optimal,322.6282348739308,322.62777533595386,1.4243575957658017e-06,True,8000,80000,426,9.999894245993346e-10,0.0,9.999894245993346e-10,0.0,0.0024717082603513854,0.6186309245427779,0.0023006134969325155,1.0,0,True
dirichlet_0.1__high,high,144382842,optimal,326.9138689106647,326.9137100340238,4.859892957107373e-07,True,8000,80000,418,9.999894245993346e-10,0.0,9.999894245993346e-10,2.8968458040485427e-19,0.0010592097443057253,0.45306214730452865,0.0007112375533428165,1.0,0,True
dirichlet_0.1__high,high,154011620,optimal,320.76809040848667,320.7680906389652,7.185207217193023e-10,True,7503,75030,408,2.0179413695586845e-11,0.0,2.0179413695586845e-11,1.4875440309394258e-15,0.003975351140103507,1.2762387751352975,0.0037821482602118004,1.0,1,True
dirichlet_0.1__high,high,160641470,optimal,317.06733698819426,317.06733718510634,6.210418422599013e-10,True,8000,80000,422,3.645936885732226e-10,0.0,3.645936885732226e-10,4.5313026041675114e-14,0.0015278644526466928,0.43861649217079446,0.0016722408026755853,1.0,0,True
dirichlet_0.1__high,high,171451216,optimal,306.70326989566064,306.7025129998784,2.4678438624888604e-06,True,8000,80000,433,9.999894245993346e-10,0.0,9.999894245993346e-10,4.3741893041376776e-17,0.002759484200862576,0.3421809581469608,0.0037418147801683817,1.0,0,True
dirichlet_0.1__high,high,214605580,optimal,328.7603623037363,328.76036291052077,1.8456740026135176e-09,True,8000,80000,425,9.999894245993346e-10,0.0,9.999894245993346e-10,2.398416903554775e-25,0.002572768138521715,0.9905704982142165,0.0020604395604395605,1.0,0,True
dirichlet_0.1__high,high,215326899,optimal,298.88338103089336,298.8833813956055,1.2202490115046944e-09,True,3794,37940,192,5.4853899200679734e-12,0.0,5.4853899200679734e-12,0.0,0.0022872727766517836,0.4025032514988851,0.0045045045045045045,1.0,0,True
dirichlet_0.1__high,high,251198272,optimal,318.00399151995873,318.0039917844575,8.317467751207503e-10,True,8000,80000,426,9.999894245993346e-10,0.0,9.999894245993346e-10,9.25476546954465e-13,0.002162375006812944,0.7204838079922151,0.0008169934640522876,1.0,0,True
dirichlet_0.1__high,high,278470677,optimal,324.08137126148745,324.0813716161806,1.0944570965086765e-09,True,7816,78160,414,1.750777300912887e-11,0.0,1.750777300912887e-11,6.500872408363775e-16,0.003463421727477197,0.9674464594763919,0.004366812227074236,1.0,0,True
dirichlet_0.1__high,high,300256241,optimal,316.7555563265455,316.75555651908775,6.078575147713316e-10,True,7870,78700,418,1.6825651982799172e-11,0.0,1.6825651982799172e-11,4.8702108191917905e-15,0.0021394312026028358,0.4296374340989484,0.0033085194375516956,1.0,0,True
dirichlet_0.1__high,high,386905649,optimal,287.08426538956155,287.0842658549893,1.62122355926227e-09,True,4279,42790,221,2.8137492336099967e-12,0.0,2.8137492336099967e-12,0.0,0.001526642723813028,0.3934654937670956,0.0013679890560875513,1.0,0,True
dirichlet_0.1__high,high,406271647,optimal,300.123009825452,300.1230099932967,5.592529854873895e-10,True,6972,69720,360,2.2737367544323206e-12,0.0,2.2737367544323206e-12,0.0,0.0008562402722012429,0.2527040913913936,0.0033333333333333335,1.0,0,True
dirichlet_0.1__high,high,411968488,optimal,305.0929204766499,305.09292080730916,1.0837984933301177e-09,True,8000,80000,411,1.2255441106390208e-10,0.0,1.2255441106390208e-10,5.624216790447789e-28,0.0010156398852827551,0.4112779489235834,0.0,0.0,0,True
dirichlet_0.1__high,high,453975842,optimal,318.47162705294215,318.47162732773006,8.62833246798871e-10,True,8000,80000,556,9.999894245993346e-10,0.0,9.999894245993346e-10,1.3830515537909493e-28,0.003576651473703876,1.4569323226468605,0.004862236628849271,2.0,0,True
dirichlet_0.1__high,high,462769092,optimal,316.5984892349551,316.59848942244713,5.922076539482557e-10,True,8000,80000,430,9.999894245993346e-10,0.0,9.999894245993346e-10,1.1119340076243117e-12,0.003474616245538621,0.8373708463669027,0.004042037186742118,1.0,0,True
dirichlet_0.1__high,high,481369689,optimal,317.151683975928,317.1516842063439,7.265163327801606e-10,True,5767,57670,301,1.602984411874786e-11,0.0,1.602984411874786e-11,5.643847272429863e-15,0.0021137318427609884,0.4335208981348444,0.0041841004184100415,1.0,0,True
dirichlet_0.1__high,high,516112135,optimal,305.595826344818,305.5955072758309,1.044088170026889e-06,True,8000,80000,423,9.999610028899042e-10,0.0,9.999610028899042e-10,1.401780233256741e-24,0.00046521857753462103,0.08296326248272123,0.002028397565922921,1.0,0,True
dirichlet_0.1__high,high,553435265,optimal,319.9162200481407,319.91622026947186,6.918410174438908e-10,True,8000,80000,426,9.999325811804738e-10,0.0,9.999325811804738e-10,0.0,0.00349927423888346,0.8221212640402626,0.0053435114503816794,2.0,0,True
dirichlet_0.1__high,high,567887676,optimal,298.00443243146054,298.0044326111486,6.029711402455086e-10,True,8000,80000,412,9.999894245993346e-10,0.0,9.999894245993346e-10,3.437418781258747e-27,0.0008275475941128419,0.14768585823214408,0.0023148148148148147,1.0,0,True
dirichlet_0.1__high,high,570058452,optimal,308.5635652302081,308.56356561961456,1.2619975592162047e-09,True,6425,64250,334,8.412825991399586e-12,0.0,8.412825991399586e-12,5.710720005750849e-15,0.0012506863202494355,0.23137757948146565,0.001936108422071636,1.0,0,True
dirichlet_0.1__high,high,571665946,optimal,302.84315939192084,302.8431596511388,8.559479583000927e-10,True,8000,80000,419,9.661675903771538e-10,0.0,9.661675903771538e-10,0.0,0.0011081257470264465,0.1986109021181619,0.0010615711252653928,1.0,0,True
dirichlet_0.1__high,high,610850603,optimal,326.0047627004742,326.0047631089262,1.2529020153561977e-09,True,8000,80000,417,9.99875737761613e-10,0.0,9.99875737761613e-10,7.886687266134335e-27,0.0018797826814580631,0.42713495119377143,0.002145922746781116,1.0,0,True
dirichlet_0.1__high,high,624291094,optimal,307.03012982215165,307.0301304055746,1.9002139817624484e-09,True,8000,80000,427,9.999894245993346e-10,0.0,9.999894245993346e-10,3.0861408584354744e-18,0.0006849272146052456,0.15769753389391195,0.0,0.0,0,True
dirichlet_0.1__high,high,626101394,optimal,320.364006544318,320.36400185126945,1.4649113016320799e-08,True,8000,80000,418,9.999894245993346e-10,0.0,9.999894245993346e-10,0.0,0.003639281797892557,1.083623726563065,0.003885003885003885,1.0,0,True
dirichlet_0.1__high,high,631912891,optimal,289.02795352424755,289.0279536200418,3.314358822347022e-10,True,3923,39230,200,2.7284841053187847e-12,0.0,2.7284841053187847e-12,1.8160836696743774e-28,0.0024571667614391893,0.39957582392948154,0.003978779840848806,1.0,0,True
dirichlet_0.1__high,high,636323273,optimal,312.4614364396447,312.4614334937572,9.428003271894518e-09,True,8000,80000,423,9.999894245993346e-10,0.0,9.999894245993346e-10,2.613490522336001e-28,0.0017696739610764936,0.8120333806133644,0.004541326067211626,1.0,0,True
dirichlet_0.1__high,high,665358464,optimal,312.9359196462565,312.93591990177424,8.165178414314271e-10,True,8000,80000,418,9.999894245993346e-10,0.0,9.999894245993346e-10,0.0,0.0032146684522741686,0.8274322614630893,0.002613240418118467,1.0,0,True
dirichlet_0.1__high,high,695586742,optimal,315.1011232997062,315.10111810056515,1.6499912843847482e-08,True,8000,80000,553,9.999894245993346e-10,0.0,9.999894245993346e-10,3.029986310001547e-21,0.0013166502802393612,0.6300453868875096,0.0026041666666666665,1.0,0,True
dirichlet_0.1__high,high,759882551,optimal,334.6823059382243,334.6819400667427,1.0931903931821205e-06,True,8000,80000,431,9.999894245993346e-10,0.0,9.999894245993346e-10,2.2371642928843095e-20,0.00037911831338913215,0.20444659529942388,0.0035087719298245615,1.0,0,True
dirichlet_0.1__high,high,815481791,optimal,312.2932844381349,312.2932045141319,2.5592610207090877e-07,True,8000,80000,415,9.999894245993346e-10,0.0,9.999894245993346e-10,0.0,0.0009910990381924352,0.24254727729429248,0.0036463081130355514,1.0,0,True
dirichlet_0.1__high,high,817137978,optimal,322.72354896238613,322.7235114223536,1.1632256967001585e-07,True,8000,80000,421,9.999894245993346e-10,0.0,9.999894245993346e-10,1.1648241569837707e-28,0.0011139365228374476,0.469758210062146,0.0007633587786259542,1.0,0,True
dirichlet_0.1__high,high,817397877,optimal,309.7118728963858,309.71171469399667,5.108050512772561e-07,True,8000,80000,417,9.999610028899042e-10,0.0,9.999610028899042e-10,7.726926093670605e-21,0.0022955558539067963,1.6847299094959283,0.004757373929590866,2.0,0,True
dirichlet_0.1__high,high,820796292,optimal,329.76985119962796,329.7698512779106,2.373857190517338e-10,True,1798,17980,94,4.473577064345591e-11,0.0,4.473577064345591e-11,2.237929876409764e-28,0.0072831892356819096,1.7332890143139714,0.00851900393184797,2.0,0,True
dirichlet_0.1__high,high,836948274,optimal,290.86367560553094,290.8636759100829,1.0470608752233619e-09,True,8000,80000,414,9.999894245993346e-10,0.0,9.999894245993346e-10,0.0,0.001273177697889673,0.23315012229721788,0.0012970168612191958,1.0,0,True
dirichlet_0.1__high,high,850954452,optimal,317.7328679526407,317.7322541536133,1.931808412846335e-06,True,8000,80000,430,9.999894245993346e-10,0.0,9.999894245993346e-10,0.0,0.0015762238540952412,0.483976291605666,0.0016542597187758478,1.0,0,True
dirichlet_0.1__high,high,874361190,optimal,308.65740259728403,308.6574027948844,6.401931122869317e-10,True,2179,21790,109,8.355982572538778e-12,0.0,8.355982572538778e-12,0.0,0.004761208644692986,2.7585454302430765,0.006653992395437262,3.0,0,True
dirichlet_0.1__high,high,892263153,optimal,317.5125551274832,317.51252371571627,9.893078693478681e-08,True,8000,80000,426,9.999894245993346e-10,0.0,9.999894245993346e-10,0.0,0.0026019387620689993,0.8353996321404935,0.0032626427406199023,1.0,0,True
dirichlet_0.1__high,high,930016503,optimal,317.51399206829456,317.5139923345125,8.384448352909662e-10,True,8000,80000,420,9.999894245993346e-10,0.0,9.999894245993346e-10,0.0,0.0016130668243162618,0.5019422600975245,0.0008278145695364238,1.0,0,True
dirichlet_0.1__high,high,935504160,optimal,303.5200237935375,303.52002175445847,6.718103880343866e-09,True,8000,80000,408,9.999894245993346e-10,0.0,9.999894245993346e-10,0.0,0.0008891688938727635,0.1959009747338598,0.0031512605042016808,1.0,0,True
dirichlet_0.1__high,high,952458876,optimal,331.3174208632453,331.3174209398006,2.31063468018733e-10,True,8000,80000,536,9.999894245993346e-10,0.0,9.999894245993346e-10,0.0,0.0034143537522825103,1.4389092386422426,0.0032679738562091504,2.0,0,True
dirichlet_0.1__high,high,952822154,optimal,342.1880879552293,342.18808815982914,5.979162385417967e-10,True,3263,32630,172,2.637534635141492e-11,0.0,2.637534635141492e-11,0.0,0.002859345884299294,1.0226033616574384,0.004347826086956522,2.0,1,True
dirichlet_0.1__high,high,955270347,optimal,296.3336004986011,296.33360084797175,1.1789776095385253e-09,True,8000,80000,416,9.999894245993346e-10,0.0,9.999894245993346e-10,1.6829511565723431e-18,0.000695041938464107,0.10471243371713257,0.002380952380952381,1.0,1,True
dirichlet_0.1__high,high,967298099,optimal,312.8415205367311,312.8415208172082,8.965470373699354e-10,True,2718,27180,140,1.2846612662542611e-11,0.0,1.2846612662542611e-11,0.0,0.004009120882901541,1.1388134893384994,0.00709849157054126,1.0,0,True
dirichlet_0.1__high,high,984930118,optimal,305.2687254185249,305.2687256992056,9.194544717990289e-10,True,8000,80000,414,5.431388672150206e-11,0.0,5.431388672150206e-11,1.4491262432552486e-27,0.0013860205480989447,0.25335785939513755,0.0010121457489878543,1.0,0,True
dirichlet_0.1__high,high,996168124,optimal,315.12109779769276,315.12109801224454,6.808550464165868e-10,True,2245,22450,120,1.1482370609883219e-11,0.0,1.1482370609883219e-11,0.0,0.00518053754814818,0.9779281404677675,0.008416220351951033,2.0,1,True
dirichlet_0.1__high,high,999012690,optimal,298.2251190460206,298.22511927043763,7.525087845466669e-10,True,8000,80000,425,9.999894245993346e-10,0.0,9.999894245993346e-10,3.634479007301155e-23,0.003842249635561378,1.0422406741034038,0.006586169045005488,1.0,0,True
dirichlet_0.1__high,high,1032888065,optimal,321.9085891256704,321.9078810475035,2.1996249581841316e-06,True,8000,80000,412,9.999325811804738e-10,0.0,9.999325811804738e-10,9.833723221539313e-18,0.0019194166613499435,0.6170294128671046,0.005430566330488751,1.0,0,True
dirichlet_0.1__high,high,1039704879,optimal,310.43815350287446,310.43815368771686,5.954242549903728e-10,True,8000,80000,413,9.999894245993346e-10,0.0,9.999894245993346e-10,0.0,0.0015732741429019576,0.9812998747220192,0.002819548872180451,2.0,0,True
dirichlet_0.1__high,high,1050570396,optimal,312.3707978826142,312.3707981212488,7.639465203239326e-10,True,2141,21410,108,1.8246737454319373e-11,0.0,1.8246737454319373e-11,0.0,0.00810820860657968,4.954249398252433,0.013250883392226149,4.0,0,True
dirichlet_0.1__high,high,1087495274,optimal,307.8951180525328,307.8951111104035,2.2547058664359137e-08,True,8000,80000,410,9.999325811804738e-10,0.0,9.999325811804738e-10,8.292115480898314e-18,0.0026266789744075524,0.5249492938968077,0.005819592628516004,1.0,2,True
dirichlet_0.1__high,high,1102475274,optimal,322.7568403886792,322.7568405308404,4.4045908984202425e-10,True,3082,30820,158,1.830358087318018e-11,0.0,1.830358087318018e-11,2.1210230918211945e-28,0.006167797882795235,2.327777489642912,0.0074682598954443615,3.0,1,True
dirichlet_0.1__high,high,1133305872,optimal,325.7045332514114,325.7045257799323,2.2939438582956984e-08,True,8000,80000,420,9.999894245993346e-10,0.0,9.999894245993346e-10,0.0,0.0014592203580766519,0.5216724419414618,0.000727802037845706,1.0,0,True
dirichlet_0.1__high,high,1143766233,optimal,315.4155114761268,315.41551174919556,8.657428873597137e-10,True,6381,63810,444,1.750777300912887e-11,0.0,1.750777300912887e-11,5.940632366984246e-15,0.0018427038028273675,0.4940420674737318,0.001713796058269066,1.0,0,True
dirichlet_0.1__high,high,1154336374,optimal,339.68443541790407,339.68443564274446,6.619096084330934e-10,True,5967,59670,316,1.1311840353300795e-11,0.0,1.1311840353300795e-11,1.9500315218115956e-28,0.003606639278359692,0.9339241743211701,0.005113636363636364,1.0,0,True
dirichlet_0.1__high,high,1169070121,optimal,329.60867641902115,329.60867688992624,1.4286792987785368e-09,True,7787,77870,419,3.183231456205249e-11,0.0,3.183231456205249e-11,1.8175200334874957e-15,0.003035017920952474,0.875702613456923,0.0032851511169513796,1.0,0,True
dirichlet_0.1__high,high,1187549093,optimal,305.68482712066196,305.6824897056373,7.646486895297925e-06,True,8000,80000,419,9.999894245993346e-10,0.0,9.999894245993346e-10,0.0,0.0063972516550381215,1.0603411620341987,0.005928853754940711,1.0,0,True
dirichlet_0.1__high,high,1221630303,optimal,317.71693545916594,317.7169358151452,1.120428907765527e-09,True,7862,78620,410,9.777068044058979e-12,0.0,9.777068044058979e-12,4.099484436638815e-15,0.0021749541284817628,0.5281985944503163,0.0024855012427506215,1.0,0,True
dirichlet_0.1__high,high,1221963468,optimal,310.35701202562325,310.35701251160987,1.5658954018394095e-09,True,8000,80000,420,9.999894245993346e-10,0.0,9.999894245993346e-10,3.4003399176660985e-24,0.000865946685017045,0.12800142535715242,0.0018433179723502304,1.0,0,True
dirichlet_0.1__high,high,1244412151,optimal,293.75224436680026,293.75224458996684,7.597102136446795e-10,True,7148,71480,369,2.7569058147491887e-12,0.0,2.7569058147491887e-12,0.0,0.0016126001396534013,0.33831984376224966,0.006053268765133172,1.0,0,True
dirichlet_0.1__high,high,1244924414,optimal,322.0919412267674,322.09064600174804,4.0212897423912295e-06,True,8000,80000,559,9.999894245993346e-10,0.0,9.999894245993346e-10,1.1233877245218976e-28,0.002797405417354219,0.3817665928543583,0.005409582689335394,1.0,0,True
dirichlet_0.1__high,high,1254323997,optimal,326.05946021757273,326.0594603601155,4.3716803657094294e-10,True,8000,80000,434,9.999894245993346e-10,0.0,9.999894245993346e-10,6.981531891373765e-26,0.0018024184370780548,0.4492280804928157,0.0007147962830593281,1.0,0,True
dirichlet_0.1__high,high,1281609490,optimal,321.6229747230268,321.62297485358624,4.0593941549364927e-10,True,8000,80000,407,9.999894245993346e-10,0.0,9.999894245993346e-10,2.631639762074445e-28,0.00507370285124496,5.299253016411392,0.007722007722007722,6.0,0,True
dirichlet_0.1__high,high,1282977363,optimal,312.0212249850597,312.02122543337924,1.4368239017924803e-09,True,8000,80000,423,9.999894245993346e-10,0.0,9.999894245993346e-10,4.38132205700049e-26,0.000793651559749972,0.183921116339838,0.0018315018315018315,1.0,0,True
dirichlet_0.1__high,high,1312657306,optimal,323.0305419344702,323.02962407829114,2.841391323436852e-06,True,8000,80000,419,9.999894245993346e-10,0.0,9.999894245993346e-10,2.390586528939058e-18,0.0025014232828126305,0.3883290347790336,0.0030534351145038168,1.0,1,True
dirichlet_0.1__high,high,1314235930,optimal,321.15047603334875,321.15047621972724,5.80346285890474e-10,True,2461,24610,128,1.5006662579253316e-11,0.0,1.5006662579253316e-11,0.0,0.006079083431146645,1.1954766252580669,0.007633587786259542,2.0,0,True
dirichlet_0.1__high,high,1321161991,optimal,314.4202633087252,314.42026373647667,1.3604449039957138e-09,True,5126,51260,357,2.6830093702301383e-11,0.0,2.6830093702301383e-11,7.682219738643137e-15,0.0033218792196611285,0.6625573570355012,0.001718213058419244,1.0,0,True
dirichlet_0.1__high,high,1390795802,optimal,306.06816364933303,306.0681638203024,5.58599006033852e-10,True,5031,50310,260,4.831690603168681e-12,0.0,4.831690603168681e-12,0.0,0.0024454382518658657,0.5892601550345624,0.00597609561752988,1.0,1,True
dirichlet_0.1__high,high,1401482818,optimal,298.6749515928228,298.6748695209059,2.747867422827312e-07,True,8000,80000,431,9.999894245993346e-10,0.0,9.999894245993346e-10,0.0,0.0003382294779670857,0.0701155717002564,0.0,0.0,0,True
dirichlet_0.1__high,high,1401766844,optimal,303.8523339078105,303.8523340433719,4.461424867501579e-10,True,5028,50280,259,3.808509063674137e-12,0.0,3.808509063674137e-12,0.0,0.0015987721176350612,0.26292231430568336,0.001037344398340249,1.0,0,True
dirichlet_0.1__high,high,1460916399,optimal,326.12116825341263,326.1211686729093,1.2863214181742694e-09,True,8000,80000,427,8.540723683836404e-10,0.0,8.540723683836404e-10,7.423824696834521e-14,0.0015425338065163615,0.46502265077438665,0.0007173601147776184,1.0,0,True
dirichlet_0.1__high,high,1485902931,optimal,321.7099708905334,321.70997126374994,1.1601025295056999e-09,True,7344,73440,381,6.536993168992922e-12,0.0,6.536993168992922e-12,0.0,0.0030855049282032337,1.351655186435071,0.005388760585065435,1.0,1,True
dirichlet_0.1__high,high,1558010803,optimal,319.78930581613315,319.78930597922823,5.10007925799073e-10,True,8000,80000,425,9.999894245993346e-10,0.0,9.999894245993346e-10,0.0,0.002876498419120834,0.7528217824055918,0.0007818608287724785,1.0,0,True
dirichlet_0.1__high,high,1565117557,optimal,325.5594390060412,325.5594393632634,1.0972563973649844e-09,True,7432,74320,402,2.8421709430404007e-11,0.0,2.8421709430404007e-11,3.067572277985861e-15,0.0036527179349266302,0.8769010951766489,0.004098360655737705,1.0,0,True
dirichlet_0.1__high,high,1569126949,optimal,323.08657400280225,323.0865738825192,3.722935937660432e-10,True,8000,80000,425,9.999894245993346e-10,0.0,9.999894245993346e-10,2.389881229187856e-25,0.0023656123057279,1.1884940146207335,0.003785011355034065,2.0,1,True
dirichlet_0.1__high,high,1570946556,optimal,315.6675527476436,315.6675529989236,7.96027420966229e-10,True,5126,51260,263,4.490630090003833e-12,0.0,4.490630090003833e-12,0.0,0.0035306454314603993,1.6236686667092641,0.009251471825063078,2.0,2,True
dirichlet_0.1__high,high,1586776797,optimal,334.0044220795522,334.0044222220568,4.266547561375758e-10,True,8000,80000,416,4.035882739117369e-11,0.0,4.035882739117369e-11,3.6734327968971107e-28,0.0012636915343644548,0.8053159389673965,0.0025252525252525255,1.0,0,True
dirichlet_0.1__high,high,1671186386,optimal,313.1873777873868,313.1873782142345,1.3629147331239237e-09,True,8000,80000,551,9.999894245993346e-10,0.0,9.999894245993346e-10,0.0,0.0015927281071553153,0.3280562994418901,0.0008880994671403197,1.0,0,True
dirichlet_0.1__high,high,1727465094,optimal,292.8917263905353,292.8917239871397,8.20574775578013e-09,True,8000,80000,424,1.0000036354540498e-09,0.0,1.0000036354540498e-09,0.0,0.0005951535753623681,0.1506042259539484,0.002509410288582183,1.0,0,True
dirichlet_0.1__high,high,1730566430,optimal,309.2440046487222,309.24398984482787,4.7871241136734517e-08,True,8000,80000,418,9.999325811804738e-10,0.0,9.999325811804738e-10,1.1757221127946373e-22,0.002286270584520063,1.1710558982279338,0.006692160611854685,2.0,0,True
dirichlet_0.1__high,high,1741845543,optimal,324.32923657857555,324.3285332399443,2.1685946005353716e-06,True,8000,80000,428,9.999894245993346e-10,0.0,9.999894245993346e-10,0.0,0.0025895955635662506,0.5317703369057085,0.002225519287833828,1.0,0,True
dirichlet_0.1__high,high,1773063828,optimal,325.8336684344024,325.8334978018767,5.236798471452472e-07,True,8000,80000,417,9.999894245993346e-10,0.0,9.999894245993346e-10,4.553528671941891e-18,0.0011641273136928506,0.301297936852464,0.000725689404934688,1.0,0,True
dirichlet_0.1__high,high,1783677345,optimal,324.92268144450594,324.9226614251682,6.161262011793387e-08,True,8000,80000,420,9.999894245993346e-10,0.0,9.999894245993346e-10,0.0,0.0013187321049117078,0.4894511587601258,0.002207505518763797,1.0,1,True
dirichlet_0.1__high,high,1788325787,optimal,310.9633112226121,310.9610766779319,7.18587884671992e-06,True,8000,80000,425,9.999894245993346e-10,0.0,9.999894245993346e-10,0.0,0.004846424068249527,0.635049849022522,0.007220216606498195,1.0,0,True
dirichlet_0.1__high,high,1798126248,optimal,324.2672613044612,324.26726195116424,1.9943519006647455e-09,True,7003,70030,372,1.9895196601282805e-11,0.0,1.9895196601282805e-11,5.427990218702883e-15,0.001246060895396353,0.35613942837661394,0.0007412898443291327,1.0,0,True
dirichlet_0.1__high,high,1812991878,optimal,305.1497482884552,305.14974862193264,1.092832068284476e-09,True,8000,80000,422,9.999894245993346e-10,0.0,9.999894245993346e-10,0.0,0.00276486627967089,0.6218723468465299,0.005982053838484547,1.0,0,True
dirichlet_0.1__high,high,1879903616,optimal,312.90534962518285,312.905350070073,1.4218041786589076e-09,True,8000,80000,418,2.518163455533795e-10,0.0,2.518163455533795e-10,0.0,0.0032051830357282787,0.8004433487848122,0.0044014084507042256,1.0,1,True
dirichlet_0.1__high,high,1968360483,optimal,323.77838488386374,323.77838530160585,1.2902100145680252e-09,True,2626,26260,185,2.1032064978498966e-11,0.0,2.1032064978498966e-11,0.0,0.00535941341043128,1.1671546518390556,0.007320644216691069,2.0,1,True
dirichlet_0.1__high,high,1969315355,optimal,326.93699691467964,326.9369971636193,7.614301012254544e-10,True,4221,42210,221,1.0118128557223827e-11,0.0,1.0118128557223827e-11,0.0,0.0045157296861434194,1.380165376740873,0.0056179775280898875,1.0,1,True
dirichlet_0.1__high,high,2027057364,optimal,294.9101680712645,294.91016824777034,5.985072176422731e-10,True,8000,80000,427,4.3665693283401197e-10,0.0,4.3665693283401197e-10,0.0,0.0006522967162786066,0.11372407871709811,0.0,0.0,0,True
dirichlet_0.1__high,high,2053772871,optimal,309.70291453135764,309.7028827222967,1.027083035066413e-07,True,8000,80000,422,9.999894245993346e-10,0.0,9.999894245993346e-10,3.0486388468190737e-18,0.0006790148767710676,0.22823225256896507,0.0,0.0,0,True
dirichlet_0.1__high,high,2062822218,optimal,318.49823938531705,318.49823946944673,2.6414488557874837e-10,True,8000,80000,434,9.999894245993346e-10,0.0,9.999894245993346e-10,0.0,0.0021809382765661965,0.866289749913804,0.003257328990228013,1.0,0,True
dirichlet_0.1__high,high,2068762575,optimal,303.23934074411767,303.23933632548255,1.4571444139953037e-08,True,8000,80000,424,9.999894245993346e-10,0.0,9.999894245993346e-10,2.0595441616234787e-28,0.0023511868098256964,0.46433023664312856,0.004119464469618949,1.0,0,True
dirichlet_0.1__high,high,2090014340,optimal,322.74312556304744,322.7431261673888,1.872515113808462e-09,True,6642,66420,348,2.0691004465334117e-11,0.0,2.0691004465334117e-11,5.375873198561274e-16,0.0035256473937653244,0.9391984005975118,0.00586940572267058,1.0,0,True
dirichlet_0.1__high,high,2104367538,optimal,334.27195188838266,334.27195217004186,8.426049380079962e-10,True,6841,68410,378,1.318767317570746e-11,0.0,1.318767317570746e-11,0.0,0.002678618258633387,0.8208797750370103,0.005021971123666039,1.0,0,True
dirichlet_0.1__high,high,2143652743,optimal,322.3333092513435,322.33330872194006,1.6424100012647508e-09,True,8000,80000,431,9.999894245993346e-10,0.0,9.999894245993346e-10,0.0,0.001704295718385984,0.8534498331351008,0.0030211480362537764,1.0,0,True
dirichlet_0.1__high,high,2159859472,optimal,309.70005202028733,309.7000523605331,1.0986300267719292e-09,True,8000,80000,410,9.999894245993346e-10,0.0,9.999894245993346e-10,0.0,0.0017038801314361702,0.38530024293922427,0.001885014137606032,1.0,0,True
dirichlet_0.1__high,high,2187540509,optimal,327.67227227442675,327.67227254823075,8.356032182577709e-10,True,5565,55650,291,1.1368683772161603e-11,0.0,1.1368683772161603e-11,1.923635156034112e-28,0.003869204648388615,2.242199505255961,0.0048375950241879755,2.0,0,True
dirichlet_0.1__high,high,2212622024,optimal,329.6214732568259,329.62147376947115,1.555254477038058e-09,True,8000,80000,426,3.5436187317827716e-10,0.0,3.5436187317827716e-10,0.0,0.003149525048817847,0.9502522873550703,0.00261437908496732,1.0,0,True
dirichlet_0.1__high,high,2222055010,optimal,289.1865187998065,289.18650480577213,4.83910329555105e-08,True,8000,80000,424,9.999894245993346e-10,0.0,9.999894245993346e-10,0.0,0.0003005907279118399,0.0412352946285246,0.0,0.0,0,True
dirichlet_0.1__high,high,2225355892,optimal,294.93297657695575,294.93297667572153,3.3487534177242643e-10,True,3263,32630,173,4.121147867408581e-12,0.0,4.121147867408581e-12,0.0,0.0019876582067360014,0.36760743579948496,0.0024096385542168677,1.0,0,True
dirichlet_0.1__high,high,2268749908,optimal,313.659378978885,313.6593746743528,1.3723588298729598e-08,True,8000,80000,413,9.999894245993346e-10,0.0,9.999894245993346e-10,0.0,0.0007617559171796398,0.19960913142666392,0.0,0.0,0,True
dirichlet_0.1__high,high,2269193850,optimal,288.23393020451323,288.23393043452205,7.979935689444374e-10,True,8000,80000,406,5.064748620497994e-11,0.0,5.064748620497994e-11,1.5793340081880667e-27,0.0010107830092787196,0.11235944277839138,0.0027137042062415195,1.0,0,True
dirichlet_0.1__high,high,2321257153,optimal,307.24964946863827,307.2496496153822,4.776049628816285e-10,True,8000,80000,413,9.999894245993346e-10,0.0,9.999894245993346e-10,7.187329663531803e-27,0.0008144534049097863,0.16598673642255068,0.0038948393378773127,1.0,0,True
dirichlet_0.1__high,high,2367693741,optimal,307.2694384373891,307.269438863401,1.3864439885412e-09,True,3985,39850,201,9.15179043659009e-12,0.0,9.15179043659009e-12,2.0558493358067688e-14,0.0018335251170259654,0.2870402477520031,0.001941747572815534,1.0,0,True
dirichlet_0.1__high,high,2379132744,optimal,319.65709478087024,319.6570949834629,6.337812506332932e-10,True,8000,80000,416,9.999894245993346e-10,0.0,9.999894245993346e-10,0.0,0.0015972611646254673,0.6203142921997093,0.002377179080824089,1.0,0,True
dirichlet_0.1__high,high,2399786552,optimal,322.3219134233277,322.3219039607186,2.935763508460162e-08,True,8000,80000,423,9.999894245993346e-10,0.0,9.999894245993346e-10,3.5124801352805315e-23,0.0010179439494434146,0.2672817737986506,0.0023112480739599386,1.0,0,True
dirichlet_0.1__high,high,2417511538,optimal,284.5026628840989,284.50266328582757,1.4120382473444978e-09,True,7561,75610,396,7.531752999057062e-13,0.0,7.531752999057062e-13,0.0,0.0010036744675225042,0.2026285829180523,0.0028776978417266188,1.0,0,True
dirichlet_0.1__high,high,2429613199,optimal,330.6297386618557,330.6288628735308,2.648849218569929e-06,True,8000,80000,438,9.999894245993346e-10,0.0,9.999894245993346e-10,0.0,0.000394380988912409,0.17851616120559655,0.002506265664160401,1.0,0,True
dirichlet_0.1__high,high,2450099792,optimal,284.27556219337475,284.275562544665,1.2357383893390564e-09,True,8000,80000,426,9.999894245993346e-10,0.0,9.999894245993346e-10,0.0,0.0010906456436675141,0.1687405565770561,0.0014534883720930232,1.0,0,True
dirichlet_0.1__high,high,2458392116,optimal,325.79602177979336,325.7960220484262,8.245430508274037e-10,True,3650,36500,190,1.8530954548623413e-11,0.0,1.8530954548623413e-11,0.0,0.0055854489997582656,1.8135927165072605,0.007112375533428165,2.0,0,True
dirichlet_0.1__high,high,2463410529,optimal,329.6844602225009,329.68371956142465,2.2465756370078006e-06,True,8000,80000,560,9.999894245993346e-10,0.0,9.999894245993346e-10,0.0,0.003564888056271067,0.5589171542070943,0.005434782608695652,1.0,0,True
dirichlet_0.1__high,high,2464146756,optimal,311.6510782206025,311.6510783755208,4.970888254911249e-10,True,8000,80000,419,3.228706191293895e-11,0.0,3.228706191293895e-11,0.0,0.004359632013669673,0.955162290198146,0.004409171075837742,1.0,0,True
dirichlet_0.1__high,high,2501632677,optimal,319.38330210751286,319.3832941740493,2.4839944705822336e-08,True,8000,80000,418,9.999894245993346e-10,0.0,9.999894245993346e-10,0.0,0.00271092367112994,0.7957449841647701,0.0071315372424722665,1.0,2,True
dirichlet_0.1__high,high,2503513465,optimal,328.20352032770205,328.20352059088293,8.018831714333396e-10,True,8000,80000,561,9.999894245993346e-10,0.0,9.999894245993346e-10,0.0,0.001557959287730536,0.8872701293795089,0.0048543689320388345,1.0,0,True
dirichlet_0.1__high,high,2508126195,optimal,313.5268009346633,313.5268015594005,1.9926117806304194e-09,True,8000,80000,418,9.999894245993346e-10,0.0,9.999894245993346e-10,1.488047614157278e-28,0.002705402477706455,0.8435099679906557,0.0026041666666666665,1.0,0,True
dirichlet_0.1__high,high,2524586228,optimal,305.3573090428447,305.3571852217529,4.0549575243034125e-07,True,8000,80000,410,9.999894245993346e-10,0.0,9.999894245993346e-10,1.1188431483468709e-19,0.0002646347854591004,0.04739795618311016,0.002002002002002002,1.0,0,True
dirichlet_0.1__high,high,2526189608,optimal,300.07032364277006,300.07032388015404,7.910944646344953e-10,True,8000,80000,426,9.999894245993346e-10,0.0,9.999894245993346e-10,0.0,0.002455264525742341,0.6946110601494411,0.002176278563656148,1.0,0,True
dirichlet_0.1__high,high,2566648724,optimal,300.88800948870164,300.8880097462287,8.558900809089299e-10,True,8000,80000,418,4.190781055513071e-10,0.0,4.190781055513071e-10,0.0,0.0007298558416472512,0.13236001820064303,0.0,0.0,0,True
dirichlet_0.1__high,high,2568720644,optimal,285.85253134701577,285.85253174622795,1.396566899126413e-09,True,8000,80000,535,6.281197784119286e-12,0.0,6.281197784119286e-12,3.7331933023278105e-28,0.0009897800698006661,0.16793353845266523,0.0028129395218002813,1.0,0,True
dirichlet_0.1__high,high,2577147738,optimal,313.10833271145424,313.1083257402302,2.2264575216956307e-08,True,8000,80000,413,9.999894245993346e-10,0.0,9.999894245993346e-10,0.0,0.0003632152825128125,0.06376978832096825,0.0017825311942959,1.0,0,True
dirichlet_0.1__high,high,2598968052,optimal,305.55323072331305,305.5532309113891,6.155263270938179e-10,True,8000,80000,427,9.999894245993346e-10,0.0,9.999894245993346e-10,0.0,0.0032505281539074254,0.6974589941466363,0.003988035892323031,1.0,0,True
dirichlet_0.1__high,high,2600011987,optimal,298.90274207667596,298.9021913194941,1.84259661874439e-06,True,8000,80000,418,9.999894245993346e-10,0.0,9.999894245993346e-10,0.0,0.000850557708091189,0.28052080113079114,0.0022624434389140274,1.0,0,True
dirichlet_0.1__high,high,2652099947,optimal,316.05780287695654,316.05780313972923,8.314070552069996e-10,True,8000,80000,420,9.999894245993346e-10,0.0,9.999894245993346e-10,0.0,0.0027185772428696612,1.3316034266391483,0.002555366269165247,2.0,0,True
dirichlet_0.1__high,high,2677882682,optimal,332.75869524402515,332.75869565400797,1.23207243967707e-09,True,8000,80000,425,9.999894245993346e-10,0.0,9.999894245993346e-10,0.0,0.0018462586769193209,0.6491158308461848,0.0025220680958385876,1.0,0,True
dirichlet_0.1__high,high,2714253060,optimal,308.41685744422267,308.416857532093,2.8490764009847646e-10,True,8000,80000,423,9.999894245993346e-10,0.0,9.999894245993346e-10,0.0,0.0013062379727972007,0.3992561555480876,0.0038910505836575876,1.0,0,True
dirichlet_0.1__high,high,2730197715,optimal,304.0314947461188,304.03115432073105,1.1197043518810244e-06,True,8000,80000,418,9.999894245993346e-10,0.0,9.999894245993346e-10,1.3023396638134357e-17,0.0005961816275576171,0.20383169640886933,0.0,0.0,0,True
dirichlet_0.1__high,high,2735928750,optimal,331.5309786051708,331.53097870391014,2.9782842483322856e-10,True,8000,80000,419,9.999894245993346e-10,0.0,9.999894245993346e-10,5.041679251168662e-27,0.0019874373844063265,0.8444823082442028,0.0006574621959237344,1.0,0,True
dirichlet_0.1__high,high,2736850591,optimal,319.6676434569102,319.66764404477226,1.838978975493807e-09,True,8000,80000,420,9.999894245993346e-10,0.0,9.999894245993346e-10,0.0,0.0007468017471156775,0.16487586646506003,0.0,0.0,0,True
dirichlet_0.1__high,high,2792985194,optimal,324.3263391409074,324.3263396589968,1.5974323731488362e-09,True,8000,80000,430,9.999894245993346e-10,0.0,9.999894245993346e-10,3.489748185134131e-17,0.0038952157896447208,1.204413502198527,0.0035790980672870437,1.0,1,True
dirichlet_0.1__high,high,2810498306,optimal,304.6954652883785,304.69546561677504,1.0777861038932592e-09,True,8000,80000,427,9.999894245993346e-10,0.0,9.999894245993346e-10,1.0768026003883182e-24,0.0011855211207407101,0.21799510362259866,0.002066115702479339,1.0,0,True
dirichlet_0.1__high,high,2817000645,optimal,317.3537443149356,317.35374457090836,8.065848943835352e-10,True,8000,80000,418,9.999894245993346e-10,0.0,9.999894245993346e-10,0.0,0.0019281437087243227,0.9725349778583237,0.0041841004184100415,1.0,0,True
dirichlet_0.1__high,high,2825972968,optimal,338.24470416230736,338.2446924130022,3.473610968692574e-08,True,8000,80000,417,9.999894245993346e-10,0.0,9.999894245993346e-10,0.0,0.002543860058556173,0.914472525822223,0.003510825043885313,1.0,0,True
dirichlet_0.1__high,high,2843249206,optimal,332.86443776640533,332.8644378701144,3.115654416598855e-10,True,1671,16710,88,3.9619862945983186e-11,0.0,3.9619862945983186e-11,0.0,0.006392280623627875,1.8120822302987918,0.0074580484773151025,1.0,0,True
dirichlet_0.1__high,high,2870079691,optimal,325.05181816371146,325.05181510688334,9.404125587346505e-09,True,8000,80000,423,9.999325811804738e-10,0.0,9.999325811804738e-10,0.0,0.0009802480185149205,0.3623943637692548,0.0022026431718061676,1.0,0,True
dirichlet_0.1__high,high,2882304442,optimal,308.9605801370749,308.96058031810577,5.859352167996488e-10,True,8000,80000,425,9.999325811804738e-10,0.0,9.999325811804738e-10,8.417729962567325e-26,0.004084331182788093,0.9671213517302562,0.0037105751391465678,1.0,0,True
dirichlet_0.1__high,high,2891712906,optimal,337.47470824835125,337.47470832809614,2.362988733860828e-10,True,2654,26540,140,3.512923285597935e-11,0.0,3.512923285597935e-11,0.0,0.004101285716849889,0.9923824442691398,0.004672897196261682,2.0,0,True
dirichlet_0.1__high,high,2905932246,optimal,317.6929455113917,317.69294569564624,5.799767802070084e-10,True,6773,67730,359,2.0691004465334117e-11,0.0,2.0691004465334117e-11,5.59883544607168e-15,0.0026447271933097423,0.5293020059066249,0.004882017900732303,1.0,0,True
dirichlet_0.1__high,high,2942686094,optimal,311.4499530180653,311.4499460580181,2.234724108971928e-08,True,8000,80000,416,9.999894245993346e-10,0.0,9.999894245993346e-10,1.3932210505100003e-28,0.0022850023488751535,1.2505739426937446,0.0009242144177449168,1.0,0,True
dirichlet_0.1__high,high,2956068456,optimal,303.47825705917364,303.4782446847177,4.077542837670982e-08,True,8000,80000,418,9.999325811804738e-10,0.0,9.999325811804738e-10,0.0,0.0025274404183363223,1.0967946549445458,0.0031545741324921135,1.0,0,True
dirichlet_0.1__high,high,2976004693,optimal,310.9390076524643,310.9390080689002,1.3392848742261002e-09,True,8000,80000,418,9.99875737761613e-10,0.0,9.99875737761613e-10,1.4354398702224245e-28,0.0013649175127862549,0.41717812605461013,0.0,0.0,0,True
dirichlet_0.1__high,high,3043575286,optimal,336.06268142098463,336.06268156357817,4.24306366296929e-10,True,8000,80000,430,4.6270542952697724e-11,0.0,4.6270542952697724e-11,1.5280488941077424e-28,0.002939516265019086,1.1159457592205122,0.0030358227079538553,1.0,0,True
dirichlet_0.1__high,high,3053626668,optimal,313.37827906113034,313.3782793473995,9.13493885353404e-10,True,8000,80000,419,9.999894245993346e-10,0.0,9.999894245993346e-10,2.8854527340511683e-28,0.0029189524532392767,0.6251986496884774,0.00265017667844523,1.0,0,True
dirichlet_0.1__high,high,3059548316,optimal,332.57944290939474,332.57944322362357,9.448233633983943e-10,True,8000,80000,422,9.999894245993346e-10,0.0,9.999894245993346e-10,2.273884023470947e-13,0.0015115937588646004,0.5208234555634448,0.0012763241863433313,1.0,0,True
dirichlet_0.1__high,high,3066518355,optimal,320.5583070753822,320.5581848098517,3.814143255065277e-07,True,8000,80000,565,9.999894245993346e-10,0.0,9.999894245993346e-10,0.0,0.00047836327026787057,0.09913641871672674,0.0,0.0,0,True
dirichlet_0.1__high,high,3104103606,optimal,310.2235895388969,310.22303962389213,1.7726408412630946e-06,True,8000,80000,414,9.999894245993346e-10,0.0,9.999894245993346e-10,1.664391891317118e-18,0.0025163112892946002,0.3190855045115768,0.004699248120300752,1.0,0,True
dirichlet_0.1__high,high,3166858978,optimal,300.9160156814335,300.9160160675468,1.2831264520132813e-09,True,8000,80000,410,4.246203388902359e-11,0.0,4.246203388902359e-11,0.0,0.0015938381615077017,0.278511970428454,0.0032537960954446853,1.0,0,True
dirichlet_0.1__high,high,3186016859,optimal,314.8232765438162,314.8232617456802,4.700458024281896e-08,True,8000,80000,458,9.999894245993346e-10,0.0,9.999894245993346e-10,8.255369770208958e-22,0.0015088793079434278,0.34649284007186054,0.004611837048424289,1.0,0,True
dirichlet_0.1__high,high,3191323320,optimal,333.6088826446068,333.60888281602814,5.138392379051281e-10,True,5104,51040,271,1.0970779840135947e-11,0.0,1.0970779840135947e-11,1.7819253561381823e-28,0.003127802947044303,0.6854368079207216,0.005034612964128383,1.0,0,True
dirichlet_0.1__high,high,3192870723,optimal,320.8576128841969,320.85761290366696,6.068132370806457e-11,True,8000,80000,414,9.999894245993346e-10,0.0,9.999894245993346e-10,0.0,0.0010961655525191176,0.3363104190936399,0.0,0.0,0,True
dirichlet_0.1__high,high,3195559325,optimal,315.905151938705,315.90511041156594,1.3145445331214706e-07,True,8000,80000,427,9.999894245993346e-10,0.0,9.999894245993346e-10,0.0,0.0008520435826075974,0.2949985692558563,0.0017050298380221654,1.0,0,True
dirichlet_0.1__high,high,3199293997,optimal,325.5418577144016,325.54185818301914,1.43950011922446e-09,True,8000,80000,423,9.999894245993346e-10,0.0,9.999894245993346e-10,0.0,0.0030856223912375945,1.2479332353458474,0.0029006526468455403,1.0,0,True
dirichlet_0.1__high,high,3214303852,optimal,315.9504382351338,315.9504384920589,8.131816256221467e-10,True,8000,80000,415,9.999894245993346e-10,0.0,9.999894245993346e-10,0.0,0.0008249803329840182,0.45667971341593017,0.003421727972626176,1.0,2,True
dirichlet_0.1__high,high,3215523777,optimal,320.60707335111414,320.60706891831404,1.3826270426387873e-08,True,8000,80000,418,9.999894245993346e-10,0.0,9.999894245993346e-10,1.839292556554979e-27,0.0019455637380477258,1.2018865868831128,0.00547302580140735,1.0,0,True
dirichlet_0.1__high,high,3232559368,optimal,335.55346372674666,335.5534641968115,1.4008641963023787e-09,True,8000,80000,426,7.287326297955588e-11,0.0,7.287326297955588e-11,0.0,0.001568029123769372,0.5409009652935453,0.0024316109422492403,1.0,0,True
dirichlet_0.1__high,high,3265785232,optimal,324.7848748934054,324.78487498159586,2.7153500046758626e-10,True,8000,80000,434,9.999894245993346e-10,0.0,9.999894245993346e-10,0.0,0.0015915913109410705,0.791070794223482,0.0014367816091954023,1.0,0,True
dirichlet_0.1__high,high,3305966842,optimal,318.99559230898217,318.9955920996243,6.563034030794949e-10,True,8000,80000,421,9.999894245993346e-10,0.0,9.999894245993346e-10,0.0,0.001229431838575483,0.34144657246990917,0.0024429967426710096,1.0,0,True
dirichlet_0.1__high,high,3329658473,optimal,311.28582176142856,311.2858219889354,7.308616187086916e-10,True,8000,80000,426,9.999894245993346e-10,0.0,9.999894245993346e-10,0.0,0.0007532545781753739,0.15623932434113996,0.0,0.0,0,True
dirichlet_0.1__high,high,3351763171,optimal,308.44922703269094,308.4477546187645,4.773602257287127e-06,True,8000,80000,428,9.999894245993346e-10,0.0,9.999894245993346e-10,0.0,0.002667358885561606,0.5549276894299311,0.0018885741265344666,1.0,0,True
dirichlet_0.1__high,high,3356704017,optimal,314.08151115586793,314.0815117286162,1.8235656754557161e-09,True,6557,65570,350,2.2851054382044822e-11,0.0,2.2851054382044822e-11,1.6700377996424253e-15,0.005376669815619203,1.5227957848780136,0.007323026851098454,2.0,2,True
dirichlet_0.1__high,high,3411174439,optimal,304.2268933497808,304.2229103096039,1.3092334254467701e-05,True,8000,80000,433,9.999894245993346e-10,0.0,9.999894245993346e-10,4.060444909457481e-17,0.0002319802139189914,0.05228713154049558,0.005429864253393665,1.0,0,True
dirichlet_0.1__high,high,3414689543,optimal,299.08174748111765,299.08174768747773,6.899788646877933e-10,True,4407,44070,225,4.916955731459893e-12,0.0,4.916955731459893e-12,1.4211608619172447e-16,0.001768463344186661,0.2924217905632531,0.00331858407079646,1.0,0,True
dirichlet_0.1__high,high,3424619266,optimal,307.1846856377092,307.18428875317494,1.292006251693224e-06,True,8000,80000,425,9.999894245993346e-10,0.0,9.999894245993346e-10,0.0,0.0012579660597507654,0.5643205528429931,0.0019704433497536944,1.0,0,True
dirichlet_0.1__high,high,3447467374,optimal,311.3122640124596,311.3113906678663,2.8053652047984533e-06,True,8000,80000,432,9.999894245993346e-10,0.0,9.999894245993346e-10,8.350524394800488e-17,0.00022286711342799675,0.060984005421587995,0.001607717041800643,1.0,0,True
dirichlet_0.1__high,high,3506619616,optimal,295.6886259983338,295.67992332691944,2.9431877485940287e-05,True,8000,80000,413,9.999894245993346e-10,0.0,9.999894245993346e-10,2.1210230918211945e-28,0.0028087925801810578,0.9303473423996564,0.0048134777376654635,1.0,0,True
dirichlet_0.1__high,high,3522565390,optimal,330.48814045472807,330.48814061626683,4.887883854614439e-10,True,2476,24760,131,2.177102942368947e-11,0.0,2.177102942368947e-11,0.0,0.004681475954513175,1.7232664165748872,0.007194244604316547,2.0,1,True
dirichlet_0.1__high,high,3560321021,optimal,306.8349492183639,306.8343867699652,1.833064975534651e-06,True,8000,80000,570,9.999894245993346e-10,0.0,9.999894245993346e-10,0.0,0.00022207356343027296,0.04315264005558106,0.005703422053231939,1.0,0,True
dirichlet_0.1__high,high,3564430434,optimal,299.0314808166634,299.03098875731496,1.6455101888136769e-06,True,8000,80000,420,9.999894245993346e-10,0.0,9.999894245993346e-10,0.0,0.002011883494998495,0.4600271529477169,0.002229654403567447,1.0,0,True
dirichlet_0.1__high,high,3569961091,optimal,316.2160678161954,316.2159980331241,2.2068161108477252e-07,True,8000,80000,564,9.999894245993346e-10,0.0,9.999894245993346e-10,2.176648000886068e-20,0.0017868226176408052,0.6171510797181599,0.001638001638001638,1.0,0,True
dirichlet_0.1__high,high,3633027796,optimal,303.6713228062747,303.6713230918646,9.40457324299726e-10,True,8000,80000,412,9.999894245993346e-10,0.0,9.999894245993346e-10,1.4841623723448568e-28,0.0012503916769664976,0.29892116701322635,0.0010526315789473684,1.0,0,True
dirichlet_0.1__high,high,3636324181,optimal,307.92716448471595,307.926046265329,3.631441184601026e-06,True,8000,80000,429,9.999894245993346e-10,0.0,9.999894245993346e-10,0.0,0.0025462720634486583,0.5601463718564759,0.0019083969465648854,1.0,1,True
dirichlet_0.1__high,high,3676968117,optimal,330.576275043276,330.5762752955977,7.632784305450817e-10,True,8000,80000,418,9.999894245993346e-10,0.0,9.999894245993346e-10,2.9871373624960534e-25,0.0015058068232203477,1.375883615343092,0.002008032128514056,1.0,1,True
dirichlet_0.1__high,high,3696784942,optimal,308.28164385582045,308.28164188488245,6.393303138644923e-09,True,8000,80000,427,9.999894245993346e-10,0.0,9.999894245993346e-10,0.0,0.002481867172606296,0.7801853272349959,0.0028462998102466793,1.0,0,True
dirichlet_0.1__high,high,3714643568,optimal,322.1383488520982,322.1383490752655,6.927685576280545e-10,True,2009,20090,103,2.4556356947869062e-11,0.0,2.4556356947869062e-11,1.2716648514722151e-28,0.006674461800733904,2.9210059270473607,0.008208955223880597,3.0,0,True
dirichlet_0.1__high,high,3794604293,optimal,322.8683652277726,322.8678290538216,1.6606580536701462e-06,True,8000,80000,564,9.999894245993346e-10,0.0,9.999894245993346e-10,0.0,0.0003023313796928205,0.06874183848922488,0.0,0.0,0,True
dirichlet_0.1__high,high,3885192991,optimal,310.5638859499753,310.5638863724679,1.3604047191227248e-09,True,6631,66310,452,5.4569682106375694e-12,0.0,5.4569682106375694e-12,0.0,0.002907792996783454,1.8357418556485072,0.00463821892393321,2.0,0,True
dirichlet_0.1__high,high,3885443111,optimal,315.29458449600025,315.29451422380237,2.2287790956059105e-07,True,8000,80000,565,9.999894245993346e-10,0.0,9.999894245993346e-10,7.381475944328682e-18,0.002161576361588737,0.8574529512079536,0.0008635578583765112,1.0,0,True
dirichlet_0.1__high,high,3893939786,optimal,319.5698883070994,319.5698666171102,6.787244348147564e-08,True,8000,80000,420,9.999894245993346e-10,0.0,9.999894245993346e-10,2.2556912246352387e-28,0.002942222473256525,1.0615832510807408,0.005591054313099041,1.0,0,True
dirichlet_0.1__high,high,3950032071,optimal,322.4163953666306,322.4163954908414,3.8524972698197216e-10,True,3158,31580,270,2.1373125491663814e-11,0.0,2.1373125491663814e-11,1.2889664140772792e-28,0.004294908623223803,1.4526191770435872,0.006787330316742082,1.0,0,True
dirichlet_0.1__high,high,3955522292,optimal,314.731525273511,314.73152566031507,1.2289968742252403e-09,True,8000,80000,425,9.999894245993346e-10,0.0,9.999894245993346e-10,6.169943521147867e-23,0.002326191842863619,0.672384247178548,0.0025929127052722557,1.0,0,True
dirichlet_0.1__high,high,4026759651,optimal,305.93139547268345,305.931394902442,1.863952103988155e-09,True,8000,80000,425,9.999894245993346e-10,0.0,9.999894245993346e-10,0.0,0.0010584836461812975,0.1806269000505294,0.003937007874015748,1.0,0,True
dirichlet_0.1__high,high,4031711447,optimal,309.00482236239884,309.00410259189925,2.329318015438301e-06,True,8000,80000,427,9.999325811804738e-10,0.0,9.999325811804738e-10,0.0,0.002763964494852281,0.5254735822189218,0.0019138755980861245,1.0,0,True
dirichlet_0.1__high,high,4037661888,optimal,314.9969639935197,314.9969645865575,1.882677772250601e-09,True,8000,80000,418,9.999894245993346e-10,0.0,9.999894245993346e-10,0.0,0.0013712777226064991,0.4147422331756214,0.0,0.0,0,True
dirichlet_0.1__high,high,4071416038,optimal,306.7547932262962,306.75465367475795,4.549286314340659e-07,True,8000,80000,424,9.999894245993346e-10,0.0,9.999894245993346e-10,0.0,0.003240323845456864,0.7152394533908364,0.0038948393378773127,1.0,0,True
dirichlet_0.1__high,high,4085652262,optimal,308.33525003484016,308.3352502470123,6.881216260552423e-10,True,5618,56180,293,4.206412995699793e-12,0.0,4.206412995699793e-12,0.0,0.0015805889858596677,0.2957543704485488,0.0009652509652509653,1.0,0,True
dirichlet_0.1__high,high,4118709976,optimal,314.5920503187365,314.59205051039487,6.092283220272555e-10,True,2362,23620,123,1.5575096767861396e-11,0.0,1.5575096767861396e-11,0.0,0.00583343371877025,3.1571309883054752,0.009345794392523364,4.0,1,True
dirichlet_0.1__high,high,4148675945,optimal,314.0428966445987,314.0428966047504,1.2688813239256603e-10,True,8000,80000,425,9.999894245993346e-10,0.0,9.999894245993346e-10,1.2688263138573216e-28,0.0006345635833425947,0.1170111140668979,0.0017699115044247787,1.0,0,True
dirichlet_0.1__high,high,4169915556,optimal,315.75764289923586,315.75764308414426,5.856022985905716e-10,True,8000,80000,430,9.999894245993346e-10,0.0,9.999894245993346e-10,1.4427263670255841e-28,0.0027451625914701088,0.7298773121746853,0.004205214465937763,1.0,0,True
dirichlet_0.1__high,high,4209074295,optimal,317.7502121338046,317.750086199873,3.963299686053063e-07,True,8000,80000,413,9.999894245993346e-10,0.0,9.999894245993346e-10,2.6352552924522117e-19,0.004299152595296047,2.2726721798353253,0.01079734219269103,3.0,0,True
dirichlet_0.1__high,high,4215538721,optimal,308.4652808738488,308.46528139871737,1.7015481880326307e-09,True,8000,80000,428,9.999894245993346e-10,0.0,9.999894245993346e-10,2.0353690001247098e-13,0.0014226582733040832,0.3430847545679514,0.001932367149758454,1.0,0,True
dirichlet_0.1__high,high,4224506899,optimal,310.4655894340244,310.46558978379295,1.1265935386527579e-09,True,6699,66990,365,5.9685589803848416e-12,0.0,5.9685589803848416e-12,0.0,0.000960717754432995,0.2952243541897097,0.0,0.0,0,True
dirichlet_0.1__high,high,4230076829,optimal,317.975625015122,317.97562531559095,9.449434018804707e-10,True,3591,35910,251,1.4978240869822912e-11,0.0,1.4978240869822912e-11,0.0,0.004801983935571551,1.3183465318579408,0.007305194805194805,2.0,1,True
dirichlet_0.1__high,high,4253299686,optimal,316.74933886653525,316.7493391516965,9.002742184458764e-10,True,4036,40360,208,9.379164112033322e-12,0.0,9.379164112033322e-12,0.0,0.0048322091035628125,3.09665987593597,0.005766062602965404,3.0,0,True
dirichlet_0.1__high,high,4259560605,optimal,314.0209751491678,314.0209754603641,9.910049638869066e-10,True,8000,80000,424,1.2227019396959804e-10,0.0,1.2227019396959804e-10,0.0,0.003334593289747749,0.8446023880351952,0.00423728813559322,1.0,0,True
dirichlet_0.1__high,high,4283749312,optimal,318.7131591818137,318.71315930578623,3.889784187006848e-10,True,8000,80000,427,9.999894245993346e-10,0.0,9.999894245993346e-10,0.0,0.00403826873810308,1.244759354420239,0.003993610223642172,1.0,0,True
dirichlet_0.1__moderate,moderate,13163994,optimal,340.359602198385,340.35652384463106,9.044415771043482e-06,True,8000,80000,696,9.999894245993346e-10,0.0,9.999894245993346e-10,2.0372900556416825e-17,0.0009661764308208099,0.31261601955090157,0.0005157297576070139,1.0,0,True
dirichlet_0.1__moderate,moderate,47233068,optimal,322.263299145602,322.2629036488871,1.2272471482836902e-06,True,8000,80000,548,9.999325811804738e-10,0.0,9.999325811804738e-10,8.663836960007872e-19,0.0030219140980814333,0.642265436938402,0.003079291762894534,1.0,1,True
dirichlet_0.1__moderate,moderate,51953835,optimal,335.1681243377847,335.1681246464186,9.208330931480898e-10,True,8000,80000,684,9.999894245993346e-10,0.0,9.999894245993346e-10,0.0,0.0009680388495453878,0.45766965747775146,0.0012322858903265558,1.0,0,True
dirichlet_0.1__moderate,moderate,71021215,optimal,325.9574893238749,325.9574812850902,2.4662064724797897e-08,True,8000,80000,533,9.999894245993346e-10,0.0,9.999894245993346e-10,0.0,0.0004981033300950876,0.14133523274003323,0.0014336917562724014,1.0,0,True
dirichlet_0.1__moderate,moderate,79596452,optimal,330.8582042655916,330.8582044230834,4.760099503375228e-10,True,8000,80000,589,9.999894245993346e-10,0.0,9.999894245993346e-10,2.141226083029062e-17,0.0021946059968477433,0.7832069681681162,0.00440251572327044,1.0,0,True
dirichlet_0.1__moderate,moderate,105735450,optimal,348.4431205665117,348.4431208196392,7.264528438422858e-10,True,1933,19330,99,5.843503458891064e-11,0.0,5.843503458891064e-11,1.635781837721094e-28,0.007514111486910829,4.795380852604424,0.008637236084452975,5.0,0,True
dirichlet_0.1__moderate,moderate,119160524,optimal,343.9660936492949,343.9660152860203,2.2782267222692104e-07,True,8000,80000,548,9.999894245993346e-10,0.0,9.999894245993346e-10,0.0,0.003155366681516538,2.6192214134921983,0.004206098843322818,3.0,0,True
dirichlet_0.1__moderate,moderate,144382842,optimal,348.5179859004113,348.5179855351015,1.0481806298181064e-09,True,8000,80000,557,9.999894245993346e-10,0.0,9.999894245993346e-10,0.0,0.0016055637699272096,1.4127449509825425,0.0019464720194647203,2.0,0,True
dirichlet_0.1__moderate,moderate,154011620,optimal,343.5718687781988,343.5718690120479,6.806410199449878e-10,True,8000,80000,702,9.999894245993346e-10,0.0,9.999894245993346e-10,1.2000665919773839e-17,0.0019546459091804727,1.5921859490485701,0.002070393374741201,2.0,0,True
dirichlet_0.1__moderate,moderate,160641470,optimal,339.67783081369487,339.6778296563843,3.407083044733342e-09,True,8000,80000,546,9.999894245993346e-10,0.0,9.999894245993346e-10,0.0,0.0006391391426232738,0.2699511857037038,0.0011448196908986834,1.0,1,True
dirichlet_0.1__moderate,moderate,171451216,optimal,329.4169773164067,329.416730694905,7.486605689936567e-07,True,8000,80000,570,9.999894245993346e-10,0.0,9.999894245993346e-10,2.2868705656135284e-17,0.001168430363441392,0.5149596712021918,0.0,0.0,0,True
dirichlet_0.1__moderate,moderate,214605580,optimal,350.3344992928359,350.3344993990322,3.031282857257692e-10,True,8000,80000,562,9.999894245993346e-10,0.0,9.999894245993346e-10,1.3067910310115297e-24,0.0015455851869582943,0.8297231491163632,0.0028222013170272815,1.0,0,True
dirichlet_0.1__moderate,moderate,215326899,optimal,321.69398722546083,321.69398733372657,3.3654883836047906e-10,True,3934,39340,200,7.16227077646181e-12,0.0,7.16227077646181e-12,0.0,0.0020509332276632355,0.4572177846540342,0.0023112480739599386,1.0,0,True
dirichlet_0.1__moderate,moderate,251198272,optimal,340.73231664762693,340.73231751343576,2.541023515451338e-09,True,8000,80000,688,9.999894245993346e-10,0.0,9.999894245993346e-10,3.0371993276684394e-14,0.0010069823107263772,0.4329914295916666,0.0005589714924538849,1.0,0,True
dirichlet_0.1__moderate,moderate,278470677,optimal,346.56812906419606,346.5681293444291,8.085944126472611e-10,True,8000,80000,812,1.390390025335364e-10,0.0,1.390390025335364e-10,0.0,0.001839837460498902,1.1161917053663757,0.001991040318566451,1.0,0,True
dirichlet_0.1__moderate,moderate,300256241,optimal,339.3390779025955,339.3390790082255,3.2581865500770486e-09,True,8000,80000,796,9.999894245993346e-10,0.0,9.999894245993346e-10,0.0,0.0007680144669039708,0.35113385681475506,0.0011337868480725624,1.0,0,True
dirichlet_0.1__moderate,moderate,386905649,optimal,310.0404759853057,310.0404763942168,1.318895832404938e-09,True,4876,48760,253,4.519051799434237e-12,0.0,4.519051799434237e-12,0.0,0.001182374404198105,0.41964350671753436,0.0056022408963585435,1.0,0,True
dirichlet_0.1__moderate,moderate,406271647,optimal,322.95106114991387,322.95106158948175,1.3610975073087824e-09,True,7546,75460,389,3.922195901395753e-12,0.0,3.922195901395753e-12,1.2831471526141764e-28,0.0008309827616028156,0.3165515389745934,0.0015186028853454822,1.0,0,True
dirichlet_0.1__moderate,moderate,411968488,optimal,327.00840107231943,327.0084014187885,1.0595111613233233e-09,True,8000,80000,549,9.999894245993346e-10,0.0,9.999894245993346e-10,1.507438033140591e-26,0.0016255046989909693,1.241843787901196,0.0014094432699083862,2.0,0,True
dirichlet_0.1__moderate,moderate,453975842,optimal,339.6487888445022,339.6487891206497,8.130385115124513e-10,True,4452,44520,376,3.183231456205249e-11,0.0,3.183231456205249e-11,1.5724320570071374e-28,0.006285194509047485,4.206026131798012,0.007230255839822024,5.0,0,True
dirichlet_0.1__moderate,moderate,462769092,optimal,339.4376337103154,339.43763405903735,1.0273519827207336e-09,True,8000,80000,417,9.999894245993346e-10,0.0,9.999894245993346e-10,1.0883322473414759e-25,0.0009423140295066256,0.5072357386037112,0.0038716814159292035,1.0,0,True
dirichlet_0.1__moderate,moderate,481369689,optimal,339.31713023046444,339.31687577947736,7.498913683286527e-07,True,8000,80000,679,9.999894245993346e-10,0.0,9.999894245993346e-10,0.0,0.0009854857576661383,0.7615779535747578,0.001146131805157593,2.0,0,True
dirichlet_0.1__moderate,moderate,516112135,optimal,328.3317888447773,328.3317097369668,2.4093862731056975e-07,True,8000,80000,424,9.999894245993346e-10,0.0,9.999894245993346e-10,0.0,0.0009127276447907966,0.2228349113878494,0.0013879250520471894,1.0,0,True
dirichlet_0.1__moderate,moderate,553435265,optimal,342.69984848223197,342.6998486486135,4.855022270763986e-10,True,8000,80000,428,9.999894245993346e-10,0.0,9.999894245993346e-10,0.0,0.0010510099278281495,0.8702017626973486,0.0010449320794148381,1.0,0,True
dirichlet_0.1__moderate,moderate,567887676,optimal,320.4943938773579,320.4932029866594,3.7157926042317647e-06,True,8000,80000,554,9.999894245993346e-10,0.0,9.999894245993346e-10,2.377056421042433e-17,0.002591448281327275,0.5507321437655861,0.004758128469468675,1.0,1,True
dirichlet_0.1__moderate,moderate,570058452,optimal,330.9787165286064,330.9785998819877,3.524293644766105e-07,True,8000,80000,813,9.999894245993346e-10,0.0,9.999894245993346e-10,0.0,0.0013193730714227713,1.659297998846359,0.002652519893899204,2.0,0,True
dirichlet_0.1__moderate,moderate,571665946,optimal,325.48536883758334,325.4853692519338,1.2730232387539787e-09,True,6660,66600,391,6.963318810448982e-12,0.0,6.963318810448982e-12,0.0,0.0012282315931391617,0.3013002425725375,0.0014534883720930232,1.0,0,True
dirichlet_0.1__moderate,moderate,610850603,optimal,348.18479285999683,348.18479325348653,1.1301174191396154e-09,True,8000,80000,540,9.999894245993346e-10,0.0,9.999894245993346e-10,6.930325807860972e-24,0.0009305091060723496,0.24186056859593918,0.0014691478942213516,1.0,0,True
dirichlet_0.1__moderate,moderate,624291094,optimal,329.4177338362802,329.41758120915705,4.6332394245886337e-07,True,8000,80000,691,9.999894245993346e-10,0.0,9.999894245993346e-10,0.0,0.0007802530044757996,0.5402328999236801,0.0,0.0,0,True
dirichlet_0.1__moderate,moderate,626101394,optimal,342.52891311086614,342.5271091501751,5.266593919560535e-06,True,8000,80000,666,9.999894245993346e-10,0.0,9.999894245993346e-10,0.0,0.0018063953559567666,1.0205909105347448,0.000531632110579479,1.0,0,True
dirichlet_0.1__moderate,moderate,631912891,optimal,311.7742309574685,311.77423134168885,1.2323672668002553e-09,True,3636,36360,183,8.412825991399586e-12,0.0,8.412825991399586e-12,3.072617235719352e-28,0.0024921612342930473,0.5382653773590249,0.004545454545454545,1.0,0,True
dirichlet_0.1__moderate,moderate,636323273,optimal,333.6643920179019,333.66439223362477,6.465265186933409e-10,True,2930,29300,244,3.035438567167148e-11,0.0,3.035438567167148e-11,0.0,0.004008007914961504,2.5724754753986474,0.004987531172069825,2.0,0,True
dirichlet_0.1__moderate,moderate,665358464,optimal,335.74266597443784,335.74266638304005,1.2170100673081649e-09,True,8000,80000,425,9.999894245993346e-10,0.0,9.999894245993346e-10,0.0,0.0023662695069401446,1.034304158989471,0.0029797377830750892,1.0,0,True
dirichlet_0.1__moderate,moderate,695586742,optimal,334.8088605480606,334.80886093643966,1.1600023894090825e-09,True,2208,22080,186,4.638422979041934e-11,0.0,4.638422979041934e-11,1.7383308520124775e-28,0.006475270651118151,3.391808565467535,0.007765830346475508,4.0,1,True
dirichlet_0.1__moderate,moderate,759882551,optimal,357.5730597134955,357.5699320289126,8.746980506381461e-06,True,8000,80000,566,9.99875737761613e-10,0.0,9.99875737761613e-10,0.0,0.00025263451523114936,0.1243123991756594,0.0008003201280512205,1.0,0,True
dirichlet_0.1__moderate,moderate,815481791,optimal,333.92819293821043,333.9281933283174,1.168236033626485e-09,True,5192,51920,440,1.3585577107733116e-11,0.0,1.3585577107733116e-11,0.0,0.0026829515175362437,2.4648833163006643,0.002504696305572949,2.0,0,True
dirichlet_0.1__moderate,moderate,817137978,optimal,344.57211154859135,344.5719530986223,4.598455990043215e-07,True,8000,80000,541,9.99875737761613e-10,0.0,9.99875737761613e-10,0.0,0.001924127374930861,1.3982993428619963,0.002612330198537095,2.0,0,True
dirichlet_0.1__moderate,moderate,817397877,optimal,330.978137183388,330.9781375320811,1.0535230796702463e-09,True,3322,33220,219,2.489741746103391e-11,0.0,2.489741746103391e-11,0.0,0.004878806394611895,2.242715378781611,0.007838014369693011,2.0,0,True
dirichlet_0.1__moderate,moderate,820796292,optimal,352.6001214224244,352.6001216842141,7.424549171074554e-10,True,1907,19070,101,6.934897101018578e-11,0.0,6.934897101018578e-11,1.5321676242805394e-28,0.007148267491159769,3.5260631962415587,0.008071748878923767,4.0,0,True
dirichlet_0.1__moderate,moderate,836948274,optimal,313.3452825139263,313.3452828761852,1.156101343159151e-09,True,4830,48300,249,4.206412995699793e-12,0.0,4.206412995699793e-12,0.0,0.0015778541514664135,0.41961470629112796,0.0026642984014209592,1.0,0,True
dirichlet_0.1__moderate,moderate,850954452,optimal,340.0614494737202,340.0597085002546,5.119584911143082e-06,True,8000,80000,709,1.0000036354540498e-09,0.0,1.0000036354540498e-09,0.0,0.0006166370072628093,0.3456220654109572,0.0005659309564233164,1.0,0,True
dirichlet_0.1__moderate,moderate,874361190,optimal,331.46849957513274,331.468499880993,9.227431362882293e-10,True,2299,22990,121,3.1377567211166024e-11,0.0,3.1377567211166024e-11,0.0,0.005491185049728254,4.3042527099637695,0.00520494469746259,4.0,0,True
dirichlet_0.1__moderate,moderate,892263153,optimal,340.2952221903751,340.29461149378824,1.7946081727049448e-06,True,8000,80000,693,9.999894245993346e-10,0.0,9.999894245993346e-10,0.0,0.0017149013914896905,1.0851044387424764,0.0027917364600781687,1.0,0,True
dirichlet_0.1__moderate,moderate,930016503,optimal,340.02000188879623,340.0199605960296,1.2144216931212893e-07,True,8000,80000,680,9.999894245993346e-10,0.0,9.999894245993346e-10,8.213111935642306e-20,0.0010462799335520317,0.7862889101137718,0.0005662514156285391,1.0,0,True
dirichlet_0.1__moderate,moderate,935504160,optimal,326.1416789502507,326.1416791240371,5.328555942447849e-10,True,8000,80000,545,9.999894245993346e-10,0.0,9.999894245993346e-10,0.0,0.0011713605487699895,0.3344596940637956,0.0007189072609633358,1.0,0,True
dirichlet_0.1__moderate,moderate,952458876,optimal,353.1985317880385,353.1985320783881,8.220577481864054e-10,True,4809,48090,336,2.9046987037872896e-11,0.0,2.9046987037872896e-11,0.0,0.004382403458039444,2.457364632191407,0.004923903312444047,3.0,0,True
dirichlet_0.1__moderate,moderate,952822154,optimal,364.9926405001186,364.99264060603286,2.90181848630483e-10,True,3422,34220,182,6.571099220309407e-11,0.0,6.571099220309407e-11,0.0,0.0021425439771839572,2.399094476919011,0.0029706646862235424,2.0,0,True
dirichlet_0.1__moderate,moderate,955270347,optimal,319.082355542162,319.0823559164184,1.1729147073100417e-09,True,8000,80000,414,9.999894245993346e-10,0.0,9.999894245993346e-10,0.0,0.0009132773801748041,0.15429618879857276,0.0016286644951140066,1.0,0,True
dirichlet_0.1__moderate,moderate,967298099,optimal,335.5972847171489,335.5972849600566,7.238070314662608e-10,True,2540,25400,130,1.8474111129762605e-11,0.0,1.8474111129762605e-11,0.0,0.0034436272516727468,1.8558719751257016,0.006067961165048544,2.0,0,True
dirichlet_0.1__moderate,moderate,984930118,optimal,327.90906214294097,327.9090624572228,9.584419651573895e-10,True,6112,61120,316,6.139089236967266e-12,0.0,6.139089236967266e-12,0.0,0.0013570829714295686,0.33705333855405684,0.004158004158004158,1.0,0,True
dirichlet_0.1__moderate,moderate,996168124,optimal,338.0268775878345,338.0268777603286,5.102969451664551e-10,True,2509,25090,138,2.3305801732931286e-11,0.0,2.3305801732931286e-11,1.7763568394002505e-28,0.0040519044025514655,1.0892450797702793,0.005759162303664921,2.0,0,True
dirichlet_0.1__moderate,moderate,999012690,optimal,321.12190204532004,321.12187964156,6.976715046007806e-08,True,8000,80000,426,9.999894245993346e-10,0.0,9.999894245993346e-10,0.0,0.0019277326892783312,1.0992919056034935,0.005251312828207052,1.0,0,True
dirichlet_0.1__moderate,moderate,1032888065,optimal,344.50123160293026,344.5008659518539,1.061392653598487e-06,True,8000,80000,551,9.999894245993346e-10,0.0,9.999894245993346e-10,0.0,0.0022474033181923655,0.9469278105759642,0.003713527851458886,1.0,1,True
dirichlet_0.1__moderate,moderate,1039704879,optimal,331.8228411076259,331.8228415315282,1.2774958209874845e-09,True,6617,66170,445,1.1482370609883219e-11,0.0,1.1482370609883219e-11,0.0,0.002293500383623575,2.0991884596834254,0.0038634900193174502,2.0,0,True
dirichlet_0.1__moderate,moderate,1050570396,optimal,335.11417867931533,335.1141788893435,6.267362103945339e-10,True,2170,21700,110,4.206412995699793e-11,0.0,4.206412995699793e-11,0.0,0.009592957892734483,6.425004744350041,0.0102843315184513,6.0,1,True
dirichlet_0.1__moderate,moderate,1087495274,optimal,330.7623527750054,330.76232967231766,6.984678744363642e-08,True,8000,80000,417,9.999894245993346e-10,0.0,9.999894245993346e-10,1.7923303122802347e-20,0.0008484200212470532,0.34871380691345166,0.0033156498673740055,1.0,0,True
dirichlet_0.1__moderate,moderate,1102475274,optimal,345.3748592901233,345.37485967778167,1.122427849323288e-09,True,3619,36190,247,3.433342499192804e-11,0.0,3.433342499192804e-11,1.4000842083942861e-28,0.006653883808630811,4.715324726147557,0.0081799591002045,5.0,0,True
dirichlet_0.1__moderate,moderate,1133305872,optimal,347.94970123576445,347.94970080574967,1.2358532794047616e-09,True,8000,80000,540,9.999894245993346e-10,0.0,9.999894245993346e-10,0.0,0.0010781997542989791,0.44023404463567317,0.00149402390438247,1.0,0,True
dirichlet_0.1__moderate,moderate,1143766233,optimal,337.1864371732075,337.1864376313838,1.3588219036433144e-09,True,8000,80000,806,4.75210981676355e-11,0.0,4.75210981676355e-11,4.440127114771562e-14,0.000965734496366623,0.3531687160598125,0.0017615971814445098,1.0,0,True
dirichlet_0.1__moderate,moderate,1154336374,optimal,362.50792376625316,362.5079238761086,3.0304281246822147e-10,True,6201,62010,329,2.7284841053187847e-11,0.0,2.7284841053187847e-11,0.0,0.0027819788494778145,1.4634425932579873,0.003885003885003885,2.0,0,True
dirichlet_0.1__moderate,moderate,1169070121,optimal,351.17374888905,351.17372169046627,7.745050365827189e-08,True,8000,80000,678,9.999894245993346e-10,0.0,9.999894245993346e-10,0.0,0.0010683559217500964,0.4518308627618097,0.0013489208633093526,1.0,0,True
dirichlet_0.1__moderate,moderate,1187549093,optimal,328.5225553690492,328.52235559825215,6.080885278294488e-07,True,8000,80000,442,9.999894245993346e-10,0.0,9.999894245993346e-10,1.2324907927739423e-19,0.0019096533650599056,0.7850469432052876,0.0033806626098715348,1.0,0,True
dirichlet_0.1__moderate,moderate,1221630303,optimal,339.9836130592678,339.9833902468383,6.553622612900952e-07,True,8000,80000,679,9.999894245993346e-10,0.0,9.999894245993346e-10,0.0,0.001859545751854161,1.2052646509782932,0.003972758229284903,2.0,0,True
dirichlet_0.1__moderate,moderate,1221963468,optimal,333.2137974149751,333.2137977246273,9.292898315325348e-10,True,8000,80000,411,9.999894245993346e-10,0.0,9.999894245993346e-10,0.0,0.0008600454547159022,0.20682294876765184,0.0012594458438287153,1.0,0,True
dirichlet_0.1__moderate,moderate,1244412151,optimal,316.2694084287205,316.26940869380894,8.381728492904169e-10,True,3808,38080,190,9.634959496906959e-12,0.0,9.634959496906959e-12,2.793288396108502e-28,0.0021889688882734573,0.5820797907227302,0.0024896265560165973,1.0,0,True
dirichlet_0.1__moderate,moderate,1244924414,optimal,343.4212609437874,343.42113279807126,3.7314438768424713e-07,True,8000,80000,684,9.999894245993346e-10,0.0,9.999894245993346e-10,0.0,0.003586549424032468,2.72204346769211,0.0042395336512983575,3.0,0,True
dirichlet_0.1__moderate,moderate,1254323997,optimal,348.26737839183534,348.2673788020624,1.1779084091601694e-09,True,8000,80000,565,9.999894245993346e-10,0.0,9.999894245993346e-10,0.0,0.0008759806541917189,0.26872831462215174,0.0014684287812041115,1.0,0,True
dirichlet_0.1__moderate,moderate,1281609490,optimal,344.3688685707549,344.36886878956125,6.353836511049555e-10,True,8000,80000,408,9.999894245993346e-10,0.0,9.999894245993346e-10,0.0,0.005959497750218245,8.401251053042373,0.006874669487043892,8.0,2,True
dirichlet_0.1__moderate,moderate,1282977363,optimal,333.8232777518638,333.8232783118947,1.6776267348375574e-09,True,8000,80000,682,9.999894245993346e-10,0.0,9.999894245993346e-10,0.0,0.0008268855426604773,0.9833859382834547,0.0006265664160401002,1.0,0,True
dirichlet_0.1__moderate,moderate,1312657306,optimal,345.6372722093766,345.63727245550774,7.121082441216496e-10,True,8000,80000,427,9.999894245993346e-10,0.0,9.999894245993346e-10,3.0848909509708836e-23,0.0010616044486722366,0.5121170521482341,0.0026136957658128594,1.0,0,True
dirichlet_0.1__moderate,moderate,1314235930,optimal,343.76596024176627,343.7659606716602,1.250542461881012e-09,True,2425,24250,167,6.230038707144558e-11,0.0,6.230038707144558e-11,0.0,0.006291458769664615,2.730592322968999,0.006269592476489028,3.0,0,True
dirichlet_0.1__moderate,moderate,1321161991,optimal,336.1716386810284,336.17163931896135,1.897640575897176e-09,True,8000,80000,815,9.999894245993346e-10,0.0,9.999894245993346e-10,7.907623402135571e-28,0.0006985641633356522,0.43755249911919236,0.001176470588235294,1.0,0,True
dirichlet_0.1__moderate,moderate,1390795802,optimal,328.83754077233516,328.8375411225968,1.065151025233785e-09,True,4606,46060,237,7.787548383930698e-12,0.0,7.787548383930698e-12,0.0,0.0023438704483891163,0.5939056280608206,0.0054533060668029995,1.0,1,True
dirichlet_0.1__moderate,moderate,1401482818,optimal,321.43435721921657,321.4331729191745,3.6844226992001354e-06,True,8000,80000,427,9.999894245993346e-10,0.0,9.999894245993346e-10,0.0,0.002274522065639216,0.4959050880333251,0.0078125,1.0,0,True
dirichlet_0.1__moderate,moderate,1401766844,optimal,326.48992622225364,326.4899265326507,9.507094856382544e-10,True,4258,42580,216,7.73070496506989e-12,0.0,7.73070496506989e-12,0.0,0.0018304584950819447,0.36693375566757425,0.0028429282160625444,1.0,0,True
dirichlet_0.1__moderate,moderate,1460916399,optimal,348.25095899062006,348.25094346920537,4.456962513679278e-08,True,8000,80000,677,9.999894245993346e-10,0.0,9.999894245993346e-10,4.4310864427729025e-22,0.000663290336500834,0.33394444578193117,0.0034347399411187437,1.0,0,True
dirichlet_0.1__moderate,moderate,1485902931,optimal,344.03035166422376,344.0303519918134,9.522114676559297e-10,True,5787,57870,386,1.8417267710901797e-11,0.0,1.8417267710901797e-11,0.0,0.004891775358530465,3.589504668673534,0.006329113924050633,4.0,1,True
dirichlet_0.1__moderate,moderate,1558010803,optimal,342.49862354120285,342.49862394566514,1.1809165658485736e-09,True,8000,80000,566,9.999894245993346e-10,0.0,9.999894245993346e-10,1.8806473842405457e-13,0.0017649122382527227,0.8031879086092211,0.001070090957731407,1.0,0,True
dirichlet_0.1__moderate,moderate,1565117557,optimal,347.11565611640765,347.1156358839521,5.828736095238524e-08,True,8000,80000,553,9.999894245993346e-10,0.0,9.999894245993346e-10,0.0,0.0009184899138621735,0.3790340271856252,0.00046685340802987864,1.0,0,True
dirichlet_0.1__moderate,moderate,1569126949,optimal,345.2298880359967,345.22988828949,7.342740269063252e-10,True,8000,80000,558,9.373479770147242e-11,0.0,9.373479770147242e-11,2.203233289178605e-28,0.00242962854507036,1.0009389650207723,0.0036325895173845357,1.0,0,True
dirichlet_0.1__moderate,moderate,1570946556,optimal,338.53729697362974,338.53729732872154,1.0489000848480472e-09,True,4532,45320,296,1.5290879673557356e-11,0.0,1.5290879673557356e-11,0.0,0.0028802647121340705,2.8486999609437156,0.004027617951668585,3.0,0,True
dirichlet_0.1__moderate,moderate,1586776797,optimal,356.78365131356946,356.7836517411821,1.1985208171062416e-09,True,8000,80000,422,9.999894245993346e-10,0.0,9.999894245993346e-10,3.686258597695592e-26,0.001111786212779534,1.0773335611228134,0.003882657463330457,1.0,0,True
dirichlet_0.1__moderate,moderate,1671186386,optimal,334.9806029719273,334.98052676036133,2.2751038501307173e-07,True,8000,80000,682,9.99875737761613e-10,0.0,9.99875737761613e-10,0.0,0.0018955821828275845,0.6538981358113745,0.003037667071688943,1.0,0,True
dirichlet_0.1__moderate,moderate,1727465094,optimal,315.4669771093707,315.4669772879419,5.660535836869116e-10,True,7021,70210,372,2.4442670110147446e-12,0.0,2.4442670110147446e-12,0.0,0.0006314538208474786,0.21975096427101448,0.0,0.0,0,True
dirichlet_0.1__moderate,moderate,1730566430,optimal,330.7668198040236,330.76682010490447,9.096464282850162e-10,True,8000,80000,679,1.4500756151392125e-10,0.0,1.4500756151392125e-10,0.0,0.0029214010031659394,2.8599715841206432,0.005239030779305829,3.0,0,True
dirichlet_0.1__moderate,moderate,1741845543,optimal,345.7903263702778,345.79032615998244,6.081585817366359e-10,True,8000,80000,850,9.999894245993346e-10,0.0,9.999894245993346e-10,4.0724574170209536e-22,0.0006231470050056373,0.2949229253958521,0.001015744032503809,1.0,0,True
dirichlet_0.1__moderate,moderate,1773063828,optimal,347.6567704640858,347.6565399086176,6.631697921048345e-07,True,8000,80000,561,9.999894245993346e-10,0.0,9.999894245993346e-10,0.0,0.003277955527548688,2.7853139986966653,0.0034860557768924302,3.0,0,True
dirichlet_0.1__moderate,moderate,1783677345,optimal,347.09009486245554,347.0900951042461,6.966218117062721e-10,True,8000,80000,680,9.999894245993346e-10,0.0,9.999894245993346e-10,0.0,0.0011214087052795634,0.5460247500825695,0.0025163563160543532,1.0,0,True
dirichlet_0.1__moderate,moderate,1788325787,optimal,333.0748933043013,333.0748080516681,2.559563478632035e-07,True,8000,80000,560,9.999894245993346e-10,0.0,9.999894245993346e-10,0.0,0.0016443191738711649,0.6338940302077969,0.0006176652254478073,1.0,0,True
dirichlet_0.1__moderate,moderate,1798126248,optimal,346.30990506691853,346.3097588360467,4.222543730606627e-07,True,8000,80000,546,9.999894245993346e-10,0.0,9.999894245993346e-10,1.5505395410567054e-18,0.0004346145460582771,0.19119400757739413,0.0010147133434804667,1.0,0,True
dirichlet_0.1__moderate,moderate,1812991878,optimal,327.84739549479866,327.84739570468787,6.402039824628286e-10,True,8000,80000,410,9.999894245993346e-10,0.0,9.999894245993346e-10,0.0,0.001223090984140971,0.6352310097692424,0.0020491803278688526,1.0,0,True
dirichlet_0.1__moderate,moderate,1879903616,optimal,335.7190115995509,335.71901180690855,6.17652329981209e-10,True,8000,80000,420,9.999894245993346e-10,0.0,9.999894245993346e-10,0.0,0.001998007178908321,0.9327012220917368,0.001806140878988561,1.0,0,True
dirichlet_0.1__moderate,moderate,1968360483,optimal,345.3831976534036,345.38319797510377,9.314296655926406e-10,True,2681,26810,228,6.701839083689265e-11,0.0,6.701839083689265e-11,1.7121511705062654e-28,0.005171126991132825,2.5323685378063203,0.005005005005005005,3.0,0,True
dirichlet_0.1__moderate,moderate,1969315355,optimal,349.6517145923159,349.65171471903534,3.624161894885101e-10,True,3696,36960,196,2.3533175408374518e-11,0.0,2.3533175408374518e-11,0.0,0.003522291957425347,1.5559219763619296,0.005285920230658337,1.0,0,True
dirichlet_0.1__moderate,moderate,2027057364,optimal,317.74910823415024,317.74910836118175,3.997855828020362e-10,True,8000,80000,417,9.999894245993346e-10,0.0,9.999894245993346e-10,0.0,0.0004788121647393997,0.1472032188024457,0.0,0.0,0,True
dirichlet_0.1__moderate,moderate,2053772871,optimal,332.16838091799525,332.16837323565403,2.3127852202036217e-08,True,8000,80000,557,9.999894245993346e-10,0.0,9.999894245993346e-10,0.0,0.00015666682949244654,0.05408542321416121,0.0,0.0,0,True
dirichlet_0.1__moderate,moderate,2062822218,optimal,340.55417555335856,340.55404504895296,3.8321187926080043e-07,True,8000,80000,694,9.999894245993346e-10,0.0,9.999894245993346e-10,0.0,0.0022072500142939267,1.0441254341291781,0.002788622420524261,1.0,0,True
dirichlet_0.1__moderate,moderate,2068762575,optimal,326.01589402027855,326.01589397078146,1.5182415950246934e-10,True,8000,80000,429,9.999894245993346e-10,0.0,9.999894245993346e-10,1.0031829120352427e-17,0.0014822997331419285,0.5792650490606377,0.0014084507042253522,1.0,0,True
dirichlet_0.1__moderate,moderate,2090014340,optimal,345.3616890690066,345.3616894109968,9.902377655211885e-10,True,7906,79060,657,3.342393029015511e-11,0.0,3.342393029015511e-11,0.0,0.0013976272487157564,0.9917697461782922,0.0015060240963855422,2.0,0,True
dirichlet_0.1__moderate,moderate,2104367538,optimal,356.3652462194361,356.36524678933665,1.5992035820841786e-09,True,6437,64370,657,6.752998160663992e-11,0.0,6.752998160663992e-11,1.4726274316271507e-28,0.0015678503329344129,1.0464974860036804,0.0017196904557179708,1.0,0,True
dirichlet_0.1__moderate,moderate,2143652743,optimal,345.02805543012886,345.0280556606806,6.682115570599148e-10,True,8000,80000,435,9.997620509238914e-10,0.0,9.997620509238914e-10,0.0,0.0005507184203292595,0.18352639562566253,0.000517063081695967,1.0,0,True
dirichlet_0.1__moderate,moderate,2159859472,optimal,332.4950278671955,332.49502808287735,6.486768786238631e-10,True,8000,80000,418,9.999894245993346e-10,0.0,9.999894245993346e-10,8.244626665979237e-18,0.0010958877347844208,0.4098256547254273,0.0025789813023855577,1.0,0,True
dirichlet_0.1__moderate,moderate,2187540509,optimal,350.5186218738037,350.5186222792984,1.1568422332862497e-09,True,7163,71630,374,1.745092959026806e-11,0.0,1.745092959026806e-11,0.0,0.003732410777279202,3.678744095650714,0.003786086133459536,3.0,0,True
dirichlet_0.1__moderate,moderate,2212622024,optimal,352.2998130101329,352.2998134464182,1.2383922196188346e-09,True,8000,80000,687,9.999894245993346e-10,0.0,9.999894245993346e-10,0.0,0.001302911945698272,1.3410573545058213,0.0013416815742397137,2.0,0,True
dirichlet_0.1__moderate,moderate,2222055010,optimal,311.8746527563127,311.8746520051541,2.4085272799591377e-09,True,8000,80000,424,9.999894245993346e-10,0.0,9.999894245993346e-10,1.1060299373948336e-17,0.0010365915486879253,0.21949974331402444,0.001838235294117647,1.0,0,True
dirichlet_0.1__moderate,moderate,2225355892,optimal,317.8070669483181,317.80706732524175,1.1860140651404546e-09,True,4081,40810,210,8.554934538551606e-12,0.0,8.554934538551606e-12,0.0,0.0011357998466858066,0.37336509905797755,0.0024691358024691358,1.0,0,True
dirichlet_0.1__moderate,moderate,2268749908,optimal,336.0533298416694,336.05258764018083,2.2085824559419937e-06,True,8000,80000,547,9.999894245993346e-10,0.0,9.999894245993346e-10,0.0,0.0017511094505486982,0.8284461736123276,0.0030469226081657527,1.0,0,True
dirichlet_0.1__moderate,moderate,2269193850,optimal,310.9838073511574,310.9838075901936,7.686451101216655e-10,True,8000,80000,406,2.887645678129047e-11,0.0,2.887645678129047e-11,0.0,0.0011494406282098702,0.18218882787904533,0.0009293680297397769,1.0,0,True
dirichlet_0.1__moderate,moderate,2321257153,optimal,329.9634602763931,329.96346084135047,1.7121815864708887e-09,True,8000,80000,419,9.999894245993346e-10,0.0,9.999894245993346e-10,0.0,0.0010373165522800684,0.24253243961113213,0.0026666666666666666,1.0,0,True
dirichlet_0.1__moderate,moderate,2367693741,optimal,330.2474034201182,330.2474038927402,1.4311149351254194e-09,True,4268,42680,219,1.6200374375330284e-11,0.0,1.6200374375330284e-11,1.8462924278256837e-14,0.001795782342565112,0.40490920859717505,0.0033200531208499337,1.0,0,True
dirichlet_0.1__moderate,moderate,2379132744,optimal,342.43923178069616,342.4392302153683,4.571111363709922e-09,True,8000,80000,414,9.999894245993346e-10,0.0,9.999894245993346e-10,1.9632337592492725e-21,0.0007051173344339558,0.2269944122937062,0.0005420054200542005,1.0,0,True
dirichlet_0.1__moderate,moderate,2399786552,optimal,345.0964974720879,345.09646941411785,8.130470823988074e-08,True,8000,80000,417,9.999894245993346e-10,0.0,9.999894245993346e-10,0.0,0.000715440395901826,0.4150276768076715,0.0005271481286241434,1.0,0,True
dirichlet_0.1__moderate,moderate,2417511538,optimal,307.5286375675642,307.5286379110456,1.116908721891788e-09,True,8000,80000,419,9.999894245993346e-10,0.0,9.999894245993346e-10,0.0,0.0004869120003303077,0.15528486352970106,0.0,0.0,0,True
dirichlet_0.1__moderate,moderate,2429613199,optimal,352.75752950164684,352.7547052542102,8.006200294687529e-06,True,8000,80000,679,9.999894245993346e-10,0.0,9.999894245993346e-10,7.112325094468994e-17,0.00018230637437138106,0.0644935504000701,0.0017152658662092624,1.0,0,True
dirichlet_0.1__moderate,moderate,2450099792,optimal,307.21194450099813,307.21194466931547,5.478867124114242e-10,True,8000,80000,420,1.0000036354540498e-09,0.0,1.0000036354540498e-09,2.0723246661466656e-22,0.0002536593713225519,0.08374919209747134,0.0,0.0,0,True
dirichlet_0.1__moderate,moderate,2458392116,optimal,348.6524481832091,348.65244856081836,1.0830534586643552e-09,True,4113,41130,278,3.666400516522117e-11,0.0,3.666400516522117e-11,0.0,0.006501266649638736,4.9066445598279955,0.0072992700729927005,5.0,0,True
dirichlet_0.1__moderate,moderate,2463410529,optimal,350.79193348271764,350.7919333300135,4.3531263365039116e-10,True,8000,80000,561,9.999894245993346e-10,0.0,9.999894245993346e-10,0.0,0.0008145742203470222,0.5355932348443702,0.0013959981386691485,1.0,1,True
dirichlet_0.1__moderate,moderate,2464146756,optimal,334.372886423266,334.37288654982456,3.784953275640027e-10,True,8000,80000,418,9.999894245993346e-10,0.0,9.999894245993346e-10,0.0,0.0022792633352984636,1.0499123533669135,0.0018105009052504525,1.0,0,True
dirichlet_0.1__moderate,moderate,2501632677,optimal,341.66637606349684,341.66634184859146,1.0014127166326617e-07,True,8000,80000,681,9.99875737761613e-10,0.0,9.99875737761613e-10,1.7763568394002505e-28,0.0009828932193090233,0.5057735974786581,0.0021691973969631237,1.0,0,True
dirichlet_0.1__moderate,moderate,2503513465,optimal,349.55351282937295,349.55351303627754,5.91911052503502e-10,True,8000,80000,688,9.999894245993346e-10,0.0,9.999894245993346e-10,1.414015394547463e-28,0.001470763044002534,0.7641527529656997,0.0014238253440911248,1.0,0,True
dirichlet_0.1__moderate,moderate,2508126195,optimal,336.09449134001125,336.0944917366278,1.1800745102782953e-09,True,8000,80000,554,9.999894245993346e-10,0.0,9.999894245993346e-10,0.0,0.0023619261300096514,0.9019462012878705,0.0029708853238265003,2.0,0,True
dirichlet_0.1__moderate,moderate,2524586228,optimal,328.0368951102584,328.0368599879058,1.0706829966061799e-07,True,8000,80000,416,9.999894245993346e-10,0.0,9.999894245993346e-10,0.0,0.0002674750265839044,0.054201640525370465,0.0027397260273972603,1.0,0,True
dirichlet_0.1__moderate,moderate,2526189608,optimal,322.83252526531,322.8325257252425,1.42467830182268e-09,True,6624,66240,345,2.7114310796605423e-11,0.0,2.7114310796605423e-11,6.0689243527446924e-15,0.002091727986052058,0.8894954901783478,0.002976190476190476,1.0,0,True
dirichlet_0.1__moderate,moderate,2566648724,optimal,323.7515396802203,323.75132679860405,6.575462665953921e-07,True,8000,80000,555,9.999894245993346e-10,0.0,9.999894245993346e-10,5.8440767704573655e-18,0.0003989596170650245,0.09973174482577463,0.0,0.0,0,True
dirichlet_0.1__moderate,moderate,2568720644,optimal,308.37982813221544,308.3798285297054,1.2889621990309694e-09,True,4194,41940,298,5.4569682106375694e-12,0.0,5.4569682106375694e-12,1.2977949511600002e-28,0.0016095723959027412,0.33391194922037926,0.0019305019305019305,1.0,0,True
dirichlet_0.1__moderate,moderate,2577147738,optimal,335.6468205536731,335.64651354535647,9.146766714618622e-07,True,8000,80000,659,9.999894245993346e-10,0.0,9.999894245993346e-10,0.0,0.00038994726181634397,0.20018645757201625,0.0,0.0,0,True
dirichlet_0.1__moderate,moderate,2598968052,optimal,328.25113307764315,328.2511334650252,1.1801392459249615e-09,True,8000,80000,435,9.99875737761613e-10,0.0,9.99875737761613e-10,0.0,0.0016965750175243703,0.7788852918369855,0.0027303754266211604,1.0,0,True
dirichlet_0.1__moderate,moderate,2600011987,optimal,321.5316456537772,321.5316390732764,2.0466106296291973e-08,True,8000,80000,423,9.999610028899042e-10,0.0,9.999610028899042e-10,2.231614478376615e-17,0.00033960113684088235,0.18656557017348518,0.0,0.0,0,True
dirichlet_0.1__moderate,moderate,2652099947,optimal,338.8112808694884,338.81127126588245,2.8345000644064507e-08,True,8000,80000,542,9.999894245993346e-10,0.0,9.999894245993346e-10,1.9875321280002802e-28,0.002006974010085204,1.5233912538777261,0.002333722287047841,1.0,0,True
dirichlet_0.1__moderate,moderate,2677882682,optimal,355.26386262230164,355.2638633538842,2.059265262848716e-09,True,8000,80000,548,9.999894245993346e-10,0.0,9.999894245993346e-10,4.244468721018912e-25,0.0010190015066575962,0.8021360982264554,0.003015941404566997,1.0,0,True
dirichlet_0.1__moderate,moderate,2714253060,optimal,330.963998687145,330.96399928565455,1.8083825803129886e-09,True,8000,80000,695,9.999325811804738e-10,0.0,9.999325811804738e-10,0.0,0.0012765102313764241,0.6503799318688834,0.0013306719893546241,1.0,0,True
dirichlet_0.1__moderate,moderate,2730197715,optimal,326.7086481521425,326.7084893502585,4.86065749614994e-07,True,8000,80000,555,9.999894245993346e-10,0.0,9.999894245993346e-10,1.0073820404432414e-26,0.0006232358529409373,0.31465090186341627,0.0014275517487508922,1.0,0,True
dirichlet_0.1__moderate,moderate,2735928750,optimal,354.33571372809286,354.3357140069447,7.869708318067731e-10,True,8000,80000,421,9.999894245993346e-10,0.0,9.999894245993346e-10,7.063955518087967e-26,0.0013857277944446104,1.3180424528641268,0.0022482014388489208,2.0,0,True
dirichlet_0.1__moderate,moderate,2736850591,optimal,341.59799775751605,341.5979973591592,1.1661568949532115e-09,True,8000,80000,554,9.999894245993346e-10,0.0,9.999894245993346e-10,1.8529452906880506e-23,0.0007735083592399526,0.3458193063143078,0.001651073197578426,1.0,0,True
dirichlet_0.1__moderate,moderate,2792985194,optimal,346.06008914621606,346.05987089956994,6.306611278175213e-07,True,8000,80000,579,9.99875737761613e-10,0.0,9.99875737761613e-10,5.012971169893408e-17,0.001469483489328829,0.5968702980563325,0.0014684287812041115,1.0,0,True
dirichlet_0.1__moderate,moderate,2810498306,optimal,327.40603655914776,327.40600712848965,8.989039550424854e-08,True,8000,80000,689,9.999894245993346e-10,0.0,9.999894245993346e-10,0.0,0.000671629970008474,0.23287005471678413,0.0014144271570014145,1.0,0,True
dirichlet_0.1__moderate,moderate,2817000645,optimal,338.9155696792774,338.914019198113,4.5748301438011165e-06,True,8000,80000,649,9.999894245993346e-10,0.0,9.999894245993346e-10,0.0,0.0008650783196593696,0.8510740384529996,0.0028636884306987398,1.0,0,True
dirichlet_0.1__moderate,moderate,2825972968,optimal,361.0361232516015,361.0359460634496,4.907767962358289e-07,True,8000,80000,412,9.999894245993346e-10,0.0,9.999894245993346e-10,0.0,0.0021262961878203645,1.1860526915410716,0.003601440576230492,1.0,0,True
dirichlet_0.1__moderate,moderate,2843249206,optimal,355.62403741231986,355.62403761189233,5.611894803998388e-10,True,1651,16510,87,8.93578544491902e-11,0.0,8.93578544491902e-11,0.0,0.005319848156251007,3.1604300950623383,0.006374840628984276,3.0,0,True
dirichlet_0.1__moderate,moderate,2870079691,optimal,346.7772995635481,346.7772786586487,6.028335607782821e-08,True,8000,80000,555,9.999894245993346e-10,0.0,9.999894245993346e-10,0.0,0.0007715340710362403,1.0612731713096935,0.0005025125628140704,1.0,0,True
dirichlet_0.1__moderate,moderate,2882304442,optimal,331.56238538420735,331.56238552457836,4.233623008986463e-10,True,8000,80000,561,9.999894245993346e-10,0.0,9.999894245993346e-10,1.1648241569837707e-28,0.0016022167879070303,1.15199153519427,0.003178639542275906,1.0,0,True
dirichlet_0.1__moderate,moderate,2891712906,optimal,360.03491057807616,360.0349109558024,1.049137771184893e-09,True,2693,26930,183,8.219558367272839e-11,0.0,8.219558367272839e-11,0.0,0.0032359343104237594,1.437146716502454,0.0031974420463629096,2.0,0,True
dirichlet_0.1__moderate,moderate,2905932246,optimal,340.2286190288225,340.22861986175445,2.4481537215369612e-09,True,8000,80000,827,9.999894245993346e-10,0.0,9.999894245993346e-10,0.0,0.0007576425084683912,0.2939429380665217,0.002785515320334262,1.0,0,True
dirichlet_0.1__moderate,moderate,2942686094,optimal,333.39446942558214,333.39446985865385,1.2989768710494167e-09,True,8000,80000,566,9.999894245993346e-10,0.0,9.999894245993346e-10,0.0,0.0032405131169807957,3.417239857220064,0.004441624365482234,4.0,0,True
dirichlet_0.1__moderate,moderate,2956068456,optimal,326.09377708904583,326.0937765570426,1.6314424832305681e-09,True,8000,80000,685,9.999894245993346e-10,0.0,9.999894245993346e-10,0.0,0.0025032983777188954,1.7029666019876046,0.002161383285302594,2.0,0,True
dirichlet_0.1__moderate,moderate,2976004693,optimal,333.1450932965587,333.1442699725137,2.4713677659954166e-06,True,8000,80000,686,9.999894245993346e-10,0.0,9.999894245993346e-10,2.9040722109473953e-18,0.0037993679882691173,1.0067994388642774,0.0044472681067344345,1.0,0,True
dirichlet_0.1__moderate,moderate,3043575286,optimal,358.8459478574591,358.84594829067856,1.2072574411160019e-09,True,5982,59820,311,3.296918293926865e-11,0.0,3.296918293926865e-11,0.0,0.0020985630559674636,1.613783598049757,0.003739094308267553,2.0,0,True
dirichlet_0.1__moderate,moderate,3053626668,optimal,335.9131647685674,335.91316161774523,9.379871083982573e-09,True,8000,80000,683,9.999894245993346e-10,0.0,9.999894245993346e-10,0.0,0.0011400589118611645,0.45907192625625726,0.0012091898428053204,1.0,0,True
dirichlet_0.1__moderate,moderate,3059548316,optimal,354.7239412633864,354.7239418230731,1.5778092773114333e-09,True,8000,80000,555,9.999894245993346e-10,0.0,9.999894245993346e-10,0.0,0.0006793318173537583,0.44405199600819856,0.0013083296990841692,1.0,0,True
dirichlet_0.1__moderate,moderate,3066518355,optimal,342.20927938631723,342.2052066863531,1.1901196751385798e-05,True,8000,80000,650,9.999894245993346e-10,0.0,9.999894245993346e-10,0.0,0.0002156915312698085,0.07209905023739793,0.001017293997965412,1.0,0,True
dirichlet_0.1__moderate,moderate,3104103606,optimal,332.65037777657335,332.6503778790813,3.081552313578936e-10,True,8000,80000,547,1.0000036354540498e-09,0.0,1.0000036354540498e-09,3.1765139535785213e-17,0.0009919950989834413,0.3574615748574388,0.0006430868167202572,1.0,0,True
dirichlet_0.1__moderate,moderate,3166858978,optimal,323.41603232102227,323.416032829394,1.5718816512861538e-09,True,4627,46270,234,9.634959496906959e-12,0.0,9.634959496906959e-12,0.0,0.0019626405843922996,0.426782103254169,0.002973977695167286,1.0,0,True
dirichlet_0.1__moderate,moderate,3186016859,optimal,337.48553981206163,337.4830821452649,7.282287703597467e-06,True,8000,80000,434,9.99875737761613e-10,0.0,9.99875737761613e-10,1.9139198269632328e-28,0.0012056697399806813,0.432665379440337,0.0021041557075223566,1.0,0,True
dirichlet_0.1__moderate,moderate,3191323320,optimal,355.79436018004657,355.79435312254134,1.983591090522603e-08,True,8000,80000,669,9.999894245993346e-10,0.0,9.999894245993346e-10,0.0,0.0020107246258498487,1.2350480486160578,0.0030081650193382035,2.0,0,True
dirichlet_0.1__moderate,moderate,3192870723,optimal,343.0304552056284,343.0296795755432,2.2611114361969595e-06,True,8000,80000,537,9.999894245993346e-10,0.0,9.999894245993346e-10,1.3826818482795657e-17,0.0018097199393903027,1.3951936497090145,0.0021551724137931034,1.0,0,True
dirichlet_0.1__moderate,moderate,3195559325,optimal,338.5329827081664,338.532981802178,2.6762189169169633e-09,True,8000,80000,554,9.999894245993346e-10,0.0,9.999894245993346e-10,5.459507720154087e-22,0.0006955043129409742,0.3183014779643827,0.0005837711617046118,1.0,0,True
dirichlet_0.1__moderate,moderate,3199293997,optimal,348.0700520692491,348.0700523738314,8.750604291439752e-10,True,8000,80000,562,9.999894245993346e-10,0.0,9.999894245993346e-10,0.0,0.0027349374474835097,2.079626168525337,0.0034791252485089465,2.0,1,True
dirichlet_0.1__moderate,moderate,3214303852,optimal,338.7298326162186,338.7298328924158,8.15390911199006e-10,True,8000,80000,549,9.999325811804738e-10,0.0,9.999325811804738e-10,0.0,0.0007317286162117426,0.6413630755545157,0.002927400468384075,1.0,0,True
dirichlet_0.1__moderate,moderate,3215523777,optimal,343.1648464817915,343.16484665845275,5.147998666578686e-10,True,6197,61970,529,2.2112089936854318e-11,0.0,2.2112089936854318e-11,2.991758887410948e-28,0.0034474214713605773,2.8466988134800033,0.004828326180257511,4.0,0,True
dirichlet_0.1__moderate,moderate,3232559368,optimal,357.09660278934473,357.0966034145118,1.7506944679280438e-09,True,7514,75140,512,2.603428583825007e-11,0.0,2.603428583825007e-11,0.0,0.0011353074548787953,0.3635478469407616,0.002913025384935497,1.0,0,True
dirichlet_0.1__moderate,moderate,3265785232,optimal,347.47184383323736,347.471817040946,7.710636653394143e-08,True,8000,80000,566,9.999894245993346e-10,0.0,9.999894245993346e-10,1.652424966883954e-28,0.0005608267928505178,0.35980450982454215,0.0004916420845624386,1.0,0,True
dirichlet_0.1__moderate,moderate,3305966842,optimal,341.6414885649271,341.641462044055,7.762778522285659e-08,True,8000,80000,681,9.999894245993346e-10,0.0,9.999894245993346e-10,1.3421936665797314e-19,0.001330627670152309,0.6105013885151784,0.0027839643652561247,1.0,0,True
dirichlet_0.1__moderate,moderate,3329658473,optimal,333.6272895748886,333.62728953845954,1.091909218861795e-10,True,8000,80000,548,9.999894245993346e-10,0.0,9.999894245993346e-10,0.0,0.0004823606311520315,0.14265474665617717,0.0012554927809165098,1.0,0,True
dirichlet_0.1__moderate,moderate,3351763171,optimal,330.9985127438133,330.9969651732052,4.675460911579703e-06,True,8000,80000,564,9.999894245993346e-10,0.0,9.999894245993346e-10,0.0,0.002206270101800018,0.32604255513582814,0.002585649644473174,1.0,0,True
dirichlet_0.1__moderate,moderate,3356704017,optimal,336.89089708045765,336.8908972330427,4.529213308744293e-10,True,7349,73490,398,5.0249582272954285e-11,0.0,5.0249582272954285e-11,7.495744598810058e-16,0.001893457778446815,1.420407117579785,0.002230897936419409,2.0,0,True
dirichlet_0.1__moderate,moderate,3411174439,optimal,326.8904156613312,326.88767839993614,8.373636129762187e-06,True,8000,80000,423,9.999894245993346e-10,0.0,9.999894245993346e-10,3.7858999584723746e-17,0.0007256297890297078,0.2601070303884967,0.004956629491945477,1.0,0,True
dirichlet_0.1__moderate,moderate,3414689543,optimal,321.75848572530447,321.7584860000944,8.540255083779989e-10,True,4241,42410,219,8.128608897095546e-12,0.0,8.128608897095546e-12,1.810886071098124e-15,0.0019251596580569966,0.4294227676224267,0.0022727272727272726,1.0,0,True
dirichlet_0.1__moderate,moderate,3424619266,optimal,329.8356896568034,329.83446583196235,3.7104075739958506e-06,True,8000,80000,562,9.999325811804738e-10,0.0,9.999325811804738e-10,2.130604856368602e-17,0.0016716177173551699,1.0667424226904316,0.0006743088334457181,1.0,0,True
dirichlet_0.1__moderate,moderate,3447467374,optimal,334.0347291875911,334.0094548688077,7.566374563759968e-05,True,8000,80000,432,9.999894245993346e-10,0.0,9.999894245993346e-10,5.006316119465506e-22,0.0002427643180911663,0.07308330176775257,0.003302146395156852,1.0,0,True
dirichlet_0.1__moderate,moderate,3506619616,optimal,318.4181609146204,318.4178782523008,8.877079083039525e-07,True,8000,80000,436,9.999610028899042e-10,0.0,9.999610028899042e-10,6.154185355565719e-21,0.0012310282674582228,0.8153998467364403,0.004118616144975288,1.0,1,True
dirichlet_0.1__moderate,moderate,3522565390,optimal,352.8749684151055,352.87496871577525,8.52057433041215e-10,True,2580,25800,181,5.439915184979327e-11,0.0,5.439915184979327e-11,1.5967252488991014e-28,0.0034315299378441778,2.5004188143063786,0.004472271914132379,3.0,0,True
dirichlet_0.1__moderate,moderate,3560321021,optimal,327.81647594747403,327.8151777074178,3.96026481739679e-06,True,8000,80000,567,9.999894245993346e-10,0.0,9.999894245993346e-10,0.0,0.00011699918183154775,0.027014386270224122,0.002600780234070221,1.0,0,True
dirichlet_0.1__moderate,moderate,3564430434,optimal,321.9176552295726,321.91765270232384,7.850606197314757e-09,True,8000,80000,418,9.999894245993346e-10,0.0,9.999894245993346e-10,0.0,0.0006133851441268845,0.13483356287883907,0.00456968773800457,1.0,0,True
dirichlet_0.1__moderate,moderate,3569961091,optimal,336.5955733816984,336.59495167130626,1.8470545702020383e-06,True,8000,80000,679,9.999894245993346e-10,0.0,9.999894245993346e-10,0.0,0.0006793671224898232,0.26918358869331716,0.0011204481792717086,1.0,0,True
dirichlet_0.1__moderate,moderate,3633027796,optimal,325.8724521760631,325.87245249857324,9.896820550904615e-10,True,8000,80000,536,1.745092959026806e-11,0.0,1.745092959026806e-11,0.0,0.002230644641583198,1.6286239890295917,0.0036023054755043226,2.0,0,True
dirichlet_0.1__moderate,moderate,3636324181,optimal,329.26625058634085,329.2662442731865,1.9173402518942707e-08,True,8000,80000,698,9.999894245993346e-10,0.0,9.999894245993346e-10,0.0,0.0009605089842985562,0.5129676437913036,0.0013054830287206266,1.0,0,True
dirichlet_0.1__moderate,moderate,3676968117,optimal,352.4059802906819,352.40598055335283,7.453645855518683e-10,True,8000,80000,550,9.999894245993346e-10,0.0,9.999894245993346e-10,0.0,0.0022465641196161047,1.493732831477999,0.0032095369096744614,2.0,0,True
dirichlet_0.1__moderate,moderate,3696784942,optimal,330.84962114705866,330.84961107034997,3.045706582839707e-08,True,8000,80000,548,9.999894245993346e-10,0.0,9.999894245993346e-10,0.0,0.0016752551456163222,0.8546203593195543,0.001946787800129786,1.0,0,True
dirichlet_0.1__moderate,moderate,3714643568,optimal,344.90772611633105,344.9077263775613,7.5739167671248e-10,True,1950,19500,101,4.666844688472338e-11,0.0,4.666844688472338e-11,0.0,0.00682049116018266,4.536763573332394,0.007656967840735069,5.0,0,True
dirichlet_0.1__moderate,moderate,3794604293,optimal,343.93756987331165,343.9354967550039,6.027600615170733e-06,True,8000,80000,566,9.999894245993346e-10,0.0,9.999894245993346e-10,0.0,0.00040609264160115435,0.14439521189698912,0.0009610764055742432,1.0,0,True
dirichlet_0.1__moderate,moderate,3885192991,optimal,332.12920310028505,332.1292033370751,7.12945654234209e-10,True,2407,24070,158,3.581135388230905e-11,0.0,3.581135388230905e-11,0.0,0.007197356278545409,7.334725072844989,0.007010834926704908,7.0,0,True
dirichlet_0.1__moderate,moderate,3885443111,optimal,335.7620338589921,335.7620332686216,1.7583002314619414e-09,True,8000,80000,963,9.999894245993346e-10,0.0,9.999894245993346e-10,0.0,0.0020684047113836814,2.1266234839780154,0.004142011834319527,3.0,0,True
dirichlet_0.1__moderate,moderate,3893939786,optimal,342.2481993517207,342.2481996315273,8.175546692857224e-10,True,7190,71900,498,1.63140612130519e-11,0.0,1.63140612130519e-11,1.8698493046318425e-28,0.0033035156689352994,2.9070493984376498,0.004381161007667032,3.0,0,True
dirichlet_0.1__moderate,moderate,3950032071,optimal,343.2963522812684,343.2963365887795,4.57112019475841e-08,True,8000,80000,685,9.999894245993346e-10,0.0,9.999894245993346e-10,0.0,0.0022323201168522443,1.5695335065018483,0.0036101083032490976,2.0,0,True
dirichlet_0.1__moderate,moderate,3955522292,optimal,337.4901018885527,337.4901016512595,7.031115631750175e-10,True,8000,80000,555,9.999894245993346e-10,0.0,9.999894245993346e-10,0.0,0.0014296516024908893,0.6921400164733456,0.0017751479289940828,1.0,0,True
dirichlet_0.1__moderate,moderate,4026759651,optimal,328.1133236926509,328.1121605552211,3.5449259319759915e-06,True,8000,80000,558,9.999894245993346e-10,0.0,9.999894245993346e-10,0.0,0.004071645109425796,0.788841308265404,0.0,0.0,0,True
dirichlet_0.1__moderate,moderate,4031711447,optimal,331.70382395122766,331.70382464521094,2.092177513183769e-09,True,8000,80000,562,9.999894245993346e-10,0.0,9.999894245993346e-10,0.0,0.001619445818278523,0.7616400513814341,0.0019646365422396855,1.0,0,True
dirichlet_0.1__moderate,moderate,4037661888,optimal,337.66465880450255,337.6646347125643,7.134871130130948e-08,True,8000,80000,556,9.99875737761613e-10,0.0,9.99875737761613e-10,9.02237941105311e-21,0.001107087943443185,0.5080259159983935,0.0011876484560570072,1.0,0,True
dirichlet_0.1__moderate,moderate,4071416038,optimal,329.4718852042325,329.4713195257392,1.7169249294921896e-06,True,8000,80000,413,9.999894245993346e-10,0.0,9.999894245993346e-10,0.0,0.0021813160707771055,0.9227439422967052,0.0033333333333333335,1.0,0,True
dirichlet_0.1__moderate,moderate,4085652262,optimal,331.1430103088536,331.14301058053786,8.20443883324646e-10,True,8000,80000,560,9.999894245993346e-10,0.0,9.999894245993346e-10,1.1881247408713511e-26,0.0009640811876873794,0.2815858893375207,0.0006596306068601583,1.0,0,True
dirichlet_0.1__moderate,moderate,4118709976,optimal,337.30855236450265,337.3085527266524,1.0736453614475048e-09,True,2339,23390,121,3.728928277269006e-11,0.0,3.728928277269006e-11,0.0,0.00699991734292875,5.579635977226189,0.006980802792321117,5.0,0,True
dirichlet_0.1__moderate,moderate,4148675945,optimal,335.12200785588436,335.12200699261626,2.5759815188092605e-09,True,8000,80000,794,9.999894245993346e-10,0.0,9.999894245993346e-10,9.874271044286423e-22,0.0012890521028585955,1.5606814402648794,0.0018170805572380376,1.0,0,True
dirichlet_0.1__moderate,moderate,4169915556,optimal,338.47805605828677,338.4780563130354,7.526296276986593e-10,True,8000,80000,411,9.999894245993346e-10,0.0,9.999894245993346e-10,1.4464501034968466e-24,0.0018923715754312392,0.807522656513072,0.0017261219792865361,1.0,1,True
dirichlet_0.1__moderate,moderate,4209074295,optimal,338.65992260160505,338.65992321824575,1.8208257415972633e-09,True,5207,52070,355,2.006572685786523e-11,0.0,2.006572685786523e-11,0.0,0.005527199946149473,3.4586770281779806,0.005714285714285714,4.0,0,True
dirichlet_0.1__moderate,moderate,4215538721,optimal,331.2007628408266,331.200763246933,1.2261637836837487e-09,True,8000,80000,560,9.999894245993346e-10,0.0,9.999894245993346e-10,5.645099416410291e-18,0.0006573585886049905,0.27996498946143333,0.0,0.0,0,True
dirichlet_0.1__moderate,moderate,4224506899,optimal,330.85804744744195,330.8580476810845,7.061715439839e-10,True,2145,21450,176,3.2798652682686225e-11,0.0,3.2798652682686225e-11,0.0,0.005666791303138247,3.3597121281232063,0.008387096774193548,4.0,0,True
dirichlet_0.1__moderate,moderate,4230076829,optimal,339.64339077563693,339.64339100602274,6.783167712539282e-10,True,3777,37770,318,3.444711182964966e-11,0.0,3.444711182964966e-11,1.8979438684743912e-28,0.005887509520363654,3.844593567694403,0.008347245409015025,5.0,0,True
dirichlet_0.1__moderate,moderate,4253299686,optimal,339.4011587680388,339.40115899829453,6.784176910358734e-10,True,3377,33770,169,2.1941559680271894e-11,0.0,2.1941559680271894e-11,1.920385772324595e-28,0.006196665171785136,6.2350392495792875,0.006775832862789385,6.0,0,True
dirichlet_0.1__moderate,moderate,4259560605,optimal,336.9126673801592,336.9126679580397,1.7152235507641183e-09,True,8000,80000,560,9.999894245993346e-10,0.0,9.999894245993346e-10,0.0,0.0026871568037716534,1.3460292693882963,0.0028968713789107765,2.0,0,True
dirichlet_0.1__moderate,moderate,4283749312,optimal,341.31484913292513,341.31484927546956,4.176332288207325e-10,True,8000,80000,813,9.999894245993346e-10,0.0,9.999894245993346e-10,0.0,0.003478809124207741,1.674032880252243,0.00273224043715847,1.0,0,True
