cell,regime,contention,seed,arm,solver_status,feasible,fallback_used,queue_order_completion_mean,queue_order_tasks_per_run,best_subset_completion_mean,best_subset_tasks_per_run,frac_zero_qo,frac_zero_bs,capacity_utilization,unused_installed_total,capacity_violation,bound_violation,alloc_latency_ms
dirichlet_0.1__high,dirichlet_0.1,high,13163994,central_joint_leontief,optimal,True,False,0.6041666666666666,29.0,0.6041666666666666,29.0,0.0,0.0,0.9811605124340618,25,0,0,624
dirichlet_0.1__high,dirichlet_0.1,high,13163994,distributed_price_leontief,preinstalled,True,False,0.6041666666666666,29.0,0.6041666666666666,29.0,0.0,0.0,0.9811605124340618,25,0,0,0
dirichlet_0.1__high,dirichlet_0.1,high,13163994,drf,drf,True,False,0.5416666666666666,26.0,0.5625,27.0,0.0,0.0,0.9374529012810852,76,0,0,0
dirichlet_0.1__high,dirichlet_0.1,high,13163994,equal,equal,True,False,0.4375,21.0,0.4583333333333333,22.0,0.0,0.0,0.7565938206480783,323,0,0,0
dirichlet_0.1__high,dirichlet_0.1,high,13163994,independent_bundle_maxmin,preinstalled,True,False,0.5208333333333334,25.0,0.5416666666666666,26.0,0.0,0.0,0.8108515448379804,251,0,0,0
dirichlet_0.1__high,dirichlet_0.1,high,13163994,separable_leontief_relaxation,preinstalled,True,False,0.4375,21.0,0.4583333333333333,22.0,0.0,0.0,0.7565938206480783,323,0,0,0
dirichlet_0.1__high,dirichlet_0.1,high,47233068,central_joint_leontief,optimal,True,False,0.5833333333333334,28.0,0.5833333333333334,28.0,0.0,0.0,0.9246344206974129,66,0,0,618
dirichlet_0.1__high,dirichlet_0.1,high,47233068,distributed_price_leontief,preinstalled,True,False,0.5625,27.0,0.5833333333333334,28.0,0.0,0.0,0.9178852643419573,73,0,0,0
dirichlet_0.1__high,dirichlet_0.1,high,47233068,drf,drf,True,False,0.5416666666666666,26.0,0.5416666666666666,26.0,0.0,0.0,0.8920134983127109,29,0,0,0
dirichlet_0.1__high,dirichlet_0.1,high,47233068,equal,equal,True,False,0.4791666666666667,23.0,0.5,24.0,0.0,0.0,0.7840269966254219,192,0,0,0
dirichlet_0.1__high,dirichlet_0.1,high,47233068,independent_bundle_maxmin,preinstalled,True,False,0.5833333333333334,28.0,0.5833333333333334,28.0,0.0,0.0,0.9505061867266592,44,0,0,0
dirichlet_0.1__high,dirichlet_0.1,high,47233068,separable_leontief_relaxation,preinstalled,True,False,0.4791666666666667,23.0,0.5,24.0,0.0,0.0,0.7840269966254219,192,0,0,0
dirichlet_0.1__high,dirichlet_0.1,high,51953835,central_joint_leontief,optimal,True,False,0.5625,27.0,0.5625,27.0,0.0,0.0,0.8279279279279279,191,0,0,666
dirichlet_0.1__high,dirichlet_0.1,high,51953835,distributed_price_leontief,preinstalled,True,False,0.5625,27.0,0.5625,27.0,0.0,0.0,0.8279279279279279,191,0,0,0
dirichlet_0.1__high,dirichlet_0.1,high,51953835,drf,drf,True,False,0.5,24.0,0.5,24.0,0.0,0.0,0.8126126126126126,187,0,0,0
dirichlet_0.1__high,dirichlet_0.1,high,51953835,equal,equal,True,False,0.4791666666666667,23.0,0.4791666666666667,23.0,0.0,0.0,0.7396396396396396,289,0,0,0
dirichlet_0.1__high,dirichlet_0.1,high,51953835,independent_bundle_maxmin,preinstalled,True,False,0.5208333333333334,25.0,0.5208333333333334,25.0,0.0,0.0,0.7432432432432432,285,0,0,0
dirichlet_0.1__high,dirichlet_0.1,high,51953835,separable_leontief_relaxation,preinstalled,True,False,0.4791666666666667,23.0,0.4791666666666667,23.0,0.0,0.0,0.7396396396396396,289,0,0,0
dirichlet_0.1__high,dirichlet_0.1,high,71021215,central_joint_leontief,optimal,True,False,0.4791666666666667,23.0,0.5,24.0,0.0,0.0,0.8682008368200836,126,0,0,637
dirichlet_0.1__high,dirichlet_0.1,high,71021215,distributed_price_leontief,preinstalled,True,False,0.4791666666666667,23.0,0.5,24.0,0.0,0.0,0.8682008368200836,126,0,0,0
dirichlet_0.1__high,dirichlet_0.1,high,71021215,drf,drf,True,False,0.4166666666666667,20.0,0.4375,21.0,0.0,0.0,0.7845188284518828,118,0,0,0
dirichlet_0.1__high,dirichlet_0.1,high,71021215,equal,equal,True,False,0.4791666666666667,23.0,0.5,24.0,0.0,0.0,0.8786610878661087,116,0,0,0
dirichlet_0.1__high,dirichlet_0.1,high,71021215,independent_bundle_maxmin,preinstalled,True,False,0.5,24.0,0.5,24.0,0.0,0.0,0.8849372384937239,110,0,0,0
dirichlet_0.1__high,dirichlet_0.1,high,71021215,separable_leontief_relaxation,preinstalled,True,False,0.4791666666666667,23.0,0.5,24.0,0.0,0.0,0.8786610878661087,116,0,0,0
dirichlet_0.1__high,dirichlet_0.1,high,79596452,central_joint_leontief,optimal,True,False,0.5,24.0,0.5208333333333334,25.0,0.0,0.0,0.9375573921028466,68,0,0,613
dirichlet_0.1__high,dirichlet_0.1,high,79596452,distributed_price_leontief,preinstalled,True,False,0.5,24.0,0.5208333333333334,25.0,0.0,0.0,0.9375573921028466,68,0,0,0
dirichlet_0.1__high,dirichlet_0.1,high,79596452,drf,drf,True,False,0.4791666666666667,23.0,0.5,24.0,0.0,0.0,0.8833792470156107,52,0,0,0
dirichlet_0.1__high,dirichlet_0.1,high,79596452,equal,equal,True,False,0.4375,21.0,0.4375,21.0,0.0,0.0,0.7731864095500459,247,0,0,0
dirichlet_0.1__high,dirichlet_0.1,high,79596452,independent_bundle_maxmin,preinstalled,True,False,0.4791666666666667,23.0,0.5208333333333334,25.0,0.0,0.0,0.8640955004591369,148,0,0,0
dirichlet_0.1__high,dirichlet_0.1,high,79596452,separable_leontief_relaxation,preinstalled,True,False,0.4375,21.0,0.4375,21.0,0.0,0.0,0.7731864095500459,247,0,0,0
dirichlet_0.1__high,dirichlet_0.1,high,105735450,central_joint_leontief,optimal,True,False,0.6041666666666666,29.0,0.6041666666666666,29.0,0.0,0.0,0.894919972164231,141,0,0,621
dirichlet_0.1__high,dirichlet_0.1,high,105735450,distributed_price_leontief,preinstalled,True,False,0.6041666666666666,29.0,0.6041666666666666,29.0,0.0,0.0,0.894919972164231,151,0,0,0
dirichlet_0.1__high,dirichlet_0.1,high,105735450,drf,drf,True,False,0.5833333333333334,28.0,0.5833333333333334,28.0,0.0,0.0,0.8851774530271399,78,0,0,0
dirichlet_0.1__high,dirichlet_0.1,high,105735450,equal,equal,True,False,0.5833333333333334,28.0,0.5833333333333334,28.0,0.0,0.0,0.8782185107863605,175,0,0,0
dirichlet_0.1__high,dirichlet_0.1,high,105735450,independent_bundle_maxmin,preinstalled,True,False,0.6041666666666666,29.0,0.6041666666666666,29.0,0.0,0.0,0.9116214335421016,127,0,0,0
dirichlet_0.1__high,dirichlet_0.1,high,105735450,separable_leontief_relaxation,preinstalled,True,False,0.5833333333333334,28.0,0.5833333333333334,28.0,0.0,0.0,0.8782185107863605,175,0,0,0
dirichlet_0.1__high,dirichlet_0.1,high,119160524,central_joint_leontief,optimal,True,False,0.6041666666666666,29.0,0.6041666666666666,29.0,0.0,0.0,0.9593869731800766,52,0,0,627
dirichlet_0.1__high,dirichlet_0.1,high,119160524,distributed_price_leontief,preinstalled,True,False,0.6041666666666666,29.0,0.6041666666666666,29.0,0.0,0.0,0.9647509578544061,46,0,0,0
dirichlet_0.1__high,dirichlet_0.1,high,119160524,drf,drf,True,False,0.5208333333333334,25.0,0.5208333333333334,25.0,0.0,0.0,0.8613026819923372,100,0,0,0
dirichlet_0.1__high,dirichlet_0.1,high,119160524,equal,equal,True,False,0.5208333333333334,25.0,0.5416666666666666,26.0,0.0,0.0,0.8459770114942529,201,0,0,0
dirichlet_0.1__high,dirichlet_0.1,high,119160524,independent_bundle_maxmin,preinstalled,True,False,0.6041666666666666,29.0,0.6041666666666666,29.0,0.0,0.0,0.9593869731800766,53,0,0,0
dirichlet_0.1__high,dirichlet_0.1,high,119160524,separable_leontief_relaxation,preinstalled,True,False,0.5208333333333334,25.0,0.5416666666666666,26.0,0.0,0.0,0.8459770114942529,201,0,0,0
dirichlet_0.1__high,dirichlet_0.1,high,144382842,central_joint_leontief,optimal,True,False,0.5833333333333334,28.0,0.5833333333333334,28.0,0.0,0.0,0.9367448471926084,88,0,0,637
dirichlet_0.1__high,dirichlet_0.1,high,144382842,distributed_price_leontief,preinstalled,True,False,0.5833333333333334,28.0,0.5833333333333334,28.0,0.0,0.0,0.9367448471926084,89,0,0,0
dirichlet_0.1__high,dirichlet_0.1,high,144382842,drf,drf,True,False,0.5625,27.0,0.5625,27.0,0.0,0.0,0.9182658137882018,56,0,0,0
dirichlet_0.1__high,dirichlet_0.1,high,144382842,equal,equal,True,False,0.4791666666666667,23.0,0.4791666666666667,23.0,0.0,0.0,0.8415067519545132,223,0,0,0
dirichlet_0.1__high,dirichlet_0.1,high,144382842,independent_bundle_maxmin,preinstalled,True,False,0.5833333333333334,28.0,0.5833333333333334,28.0,0.0,0.0,0.916133617626155,118,0,0,0
dirichlet_0.1__high,dirichlet_0.1,high,144382842,separable_leontief_relaxation,preinstalled,True,False,0.4791666666666667,23.0,0.4791666666666667,23.0,0.0,0.0,0.8415067519545132,223,0,0,0
dirichlet_0.1__high,dirichlet_0.1,high,154011620,central_joint_leontief,optimal,True,False,0.5208333333333334,25.0,0.5208333333333334,25.0,0.0,0.0,0.8941798941798942,139,0,0,622
dirichlet_0.1__high,dirichlet_0.1,high,154011620,distributed_price_leontief,preinstalled,True,False,0.5,24.0,0.5208333333333334,25.0,0.0,0.0,0.8745275888133031,166,0,0,0
dirichlet_0.1__high,dirichlet_0.1,high,154011620,drf,drf,True,False,0.4166666666666667,20.0,0.4583333333333333,22.0,0.0,0.0,0.7966742252456538,194,0,0,0
dirichlet_0.1__high,dirichlet_0.1,high,154011620,equal,equal,True,False,0.4583333333333333,22.0,0.4583333333333333,22.0,0.0,0.0,0.8155706727135299,244,0,0,0
dirichlet_0.1__high,dirichlet_0.1,high,154011620,independent_bundle_maxmin,preinstalled,True,False,0.5208333333333334,25.0,0.5208333333333334,25.0,0.0,0.0,0.8752834467120182,165,0,0,0
dirichlet_0.1__high,dirichlet_0.1,high,154011620,separable_leontief_relaxation,preinstalled,True,False,0.4583333333333333,22.0,0.4583333333333333,22.0,0.0,0.0,0.8155706727135299,244,0,0,0
dirichlet_0.1__high,dirichlet_0.1,high,160641470,central_joint_leontief,optimal,True,False,0.6041666666666666,29.0,0.625,30.0,0.0,0.0,0.9406354515050167,71,0,0,628
dirichlet_0.1__high,dirichlet_0.1,high,160641470,distributed_price_leontief,preinstalled,True,False,0.6041666666666666,29.0,0.625,30.0,0.0,0.0,0.9464882943143813,64,0,0,0
dirichlet_0.1__high,dirichlet_0.1,high,160641470,drf,drf,True,False,0.5208333333333334,25.0,0.5208333333333334,25.0,0.0,0.0,0.8779264214046822,104,0,0,0
dirichlet_0.1__high,dirichlet_0.1,high,160641470,equal,equal,True,False,0.4791666666666667,23.0,0.5,24.0,0.0,0.0,0.8076923076923077,230,0,0,0
dirichlet_0.1__high,dirichlet_0.1,high,160641470,independent_bundle_maxmin,preinstalled,True,False,0.6458333333333334,31.0,0.6458333333333334,31.0,0.0,0.0,0.9289297658862876,85,0,0,0
dirichlet_0.1__high,dirichlet_0.1,high,160641470,separable_leontief_relaxation,preinstalled,True,False,0.4791666666666667,23.0,0.5,24.0,0.0,0.0,0.8076923076923077,230,0,0,0
dirichlet_0.1__high,dirichlet_0.1,high,171451216,central_joint_leontief,optimal,True,False,0.5208333333333334,25.0,0.5208333333333334,25.0,0.0,0.0,0.9279700654817586,77,0,0,624
dirichlet_0.1__high,dirichlet_0.1,high,171451216,distributed_price_leontief,preinstalled,True,False,0.5208333333333334,25.0,0.5208333333333334,25.0,0.0,0.0,0.9279700654817586,77,0,0,0
dirichlet_0.1__high,dirichlet_0.1,high,171451216,drf,drf,True,False,0.4791666666666667,23.0,0.5208333333333334,25.0,0.0,0.0,0.7885874649204865,106,0,0,0
dirichlet_0.1__high,dirichlet_0.1,high,171451216,equal,equal,True,False,0.3958333333333333,19.0,0.4166666666666667,20.0,0.0,0.0,0.6735266604303087,349,0,0,0
dirichlet_0.1__high,dirichlet_0.1,high,171451216,independent_bundle_maxmin,preinstalled,True,False,0.4791666666666667,23.0,0.5,24.0,0.0,0.0,0.8082319925163705,205,0,0,0
dirichlet_0.1__high,dirichlet_0.1,high,171451216,separable_leontief_relaxation,preinstalled,True,False,0.3958333333333333,19.0,0.4166666666666667,20.0,0.0,0.0,0.6735266604303087,349,0,0,0
dirichlet_0.1__high,dirichlet_0.1,high,214605580,central_joint_leontief,optimal,True,False,0.5625,27.0,0.5625,27.0,0.0,0.0,0.9169526424159231,120,0,0,626
dirichlet_0.1__high,dirichlet_0.1,high,214605580,distributed_price_leontief,preinstalled,True,False,0.5625,27.0,0.5625,27.0,0.0,0.0,0.9169526424159231,121,0,0,0
dirichlet_0.1__high,dirichlet_0.1,high,214605580,drf,drf,True,False,0.4791666666666667,23.0,0.4791666666666667,23.0,0.0,0.0,0.8943033630748113,122,0,0,0
dirichlet_0.1__high,dirichlet_0.1,high,214605580,equal,equal,True,False,0.4583333333333333,22.0,0.4791666666666667,23.0,0.0,0.0,0.8517501715854495,216,0,0,0
dirichlet_0.1__high,dirichlet_0.1,high,214605580,independent_bundle_maxmin,preinstalled,True,False,0.5625,27.0,0.5625,27.0,0.0,0.0,0.9183253260123542,119,0,0,0
dirichlet_0.1__high,dirichlet_0.1,high,214605580,separable_leontief_relaxation,preinstalled,True,False,0.4583333333333333,22.0,0.4791666666666667,23.0,0.0,0.0,0.8517501715854495,216,0,0,0
dirichlet_0.1__high,dirichlet_0.1,high,215326899,central_joint_leontief,optimal,True,False,0.5,24.0,0.5,24.0,0.0,0.0,0.8786516853932584,106,0,0,625
dirichlet_0.1__high,dirichlet_0.1,high,215326899,distributed_price_leontief,preinstalled,True,False,0.5,24.0,0.5,24.0,0.0,0.0,0.852808988764045,131,0,0,0
dirichlet_0.1__high,dirichlet_0.1,high,215326899,drf,drf,True,False,0.4375,21.0,0.4375,21.0,0.0,0.0,0.7865168539325843,83,0,0,0
dirichlet_0.1__high,dirichlet_0.1,high,215326899,equal,equal,True,False,0.4375,21.0,0.4583333333333333,22.0,0.0,0.0,0.8112359550561797,168,0,0,0
dirichlet_0.1__high,dirichlet_0.1,high,215326899,independent_bundle_maxmin,preinstalled,True,False,0.5208333333333334,25.0,0.5416666666666666,26.0,0.0,0.0,0.9213483146067416,70,0,0,0
dirichlet_0.1__high,dirichlet_0.1,high,215326899,separable_leontief_relaxation,preinstalled,True,False,0.4375,21.0,0.4583333333333333,22.0,0.0,0.0,0.8112359550561797,168,0,0,0
dirichlet_0.1__high,dirichlet_0.1,high,251198272,central_joint_leontief,optimal,True,False,0.5,24.0,0.5,24.0,0.0,0.0,0.9110204081632653,108,0,0,621
dirichlet_0.1__high,dirichlet_0.1,high,251198272,distributed_price_leontief,preinstalled,True,False,0.5,24.0,0.5,24.0,0.0,0.0,0.9110204081632653,109,0,0,0
dirichlet_0.1__high,dirichlet_0.1,high,251198272,drf,drf,True,False,0.4583333333333333,22.0,0.4583333333333333,22.0,0.0,0.0,0.9053061224489796,83,0,0,0
dirichlet_0.1__high,dirichlet_0.1,high,251198272,equal,equal,True,False,0.4583333333333333,22.0,0.5,24.0,0.0,0.0,0.8604081632653061,171,0,0,0
dirichlet_0.1__high,dirichlet_0.1,high,251198272,independent_bundle_maxmin,preinstalled,True,False,0.5,24.0,0.5,24.0,0.0,0.0,0.8416326530612245,194,0,0,0
dirichlet_0.1__high,dirichlet_0.1,high,251198272,separable_leontief_relaxation,preinstalled,True,False,0.4583333333333333,22.0,0.5,24.0,0.0,0.0,0.8604081632653061,171,0,0,0
dirichlet_0.1__high,dirichlet_0.1,high,278470677,central_joint_leontief,optimal,True,False,0.5,24.0,0.5,24.0,0.0,0.0,0.8953488372093024,142,0,0,648
dirichlet_0.1__high,dirichlet_0.1,high,278470677,distributed_price_leontief,preinstalled,True,False,0.5,24.0,0.5,24.0,0.0,0.0,0.8953488372093024,144,0,0,0
dirichlet_0.1__high,dirichlet_0.1,high,278470677,drf,drf,True,False,0.4791666666666667,23.0,0.4791666666666667,23.0,0.0,0.0,0.8808139534883721,137,0,0,0
dirichlet_0.1__high,dirichlet_0.1,high,278470677,equal,equal,True,False,0.4375,21.0,0.4375,21.0,0.0,0.0,0.8226744186046512,244,0,0,0
dirichlet_0.1__high,dirichlet_0.1,high,278470677,independent_bundle_maxmin,preinstalled,True,False,0.5208333333333334,25.0,0.5208333333333334,25.0,0.0,0.0,0.8982558139534884,140,0,0,0
dirichlet_0.1__high,dirichlet_0.1,high,278470677,separable_leontief_relaxation,preinstalled,True,False,0.4375,21.0,0.4375,21.0,0.0,0.0,0.8226744186046512,244,0,0,0
dirichlet_0.1__high,dirichlet_0.1,high,300256241,central_joint_leontief,optimal,True,False,0.5833333333333334,28.0,0.5833333333333334,28.0,0.0,0.0,0.9404466501240695,72,0,0,632
dirichlet_0.1__high,dirichlet_0.1,high,300256241,distributed_price_leontief,preinstalled,True,False,0.5833333333333334,28.0,0.5833333333333334,28.0,0.0,0.0,0.9404466501240695,72,0,0,0
dirichlet_0.1__high,dirichlet_0.1,high,300256241,drf,drf,True,False,0.5625,27.0,0.5625,27.0,0.0,0.0,0.8933002481389578,89,0,0,0
dirichlet_0.1__high,dirichlet_0.1,high,300256241,equal,equal,True,False,0.4791666666666667,23.0,0.5,24.0,0.0,0.0,0.7758478081058726,271,0,0,0
dirichlet_0.1__high,dirichlet_0.1,high,300256241,independent_bundle_maxmin,preinstalled,True,False,0.5833333333333334,28.0,0.6041666666666666,29.0,0.0,0.0,0.8031430934656741,238,0,0,0
dirichlet_0.1__high,dirichlet_0.1,high,300256241,separable_leontief_relaxation,preinstalled,True,False,0.4791666666666667,23.0,0.5,24.0,0.0,0.0,0.7758478081058726,271,0,0,0
dirichlet_0.1__high,dirichlet_0.1,high,386905649,central_joint_leontief,optimal,True,False,0.5208333333333334,25.0,0.5208333333333334,25.0,0.0,0.0,0.9508196721311475,35,0,0,643
dirichlet_0.1__high,dirichlet_0.1,high,386905649,distributed_price_leontief,preinstalled,True,False,0.5208333333333334,25.0,0.5208333333333334,25.0,0.0,0.0,0.9508196721311475,36,0,0,0
dirichlet_0.1__high,dirichlet_0.1,high,386905649,drf,drf,True,False,0.4583333333333333,22.0,0.4583333333333333,22.0,0.0,0.0,0.8442622950819673,75,0,0,0
dirichlet_0.1__high,dirichlet_0.1,high,386905649,equal,equal,True,False,0.4583333333333333,22.0,0.4583333333333333,22.0,0.0,0.0,0.819672131147541,132,0,0,0
dirichlet_0.1__high,dirichlet_0.1,high,386905649,independent_bundle_maxmin,preinstalled,True,False,0.5,24.0,0.5,24.0,0.0,0.0,0.9166666666666666,61,0,0,0
dirichlet_0.1__high,dirichlet_0.1,high,386905649,separable_leontief_relaxation,preinstalled,True,False,0.4583333333333333,22.0,0.4583333333333333,22.0,0.0,0.0,0.819672131147541,132,0,0,0
dirichlet_0.1__high,dirichlet_0.1,high,406271647,central_joint_leontief,optimal,True,False,0.4791666666666667,23.0,0.5,24.0,0.0,0.0,0.7702552719200888,206,0,0,640
dirichlet_0.1__high,dirichlet_0.1,high,406271647,distributed_price_leontief,preinstalled,True,False,0.4791666666666667,23.0,0.5,24.0,0.0,0.0,0.7702552719200888,207,0,0,0
dirichlet_0.1__high,dirichlet_0.1,high,406271647,drf,drf,True,False,0.4583333333333333,22.0,0.4791666666666667,23.0,0.0,0.0,0.7647058823529411,143,0,0,0
dirichlet_0.1__high,dirichlet_0.1,high,406271647,equal,equal,True,False,0.4375,21.0,0.4583333333333333,22.0,0.0,0.0,0.6659267480577137,301,0,0,0
dirichlet_0.1__high,dirichlet_0.1,high,406271647,independent_bundle_maxmin,preinstalled,True,False,0.5,24.0,0.5208333333333334,25.0,0.0,0.0,0.7968923418423973,183,0,0,0
dirichlet_0.1__high,dirichlet_0.1,high,406271647,separable_leontief_relaxation,preinstalled,True,False,0.4375,21.0,0.4583333333333333,22.0,0.0,0.0,0.6659267480577137,301,0,0,0
dirichlet_0.1__high,dirichlet_0.1,high,411968488,central_joint_leontief,optimal,True,False,0.5416666666666666,26.0,0.5416666666666666,26.0,0.0,0.0,0.8591983556012333,137,0,0,621
dirichlet_0.1__high,dirichlet_0.1,high,411968488,distributed_price_leontief,preinstalled,True,False,0.5416666666666666,26.0,0.5416666666666666,26.0,0.0,0.0,0.8591983556012333,137,0,0,0
dirichlet_0.1__high,dirichlet_0.1,high,411968488,drf,drf,True,False,0.4791666666666667,23.0,0.4791666666666667,23.0,0.0,0.0,0.828365878725591,88,0,0,0
dirichlet_0.1__high,dirichlet_0.1,high,411968488,equal,equal,True,False,0.4791666666666667,23.0,0.5,24.0,0.0,0.0,0.8633093525179856,133,0,0,0
dirichlet_0.1__high,dirichlet_0.1,high,411968488,independent_bundle_maxmin,preinstalled,True,False,0.5416666666666666,26.0,0.5416666666666666,26.0,0.0,0.0,0.8602261048304214,136,0,0,0
dirichlet_0.1__high,dirichlet_0.1,high,411968488,separable_leontief_relaxation,preinstalled,True,False,0.4791666666666667,23.0,0.5,24.0,0.0,0.0,0.8633093525179856,133,0,0,0
dirichlet_0.1__high,dirichlet_0.1,high,453975842,central_joint_leontief,optimal,True,False,0.6458333333333334,31.0,0.6458333333333334,31.0,0.0,0.0,0.9693053311793215,34,0,0,654
dirichlet_0.1__high,dirichlet_0.1,high,453975842,distributed_price_leontief,preinstalled,True,False,0.6458333333333334,31.0,0.6458333333333334,31.0,0.0,0.0,0.9693053311793215,38,0,0,0
dirichlet_0.1__high,dirichlet_0.1,high,453975842,drf,drf,True,False,0.625,30.0,0.6666666666666666,32.0,0.0,0.0,0.9095315024232633,66,0,0,0
dirichlet_0.1__high,dirichlet_0.1,high,453975842,equal,equal,True,False,0.6041666666666666,29.0,0.625,30.0,0.0,0.0,0.901453957996769,122,0,0,3
dirichlet_0.1__high,dirichlet_0.1,high,453975842,independent_bundle_maxmin,preinstalled,True,False,0.6458333333333334,31.0,0.6458333333333334,31.0,0.0,0.0,0.9402261712439418,74,0,0,0
dirichlet_0.1__high,dirichlet_0.1,high,453975842,separable_leontief_relaxation,preinstalled,True,False,0.6041666666666666,29.0,0.625,30.0,0.0,0.0,0.901453957996769,122,0,0,0
dirichlet_0.1__high,dirichlet_0.1,high,462769092,central_joint_leontief,optimal,True,False,0.5,24.0,0.5,24.0,0.0,0.0,0.932956381260097,82,0,0,655
dirichlet_0.1__high,dirichlet_0.1,high,462769092,distributed_price_leontief,preinstalled,True,False,0.5,24.0,0.5,24.0,0.0,0.0,0.932956381260097,83,0,0,0
dirichlet_0.1__high,dirichlet_0.1,high,462769092,drf,drf,True,False,0.4791666666666667,23.0,0.5,24.0,0.0,0.0,0.9151857835218093,63,0,0,0
dirichlet_0.1__high,dirichlet_0.1,high,462769092,equal,equal,True,False,0.4166666666666667,20.0,0.4166666666666667,20.0,0.0,0.0,0.7479806138933764,312,0,0,0
dirichlet_0.1__high,dirichlet_0.1,high,462769092,independent_bundle_maxmin,preinstalled,True,False,0.5,24.0,0.5,24.0,0.0,0.0,0.8182552504038773,225,0,0,0
dirichlet_0.1__high,dirichlet_0.1,high,462769092,separable_leontief_relaxation,preinstalled,True,False,0.4166666666666667,20.0,0.4166666666666667,20.0,0.0,0.0,0.7479806138933764,312,0,0,0
dirichlet_0.1__high,dirichlet_0.1,high,481369689,central_joint_leontief,optimal,True,False,0.6458333333333334,31.0,0.6458333333333334,31.0,0.0,0.0,0.8846153846153846,137,0,0,611
dirichlet_0.1__high,dirichlet_0.1,high,481369689,distributed_price_leontief,preinstalled,True,False,0.6458333333333334,31.0,0.6458333333333334,31.0,0.0,0.0,0.8846153846153846,138,0,0,0
dirichlet_0.1__high,dirichlet_0.1,high,481369689,drf,drf,True,False,0.5416666666666666,26.0,0.5416666666666666,26.0,0.0,0.0,0.8060200668896321,165,0,0,0
dirichlet_0.1__high,dirichlet_0.1,high,481369689,equal,equal,True,False,0.5416666666666666,26.0,0.5416666666666666,26.0,0.0,0.0,0.8461538461538461,184,0,0,0
dirichlet_0.1__high,dirichlet_0.1,high,481369689,independent_bundle_maxmin,preinstalled,True,False,0.625,30.0,0.6666666666666666,32.0,0.0,0.0,0.9147157190635451,102,0,0,0
dirichlet_0.1__high,dirichlet_0.1,high,481369689,separable_leontief_relaxation,preinstalled,True,False,0.5416666666666666,26.0,0.5416666666666666,26.0,0.0,0.0,0.8461538461538461,184,0,0,0
dirichlet_0.1__high,dirichlet_0.1,high,516112135,central_joint_leontief,optimal,True,False,0.5,24.0,0.5,24.0,0.0,0.0,0.9026369168356998,96,0,0,639
dirichlet_0.1__high,dirichlet_0.1,high,516112135,distributed_price_leontief,preinstalled,True,False,0.5,24.0,0.5,24.0,0.0,0.0,0.9026369168356998,96,0,0,0
dirichlet_0.1__high,dirichlet_0.1,high,516112135,drf,drf,True,False,0.4375,21.0,0.4375,21.0,0.0,0.0,0.8468559837728195,87,0,0,0
dirichlet_0.1__high,dirichlet_0.1,high,516112135,equal,equal,True,False,0.4583333333333333,22.0,0.4583333333333333,22.0,0.0,0.0,0.8052738336713996,192,0,0,0
dirichlet_0.1__high,dirichlet_0.1,high,516112135,independent_bundle_maxmin,preinstalled,True,False,0.4791666666666667,23.0,0.4791666666666667,23.0,0.0,0.0,0.8296146044624746,168,0,0,0
dirichlet_0.1__high,dirichlet_0.1,high,516112135,separable_leontief_relaxation,preinstalled,True,False,0.4583333333333333,22.0,0.4583333333333333,22.0,0.0,0.0,0.8052738336713996,192,0,0,0
dirichlet_0.1__high,dirichlet_0.1,high,553435265,central_joint_leontief,optimal,True,False,0.5625,27.0,0.5625,27.0,0.0,0.0,0.9458428680396643,70,0,0,633
dirichlet_0.1__high,dirichlet_0.1,high,553435265,distributed_price_leontief,preinstalled,True,False,0.5625,27.0,0.5625,27.0,0.0,0.0,0.9511823035850496,64,0,0,0
dirichlet_0.1__high,dirichlet_0.1,high,553435265,drf,drf,True,False,0.5416666666666666,26.0,0.5416666666666666,26.0,0.0,0.0,0.9305873379099924,83,0,0,0
dirichlet_0.1__high,dirichlet_0.1,high,553435265,equal,equal,True,False,0.4375,21.0,0.4375,21.0,0.0,0.0,0.7551487414187643,321,0,0,0
dirichlet_0.1__high,dirichlet_0.1,high,553435265,independent_bundle_maxmin,preinstalled,True,False,0.5,24.0,0.5208333333333334,25.0,0.0,0.0,0.8009153318077803,261,0,0,0
dirichlet_0.1__high,dirichlet_0.1,high,553435265,separable_leontief_relaxation,preinstalled,True,False,0.4375,21.0,0.4375,21.0,0.0,0.0,0.7551487414187643,321,0,0,0
dirichlet_0.1__high,dirichlet_0.1,high,567887676,central_joint_leontief,optimal,True,False,0.5208333333333334,25.0,0.5208333333333334,25.0,0.0,0.0,0.7662037037037037,202,0,0,642
dirichlet_0.1__high,dirichlet_0.1,high,567887676,distributed_price_leontief,preinstalled,True,False,0.5208333333333334,25.0,0.5208333333333334,25.0,0.0,0.0,0.7662037037037037,202,0,0,0
dirichlet_0.1__high,dirichlet_0.1,high,567887676,drf,drf,True,False,0.4583333333333333,22.0,0.4791666666666667,23.0,0.0,0.0,0.7013888888888888,163,0,0,0
dirichlet_0.1__high,dirichlet_0.1,high,567887676,equal,equal,True,False,0.5208333333333334,25.0,0.5416666666666666,26.0,0.0,0.0,0.8379629629629629,140,0,0,0
dirichlet_0.1__high,dirichlet_0.1,high,567887676,independent_bundle_maxmin,preinstalled,True,False,0.5625,27.0,0.5625,27.0,0.0,0.0,0.8217592592592593,154,0,0,0
dirichlet_0.1__high,dirichlet_0.1,high,567887676,separable_leontief_relaxation,preinstalled,True,False,0.5208333333333334,25.0,0.5416666666666666,26.0,0.0,0.0,0.8379629629629629,140,0,0,0
dirichlet_0.1__high,dirichlet_0.1,high,570058452,central_joint_leontief,optimal,True,False,0.5833333333333334,28.0,0.6041666666666666,29.0,0.0,0.0,0.856727976766699,148,0,0,597
dirichlet_0.1__high,dirichlet_0.1,high,570058452,distributed_price_leontief,preinstalled,True,False,0.5833333333333334,28.0,0.6041666666666666,29.0,0.0,0.0,0.856727976766699,148,0,0,0
dirichlet_0.1__high,dirichlet_0.1,high,570058452,drf,drf,True,False,0.5,24.0,0.5,24.0,0.0,0.0,0.7783155856727977,147,0,0,0
dirichlet_0.1__high,dirichlet_0.1,high,570058452,equal,equal,True,False,0.5208333333333334,25.0,0.5416666666666666,26.0,0.0,0.0,0.7608906098741529,247,0,0,0
dirichlet_0.1__high,dirichlet_0.1,high,570058452,independent_bundle_maxmin,preinstalled,True,False,0.5833333333333334,28.0,0.6041666666666666,29.0,0.0,0.0,0.856727976766699,148,0,0,0
dirichlet_0.1__high,dirichlet_0.1,high,570058452,separable_leontief_relaxation,preinstalled,True,False,0.5208333333333334,25.0,0.5416666666666666,26.0,0.0,0.0,0.7608906098741529,247,0,0,0
dirichlet_0.1__high,dirichlet_0.1,high,571665946,central_joint_leontief,optimal,True,False,0.5208333333333334,25.0,0.5208333333333334,25.0,0.0,0.0,0.9374337221633086,58,0,0,636
dirichlet_0.1__high,dirichlet_0.1,high,571665946,distributed_price_leontief,preinstalled,True,False,0.5208333333333334,25.0,0.5208333333333334,25.0,0.0,0.0,0.9374337221633086,59,0,0,0
dirichlet_0.1__high,dirichlet_0.1,high,571665946,drf,drf,True,False,0.4375,21.0,0.4583333333333333,22.0,0.0,0.0,0.8515376458112407,69,0,0,0
dirichlet_0.1__high,dirichlet_0.1,high,571665946,equal,equal,True,False,0.4583333333333333,22.0,0.4583333333333333,22.0,0.0,0.0,0.7847295864262991,203,0,0,0
dirichlet_0.1__high,dirichlet_0.1,high,571665946,independent_bundle_maxmin,preinstalled,True,False,0.5208333333333334,25.0,0.5416666666666666,26.0,0.0,0.0,0.9130434782608695,82,0,0,0
dirichlet_0.1__high,dirichlet_0.1,high,571665946,separable_leontief_relaxation,preinstalled,True,False,0.4583333333333333,22.0,0.4583333333333333,22.0,0.0,0.0,0.7847295864262991,203,0,0,0
dirichlet_0.1__high,dirichlet_0.1,high,610850603,central_joint_leontief,optimal,True,False,0.5625,27.0,0.5625,27.0,0.0,0.0,0.9370979270907791,87,0,0,651
dirichlet_0.1__high,dirichlet_0.1,high,610850603,distributed_price_leontief,preinstalled,True,False,0.5625,27.0,0.5625,27.0,0.0,0.0,0.9370979270907791,88,0,0,0
dirichlet_0.1__high,dirichlet_0.1,high,610850603,drf,drf,True,False,0.5,24.0,0.5,24.0,0.0,0.0,0.9135096497498213,75,0,0,0
dirichlet_0.1__high,dirichlet_0.1,high,610850603,equal,equal,True,False,0.4375,21.0,0.4583333333333333,22.0,0.0,0.0,0.8363116511794139,229,0,0,0
dirichlet_0.1__high,dirichlet_0.1,high,610850603,independent_bundle_maxmin,preinstalled,True,False,0.5416666666666666,26.0,0.5416666666666666,26.0,0.0,0.0,0.9035025017869907,135,0,0,0
dirichlet_0.1__high,dirichlet_0.1,high,610850603,separable_leontief_relaxation,preinstalled,True,False,0.4375,21.0,0.4583333333333333,22.0,0.0,0.0,0.8363116511794139,229,0,0,0
dirichlet_0.1__high,dirichlet_0.1,high,624291094,central_joint_leontief,optimal,True,False,0.5833333333333334,28.0,0.625,30.0,0.0,0.0,0.9174129353233831,83,0,0,627
dirichlet_0.1__high,dirichlet_0.1,high,624291094,distributed_price_leontief,preinstalled,True,False,0.5833333333333334,28.0,0.625,30.0,0.0,0.0,0.9174129353233831,83,0,0,0
dirichlet_0.1__high,dirichlet_0.1,high,624291094,drf,drf,True,False,0.5208333333333334,25.0,0.5833333333333334,28.0,0.0,0.0,0.881592039800995,62,0,0,0
dirichlet_0.1__high,dirichlet_0.1,high,624291094,equal,equal,True,False,0.4583333333333333,22.0,0.5,24.0,0.0,0.0,0.8079601990049752,193,0,0,0
dirichlet_0.1__high,dirichlet_0.1,high,624291094,independent_bundle_maxmin,preinstalled,True,False,0.6041666666666666,29.0,0.6458333333333334,31.0,0.0,0.0,0.9432835820895522,57,0,0,0
dirichlet_0.1__high,dirichlet_0.1,high,624291094,separable_leontief_relaxation,preinstalled,True,False,0.4583333333333333,22.0,0.5,24.0,0.0,0.0,0.8079601990049752,193,0,0,0
dirichlet_0.1__high,dirichlet_0.1,high,626101394,central_joint_leontief,optimal,True,False,0.5833333333333334,28.0,0.5833333333333334,28.0,0.0,0.0,0.9402173913043478,76,0,0,648
dirichlet_0.1__high,dirichlet_0.1,high,626101394,distributed_price_leontief,preinstalled,True,False,0.5833333333333334,28.0,0.5833333333333334,28.0,0.0,0.0,0.9402173913043478,77,0,0,0
dirichlet_0.1__high,dirichlet_0.1,high,626101394,drf,drf,True,False,0.5,24.0,0.5,24.0,0.0,0.0,0.8850931677018633,120,0,0,0
dirichlet_0.1__high,dirichlet_0.1,high,626101394,equal,equal,True,False,0.4791666666666667,23.0,0.5,24.0,0.0,0.0,0.8486024844720497,195,0,0,0
dirichlet_0.1__high,dirichlet_0.1,high,626101394,independent_bundle_maxmin,preinstalled,True,False,0.5208333333333334,25.0,0.5416666666666666,26.0,0.0,0.0,0.8035714285714286,253,0,0,0
dirichlet_0.1__high,dirichlet_0.1,high,626101394,separable_leontief_relaxation,preinstalled,True,False,0.4791666666666667,23.0,0.5,24.0,0.0,0.0,0.8486024844720497,195,0,0,0
dirichlet_0.1__high,dirichlet_0.1,high,631912891,central_joint_leontief,optimal,True,False,0.5208333333333334,25.0,0.5416666666666666,26.0,0.0,0.0,0.9642384105960264,26,0,0,639
dirichlet_0.1__high,dirichlet_0.1,high,631912891,distributed_price_leontief,preinstalled,True,False,0.5208333333333334,25.0,0.5416666666666666,26.0,0.0,0.0,0.9642384105960264,27,0,0,0
dirichlet_0.1__high,dirichlet_0.1,high,631912891,drf,drf,True,False,0.4375,21.0,0.4583333333333333,22.0,0.0,0.0,0.8278145695364238,48,0,0,0
dirichlet_0.1__high,dirichlet_0.1,high,631912891,equal,equal,True,False,0.4375,21.0,0.4583333333333333,22.0,0.0,0.0,0.8344370860927153,125,0,0,0
dirichlet_0.1__high,dirichlet_0.1,high,631912891,independent_bundle_maxmin,preinstalled,True,False,0.5,24.0,0.5208333333333334,25.0,0.0,0.0,0.9311258278145695,52,0,0,0
dirichlet_0.1__high,dirichlet_0.1,high,631912891,separable_leontief_relaxation,preinstalled,True,False,0.4375,21.0,0.4583333333333333,22.0,0.0,0.0,0.8344370860927153,125,0,0,0
dirichlet_0.1__high,dirichlet_0.1,high,636323273,central_joint_leontief,optimal,True,False,0.6458333333333334,31.0,0.6666666666666666,32.0,0.0,0.0,0.9174228675136116,90,0,0,640
dirichlet_0.1__high,dirichlet_0.1,high,636323273,distributed_price_leontief,preinstalled,True,False,0.6458333333333334,31.0,0.6666666666666666,32.0,0.0,0.0,0.9174228675136116,91,0,0,0
dirichlet_0.1__high,dirichlet_0.1,high,636323273,drf,drf,True,False,0.5833333333333334,28.0,0.6041666666666666,29.0,0.0,0.0,0.8475499092558983,84,0,0,0
dirichlet_0.1__high,dirichlet_0.1,high,636323273,equal,equal,True,False,0.5,24.0,0.5625,27.0,0.0,0.0,0.8466424682395645,169,0,0,0
dirichlet_0.1__high,dirichlet_0.1,high,636323273,independent_bundle_maxmin,preinstalled,True,False,0.6666666666666666,32.0,0.6875,33.0,0.0,0.0,0.941016333938294,65,0,0,0
dirichlet_0.1__high,dirichlet_0.1,high,636323273,separable_leontief_relaxation,preinstalled,True,False,0.5,24.0,0.5625,27.0,0.0,0.0,0.8466424682395645,169,0,0,0
dirichlet_0.1__high,dirichlet_0.1,high,665358464,central_joint_leontief,optimal,True,False,0.5,24.0,0.5,24.0,0.0,0.0,0.8711923411662315,147,0,0,617
dirichlet_0.1__high,dirichlet_0.1,high,665358464,distributed_price_leontief,preinstalled,True,False,0.5,24.0,0.5,24.0,0.0,0.0,0.8912097476066144,125,0,0,0
dirichlet_0.1__high,dirichlet_0.1,high,665358464,drf,drf,True,False,0.5,24.0,0.5,24.0,0.0,0.0,0.9016536118363795,74,0,0,0
dirichlet_0.1__high,dirichlet_0.1,high,665358464,equal,equal,True,False,0.4375,21.0,0.4375,21.0,0.0,0.0,0.8137510879025239,214,0,0,0
dirichlet_0.1__high,dirichlet_0.1,high,665358464,independent_bundle_maxmin,preinstalled,True,False,0.5,24.0,0.5,24.0,0.0,0.0,0.835509138381201,189,0,0,0
dirichlet_0.1__high,dirichlet_0.1,high,665358464,separable_leontief_relaxation,preinstalled,True,False,0.4375,21.0,0.4375,21.0,0.0,0.0,0.8137510879025239,214,0,0,0
dirichlet_0.1__high,dirichlet_0.1,high,695586742,central_joint_leontief,optimal,True,False,0.6875,33.0,0.6875,33.0,0.0,0.0,0.9505637467476149,56,0,0,632
dirichlet_0.1__high,dirichlet_0.1,high,695586742,distributed_price_leontief,preinstalled,True,False,0.6875,33.0,0.6875,33.0,0.0,0.0,0.9505637467476149,57,0,0,0
dirichlet_0.1__high,dirichlet_0.1,high,695586742,drf,drf,True,False,0.6041666666666666,29.0,0.6041666666666666,29.0,0.0,0.0,0.8950563746747615,69,0,0,0
dirichlet_0.1__high,dirichlet_0.1,high,695586742,equal,equal,True,False,0.6041666666666666,29.0,0.6041666666666666,29.0,0.0,0.0,0.8586296617519514,163,0,0,0
dirichlet_0.1__high,dirichlet_0.1,high,695586742,independent_bundle_maxmin,preinstalled,True,False,0.6666666666666666,32.0,0.6666666666666666,32.0,0.0,0.0,0.9184735472679966,94,0,0,0
dirichlet_0.1__high,dirichlet_0.1,high,695586742,separable_leontief_relaxation,preinstalled,True,False,0.6041666666666666,29.0,0.6041666666666666,29.0,0.0,0.0,0.8586296617519514,163,0,0,0
dirichlet_0.1__high,dirichlet_0.1,high,759882551,central_joint_leontief,optimal,True,False,0.4791666666666667,23.0,0.4791666666666667,23.0,0.0,0.0,0.9005847953216374,170,0,0,620
dirichlet_0.1__high,dirichlet_0.1,high,759882551,distributed_price_leontief,preinstalled,True,False,0.4791666666666667,23.0,0.4791666666666667,23.0,0.0,0.0,0.9005847953216374,170,0,0,0
dirichlet_0.1__high,dirichlet_0.1,high,759882551,drf,drf,True,False,0.4583333333333333,22.0,0.4583333333333333,22.0,0.0,0.0,0.8175438596491228,250,0,0,0
dirichlet_0.1__high,dirichlet_0.1,high,759882551,equal,equal,True,False,0.4166666666666667,20.0,0.4375,21.0,0.0,0.0,0.7695906432748538,394,0,0,0
dirichlet_0.1__high,dirichlet_0.1,high,759882551,independent_bundle_maxmin,preinstalled,True,False,0.5,24.0,0.5,24.0,0.0,0.0,0.7859649122807018,366,0,0,0
dirichlet_0.1__high,dirichlet_0.1,high,759882551,separable_leontief_relaxation,preinstalled,True,False,0.4166666666666667,20.0,0.4375,21.0,0.0,0.0,0.7695906432748538,394,0,0,0
dirichlet_0.1__high,dirichlet_0.1,high,815481791,central_joint_leontief,optimal,True,False,0.5833333333333334,28.0,0.5833333333333334,28.0,0.0,0.0,0.8896991795806746,121,0,0,616
dirichlet_0.1__high,dirichlet_0.1,high,815481791,distributed_price_leontief,preinstalled,True,False,0.5833333333333334,28.0,0.5833333333333334,28.0,0.0,0.0,0.8896991795806746,121,0,0,0
dirichlet_0.1__high,dirichlet_0.1,high,815481791,drf,drf,True,False,0.5625,27.0,0.5625,27.0,0.0,0.0,0.910665451230629,37,0,0,0
dirichlet_0.1__high,dirichlet_0.1,high,815481791,equal,equal,True,False,0.5,24.0,0.5416666666666666,26.0,0.0,0.0,0.9061075660893345,103,0,0,0
dirichlet_0.1__high,dirichlet_0.1,high,815481791,independent_bundle_maxmin,preinstalled,True,False,0.5833333333333334,28.0,0.5833333333333334,28.0,0.0,0.0,0.910665451230629,98,0,0,0
dirichlet_0.1__high,dirichlet_0.1,high,815481791,separable_leontief_relaxation,preinstalled,True,False,0.5,24.0,0.5416666666666666,26.0,0.0,0.0,0.9061075660893345,103,0,0,0
dirichlet_0.1__high,dirichlet_0.1,high,817137978,central_joint_leontief,optimal,True,False,0.5833333333333334,28.0,0.5833333333333334,28.0,0.0,0.0,0.96186117467582,49,0,0,638
dirichlet_0.1__high,dirichlet_0.1,high,817137978,distributed_price_leontief,preinstalled,True,False,0.5833333333333334,28.0,0.5833333333333334,28.0,0.0,0.0,0.96186117467582,50,0,0,0
dirichlet_0.1__high,dirichlet_0.1,high,817137978,drf,drf,True,False,0.5,24.0,0.5,24.0,0.0,0.0,0.8802440884820748,101,0,0,0
dirichlet_0.1__high,dirichlet_0.1,high,817137978,equal,equal,True,False,0.4791666666666667,23.0,0.4791666666666667,23.0,0.0,0.0,0.8245614035087719,230,0,0,0
dirichlet_0.1__high,dirichlet_0.1,high,817137978,independent_bundle_maxmin,preinstalled,True,False,0.5833333333333334,28.0,0.5833333333333334,28.0,0.0,0.0,0.9565217391304348,57,0,0,0
dirichlet_0.1__high,dirichlet_0.1,high,817137978,separable_leontief_relaxation,preinstalled,True,False,0.4791666666666667,23.0,0.4791666666666667,23.0,0.0,0.0,0.8245614035087719,230,0,0,0
dirichlet_0.1__high,dirichlet_0.1,high,817397877,central_joint_leontief,optimal,True,False,0.6875,33.0,0.6875,33.0,0.0,0.0,0.9467680608365019,55,0,0,654
dirichlet_0.1__high,dirichlet_0.1,high,817397877,distributed_price_leontief,preinstalled,True,False,0.6875,33.0,0.6875,33.0,0.0,0.0,0.9467680608365019,56,0,0,0
dirichlet_0.1__high,dirichlet_0.1,high,817397877,drf,drf,True,False,0.5416666666666666,26.0,0.5416666666666666,26.0,0.0,0.0,0.7965779467680608,119,0,0,0
dirichlet_0.1__high,dirichlet_0.1,high,817397877,equal,equal,True,False,0.5625,27.0,0.5625,27.0,0.0,0.0,0.8041825095057035,206,0,0,0
dirichlet_0.1__high,dirichlet_0.1,high,817397877,independent_bundle_maxmin,preinstalled,True,False,0.6666666666666666,32.0,0.6666666666666666,32.0,0.0,0.0,0.8802281368821293,126,0,0,0
dirichlet_0.1__high,dirichlet_0.1,high,817397877,separable_leontief_relaxation,preinstalled,True,False,0.5625,27.0,0.5625,27.0,0.0,0.0,0.8041825095057035,206,0,0,0
dirichlet_0.1__high,dirichlet_0.1,high,820796292,central_joint_leontief,optimal,True,False,0.625,30.0,0.625,30.0,0.0,0.0,0.9212752114508783,110,0,0,657
dirichlet_0.1__high,dirichlet_0.1,high,820796292,distributed_price_leontief,preinstalled,True,False,0.625,30.0,0.625,30.0,0.0,0.0,0.9212752114508783,121,0,0,0
dirichlet_0.1__high,dirichlet_0.1,high,820796292,drf,drf,True,False,0.5625,27.0,0.5625,27.0,0.0,0.0,0.903708523096942,59,0,0,0
dirichlet_0.1__high,dirichlet_0.1,high,820796292,equal,equal,True,False,0.5416666666666666,26.0,0.5416666666666666,26.0,0.0,0.0,0.8145738451528952,285,0,0,0
dirichlet_0.1__high,dirichlet_0.1,high,820796292,independent_bundle_maxmin,preinstalled,True,False,0.5625,27.0,0.5625,27.0,0.0,0.0,0.8588158750813273,217,0,0,0
dirichlet_0.1__high,dirichlet_0.1,high,820796292,separable_leontief_relaxation,preinstalled,True,False,0.5416666666666666,26.0,0.5416666666666666,26.0,0.0,0.0,0.8145738451528952,285,0,0,0
dirichlet_0.1__high,dirichlet_0.1,high,836948274,central_joint_leontief,optimal,True,False,0.4791666666666667,23.0,0.4791666666666667,23.0,0.0,0.0,0.8510362694300518,114,0,0,646
dirichlet_0.1__high,dirichlet_0.1,high,836948274,distributed_price_leontief,preinstalled,True,False,0.4791666666666667,23.0,0.4791666666666667,23.0,0.0,0.0,0.8510362694300518,115,0,0,0
dirichlet_0.1__high,dirichlet_0.1,high,836948274,drf,drf,True,False,0.4375,21.0,0.4375,21.0,0.0,0.0,0.7810880829015544,94,0,0,0
dirichlet_0.1__high,dirichlet_0.1,high,836948274,equal,equal,True,False,0.4375,21.0,0.4375,21.0,0.0,0.0,0.8497409326424871,116,0,0,0
dirichlet_0.1__high,dirichlet_0.1,high,836948274,independent_bundle_maxmin,preinstalled,True,False,0.5,24.0,0.5,24.0,0.0,0.0,0.8847150259067358,89,0,0,0
dirichlet_0.1__high,dirichlet_0.1,high,836948274,separable_leontief_relaxation,preinstalled,True,False,0.4375,21.0,0.4375,21.0,0.0,0.0,0.8497409326424871,116,0,0,0
dirichlet_0.1__high,dirichlet_0.1,high,850954452,central_joint_leontief,optimal,True,False,0.5416666666666666,26.0,0.5416666666666666,26.0,0.0,0.0,0.946236559139785,65,0,0,627
dirichlet_0.1__high,dirichlet_0.1,high,850954452,distributed_price_leontief,preinstalled,True,False,0.5416666666666666,26.0,0.5416666666666666,26.0,0.0,0.0,0.946236559139785,65,0,0,0
dirichlet_0.1__high,dirichlet_0.1,high,850954452,drf,drf,True,False,0.4791666666666667,23.0,0.4791666666666667,23.0,0.0,0.0,0.880066170388751,77,0,0,0
dirichlet_0.1__high,dirichlet_0.1,high,850954452,equal,equal,True,False,0.4375,21.0,0.4791666666666667,23.0,0.0,0.0,0.8527708850289496,178,0,0,0
dirichlet_0.1__high,dirichlet_0.1,high,850954452,independent_bundle_maxmin,preinstalled,True,False,0.5416666666666666,26.0,0.5416666666666666,26.0,0.0,0.0,0.8511166253101737,180,0,0,0
dirichlet_0.1__high,dirichlet_0.1,high,850954452,separable_leontief_relaxation,preinstalled,True,False,0.4375,21.0,0.4791666666666667,23.0,0.0,0.0,0.8527708850289496,178,0,0,0
dirichlet_0.1__high,dirichlet_0.1,high,874361190,central_joint_leontief,optimal,True,False,0.5208333333333334,25.0,0.5416666666666666,26.0,0.0,0.0,0.9157994323557237,84,0,0,629
dirichlet_0.1__high,dirichlet_0.1,high,874361190,distributed_price_leontief,preinstalled,True,False,0.5208333333333334,25.0,0.5416666666666666,26.0,0.0,0.0,0.9157994323557237,89,0,0,0
dirichlet_0.1__high,dirichlet_0.1,high,874361190,drf,drf,True,False,0.5625,27.0,0.5625,27.0,0.0,0.0,0.9063386944181646,58,0,0,0
dirichlet_0.1__high,dirichlet_0.1,high,874361190,equal,equal,True,False,0.5208333333333334,25.0,0.5416666666666666,26.0,0.0,0.0,0.9157994323557237,89,0,0,0
dirichlet_0.1__high,dirichlet_0.1,high,874361190,independent_bundle_maxmin,preinstalled,True,False,0.5625,27.0,0.5833333333333334,28.0,0.0,0.0,0.9441816461684012,59,0,0,0
dirichlet_0.1__high,dirichlet_0.1,high,874361190,separable_leontief_relaxation,preinstalled,True,False,0.5208333333333334,25.0,0.5416666666666666,26.0,0.0,0.0,0.9157994323557237,89,0,0,0
dirichlet_0.1__high,dirichlet_0.1,high,892263153,central_joint_leontief,optimal,True,False,0.5,24.0,0.5625,27.0,0.0,0.0,0.863784665579119,167,0,0,632
dirichlet_0.1__high,dirichlet_0.1,high,892263153,distributed_price_leontief,preinstalled,True,False,0.5,24.0,0.5625,27.0,0.0,0.0,0.863784665579119,167,0,0,0
dirichlet_0.1__high,dirichlet_0.1,high,892263153,drf,drf,True,False,0.5,24.0,0.5416666666666666,26.0,0.0,0.0,0.8482871125611745,144,0,0,0
dirichlet_0.1__high,dirichlet_0.1,high,892263153,equal,equal,True,False,0.4791666666666667,23.0,0.5208333333333334,25.0,0.0,0.0,0.8482871125611745,186,0,0,0
dirichlet_0.1__high,dirichlet_0.1,high,892263153,independent_bundle_maxmin,preinstalled,True,False,0.5,24.0,0.5833333333333334,28.0,0.0,0.0,0.867862969004894,162,0,0,0
dirichlet_0.1__high,dirichlet_0.1,high,892263153,separable_leontief_relaxation,preinstalled,True,False,0.4791666666666667,23.0,0.5208333333333334,25.0,0.0,0.0,0.8482871125611745,186,0,0,0
dirichlet_0.1__high,dirichlet_0.1,high,930016503,central_joint_leontief,optimal,True,False,0.5833333333333334,28.0,0.5833333333333334,28.0,0.0,0.0,0.9065343258891646,112,0,0,717
dirichlet_0.1__high,dirichlet_0.1,high,930016503,distributed_price_leontief,preinstalled,True,False,0.5833333333333334,28.0,0.5833333333333334,28.0,0.0,0.0,0.9065343258891646,113,0,0,0
dirichlet_0.1__high,dirichlet_0.1,high,930016503,drf,drf,True,False,0.5416666666666666,26.0,0.5625,27.0,0.0,0.0,0.9057071960297767,68,0,0,0
dirichlet_0.1__high,dirichlet_0.1,high,930016503,equal,equal,True,False,0.5208333333333334,25.0,0.5208333333333334,25.0,0.0,0.0,0.8188585607940446,219,0,0,0
dirichlet_0.1__high,dirichlet_0.1,high,930016503,independent_bundle_maxmin,preinstalled,True,False,0.5833333333333334,28.0,0.5833333333333334,28.0,0.0,0.0,0.9073614557485525,112,0,0,0
dirichlet_0.1__high,dirichlet_0.1,high,930016503,separable_leontief_relaxation,preinstalled,True,False,0.5208333333333334,25.0,0.5208333333333334,25.0,0.0,0.0,0.8188585607940446,219,0,0,0
dirichlet_0.1__high,dirichlet_0.1,high,935504160,central_joint_leontief,optimal,True,False,0.5208333333333334,25.0,0.5416666666666666,26.0,0.0,0.0,0.8929695697796433,101,0,0,636
dirichlet_0.1__high,dirichlet_0.1,high,935504160,distributed_price_leontief,preinstalled,True,False,0.5208333333333334,25.0,0.5416666666666666,26.0,0.0,0.0,0.8929695697796433,102,0,0,0
dirichlet_0.1__high,dirichlet_0.1,high,935504160,drf,drf,True,False,0.4791666666666667,23.0,0.4791666666666667,23.0,0.0,0.0,0.8153200419727177,91,0,0,0
dirichlet_0.1__high,dirichlet_0.1,high,935504160,equal,equal,True,False,0.4791666666666667,23.0,0.5,24.0,0.0,0.0,0.8803777544596013,114,0,0,0
dirichlet_0.1__high,dirichlet_0.1,high,935504160,independent_bundle_maxmin,preinstalled,True,False,0.5416666666666666,26.0,0.5416666666666666,26.0,0.0,0.0,0.8719832109129066,122,0,0,0
dirichlet_0.1__high,dirichlet_0.1,high,935504160,separable_leontief_relaxation,preinstalled,True,False,0.4791666666666667,23.0,0.5,24.0,0.0,0.0,0.8803777544596013,114,0,0,0
dirichlet_0.1__high,dirichlet_0.1,high,952458876,central_joint_leontief,optimal,True,False,0.625,30.0,0.625,30.0,0.0,0.0,0.9609120521172638,55,0,0,649
dirichlet_0.1__high,dirichlet_0.1,high,952458876,distributed_price_leontief,preinstalled,True,False,0.625,30.0,0.625,30.0,0.0,0.0,0.9609120521172638,60,0,0,0
dirichlet_0.1__high,dirichlet_0.1,high,952458876,drf,drf,True,False,0.5833333333333334,28.0,0.5833333333333334,28.0,0.0,0.0,0.9394136807817589,52,0,0,0
dirichlet_0.1__high,dirichlet_0.1,high,952458876,equal,equal,True,False,0.5416666666666666,26.0,0.5416666666666666,26.0,0.0,0.0,0.8651465798045602,207,0,0,3
dirichlet_0.1__high,dirichlet_0.1,high,952458876,independent_bundle_maxmin,preinstalled,True,False,0.5625,27.0,0.5625,27.0,0.0,0.0,0.9081433224755701,141,0,0,0
dirichlet_0.1__high,dirichlet_0.1,high,952458876,separable_leontief_relaxation,preinstalled,True,False,0.5416666666666666,26.0,0.5416666666666666,26.0,0.0,0.0,0.8651465798045602,207,0,0,0
dirichlet_0.1__high,dirichlet_0.1,high,952822154,central_joint_leontief,optimal,True,False,0.5208333333333334,25.0,0.5208333333333334,25.0,0.0,0.0,0.9414951245937161,102,0,0,632
dirichlet_0.1__high,dirichlet_0.1,high,952822154,distributed_price_leontief,preinstalled,True,False,0.5416666666666666,26.0,0.5416666666666666,26.0,0.0,0.0,0.9458288190682557,100,0,0,0
dirichlet_0.1__high,dirichlet_0.1,high,952822154,drf,drf,True,False,0.5,24.0,0.5,24.0,0.0,0.0,0.918201516793066,102,0,0,0
dirichlet_0.1__high,dirichlet_0.1,high,952822154,equal,equal,True,False,0.5208333333333334,25.0,0.5208333333333334,25.0,0.0,0.0,0.9317443120260022,126,0,0,0
dirichlet_0.1__high,dirichlet_0.1,high,952822154,independent_bundle_maxmin,preinstalled,True,False,0.5208333333333334,25.0,0.5208333333333334,25.0,0.0,0.0,0.933911159263272,122,0,0,0
dirichlet_0.1__high,dirichlet_0.1,high,952822154,separable_leontief_relaxation,preinstalled,True,False,0.5208333333333334,25.0,0.5208333333333334,25.0,0.0,0.0,0.9317443120260022,126,0,0,0
dirichlet_0.1__high,dirichlet_0.1,high,955270347,central_joint_leontief,optimal,True,False,0.5625,27.0,0.5833333333333334,28.0,0.0,0.0,0.925,63,0,0,631
dirichlet_0.1__high,dirichlet_0.1,high,955270347,distributed_price_leontief,preinstalled,True,False,0.5833333333333334,28.0,0.6041666666666666,29.0,0.0,0.0,0.9261904761904762,62,0,0,0
dirichlet_0.1__high,dirichlet_0.1,high,955270347,drf,drf,True,False,0.4583333333333333,22.0,0.4583333333333333,22.0,0.0,0.0,0.7642857142857142,111,0,0,0
dirichlet_0.1__high,dirichlet_0.1,high,955270347,equal,equal,True,False,0.5,24.0,0.5208333333333334,25.0,0.0,0.0,0.8333333333333334,140,0,0,0
dirichlet_0.1__high,dirichlet_0.1,high,955270347,independent_bundle_maxmin,preinstalled,True,False,0.4791666666666667,23.0,0.5625,27.0,0.0,0.0,0.8261904761904761,146,0,0,0
dirichlet_0.1__high,dirichlet_0.1,high,955270347,separable_leontief_relaxation,preinstalled,True,False,0.5,24.0,0.5208333333333334,25.0,0.0,0.0,0.8333333333333334,140,0,0,0
dirichlet_0.1__high,dirichlet_0.1,high,967298099,central_joint_leontief,optimal,True,False,0.5416666666666666,26.0,0.5625,27.0,0.0,0.0,0.8992042440318302,110,0,0,650
dirichlet_0.1__high,dirichlet_0.1,high,967298099,distributed_price_leontief,preinstalled,True,False,0.5416666666666666,26.0,0.5625,27.0,0.0,0.0,0.8992042440318302,114,0,0,0
dirichlet_0.1__high,dirichlet_0.1,high,967298099,drf,drf,True,False,0.5833333333333334,28.0,0.6041666666666666,29.0,0.0,0.0,0.9045092838196287,53,0,0,0
dirichlet_0.1__high,dirichlet_0.1,high,967298099,equal,equal,True,False,0.4791666666666667,23.0,0.5416666666666666,26.0,0.0,0.0,0.9071618037135278,105,0,0,0
dirichlet_0.1__high,dirichlet_0.1,high,967298099,independent_bundle_maxmin,preinstalled,True,False,0.5416666666666666,26.0,0.5833333333333334,28.0,0.0,0.0,0.8938992042440318,120,0,0,0
dirichlet_0.1__high,dirichlet_0.1,high,967298099,separable_leontief_relaxation,preinstalled,True,False,0.4791666666666667,23.0,0.5416666666666666,26.0,0.0,0.0,0.9071618037135278,105,0,0,0
dirichlet_0.1__high,dirichlet_0.1,high,984930118,central_joint_leontief,optimal,True,False,0.4791666666666667,23.0,0.5,24.0,0.0,0.0,0.8968655207280081,101,0,0,613
dirichlet_0.1__high,dirichlet_0.1,high,984930118,distributed_price_leontief,preinstalled,True,False,0.4791666666666667,23.0,0.5,24.0,0.0,0.0,0.8968655207280081,102,0,0,0
dirichlet_0.1__high,dirichlet_0.1,high,984930118,drf,drf,True,False,0.4166666666666667,20.0,0.4583333333333333,22.0,0.0,0.0,0.8129423660262892,106,0,0,0
dirichlet_0.1__high,dirichlet_0.1,high,984930118,equal,equal,True,False,0.4166666666666667,20.0,0.4583333333333333,22.0,0.0,0.0,0.8240647118301314,174,0,0,0
dirichlet_0.1__high,dirichlet_0.1,high,984930118,independent_bundle_maxmin,preinstalled,True,False,0.4583333333333333,22.0,0.5,24.0,0.0,0.0,0.8513650151668352,147,0,0,0
dirichlet_0.1__high,dirichlet_0.1,high,984930118,separable_leontief_relaxation,preinstalled,True,False,0.4166666666666667,20.0,0.4583333333333333,22.0,0.0,0.0,0.8240647118301314,174,0,0,0
dirichlet_0.1__high,dirichlet_0.1,high,996168124,central_joint_leontief,optimal,True,False,0.4375,21.0,0.4375,21.0,0.0,0.0,0.8938931297709923,136,0,0,642
dirichlet_0.1__high,dirichlet_0.1,high,996168124,distributed_price_leontief,preinstalled,True,False,0.4166666666666667,20.0,0.4166666666666667,20.0,0.0,0.0,0.8740458015267175,165,0,0,0
dirichlet_0.1__high,dirichlet_0.1,high,996168124,drf,drf,True,False,0.4375,21.0,0.4583333333333333,22.0,0.0,0.0,0.7618320610687023,136,0,0,0
dirichlet_0.1__high,dirichlet_0.1,high,996168124,equal,equal,True,False,0.4166666666666667,20.0,0.4166666666666667,20.0,0.0,0.0,0.8091603053435115,250,0,0,0
dirichlet_0.1__high,dirichlet_0.1,high,996168124,independent_bundle_maxmin,preinstalled,True,False,0.5208333333333334,25.0,0.5208333333333334,25.0,0.0,0.0,0.8244274809160306,230,0,0,0
dirichlet_0.1__high,dirichlet_0.1,high,996168124,separable_leontief_relaxation,preinstalled,True,False,0.4166666666666667,20.0,0.4166666666666667,20.0,0.0,0.0,0.8091603053435115,250,0,0,0
dirichlet_0.1__high,dirichlet_0.1,high,999012690,central_joint_leontief,optimal,True,False,0.4791666666666667,23.0,0.4791666666666667,23.0,0.0,0.0,0.8649835345773875,123,0,0,643
dirichlet_0.1__high,dirichlet_0.1,high,999012690,distributed_price_leontief,preinstalled,True,False,0.4791666666666667,23.0,0.4791666666666667,23.0,0.0,0.0,0.8649835345773875,123,0,0,0
dirichlet_0.1__high,dirichlet_0.1,high,999012690,drf,drf,True,False,0.4166666666666667,20.0,0.4166666666666667,20.0,0.0,0.0,0.7069154774972558,99,0,0,0
dirichlet_0.1__high,dirichlet_0.1,high,999012690,equal,equal,True,False,0.4375,21.0,0.4375,21.0,0.0,0.0,0.7409440175631175,236,0,0,0
dirichlet_0.1__high,dirichlet_0.1,high,999012690,independent_bundle_maxmin,preinstalled,True,False,0.4375,21.0,0.4375,21.0,0.0,0.0,0.7596048298572997,219,0,0,0
dirichlet_0.1__high,dirichlet_0.1,high,999012690,separable_leontief_relaxation,preinstalled,True,False,0.4375,21.0,0.4375,21.0,0.0,0.0,0.7409440175631175,236,0,0,0
dirichlet_0.1__high,dirichlet_0.1,high,1032888065,central_joint_leontief,optimal,True,False,0.5833333333333334,28.0,0.5833333333333334,28.0,0.0,0.0,0.9069767441860465,119,0,0,643
dirichlet_0.1__high,dirichlet_0.1,high,1032888065,distributed_price_leontief,preinstalled,True,False,0.5833333333333334,28.0,0.5833333333333334,28.0,0.0,0.0,0.9069767441860465,120,0,0,0
dirichlet_0.1__high,dirichlet_0.1,high,1032888065,drf,drf,True,False,0.5208333333333334,25.0,0.5208333333333334,25.0,0.0,0.0,0.7744186046511627,218,0,0,0
dirichlet_0.1__high,dirichlet_0.1,high,1032888065,equal,equal,True,False,0.4791666666666667,23.0,0.4791666666666667,23.0,0.0,0.0,0.8465116279069768,198,0,0,0
dirichlet_0.1__high,dirichlet_0.1,high,1032888065,independent_bundle_maxmin,preinstalled,True,False,0.5625,27.0,0.5625,27.0,0.0,0.0,0.8868217054263566,146,0,0,0
dirichlet_0.1__high,dirichlet_0.1,high,1032888065,separable_leontief_relaxation,preinstalled,True,False,0.4791666666666667,23.0,0.4791666666666667,23.0,0.0,0.0,0.8465116279069768,198,0,0,0
dirichlet_0.1__high,dirichlet_0.1,high,1039704879,central_joint_leontief,optimal,True,False,0.625,30.0,0.625,30.0,0.0,0.0,0.9136150234741784,91,0,0,646
dirichlet_0.1__high,dirichlet_0.1,high,1039704879,distributed_price_leontief,preinstalled,True,False,0.625,30.0,0.625,30.0,0.0,0.0,0.9136150234741784,92,0,0,0
dirichlet_0.1__high,dirichlet_0.1,high,1039704879,drf,drf,True,False,0.5208333333333334,25.0,0.5208333333333334,25.0,0.0,0.0,0.7924882629107981,135,0,0,0
dirichlet_0.1__high,dirichlet_0.1,high,1039704879,equal,equal,True,False,0.5208333333333334,25.0,0.5208333333333334,25.0,0.0,0.0,0.7887323943661971,225,0,0,0
dirichlet_0.1__high,dirichlet_0.1,high,1039704879,independent_bundle_maxmin,preinstalled,True,False,0.6041666666666666,29.0,0.6041666666666666,29.0,0.0,0.0,0.8892018779342723,118,0,0,0
dirichlet_0.1__high,dirichlet_0.1,high,1039704879,separable_leontief_relaxation,preinstalled,True,False,0.5208333333333334,25.0,0.5208333333333334,25.0,0.0,0.0,0.7887323943661971,225,0,0,0
dirichlet_0.1__high,dirichlet_0.1,high,1050570396,central_joint_leontief,optimal,True,False,0.5833333333333334,28.0,0.5833333333333334,28.0,0.0,0.0,0.8939526730937774,112,0,0,654
dirichlet_0.1__high,dirichlet_0.1,high,1050570396,distributed_price_leontief,preinstalled,True,False,0.5833333333333334,28.0,0.5833333333333334,28.0,0.0,0.0,0.8781770376862401,139,0,0,0
dirichlet_0.1__high,dirichlet_0.1,high,1050570396,drf,drf,True,False,0.6041666666666666,29.0,0.6041666666666666,29.0,0.0,0.0,0.8685363716038562,86,0,0,0
dirichlet_0.1__high,dirichlet_0.1,high,1050570396,equal,equal,True,False,0.5833333333333334,28.0,0.5833333333333334,28.0,0.0,0.0,0.8624014022787029,157,0,0,0
dirichlet_0.1__high,dirichlet_0.1,high,1050570396,independent_bundle_maxmin,preinstalled,True,False,0.6041666666666666,29.0,0.625,30.0,0.0,0.0,0.8983347940403155,116,0,0,0
dirichlet_0.1__high,dirichlet_0.1,high,1050570396,separable_leontief_relaxation,preinstalled,True,False,0.5833333333333334,28.0,0.5833333333333334,28.0,0.0,0.0,0.8624014022787029,157,0,0,0
dirichlet_0.1__high,dirichlet_0.1,high,1087495274,central_joint_leontief,optimal,True,False,0.6041666666666666,29.0,0.6041666666666666,29.0,0.0,0.0,0.9573229873908826,44,0,0,637
dirichlet_0.1__high,dirichlet_0.1,high,1087495274,distributed_price_leontief,preinstalled,True,False,0.6041666666666666,29.0,0.6041666666666666,29.0,0.0,0.0,0.95635305528613,45,0,0,0
dirichlet_0.1__high,dirichlet_0.1,high,1087495274,drf,drf,True,False,0.5208333333333334,25.0,0.5208333333333334,25.0,0.0,0.0,0.8690591658583899,58,0,0,0
dirichlet_0.1__high,dirichlet_0.1,high,1087495274,equal,equal,True,False,0.5,24.0,0.5208333333333334,25.0,0.0,0.0,0.8137730358874878,192,0,0,0
dirichlet_0.1__high,dirichlet_0.1,high,1087495274,independent_bundle_maxmin,preinstalled,True,False,0.5625,27.0,0.5625,27.0,0.0,0.0,0.8428709990300679,162,0,0,0
dirichlet_0.1__high,dirichlet_0.1,high,1087495274,separable_leontief_relaxation,preinstalled,True,False,0.5,24.0,0.5208333333333334,25.0,0.0,0.0,0.8137730358874878,192,0,0,0
dirichlet_0.1__high,dirichlet_0.1,high,1102475274,central_joint_leontief,optimal,True,False,0.5833333333333334,28.0,0.5833333333333334,28.0,0.0,0.0,0.9101707498144024,113,0,0,617
dirichlet_0.1__high,dirichlet_0.1,high,1102475274,distributed_price_leontief,preinstalled,True,False,0.5416666666666666,26.0,0.5833333333333334,28.0,0.0,0.0,0.9183370452858204,110,0,0,0
dirichlet_0.1__high,dirichlet_0.1,high,1102475274,drf,drf,True,False,0.5833333333333334,28.0,0.5833333333333334,28.0,0.0,0.0,0.8856718634001485,89,0,0,0
dirichlet_0.1__high,dirichlet_0.1,high,1102475274,equal,equal,True,False,0.5416666666666666,26.0,0.5625,27.0,0.0,0.0,0.8871566443949518,152,0,0,0
dirichlet_0.1__high,dirichlet_0.1,high,1102475274,independent_bundle_maxmin,preinstalled,True,False,0.5416666666666666,26.0,0.5625,27.0,0.0,0.0,0.9302152932442465,94,0,0,0
dirichlet_0.1__high,dirichlet_0.1,high,1102475274,separable_leontief_relaxation,preinstalled,True,False,0.5416666666666666,26.0,0.5625,27.0,0.0,0.0,0.8871566443949518,152,0,0,0
dirichlet_0.1__high,dirichlet_0.1,high,1133305872,central_joint_leontief,optimal,True,False,0.5416666666666666,26.0,0.5416666666666666,26.0,0.0,0.0,0.9061818181818182,128,0,0,640
dirichlet_0.1__high,dirichlet_0.1,high,1133305872,distributed_price_leontief,preinstalled,True,False,0.5416666666666666,26.0,0.5416666666666666,26.0,0.0,0.0,0.9061818181818182,129,0,0,0
dirichlet_0.1__high,dirichlet_0.1,high,1133305872,drf,drf,True,False,0.5208333333333334,25.0,0.5208333333333334,25.0,0.0,0.0,0.9221818181818182,72,0,0,0
dirichlet_0.1__high,dirichlet_0.1,high,1133305872,equal,equal,True,False,0.4791666666666667,23.0,0.4791666666666667,23.0,0.0,0.0,0.8494545454545455,207,0,0,0
dirichlet_0.1__high,dirichlet_0.1,high,1133305872,independent_bundle_maxmin,preinstalled,True,False,0.5416666666666666,26.0,0.5416666666666666,26.0,0.0,0.0,0.9061818181818182,129,0,0,0
dirichlet_0.1__high,dirichlet_0.1,high,1133305872,separable_leontief_relaxation,preinstalled,True,False,0.4791666666666667,23.0,0.4791666666666667,23.0,0.0,0.0,0.8494545454545455,207,0,0,0
dirichlet_0.1__high,dirichlet_0.1,high,1143766233,central_joint_leontief,optimal,True,False,0.625,30.0,0.6458333333333334,31.0,0.0,0.0,0.9357326478149101,75,0,0,643
dirichlet_0.1__high,dirichlet_0.1,high,1143766233,distributed_price_leontief,preinstalled,True,False,0.625,30.0,0.6458333333333334,31.0,0.0,0.0,0.9357326478149101,75,0,0,0
dirichlet_0.1__high,dirichlet_0.1,high,1143766233,drf,drf,True,False,0.5833333333333334,28.0,0.5833333333333334,28.0,0.0,0.0,0.9005998286203942,87,0,0,0
dirichlet_0.1__high,dirichlet_0.1,high,1143766233,equal,equal,True,False,0.5,24.0,0.5,24.0,0.0,0.0,0.8149100257069408,216,0,0,0
dirichlet_0.1__high,dirichlet_0.1,high,1143766233,independent_bundle_maxmin,preinstalled,True,False,0.625,30.0,0.6458333333333334,31.0,0.0,0.0,0.910025706940874,105,0,0,0
dirichlet_0.1__high,dirichlet_0.1,high,1143766233,separable_leontief_relaxation,preinstalled,True,False,0.5,24.0,0.5,24.0,0.0,0.0,0.8149100257069408,216,0,0,0
dirichlet_0.1__high,dirichlet_0.1,high,1154336374,central_joint_leontief,optimal,True,False,0.5416666666666666,26.0,0.5416666666666666,26.0,0.0,0.0,0.9308781869688385,117,0,0,654
dirichlet_0.1__high,dirichlet_0.1,high,1154336374,distributed_price_leontief,preinstalled,True,False,0.5416666666666666,26.0,0.5416666666666666,26.0,0.0,0.0,0.9308781869688385,122,0,0,0
dirichlet_0.1__high,dirichlet_0.1,high,1154336374,drf,drf,True,False,0.5625,27.0,0.5833333333333334,28.0,0.0,0.0,0.9507082152974504,43,0,0,0
dirichlet_0.1__high,dirichlet_0.1,high,1154336374,equal,equal,True,False,0.5208333333333334,25.0,0.5416666666666666,26.0,0.0,0.0,0.9138810198300283,152,0,0,0
dirichlet_0.1__high,dirichlet_0.1,high,1154336374,independent_bundle_maxmin,preinstalled,True,False,0.5416666666666666,26.0,0.5416666666666666,26.0,0.0,0.0,0.9439093484419263,99,0,0,0
dirichlet_0.1__high,dirichlet_0.1,high,1154336374,separable_leontief_relaxation,preinstalled,True,False,0.5208333333333334,25.0,0.5416666666666666,26.0,0.0,0.0,0.9138810198300283,152,0,0,0
dirichlet_0.1__high,dirichlet_0.1,high,1169070121,central_joint_leontief,optimal,True,False,0.5416666666666666,26.0,0.5416666666666666,26.0,0.0,0.0,0.9560078791858174,66,0,0,648
dirichlet_0.1__high,dirichlet_0.1,high,1169070121,distributed_price_leontief,preinstalled,True,False,0.5416666666666666,26.0,0.5416666666666666,26.0,0.0,0.0,0.9560078791858174,67,0,0,0
dirichlet_0.1__high,dirichlet_0.1,high,1169070121,drf,drf,True,False,0.5208333333333334,25.0,0.5208333333333334,25.0,0.0,0.0,0.9468154957321077,67,0,0,0
dirichlet_0.1__high,dirichlet_0.1,high,1169070121,equal,equal,True,False,0.4583333333333333,22.0,0.4583333333333333,22.0,0.0,0.0,0.8562048588312541,219,0,0,0
dirichlet_0.1__high,dirichlet_0.1,high,1169070121,independent_bundle_maxmin,preinstalled,True,False,0.5416666666666666,26.0,0.5416666666666666,26.0,0.0,0.0,0.8732764281024294,193,0,0,0
dirichlet_0.1__high,dirichlet_0.1,high,1169070121,separable_leontief_relaxation,preinstalled,True,False,0.4583333333333333,22.0,0.4583333333333333,22.0,0.0,0.0,0.8562048588312541,219,0,0,0
dirichlet_0.1__high,dirichlet_0.1,high,1187549093,central_joint_leontief,optimal,True,False,0.5625,27.0,0.5625,27.0,0.0,0.0,0.9318181818181818,69,0,0,630
dirichlet_0.1__high,dirichlet_0.1,high,1187549093,distributed_price_leontief,preinstalled,True,False,0.5625,27.0,0.5625,27.0,0.0,0.0,0.9318181818181818,69,0,0,0
dirichlet_0.1__high,dirichlet_0.1,high,1187549093,drf,drf,True,False,0.5208333333333334,25.0,0.5416666666666666,26.0,0.0,0.0,0.8972332015810277,95,0,0,0
dirichlet_0.1__high,dirichlet_0.1,high,1187549093,equal,equal,True,False,0.4166666666666667,20.0,0.4166666666666667,20.0,0.0,0.0,0.691699604743083,312,0,0,0
dirichlet_0.1__high,dirichlet_0.1,high,1187549093,independent_bundle_maxmin,preinstalled,True,False,0.5416666666666666,26.0,0.5625,27.0,0.0,0.0,0.8428853754940712,159,0,0,0
dirichlet_0.1__high,dirichlet_0.1,high,1187549093,separable_leontief_relaxation,preinstalled,True,False,0.4166666666666667,20.0,0.4166666666666667,20.0,0.0,0.0,0.691699604743083,312,0,0,0
dirichlet_0.1__high,dirichlet_0.1,high,1221630303,central_joint_leontief,optimal,True,False,0.625,30.0,0.625,30.0,0.0,0.0,0.8758278145695364,149,0,0,626
dirichlet_0.1__high,dirichlet_0.1,high,1221630303,distributed_price_leontief,preinstalled,True,False,0.625,30.0,0.625,30.0,0.0,0.0,0.8758278145695364,150,0,0,0
dirichlet_0.1__high,dirichlet_0.1,high,1221630303,drf,drf,True,False,0.5208333333333334,25.0,0.5208333333333334,25.0,0.0,0.0,0.7980132450331126,183,0,0,0
dirichlet_0.1__high,dirichlet_0.1,high,1221630303,equal,equal,True,False,0.5208333333333334,25.0,0.5416666666666666,26.0,0.0,0.0,0.7715231788079471,276,0,0,0
dirichlet_0.1__high,dirichlet_0.1,high,1221630303,independent_bundle_maxmin,preinstalled,True,False,0.6458333333333334,31.0,0.6458333333333334,31.0,0.0,0.0,0.8973509933774835,124,0,0,0
dirichlet_0.1__high,dirichlet_0.1,high,1221630303,separable_leontief_relaxation,preinstalled,True,False,0.5208333333333334,25.0,0.5416666666666666,26.0,0.0,0.0,0.7715231788079471,276,0,0,0
dirichlet_0.1__high,dirichlet_0.1,high,1221963468,central_joint_leontief,optimal,True,False,0.5833333333333334,28.0,0.5833333333333334,28.0,0.0,0.0,0.9631336405529954,40,0,0,631
dirichlet_0.1__high,dirichlet_0.1,high,1221963468,distributed_price_leontief,preinstalled,True,False,0.5833333333333334,28.0,0.5833333333333334,28.0,0.0,0.0,0.9631336405529954,40,0,0,0
dirichlet_0.1__high,dirichlet_0.1,high,1221963468,drf,drf,True,False,0.4791666666666667,23.0,0.5208333333333334,25.0,0.0,0.0,0.904147465437788,42,0,0,0
dirichlet_0.1__high,dirichlet_0.1,high,1221963468,equal,equal,True,False,0.4583333333333333,22.0,0.4583333333333333,22.0,0.0,0.0,0.7576036866359447,263,0,0,0
dirichlet_0.1__high,dirichlet_0.1,high,1221963468,independent_bundle_maxmin,preinstalled,True,False,0.5416666666666666,26.0,0.5416666666666666,26.0,0.0,0.0,0.8755760368663594,135,0,0,0
dirichlet_0.1__high,dirichlet_0.1,high,1221963468,separable_leontief_relaxation,preinstalled,True,False,0.4583333333333333,22.0,0.4583333333333333,22.0,0.0,0.0,0.7576036866359447,263,0,0,0
dirichlet_0.1__high,dirichlet_0.1,high,1244412151,central_joint_leontief,optimal,True,False,0.4791666666666667,23.0,0.4791666666666667,23.0,0.0,0.0,0.9141475211608222,70,0,0,628
dirichlet_0.1__high,dirichlet_0.1,high,1244412151,distributed_price_leontief,preinstalled,True,False,0.4791666666666667,23.0,0.4791666666666667,23.0,0.0,0.0,0.9141475211608222,71,0,0,0
dirichlet_0.1__high,dirichlet_0.1,high,1244412151,drf,drf,True,False,0.4166666666666667,20.0,0.4166666666666667,20.0,0.0,0.0,0.8524788391777509,66,0,0,0
dirichlet_0.1__high,dirichlet_0.1,high,1244412151,equal,equal,True,False,0.4375,21.0,0.4375,21.0,0.0,0.0,0.8004836759371221,165,0,0,0
dirichlet_0.1__high,dirichlet_0.1,high,1244412151,independent_bundle_maxmin,preinstalled,True,False,0.4375,21.0,0.4375,21.0,0.0,0.0,0.8282950423216445,142,0,0,0
dirichlet_0.1__high,dirichlet_0.1,high,1244412151,separable_leontief_relaxation,preinstalled,True,False,0.4375,21.0,0.4375,21.0,0.0,0.0,0.8004836759371221,165,0,0,0
dirichlet_0.1__high,dirichlet_0.1,high,1244924414,central_joint_leontief,optimal,True,False,0.625,30.0,0.625,30.0,0.0,0.0,0.9420849420849421,74,0,0,637
dirichlet_0.1__high,dirichlet_0.1,high,1244924414,distributed_price_leontief,preinstalled,True,False,0.625,30.0,0.625,30.0,0.0,0.0,0.9420849420849421,75,0,0,0
dirichlet_0.1__high,dirichlet_0.1,high,1244924414,drf,drf,True,False,0.5416666666666666,26.0,0.5625,27.0,0.0,0.0,0.8980694980694981,82,0,0,0
dirichlet_0.1__high,dirichlet_0.1,high,1244924414,equal,equal,True,False,0.5,24.0,0.5625,27.0,0.0,0.0,0.8903474903474904,142,0,0,0
dirichlet_0.1__high,dirichlet_0.1,high,1244924414,independent_bundle_maxmin,preinstalled,True,False,0.625,30.0,0.625,30.0,0.0,0.0,0.9142857142857143,111,0,0,0
dirichlet_0.1__high,dirichlet_0.1,high,1244924414,separable_leontief_relaxation,preinstalled,True,False,0.5,24.0,0.5625,27.0,0.0,0.0,0.8903474903474904,142,0,0,0
dirichlet_0.1__high,dirichlet_0.1,high,1254323997,central_joint_leontief,optimal,True,False,0.5625,27.0,0.5625,27.0,0.0,0.0,0.9228571428571428,107,0,0,636
dirichlet_0.1__high,dirichlet_0.1,high,1254323997,distributed_price_leontief,preinstalled,True,False,0.5625,27.0,0.5625,27.0,0.0,0.0,0.9228571428571428,108,0,0,0
dirichlet_0.1__high,dirichlet_0.1,high,1254323997,drf,drf,True,False,0.4791666666666667,23.0,0.4791666666666667,23.0,0.0,0.0,0.8814285714285715,130,0,0,0
dirichlet_0.1__high,dirichlet_0.1,high,1254323997,equal,equal,True,False,0.5,24.0,0.5,24.0,0.0,0.0,0.8471428571428572,214,0,0,4
dirichlet_0.1__high,dirichlet_0.1,high,1254323997,independent_bundle_maxmin,preinstalled,True,False,0.5625,27.0,0.5625,27.0,0.0,0.0,0.9064285714285715,131,0,0,0
dirichlet_0.1__high,dirichlet_0.1,high,1254323997,separable_leontief_relaxation,preinstalled,True,False,0.5,24.0,0.5,24.0,0.0,0.0,0.8471428571428572,214,0,0,0
dirichlet_0.1__high,dirichlet_0.1,high,1281609490,central_joint_leontief,optimal,True,False,0.5,24.0,0.5208333333333334,25.0,0.0,0.0,0.9169869331283628,102,0,0,633
dirichlet_0.1__high,dirichlet_0.1,high,1281609490,distributed_price_leontief,preinstalled,True,False,0.5,24.0,0.5208333333333334,25.0,0.0,0.0,0.8993082244427364,131,0,0,0
dirichlet_0.1__high,dirichlet_0.1,high,1281609490,drf,drf,True,False,0.5625,27.0,0.5625,27.0,0.16666666666666666,0.16666666666666666,0.9016141429669485,91,0,0,0
dirichlet_0.1__high,dirichlet_0.1,high,1281609490,equal,equal,True,False,0.4791666666666667,23.0,0.5208333333333334,25.0,0.0,0.0,0.9108378170637971,116,0,0,0
dirichlet_0.1__high,dirichlet_0.1,high,1281609490,independent_bundle_maxmin,preinstalled,True,False,0.5208333333333334,25.0,0.5208333333333334,25.0,0.0,0.0,0.8862413528055342,148,0,0,0
dirichlet_0.1__high,dirichlet_0.1,high,1281609490,separable_leontief_relaxation,preinstalled,True,False,0.4791666666666667,23.0,0.5208333333333334,25.0,0.0,0.0,0.9108378170637971,116,0,0,0
dirichlet_0.1__high,dirichlet_0.1,high,1282977363,central_joint_leontief,optimal,True,False,0.5833333333333334,28.0,0.5833333333333334,28.0,0.0,0.0,0.8379120879120879,177,0,0,630
dirichlet_0.1__high,dirichlet_0.1,high,1282977363,distributed_price_leontief,preinstalled,True,False,0.5833333333333334,28.0,0.5833333333333334,28.0,0.0,0.0,0.8379120879120879,177,0,0,0
dirichlet_0.1__high,dirichlet_0.1,high,1282977363,drf,drf,True,False,0.5208333333333334,25.0,0.5208333333333334,25.0,0.0,0.0,0.7967032967032966,142,0,0,0
dirichlet_0.1__high,dirichlet_0.1,high,1282977363,equal,equal,True,False,0.5416666666666666,26.0,0.5416666666666666,26.0,0.0,0.0,0.7710622710622711,250,0,0,0
dirichlet_0.1__high,dirichlet_0.1,high,1282977363,independent_bundle_maxmin,preinstalled,True,False,0.5625,27.0,0.5625,27.0,0.0,0.0,0.8351648351648352,180,0,0,0
dirichlet_0.1__high,dirichlet_0.1,high,1282977363,separable_leontief_relaxation,preinstalled,True,False,0.5416666666666666,26.0,0.5416666666666666,26.0,0.0,0.0,0.7710622710622711,250,0,0,0
dirichlet_0.1__high,dirichlet_0.1,high,1312657306,central_joint_leontief,optimal,True,False,0.5208333333333334,25.0,0.5625,27.0,0.0,0.0,0.9458015267175572,71,0,0,631
dirichlet_0.1__high,dirichlet_0.1,high,1312657306,distributed_price_leontief,preinstalled,True,False,0.4791666666666667,23.0,0.5625,27.0,0.0,0.0,0.9572519083969465,56,0,0,0
dirichlet_0.1__high,dirichlet_0.1,high,1312657306,drf,drf,True,False,0.5,24.0,0.5625,27.0,0.0,0.0,0.9290076335877863,74,0,0,0
dirichlet_0.1__high,dirichlet_0.1,high,1312657306,equal,equal,True,False,0.5208333333333334,25.0,0.5625,27.0,0.0,0.0,0.9106870229007633,117,0,0,0
dirichlet_0.1__high,dirichlet_0.1,high,1312657306,independent_bundle_maxmin,preinstalled,True,False,0.5,24.0,0.5416666666666666,26.0,0.0,0.0,0.9580152671755725,55,0,0,0
dirichlet_0.1__high,dirichlet_0.1,high,1312657306,separable_leontief_relaxation,preinstalled,True,False,0.5208333333333334,25.0,0.5625,27.0,0.0,0.0,0.9106870229007633,117,0,0,0
dirichlet_0.1__high,dirichlet_0.1,high,1314235930,central_joint_leontief,optimal,True,False,0.625,30.0,0.6458333333333334,31.0,0.0,0.0,0.9051593323216995,117,0,0,624
dirichlet_0.1__high,dirichlet_0.1,high,1314235930,distributed_price_leontief,preinstalled,True,False,0.625,30.0,0.6458333333333334,31.0,0.0,0.0,0.9051593323216995,125,0,0,0
dirichlet_0.1__high,dirichlet_0.1,high,1314235930,drf,drf,True,False,0.6041666666666666,29.0,0.625,30.0,0.0,0.0,0.870257966616085,107,0,0,0
dirichlet_0.1__high,dirichlet_0.1,high,1314235930,equal,equal,True,False,0.6041666666666666,29.0,0.625,30.0,0.0,0.0,0.8968133535660091,136,0,0,0
dirichlet_0.1__high,dirichlet_0.1,high,1314235930,independent_bundle_maxmin,preinstalled,True,False,0.625,30.0,0.6666666666666666,32.0,0.0,0.0,0.9089529590288316,120,0,0,0
dirichlet_0.1__high,dirichlet_0.1,high,1314235930,separable_leontief_relaxation,preinstalled,True,False,0.6041666666666666,29.0,0.625,30.0,0.0,0.0,0.8968133535660091,136,0,0,0
dirichlet_0.1__high,dirichlet_0.1,high,1321161991,central_joint_leontief,optimal,True,False,0.625,30.0,0.625,30.0,0.0,0.0,0.9355670103092784,75,0,0,613
dirichlet_0.1__high,dirichlet_0.1,high,1321161991,distributed_price_leontief,preinstalled,True,False,0.625,30.0,0.625,30.0,0.0,0.0,0.9355670103092784,75,0,0,0
dirichlet_0.1__high,dirichlet_0.1,high,1321161991,drf,drf,True,False,0.5833333333333334,28.0,0.5833333333333334,28.0,0.0,0.0,0.8762886597938144,130,0,0,0
dirichlet_0.1__high,dirichlet_0.1,high,1321161991,equal,equal,True,False,0.5208333333333334,25.0,0.5208333333333334,25.0,0.0,0.0,0.781786941580756,254,0,0,0
dirichlet_0.1__high,dirichlet_0.1,high,1321161991,independent_bundle_maxmin,preinstalled,True,False,0.6041666666666666,29.0,0.6041666666666666,29.0,0.0,0.0,0.761168384879725,278,0,0,0
dirichlet_0.1__high,dirichlet_0.1,high,1321161991,separable_leontief_relaxation,preinstalled,True,False,0.5208333333333334,25.0,0.5208333333333334,25.0,0.0,0.0,0.781786941580756,254,0,0,0
dirichlet_0.1__high,dirichlet_0.1,high,1390795802,central_joint_leontief,optimal,True,False,0.5208333333333334,25.0,0.5625,27.0,0.0,0.0,0.9005964214711729,98,0,0,652
dirichlet_0.1__high,dirichlet_0.1,high,1390795802,distributed_price_leontief,preinstalled,True,False,0.5416666666666666,26.0,0.5625,27.0,0.0,0.0,0.9443339960238568,56,0,0,0
dirichlet_0.1__high,dirichlet_0.1,high,1390795802,drf,drf,True,False,0.5833333333333334,28.0,0.5833333333333334,28.0,0.0,0.0,0.8846918489065606,62,0,0,0
dirichlet_0.1__high,dirichlet_0.1,high,1390795802,equal,equal,True,False,0.4791666666666667,23.0,0.5,24.0,0.0,0.0,0.8499005964214712,151,0,0,0
dirichlet_0.1__high,dirichlet_0.1,high,1390795802,independent_bundle_maxmin,preinstalled,True,False,0.5625,27.0,0.5833333333333334,28.0,0.0,0.0,0.9035785288270378,97,0,0,0
dirichlet_0.1__high,dirichlet_0.1,high,1390795802,separable_leontief_relaxation,preinstalled,True,False,0.4791666666666667,23.0,0.5,24.0,0.0,0.0,0.8499005964214712,151,0,0,0
dirichlet_0.1__high,dirichlet_0.1,high,1401482818,central_joint_leontief,optimal,True,False,0.5,24.0,0.5416666666666666,26.0,0.0,0.0,0.815068493150685,162,0,0,616
dirichlet_0.1__high,dirichlet_0.1,high,1401482818,distributed_price_leontief,preinstalled,True,False,0.5,24.0,0.5416666666666666,26.0,0.0,0.0,0.815068493150685,162,0,0,0
dirichlet_0.1__high,dirichlet_0.1,high,1401482818,drf,drf,True,False,0.4791666666666667,23.0,0.5,24.0,0.0,0.0,0.863013698630137,75,0,0,0
dirichlet_0.1__high,dirichlet_0.1,high,1401482818,equal,equal,True,False,0.3958333333333333,19.0,0.4583333333333333,22.0,0.0,0.0,0.7465753424657534,222,0,0,0
dirichlet_0.1__high,dirichlet_0.1,high,1401482818,independent_bundle_maxmin,preinstalled,True,False,0.5,24.0,0.5416666666666666,26.0,0.0,0.0,0.8881278538812786,98,0,0,0
dirichlet_0.1__high,dirichlet_0.1,high,1401482818,separable_leontief_relaxation,preinstalled,True,False,0.3958333333333333,19.0,0.4583333333333333,22.0,0.0,0.0,0.7465753424657534,222,0,0,0
dirichlet_0.1__high,dirichlet_0.1,high,1401766844,central_joint_leontief,optimal,True,False,0.5,24.0,0.5,24.0,0.0,0.0,0.8507772020725388,143,0,0,629
dirichlet_0.1__high,dirichlet_0.1,high,1401766844,distributed_price_leontief,preinstalled,True,False,0.5,24.0,0.5,24.0,0.0,0.0,0.8507772020725388,144,0,0,0
dirichlet_0.1__high,dirichlet_0.1,high,1401766844,drf,drf,True,False,0.4583333333333333,22.0,0.4583333333333333,22.0,0.0,0.0,0.8518134715025907,71,0,0,0
dirichlet_0.1__high,dirichlet_0.1,high,1401766844,equal,equal,True,False,0.4375,21.0,0.4583333333333333,22.0,0.0,0.0,0.8331606217616581,161,0,0,0
dirichlet_0.1__high,dirichlet_0.1,high,1401766844,independent_bundle_maxmin,preinstalled,True,False,0.5,24.0,0.5,24.0,0.0,0.0,0.8518134715025907,143,0,0,0
dirichlet_0.1__high,dirichlet_0.1,high,1401766844,separable_leontief_relaxation,preinstalled,True,False,0.4375,21.0,0.4583333333333333,22.0,0.0,0.0,0.8331606217616581,161,0,0,0
dirichlet_0.1__high,dirichlet_0.1,high,1460916399,central_joint_leontief,optimal,True,False,0.5625,27.0,0.5625,27.0,0.0,0.0,0.9354838709677419,89,0,0,611
dirichlet_0.1__high,dirichlet_0.1,high,1460916399,distributed_price_leontief,preinstalled,True,False,0.5625,27.0,0.5625,27.0,0.0,0.0,0.9354838709677419,90,0,0,0
dirichlet_0.1__high,dirichlet_0.1,high,1460916399,drf,drf,True,False,0.5625,27.0,0.5625,27.0,0.0,0.0,0.9297491039426523,74,0,0,0
dirichlet_0.1__high,dirichlet_0.1,high,1460916399,equal,equal,True,False,0.4583333333333333,22.0,0.4583333333333333,22.0,0.0,0.0,0.7849462365591398,300,0,0,0
dirichlet_0.1__high,dirichlet_0.1,high,1460916399,independent_bundle_maxmin,preinstalled,True,False,0.6041666666666666,29.0,0.6041666666666666,29.0,0.0,0.0,0.9218637992831541,109,0,0,0
dirichlet_0.1__high,dirichlet_0.1,high,1460916399,separable_leontief_relaxation,preinstalled,True,False,0.4583333333333333,22.0,0.4583333333333333,22.0,0.0,0.0,0.7849462365591398,300,0,0,0
dirichlet_0.1__high,dirichlet_0.1,high,1485902931,central_joint_leontief,optimal,True,False,0.5416666666666666,26.0,0.5625,27.0,0.0,0.0,0.9141104294478528,107,0,0,641
dirichlet_0.1__high,dirichlet_0.1,high,1485902931,distributed_price_leontief,preinstalled,True,False,0.5625,27.0,0.5625,27.0,0.0,0.0,0.9340490797546013,86,0,0,0
dirichlet_0.1__high,dirichlet_0.1,high,1485902931,drf,drf,True,False,0.5625,27.0,0.5833333333333334,28.0,0.0,0.0,0.8665644171779141,131,0,0,0
dirichlet_0.1__high,dirichlet_0.1,high,1485902931,equal,equal,True,False,0.5416666666666666,26.0,0.5625,27.0,0.0,0.0,0.9141104294478528,112,0,0,0
dirichlet_0.1__high,dirichlet_0.1,high,1485902931,independent_bundle_maxmin,preinstalled,True,False,0.5625,27.0,0.5833333333333334,28.0,0.0,0.0,0.924079754601227,99,0,0,0
dirichlet_0.1__high,dirichlet_0.1,high,1485902931,separable_leontief_relaxation,preinstalled,True,False,0.5416666666666666,26.0,0.5625,27.0,0.0,0.0,0.9141104294478528,112,0,0,0
dirichlet_0.1__high,dirichlet_0.1,high,1558010803,central_joint_leontief,optimal,True,False,0.5208333333333334,25.0,0.5208333333333334,25.0,0.0,0.0,0.92265625,98,0,0,653
dirichlet_0.1__high,dirichlet_0.1,high,1558010803,distributed_price_leontief,preinstalled,True,False,0.5208333333333334,25.0,0.5208333333333334,25.0,0.0,0.0,0.92265625,99,0,0,0
dirichlet_0.1__high,dirichlet_0.1,high,1558010803,drf,drf,True,False,0.4791666666666667,23.0,0.4791666666666667,23.0,0.0,0.0,0.8984375,96,0,0,0
dirichlet_0.1__high,dirichlet_0.1,high,1558010803,equal,equal,True,False,0.3958333333333333,19.0,0.4166666666666667,20.0,0.0,0.0,0.8078125,246,0,0,0
dirichlet_0.1__high,dirichlet_0.1,high,1558010803,independent_bundle_maxmin,preinstalled,True,False,0.4791666666666667,23.0,0.5,24.0,0.0,0.0,0.8125,240,0,0,0
dirichlet_0.1__high,dirichlet_0.1,high,1558010803,separable_leontief_relaxation,preinstalled,True,False,0.3958333333333333,19.0,0.4166666666666667,20.0,0.0,0.0,0.8078125,246,0,0,0
dirichlet_0.1__high,dirichlet_0.1,high,1565117557,central_joint_leontief,optimal,True,False,0.5625,27.0,0.5625,27.0,0.0,0.0,0.9488403819918144,73,0,0,638
dirichlet_0.1__high,dirichlet_0.1,high,1565117557,distributed_price_leontief,preinstalled,True,False,0.5625,27.0,0.5625,27.0,0.0,0.0,0.9488403819918144,75,0,0,0
dirichlet_0.1__high,dirichlet_0.1,high,1565117557,drf,drf,True,False,0.4791666666666667,23.0,0.4791666666666667,23.0,0.0,0.0,0.927012278308322,96,0,0,0
dirichlet_0.1__high,dirichlet_0.1,high,1565117557,equal,equal,True,False,0.4166666666666667,20.0,0.4166666666666667,20.0,0.0,0.0,0.7469304229195088,371,0,0,0
dirichlet_0.1__high,dirichlet_0.1,high,1565117557,independent_bundle_maxmin,preinstalled,True,False,0.5416666666666666,26.0,0.5416666666666666,26.0,0.0,0.0,0.8744884038199181,184,0,0,0
dirichlet_0.1__high,dirichlet_0.1,high,1565117557,separable_leontief_relaxation,preinstalled,True,False,0.4166666666666667,20.0,0.4166666666666667,20.0,0.0,0.0,0.7469304229195088,371,0,0,0
dirichlet_0.1__high,dirichlet_0.1,high,1569126949,central_joint_leontief,optimal,True,False,0.5833333333333334,28.0,0.6041666666666666,29.0,0.0,0.0,0.9077155824508321,121,0,0,638
dirichlet_0.1__high,dirichlet_0.1,high,1569126949,distributed_price_leontief,preinstalled,True,False,0.6041666666666666,29.0,0.625,30.0,0.0,0.0,0.9099848714069592,119,0,0,0
dirichlet_0.1__high,dirichlet_0.1,high,1569126949,drf,drf,True,False,0.6041666666666666,29.0,0.625,30.0,0.0,0.0,0.9024205748865356,105,0,0,0
dirichlet_0.1__high,dirichlet_0.1,high,1569126949,equal,equal,True,False,0.6041666666666666,29.0,0.6041666666666666,29.0,0.0,0.0,0.8963691376701967,137,0,0,0
dirichlet_0.1__high,dirichlet_0.1,high,1569126949,independent_bundle_maxmin,preinstalled,True,False,0.6041666666666666,29.0,0.625,30.0,0.0,0.0,0.9220877458396369,103,0,0,0
dirichlet_0.1__high,dirichlet_0.1,high,1569126949,separable_leontief_relaxation,preinstalled,True,False,0.6041666666666666,29.0,0.6041666666666666,29.0,0.0,0.0,0.8963691376701967,137,0,0,0
dirichlet_0.1__high,dirichlet_0.1,high,1570946556,central_joint_leontief,optimal,True,False,0.5416666666666666,26.0,0.5416666666666666,26.0,0.0,0.0,0.8984899328859061,118,0,0,628
dirichlet_0.1__high,dirichlet_0.1,high,1570946556,distributed_price_leontief,preinstalled,True,False,0.5833333333333334,28.0,0.5833333333333334,28.0,0.0,0.0,0.9412751677852349,70,0,0,0
dirichlet_0.1__high,dirichlet_0.1,high,1570946556,drf,drf,True,False,0.5625,27.0,0.5625,27.0,0.0,0.0,0.7944630872483222,154,0,0,0
dirichlet_0.1__high,dirichlet_0.1,high,1570946556,equal,equal,True,False,0.5208333333333334,25.0,0.5208333333333334,25.0,0.0,0.0,0.839765100671141,191,0,0,0
dirichlet_0.1__high,dirichlet_0.1,high,1570946556,independent_bundle_maxmin,preinstalled,True,False,0.6041666666666666,29.0,0.6041666666666666,29.0,0.0,0.0,0.9312080536912751,82,0,0,0
dirichlet_0.1__high,dirichlet_0.1,high,1570946556,separable_leontief_relaxation,preinstalled,True,False,0.5208333333333334,25.0,0.5208333333333334,25.0,0.0,0.0,0.839765100671141,191,0,0,0
dirichlet_0.1__high,dirichlet_0.1,high,1586776797,central_joint_leontief,optimal,True,False,0.4791666666666667,23.0,0.4791666666666667,23.0,0.0,0.0,0.9312736443883984,107,0,0,646
dirichlet_0.1__high,dirichlet_0.1,high,1586776797,distributed_price_leontief,preinstalled,True,False,0.4791666666666667,23.0,0.4791666666666667,23.0,0.0,0.0,0.9312736443883984,109,0,0,0
dirichlet_0.1__high,dirichlet_0.1,high,1586776797,drf,drf,True,False,0.5,24.0,0.5,24.0,0.0,0.0,0.8442622950819673,214,0,0,0
dirichlet_0.1__high,dirichlet_0.1,high,1586776797,equal,equal,True,False,0.4583333333333333,22.0,0.4583333333333333,22.0,0.0,0.0,0.849936948297604,238,0,0,0
dirichlet_0.1__high,dirichlet_0.1,high,1586776797,independent_bundle_maxmin,preinstalled,True,False,0.5208333333333334,25.0,0.5208333333333334,25.0,0.0,0.0,0.9224464060529635,123,0,0,0
dirichlet_0.1__high,dirichlet_0.1,high,1586776797,separable_leontief_relaxation,preinstalled,True,False,0.4583333333333333,22.0,0.4583333333333333,22.0,0.0,0.0,0.849936948297604,238,0,0,0
dirichlet_0.1__high,dirichlet_0.1,high,1671186386,central_joint_leontief,optimal,True,False,0.5625,27.0,0.5625,27.0,0.0,0.0,0.9157054125998225,94,0,0,615
dirichlet_0.1__high,dirichlet_0.1,high,1671186386,distributed_price_leontief,preinstalled,True,False,0.5625,27.0,0.5625,27.0,0.0,0.0,0.9157054125998225,95,0,0,0
dirichlet_0.1__high,dirichlet_0.1,high,1671186386,drf,drf,True,False,0.4791666666666667,23.0,0.4791666666666667,23.0,0.0,0.0,0.8553682342502218,116,0,0,0
dirichlet_0.1__high,dirichlet_0.1,high,1671186386,equal,equal,True,False,0.4583333333333333,22.0,0.4583333333333333,22.0,0.0,0.0,0.7897071872227152,237,0,0,0
dirichlet_0.1__high,dirichlet_0.1,high,1671186386,independent_bundle_maxmin,preinstalled,True,False,0.5,24.0,0.5,24.0,0.0,0.0,0.7666370896184561,263,0,0,0
dirichlet_0.1__high,dirichlet_0.1,high,1671186386,separable_leontief_relaxation,preinstalled,True,False,0.4583333333333333,22.0,0.4583333333333333,22.0,0.0,0.0,0.7897071872227152,237,0,0,0
dirichlet_0.1__high,dirichlet_0.1,high,1727465094,central_joint_leontief,optimal,True,False,0.4791666666666667,23.0,0.5,24.0,0.0,0.0,0.8306148055207027,135,0,0,636
dirichlet_0.1__high,dirichlet_0.1,high,1727465094,distributed_price_leontief,preinstalled,True,False,0.4791666666666667,23.0,0.5,24.0,0.0,0.0,0.8306148055207027,135,0,0,0
dirichlet_0.1__high,dirichlet_0.1,high,1727465094,drf,drf,True,False,0.5,24.0,0.5208333333333334,25.0,0.0,0.0,0.8858218318695107,74,0,0,0
dirichlet_0.1__high,dirichlet_0.1,high,1727465094,equal,equal,True,False,0.3333333333333333,16.0,0.4166666666666667,20.0,0.0,0.0,0.7879548306148055,169,0,0,0
dirichlet_0.1__high,dirichlet_0.1,high,1727465094,independent_bundle_maxmin,preinstalled,True,False,0.4583333333333333,22.0,0.5,24.0,0.0,0.0,0.7929736511919699,165,0,0,0
dirichlet_0.1__high,dirichlet_0.1,high,1727465094,separable_leontief_relaxation,preinstalled,True,False,0.3333333333333333,16.0,0.4166666666666667,20.0,0.0,0.0,0.7879548306148055,169,0,0,0
dirichlet_0.1__high,dirichlet_0.1,high,1730566430,central_joint_leontief,optimal,True,False,0.5625,27.0,0.5833333333333334,28.0,0.0,0.0,0.8787010506208214,126,0,0,612
dirichlet_0.1__high,dirichlet_0.1,high,1730566430,distributed_price_leontief,preinstalled,True,False,0.5625,27.0,0.5833333333333334,28.0,0.0,0.0,0.8548233046800382,152,0,0,0
dirichlet_0.1__high,dirichlet_0.1,high,1730566430,drf,drf,True,False,0.5416666666666666,26.0,0.5416666666666666,26.0,0.0,0.0,0.8271251193887297,100,0,0,0
dirichlet_0.1__high,dirichlet_0.1,high,1730566430,equal,equal,True,False,0.5208333333333334,25.0,0.5208333333333334,25.0,0.0,0.0,0.8376313276026743,170,0,0,0
dirichlet_0.1__high,dirichlet_0.1,high,1730566430,independent_bundle_maxmin,preinstalled,True,False,0.6041666666666666,29.0,0.6458333333333334,31.0,0.0,0.0,0.9006685768863419,104,0,0,0
dirichlet_0.1__high,dirichlet_0.1,high,1730566430,separable_leontief_relaxation,preinstalled,True,False,0.5208333333333334,25.0,0.5208333333333334,25.0,0.0,0.0,0.8376313276026743,170,0,0,0
dirichlet_0.1__high,dirichlet_0.1,high,1741845543,central_joint_leontief,optimal,True,False,0.5833333333333334,28.0,0.5833333333333334,28.0,0.0,0.0,0.8925129725722758,144,0,0,643
dirichlet_0.1__high,dirichlet_0.1,high,1741845543,distributed_price_leontief,preinstalled,True,False,0.5833333333333334,28.0,0.5833333333333334,28.0,0.0,0.0,0.8925129725722758,145,0,0,0
dirichlet_0.1__high,dirichlet_0.1,high,1741845543,drf,drf,True,False,0.5208333333333334,25.0,0.5208333333333334,25.0,0.0,0.0,0.8554484803558191,138,0,0,0
dirichlet_0.1__high,dirichlet_0.1,high,1741845543,equal,equal,True,False,0.4791666666666667,23.0,0.5208333333333334,25.0,0.0,0.0,0.8421052631578947,213,0,0,0
dirichlet_0.1__high,dirichlet_0.1,high,1741845543,independent_bundle_maxmin,preinstalled,True,False,0.5625,27.0,0.5833333333333334,28.0,0.0,0.0,0.8806523350630097,161,0,0,0
dirichlet_0.1__high,dirichlet_0.1,high,1741845543,separable_leontief_relaxation,preinstalled,True,False,0.4791666666666667,23.0,0.5208333333333334,25.0,0.0,0.0,0.8421052631578947,213,0,0,0
dirichlet_0.1__high,dirichlet_0.1,high,1773063828,central_joint_leontief,optimal,True,False,0.5833333333333334,28.0,0.5833333333333334,28.0,0.0,0.0,0.9296591733139956,96,0,0,650
dirichlet_0.1__high,dirichlet_0.1,high,1773063828,distributed_price_leontief,preinstalled,True,False,0.5833333333333334,28.0,0.5833333333333334,28.0,0.0,0.0,0.9296591733139956,97,0,0,0
dirichlet_0.1__high,dirichlet_0.1,high,1773063828,drf,drf,True,False,0.5,24.0,0.5,24.0,0.0,0.0,0.8875997099347354,93,0,0,0
dirichlet_0.1__high,dirichlet_0.1,high,1773063828,equal,equal,True,False,0.5,24.0,0.5,24.0,0.0,0.0,0.8672951414068165,183,0,0,0
dirichlet_0.1__high,dirichlet_0.1,high,1773063828,independent_bundle_maxmin,preinstalled,True,False,0.5416666666666666,26.0,0.5416666666666666,26.0,0.0,0.0,0.9260333575054387,102,0,0,0
dirichlet_0.1__high,dirichlet_0.1,high,1773063828,separable_leontief_relaxation,preinstalled,True,False,0.5,24.0,0.5,24.0,0.0,0.0,0.8672951414068165,183,0,0,0
dirichlet_0.1__high,dirichlet_0.1,high,1783677345,central_joint_leontief,optimal,True,False,0.5625,27.0,0.5625,27.0,0.0,0.0,0.9279411764705883,97,0,0,616
dirichlet_0.1__high,dirichlet_0.1,high,1783677345,distributed_price_leontief,preinstalled,True,False,0.5416666666666666,26.0,0.5416666666666666,26.0,0.0,0.0,0.9088235294117647,124,0,0,0
dirichlet_0.1__high,dirichlet_0.1,high,1783677345,drf,drf,True,False,0.5208333333333334,25.0,0.5208333333333334,25.0,0.0,0.0,0.8852941176470588,111,0,0,0
dirichlet_0.1__high,dirichlet_0.1,high,1783677345,equal,equal,True,False,0.4791666666666667,23.0,0.5,24.0,0.0,0.0,0.8625,187,0,0,0
dirichlet_0.1__high,dirichlet_0.1,high,1783677345,independent_bundle_maxmin,preinstalled,True,False,0.5625,27.0,0.5625,27.0,0.0,0.0,0.9294117647058824,96,0,0,0
dirichlet_0.1__high,dirichlet_0.1,high,1783677345,separable_leontief_relaxation,preinstalled,True,False,0.4791666666666667,23.0,0.5,24.0,0.0,0.0,0.8625,187,0,0,0
dirichlet_0.1__high,dirichlet_0.1,high,1788325787,central_joint_leontief,optimal,True,False,0.5416666666666666,26.0,0.5416666666666666,26.0,0.0,0.0,0.9106498194945848,99,0,0,624
dirichlet_0.1__high,dirichlet_0.1,high,1788325787,distributed_price_leontief,preinstalled,True,False,0.5416666666666666,26.0,0.5416666666666666,26.0,0.0,0.0,0.9268953068592057,81,0,0,0
dirichlet_0.1__high,dirichlet_0.1,high,1788325787,drf,drf,True,False,0.5208333333333334,25.0,0.5208333333333334,25.0,0.0,0.0,0.907942238267148,71,0,0,0
dirichlet_0.1__high,dirichlet_0.1,high,1788325787,equal,equal,True,False,0.4583333333333333,22.0,0.4583333333333333,22.0,0.0,0.0,0.7978339350180506,224,0,0,0
dirichlet_0.1__high,dirichlet_0.1,high,1788325787,independent_bundle_maxmin,preinstalled,True,False,0.5208333333333334,25.0,0.5208333333333334,25.0,0.0,0.0,0.8691335740072202,145,0,0,0
dirichlet_0.1__high,dirichlet_0.1,high,1788325787,separable_leontief_relaxation,preinstalled,True,False,0.4583333333333333,22.0,0.4583333333333333,22.0,0.0,0.0,0.7978339350180506,224,0,0,0
dirichlet_0.1__high,dirichlet_0.1,high,1798126248,central_joint_leontief,optimal,True,False,0.5625,27.0,0.5833333333333334,28.0,0.0,0.0,0.9474074074074074,70,0,0,612
dirichlet_0.1__high,dirichlet_0.1,high,1798126248,distributed_price_leontief,preinstalled,True,False,0.5625,27.0,0.5833333333333334,28.0,0.0,0.0,0.9474074074074074,71,0,0,0
dirichlet_0.1__high,dirichlet_0.1,high,1798126248,drf,drf,True,False,0.5625,27.0,0.5625,27.0,0.0,0.0,0.9051851851851852,69,0,0,0
dirichlet_0.1__high,dirichlet_0.1,high,1798126248,equal,equal,True,False,0.5208333333333334,25.0,0.5416666666666666,26.0,0.0,0.0,0.837037037037037,220,0,0,0
dirichlet_0.1__high,dirichlet_0.1,high,1798126248,independent_bundle_maxmin,preinstalled,True,False,0.5833333333333334,28.0,0.6041666666666666,29.0,0.0,0.0,0.9311111111111111,93,0,0,0
dirichlet_0.1__high,dirichlet_0.1,high,1798126248,separable_leontief_relaxation,preinstalled,True,False,0.5208333333333334,25.0,0.5416666666666666,26.0,0.0,0.0,0.837037037037037,220,0,0,0
dirichlet_0.1__high,dirichlet_0.1,high,1812991878,central_joint_leontief,optimal,True,False,0.5625,27.0,0.5625,27.0,0.0,0.0,0.9411764705882353,59,0,0,649
dirichlet_0.1__high,dirichlet_0.1,high,1812991878,distributed_price_leontief,preinstalled,True,False,0.5625,27.0,0.5625,27.0,0.0,0.0,0.9411764705882353,59,0,0,0
dirichlet_0.1__high,dirichlet_0.1,high,1812991878,drf,drf,True,False,0.5208333333333334,25.0,0.5208333333333334,25.0,0.0,0.0,0.8813559322033898,91,0,0,0
dirichlet_0.1__high,dirichlet_0.1,high,1812991878,equal,equal,True,False,0.4375,21.0,0.4375,21.0,0.0,0.0,0.678963110667996,322,0,0,0
dirichlet_0.1__high,dirichlet_0.1,high,1812991878,independent_bundle_maxmin,preinstalled,True,False,0.5208333333333334,25.0,0.5208333333333334,25.0,0.0,0.0,0.7816550348953141,219,0,0,0
dirichlet_0.1__high,dirichlet_0.1,high,1812991878,separable_leontief_relaxation,preinstalled,True,False,0.4375,21.0,0.4375,21.0,0.0,0.0,0.678963110667996,322,0,0,0
dirichlet_0.1__high,dirichlet_0.1,high,1879903616,central_joint_leontief,optimal,True,False,0.4791666666666667,23.0,0.5,24.0,0.0,0.0,0.9199648197009674,90,0,0,620
dirichlet_0.1__high,dirichlet_0.1,high,1879903616,distributed_price_leontief,preinstalled,True,False,0.5,24.0,0.5,24.0,0.0,0.0,0.9234828496042217,87,0,0,0
dirichlet_0.1__high,dirichlet_0.1,high,1879903616,drf,drf,True,False,0.4166666666666667,20.0,0.4166666666666667,20.0,0.0,0.0,0.8504837291116975,118,0,0,0
dirichlet_0.1__high,dirichlet_0.1,high,1879903616,equal,equal,True,False,0.4166666666666667,20.0,0.4166666666666667,20.0,0.0,0.0,0.8135444151275286,212,0,0,0
dirichlet_0.1__high,dirichlet_0.1,high,1879903616,independent_bundle_maxmin,preinstalled,True,False,0.4583333333333333,22.0,0.4583333333333333,22.0,0.0,0.0,0.8496042216358839,171,0,0,0
dirichlet_0.1__high,dirichlet_0.1,high,1879903616,separable_leontief_relaxation,preinstalled,True,False,0.4166666666666667,20.0,0.4166666666666667,20.0,0.0,0.0,0.8135444151275286,212,0,0,0
dirichlet_0.1__high,dirichlet_0.1,high,1968360483,central_joint_leontief,optimal,True,False,0.625,30.0,0.625,30.0,0.0,0.0,0.895924308588064,135,0,0,640
dirichlet_0.1__high,dirichlet_0.1,high,1968360483,distributed_price_leontief,preinstalled,True,False,0.6458333333333334,31.0,0.6458333333333334,31.0,0.0,0.0,0.8966521106259098,142,0,0,0
dirichlet_0.1__high,dirichlet_0.1,high,1968360483,drf,drf,True,False,0.6458333333333334,31.0,0.6458333333333334,31.0,0.0,0.0,0.9170305676855895,58,0,0,0
dirichlet_0.1__high,dirichlet_0.1,high,1968360483,equal,equal,True,False,0.6041666666666666,29.0,0.625,30.0,0.0,0.0,0.9075691411935953,127,0,0,0
dirichlet_0.1__high,dirichlet_0.1,high,1968360483,independent_bundle_maxmin,preinstalled,True,False,0.6041666666666666,29.0,0.625,30.0,0.0,0.0,0.9243085880640466,104,0,0,0
dirichlet_0.1__high,dirichlet_0.1,high,1968360483,separable_leontief_relaxation,preinstalled,True,False,0.6041666666666666,29.0,0.625,30.0,0.0,0.0,0.9075691411935953,127,0,0,0
dirichlet_0.1__high,dirichlet_0.1,high,1969315355,central_joint_leontief,optimal,True,False,0.5833333333333334,28.0,0.5833333333333334,28.0,0.0,0.0,0.9180672268907563,113,0,0,638
dirichlet_0.1__high,dirichlet_0.1,high,1969315355,distributed_price_leontief,preinstalled,True,False,0.5625,27.0,0.5833333333333334,28.0,0.0,0.0,0.9334733893557423,95,0,0,0
dirichlet_0.1__high,dirichlet_0.1,high,1969315355,drf,drf,True,False,0.5625,27.0,0.5833333333333334,28.0,0.0,0.0,0.9257703081232493,62,0,0,0
dirichlet_0.1__high,dirichlet_0.1,high,1969315355,equal,equal,True,False,0.5416666666666666,26.0,0.5625,27.0,0.0,0.0,0.8956582633053222,149,0,0,0
dirichlet_0.1__high,dirichlet_0.1,high,1969315355,independent_bundle_maxmin,preinstalled,True,False,0.5208333333333334,25.0,0.5625,27.0,0.0,0.0,0.9166666666666666,119,0,0,0
dirichlet_0.1__high,dirichlet_0.1,high,1969315355,separable_leontief_relaxation,preinstalled,True,False,0.5416666666666666,26.0,0.5625,27.0,0.0,0.0,0.8956582633053222,149,0,0,0
dirichlet_0.1__high,dirichlet_0.1,high,2027057364,central_joint_leontief,optimal,True,False,0.5,24.0,0.5,24.0,0.0,0.0,0.8853046594982079,96,0,0,630
dirichlet_0.1__high,dirichlet_0.1,high,2027057364,distributed_price_leontief,preinstalled,True,False,0.5,24.0,0.5,24.0,0.0,0.0,0.8853046594982079,96,0,0,0
dirichlet_0.1__high,dirichlet_0.1,high,2027057364,drf,drf,True,False,0.4791666666666667,23.0,0.4791666666666667,23.0,0.0,0.0,0.8231780167264038,128,0,0,0
dirichlet_0.1__high,dirichlet_0.1,high,2027057364,equal,equal,True,False,0.3958333333333333,19.0,0.4375,21.0,0.0,0.0,0.7849462365591398,180,0,0,0
dirichlet_0.1__high,dirichlet_0.1,high,2027057364,independent_bundle_maxmin,preinstalled,True,False,0.4583333333333333,22.0,0.4791666666666667,23.0,0.0,0.0,0.7706093189964157,192,0,0,0
dirichlet_0.1__high,dirichlet_0.1,high,2027057364,separable_leontief_relaxation,preinstalled,True,False,0.3958333333333333,19.0,0.4375,21.0,0.0,0.0,0.7849462365591398,180,0,0,0
dirichlet_0.1__high,dirichlet_0.1,high,2053772871,central_joint_leontief,optimal,True,False,0.5416666666666666,26.0,0.5416666666666666,26.0,0.0,0.0,0.9103908484270734,94,0,0,641
dirichlet_0.1__high,dirichlet_0.1,high,2053772871,distributed_price_leontief,preinstalled,True,False,0.5416666666666666,26.0,0.5416666666666666,26.0,0.0,0.0,0.9103908484270734,94,0,0,0
dirichlet_0.1__high,dirichlet_0.1,high,2053772871,drf,drf,True,False,0.5,24.0,0.5,24.0,0.0,0.0,0.8836987607244995,87,0,0,0
dirichlet_0.1__high,dirichlet_0.1,high,2053772871,equal,equal,True,False,0.4583333333333333,22.0,0.4583333333333333,22.0,0.0,0.0,0.7931363203050524,217,0,0,0
dirichlet_0.1__high,dirichlet_0.1,high,2053772871,independent_bundle_maxmin,preinstalled,True,False,0.5416666666666666,26.0,0.5416666666666666,26.0,0.0,0.0,0.9103908484270734,94,0,0,0
dirichlet_0.1__high,dirichlet_0.1,high,2053772871,separable_leontief_relaxation,preinstalled,True,False,0.4583333333333333,22.0,0.4583333333333333,22.0,0.0,0.0,0.7931363203050524,217,0,0,0
dirichlet_0.1__high,dirichlet_0.1,high,2062822218,central_joint_leontief,optimal,True,False,0.5625,27.0,0.5625,27.0,0.0,0.0,0.9185667752442996,100,0,0,622
dirichlet_0.1__high,dirichlet_0.1,high,2062822218,distributed_price_leontief,preinstalled,True,False,0.5625,27.0,0.5625,27.0,0.0,0.0,0.9372964169381107,77,0,0,0
dirichlet_0.1__high,dirichlet_0.1,high,2062822218,drf,drf,True,False,0.5625,27.0,0.5833333333333334,28.0,0.0,0.0,0.9055374592833876,69,0,0,0
dirichlet_0.1__high,dirichlet_0.1,high,2062822218,equal,equal,True,False,0.5208333333333334,25.0,0.5416666666666666,26.0,0.0,0.0,0.8688925081433225,161,0,0,0
dirichlet_0.1__high,dirichlet_0.1,high,2062822218,independent_bundle_maxmin,preinstalled,True,False,0.6041666666666666,29.0,0.6041666666666666,29.0,0.0,0.0,0.8998371335504886,123,0,0,0
dirichlet_0.1__high,dirichlet_0.1,high,2062822218,separable_leontief_relaxation,preinstalled,True,False,0.5208333333333334,25.0,0.5416666666666666,26.0,0.0,0.0,0.8688925081433225,161,0,0,0
dirichlet_0.1__high,dirichlet_0.1,high,2068762575,central_joint_leontief,optimal,True,False,0.5208333333333334,25.0,0.5208333333333334,25.0,0.0,0.0,0.8774459320288363,119,0,0,642
dirichlet_0.1__high,dirichlet_0.1,high,2068762575,distributed_price_leontief,preinstalled,True,False,0.5208333333333334,25.0,0.5208333333333334,25.0,0.0,0.0,0.8774459320288363,119,0,0,0
dirichlet_0.1__high,dirichlet_0.1,high,2068762575,drf,drf,True,False,0.5,24.0,0.5,24.0,0.0,0.0,0.8496395468589083,75,0,0,0
dirichlet_0.1__high,dirichlet_0.1,high,2068762575,equal,equal,True,False,0.4791666666666667,23.0,0.4791666666666667,23.0,0.0,0.0,0.772399588053553,221,0,0,0
dirichlet_0.1__high,dirichlet_0.1,high,2068762575,independent_bundle_maxmin,preinstalled,True,False,0.5416666666666666,26.0,0.5416666666666666,26.0,0.0,0.0,0.8341915550978373,161,0,0,0
dirichlet_0.1__high,dirichlet_0.1,high,2068762575,separable_leontief_relaxation,preinstalled,True,False,0.4791666666666667,23.0,0.4791666666666667,23.0,0.0,0.0,0.772399588053553,221,0,0,0
dirichlet_0.1__high,dirichlet_0.1,high,2090014340,central_joint_leontief,optimal,True,False,0.5416666666666666,26.0,0.5416666666666666,26.0,0.0,0.0,0.9230769230769231,103,0,0,649
dirichlet_0.1__high,dirichlet_0.1,high,2090014340,distributed_price_leontief,preinstalled,True,False,0.5416666666666666,26.0,0.5416666666666666,26.0,0.0,0.0,0.9230769230769231,105,0,0,0
dirichlet_0.1__high,dirichlet_0.1,high,2090014340,drf,drf,True,False,0.5,24.0,0.5,24.0,0.0,0.0,0.9509157509157509,39,0,0,0
dirichlet_0.1__high,dirichlet_0.1,high,2090014340,equal,equal,True,False,0.4166666666666667,20.0,0.4166666666666667,20.0,0.0,0.0,0.778021978021978,303,0,0,0
dirichlet_0.1__high,dirichlet_0.1,high,2090014340,independent_bundle_maxmin,preinstalled,True,False,0.4791666666666667,23.0,0.4791666666666667,23.0,0.0,0.0,0.7765567765567766,305,0,0,0
dirichlet_0.1__high,dirichlet_0.1,high,2090014340,separable_leontief_relaxation,preinstalled,True,False,0.4166666666666667,20.0,0.4166666666666667,20.0,0.0,0.0,0.778021978021978,303,0,0,0
dirichlet_0.1__high,dirichlet_0.1,high,2104367538,central_joint_leontief,optimal,True,False,0.5416666666666666,26.0,0.5416666666666666,26.0,0.0,0.0,0.9448275862068966,86,0,0,619
dirichlet_0.1__high,dirichlet_0.1,high,2104367538,distributed_price_leontief,preinstalled,True,False,0.5416666666666666,26.0,0.5416666666666666,26.0,0.0,0.0,0.9448275862068966,88,0,0,0
dirichlet_0.1__high,dirichlet_0.1,high,2104367538,drf,drf,True,False,0.5625,27.0,0.5625,27.0,0.0,0.0,0.9297805642633229,92,0,0,0
dirichlet_0.1__high,dirichlet_0.1,high,2104367538,equal,equal,True,False,0.5,24.0,0.5416666666666666,26.0,0.0,0.0,0.9385579937304075,98,0,0,0
dirichlet_0.1__high,dirichlet_0.1,high,2104367538,independent_bundle_maxmin,preinstalled,True,False,0.5208333333333334,25.0,0.5208333333333334,25.0,0.0,0.0,0.8789968652037617,193,0,0,0
dirichlet_0.1__high,dirichlet_0.1,high,2104367538,separable_leontief_relaxation,preinstalled,True,False,0.5,24.0,0.5416666666666666,26.0,0.0,0.0,0.9385579937304075,98,0,0,0
dirichlet_0.1__high,dirichlet_0.1,high,2143652743,central_joint_leontief,optimal,True,False,0.5208333333333334,25.0,0.5208333333333334,25.0,0.0,0.0,0.925226586102719,99,0,0,658
dirichlet_0.1__high,dirichlet_0.1,high,2143652743,distributed_price_leontief,preinstalled,True,False,0.5208333333333334,25.0,0.5208333333333334,25.0,0.0,0.0,0.925226586102719,99,0,0,0
dirichlet_0.1__high,dirichlet_0.1,high,2143652743,drf,drf,True,False,0.4583333333333333,22.0,0.5,24.0,0.0,0.0,0.925226586102719,55,0,0,0
dirichlet_0.1__high,dirichlet_0.1,high,2143652743,equal,equal,True,False,0.4166666666666667,20.0,0.4583333333333333,22.0,0.0,0.0,0.8391238670694864,213,0,0,0
dirichlet_0.1__high,dirichlet_0.1,high,2143652743,independent_bundle_maxmin,preinstalled,True,False,0.5208333333333334,25.0,0.5208333333333334,25.0,0.0,0.0,0.9312688821752266,91,0,0,0
dirichlet_0.1__high,dirichlet_0.1,high,2143652743,separable_leontief_relaxation,preinstalled,True,False,0.4166666666666667,20.0,0.4583333333333333,22.0,0.0,0.0,0.8391238670694864,213,0,0,0
dirichlet_0.1__high,dirichlet_0.1,high,2159859472,central_joint_leontief,optimal,True,False,0.5625,27.0,0.5625,27.0,0.0,0.0,0.9293119698397738,75,0,0,652
dirichlet_0.1__high,dirichlet_0.1,high,2159859472,distributed_price_leontief,preinstalled,True,False,0.5625,27.0,0.5625,27.0,0.0,0.0,0.9293119698397738,75,0,0,0
dirichlet_0.1__high,dirichlet_0.1,high,2159859472,drf,drf,True,False,0.4375,21.0,0.4375,21.0,0.0,0.0,0.8180961357210179,124,0,0,0
dirichlet_0.1__high,dirichlet_0.1,high,2159859472,equal,equal,True,False,0.4791666666666667,23.0,0.4791666666666667,23.0,0.0,0.0,0.8143261074458058,197,0,0,0
dirichlet_0.1__high,dirichlet_0.1,high,2159859472,independent_bundle_maxmin,preinstalled,True,False,0.5208333333333334,25.0,0.5208333333333334,25.0,0.0,0.0,0.8397737983034873,170,0,0,0
dirichlet_0.1__high,dirichlet_0.1,high,2159859472,separable_leontief_relaxation,preinstalled,True,False,0.4791666666666667,23.0,0.4791666666666667,23.0,0.0,0.0,0.8143261074458058,197,0,0,0
dirichlet_0.1__high,dirichlet_0.1,high,2187540509,central_joint_leontief,optimal,True,False,0.5625,27.0,0.5625,27.0,0.0,0.0,0.918732782369146,113,0,0,618
dirichlet_0.1__high,dirichlet_0.1,high,2187540509,distributed_price_leontief,preinstalled,True,False,0.5625,27.0,0.5625,27.0,0.0,0.0,0.918732782369146,118,0,0,0
dirichlet_0.1__high,dirichlet_0.1,high,2187540509,drf,drf,True,False,0.5208333333333334,25.0,0.5208333333333334,25.0,0.0,0.0,0.8622589531680441,145,0,0,0
dirichlet_0.1__high,dirichlet_0.1,high,2187540509,equal,equal,True,False,0.5625,27.0,0.5625,27.0,0.0,0.0,0.9152892561983471,123,0,0,0
dirichlet_0.1__high,dirichlet_0.1,high,2187540509,independent_bundle_maxmin,preinstalled,True,False,0.5625,27.0,0.5625,27.0,0.0,0.0,0.9146005509641874,124,0,0,0
dirichlet_0.1__high,dirichlet_0.1,high,2187540509,separable_leontief_relaxation,preinstalled,True,False,0.5625,27.0,0.5625,27.0,0.0,0.0,0.9152892561983471,123,0,0,0
dirichlet_0.1__high,dirichlet_0.1,high,2212622024,central_joint_leontief,optimal,True,False,0.5625,27.0,0.5625,27.0,0.0,0.0,0.9379895561357703,93,0,0,630
dirichlet_0.1__high,dirichlet_0.1,high,2212622024,distributed_price_leontief,preinstalled,True,False,0.5625,27.0,0.5625,27.0,0.0,0.0,0.9379895561357703,95,0,0,0
dirichlet_0.1__high,dirichlet_0.1,high,2212622024,drf,drf,True,False,0.5,24.0,0.5,24.0,0.0,0.0,0.9151436031331592,119,0,0,0
dirichlet_0.1__high,dirichlet_0.1,high,2212622024,equal,equal,True,False,0.4375,21.0,0.4375,21.0,0.0,0.0,0.7930809399477807,317,0,0,0
dirichlet_0.1__high,dirichlet_0.1,high,2212622024,independent_bundle_maxmin,preinstalled,True,False,0.5208333333333334,25.0,0.5208333333333334,25.0,0.0,0.0,0.8231070496083551,271,0,0,0
dirichlet_0.1__high,dirichlet_0.1,high,2212622024,separable_leontief_relaxation,preinstalled,True,False,0.4375,21.0,0.4375,21.0,0.0,0.0,0.7930809399477807,317,0,0,0
dirichlet_0.1__high,dirichlet_0.1,high,2222055010,central_joint_leontief,optimal,True,False,0.5208333333333334,25.0,0.5416666666666666,26.0,0.0,0.0,0.8671140939597315,99,0,0,672
dirichlet_0.1__high,dirichlet_0.1,high,2222055010,distributed_price_leontief,preinstalled,True,False,0.5208333333333334,25.0,0.5416666666666666,26.0,0.0,0.0,0.8671140939597315,99,0,0,0
dirichlet_0.1__high,dirichlet_0.1,high,2222055010,drf,drf,True,False,0.4791666666666667,23.0,0.5,24.0,0.0,0.0,0.7973154362416107,123,0,0,0
dirichlet_0.1__high,dirichlet_0.1,high,2222055010,equal,equal,True,False,0.375,18.0,0.4375,21.0,0.0,0.0,0.7221476510067114,207,0,0,0
dirichlet_0.1__high,dirichlet_0.1,high,2222055010,independent_bundle_maxmin,preinstalled,True,False,0.5,24.0,0.5208333333333334,25.0,0.0,0.0,0.8657718120805369,100,0,0,0
dirichlet_0.1__high,dirichlet_0.1,high,2222055010,separable_leontief_relaxation,preinstalled,True,False,0.375,18.0,0.4375,21.0,0.0,0.0,0.7221476510067114,207,0,0,0
dirichlet_0.1__high,dirichlet_0.1,high,2225355892,central_joint_leontief,optimal,True,False,0.5,24.0,0.5,24.0,0.0,0.0,0.8581730769230769,116,0,0,627
dirichlet_0.1__high,dirichlet_0.1,high,2225355892,distributed_price_leontief,preinstalled,True,False,0.5,24.0,0.5,24.0,0.0,0.0,0.8581730769230769,118,0,0,0
dirichlet_0.1__high,dirichlet_0.1,high,2225355892,drf,drf,True,False,0.4375,21.0,0.4375,21.0,0.0,0.0,0.7920673076923077,106,0,0,0
dirichlet_0.1__high,dirichlet_0.1,high,2225355892,equal,equal,True,False,0.4166666666666667,20.0,0.4166666666666667,20.0,0.0,0.0,0.7127403846153846,239,0,0,0
dirichlet_0.1__high,dirichlet_0.1,high,2225355892,independent_bundle_maxmin,preinstalled,True,False,0.4791666666666667,23.0,0.4791666666666667,23.0,0.0,0.0,0.828125,143,0,0,0
dirichlet_0.1__high,dirichlet_0.1,high,2225355892,separable_leontief_relaxation,preinstalled,True,False,0.4166666666666667,20.0,0.4166666666666667,20.0,0.0,0.0,0.7127403846153846,239,0,0,0
dirichlet_0.1__high,dirichlet_0.1,high,2268749908,central_joint_leontief,optimal,True,False,0.5833333333333334,28.0,0.6041666666666666,29.0,0.0,0.0,0.9581478183437222,47,0,0,652
dirichlet_0.1__high,dirichlet_0.1,high,2268749908,distributed_price_leontief,preinstalled,True,False,0.5833333333333334,28.0,0.6041666666666666,29.0,0.0,0.0,0.9581478183437222,47,0,0,0
dirichlet_0.1__high,dirichlet_0.1,high,2268749908,drf,drf,True,False,0.5208333333333334,25.0,0.5208333333333334,25.0,0.0,0.0,0.8851291184327693,64,0,0,0
dirichlet_0.1__high,dirichlet_0.1,high,2268749908,equal,equal,True,False,0.5208333333333334,25.0,0.5208333333333334,25.0,0.0,0.0,0.8771148708815673,138,0,0,0
dirichlet_0.1__high,dirichlet_0.1,high,2268749908,independent_bundle_maxmin,preinstalled,True,False,0.5625,27.0,0.5625,27.0,0.0,0.0,0.8949243098842387,118,0,0,0
dirichlet_0.1__high,dirichlet_0.1,high,2268749908,separable_leontief_relaxation,preinstalled,True,False,0.5208333333333334,25.0,0.5208333333333334,25.0,0.0,0.0,0.8771148708815673,138,0,0,0
dirichlet_0.1__high,dirichlet_0.1,high,2269193850,central_joint_leontief,optimal,True,False,0.5416666666666666,26.0,0.5625,27.0,0.0,0.0,0.9552238805970149,33,0,0,631
dirichlet_0.1__high,dirichlet_0.1,high,2269193850,distributed_price_leontief,preinstalled,True,False,0.5416666666666666,26.0,0.5625,27.0,0.0,0.0,0.9552238805970149,33,0,0,0
dirichlet_0.1__high,dirichlet_0.1,high,2269193850,drf,drf,True,False,0.4791666666666667,23.0,0.5208333333333334,25.0,0.0,0.0,0.8493894165535957,33,0,0,0
dirichlet_0.1__high,dirichlet_0.1,high,2269193850,equal,equal,True,False,0.4375,21.0,0.4583333333333333,22.0,0.0,0.0,0.7883310719131614,156,0,0,0
dirichlet_0.1__high,dirichlet_0.1,high,2269193850,independent_bundle_maxmin,preinstalled,True,False,0.5208333333333334,25.0,0.5208333333333334,25.0,0.0,0.0,0.921302578018996,58,0,0,0
dirichlet_0.1__high,dirichlet_0.1,high,2269193850,separable_leontief_relaxation,preinstalled,True,False,0.4375,21.0,0.4583333333333333,22.0,0.0,0.0,0.7883310719131614,156,0,0,0
dirichlet_0.1__high,dirichlet_0.1,high,2321257153,central_joint_leontief,optimal,True,False,0.5625,27.0,0.5625,27.0,0.0,0.0,0.9133398247322297,89,0,0,615
dirichlet_0.1__high,dirichlet_0.1,high,2321257153,distributed_price_leontief,preinstalled,True,False,0.5625,27.0,0.5625,27.0,0.0,0.0,0.9133398247322297,89,0,0,0
dirichlet_0.1__high,dirichlet_0.1,high,2321257153,drf,drf,True,False,0.4583333333333333,22.0,0.4583333333333333,22.0,0.0,0.0,0.8334956183057449,98,0,0,0
dirichlet_0.1__high,dirichlet_0.1,high,2321257153,equal,equal,True,False,0.4583333333333333,22.0,0.4583333333333333,22.0,0.0,0.0,0.7974683544303798,208,0,0,0
dirichlet_0.1__high,dirichlet_0.1,high,2321257153,independent_bundle_maxmin,preinstalled,True,False,0.5416666666666666,26.0,0.5416666666666666,26.0,0.0,0.0,0.8899707887049659,113,0,0,0
dirichlet_0.1__high,dirichlet_0.1,high,2321257153,separable_leontief_relaxation,preinstalled,True,False,0.4583333333333333,22.0,0.4583333333333333,22.0,0.0,0.0,0.7974683544303798,208,0,0,0
dirichlet_0.1__high,dirichlet_0.1,high,2367693741,central_joint_leontief,optimal,True,False,0.5208333333333334,25.0,0.5208333333333334,25.0,0.0,0.0,0.9302325581395349,70,0,0,645
dirichlet_0.1__high,dirichlet_0.1,high,2367693741,distributed_price_leontief,preinstalled,True,False,0.5208333333333334,25.0,0.5208333333333334,25.0,0.0,0.0,0.9302325581395349,72,0,0,0
dirichlet_0.1__high,dirichlet_0.1,high,2367693741,drf,drf,True,False,0.4583333333333333,22.0,0.4583333333333333,22.0,0.0,0.0,0.9031007751937985,83,0,0,0
dirichlet_0.1__high,dirichlet_0.1,high,2367693741,equal,equal,True,False,0.5,24.0,0.5,24.0,0.0,0.0,0.9263565891472868,76,0,0,0
dirichlet_0.1__high,dirichlet_0.1,high,2367693741,independent_bundle_maxmin,preinstalled,True,False,0.5208333333333334,25.0,0.5208333333333334,25.0,0.0,0.0,0.9496124031007752,52,0,0,0
dirichlet_0.1__high,dirichlet_0.1,high,2367693741,separable_leontief_relaxation,preinstalled,True,False,0.5,24.0,0.5,24.0,0.0,0.0,0.9263565891472868,76,0,0,0
dirichlet_0.1__high,dirichlet_0.1,high,2379132744,central_joint_leontief,optimal,True,False,0.5,24.0,0.5208333333333334,25.0,0.0,0.0,0.9239904988123515,95,0,0,628
dirichlet_0.1__high,dirichlet_0.1,high,2379132744,distributed_price_leontief,preinstalled,True,False,0.5,24.0,0.5208333333333334,25.0,0.0,0.0,0.9239904988123515,96,0,0,0
dirichlet_0.1__high,dirichlet_0.1,high,2379132744,drf,drf,True,False,0.4791666666666667,23.0,0.4791666666666667,23.0,0.0,0.0,0.9152810768012668,51,0,0,0
dirichlet_0.1__high,dirichlet_0.1,high,2379132744,equal,equal,True,False,0.4375,21.0,0.4583333333333333,22.0,0.0,0.0,0.8076009501187649,243,0,0,0
dirichlet_0.1__high,dirichlet_0.1,high,2379132744,independent_bundle_maxmin,preinstalled,True,False,0.5416666666666666,26.0,0.5416666666666666,26.0,0.0,0.0,0.8915281076801267,137,0,0,0
dirichlet_0.1__high,dirichlet_0.1,high,2379132744,separable_leontief_relaxation,preinstalled,True,False,0.4375,21.0,0.4583333333333333,22.0,0.0,0.0,0.8076009501187649,243,0,0,0
dirichlet_0.1__high,dirichlet_0.1,high,2399786552,central_joint_leontief,optimal,True,False,0.5416666666666666,26.0,0.5625,27.0,0.0,0.0,0.9422632794457275,74,0,0,617
dirichlet_0.1__high,dirichlet_0.1,high,2399786552,distributed_price_leontief,preinstalled,True,False,0.5416666666666666,26.0,0.5625,27.0,0.0,0.0,0.9422632794457275,75,0,0,0
dirichlet_0.1__high,dirichlet_0.1,high,2399786552,drf,drf,True,False,0.5625,27.0,0.5833333333333334,28.0,0.0,0.0,0.9314857582755967,70,0,0,0
dirichlet_0.1__high,dirichlet_0.1,high,2399786552,equal,equal,True,False,0.5,24.0,0.5625,27.0,0.0,0.0,0.9191685912240185,105,0,0,0
dirichlet_0.1__high,dirichlet_0.1,high,2399786552,independent_bundle_maxmin,preinstalled,True,False,0.5208333333333334,25.0,0.5625,27.0,0.0,0.0,0.9237875288683602,99,0,0,0
dirichlet_0.1__high,dirichlet_0.1,high,2399786552,separable_leontief_relaxation,preinstalled,True,False,0.5,24.0,0.5625,27.0,0.0,0.0,0.9191685912240185,105,0,0,0
dirichlet_0.1__high,dirichlet_0.1,high,2417511538,central_joint_leontief,optimal,True,False,0.4375,21.0,0.4791666666666667,23.0,0.0,0.0,0.823021582733813,123,0,0,636
dirichlet_0.1__high,dirichlet_0.1,high,2417511538,distributed_price_leontief,preinstalled,True,False,0.4375,21.0,0.4791666666666667,23.0,0.0,0.0,0.823021582733813,123,0,0,0
dirichlet_0.1__high,dirichlet_0.1,high,2417511538,drf,drf,True,False,0.4166666666666667,20.0,0.4375,21.0,0.0,0.0,0.7827338129496403,133,0,0,0
dirichlet_0.1__high,dirichlet_0.1,high,2417511538,equal,equal,True,False,0.3958333333333333,19.0,0.4166666666666667,20.0,0.0,0.0,0.7194244604316546,195,0,0,0
dirichlet_0.1__high,dirichlet_0.1,high,2417511538,independent_bundle_maxmin,preinstalled,True,False,0.4166666666666667,20.0,0.4583333333333333,22.0,0.0,0.0,0.7884892086330936,147,0,0,0
dirichlet_0.1__high,dirichlet_0.1,high,2417511538,separable_leontief_relaxation,preinstalled,True,False,0.3958333333333333,19.0,0.4166666666666667,20.0,0.0,0.0,0.7194244604316546,195,0,0,0
dirichlet_0.1__high,dirichlet_0.1,high,2429613199,central_joint_leontief,optimal,True,False,0.5,24.0,0.5208333333333334,25.0,0.0,0.0,0.9429824561403509,91,0,0,647
dirichlet_0.1__high,dirichlet_0.1,high,2429613199,distributed_price_leontief,preinstalled,True,False,0.5,24.0,0.5208333333333334,25.0,0.0,0.0,0.9429824561403509,91,0,0,0
dirichlet_0.1__high,dirichlet_0.1,high,2429613199,drf,drf,True,False,0.5625,27.0,0.5625,27.0,0.0,0.0,0.9423558897243107,50,0,0,0
dirichlet_0.1__high,dirichlet_0.1,high,2429613199,equal,equal,True,False,0.5208333333333334,25.0,0.5208333333333334,25.0,0.0,0.0,0.8759398496240601,198,0,0,0
dirichlet_0.1__high,dirichlet_0.1,high,2429613199,independent_bundle_maxmin,preinstalled,True,False,0.5416666666666666,26.0,0.5416666666666666,26.0,0.0,0.0,0.8546365914786967,232,0,0,0
dirichlet_0.1__high,dirichlet_0.1,high,2429613199,separable_leontief_relaxation,preinstalled,True,False,0.5208333333333334,25.0,0.5208333333333334,25.0,0.0,0.0,0.8759398496240601,198,0,0,0
dirichlet_0.1__high,dirichlet_0.1,high,2450099792,central_joint_leontief,optimal,True,False,0.4583333333333333,22.0,0.4583333333333333,22.0,0.0,0.0,0.8751814223512336,85,0,0,635
dirichlet_0.1__high,dirichlet_0.1,high,2450099792,distributed_price_leontief,preinstalled,True,False,0.4583333333333333,22.0,0.4583333333333333,22.0,0.0,0.0,0.8751814223512336,86,0,0,0
dirichlet_0.1__high,dirichlet_0.1,high,2450099792,drf,drf,True,False,0.4375,21.0,0.4375,21.0,0.0,0.0,0.8403483309143687,89,0,0,0
dirichlet_0.1__high,dirichlet_0.1,high,2450099792,equal,equal,True,False,0.3958333333333333,19.0,0.3958333333333333,19.0,0.0,0.0,0.7343976777939042,183,0,0,0
dirichlet_0.1__high,dirichlet_0.1,high,2450099792,independent_bundle_maxmin,preinstalled,True,False,0.4583333333333333,22.0,0.4583333333333333,22.0,0.0,0.0,0.8751814223512336,86,0,0,0
dirichlet_0.1__high,dirichlet_0.1,high,2450099792,separable_leontief_relaxation,preinstalled,True,False,0.3958333333333333,19.0,0.3958333333333333,19.0,0.0,0.0,0.7343976777939042,183,0,0,0
dirichlet_0.1__high,dirichlet_0.1,high,2458392116,central_joint_leontief,optimal,True,False,0.5416666666666666,26.0,0.5416666666666666,26.0,0.0,0.0,0.8868458274398868,152,0,0,625
dirichlet_0.1__high,dirichlet_0.1,high,2458392116,distributed_price_leontief,preinstalled,True,False,0.5416666666666666,26.0,0.5416666666666666,26.0,0.0,0.0,0.8868458274398868,160,0,0,0
dirichlet_0.1__high,dirichlet_0.1,high,2458392116,drf,drf,True,False,0.5625,27.0,0.5625,27.0,0.0,0.0,0.8267326732673267,183,0,0,0
dirichlet_0.1__high,dirichlet_0.1,high,2458392116,equal,equal,True,False,0.5416666666666666,26.0,0.5416666666666666,26.0,0.0,0.0,0.8543140028288543,206,0,0,0
dirichlet_0.1__high,dirichlet_0.1,high,2458392116,independent_bundle_maxmin,preinstalled,True,False,0.5416666666666666,26.0,0.5416666666666666,26.0,0.0,0.0,0.9080622347949081,130,0,0,0
dirichlet_0.1__high,dirichlet_0.1,high,2458392116,separable_leontief_relaxation,preinstalled,True,False,0.5416666666666666,26.0,0.5416666666666666,26.0,0.0,0.0,0.8543140028288543,206,0,0,0
dirichlet_0.1__high,dirichlet_0.1,high,2463410529,central_joint_leontief,optimal,True,False,0.5416666666666666,26.0,0.5416666666666666,26.0,0.0,0.0,0.936141304347826,94,0,0,615
dirichlet_0.1__high,dirichlet_0.1,high,2463410529,distributed_price_leontief,preinstalled,True,False,0.5416666666666666,26.0,0.5416666666666666,26.0,0.0,0.0,0.951766304347826,71,0,0,0
dirichlet_0.1__high,dirichlet_0.1,high,2463410529,drf,drf,True,False,0.5416666666666666,26.0,0.5833333333333334,28.0,0.0,0.0,0.9633152173913043,40,0,0,0
dirichlet_0.1__high,dirichlet_0.1,high,2463410529,equal,equal,True,False,0.5416666666666666,26.0,0.5416666666666666,26.0,0.0,0.0,0.9436141304347826,83,0,0,0
dirichlet_0.1__high,dirichlet_0.1,high,2463410529,independent_bundle_maxmin,preinstalled,True,False,0.5625,27.0,0.5625,27.0,0.0,0.0,0.9402173913043478,88,0,0,0
dirichlet_0.1__high,dirichlet_0.1,high,2463410529,separable_leontief_relaxation,preinstalled,True,False,0.5416666666666666,26.0,0.5416666666666666,26.0,0.0,0.0,0.9436141304347826,83,0,0,0
dirichlet_0.1__high,dirichlet_0.1,high,2464146756,central_joint_leontief,optimal,True,False,0.5,24.0,0.5625,27.0,0.0,0.0,0.9233480176211454,86,0,0,630
dirichlet_0.1__high,dirichlet_0.1,high,2464146756,distributed_price_leontief,preinstalled,True,False,0.5,24.0,0.5625,27.0,0.0,0.0,0.9233480176211454,87,0,0,0
dirichlet_0.1__high,dirichlet_0.1,high,2464146756,drf,drf,True,False,0.4375,21.0,0.4791666666666667,23.0,0.0,0.0,0.8722466960352423,138,0,0,0
dirichlet_0.1__high,dirichlet_0.1,high,2464146756,equal,equal,True,False,0.4166666666666667,20.0,0.4375,21.0,0.0,0.0,0.8105726872246696,215,0,0,0
dirichlet_0.1__high,dirichlet_0.1,high,2464146756,independent_bundle_maxmin,preinstalled,True,False,0.4375,21.0,0.4375,21.0,0.0,0.0,0.7612334801762115,271,0,0,0
dirichlet_0.1__high,dirichlet_0.1,high,2464146756,separable_leontief_relaxation,preinstalled,True,False,0.4166666666666667,20.0,0.4375,21.0,0.0,0.0,0.8105726872246696,215,0,0,0
dirichlet_0.1__high,dirichlet_0.1,high,2501632677,central_joint_leontief,optimal,True,False,0.5833333333333334,28.0,0.5833333333333334,28.0,0.0,0.0,0.946159936658749,67,0,0,639
dirichlet_0.1__high,dirichlet_0.1,high,2501632677,distributed_price_leontief,preinstalled,True,False,0.5833333333333334,28.0,0.5833333333333334,28.0,0.0,0.0,0.946159936658749,68,0,0,0
dirichlet_0.1__high,dirichlet_0.1,high,2501632677,drf,drf,True,False,0.5625,27.0,0.5625,27.0,0.0,0.0,0.9247822644497229,54,0,0,0
dirichlet_0.1__high,dirichlet_0.1,high,2501632677,equal,equal,True,False,0.5,24.0,0.5,24.0,0.0,0.0,0.8044338875692795,247,0,0,0
dirichlet_0.1__high,dirichlet_0.1,high,2501632677,independent_bundle_maxmin,preinstalled,True,False,0.5625,27.0,0.5625,27.0,0.0,0.0,0.7885985748218527,267,0,0,0
dirichlet_0.1__high,dirichlet_0.1,high,2501632677,separable_leontief_relaxation,preinstalled,True,False,0.5,24.0,0.5,24.0,0.0,0.0,0.8044338875692795,247,0,0,0
dirichlet_0.1__high,dirichlet_0.1,high,2503513465,central_joint_leontief,optimal,True,False,0.5208333333333334,25.0,0.5208333333333334,25.0,0.0,0.0,0.8863478863478863,163,0,0,649
dirichlet_0.1__high,dirichlet_0.1,high,2503513465,distributed_price_leontief,preinstalled,True,False,0.5208333333333334,25.0,0.5208333333333334,25.0,0.0,0.0,0.8863478863478863,164,0,0,0
dirichlet_0.1__high,dirichlet_0.1,high,2503513465,drf,drf,True,False,0.5208333333333334,25.0,0.5208333333333334,25.0,0.0,0.0,0.8898128898128899,124,0,0,0
dirichlet_0.1__high,dirichlet_0.1,high,2503513465,equal,equal,True,False,0.5,24.0,0.5,24.0,0.0,0.0,0.8773388773388774,177,0,0,0
dirichlet_0.1__high,dirichlet_0.1,high,2503513465,independent_bundle_maxmin,preinstalled,True,False,0.5208333333333334,25.0,0.5208333333333334,25.0,0.0,0.0,0.8925848925848926,155,0,0,0
dirichlet_0.1__high,dirichlet_0.1,high,2503513465,separable_leontief_relaxation,preinstalled,True,False,0.5,24.0,0.5,24.0,0.0,0.0,0.8773388773388774,177,0,0,0
dirichlet_0.1__high,dirichlet_0.1,high,2508126195,central_joint_leontief,optimal,True,False,0.5416666666666666,26.0,0.5416666666666666,26.0,0.0,0.0,0.9496964440589766,57,0,0,620
dirichlet_0.1__high,dirichlet_0.1,high,2508126195,distributed_price_leontief,preinstalled,True,False,0.5416666666666666,26.0,0.5416666666666666,26.0,0.0,0.0,0.9496964440589766,58,0,0,0
dirichlet_0.1__high,dirichlet_0.1,high,2508126195,drf,drf,True,False,0.4791666666666667,23.0,0.4791666666666667,23.0,0.0,0.0,0.8785776235906332,129,0,0,0
dirichlet_0.1__high,dirichlet_0.1,high,2508126195,equal,equal,True,False,0.4166666666666667,20.0,0.4375,21.0,0.0,0.0,0.8196010407632264,208,0,0,0
dirichlet_0.1__high,dirichlet_0.1,high,2508126195,independent_bundle_maxmin,preinstalled,True,False,0.4791666666666667,23.0,0.4791666666666667,23.0,0.0,0.0,0.8039895923677364,226,0,0,0
dirichlet_0.1__high,dirichlet_0.1,high,2508126195,separable_leontief_relaxation,preinstalled,True,False,0.4166666666666667,20.0,0.4375,21.0,0.0,0.0,0.8196010407632264,208,0,0,0
dirichlet_0.1__high,dirichlet_0.1,high,2524586228,central_joint_leontief,optimal,True,False,0.5,24.0,0.5,24.0,0.0,0.0,0.9469469469469469,53,0,0,656
dirichlet_0.1__high,dirichlet_0.1,high,2524586228,distributed_price_leontief,preinstalled,True,False,0.5,24.0,0.5,24.0,0.0,0.0,0.9469469469469469,53,0,0,0
dirichlet_0.1__high,dirichlet_0.1,high,2524586228,drf,drf,True,False,0.4375,21.0,0.4375,21.0,0.0,0.0,0.8698698698698699,80,0,0,0
dirichlet_0.1__high,dirichlet_0.1,high,2524586228,equal,equal,True,False,0.4166666666666667,20.0,0.4375,21.0,0.0,0.0,0.7787787787787788,221,0,0,0
dirichlet_0.1__high,dirichlet_0.1,high,2524586228,independent_bundle_maxmin,preinstalled,True,False,0.4375,21.0,0.4375,21.0,0.0,0.0,0.8268268268268268,173,0,0,0
dirichlet_0.1__high,dirichlet_0.1,high,2524586228,separable_leontief_relaxation,preinstalled,True,False,0.4166666666666667,20.0,0.4375,21.0,0.0,0.0,0.7787787787787788,221,0,0,0
dirichlet_0.1__high,dirichlet_0.1,high,2526189608,central_joint_leontief,optimal,True,False,0.5,24.0,0.5625,27.0,0.0,0.0,0.8433079434167573,144,0,0,627
dirichlet_0.1__high,dirichlet_0.1,high,2526189608,distributed_price_leontief,preinstalled,True,False,0.5,24.0,0.5625,27.0,0.0,0.0,0.8433079434167573,144,0,0,0
dirichlet_0.1__high,dirichlet_0.1,high,2526189608,drf,drf,True,False,0.4166666666666667,20.0,0.4583333333333333,22.0,0.0,0.0,0.6659412404787813,178,0,0,0
dirichlet_0.1__high,dirichlet_0.1,high,2526189608,equal,equal,True,False,0.4375,21.0,0.4375,21.0,0.0,0.0,0.7421109902067464,237,0,0,0
dirichlet_0.1__high,dirichlet_0.1,high,2526189608,independent_bundle_maxmin,preinstalled,True,False,0.5416666666666666,26.0,0.5416666666666666,26.0,0.0,0.0,0.8291621327529923,157,0,0,0
dirichlet_0.1__high,dirichlet_0.1,high,2526189608,separable_leontief_relaxation,preinstalled,True,False,0.4375,21.0,0.4375,21.0,0.0,0.0,0.7421109902067464,237,0,0,0
dirichlet_0.1__high,dirichlet_0.1,high,2566648724,central_joint_leontief,optimal,True,False,0.5,24.0,0.5,24.0,0.0,0.0,0.8302300109529025,155,0,0,628
dirichlet_0.1__high,dirichlet_0.1,high,2566648724,distributed_price_leontief,preinstalled,True,False,0.5,24.0,0.5,24.0,0.0,0.0,0.8302300109529025,155,0,0,0
dirichlet_0.1__high,dirichlet_0.1,high,2566648724,drf,drf,True,False,0.4583333333333333,22.0,0.4583333333333333,22.0,0.0,0.0,0.7973713033953997,120,0,0,0
dirichlet_0.1__high,dirichlet_0.1,high,2566648724,equal,equal,True,False,0.4791666666666667,23.0,0.4791666666666667,23.0,0.0,0.0,0.7886089813800657,193,0,0,0
dirichlet_0.1__high,dirichlet_0.1,high,2566648724,independent_bundle_maxmin,preinstalled,True,False,0.5208333333333334,25.0,0.5208333333333334,25.0,0.0,0.0,0.8313253012048193,154,0,0,0
dirichlet_0.1__high,dirichlet_0.1,high,2566648724,separable_leontief_relaxation,preinstalled,True,False,0.4791666666666667,23.0,0.4791666666666667,23.0,0.0,0.0,0.7886089813800657,193,0,0,0
dirichlet_0.1__high,dirichlet_0.1,high,2568720644,central_joint_leontief,optimal,True,False,0.4583333333333333,22.0,0.4791666666666667,23.0,0.0,0.0,0.8466947960618847,109,0,0,642
dirichlet_0.1__high,dirichlet_0.1,high,2568720644,distributed_price_leontief,preinstalled,True,False,0.4583333333333333,22.0,0.4791666666666667,23.0,0.0,0.0,0.8466947960618847,109,0,0,0
dirichlet_0.1__high,dirichlet_0.1,high,2568720644,drf,drf,True,False,0.4791666666666667,23.0,0.4791666666666667,23.0,0.16666666666666666,0.16666666666666666,0.8438818565400844,73,0,0,0
dirichlet_0.1__high,dirichlet_0.1,high,2568720644,equal,equal,True,False,0.4375,21.0,0.4583333333333333,22.0,0.0,0.0,0.8129395218002813,133,0,0,0
dirichlet_0.1__high,dirichlet_0.1,high,2568720644,independent_bundle_maxmin,preinstalled,True,False,0.4375,21.0,0.4583333333333333,22.0,0.0,0.0,0.8776371308016878,87,0,0,0
dirichlet_0.1__high,dirichlet_0.1,high,2568720644,separable_leontief_relaxation,preinstalled,True,False,0.4375,21.0,0.4583333333333333,22.0,0.0,0.0,0.8129395218002813,133,0,0,0
dirichlet_0.1__high,dirichlet_0.1,high,2577147738,central_joint_leontief,optimal,True,False,0.5208333333333334,25.0,0.5416666666666666,26.0,0.0,0.0,0.9171122994652406,93,0,0,636
dirichlet_0.1__high,dirichlet_0.1,high,2577147738,distributed_price_leontief,preinstalled,True,False,0.5208333333333334,25.0,0.5416666666666666,26.0,0.0,0.0,0.9171122994652406,93,0,0,0
dirichlet_0.1__high,dirichlet_0.1,high,2577147738,drf,drf,True,False,0.5,24.0,0.5,24.0,0.0,0.0,0.9144385026737968,60,0,0,0
dirichlet_0.1__high,dirichlet_0.1,high,2577147738,equal,equal,True,False,0.5,24.0,0.5208333333333334,25.0,0.0,0.0,0.9206773618538324,89,0,0,0
dirichlet_0.1__high,dirichlet_0.1,high,2577147738,independent_bundle_maxmin,preinstalled,True,False,0.5,24.0,0.5208333333333334,25.0,0.0,0.0,0.8885918003565062,125,0,0,0
dirichlet_0.1__high,dirichlet_0.1,high,2577147738,separable_leontief_relaxation,preinstalled,True,False,0.5,24.0,0.5208333333333334,25.0,0.0,0.0,0.9206773618538324,89,0,0,0
dirichlet_0.1__high,dirichlet_0.1,high,2598968052,central_joint_leontief,optimal,True,False,0.5416666666666666,26.0,0.5833333333333334,28.0,0.0,0.0,0.8913260219341974,109,0,0,627
dirichlet_0.1__high,dirichlet_0.1,high,2598968052,distributed_price_leontief,preinstalled,True,False,0.5416666666666666,26.0,0.5833333333333334,28.0,0.0,0.0,0.8913260219341974,109,0,0,0
dirichlet_0.1__high,dirichlet_0.1,high,2598968052,drf,drf,True,False,0.4583333333333333,22.0,0.5,24.0,0.0,0.0,0.8095712861415753,173,0,0,0
dirichlet_0.1__high,dirichlet_0.1,high,2598968052,equal,equal,True,False,0.4791666666666667,23.0,0.4791666666666667,23.0,0.0,0.0,0.752741774675972,248,0,0,0
dirichlet_0.1__high,dirichlet_0.1,high,2598968052,independent_bundle_maxmin,preinstalled,True,False,0.5208333333333334,25.0,0.5208333333333334,25.0,0.0,0.0,0.8265204386839482,174,0,0,0
dirichlet_0.1__high,dirichlet_0.1,high,2598968052,separable_leontief_relaxation,preinstalled,True,False,0.4791666666666667,23.0,0.4791666666666667,23.0,0.0,0.0,0.752741774675972,248,0,0,0
dirichlet_0.1__high,dirichlet_0.1,high,2600011987,central_joint_leontief,optimal,True,False,0.5,24.0,0.5208333333333334,25.0,0.0,0.0,0.8812217194570136,105,0,0,625
dirichlet_0.1__high,dirichlet_0.1,high,2600011987,distributed_price_leontief,preinstalled,True,False,0.5,24.0,0.5208333333333334,25.0,0.0,0.0,0.8812217194570136,105,0,0,0
dirichlet_0.1__high,dirichlet_0.1,high,2600011987,drf,drf,True,False,0.5,24.0,0.5,24.0,0.0,0.0,0.8642533936651584,96,0,0,0
dirichlet_0.1__high,dirichlet_0.1,high,2600011987,equal,equal,True,False,0.4166666666666667,20.0,0.4583333333333333,22.0,0.0,0.0,0.7952488687782805,181,0,0,0
dirichlet_0.1__high,dirichlet_0.1,high,2600011987,independent_bundle_maxmin,preinstalled,True,False,0.5,24.0,0.5208333333333334,25.0,0.0,0.0,0.8574660633484162,126,0,0,0
dirichlet_0.1__high,dirichlet_0.1,high,2600011987,separable_leontief_relaxation,preinstalled,True,False,0.4166666666666667,20.0,0.4583333333333333,22.0,0.0,0.0,0.7952488687782805,181,0,0,0
dirichlet_0.1__high,dirichlet_0.1,high,2652099947,central_joint_leontief,optimal,True,False,0.5416666666666666,26.0,0.5833333333333334,28.0,0.0,0.0,0.9234042553191489,89,0,0,642
dirichlet_0.1__high,dirichlet_0.1,high,2652099947,distributed_price_leontief,preinstalled,True,False,0.5416666666666666,26.0,0.5833333333333334,28.0,0.0,0.0,0.9234042553191489,90,0,0,0
dirichlet_0.1__high,dirichlet_0.1,high,2652099947,drf,drf,True,False,0.5208333333333334,25.0,0.5416666666666666,26.0,0.0,0.0,0.8791489361702127,102,0,0,0
dirichlet_0.1__high,dirichlet_0.1,high,2652099947,equal,equal,True,False,0.4791666666666667,23.0,0.5208333333333334,25.0,0.0,0.0,0.8774468085106383,144,0,0,0
dirichlet_0.1__high,dirichlet_0.1,high,2652099947,independent_bundle_maxmin,preinstalled,True,False,0.5416666666666666,26.0,0.5833333333333334,28.0,0.0,0.0,0.9234042553191489,90,0,0,0
dirichlet_0.1__high,dirichlet_0.1,high,2652099947,separable_leontief_relaxation,preinstalled,True,False,0.4791666666666667,23.0,0.5208333333333334,25.0,0.0,0.0,0.8774468085106383,144,0,0,0
dirichlet_0.1__high,dirichlet_0.1,high,2677882682,central_joint_leontief,optimal,True,False,0.5625,27.0,0.5625,27.0,0.0,0.0,0.929471032745592,110,0,0,627
dirichlet_0.1__high,dirichlet_0.1,high,2677882682,distributed_price_leontief,preinstalled,True,False,0.5625,27.0,0.5625,27.0,0.0,0.0,0.929471032745592,112,0,0,0
dirichlet_0.1__high,dirichlet_0.1,high,2677882682,drf,drf,True,False,0.5,24.0,0.5,24.0,0.0,0.0,0.9370277078085643,86,0,0,0
dirichlet_0.1__high,dirichlet_0.1,high,2677882682,equal,equal,True,False,0.4583333333333333,22.0,0.4583333333333333,22.0,0.0,0.0,0.8816120906801007,188,0,0,0
dirichlet_0.1__high,dirichlet_0.1,high,2677882682,independent_bundle_maxmin,preinstalled,True,False,0.5,24.0,0.5,24.0,0.0,0.0,0.8822418136020151,187,0,0,0
dirichlet_0.1__high,dirichlet_0.1,high,2677882682,separable_leontief_relaxation,preinstalled,True,False,0.4583333333333333,22.0,0.4583333333333333,22.0,0.0,0.0,0.8816120906801007,188,0,0,0
dirichlet_0.1__high,dirichlet_0.1,high,2714253060,central_joint_leontief,optimal,True,False,0.6041666666666666,29.0,0.6458333333333334,31.0,0.0,0.0,0.8813229571984436,122,0,0,625
dirichlet_0.1__high,dirichlet_0.1,high,2714253060,distributed_price_leontief,preinstalled,True,False,0.6041666666666666,29.0,0.6458333333333334,31.0,0.0,0.0,0.8813229571984436,122,0,0,0
dirichlet_0.1__high,dirichlet_0.1,high,2714253060,drf,drf,True,False,0.5208333333333334,25.0,0.5416666666666666,26.0,0.0,0.0,0.8190661478599222,138,0,0,0
dirichlet_0.1__high,dirichlet_0.1,high,2714253060,equal,equal,True,False,0.4791666666666667,23.0,0.5208333333333334,25.0,0.0,0.0,0.7529182879377432,254,0,0,0
dirichlet_0.1__high,dirichlet_0.1,high,2714253060,independent_bundle_maxmin,preinstalled,True,False,0.6041666666666666,29.0,0.6458333333333334,31.0,0.0,0.0,0.8813229571984436,122,0,0,0
dirichlet_0.1__high,dirichlet_0.1,high,2714253060,separable_leontief_relaxation,preinstalled,True,False,0.4791666666666667,23.0,0.5208333333333334,25.0,0.0,0.0,0.7529182879377432,254,0,0,0
dirichlet_0.1__high,dirichlet_0.1,high,2730197715,central_joint_leontief,optimal,True,False,0.6041666666666666,29.0,0.6041666666666666,29.0,0.0,0.0,0.8456725755995829,148,0,0,634
dirichlet_0.1__high,dirichlet_0.1,high,2730197715,distributed_price_leontief,preinstalled,True,False,0.6041666666666666,29.0,0.6041666666666666,29.0,0.0,0.0,0.8456725755995829,148,0,0,0
dirichlet_0.1__high,dirichlet_0.1,high,2730197715,drf,drf,True,False,0.4791666666666667,23.0,0.4791666666666667,23.0,0.0,0.0,0.7111574556830031,223,0,0,0
dirichlet_0.1__high,dirichlet_0.1,high,2730197715,equal,equal,True,False,0.5,24.0,0.5,24.0,0.0,0.0,0.6913451511991658,296,0,0,0
dirichlet_0.1__high,dirichlet_0.1,high,2730197715,independent_bundle_maxmin,preinstalled,True,False,0.5625,27.0,0.5625,27.0,0.0,0.0,0.7695516162669447,221,0,0,0
dirichlet_0.1__high,dirichlet_0.1,high,2730197715,separable_leontief_relaxation,preinstalled,True,False,0.5,24.0,0.5,24.0,0.0,0.0,0.6913451511991658,296,0,0,0
dirichlet_0.1__high,dirichlet_0.1,high,2735928750,central_joint_leontief,optimal,True,False,0.5,24.0,0.5,24.0,0.0,0.0,0.9402102496714849,90,0,0,620
dirichlet_0.1__high,dirichlet_0.1,high,2735928750,distributed_price_leontief,preinstalled,True,False,0.5,24.0,0.5,24.0,0.0,0.0,0.9402102496714849,91,0,0,0
dirichlet_0.1__high,dirichlet_0.1,high,2735928750,drf,drf,True,False,0.5208333333333334,25.0,0.5208333333333334,25.0,0.0,0.0,0.911957950065703,86,0,0,0
dirichlet_0.1__high,dirichlet_0.1,high,2735928750,equal,equal,True,False,0.4375,21.0,0.4375,21.0,0.0,0.0,0.8837056504599211,177,0,0,0
dirichlet_0.1__high,dirichlet_0.1,high,2735928750,independent_bundle_maxmin,preinstalled,True,False,0.5416666666666666,26.0,0.5416666666666666,26.0,0.0,0.0,0.9296977660972404,107,0,0,0
dirichlet_0.1__high,dirichlet_0.1,high,2735928750,separable_leontief_relaxation,preinstalled,True,False,0.4375,21.0,0.4375,21.0,0.0,0.0,0.8837056504599211,177,0,0,0
dirichlet_0.1__high,dirichlet_0.1,high,2736850591,central_joint_leontief,optimal,True,False,0.6041666666666666,29.0,0.625,30.0,0.0,0.0,0.9220257234726688,97,0,0,635
dirichlet_0.1__high,dirichlet_0.1,high,2736850591,distributed_price_leontief,preinstalled,True,False,0.6041666666666666,29.0,0.625,30.0,0.0,0.0,0.9220257234726688,97,0,0,0
dirichlet_0.1__high,dirichlet_0.1,high,2736850591,drf,drf,True,False,0.5416666666666666,26.0,0.5416666666666666,26.0,0.0,0.0,0.882636655948553,103,0,0,0
dirichlet_0.1__high,dirichlet_0.1,high,2736850591,equal,equal,True,False,0.5,24.0,0.5208333333333334,25.0,0.0,0.0,0.862540192926045,171,0,0,0
dirichlet_0.1__high,dirichlet_0.1,high,2736850591,independent_bundle_maxmin,preinstalled,True,False,0.6458333333333334,31.0,0.6458333333333334,31.0,0.0,0.0,0.8906752411575563,136,0,0,0
dirichlet_0.1__high,dirichlet_0.1,high,2736850591,separable_leontief_relaxation,preinstalled,True,False,0.5,24.0,0.5208333333333334,25.0,0.0,0.0,0.862540192926045,171,0,0,0
dirichlet_0.1__high,dirichlet_0.1,high,2792985194,central_joint_leontief,optimal,True,False,0.5208333333333334,25.0,0.5208333333333334,25.0,0.0,0.0,0.8876967095851216,156,0,0,613
dirichlet_0.1__high,dirichlet_0.1,high,2792985194,distributed_price_leontief,preinstalled,True,False,0.5,24.0,0.5,24.0,0.0,0.0,0.869098712446352,183,0,0,0
dirichlet_0.1__high,dirichlet_0.1,high,2792985194,drf,drf,True,False,0.5208333333333334,25.0,0.5208333333333334,25.0,0.0,0.0,0.9070100143061517,109,0,0,0
dirichlet_0.1__high,dirichlet_0.1,high,2792985194,equal,equal,True,False,0.4375,21.0,0.4375,21.0,0.0,0.0,0.8590844062947067,197,0,0,0
dirichlet_0.1__high,dirichlet_0.1,high,2792985194,independent_bundle_maxmin,preinstalled,True,False,0.5208333333333334,25.0,0.5208333333333334,25.0,0.0,0.0,0.8884120171673819,156,0,0,0
dirichlet_0.1__high,dirichlet_0.1,high,2792985194,separable_leontief_relaxation,preinstalled,True,False,0.4375,21.0,0.4375,21.0,0.0,0.0,0.8590844062947067,197,0,0,0
dirichlet_0.1__high,dirichlet_0.1,high,2810498306,central_joint_leontief,optimal,True,False,0.5625,27.0,0.5625,27.0,0.0,0.0,0.8636363636363636,132,0,0,634
dirichlet_0.1__high,dirichlet_0.1,high,2810498306,distributed_price_leontief,preinstalled,True,False,0.5625,27.0,0.5625,27.0,0.0,0.0,0.8636363636363636,132,0,0,0
dirichlet_0.1__high,dirichlet_0.1,high,2810498306,drf,drf,True,False,0.5,24.0,0.5,24.0,0.0,0.0,0.9039256198347108,62,0,0,0
dirichlet_0.1__high,dirichlet_0.1,high,2810498306,equal,equal,True,False,0.5,24.0,0.5208333333333334,25.0,0.0,0.0,0.7892561983471075,204,0,0,0
dirichlet_0.1__high,dirichlet_0.1,high,2810498306,independent_bundle_maxmin,preinstalled,True,False,0.5416666666666666,26.0,0.5416666666666666,26.0,0.0,0.0,0.8388429752066116,156,0,0,0
dirichlet_0.1__high,dirichlet_0.1,high,2810498306,separable_leontief_relaxation,preinstalled,True,False,0.5,24.0,0.5208333333333334,25.0,0.0,0.0,0.7892561983471075,204,0,0,0
dirichlet_0.1__high,dirichlet_0.1,high,2817000645,central_joint_leontief,optimal,True,False,0.6458333333333334,31.0,0.6458333333333334,31.0,0.0,0.0,0.9364548494983278,75,0,0,660
dirichlet_0.1__high,dirichlet_0.1,high,2817000645,distributed_price_leontief,preinstalled,True,False,0.6458333333333334,31.0,0.6458333333333334,31.0,0.0,0.0,0.9364548494983278,76,0,0,0
dirichlet_0.1__high,dirichlet_0.1,high,2817000645,drf,drf,True,False,0.5208333333333334,25.0,0.5208333333333334,25.0,0.0,0.0,0.8545150501672241,105,0,0,0
dirichlet_0.1__high,dirichlet_0.1,high,2817000645,equal,equal,True,False,0.5,24.0,0.5208333333333334,25.0,0.0,0.0,0.8444816053511706,186,0,0,0
dirichlet_0.1__high,dirichlet_0.1,high,2817000645,independent_bundle_maxmin,preinstalled,True,False,0.6458333333333334,31.0,0.6458333333333334,31.0,0.0,0.0,0.9364548494983278,76,0,0,0
dirichlet_0.1__high,dirichlet_0.1,high,2817000645,separable_leontief_relaxation,preinstalled,True,False,0.5,24.0,0.5208333333333334,25.0,0.0,0.0,0.8444816053511706,186,0,0,0
dirichlet_0.1__high,dirichlet_0.1,high,2825972968,central_joint_leontief,optimal,True,False,0.5416666666666666,26.0,0.5625,27.0,0.0,0.0,0.9457092819614711,89,0,0,654
dirichlet_0.1__high,dirichlet_0.1,high,2825972968,distributed_price_leontief,preinstalled,True,False,0.5416666666666666,26.0,0.5625,27.0,0.0,0.0,0.9457092819614711,93,0,0,0
dirichlet_0.1__high,dirichlet_0.1,high,2825972968,drf,drf,True,False,0.5416666666666666,26.0,0.5416666666666666,26.0,0.0,0.0,0.9042615294804437,127,0,0,0
dirichlet_0.1__high,dirichlet_0.1,high,2825972968,equal,equal,True,False,0.5,24.0,0.5208333333333334,25.0,0.0,0.0,0.9387040280210157,105,0,0,0
dirichlet_0.1__high,dirichlet_0.1,high,2825972968,independent_bundle_maxmin,preinstalled,True,False,0.5208333333333334,25.0,0.5208333333333334,25.0,0.0,0.0,0.9346176298890835,112,0,0,0
dirichlet_0.1__high,dirichlet_0.1,high,2825972968,separable_leontief_relaxation,preinstalled,True,False,0.5,24.0,0.5208333333333334,25.0,0.0,0.0,0.9387040280210157,105,0,0,0
dirichlet_0.1__high,dirichlet_0.1,high,2843249206,central_joint_leontief,optimal,True,False,0.6041666666666666,29.0,0.6041666666666666,29.0,0.0,0.0,0.9339098208770846,97,0,0,627
dirichlet_0.1__high,dirichlet_0.1,high,2843249206,distributed_price_leontief,preinstalled,True,False,0.6041666666666666,29.0,0.6041666666666666,29.0,0.0,0.0,0.9339098208770846,107,0,0,0
dirichlet_0.1__high,dirichlet_0.1,high,2843249206,drf,drf,True,False,0.5833333333333334,28.0,0.5833333333333334,28.0,0.0,0.0,0.9104385423100679,61,0,0,0
dirichlet_0.1__high,dirichlet_0.1,high,2843249206,equal,equal,True,False,0.5833333333333334,28.0,0.5833333333333334,28.0,0.0,0.0,0.9017912291537986,159,0,0,0
dirichlet_0.1__high,dirichlet_0.1,high,2843249206,independent_bundle_maxmin,preinstalled,True,False,0.5416666666666666,26.0,0.5416666666666666,26.0,0.0,0.0,0.8573193329215565,231,0,0,0
dirichlet_0.1__high,dirichlet_0.1,high,2843249206,separable_leontief_relaxation,preinstalled,True,False,0.5833333333333334,28.0,0.5833333333333334,28.0,0.0,0.0,0.9017912291537986,159,0,0,0
dirichlet_0.1__high,dirichlet_0.1,high,2870079691,central_joint_leontief,optimal,True,False,0.625,30.0,0.625,30.0,0.0,0.0,0.9574468085106383,57,0,0,642
dirichlet_0.1__high,dirichlet_0.1,high,2870079691,distributed_price_leontief,preinstalled,True,False,0.625,30.0,0.625,30.0,0.0,0.0,0.9574468085106383,58,0,0,0
dirichlet_0.1__high,dirichlet_0.1,high,2870079691,drf,drf,True,False,0.5416666666666666,26.0,0.5416666666666666,26.0,0.0,0.0,0.8987527512839325,83,0,0,0
dirichlet_0.1__high,dirichlet_0.1,high,2870079691,equal,equal,True,False,0.5208333333333334,25.0,0.5208333333333334,25.0,0.0,0.0,0.8239178283198826,240,0,0,0
dirichlet_0.1__high,dirichlet_0.1,high,2870079691,independent_bundle_maxmin,preinstalled,True,False,0.6041666666666666,29.0,0.6041666666666666,29.0,0.0,0.0,0.9222303741746148,106,0,0,0
dirichlet_0.1__high,dirichlet_0.1,high,2870079691,separable_leontief_relaxation,preinstalled,True,False,0.5208333333333334,25.0,0.5208333333333334,25.0,0.0,0.0,0.8239178283198826,240,0,0,0
dirichlet_0.1__high,dirichlet_0.1,high,2882304442,central_joint_leontief,optimal,True,False,0.5208333333333334,25.0,0.5208333333333334,25.0,0.0,0.0,0.9128014842300557,94,0,0,633
dirichlet_0.1__high,dirichlet_0.1,high,2882304442,distributed_price_leontief,preinstalled,True,False,0.5208333333333334,25.0,0.5208333333333334,25.0,0.0,0.0,0.9128014842300557,94,0,0,0
dirichlet_0.1__high,dirichlet_0.1,high,2882304442,drf,drf,True,False,0.5416666666666666,26.0,0.5416666666666666,26.0,0.0,0.0,0.937847866419295,58,0,0,0
dirichlet_0.1__high,dirichlet_0.1,high,2882304442,equal,equal,True,False,0.4583333333333333,22.0,0.4583333333333333,22.0,0.0,0.0,0.7625231910946196,256,0,0,0
dirichlet_0.1__high,dirichlet_0.1,high,2882304442,independent_bundle_maxmin,preinstalled,True,False,0.4791666666666667,23.0,0.4791666666666667,23.0,0.0,0.0,0.8163265306122449,198,0,0,0
dirichlet_0.1__high,dirichlet_0.1,high,2882304442,separable_leontief_relaxation,preinstalled,True,False,0.4583333333333333,22.0,0.4583333333333333,22.0,0.0,0.0,0.7625231910946196,256,0,0,0
dirichlet_0.1__high,dirichlet_0.1,high,2891712906,central_joint_leontief,optimal,True,False,0.5833333333333334,28.0,0.5833333333333334,28.0,0.0,0.0,0.9348079161816065,106,0,0,663
dirichlet_0.1__high,dirichlet_0.1,high,2891712906,distributed_price_leontief,preinstalled,True,False,0.5833333333333334,28.0,0.5833333333333334,28.0,0.0,0.0,0.9348079161816065,112,0,0,0
dirichlet_0.1__high,dirichlet_0.1,high,2891712906,drf,drf,True,False,0.5833333333333334,28.0,0.5833333333333334,28.0,0.0,0.0,0.9237485448195576,75,0,0,0
dirichlet_0.1__high,dirichlet_0.1,high,2891712906,equal,equal,True,False,0.5625,27.0,0.5625,27.0,0.0,0.0,0.9313154831199069,118,0,0,0
dirichlet_0.1__high,dirichlet_0.1,high,2891712906,independent_bundle_maxmin,preinstalled,True,False,0.5416666666666666,26.0,0.5625,27.0,0.0,0.0,0.9330616996507567,115,0,0,0
dirichlet_0.1__high,dirichlet_0.1,high,2891712906,separable_leontief_relaxation,preinstalled,True,False,0.5625,27.0,0.5625,27.0,0.0,0.0,0.9313154831199069,118,0,0,0
dirichlet_0.1__high,dirichlet_0.1,high,2905932246,central_joint_leontief,optimal,True,False,0.5833333333333334,28.0,0.5833333333333334,28.0,0.0,0.0,0.9397884458909682,74,0,0,655
dirichlet_0.1__high,dirichlet_0.1,high,2905932246,distributed_price_leontief,preinstalled,True,False,0.5833333333333334,28.0,0.5833333333333334,28.0,0.0,0.0,0.9397884458909682,74,0,0,0
dirichlet_0.1__high,dirichlet_0.1,high,2905932246,drf,drf,True,False,0.5833333333333334,28.0,0.5833333333333334,28.0,0.0,0.0,0.9389747762408462,42,0,0,0
dirichlet_0.1__high,dirichlet_0.1,high,2905932246,equal,equal,True,False,0.5,24.0,0.5208333333333334,25.0,0.0,0.0,0.7843775427176566,265,0,0,0
dirichlet_0.1__high,dirichlet_0.1,high,2905932246,independent_bundle_maxmin,preinstalled,True,False,0.5625,27.0,0.5833333333333334,28.0,0.0,0.0,0.7469487388120423,311,0,0,0
dirichlet_0.1__high,dirichlet_0.1,high,2905932246,separable_leontief_relaxation,preinstalled,True,False,0.5,24.0,0.5208333333333334,25.0,0.0,0.0,0.7843775427176566,265,0,0,0
dirichlet_0.1__high,dirichlet_0.1,high,2942686094,central_joint_leontief,optimal,True,False,0.5833333333333334,28.0,0.6041666666666666,29.0,0.0,0.0,0.9427516158818098,61,0,0,619
dirichlet_0.1__high,dirichlet_0.1,high,2942686094,distributed_price_leontief,preinstalled,True,False,0.5833333333333334,28.0,0.6041666666666666,29.0,0.0,0.0,0.9427516158818098,62,0,0,0
dirichlet_0.1__high,dirichlet_0.1,high,2942686094,drf,drf,True,False,0.5416666666666666,26.0,0.5416666666666666,26.0,0.0,0.0,0.8578024007386889,100,0,0,0
dirichlet_0.1__high,dirichlet_0.1,high,2942686094,equal,equal,True,False,0.5208333333333334,25.0,0.5416666666666666,26.0,0.0,0.0,0.8956602031394275,113,0,0,0
dirichlet_0.1__high,dirichlet_0.1,high,2942686094,independent_bundle_maxmin,preinstalled,True,False,0.5833333333333334,28.0,0.6041666666666666,29.0,0.0,0.0,0.9427516158818098,62,0,0,0
dirichlet_0.1__high,dirichlet_0.1,high,2942686094,separable_leontief_relaxation,preinstalled,True,False,0.5208333333333334,25.0,0.5416666666666666,26.0,0.0,0.0,0.8956602031394275,113,0,0,0
dirichlet_0.1__high,dirichlet_0.1,high,2956068456,central_joint_leontief,optimal,True,False,0.5416666666666666,26.0,0.5625,27.0,0.0,0.0,0.8277310924369747,163,0,0,636
dirichlet_0.1__high,dirichlet_0.1,high,2956068456,distributed_price_leontief,preinstalled,True,False,0.5416666666666666,26.0,0.5625,27.0,0.0,0.0,0.8277310924369747,164,0,0,0
dirichlet_0.1__high,dirichlet_0.1,high,2956068456,drf,drf,True,False,0.5,24.0,0.5208333333333334,25.0,0.0,0.0,0.8130252100840336,114,0,0,0
dirichlet_0.1__high,dirichlet_0.1,high,2956068456,equal,equal,True,False,0.4791666666666667,23.0,0.4791666666666667,23.0,0.0,0.0,0.7993697478991597,191,0,0,0
dirichlet_0.1__high,dirichlet_0.1,high,2956068456,independent_bundle_maxmin,preinstalled,True,False,0.5833333333333334,28.0,0.5833333333333334,28.0,0.0,0.0,0.8834033613445378,111,0,0,0
dirichlet_0.1__high,dirichlet_0.1,high,2956068456,separable_leontief_relaxation,preinstalled,True,False,0.4791666666666667,23.0,0.4791666666666667,23.0,0.0,0.0,0.7993697478991597,191,0,0,0
dirichlet_0.1__high,dirichlet_0.1,high,2976004693,central_joint_leontief,optimal,True,False,0.5833333333333334,28.0,0.5833333333333334,28.0,0.0,0.0,0.9332096474953617,72,0,0,640
dirichlet_0.1__high,dirichlet_0.1,high,2976004693,distributed_price_leontief,preinstalled,True,False,0.5833333333333334,28.0,0.5833333333333334,28.0,0.0,0.0,0.9332096474953617,72,0,0,0
dirichlet_0.1__high,dirichlet_0.1,high,2976004693,drf,drf,True,False,0.5416666666666666,26.0,0.5416666666666666,26.0,0.0,0.0,0.9063079777365491,47,0,0,0
dirichlet_0.1__high,dirichlet_0.1,high,2976004693,equal,equal,True,False,0.5208333333333334,25.0,0.5208333333333334,25.0,0.0,0.0,0.8200371057513914,194,0,0,0
dirichlet_0.1__high,dirichlet_0.1,high,2976004693,independent_bundle_maxmin,preinstalled,True,False,0.5625,27.0,0.5833333333333334,28.0,0.0,0.0,0.8692022263450835,141,0,0,0
dirichlet_0.1__high,dirichlet_0.1,high,2976004693,separable_leontief_relaxation,preinstalled,True,False,0.5208333333333334,25.0,0.5208333333333334,25.0,0.0,0.0,0.8200371057513914,194,0,0,0
dirichlet_0.1__high,dirichlet_0.1,high,3043575286,central_joint_leontief,optimal,True,False,0.5208333333333334,25.0,0.5208333333333334,25.0,0.0,0.0,0.9527272727272728,75,0,0,626
dirichlet_0.1__high,dirichlet_0.1,high,3043575286,distributed_price_leontief,preinstalled,True,False,0.5208333333333334,25.0,0.5208333333333334,25.0,0.0,0.0,0.9527272727272728,78,0,0,0
dirichlet_0.1__high,dirichlet_0.1,high,3043575286,drf,drf,True,False,0.5208333333333334,25.0,0.5208333333333334,25.0,0.0,0.0,0.9018181818181819,112,0,0,0
dirichlet_0.1__high,dirichlet_0.1,high,3043575286,equal,equal,True,False,0.5208333333333334,25.0,0.5208333333333334,25.0,0.0,0.0,0.9139393939393939,142,0,0,0
dirichlet_0.1__high,dirichlet_0.1,high,3043575286,independent_bundle_maxmin,preinstalled,True,False,0.5208333333333334,25.0,0.5208333333333334,25.0,0.0,0.0,0.9418181818181818,96,0,0,0
dirichlet_0.1__high,dirichlet_0.1,high,3043575286,separable_leontief_relaxation,preinstalled,True,False,0.5208333333333334,25.0,0.5208333333333334,25.0,0.0,0.0,0.9139393939393939,142,0,0,0
dirichlet_0.1__high,dirichlet_0.1,high,3053626668,central_joint_leontief,optimal,True,False,0.6041666666666666,29.0,0.625,30.0,0.0,0.0,0.9373345101500441,70,0,0,651
dirichlet_0.1__high,dirichlet_0.1,high,3053626668,distributed_price_leontief,preinstalled,True,False,0.6041666666666666,29.0,0.625,30.0,0.0,0.0,0.9373345101500441,71,0,0,0
dirichlet_0.1__high,dirichlet_0.1,high,3053626668,drf,drf,True,False,0.5208333333333334,25.0,0.5208333333333334,25.0,0.0,0.0,0.8402471315092674,127,0,0,0
dirichlet_0.1__high,dirichlet_0.1,high,3053626668,equal,equal,True,False,0.4791666666666667,23.0,0.5,24.0,0.0,0.0,0.7519858781994704,281,0,0,0
dirichlet_0.1__high,dirichlet_0.1,high,3053626668,independent_bundle_maxmin,preinstalled,True,False,0.5833333333333334,28.0,0.6041666666666666,29.0,0.0,0.0,0.8278905560458959,195,0,0,0
dirichlet_0.1__high,dirichlet_0.1,high,3053626668,separable_leontief_relaxation,preinstalled,True,False,0.4791666666666667,23.0,0.5,24.0,0.0,0.0,0.7519858781994704,281,0,0,0
dirichlet_0.1__high,dirichlet_0.1,high,3059548316,central_joint_leontief,optimal,True,False,0.5416666666666666,26.0,0.5416666666666666,26.0,0.0,0.0,0.9133205863607393,134,0,0,614
dirichlet_0.1__high,dirichlet_0.1,high,3059548316,distributed_price_leontief,preinstalled,True,False,0.5416666666666666,26.0,0.5416666666666666,26.0,0.0,0.0,0.9133205863607393,136,0,0,0
dirichlet_0.1__high,dirichlet_0.1,high,3059548316,drf,drf,True,False,0.4583333333333333,22.0,0.4583333333333333,22.0,0.0,0.0,0.8789037603569152,166,0,0,0
dirichlet_0.1__high,dirichlet_0.1,high,3059548316,equal,equal,True,False,0.4791666666666667,23.0,0.5,24.0,0.0,0.0,0.8833652007648184,183,0,0,0
dirichlet_0.1__high,dirichlet_0.1,high,3059548316,independent_bundle_maxmin,preinstalled,True,False,0.5,24.0,0.5208333333333334,25.0,0.0,0.0,0.8304652644996813,266,0,0,0
dirichlet_0.1__high,dirichlet_0.1,high,3059548316,separable_leontief_relaxation,preinstalled,True,False,0.4791666666666667,23.0,0.5,24.0,0.0,0.0,0.8833652007648184,183,0,0,0
dirichlet_0.1__high,dirichlet_0.1,high,3066518355,central_joint_leontief,optimal,True,False,0.5416666666666666,26.0,0.5625,27.0,0.0,0.0,0.950185873605948,67,0,0,643
dirichlet_0.1__high,dirichlet_0.1,high,3066518355,distributed_price_leontief,preinstalled,True,False,0.5416666666666666,26.0,0.5625,27.0,0.0,0.0,0.950185873605948,67,0,0,0
dirichlet_0.1__high,dirichlet_0.1,high,3066518355,drf,drf,True,False,0.4791666666666667,23.0,0.5208333333333334,25.0,0.0,0.0,0.8988847583643123,94,0,0,0
dirichlet_0.1__high,dirichlet_0.1,high,3066518355,equal,equal,True,False,0.4375,21.0,0.4583333333333333,22.0,0.0,0.0,0.7762081784386617,301,0,0,0
dirichlet_0.1__high,dirichlet_0.1,high,3066518355,independent_bundle_maxmin,preinstalled,True,False,0.5416666666666666,26.0,0.5416666666666666,26.0,0.0,0.0,0.8557620817843866,194,0,0,0
dirichlet_0.1__high,dirichlet_0.1,high,3066518355,separable_leontief_relaxation,preinstalled,True,False,0.4375,21.0,0.4583333333333333,22.0,0.0,0.0,0.7762081784386617,301,0,0,0
dirichlet_0.1__high,dirichlet_0.1,high,3104103606,central_joint_leontief,optimal,True,False,0.5833333333333334,28.0,0.5833333333333334,28.0,0.0,0.0,0.9408450704225352,62,0,0,627
dirichlet_0.1__high,dirichlet_0.1,high,3104103606,distributed_price_leontief,preinstalled,True,False,0.5833333333333334,28.0,0.5833333333333334,28.0,0.0,0.0,0.9408450704225352,63,0,0,0
dirichlet_0.1__high,dirichlet_0.1,high,3104103606,drf,drf,True,False,0.5208333333333334,25.0,0.5208333333333334,25.0,0.0,0.0,0.8450704225352113,72,0,0,0
dirichlet_0.1__high,dirichlet_0.1,high,3104103606,equal,equal,True,False,0.4791666666666667,23.0,0.4791666666666667,23.0,0.0,0.0,0.8018779342723005,211,0,0,0
dirichlet_0.1__high,dirichlet_0.1,high,3104103606,independent_bundle_maxmin,preinstalled,True,False,0.5833333333333334,28.0,0.5833333333333334,28.0,0.0,0.0,0.92018779342723,85,0,0,0
dirichlet_0.1__high,dirichlet_0.1,high,3104103606,separable_leontief_relaxation,preinstalled,True,False,0.4791666666666667,23.0,0.4791666666666667,23.0,0.0,0.0,0.8018779342723005,211,0,0,0
dirichlet_0.1__high,dirichlet_0.1,high,3166858978,central_joint_leontief,optimal,True,False,0.5,24.0,0.5,24.0,0.0,0.0,0.9198266522210184,73,0,0,615
dirichlet_0.1__high,dirichlet_0.1,high,3166858978,distributed_price_leontief,preinstalled,True,False,0.5,24.0,0.5,24.0,0.0,0.0,0.9198266522210184,74,0,0,0
dirichlet_0.1__high,dirichlet_0.1,high,3166858978,drf,drf,True,False,0.4375,21.0,0.4375,21.0,0.0,0.0,0.8624052004333694,64,0,0,0
dirichlet_0.1__high,dirichlet_0.1,high,3166858978,equal,equal,True,False,0.4791666666666667,23.0,0.4791666666666667,23.0,0.0,0.0,0.819068255687974,167,0,0,0
dirichlet_0.1__high,dirichlet_0.1,high,3166858978,independent_bundle_maxmin,preinstalled,True,False,0.4791666666666667,23.0,0.4791666666666667,23.0,0.0,0.0,0.8678223185265439,122,0,0,0
dirichlet_0.1__high,dirichlet_0.1,high,3166858978,separable_leontief_relaxation,preinstalled,True,False,0.4791666666666667,23.0,0.4791666666666667,23.0,0.0,0.0,0.819068255687974,167,0,0,0
dirichlet_0.1__high,dirichlet_0.1,high,3186016859,central_joint_leontief,optimal,True,False,0.5,24.0,0.5,24.0,0.0,0.0,0.9554189085318986,58,0,0,618
dirichlet_0.1__high,dirichlet_0.1,high,3186016859,distributed_price_leontief,preinstalled,True,False,0.5,24.0,0.5,24.0,0.0,0.0,0.9554189085318986,58,0,0,0
dirichlet_0.1__high,dirichlet_0.1,high,3186016859,drf,drf,True,False,0.4791666666666667,23.0,0.5,24.0,0.0,0.0,0.8032282859338971,66,0,0,0
dirichlet_0.1__high,dirichlet_0.1,high,3186016859,equal,equal,True,False,0.3541666666666667,17.0,0.375,18.0,0.0,0.0,0.6694850115295926,430,0,0,0
dirichlet_0.1__high,dirichlet_0.1,high,3186016859,independent_bundle_maxmin,preinstalled,True,False,0.4583333333333333,22.0,0.4791666666666667,23.0,0.0,0.0,0.7002305918524212,390,0,0,0
dirichlet_0.1__high,dirichlet_0.1,high,3186016859,separable_leontief_relaxation,preinstalled,True,False,0.3541666666666667,17.0,0.375,18.0,0.0,0.0,0.6694850115295926,430,0,0,0
dirichlet_0.1__high,dirichlet_0.1,high,3191323320,central_joint_leontief,optimal,True,False,0.5833333333333334,28.0,0.5833333333333334,28.0,0.0,0.0,0.9166144200626959,127,0,0,632
dirichlet_0.1__high,dirichlet_0.1,high,3191323320,distributed_price_leontief,preinstalled,True,False,0.5833333333333334,28.0,0.5833333333333334,28.0,0.0,0.0,0.9379310344827586,99,0,0,0
dirichlet_0.1__high,dirichlet_0.1,high,3191323320,drf,drf,True,False,0.5625,27.0,0.5625,27.0,0.0,0.0,0.9141065830721004,92,0,0,0
dirichlet_0.1__high,dirichlet_0.1,high,3191323320,equal,equal,True,False,0.5208333333333334,25.0,0.5625,27.0,0.0,0.0,0.9322884012539185,108,0,0,0
dirichlet_0.1__high,dirichlet_0.1,high,3191323320,independent_bundle_maxmin,preinstalled,True,False,0.5208333333333334,25.0,0.5625,27.0,0.0,0.0,0.8840125391849529,185,0,0,0
dirichlet_0.1__high,dirichlet_0.1,high,3191323320,separable_leontief_relaxation,preinstalled,True,False,0.5208333333333334,25.0,0.5625,27.0,0.0,0.0,0.9322884012539185,108,0,0,0
dirichlet_0.1__high,dirichlet_0.1,high,3192870723,central_joint_leontief,optimal,True,False,0.5625,27.0,0.5833333333333334,28.0,0.0,0.0,0.9512195121951219,62,0,0,629
dirichlet_0.1__high,dirichlet_0.1,high,3192870723,distributed_price_leontief,preinstalled,True,False,0.5625,27.0,0.5833333333333334,28.0,0.0,0.0,0.9512195121951219,62,0,0,0
dirichlet_0.1__high,dirichlet_0.1,high,3192870723,drf,drf,True,False,0.5416666666666666,26.0,0.5416666666666666,26.0,0.0,0.0,0.8906372934697089,62,0,0,0
dirichlet_0.1__high,dirichlet_0.1,high,3192870723,equal,equal,True,False,0.4791666666666667,23.0,0.5,24.0,0.0,0.0,0.8434303697875688,199,0,0,0
dirichlet_0.1__high,dirichlet_0.1,high,3192870723,independent_bundle_maxmin,preinstalled,True,False,0.5833333333333334,28.0,0.6041666666666666,29.0,0.0,0.0,0.9118804091266719,112,0,0,0
dirichlet_0.1__high,dirichlet_0.1,high,3192870723,separable_leontief_relaxation,preinstalled,True,False,0.4791666666666667,23.0,0.5,24.0,0.0,0.0,0.8434303697875688,199,0,0,0
dirichlet_0.1__high,dirichlet_0.1,high,3195559325,central_joint_leontief,optimal,True,False,0.5625,27.0,0.5625,27.0,0.0,0.0,0.948849104859335,60,0,0,623
dirichlet_0.1__high,dirichlet_0.1,high,3195559325,distributed_price_leontief,preinstalled,True,False,0.5625,27.0,0.5625,27.0,0.0,0.0,0.948849104859335,60,0,0,0
dirichlet_0.1__high,dirichlet_0.1,high,3195559325,drf,drf,True,False,0.4583333333333333,22.0,0.4583333333333333,22.0,0.0,0.0,0.8090366581415175,150,0,0,0
dirichlet_0.1__high,dirichlet_0.1,high,3195559325,equal,equal,True,False,0.4166666666666667,20.0,0.4166666666666667,20.0,0.0,0.0,0.7885763000852515,248,0,0,0
dirichlet_0.1__high,dirichlet_0.1,high,3195559325,independent_bundle_maxmin,preinstalled,True,False,0.5625,27.0,0.5625,27.0,0.0,0.0,0.9309462915601023,81,0,0,0
dirichlet_0.1__high,dirichlet_0.1,high,3195559325,separable_leontief_relaxation,preinstalled,True,False,0.4166666666666667,20.0,0.4166666666666667,20.0,0.0,0.0,0.7885763000852515,248,0,0,0
dirichlet_0.1__high,dirichlet_0.1,high,3199293997,central_joint_leontief,optimal,True,False,0.5625,27.0,0.5833333333333334,28.0,0.0,0.0,0.9543808834178131,61,0,0,614
dirichlet_0.1__high,dirichlet_0.1,high,3199293997,distributed_price_leontief,preinstalled,True,False,0.5625,27.0,0.5833333333333334,28.0,0.0,0.0,0.9543808834178131,63,0,0,0
dirichlet_0.1__high,dirichlet_0.1,high,3199293997,drf,drf,True,False,0.5625,27.0,0.5833333333333334,28.0,0.0,0.0,0.9217958001448225,74,0,0,0
dirichlet_0.1__high,dirichlet_0.1,high,3199293997,equal,equal,True,False,0.5208333333333334,25.0,0.5416666666666666,26.0,0.0,0.0,0.9022447501810282,135,0,0,0
dirichlet_0.1__high,dirichlet_0.1,high,3199293997,independent_bundle_maxmin,preinstalled,True,False,0.5416666666666666,26.0,0.5625,27.0,0.0,0.0,0.9580014482259233,58,0,0,0
dirichlet_0.1__high,dirichlet_0.1,high,3199293997,separable_leontief_relaxation,preinstalled,True,False,0.5208333333333334,25.0,0.5416666666666666,26.0,0.0,0.0,0.9022447501810282,135,0,0,0
dirichlet_0.1__high,dirichlet_0.1,high,3214303852,central_joint_leontief,optimal,True,False,0.5,24.0,0.5208333333333334,25.0,0.0,0.0,0.9101796407185628,105,0,0,645
dirichlet_0.1__high,dirichlet_0.1,high,3214303852,distributed_price_leontief,preinstalled,True,False,0.5416666666666666,26.0,0.5625,27.0,0.0,0.0,0.9529512403763901,55,0,0,0
dirichlet_0.1__high,dirichlet_0.1,high,3214303852,drf,drf,True,False,0.4791666666666667,23.0,0.4791666666666667,23.0,0.0,0.0,0.8639863130881095,133,0,0,0
dirichlet_0.1__high,dirichlet_0.1,high,3214303852,equal,equal,True,False,0.5208333333333334,25.0,0.5208333333333334,25.0,0.0,0.0,0.9178785286569717,96,0,0,0
dirichlet_0.1__high,dirichlet_0.1,high,3214303852,independent_bundle_maxmin,preinstalled,True,False,0.5208333333333334,25.0,0.5416666666666666,26.0,0.0,0.0,0.9315654405474765,80,0,0,0
dirichlet_0.1__high,dirichlet_0.1,high,3214303852,separable_leontief_relaxation,preinstalled,True,False,0.5208333333333334,25.0,0.5208333333333334,25.0,0.0,0.0,0.9178785286569717,96,0,0,0
dirichlet_0.1__high,dirichlet_0.1,high,3215523777,central_joint_leontief,optimal,True,False,0.5833333333333334,28.0,0.625,30.0,0.0,0.0,0.9484375,65,0,0,626
dirichlet_0.1__high,dirichlet_0.1,high,3215523777,distributed_price_leontief,preinstalled,True,False,0.5833333333333334,28.0,0.625,30.0,0.0,0.0,0.9484375,66,0,0,0
dirichlet_0.1__high,dirichlet_0.1,high,3215523777,drf,drf,True,False,0.5833333333333334,28.0,0.5833333333333334,28.0,0.0,0.0,0.88203125,90,0,0,0
dirichlet_0.1__high,dirichlet_0.1,high,3215523777,equal,equal,True,False,0.5416666666666666,26.0,0.5833333333333334,28.0,0.0,0.0,0.9078125,118,0,0,0
dirichlet_0.1__high,dirichlet_0.1,high,3215523777,independent_bundle_maxmin,preinstalled,True,False,0.5625,27.0,0.6041666666666666,29.0,0.0,0.0,0.89921875,129,0,0,0
dirichlet_0.1__high,dirichlet_0.1,high,3215523777,separable_leontief_relaxation,preinstalled,True,False,0.5416666666666666,26.0,0.5833333333333334,28.0,0.0,0.0,0.9078125,118,0,0,0
dirichlet_0.1__high,dirichlet_0.1,high,3232559368,central_joint_leontief,optimal,True,False,0.5833333333333334,28.0,0.5833333333333334,28.0,0.0,0.0,0.9550698239222829,72,0,0,632
dirichlet_0.1__high,dirichlet_0.1,high,3232559368,distributed_price_leontief,preinstalled,True,False,0.5833333333333334,28.0,0.5833333333333334,28.0,0.0,0.0,0.9550698239222829,74,0,0,0
dirichlet_0.1__high,dirichlet_0.1,high,3232559368,drf,drf,True,False,0.5,24.0,0.5,24.0,0.0,0.0,0.9435336976320583,62,0,0,0
dirichlet_0.1__high,dirichlet_0.1,high,3232559368,equal,equal,True,False,0.4791666666666667,23.0,0.4791666666666667,23.0,0.0,0.0,0.8682452944748027,217,0,0,0
dirichlet_0.1__high,dirichlet_0.1,high,3232559368,independent_bundle_maxmin,preinstalled,True,False,0.5208333333333334,25.0,0.5208333333333334,25.0,0.0,0.0,0.8882817243472981,184,0,0,0
dirichlet_0.1__high,dirichlet_0.1,high,3232559368,separable_leontief_relaxation,preinstalled,True,False,0.4791666666666667,23.0,0.4791666666666667,23.0,0.0,0.0,0.8682452944748027,217,0,0,0
dirichlet_0.1__high,dirichlet_0.1,high,3265785232,central_joint_leontief,optimal,True,False,0.5208333333333334,25.0,0.5416666666666666,26.0,0.0,0.0,0.9015804597701149,137,0,0,616
dirichlet_0.1__high,dirichlet_0.1,high,3265785232,distributed_price_leontief,preinstalled,True,False,0.5208333333333334,25.0,0.5416666666666666,26.0,0.0,0.0,0.9015804597701149,137,0,0,0
dirichlet_0.1__high,dirichlet_0.1,high,3265785232,drf,drf,True,False,0.5,24.0,0.5208333333333334,25.0,0.0,0.0,0.9267241379310345,89,0,0,0
dirichlet_0.1__high,dirichlet_0.1,high,3265785232,equal,equal,True,False,0.4166666666666667,20.0,0.4166666666666667,20.0,0.0,0.0,0.7507183908045977,347,0,0,0
dirichlet_0.1__high,dirichlet_0.1,high,3265785232,independent_bundle_maxmin,preinstalled,True,False,0.5,24.0,0.5,24.0,0.0,0.0,0.8742816091954023,175,0,0,0
dirichlet_0.1__high,dirichlet_0.1,high,3265785232,separable_leontief_relaxation,preinstalled,True,False,0.4166666666666667,20.0,0.4166666666666667,20.0,0.0,0.0,0.7507183908045977,347,0,0,0
dirichlet_0.1__high,dirichlet_0.1,high,3305966842,central_joint_leontief,optimal,True,False,0.4791666666666667,23.0,0.5416666666666666,26.0,0.0,0.0,0.9316517493897477,83,0,0,632
dirichlet_0.1__high,dirichlet_0.1,high,3305966842,distributed_price_leontief,preinstalled,True,False,0.4791666666666667,23.0,0.5416666666666666,26.0,0.0,0.0,0.9316517493897477,84,0,0,0
dirichlet_0.1__high,dirichlet_0.1,high,3305966842,drf,drf,True,False,0.4375,21.0,0.5,24.0,0.0,0.0,0.8738812042310822,120,0,0,0
dirichlet_0.1__high,dirichlet_0.1,high,3305966842,equal,equal,True,False,0.4166666666666667,20.0,0.5,24.0,0.0,0.0,0.9080553295362083,113,0,0,0
dirichlet_0.1__high,dirichlet_0.1,high,3305966842,independent_bundle_maxmin,preinstalled,True,False,0.5208333333333334,25.0,0.5416666666666666,26.0,0.0,0.0,0.9186330349877949,100,0,0,0
dirichlet_0.1__high,dirichlet_0.1,high,3305966842,separable_leontief_relaxation,preinstalled,True,False,0.4166666666666667,20.0,0.5,24.0,0.0,0.0,0.9080553295362083,113,0,0,0
dirichlet_0.1__high,dirichlet_0.1,high,3329658473,central_joint_leontief,optimal,True,False,0.5208333333333334,25.0,0.5833333333333334,28.0,0.0,0.0,0.8880733944954129,122,0,0,634
dirichlet_0.1__high,dirichlet_0.1,high,3329658473,distributed_price_leontief,preinstalled,True,False,0.5208333333333334,25.0,0.5833333333333334,28.0,0.0,0.0,0.8880733944954129,122,0,0,0
dirichlet_0.1__high,dirichlet_0.1,high,3329658473,drf,drf,True,False,0.5416666666666666,26.0,0.5625,27.0,0.0,0.0,0.8954128440366973,65,0,0,0
dirichlet_0.1__high,dirichlet_0.1,high,3329658473,equal,equal,True,False,0.4583333333333333,22.0,0.5,24.0,0.0,0.0,0.8394495412844036,175,0,0,0
dirichlet_0.1__high,dirichlet_0.1,high,3329658473,independent_bundle_maxmin,preinstalled,True,False,0.5208333333333334,25.0,0.5625,27.0,0.0,0.0,0.865137614678899,147,0,0,0
dirichlet_0.1__high,dirichlet_0.1,high,3329658473,separable_leontief_relaxation,preinstalled,True,False,0.4583333333333333,22.0,0.5,24.0,0.0,0.0,0.8394495412844036,175,0,0,0
dirichlet_0.1__high,dirichlet_0.1,high,3351763171,central_joint_leontief,optimal,True,False,0.5416666666666666,26.0,0.5416666666666666,26.0,0.0,0.0,0.890462700661001,116,0,0,627
dirichlet_0.1__high,dirichlet_0.1,high,3351763171,distributed_price_leontief,preinstalled,True,False,0.5416666666666666,26.0,0.5416666666666666,26.0,0.0,0.0,0.890462700661001,116,0,0,0
dirichlet_0.1__high,dirichlet_0.1,high,3351763171,drf,drf,True,False,0.5416666666666666,26.0,0.5416666666666666,26.0,0.0,0.0,0.874409820585458,87,0,0,0
dirichlet_0.1__high,dirichlet_0.1,high,3351763171,equal,equal,True,False,0.4166666666666667,20.0,0.4583333333333333,22.0,0.0,0.0,0.7422096317280453,273,0,0,0
dirichlet_0.1__high,dirichlet_0.1,high,3351763171,independent_bundle_maxmin,preinstalled,True,False,0.5416666666666666,26.0,0.5416666666666666,26.0,0.0,0.0,0.8696883852691218,138,0,0,0
dirichlet_0.1__high,dirichlet_0.1,high,3351763171,separable_leontief_relaxation,preinstalled,True,False,0.4166666666666667,20.0,0.4583333333333333,22.0,0.0,0.0,0.7422096317280453,273,0,0,0
dirichlet_0.1__high,dirichlet_0.1,high,3356704017,central_joint_leontief,optimal,True,False,0.5416666666666666,26.0,0.5416666666666666,26.0,0.0,0.0,0.9284552845528455,87,0,0,630
dirichlet_0.1__high,dirichlet_0.1,high,3356704017,distributed_price_leontief,preinstalled,True,False,0.5416666666666666,26.0,0.5416666666666666,26.0,0.0,0.0,0.9284552845528455,88,0,0,0
dirichlet_0.1__high,dirichlet_0.1,high,3356704017,drf,drf,True,False,0.4791666666666667,23.0,0.4791666666666667,23.0,0.0,0.0,0.8260162601626017,86,0,0,0
dirichlet_0.1__high,dirichlet_0.1,high,3356704017,equal,equal,True,False,0.4375,21.0,0.4375,21.0,0.0,0.0,0.7357723577235772,325,0,0,0
dirichlet_0.1__high,dirichlet_0.1,high,3356704017,independent_bundle_maxmin,preinstalled,True,False,0.4791666666666667,23.0,0.4791666666666667,23.0,0.0,0.0,0.7235772357723578,340,0,0,0
dirichlet_0.1__high,dirichlet_0.1,high,3356704017,separable_leontief_relaxation,preinstalled,True,False,0.4375,21.0,0.4375,21.0,0.0,0.0,0.7357723577235772,325,0,0,0
dirichlet_0.1__high,dirichlet_0.1,high,3411174439,central_joint_leontief,optimal,True,False,0.4791666666666667,23.0,0.4791666666666667,23.0,0.0,0.0,0.951131221719457,54,0,0,633
dirichlet_0.1__high,dirichlet_0.1,high,3411174439,distributed_price_leontief,preinstalled,True,False,0.4791666666666667,23.0,0.4791666666666667,23.0,0.0,0.0,0.951131221719457,54,0,0,0
dirichlet_0.1__high,dirichlet_0.1,high,3411174439,drf,drf,True,False,0.5,24.0,0.5,24.0,0.0,0.0,0.7131221719457014,71,0,0,0
dirichlet_0.1__high,dirichlet_0.1,high,3411174439,equal,equal,True,False,0.4166666666666667,20.0,0.4166666666666667,20.0,0.0,0.0,0.6796380090497738,354,0,0,0
dirichlet_0.1__high,dirichlet_0.1,high,3411174439,independent_bundle_maxmin,preinstalled,True,False,0.4791666666666667,23.0,0.4791666666666667,23.0,0.0,0.0,0.7266968325791855,302,0,0,0
dirichlet_0.1__high,dirichlet_0.1,high,3411174439,separable_leontief_relaxation,preinstalled,True,False,0.4166666666666667,20.0,0.4166666666666667,20.0,0.0,0.0,0.6796380090497738,354,0,0,0
dirichlet_0.1__high,dirichlet_0.1,high,3414689543,central_joint_leontief,optimal,True,False,0.4583333333333333,22.0,0.4583333333333333,22.0,0.0,0.0,0.9049723756906077,85,0,0,646
dirichlet_0.1__high,dirichlet_0.1,high,3414689543,distributed_price_leontief,preinstalled,True,False,0.4583333333333333,22.0,0.4583333333333333,22.0,0.0,0.0,0.9049723756906077,86,0,0,0
dirichlet_0.1__high,dirichlet_0.1,high,3414689543,drf,drf,True,False,0.375,18.0,0.375,18.0,0.16666666666666666,0.16666666666666666,0.7944751381215469,143,0,0,0
dirichlet_0.1__high,dirichlet_0.1,high,3414689543,equal,equal,True,False,0.4375,21.0,0.4375,21.0,0.0,0.0,0.9082872928176795,83,0,0,0
dirichlet_0.1__high,dirichlet_0.1,high,3414689543,independent_bundle_maxmin,preinstalled,True,False,0.5,24.0,0.5,24.0,0.0,0.0,0.907182320441989,84,0,0,0
dirichlet_0.1__high,dirichlet_0.1,high,3414689543,separable_leontief_relaxation,preinstalled,True,False,0.4375,21.0,0.4375,21.0,0.0,0.0,0.9082872928176795,83,0,0,0
dirichlet_0.1__high,dirichlet_0.1,high,3424619266,central_joint_leontief,optimal,True,False,0.5625,27.0,0.5625,27.0,0.0,0.0,0.8788177339901477,123,0,0,625
dirichlet_0.1__high,dirichlet_0.1,high,3424619266,distributed_price_leontief,preinstalled,True,False,0.5625,27.0,0.5625,27.0,0.0,0.0,0.8788177339901477,123,0,0,0
dirichlet_0.1__high,dirichlet_0.1,high,3424619266,drf,drf,True,False,0.5208333333333334,25.0,0.5625,27.0,0.0,0.0,0.8502463054187193,103,0,0,0
dirichlet_0.1__high,dirichlet_0.1,high,3424619266,equal,equal,True,False,0.5208333333333334,25.0,0.5416666666666666,26.0,0.0,0.0,0.8275862068965517,175,0,0,0
dirichlet_0.1__high,dirichlet_0.1,high,3424619266,independent_bundle_maxmin,preinstalled,True,False,0.5416666666666666,26.0,0.625,30.0,0.0,0.0,0.9231527093596059,78,0,0,0
dirichlet_0.1__high,dirichlet_0.1,high,3424619266,separable_leontief_relaxation,preinstalled,True,False,0.5208333333333334,25.0,0.5416666666666666,26.0,0.0,0.0,0.8275862068965517,175,0,0,0
dirichlet_0.1__high,dirichlet_0.1,high,3447467374,central_joint_leontief,optimal,True,False,0.5,24.0,0.5,24.0,0.0,0.0,0.9003215434083601,124,0,0,533
dirichlet_0.1__high,dirichlet_0.1,high,3447467374,distributed_price_leontief,preinstalled,True,False,0.5,24.0,0.5,24.0,0.0,0.0,0.9003215434083601,124,0,0,0
dirichlet_0.1__high,dirichlet_0.1,high,3447467374,drf,drf,True,False,0.5,24.0,0.5,24.0,0.0,0.0,0.7009646302250804,133,0,0,0
dirichlet_0.1__high,dirichlet_0.1,high,3447467374,equal,equal,True,False,0.4166666666666667,20.0,0.4166666666666667,20.0,0.0,0.0,0.6463022508038585,440,0,0,0
dirichlet_0.1__high,dirichlet_0.1,high,3447467374,independent_bundle_maxmin,preinstalled,True,False,0.4583333333333333,22.0,0.4583333333333333,22.0,0.0,0.0,0.5884244372990354,512,0,0,0
dirichlet_0.1__high,dirichlet_0.1,high,3447467374,separable_leontief_relaxation,preinstalled,True,False,0.4166666666666667,20.0,0.4166666666666667,20.0,0.0,0.0,0.6463022508038585,440,0,0,0
dirichlet_0.1__high,dirichlet_0.1,high,3506619616,central_joint_leontief,optimal,True,False,0.5625,27.0,0.5625,27.0,0.0,0.0,0.8989169675090253,84,0,0,629
dirichlet_0.1__high,dirichlet_0.1,high,3506619616,distributed_price_leontief,preinstalled,True,False,0.5625,27.0,0.5625,27.0,0.0,0.0,0.8989169675090253,84,0,0,0
dirichlet_0.1__high,dirichlet_0.1,high,3506619616,drf,drf,True,False,0.5,24.0,0.5208333333333334,25.0,0.0,0.0,0.8038507821901324,89,0,0,0
dirichlet_0.1__high,dirichlet_0.1,high,3506619616,equal,equal,True,False,0.5208333333333334,25.0,0.5416666666666666,26.0,0.0,0.0,0.8351383874849578,137,0,0,0
dirichlet_0.1__high,dirichlet_0.1,high,3506619616,independent_bundle_maxmin,preinstalled,True,False,0.5625,27.0,0.5625,27.0,0.0,0.0,0.8929001203369434,89,0,0,0
dirichlet_0.1__high,dirichlet_0.1,high,3506619616,separable_leontief_relaxation,preinstalled,True,False,0.5208333333333334,25.0,0.5416666666666666,26.0,0.0,0.0,0.8351383874849578,137,0,0,0
dirichlet_0.1__high,dirichlet_0.1,high,3522565390,central_joint_leontief,optimal,True,False,0.5833333333333334,28.0,0.5833333333333334,28.0,0.0,0.0,0.8697916666666666,193,0,0,635
dirichlet_0.1__high,dirichlet_0.1,high,3522565390,distributed_price_leontief,preinstalled,True,False,0.6041666666666666,29.0,0.6041666666666666,29.0,0.0,0.0,0.9036458333333334,148,0,0,0
dirichlet_0.1__high,dirichlet_0.1,high,3522565390,drf,drf,True,False,0.5416666666666666,26.0,0.5416666666666666,26.0,0.0,0.0,0.8255208333333334,203,0,0,0
dirichlet_0.1__high,dirichlet_0.1,high,3522565390,equal,equal,True,False,0.5416666666666666,26.0,0.5625,27.0,0.0,0.0,0.8359375,252,0,0,0
dirichlet_0.1__high,dirichlet_0.1,high,3522565390,independent_bundle_maxmin,preinstalled,True,False,0.5625,27.0,0.5833333333333334,28.0,0.0,0.0,0.9095052083333334,139,0,0,0
dirichlet_0.1__high,dirichlet_0.1,high,3522565390,separable_leontief_relaxation,preinstalled,True,False,0.5416666666666666,26.0,0.5625,27.0,0.0,0.0,0.8359375,252,0,0,0
dirichlet_0.1__high,dirichlet_0.1,high,3560321021,central_joint_leontief,optimal,True,False,0.5416666666666666,26.0,0.5416666666666666,26.0,0.0,0.0,0.9201520912547528,84,0,0,646
dirichlet_0.1__high,dirichlet_0.1,high,3560321021,distributed_price_leontief,preinstalled,True,False,0.5416666666666666,26.0,0.5416666666666666,26.0,0.0,0.0,0.9201520912547528,84,0,0,0
dirichlet_0.1__high,dirichlet_0.1,high,3560321021,drf,drf,True,False,0.4791666666666667,23.0,0.4791666666666667,23.0,0.0,0.0,0.7737642585551331,119,0,0,0
dirichlet_0.1__high,dirichlet_0.1,high,3560321021,equal,equal,True,False,0.4791666666666667,23.0,0.5,24.0,0.0,0.0,0.6920152091254753,324,0,0,0
dirichlet_0.1__high,dirichlet_0.1,high,3560321021,independent_bundle_maxmin,preinstalled,True,False,0.5416666666666666,26.0,0.5416666666666666,26.0,0.0,0.0,0.7480988593155894,265,0,0,0
dirichlet_0.1__high,dirichlet_0.1,high,3560321021,separable_leontief_relaxation,preinstalled,True,False,0.4791666666666667,23.0,0.5,24.0,0.0,0.0,0.6920152091254753,324,0,0,0
dirichlet_0.1__high,dirichlet_0.1,high,3564430434,central_joint_leontief,optimal,True,False,0.5416666666666666,26.0,0.5416666666666666,26.0,0.0,0.0,0.9175027870680045,74,0,0,648
dirichlet_0.1__high,dirichlet_0.1,high,3564430434,distributed_price_leontief,preinstalled,True,False,0.5416666666666666,26.0,0.5416666666666666,26.0,0.0,0.0,0.9175027870680045,74,0,0,0
dirichlet_0.1__high,dirichlet_0.1,high,3564430434,drf,drf,True,False,0.5,24.0,0.5,24.0,0.0,0.0,0.8595317725752508,114,0,0,0
dirichlet_0.1__high,dirichlet_0.1,high,3564430434,equal,equal,True,False,0.4375,21.0,0.4375,21.0,0.0,0.0,0.7324414715719063,240,0,0,0
dirichlet_0.1__high,dirichlet_0.1,high,3564430434,independent_bundle_maxmin,preinstalled,True,False,0.5208333333333334,25.0,0.5208333333333334,25.0,0.0,0.0,0.8450390189520625,139,0,0,0
dirichlet_0.1__high,dirichlet_0.1,high,3564430434,separable_leontief_relaxation,preinstalled,True,False,0.4375,21.0,0.4375,21.0,0.0,0.0,0.7324414715719063,240,0,0,0
dirichlet_0.1__high,dirichlet_0.1,high,3569961091,central_joint_leontief,optimal,True,False,0.5833333333333334,28.0,0.5833333333333334,28.0,0.0,0.0,0.9090909090909091,111,0,0,631
dirichlet_0.1__high,dirichlet_0.1,high,3569961091,distributed_price_leontief,preinstalled,True,False,0.5833333333333334,28.0,0.5833333333333334,28.0,0.0,0.0,0.9090909090909091,111,0,0,0
dirichlet_0.1__high,dirichlet_0.1,high,3569961091,drf,drf,True,False,0.5625,27.0,0.5833333333333334,28.0,0.0,0.0,0.9058149058149059,110,0,0,0
dirichlet_0.1__high,dirichlet_0.1,high,3569961091,equal,equal,True,False,0.5208333333333334,25.0,0.5208333333333334,25.0,0.0,0.0,0.8149058149058149,226,0,0,0
dirichlet_0.1__high,dirichlet_0.1,high,3569961091,independent_bundle_maxmin,preinstalled,True,False,0.5833333333333334,28.0,0.5833333333333334,28.0,0.0,0.0,0.80999180999181,232,0,0,0
dirichlet_0.1__high,dirichlet_0.1,high,3569961091,separable_leontief_relaxation,preinstalled,True,False,0.5208333333333334,25.0,0.5208333333333334,25.0,0.0,0.0,0.8149058149058149,226,0,0,0
dirichlet_0.1__high,dirichlet_0.1,high,3633027796,central_joint_leontief,optimal,True,False,0.6041666666666666,29.0,0.6041666666666666,29.0,0.0,0.0,0.9305993690851735,65,0,0,624
dirichlet_0.1__high,dirichlet_0.1,high,3633027796,distributed_price_leontief,preinstalled,True,False,0.6041666666666666,29.0,0.6041666666666666,29.0,0.0,0.0,0.9305993690851735,66,0,0,0
dirichlet_0.1__high,dirichlet_0.1,high,3633027796,drf,drf,True,False,0.5,24.0,0.5,24.0,0.0,0.0,0.7939011566771819,97,0,0,0
dirichlet_0.1__high,dirichlet_0.1,high,3633027796,equal,equal,True,False,0.5416666666666666,26.0,0.5416666666666666,26.0,0.0,0.0,0.8738170347003155,120,0,0,0
dirichlet_0.1__high,dirichlet_0.1,high,3633027796,independent_bundle_maxmin,preinstalled,True,False,0.6041666666666666,29.0,0.6041666666666666,29.0,0.0,0.0,0.9064143007360673,89,0,0,0
dirichlet_0.1__high,dirichlet_0.1,high,3633027796,separable_leontief_relaxation,preinstalled,True,False,0.5416666666666666,26.0,0.5416666666666666,26.0,0.0,0.0,0.8738170347003155,120,0,0,0
dirichlet_0.1__high,dirichlet_0.1,high,3636324181,central_joint_leontief,optimal,True,False,0.5625,27.0,0.5833333333333334,28.0,0.0,0.0,0.924618320610687,79,0,0,656
dirichlet_0.1__high,dirichlet_0.1,high,3636324181,distributed_price_leontief,preinstalled,True,False,0.5416666666666666,26.0,0.5625,27.0,0.0,0.0,0.9236641221374046,80,0,0,0
dirichlet_0.1__high,dirichlet_0.1,high,3636324181,drf,drf,True,False,0.625,30.0,0.625,30.0,0.0,0.0,0.9198473282442748,65,0,0,0
dirichlet_0.1__high,dirichlet_0.1,high,3636324181,equal,equal,True,False,0.5208333333333334,25.0,0.5416666666666666,26.0,0.0,0.0,0.8234732824427481,185,0,0,0
dirichlet_0.1__high,dirichlet_0.1,high,3636324181,independent_bundle_maxmin,preinstalled,True,False,0.5625,27.0,0.5625,27.0,0.0,0.0,0.9045801526717557,100,0,0,0
dirichlet_0.1__high,dirichlet_0.1,high,3636324181,separable_leontief_relaxation,preinstalled,True,False,0.5208333333333334,25.0,0.5416666666666666,26.0,0.0,0.0,0.8234732824427481,185,0,0,0
dirichlet_0.1__high,dirichlet_0.1,high,3676968117,central_joint_leontief,optimal,True,False,0.5416666666666666,26.0,0.5416666666666666,26.0,0.0,0.0,0.9070234113712374,138,0,0,626
dirichlet_0.1__high,dirichlet_0.1,high,3676968117,distributed_price_leontief,preinstalled,True,False,0.5625,27.0,0.5625,27.0,0.0,0.0,0.9244147157190635,113,0,0,0
dirichlet_0.1__high,dirichlet_0.1,high,3676968117,drf,drf,True,False,0.5208333333333334,25.0,0.5208333333333334,25.0,0.0,0.0,0.8923076923076924,118,0,0,0
dirichlet_0.1__high,dirichlet_0.1,high,3676968117,equal,equal,True,False,0.5416666666666666,26.0,0.5416666666666666,26.0,0.0,0.0,0.9016722408026756,147,0,0,0
dirichlet_0.1__high,dirichlet_0.1,high,3676968117,independent_bundle_maxmin,preinstalled,True,False,0.5833333333333334,28.0,0.5833333333333334,28.0,0.0,0.0,0.9290969899665552,106,0,0,0
dirichlet_0.1__high,dirichlet_0.1,high,3676968117,separable_leontief_relaxation,preinstalled,True,False,0.5416666666666666,26.0,0.5416666666666666,26.0,0.0,0.0,0.9016722408026756,147,0,0,0
dirichlet_0.1__high,dirichlet_0.1,high,3696784942,central_joint_leontief,optimal,True,False,0.5833333333333334,28.0,0.5833333333333334,28.0,0.0,0.0,0.9137440758293839,90,0,0,662
dirichlet_0.1__high,dirichlet_0.1,high,3696784942,distributed_price_leontief,preinstalled,True,False,0.5833333333333334,28.0,0.5833333333333334,28.0,0.0,0.0,0.9137440758293839,91,0,0,0
dirichlet_0.1__high,dirichlet_0.1,high,3696784942,drf,drf,True,False,0.5,24.0,0.5416666666666666,26.0,0.0,0.0,0.8398104265402844,131,0,0,0
dirichlet_0.1__high,dirichlet_0.1,high,3696784942,equal,equal,True,False,0.5,24.0,0.5,24.0,0.0,0.0,0.7146919431279621,301,0,0,0
dirichlet_0.1__high,dirichlet_0.1,high,3696784942,independent_bundle_maxmin,preinstalled,True,False,0.5625,27.0,0.5625,27.0,0.0,0.0,0.809478672985782,201,0,0,0
dirichlet_0.1__high,dirichlet_0.1,high,3696784942,separable_leontief_relaxation,preinstalled,True,False,0.5,24.0,0.5,24.0,0.0,0.0,0.7146919431279621,301,0,0,0
dirichlet_0.1__high,dirichlet_0.1,high,3714643568,central_joint_leontief,optimal,True,False,0.5625,27.0,0.5833333333333334,28.0,0.0,0.0,0.9095626389918459,113,0,0,614
dirichlet_0.1__high,dirichlet_0.1,high,3714643568,distributed_price_leontief,preinstalled,True,False,0.5625,27.0,0.5833333333333334,28.0,0.0,0.0,0.9095626389918459,122,0,0,0
dirichlet_0.1__high,dirichlet_0.1,high,3714643568,drf,drf,True,False,0.6041666666666666,29.0,0.6041666666666666,29.0,0.0,0.0,0.9043736100815419,46,0,0,0
dirichlet_0.1__high,dirichlet_0.1,high,3714643568,equal,equal,True,False,0.5625,27.0,0.5625,27.0,0.0,0.0,0.8776871756856931,165,0,0,0
dirichlet_0.1__high,dirichlet_0.1,high,3714643568,independent_bundle_maxmin,preinstalled,True,False,0.5833333333333334,28.0,0.6041666666666666,29.0,0.0,0.0,0.9199406968124537,108,0,0,0
dirichlet_0.1__high,dirichlet_0.1,high,3714643568,separable_leontief_relaxation,preinstalled,True,False,0.5625,27.0,0.5625,27.0,0.0,0.0,0.8776871756856931,165,0,0,0
dirichlet_0.1__high,dirichlet_0.1,high,3794604293,central_joint_leontief,optimal,True,False,0.5416666666666666,26.0,0.5416666666666666,26.0,0.0,0.0,0.9550561797752809,64,0,0,619
dirichlet_0.1__high,dirichlet_0.1,high,3794604293,distributed_price_leontief,preinstalled,True,False,0.5416666666666666,26.0,0.5416666666666666,26.0,0.0,0.0,0.9550561797752809,64,0,0,0
dirichlet_0.1__high,dirichlet_0.1,high,3794604293,drf,drf,True,False,0.5416666666666666,26.0,0.5416666666666666,26.0,0.0,0.0,0.9143258426966292,74,0,0,0
dirichlet_0.1__high,dirichlet_0.1,high,3794604293,equal,equal,True,False,0.4166666666666667,20.0,0.4166666666666667,20.0,0.0,0.0,0.75,356,0,0,0
dirichlet_0.1__high,dirichlet_0.1,high,3794604293,independent_bundle_maxmin,preinstalled,True,False,0.5416666666666666,26.0,0.5416666666666666,26.0,0.0,0.0,0.8476123595505618,217,0,0,0
dirichlet_0.1__high,dirichlet_0.1,high,3794604293,separable_leontief_relaxation,preinstalled,True,False,0.4166666666666667,20.0,0.4166666666666667,20.0,0.0,0.0,0.75,356,0,0,0
dirichlet_0.1__high,dirichlet_0.1,high,3885192991,central_joint_leontief,optimal,True,False,0.5833333333333334,28.0,0.5833333333333334,28.0,0.0,0.0,0.9380203515263644,64,0,0,608
dirichlet_0.1__high,dirichlet_0.1,high,3885192991,distributed_price_leontief,preinstalled,True,False,0.5833333333333334,28.0,0.5833333333333334,28.0,0.0,0.0,0.9380203515263644,67,0,0,0
dirichlet_0.1__high,dirichlet_0.1,high,3885192991,drf,drf,True,False,0.5833333333333334,28.0,0.5833333333333334,28.0,0.0,0.0,0.9195189639222942,27,0,0,0
dirichlet_0.1__high,dirichlet_0.1,high,3885192991,equal,equal,True,False,0.5625,27.0,0.5625,27.0,0.0,0.0,0.8547641073080481,157,0,0,0
dirichlet_0.1__high,dirichlet_0.1,high,3885192991,independent_bundle_maxmin,preinstalled,True,False,0.6041666666666666,29.0,0.6041666666666666,29.0,0.0,0.0,0.9435707678075855,61,0,0,0
dirichlet_0.1__high,dirichlet_0.1,high,3885192991,separable_leontief_relaxation,preinstalled,True,False,0.5625,27.0,0.5625,27.0,0.0,0.0,0.8547641073080481,157,0,0,0
dirichlet_0.1__high,dirichlet_0.1,high,3885443111,central_joint_leontief,optimal,True,False,0.625,30.0,0.6666666666666666,32.0,0.0,0.0,0.9499568593615185,57,0,0,619
dirichlet_0.1__high,dirichlet_0.1,high,3885443111,distributed_price_leontief,preinstalled,True,False,0.625,30.0,0.6666666666666666,32.0,0.0,0.0,0.9499568593615185,58,0,0,0
dirichlet_0.1__high,dirichlet_0.1,high,3885443111,drf,drf,True,False,0.625,30.0,0.625,30.0,0.0,0.0,0.8886971527178602,108,0,0,0
dirichlet_0.1__high,dirichlet_0.1,high,3885443111,equal,equal,True,False,0.5625,27.0,0.625,30.0,0.0,0.0,0.8455565142364107,179,0,0,0
dirichlet_0.1__high,dirichlet_0.1,high,3885443111,independent_bundle_maxmin,preinstalled,True,False,0.625,30.0,0.6458333333333334,31.0,0.0,0.0,0.8766177739430544,143,0,0,0
dirichlet_0.1__high,dirichlet_0.1,high,3885443111,separable_leontief_relaxation,preinstalled,True,False,0.5625,27.0,0.625,30.0,0.0,0.0,0.8455565142364107,179,0,0,0
dirichlet_0.1__high,dirichlet_0.1,high,3893939786,central_joint_leontief,optimal,True,False,0.6041666666666666,29.0,0.6041666666666666,29.0,0.0,0.0,0.9377494014365523,77,0,0,657
dirichlet_0.1__high,dirichlet_0.1,high,3893939786,distributed_price_leontief,preinstalled,True,False,0.6041666666666666,29.0,0.6041666666666666,29.0,0.0,0.0,0.9377494014365523,78,0,0,0
dirichlet_0.1__high,dirichlet_0.1,high,3893939786,drf,drf,True,False,0.5416666666666666,26.0,0.5416666666666666,26.0,0.0,0.0,0.8770949720670391,113,0,0,0
dirichlet_0.1__high,dirichlet_0.1,high,3893939786,equal,equal,True,False,0.5208333333333334,25.0,0.5208333333333334,25.0,0.0,0.0,0.879489225857941,151,0,0,0
dirichlet_0.1__high,dirichlet_0.1,high,3893939786,independent_bundle_maxmin,preinstalled,True,False,0.6041666666666666,29.0,0.6041666666666666,29.0,0.0,0.0,0.9098164405426975,113,0,0,0
dirichlet_0.1__high,dirichlet_0.1,high,3893939786,separable_leontief_relaxation,preinstalled,True,False,0.5208333333333334,25.0,0.5208333333333334,25.0,0.0,0.0,0.879489225857941,151,0,0,0
dirichlet_0.1__high,dirichlet_0.1,high,3950032071,central_joint_leontief,optimal,True,False,0.625,30.0,0.625,30.0,0.0,0.0,0.9451540195341849,68,0,0,613
dirichlet_0.1__high,dirichlet_0.1,high,3950032071,distributed_price_leontief,preinstalled,True,False,0.625,30.0,0.625,30.0,0.0,0.0,0.9624342599549212,50,0,0,0
dirichlet_0.1__high,dirichlet_0.1,high,3950032071,drf,drf,True,False,0.6458333333333334,31.0,0.6458333333333334,31.0,0.0,0.0,0.9256198347107438,62,0,0,0
dirichlet_0.1__high,dirichlet_0.1,high,3950032071,equal,equal,True,False,0.625,30.0,0.625,30.0,0.0,0.0,0.918106686701728,109,0,0,0
dirichlet_0.1__high,dirichlet_0.1,high,3950032071,independent_bundle_maxmin,preinstalled,True,False,0.625,30.0,0.625,30.0,0.0,0.0,0.9564237415477085,58,0,0,0
dirichlet_0.1__high,dirichlet_0.1,high,3950032071,separable_leontief_relaxation,preinstalled,True,False,0.625,30.0,0.625,30.0,0.0,0.0,0.918106686701728,109,0,0,0
dirichlet_0.1__high,dirichlet_0.1,high,3955522292,central_joint_leontief,optimal,True,False,0.5208333333333334,25.0,0.5208333333333334,25.0,0.0,0.0,0.9464594127806563,61,0,0,630
dirichlet_0.1__high,dirichlet_0.1,high,3955522292,distributed_price_leontief,preinstalled,True,False,0.5208333333333334,25.0,0.5208333333333334,25.0,0.0,0.0,0.9464594127806563,62,0,0,0
dirichlet_0.1__high,dirichlet_0.1,high,3955522292,drf,drf,True,False,0.4583333333333333,22.0,0.4583333333333333,22.0,0.0,0.0,0.8739205526770294,112,0,0,0
dirichlet_0.1__high,dirichlet_0.1,high,3955522292,equal,equal,True,False,0.4583333333333333,22.0,0.4583333333333333,22.0,0.0,0.0,0.8212435233160622,207,0,0,0
dirichlet_0.1__high,dirichlet_0.1,high,3955522292,independent_bundle_maxmin,preinstalled,True,False,0.5416666666666666,26.0,0.5416666666666666,26.0,0.0,0.0,0.8549222797927462,168,0,0,0
dirichlet_0.1__high,dirichlet_0.1,high,3955522292,separable_leontief_relaxation,preinstalled,True,False,0.4583333333333333,22.0,0.4583333333333333,22.0,0.0,0.0,0.8212435233160622,207,0,0,0
dirichlet_0.1__high,dirichlet_0.1,high,4026759651,central_joint_leontief,optimal,True,False,0.5,24.0,0.5208333333333334,25.0,0.0,0.0,0.8946850393700787,107,0,0,618
dirichlet_0.1__high,dirichlet_0.1,high,4026759651,distributed_price_leontief,preinstalled,True,False,0.5,24.0,0.5208333333333334,25.0,0.0,0.0,0.9173228346456693,84,0,0,0
dirichlet_0.1__high,dirichlet_0.1,high,4026759651,drf,drf,True,False,0.5,24.0,0.5208333333333334,25.0,0.0,0.0,0.9005905511811023,76,0,0,0
dirichlet_0.1__high,dirichlet_0.1,high,4026759651,equal,equal,True,False,0.4583333333333333,22.0,0.4583333333333333,22.0,0.0,0.0,0.7578740157480315,246,0,0,0
dirichlet_0.1__high,dirichlet_0.1,high,4026759651,independent_bundle_maxmin,preinstalled,True,False,0.5416666666666666,26.0,0.5416666666666666,26.0,0.0,0.0,0.8818897637795275,120,0,0,0
dirichlet_0.1__high,dirichlet_0.1,high,4026759651,separable_leontief_relaxation,preinstalled,True,False,0.4583333333333333,22.0,0.4583333333333333,22.0,0.0,0.0,0.7578740157480315,246,0,0,0
dirichlet_0.1__high,dirichlet_0.1,high,4031711447,central_joint_leontief,optimal,True,False,0.5625,27.0,0.5625,27.0,0.0,0.0,0.8794258373205741,126,0,0,660
dirichlet_0.1__high,dirichlet_0.1,high,4031711447,distributed_price_leontief,preinstalled,True,False,0.5625,27.0,0.5625,27.0,0.0,0.0,0.8794258373205741,126,0,0,0
dirichlet_0.1__high,dirichlet_0.1,high,4031711447,drf,drf,True,False,0.4791666666666667,23.0,0.4791666666666667,23.0,0.0,0.0,0.8229665071770335,173,0,0,0
dirichlet_0.1__high,dirichlet_0.1,high,4031711447,equal,equal,True,False,0.3958333333333333,19.0,0.4166666666666667,20.0,0.0,0.0,0.645933014354067,370,0,0,0
dirichlet_0.1__high,dirichlet_0.1,high,4031711447,independent_bundle_maxmin,preinstalled,True,False,0.5416666666666666,26.0,0.5416666666666666,26.0,0.0,0.0,0.8133971291866029,195,0,0,0
dirichlet_0.1__high,dirichlet_0.1,high,4031711447,separable_leontief_relaxation,preinstalled,True,False,0.3958333333333333,19.0,0.4166666666666667,20.0,0.0,0.0,0.645933014354067,370,0,0,0
dirichlet_0.1__high,dirichlet_0.1,high,4037661888,central_joint_leontief,optimal,True,False,0.625,30.0,0.625,30.0,0.0,0.0,0.9210754553339116,91,0,0,618
dirichlet_0.1__high,dirichlet_0.1,high,4037661888,distributed_price_leontief,preinstalled,True,False,0.625,30.0,0.625,30.0,0.0,0.0,0.9210754553339116,91,0,0,0
dirichlet_0.1__high,dirichlet_0.1,high,4037661888,drf,drf,True,False,0.5208333333333334,25.0,0.5208333333333334,25.0,0.0,0.0,0.8820468343451865,73,0,0,0
dirichlet_0.1__high,dirichlet_0.1,high,4037661888,equal,equal,True,False,0.4791666666666667,23.0,0.5208333333333334,25.0,0.0,0.0,0.8490893321769297,174,0,0,0
dirichlet_0.1__high,dirichlet_0.1,high,4037661888,independent_bundle_maxmin,preinstalled,True,False,0.5833333333333334,28.0,0.5833333333333334,28.0,0.0,0.0,0.8594969644405898,162,0,0,0
dirichlet_0.1__high,dirichlet_0.1,high,4037661888,separable_leontief_relaxation,preinstalled,True,False,0.4791666666666667,23.0,0.5208333333333334,25.0,0.0,0.0,0.8490893321769297,174,0,0,0
dirichlet_0.1__high,dirichlet_0.1,high,4071416038,central_joint_leontief,optimal,True,False,0.5833333333333334,28.0,0.5833333333333334,28.0,0.0,0.0,0.9454722492697176,56,0,0,655
dirichlet_0.1__high,dirichlet_0.1,high,4071416038,distributed_price_leontief,preinstalled,True,False,0.5833333333333334,28.0,0.5833333333333334,28.0,0.0,0.0,0.9454722492697176,56,0,0,0
dirichlet_0.1__high,dirichlet_0.1,high,4071416038,drf,drf,True,False,0.5,24.0,0.5208333333333334,25.0,0.0,0.0,0.8607594936708861,131,0,0,0
dirichlet_0.1__high,dirichlet_0.1,high,4071416038,equal,equal,True,False,0.4583333333333333,22.0,0.4791666666666667,23.0,0.0,0.0,0.7341772151898734,273,0,0,3
dirichlet_0.1__high,dirichlet_0.1,high,4071416038,independent_bundle_maxmin,preinstalled,True,False,0.5208333333333334,25.0,0.5416666666666666,26.0,0.0,0.0,0.8305744888023369,174,0,0,0
dirichlet_0.1__high,dirichlet_0.1,high,4071416038,separable_leontief_relaxation,preinstalled,True,False,0.4583333333333333,22.0,0.4791666666666667,23.0,0.0,0.0,0.7341772151898734,273,0,0,0
dirichlet_0.1__high,dirichlet_0.1,high,4085652262,central_joint_leontief,optimal,True,False,0.5,24.0,0.5208333333333334,25.0,0.0,0.0,0.8688524590163934,135,0,0,635
dirichlet_0.1__high,dirichlet_0.1,high,4085652262,distributed_price_leontief,preinstalled,True,False,0.5,24.0,0.5208333333333334,25.0,0.0,0.0,0.8688524590163934,136,0,0,0
dirichlet_0.1__high,dirichlet_0.1,high,4085652262,drf,drf,True,False,0.5,24.0,0.5,24.0,0.0,0.0,0.8813886210221794,84,0,0,0
dirichlet_0.1__high,dirichlet_0.1,high,4085652262,equal,equal,True,False,0.4791666666666667,23.0,0.5,24.0,0.0,0.0,0.8524590163934426,153,0,0,0
dirichlet_0.1__high,dirichlet_0.1,high,4085652262,independent_bundle_maxmin,preinstalled,True,False,0.5416666666666666,26.0,0.5625,27.0,0.0,0.0,0.9170684667309547,86,0,0,0
dirichlet_0.1__high,dirichlet_0.1,high,4085652262,separable_leontief_relaxation,preinstalled,True,False,0.4791666666666667,23.0,0.5,24.0,0.0,0.0,0.8524590163934426,153,0,0,0
dirichlet_0.1__high,dirichlet_0.1,high,4118709976,central_joint_leontief,optimal,True,False,0.5416666666666666,26.0,0.5833333333333334,28.0,0.0,0.0,0.9273648648648649,79,0,0,630
dirichlet_0.1__high,dirichlet_0.1,high,4118709976,distributed_price_leontief,preinstalled,True,False,0.5625,27.0,0.6041666666666666,29.0,0.0,0.0,0.9383445945945946,73,0,0,0
dirichlet_0.1__high,dirichlet_0.1,high,4118709976,drf,drf,True,False,0.6041666666666666,29.0,0.6041666666666666,29.0,0.0,0.0,0.7956081081081081,156,0,0,0
dirichlet_0.1__high,dirichlet_0.1,high,4118709976,equal,equal,True,False,0.5,24.0,0.5416666666666666,26.0,0.0,0.0,0.8361486486486487,194,0,0,0
dirichlet_0.1__high,dirichlet_0.1,high,4118709976,independent_bundle_maxmin,preinstalled,True,False,0.5833333333333334,28.0,0.6041666666666666,29.0,0.0,0.0,0.9231418918918919,91,0,0,0
dirichlet_0.1__high,dirichlet_0.1,high,4118709976,separable_leontief_relaxation,preinstalled,True,False,0.5,24.0,0.5416666666666666,26.0,0.0,0.0,0.8361486486486487,194,0,0,0
dirichlet_0.1__high,dirichlet_0.1,high,4148675945,central_joint_leontief,optimal,True,False,0.5416666666666666,26.0,0.5416666666666666,26.0,0.0,0.0,0.9017699115044248,111,0,0,651
dirichlet_0.1__high,dirichlet_0.1,high,4148675945,distributed_price_leontief,preinstalled,True,False,0.5416666666666666,26.0,0.5416666666666666,26.0,0.0,0.0,0.9017699115044248,111,0,0,0
dirichlet_0.1__high,dirichlet_0.1,high,4148675945,drf,drf,True,False,0.5416666666666666,26.0,0.5625,27.0,0.0,0.0,0.8831858407079646,120,0,0,0
dirichlet_0.1__high,dirichlet_0.1,high,4148675945,equal,equal,True,False,0.5416666666666666,26.0,0.5625,27.0,0.0,0.0,0.8424778761061947,178,0,0,0
dirichlet_0.1__high,dirichlet_0.1,high,4148675945,independent_bundle_maxmin,preinstalled,True,False,0.5625,27.0,0.5625,27.0,0.0,0.0,0.9026548672566371,110,0,0,0
dirichlet_0.1__high,dirichlet_0.1,high,4148675945,separable_leontief_relaxation,preinstalled,True,False,0.5416666666666666,26.0,0.5625,27.0,0.0,0.0,0.8424778761061947,178,0,0,0
dirichlet_0.1__high,dirichlet_0.1,high,4169915556,central_joint_leontief,optimal,True,False,0.5,24.0,0.5208333333333334,25.0,0.0,0.0,0.8983193277310925,120,0,0,649
dirichlet_0.1__high,dirichlet_0.1,high,4169915556,distributed_price_leontief,preinstalled,True,False,0.5,24.0,0.5208333333333334,25.0,0.0,0.0,0.8983193277310925,121,0,0,0
dirichlet_0.1__high,dirichlet_0.1,high,4169915556,drf,drf,True,False,0.4375,21.0,0.4791666666666667,23.0,0.0,0.0,0.8478991596638655,164,0,0,0
dirichlet_0.1__high,dirichlet_0.1,high,4169915556,equal,equal,True,False,0.375,18.0,0.4166666666666667,20.0,0.0,0.0,0.7974789915966387,241,0,0,0
dirichlet_0.1__high,dirichlet_0.1,high,4169915556,independent_bundle_maxmin,preinstalled,True,False,0.4583333333333333,22.0,0.4791666666666667,23.0,0.0,0.0,0.8428571428571429,187,0,0,0
dirichlet_0.1__high,dirichlet_0.1,high,4169915556,separable_leontief_relaxation,preinstalled,True,False,0.375,18.0,0.4166666666666667,20.0,0.0,0.0,0.7974789915966387,241,0,0,0
dirichlet_0.1__high,dirichlet_0.1,high,4209074295,central_joint_leontief,optimal,True,False,0.6666666666666666,32.0,0.6666666666666666,32.0,0.0,0.0,0.9510373443983402,58,0,0,631
dirichlet_0.1__high,dirichlet_0.1,high,4209074295,distributed_price_leontief,preinstalled,True,False,0.6666666666666666,32.0,0.6666666666666666,32.0,0.0,0.0,0.9510373443983402,59,0,0,0
dirichlet_0.1__high,dirichlet_0.1,high,4209074295,drf,drf,True,False,0.5416666666666666,26.0,0.5416666666666666,26.0,0.0,0.0,0.8531120331950207,86,0,0,0
dirichlet_0.1__high,dirichlet_0.1,high,4209074295,equal,equal,True,False,0.5625,27.0,0.5833333333333334,28.0,0.0,0.0,0.8265560165975103,209,0,0,0
dirichlet_0.1__high,dirichlet_0.1,high,4209074295,independent_bundle_maxmin,preinstalled,True,False,0.6666666666666666,32.0,0.6666666666666666,32.0,0.0,0.0,0.9510373443983402,59,0,0,0
dirichlet_0.1__high,dirichlet_0.1,high,4209074295,separable_leontief_relaxation,preinstalled,True,False,0.5625,27.0,0.5833333333333334,28.0,0.0,0.0,0.8265560165975103,209,0,0,0
dirichlet_0.1__high,dirichlet_0.1,high,4215538721,central_joint_leontief,optimal,True,False,0.5625,27.0,0.5833333333333334,28.0,0.0,0.0,0.8879227053140096,116,0,0,624
dirichlet_0.1__high,dirichlet_0.1,high,4215538721,distributed_price_leontief,preinstalled,True,False,0.5625,27.0,0.5833333333333334,28.0,0.0,0.0,0.8879227053140096,116,0,0,0
dirichlet_0.1__high,dirichlet_0.1,high,4215538721,drf,drf,True,False,0.5208333333333334,25.0,0.5416666666666666,26.0,0.0,0.0,0.8801932367149758,107,0,0,0
dirichlet_0.1__high,dirichlet_0.1,high,4215538721,equal,equal,True,False,0.4583333333333333,22.0,0.4583333333333333,22.0,0.0,0.0,0.7072463768115942,303,0,0,0
dirichlet_0.1__high,dirichlet_0.1,high,4215538721,independent_bundle_maxmin,preinstalled,True,False,0.5625,27.0,0.5625,27.0,0.0,0.0,0.8685990338164251,136,0,0,0
dirichlet_0.1__high,dirichlet_0.1,high,4215538721,separable_leontief_relaxation,preinstalled,True,False,0.4583333333333333,22.0,0.4583333333333333,22.0,0.0,0.0,0.7072463768115942,303,0,0,0
dirichlet_0.1__high,dirichlet_0.1,high,4224506899,central_joint_leontief,optimal,True,False,0.625,30.0,0.6458333333333334,31.0,0.0,0.0,0.9241573033707865,81,0,0,633
dirichlet_0.1__high,dirichlet_0.1,high,4224506899,distributed_price_leontief,preinstalled,True,False,0.625,30.0,0.6458333333333334,31.0,0.0,0.0,0.9241573033707865,81,0,0,0
dirichlet_0.1__high,dirichlet_0.1,high,4224506899,drf,drf,True,False,0.6041666666666666,29.0,0.6041666666666666,29.0,0.0,0.0,0.8558052434456929,88,0,0,0
dirichlet_0.1__high,dirichlet_0.1,high,4224506899,equal,equal,True,False,0.5416666666666666,26.0,0.5625,27.0,0.0,0.0,0.8586142322097379,151,0,0,0
dirichlet_0.1__high,dirichlet_0.1,high,4224506899,independent_bundle_maxmin,preinstalled,True,False,0.6458333333333334,31.0,0.6666666666666666,32.0,0.0,0.0,0.9250936329588015,80,0,0,0
dirichlet_0.1__high,dirichlet_0.1,high,4224506899,separable_leontief_relaxation,preinstalled,True,False,0.5416666666666666,26.0,0.5625,27.0,0.0,0.0,0.8586142322097379,151,0,0,0
dirichlet_0.1__high,dirichlet_0.1,high,4230076829,central_joint_leontief,optimal,True,False,0.6458333333333334,31.0,0.6458333333333334,31.0,0.0,0.0,0.9183508488278093,96,0,0,618
dirichlet_0.1__high,dirichlet_0.1,high,4230076829,distributed_price_leontief,preinstalled,True,False,0.6041666666666666,29.0,0.6458333333333334,31.0,0.0,0.0,0.931285367825384,85,0,0,0
dirichlet_0.1__high,dirichlet_0.1,high,4230076829,drf,drf,True,False,0.6458333333333334,31.0,0.6458333333333334,31.0,0.0,0.0,0.904607922392886,74,0,0,0
dirichlet_0.1__high,dirichlet_0.1,high,4230076829,equal,equal,True,False,0.6041666666666666,29.0,0.6458333333333334,31.0,0.0,0.0,0.898949070331447,125,0,0,0
dirichlet_0.1__high,dirichlet_0.1,high,4230076829,independent_bundle_maxmin,preinstalled,True,False,0.5833333333333334,28.0,0.625,30.0,0.0,0.0,0.9021827000808408,121,0,0,0
dirichlet_0.1__high,dirichlet_0.1,high,4230076829,separable_leontief_relaxation,preinstalled,True,False,0.6041666666666666,29.0,0.6458333333333334,31.0,0.0,0.0,0.898949070331447,125,0,0,0
dirichlet_0.1__high,dirichlet_0.1,high,4253299686,central_joint_leontief,optimal,True,False,0.5416666666666666,26.0,0.5416666666666666,26.0,0.0,0.0,0.9179655455291222,95,0,0,606
dirichlet_0.1__high,dirichlet_0.1,high,4253299686,distributed_price_leontief,preinstalled,True,False,0.5416666666666666,26.0,0.5416666666666666,26.0,0.0,0.0,0.9179655455291222,100,0,0,0
dirichlet_0.1__high,dirichlet_0.1,high,4253299686,drf,drf,True,False,0.5625,27.0,0.5625,27.0,0.0,0.0,0.8687448728465955,94,0,0,0
dirichlet_0.1__high,dirichlet_0.1,high,4253299686,equal,equal,True,False,0.5208333333333334,25.0,0.5208333333333334,25.0,0.0,0.0,0.8785890073831009,148,0,0,0
dirichlet_0.1__high,dirichlet_0.1,high,4253299686,independent_bundle_maxmin,preinstalled,True,False,0.6041666666666666,29.0,0.6041666666666666,29.0,0.0,0.0,0.9220672682526662,95,0,0,0
dirichlet_0.1__high,dirichlet_0.1,high,4253299686,separable_leontief_relaxation,preinstalled,True,False,0.5208333333333334,25.0,0.5208333333333334,25.0,0.0,0.0,0.8785890073831009,148,0,0,0
dirichlet_0.1__high,dirichlet_0.1,high,4259560605,central_joint_leontief,optimal,True,False,0.5,24.0,0.5208333333333334,25.0,0.0,0.0,0.9178662150719729,96,0,0,650
dirichlet_0.1__high,dirichlet_0.1,high,4259560605,distributed_price_leontief,preinstalled,True,False,0.5,24.0,0.5208333333333334,25.0,0.0,0.0,0.9178662150719729,97,0,0,0
dirichlet_0.1__high,dirichlet_0.1,high,4259560605,drf,drf,True,False,0.4791666666666667,23.0,0.5,24.0,0.0,0.0,0.9110922946655376,96,0,0,0
dirichlet_0.1__high,dirichlet_0.1,high,4259560605,equal,equal,True,False,0.4166666666666667,20.0,0.4583333333333333,22.0,0.0,0.0,0.8348856900931414,195,0,0,0
dirichlet_0.1__high,dirichlet_0.1,high,4259560605,independent_bundle_maxmin,preinstalled,True,False,0.5625,27.0,0.5625,27.0,0.0,0.0,0.8348856900931414,195,0,0,0
dirichlet_0.1__high,dirichlet_0.1,high,4259560605,separable_leontief_relaxation,preinstalled,True,False,0.4166666666666667,20.0,0.4583333333333333,22.0,0.0,0.0,0.8348856900931414,195,0,0,0
dirichlet_0.1__high,dirichlet_0.1,high,4283749312,central_joint_leontief,optimal,True,False,0.5208333333333334,25.0,0.5208333333333334,25.0,0.0,0.0,0.9441340782122905,69,0,0,619
dirichlet_0.1__high,dirichlet_0.1,high,4283749312,distributed_price_leontief,preinstalled,True,False,0.5208333333333334,25.0,0.5208333333333334,25.0,0.0,0.0,0.9385474860335196,77,0,0,0
dirichlet_0.1__high,dirichlet_0.1,high,4283749312,drf,drf,True,False,0.4375,21.0,0.4375,21.0,0.0,0.0,0.8707102952913008,148,0,0,0
dirichlet_0.1__high,dirichlet_0.1,high,4283749312,equal,equal,True,False,0.4583333333333333,22.0,0.4583333333333333,22.0,0.0,0.0,0.8770949720670391,154,0,0,0
dirichlet_0.1__high,dirichlet_0.1,high,4283749312,independent_bundle_maxmin,preinstalled,True,False,0.5208333333333334,25.0,0.5208333333333334,25.0,0.0,0.0,0.9010375099760575,124,0,0,0
dirichlet_0.1__high,dirichlet_0.1,high,4283749312,separable_leontief_relaxation,preinstalled,True,False,0.4583333333333333,22.0,0.4583333333333333,22.0,0.0,0.0,0.8770949720670391,154,0,0,0
dirichlet_0.1__moderate,dirichlet_0.1,moderate,13163994,central_joint_leontief,optimal,True,False,0.7916666666666666,38.0,0.7916666666666666,38.0,0.0,0.0,0.9742268041237113,49,0,0,626
dirichlet_0.1__moderate,dirichlet_0.1,moderate,13163994,distributed_price_leontief,preinstalled,True,False,0.7916666666666666,38.0,0.7916666666666666,38.0,0.0,0.0,0.9742268041237113,50,0,0,0
dirichlet_0.1__moderate,dirichlet_0.1,moderate,13163994,drf,drf,True,False,0.8125,39.0,0.8125,39.0,0.0,0.0,0.9556701030927836,14,0,0,0
dirichlet_0.1__moderate,dirichlet_0.1,moderate,13163994,equal,equal,True,False,0.6875,33.0,0.7083333333333334,34.0,0.0,0.0,0.8984536082474227,197,0,0,0
dirichlet_0.1__moderate,dirichlet_0.1,moderate,13163994,independent_bundle_maxmin,preinstalled,True,False,0.7916666666666666,38.0,0.7916666666666666,38.0,0.0,0.0,0.979381443298969,40,0,0,0
dirichlet_0.1__moderate,dirichlet_0.1,moderate,13163994,separable_leontief_relaxation,preinstalled,True,False,0.6875,33.0,0.7083333333333334,34.0,0.0,0.0,0.8984536082474227,197,0,0,0
dirichlet_0.1__moderate,dirichlet_0.1,moderate,47233068,central_joint_leontief,optimal,True,False,0.8333333333333334,40.0,0.8333333333333334,40.0,0.0,0.0,0.9645881447267128,46,0,0,655
dirichlet_0.1__moderate,dirichlet_0.1,moderate,47233068,distributed_price_leontief,preinstalled,True,False,0.8125,39.0,0.8333333333333334,40.0,0.0,0.0,0.962278675904542,49,0,0,0
dirichlet_0.1__moderate,dirichlet_0.1,moderate,47233068,drf,drf,True,False,0.7083333333333334,34.0,0.7083333333333334,34.0,0.0,0.0,0.8429561200923787,102,0,0,0
dirichlet_0.1__moderate,dirichlet_0.1,moderate,47233068,equal,equal,True,False,0.7083333333333334,34.0,0.7291666666666666,35.0,0.0,0.0,0.844495765973826,202,0,0,0
dirichlet_0.1__moderate,dirichlet_0.1,moderate,47233068,independent_bundle_maxmin,preinstalled,True,False,0.7916666666666666,38.0,0.8125,39.0,0.0,0.0,0.9430331023864511,74,0,0,0
dirichlet_0.1__moderate,dirichlet_0.1,moderate,47233068,separable_leontief_relaxation,preinstalled,True,False,0.7083333333333334,34.0,0.7291666666666666,35.0,0.0,0.0,0.844495765973826,202,0,0,0
dirichlet_0.1__moderate,dirichlet_0.1,moderate,51953835,central_joint_leontief,optimal,True,False,0.7916666666666666,38.0,0.7916666666666666,38.0,0.0,0.0,0.9328404189772027,109,0,0,637
dirichlet_0.1__moderate,dirichlet_0.1,moderate,51953835,distributed_price_leontief,preinstalled,True,False,0.7916666666666666,38.0,0.7916666666666666,38.0,0.0,0.0,0.9328404189772027,109,0,0,0
dirichlet_0.1__moderate,dirichlet_0.1,moderate,51953835,drf,drf,True,False,0.7083333333333334,34.0,0.7083333333333334,34.0,0.0,0.0,0.8866296980899568,154,0,0,0
dirichlet_0.1__moderate,dirichlet_0.1,moderate,51953835,equal,equal,True,False,0.6875,33.0,0.6875,33.0,0.0,0.0,0.8207024029574861,291,0,0,0
dirichlet_0.1__moderate,dirichlet_0.1,moderate,51953835,independent_bundle_maxmin,preinstalled,True,False,0.7708333333333334,37.0,0.7708333333333334,37.0,0.0,0.0,0.9174368453481208,134,0,0,0
dirichlet_0.1__moderate,dirichlet_0.1,moderate,51953835,separable_leontief_relaxation,preinstalled,True,False,0.6875,33.0,0.6875,33.0,0.0,0.0,0.8207024029574861,291,0,0,0
dirichlet_0.1__moderate,dirichlet_0.1,moderate,71021215,central_joint_leontief,optimal,True,False,0.7291666666666666,35.0,0.7291666666666666,35.0,0.0,0.0,0.9505376344086022,69,0,0,629
dirichlet_0.1__moderate,dirichlet_0.1,moderate,71021215,distributed_price_leontief,preinstalled,True,False,0.7291666666666666,35.0,0.7291666666666666,35.0,0.0,0.0,0.9505376344086022,69,0,0,0
dirichlet_0.1__moderate,dirichlet_0.1,moderate,71021215,drf,drf,True,False,0.6875,33.0,0.6875,33.0,0.0,0.0,0.8530465949820788,87,0,0,0
dirichlet_0.1__moderate,dirichlet_0.1,moderate,71021215,equal,equal,True,False,0.7083333333333334,34.0,0.7083333333333334,34.0,0.0,0.0,0.8702508960573476,181,0,0,0
dirichlet_0.1__moderate,dirichlet_0.1,moderate,71021215,independent_bundle_maxmin,preinstalled,True,False,0.6875,33.0,0.6875,33.0,0.0,0.0,0.886021505376344,159,0,0,0
dirichlet_0.1__moderate,dirichlet_0.1,moderate,71021215,separable_leontief_relaxation,preinstalled,True,False,0.7083333333333334,34.0,0.7083333333333334,34.0,0.0,0.0,0.8702508960573476,181,0,0,0
dirichlet_0.1__moderate,dirichlet_0.1,moderate,79596452,central_joint_leontief,optimal,True,False,0.7708333333333334,37.0,0.7708333333333334,37.0,0.0,0.0,0.9597737272155877,63,0,0,627
dirichlet_0.1__moderate,dirichlet_0.1,moderate,79596452,distributed_price_leontief,preinstalled,True,False,0.7708333333333334,37.0,0.7708333333333334,37.0,0.0,0.0,0.9597737272155877,64,0,0,0
dirichlet_0.1__moderate,dirichlet_0.1,moderate,79596452,drf,drf,True,False,0.75,36.0,0.7708333333333334,37.0,0.0,0.0,0.9050911376492772,38,0,0,0
dirichlet_0.1__moderate,dirichlet_0.1,moderate,79596452,equal,equal,True,False,0.6875,33.0,0.7083333333333334,34.0,0.0,0.0,0.8585795097423005,225,0,0,0
dirichlet_0.1__moderate,dirichlet_0.1,moderate,79596452,independent_bundle_maxmin,preinstalled,True,False,0.7916666666666666,38.0,0.8125,39.0,0.0,0.0,0.9591451917033312,65,0,0,0
dirichlet_0.1__moderate,dirichlet_0.1,moderate,79596452,separable_leontief_relaxation,preinstalled,True,False,0.6875,33.0,0.7083333333333334,34.0,0.0,0.0,0.8585795097423005,225,0,0,0
dirichlet_0.1__moderate,dirichlet_0.1,moderate,105735450,central_joint_leontief,optimal,True,False,0.75,36.0,0.75,36.0,0.0,0.0,0.9257142857142857,140,0,0,624
dirichlet_0.1__moderate,dirichlet_0.1,moderate,105735450,distributed_price_leontief,preinstalled,True,False,0.75,36.0,0.75,36.0,0.0,0.0,0.9366666666666666,133,0,0,0
dirichlet_0.1__moderate,dirichlet_0.1,moderate,105735450,drf,drf,True,False,0.7083333333333334,34.0,0.7083333333333334,34.0,0.0,0.0,0.8857142857142857,111,0,0,0
dirichlet_0.1__moderate,dirichlet_0.1,moderate,105735450,equal,equal,True,False,0.7083333333333334,34.0,0.7083333333333334,34.0,0.0,0.0,0.8933333333333333,224,0,0,0
dirichlet_0.1__moderate,dirichlet_0.1,moderate,105735450,independent_bundle_maxmin,preinstalled,True,False,0.7083333333333334,34.0,0.7083333333333334,34.0,0.0,0.0,0.9133333333333333,182,0,0,0
dirichlet_0.1__moderate,dirichlet_0.1,moderate,105735450,separable_leontief_relaxation,preinstalled,True,False,0.7083333333333334,34.0,0.7083333333333334,34.0,0.0,0.0,0.8933333333333333,224,0,0,0
dirichlet_0.1__moderate,dirichlet_0.1,moderate,119160524,central_joint_leontief,optimal,True,False,0.7916666666666666,38.0,0.7916666666666666,38.0,0.0,0.0,0.960167714884696,70,0,0,632
dirichlet_0.1__moderate,dirichlet_0.1,moderate,119160524,distributed_price_leontief,preinstalled,True,False,0.7916666666666666,38.0,0.7916666666666666,38.0,0.0,0.0,0.960167714884696,76,0,0,0
dirichlet_0.1__moderate,dirichlet_0.1,moderate,119160524,drf,drf,True,False,0.6666666666666666,32.0,0.6666666666666666,32.0,0.0,0.0,0.8852201257861635,103,0,0,0
dirichlet_0.1__moderate,dirichlet_0.1,moderate,119160524,equal,equal,True,False,0.7083333333333334,34.0,0.7083333333333334,34.0,0.0,0.0,0.8731656184486373,242,0,0,0
dirichlet_0.1__moderate,dirichlet_0.1,moderate,119160524,independent_bundle_maxmin,preinstalled,True,False,0.75,36.0,0.75,36.0,0.0,0.0,0.9559748427672956,84,0,0,0
dirichlet_0.1__moderate,dirichlet_0.1,moderate,119160524,separable_leontief_relaxation,preinstalled,True,False,0.7083333333333334,34.0,0.7083333333333334,34.0,0.0,0.0,0.8731656184486373,242,0,0,0
dirichlet_0.1__moderate,dirichlet_0.1,moderate,144382842,central_joint_leontief,optimal,True,False,0.7708333333333334,37.0,0.7708333333333334,37.0,0.0,0.0,0.9508993680116675,99,0,0,644
dirichlet_0.1__moderate,dirichlet_0.1,moderate,144382842,distributed_price_leontief,preinstalled,True,False,0.7708333333333334,37.0,0.7708333333333334,37.0,0.0,0.0,0.9508993680116675,101,0,0,0
dirichlet_0.1__moderate,dirichlet_0.1,moderate,144382842,drf,drf,True,False,0.6875,33.0,0.6875,33.0,0.0,0.0,0.9246475449684006,70,0,0,0
dirichlet_0.1__moderate,dirichlet_0.1,moderate,144382842,equal,equal,True,False,0.6875,33.0,0.6875,33.0,0.0,0.0,0.8867282450170151,233,0,0,0
dirichlet_0.1__moderate,dirichlet_0.1,moderate,144382842,independent_bundle_maxmin,preinstalled,True,False,0.7708333333333334,37.0,0.7708333333333334,37.0,0.0,0.0,0.9562469615945551,90,0,0,0
dirichlet_0.1__moderate,dirichlet_0.1,moderate,144382842,separable_leontief_relaxation,preinstalled,True,False,0.6875,33.0,0.6875,33.0,0.0,0.0,0.8867282450170151,233,0,0,0
dirichlet_0.1__moderate,dirichlet_0.1,moderate,154011620,central_joint_leontief,optimal,True,False,0.7916666666666666,38.0,0.7916666666666666,38.0,0.0,0.0,0.9493278179937953,96,0,0,665
dirichlet_0.1__moderate,dirichlet_0.1,moderate,154011620,distributed_price_leontief,preinstalled,True,False,0.7916666666666666,38.0,0.7916666666666666,38.0,0.0,0.0,0.9493278179937953,98,0,0,0
dirichlet_0.1__moderate,dirichlet_0.1,moderate,154011620,drf,drf,True,False,0.7916666666666666,38.0,0.7916666666666666,38.0,0.0,0.0,0.9048603929679421,81,0,0,0
dirichlet_0.1__moderate,dirichlet_0.1,moderate,154011620,equal,equal,True,False,0.7083333333333334,34.0,0.7083333333333334,34.0,0.0,0.0,0.8660806618407446,259,0,0,0
dirichlet_0.1__moderate,dirichlet_0.1,moderate,154011620,independent_bundle_maxmin,preinstalled,True,False,0.7708333333333334,37.0,0.7708333333333334,37.0,0.0,0.0,0.8883143743536711,216,0,0,0
dirichlet_0.1__moderate,dirichlet_0.1,moderate,154011620,separable_leontief_relaxation,preinstalled,True,False,0.7083333333333334,34.0,0.7083333333333334,34.0,0.0,0.0,0.8660806618407446,259,0,0,0
dirichlet_0.1__moderate,dirichlet_0.1,moderate,160641470,central_joint_leontief,optimal,True,False,0.75,36.0,0.7916666666666666,38.0,0.0,0.0,0.9301659988551803,122,0,0,638
dirichlet_0.1__moderate,dirichlet_0.1,moderate,160641470,distributed_price_leontief,preinstalled,True,False,0.7916666666666666,38.0,0.7916666666666666,38.0,0.0,0.0,0.934745277618775,114,0,0,0
dirichlet_0.1__moderate,dirichlet_0.1,moderate,160641470,drf,drf,True,False,0.75,36.0,0.75,36.0,0.0,0.0,0.9301659988551803,61,0,0,0
dirichlet_0.1__moderate,dirichlet_0.1,moderate,160641470,equal,equal,True,False,0.6875,33.0,0.6875,33.0,0.0,0.0,0.8757870635374928,217,0,0,0
dirichlet_0.1__moderate,dirichlet_0.1,moderate,160641470,independent_bundle_maxmin,preinstalled,True,False,0.75,36.0,0.7916666666666666,38.0,0.0,0.0,0.9301659988551803,122,0,0,0
dirichlet_0.1__moderate,dirichlet_0.1,moderate,160641470,separable_leontief_relaxation,preinstalled,True,False,0.6875,33.0,0.6875,33.0,0.0,0.0,0.8757870635374928,217,0,0,0
dirichlet_0.1__moderate,dirichlet_0.1,moderate,171451216,central_joint_leontief,optimal,True,False,0.7291666666666666,35.0,0.7291666666666666,35.0,0.0,0.0,0.9366197183098591,99,0,0,649
dirichlet_0.1__moderate,dirichlet_0.1,moderate,171451216,distributed_price_leontief,preinstalled,True,False,0.7291666666666666,35.0,0.7291666666666666,35.0,0.0,0.0,0.9366197183098591,99,0,0,0
dirichlet_0.1__moderate,dirichlet_0.1,moderate,171451216,drf,drf,True,False,0.7708333333333334,37.0,0.7708333333333334,37.0,0.0,0.0,0.8501920614596671,54,0,0,0
dirichlet_0.1__moderate,dirichlet_0.1,moderate,171451216,equal,equal,True,False,0.7083333333333334,34.0,0.7083333333333334,34.0,0.0,0.0,0.8706786171574904,202,0,0,0
dirichlet_0.1__moderate,dirichlet_0.1,moderate,171451216,independent_bundle_maxmin,preinstalled,True,False,0.7916666666666666,38.0,0.7916666666666666,38.0,0.0,0.0,0.913572343149808,135,0,0,0
dirichlet_0.1__moderate,dirichlet_0.1,moderate,171451216,separable_leontief_relaxation,preinstalled,True,False,0.7083333333333334,34.0,0.7083333333333334,34.0,0.0,0.0,0.8706786171574904,202,0,0,0
dirichlet_0.1__moderate,dirichlet_0.1,moderate,214605580,central_joint_leontief,optimal,True,False,0.7916666666666666,38.0,0.7916666666666666,38.0,0.0,0.0,0.9699248120300752,62,0,0,644
dirichlet_0.1__moderate,dirichlet_0.1,moderate,214605580,distributed_price_leontief,preinstalled,True,False,0.7916666666666666,38.0,0.7916666666666666,38.0,0.0,0.0,0.9699248120300752,64,0,0,0
dirichlet_0.1__moderate,dirichlet_0.1,moderate,214605580,drf,drf,True,False,0.7083333333333334,34.0,0.7083333333333334,34.0,0.0,0.0,0.9299812030075187,105,0,0,0
dirichlet_0.1__moderate,dirichlet_0.1,moderate,214605580,equal,equal,True,False,0.7291666666666666,35.0,0.7291666666666666,35.0,0.0,0.0,0.9299812030075187,149,0,0,0
dirichlet_0.1__moderate,dirichlet_0.1,moderate,214605580,independent_bundle_maxmin,preinstalled,True,False,0.7916666666666666,38.0,0.7916666666666666,38.0,0.0,0.0,0.9548872180451128,96,0,0,0
dirichlet_0.1__moderate,dirichlet_0.1,moderate,214605580,separable_leontief_relaxation,preinstalled,True,False,0.7291666666666666,35.0,0.7291666666666666,35.0,0.0,0.0,0.9299812030075187,149,0,0,0
dirichlet_0.1__moderate,dirichlet_0.1,moderate,215326899,central_joint_leontief,optimal,True,False,0.7708333333333334,37.0,0.7708333333333334,37.0,0.0,0.0,0.9315910837817064,86,0,0,633
dirichlet_0.1__moderate,dirichlet_0.1,moderate,215326899,distributed_price_leontief,preinstalled,True,False,0.7708333333333334,37.0,0.7708333333333334,37.0,0.0,0.0,0.9315910837817064,89,0,0,0
dirichlet_0.1__moderate,dirichlet_0.1,moderate,215326899,drf,drf,True,False,0.625,30.0,0.625,30.0,0.0,0.0,0.7794004611837049,132,0,0,0
dirichlet_0.1__moderate,dirichlet_0.1,moderate,215326899,equal,equal,True,False,0.6875,33.0,0.7083333333333334,34.0,0.0,0.0,0.8347425057647964,215,0,0,0
dirichlet_0.1__moderate,dirichlet_0.1,moderate,215326899,independent_bundle_maxmin,preinstalled,True,False,0.7291666666666666,35.0,0.7291666666666666,35.0,0.0,0.0,0.9423520368946964,75,0,0,0
dirichlet_0.1__moderate,dirichlet_0.1,moderate,215326899,separable_leontief_relaxation,preinstalled,True,False,0.6875,33.0,0.7083333333333334,34.0,0.0,0.0,0.8347425057647964,215,0,0,0
dirichlet_0.1__moderate,dirichlet_0.1,moderate,251198272,central_joint_leontief,optimal,True,False,0.8125,39.0,0.8125,39.0,0.0,0.0,0.970391061452514,52,0,0,655
dirichlet_0.1__moderate,dirichlet_0.1,moderate,251198272,distributed_price_leontief,preinstalled,True,False,0.8125,39.0,0.8125,39.0,0.0,0.0,0.970391061452514,53,0,0,0
dirichlet_0.1__moderate,dirichlet_0.1,moderate,251198272,drf,drf,True,False,0.75,36.0,0.75,36.0,0.0,0.0,0.9262569832402234,78,0,0,0
dirichlet_0.1__moderate,dirichlet_0.1,moderate,251198272,equal,equal,True,False,0.7083333333333334,34.0,0.7291666666666666,35.0,0.0,0.0,0.9027932960893855,174,0,0,0
dirichlet_0.1__moderate,dirichlet_0.1,moderate,251198272,independent_bundle_maxmin,preinstalled,True,False,0.7916666666666666,38.0,0.7916666666666666,38.0,0.0,0.0,0.9564245810055866,78,0,0,0
dirichlet_0.1__moderate,dirichlet_0.1,moderate,251198272,separable_leontief_relaxation,preinstalled,True,False,0.7083333333333334,34.0,0.7291666666666666,35.0,0.0,0.0,0.9027932960893855,174,0,0,0
dirichlet_0.1__moderate,dirichlet_0.1,moderate,278470677,central_joint_leontief,optimal,True,False,0.8333333333333334,40.0,0.8333333333333334,40.0,0.0,0.0,0.9676777722526106,63,0,0,621
dirichlet_0.1__moderate,dirichlet_0.1,moderate,278470677,distributed_price_leontief,preinstalled,True,False,0.8333333333333334,40.0,0.8333333333333334,40.0,0.0,0.0,0.9676777722526106,65,0,0,0
dirichlet_0.1__moderate,dirichlet_0.1,moderate,278470677,drf,drf,True,False,0.7291666666666666,35.0,0.7291666666666666,35.0,0.0,0.0,0.9393336648433616,89,0,0,0
dirichlet_0.1__moderate,dirichlet_0.1,moderate,278470677,equal,equal,True,False,0.7083333333333334,34.0,0.7083333333333334,34.0,0.0,0.0,0.9025360517155644,196,0,0,0
dirichlet_0.1__moderate,dirichlet_0.1,moderate,278470677,independent_bundle_maxmin,preinstalled,True,False,0.8125,39.0,0.8125,39.0,0.0,0.0,0.9602187966185977,80,0,0,0
dirichlet_0.1__moderate,dirichlet_0.1,moderate,278470677,separable_leontief_relaxation,preinstalled,True,False,0.7083333333333334,34.0,0.7083333333333334,34.0,0.0,0.0,0.9025360517155644,196,0,0,0
dirichlet_0.1__moderate,dirichlet_0.1,moderate,300256241,central_joint_leontief,optimal,True,False,0.8125,39.0,0.8125,39.0,0.0,0.0,0.9694224235560589,52,0,0,637
dirichlet_0.1__moderate,dirichlet_0.1,moderate,300256241,distributed_price_leontief,preinstalled,True,False,0.8125,39.0,0.8125,39.0,0.0,0.0,0.9694224235560589,54,0,0,0
dirichlet_0.1__moderate,dirichlet_0.1,moderate,300256241,drf,drf,True,False,0.75,36.0,0.75,36.0,0.0,0.0,0.9456398640996603,44,0,0,0
dirichlet_0.1__moderate,dirichlet_0.1,moderate,300256241,equal,equal,True,False,0.6875,33.0,0.6875,33.0,0.0,0.0,0.8510758776896942,263,0,0,0
dirichlet_0.1__moderate,dirichlet_0.1,moderate,300256241,independent_bundle_maxmin,preinstalled,True,False,0.8125,39.0,0.8125,39.0,0.0,0.0,0.9694224235560589,54,0,0,0
dirichlet_0.1__moderate,dirichlet_0.1,moderate,300256241,separable_leontief_relaxation,preinstalled,True,False,0.6875,33.0,0.6875,33.0,0.0,0.0,0.8510758776896942,263,0,0,0
dirichlet_0.1__moderate,dirichlet_0.1,moderate,386905649,central_joint_leontief,optimal,True,False,0.75,36.0,0.75,36.0,0.0,0.0,0.9514472455648926,52,0,0,642
dirichlet_0.1__moderate,dirichlet_0.1,moderate,386905649,distributed_price_leontief,preinstalled,True,False,0.75,36.0,0.75,36.0,0.0,0.0,0.9514472455648926,52,0,0,0
dirichlet_0.1__moderate,dirichlet_0.1,moderate,386905649,drf,drf,True,False,0.6875,33.0,0.6875,33.0,0.0,0.0,0.8786181139122315,75,0,0,0
dirichlet_0.1__moderate,dirichlet_0.1,moderate,386905649,equal,equal,True,False,0.7291666666666666,35.0,0.7291666666666666,35.0,0.0,0.0,0.8851540616246498,123,0,0,0
dirichlet_0.1__moderate,dirichlet_0.1,moderate,386905649,independent_bundle_maxmin,preinstalled,True,False,0.7291666666666666,35.0,0.7291666666666666,35.0,0.0,0.0,0.9066293183940243,100,0,0,0
dirichlet_0.1__moderate,dirichlet_0.1,moderate,386905649,separable_leontief_relaxation,preinstalled,True,False,0.7291666666666666,35.0,0.7291666666666666,35.0,0.0,0.0,0.8851540616246498,123,0,0,0
dirichlet_0.1__moderate,dirichlet_0.1,moderate,406271647,central_joint_leontief,optimal,True,False,0.6875,33.0,0.7291666666666666,35.0,0.0,0.0,0.8587699316628702,186,0,0,621
dirichlet_0.1__moderate,dirichlet_0.1,moderate,406271647,distributed_price_leontief,preinstalled,True,False,0.6875,33.0,0.7291666666666666,35.0,0.0,0.0,0.8762338648443432,163,0,0,0
dirichlet_0.1__moderate,dirichlet_0.1,moderate,406271647,drf,drf,True,False,0.6458333333333334,31.0,0.6666666666666666,32.0,0.0,0.0,0.7289293849658315,255,0,0,0
dirichlet_0.1__moderate,dirichlet_0.1,moderate,406271647,equal,equal,True,False,0.6458333333333334,31.0,0.6666666666666666,32.0,0.0,0.0,0.8542141230068337,192,0,0,0
dirichlet_0.1__moderate,dirichlet_0.1,moderate,406271647,independent_bundle_maxmin,preinstalled,True,False,0.7291666666666666,35.0,0.7291666666666666,35.0,0.0,0.0,0.8868640850417616,149,0,0,0
dirichlet_0.1__moderate,dirichlet_0.1,moderate,406271647,separable_leontief_relaxation,preinstalled,True,False,0.6458333333333334,31.0,0.6666666666666666,32.0,0.0,0.0,0.8542141230068337,192,0,0,0
dirichlet_0.1__moderate,dirichlet_0.1,moderate,411968488,central_joint_leontief,optimal,True,False,0.7916666666666666,38.0,0.7916666666666666,38.0,0.0,0.0,0.9268121041520057,102,0,0,622
dirichlet_0.1__moderate,dirichlet_0.1,moderate,411968488,distributed_price_leontief,preinstalled,True,False,0.7916666666666666,38.0,0.7916666666666666,38.0,0.0,0.0,0.9268121041520057,104,0,0,0
dirichlet_0.1__moderate,dirichlet_0.1,moderate,411968488,drf,drf,True,False,0.6666666666666666,32.0,0.6666666666666666,32.0,0.0,0.0,0.8142153413089374,148,0,0,0
dirichlet_0.1__moderate,dirichlet_0.1,moderate,411968488,equal,equal,True,False,0.75,36.0,0.75,36.0,0.0,0.0,0.8810696692470091,169,0,0,0
dirichlet_0.1__moderate,dirichlet_0.1,moderate,411968488,independent_bundle_maxmin,preinstalled,True,False,0.7916666666666666,38.0,0.7916666666666666,38.0,0.0,0.0,0.9275158339197748,103,0,0,0
dirichlet_0.1__moderate,dirichlet_0.1,moderate,411968488,separable_leontief_relaxation,preinstalled,True,False,0.75,36.0,0.75,36.0,0.0,0.0,0.8810696692470091,169,0,0,0
dirichlet_0.1__moderate,dirichlet_0.1,moderate,453975842,central_joint_leontief,optimal,True,False,0.8333333333333334,40.0,0.8333333333333334,40.0,0.0,0.0,0.956882255389718,67,0,0,669
dirichlet_0.1__moderate,dirichlet_0.1,moderate,453975842,distributed_price_leontief,preinstalled,True,False,0.8333333333333334,40.0,0.8333333333333334,40.0,0.0,0.0,0.956882255389718,78,0,0,0
dirichlet_0.1__moderate,dirichlet_0.1,moderate,453975842,drf,drf,True,False,0.7916666666666666,38.0,0.7916666666666666,38.0,0.0,0.0,0.9502487562189055,21,0,0,0
dirichlet_0.1__moderate,dirichlet_0.1,moderate,453975842,equal,equal,True,False,0.75,36.0,0.7708333333333334,37.0,0.0,0.0,0.9148700939745716,154,0,0,3
dirichlet_0.1__moderate,dirichlet_0.1,moderate,453975842,independent_bundle_maxmin,preinstalled,True,False,0.7708333333333334,37.0,0.7708333333333334,37.0,0.0,0.0,0.912106135986733,159,0,0,0
dirichlet_0.1__moderate,dirichlet_0.1,moderate,453975842,separable_leontief_relaxation,preinstalled,True,False,0.75,36.0,0.7708333333333334,37.0,0.0,0.0,0.9148700939745716,154,0,0,0
dirichlet_0.1__moderate,dirichlet_0.1,moderate,462769092,central_joint_leontief,optimal,True,False,0.7916666666666666,38.0,0.7916666666666666,38.0,0.0,0.0,0.9690436705362079,55,0,0,628
dirichlet_0.1__moderate,dirichlet_0.1,moderate,462769092,distributed_price_leontief,preinstalled,True,False,0.7916666666666666,38.0,0.7916666666666666,38.0,0.0,0.0,0.9690436705362079,56,0,0,0
dirichlet_0.1__moderate,dirichlet_0.1,moderate,462769092,drf,drf,True,False,0.6666666666666666,32.0,0.6666666666666666,32.0,0.0,0.0,0.8955223880597015,125,0,0,0
dirichlet_0.1__moderate,dirichlet_0.1,moderate,462769092,equal,equal,True,False,0.6666666666666666,32.0,0.6666666666666666,32.0,0.0,0.0,0.8706467661691543,234,0,0,0
dirichlet_0.1__moderate,dirichlet_0.1,moderate,462769092,independent_bundle_maxmin,preinstalled,True,False,0.8125,39.0,0.8125,39.0,0.0,0.0,0.9391929242675512,110,0,0,0
dirichlet_0.1__moderate,dirichlet_0.1,moderate,462769092,separable_leontief_relaxation,preinstalled,True,False,0.6666666666666666,32.0,0.6666666666666666,32.0,0.0,0.0,0.8706467661691543,234,0,0,0
dirichlet_0.1__moderate,dirichlet_0.1,moderate,481369689,central_joint_leontief,optimal,True,False,0.7916666666666666,38.0,0.7916666666666666,38.0,0.0,0.0,0.9524899828277046,81,0,0,637
dirichlet_0.1__moderate,dirichlet_0.1,moderate,481369689,distributed_price_leontief,preinstalled,True,False,0.7916666666666666,38.0,0.7916666666666666,38.0,0.0,0.0,0.9524899828277046,83,0,0,0
dirichlet_0.1__moderate,dirichlet_0.1,moderate,481369689,drf,drf,True,False,0.7083333333333334,34.0,0.7083333333333334,34.0,0.0,0.0,0.8666285060103034,135,0,0,0
dirichlet_0.1__moderate,dirichlet_0.1,moderate,481369689,equal,equal,True,False,0.7083333333333334,34.0,0.7083333333333334,34.0,0.0,0.0,0.8746422438465942,219,0,0,0
dirichlet_0.1__moderate,dirichlet_0.1,moderate,481369689,independent_bundle_maxmin,preinstalled,True,False,0.7916666666666666,38.0,0.7916666666666666,38.0,0.0,0.0,0.9582140812821981,73,0,0,0
dirichlet_0.1__moderate,dirichlet_0.1,moderate,481369689,separable_leontief_relaxation,preinstalled,True,False,0.7083333333333334,34.0,0.7083333333333334,34.0,0.0,0.0,0.8746422438465942,219,0,0,0
dirichlet_0.1__moderate,dirichlet_0.1,moderate,516112135,central_joint_leontief,optimal,True,False,0.7083333333333334,34.0,0.7083333333333334,34.0,0.0,0.0,0.9097848716169327,130,0,0,630
dirichlet_0.1__moderate,dirichlet_0.1,moderate,516112135,distributed_price_leontief,preinstalled,True,False,0.7083333333333334,34.0,0.7083333333333334,34.0,0.0,0.0,0.9097848716169327,130,0,0,0
dirichlet_0.1__moderate,dirichlet_0.1,moderate,516112135,drf,drf,True,False,0.6875,33.0,0.6875,33.0,0.0,0.0,0.8743927827897293,87,0,0,0
dirichlet_0.1__moderate,dirichlet_0.1,moderate,516112135,equal,equal,True,False,0.6458333333333334,31.0,0.6666666666666666,32.0,0.0,0.0,0.8473282442748091,220,0,0,0
dirichlet_0.1__moderate,dirichlet_0.1,moderate,516112135,independent_bundle_maxmin,preinstalled,True,False,0.75,36.0,0.75,36.0,0.0,0.0,0.9125607217210271,126,0,0,0
dirichlet_0.1__moderate,dirichlet_0.1,moderate,516112135,separable_leontief_relaxation,preinstalled,True,False,0.6458333333333334,31.0,0.6666666666666666,32.0,0.0,0.0,0.8473282442748091,220,0,0,0
dirichlet_0.1__moderate,dirichlet_0.1,moderate,553435265,central_joint_leontief,optimal,True,False,0.7708333333333334,37.0,0.7708333333333334,37.0,0.0,0.0,0.9519832985386222,90,0,0,625
dirichlet_0.1__moderate,dirichlet_0.1,moderate,553435265,distributed_price_leontief,preinstalled,True,False,0.7708333333333334,37.0,0.7708333333333334,37.0,0.0,0.0,0.9519832985386222,92,0,0,0
dirichlet_0.1__moderate,dirichlet_0.1,moderate,553435265,drf,drf,True,False,0.75,36.0,0.75,36.0,0.0,0.0,0.9613778705636743,62,0,0,0
dirichlet_0.1__moderate,dirichlet_0.1,moderate,553435265,equal,equal,True,False,0.6666666666666666,32.0,0.6666666666666666,32.0,0.0,0.0,0.8815240083507306,227,0,0,0
dirichlet_0.1__moderate,dirichlet_0.1,moderate,553435265,independent_bundle_maxmin,preinstalled,True,False,0.7708333333333334,37.0,0.7708333333333334,37.0,0.0,0.0,0.9446764091858038,106,0,0,0
dirichlet_0.1__moderate,dirichlet_0.1,moderate,553435265,separable_leontief_relaxation,preinstalled,True,False,0.6666666666666666,32.0,0.6666666666666666,32.0,0.0,0.0,0.8815240083507306,227,0,0,0
dirichlet_0.1__moderate,dirichlet_0.1,moderate,567887676,central_joint_leontief,optimal,True,False,0.8125,39.0,0.8125,39.0,0.0,0.0,0.9349722442505948,82,0,0,635
dirichlet_0.1__moderate,dirichlet_0.1,moderate,567887676,distributed_price_leontief,preinstalled,True,False,0.8333333333333334,40.0,0.8333333333333334,40.0,0.0,0.0,0.9540047581284695,58,0,0,0
dirichlet_0.1__moderate,dirichlet_0.1,moderate,567887676,drf,drf,True,False,0.6666666666666666,32.0,0.6666666666666666,32.0,0.0,0.0,0.7145122918318795,219,0,0,0
dirichlet_0.1__moderate,dirichlet_0.1,moderate,567887676,equal,equal,True,False,0.7708333333333334,37.0,0.7708333333333334,37.0,0.0,0.0,0.8279143536875495,217,0,0,0
dirichlet_0.1__moderate,dirichlet_0.1,moderate,567887676,independent_bundle_maxmin,preinstalled,True,False,0.8333333333333334,40.0,0.8333333333333334,40.0,0.0,0.0,0.9191118160190325,102,0,0,0
dirichlet_0.1__moderate,dirichlet_0.1,moderate,567887676,separable_leontief_relaxation,preinstalled,True,False,0.7708333333333334,37.0,0.7708333333333334,37.0,0.0,0.0,0.8279143536875495,217,0,0,0
dirichlet_0.1__moderate,dirichlet_0.1,moderate,570058452,central_joint_leontief,optimal,True,False,0.8333333333333334,40.0,0.8333333333333334,40.0,0.0,0.0,0.9596026490066225,59,0,0,645
dirichlet_0.1__moderate,dirichlet_0.1,moderate,570058452,distributed_price_leontief,preinstalled,True,False,0.8333333333333334,40.0,0.8333333333333334,40.0,0.0,0.0,0.9596026490066225,61,0,0,0
dirichlet_0.1__moderate,dirichlet_0.1,moderate,570058452,drf,drf,True,False,0.75,36.0,0.75,36.0,0.0,0.0,0.8933774834437086,46,0,0,0
dirichlet_0.1__moderate,dirichlet_0.1,moderate,570058452,equal,equal,True,False,0.7291666666666666,35.0,0.7291666666666666,35.0,0.0,0.0,0.866225165562914,202,0,0,0
dirichlet_0.1__moderate,dirichlet_0.1,moderate,570058452,independent_bundle_maxmin,preinstalled,True,False,0.8125,39.0,0.8125,39.0,0.0,0.0,0.9331125827814569,101,0,0,0
dirichlet_0.1__moderate,dirichlet_0.1,moderate,570058452,separable_leontief_relaxation,preinstalled,True,False,0.7291666666666666,35.0,0.7291666666666666,35.0,0.0,0.0,0.866225165562914,202,0,0,0
dirichlet_0.1__moderate,dirichlet_0.1,moderate,571665946,central_joint_leontief,optimal,True,False,0.75,36.0,0.7708333333333334,37.0,0.0,0.0,0.9325108853410741,91,0,0,633
dirichlet_0.1__moderate,dirichlet_0.1,moderate,571665946,distributed_price_leontief,preinstalled,True,False,0.75,36.0,0.7708333333333334,37.0,0.0,0.0,0.9325108853410741,93,0,0,0
dirichlet_0.1__moderate,dirichlet_0.1,moderate,571665946,drf,drf,True,False,0.6875,33.0,0.6875,33.0,0.0,0.0,0.8490566037735849,102,0,0,0
dirichlet_0.1__moderate,dirichlet_0.1,moderate,571665946,equal,equal,True,False,0.7291666666666666,35.0,0.7291666666666666,35.0,0.0,0.0,0.841799709724238,218,0,0,0
dirichlet_0.1__moderate,dirichlet_0.1,moderate,571665946,independent_bundle_maxmin,preinstalled,True,False,0.7708333333333334,37.0,0.7916666666666666,38.0,0.0,0.0,0.9521044992743106,66,0,0,0
dirichlet_0.1__moderate,dirichlet_0.1,moderate,571665946,separable_leontief_relaxation,preinstalled,True,False,0.7291666666666666,35.0,0.7291666666666666,35.0,0.0,0.0,0.841799709724238,218,0,0,0
dirichlet_0.1__moderate,dirichlet_0.1,moderate,610850603,central_joint_leontief,optimal,True,False,0.7916666666666666,38.0,0.7916666666666666,38.0,0.0,0.0,0.969652471855115,61,0,0,628
dirichlet_0.1__moderate,dirichlet_0.1,moderate,610850603,distributed_price_leontief,preinstalled,True,False,0.7916666666666666,38.0,0.7916666666666666,38.0,0.0,0.0,0.969652471855115,62,0,0,0
dirichlet_0.1__moderate,dirichlet_0.1,moderate,610850603,drf,drf,True,False,0.7083333333333334,34.0,0.7083333333333334,34.0,0.0,0.0,0.9324522760646109,68,0,0,0
dirichlet_0.1__moderate,dirichlet_0.1,moderate,610850603,equal,equal,True,False,0.7291666666666666,35.0,0.7291666666666666,35.0,0.0,0.0,0.9162995594713657,171,0,0,0
dirichlet_0.1__moderate,dirichlet_0.1,moderate,610850603,independent_bundle_maxmin,preinstalled,True,False,0.7916666666666666,38.0,0.7916666666666666,38.0,0.0,0.0,0.9681840430739109,65,0,0,0
dirichlet_0.1__moderate,dirichlet_0.1,moderate,610850603,separable_leontief_relaxation,preinstalled,True,False,0.7291666666666666,35.0,0.7291666666666666,35.0,0.0,0.0,0.9162995594713657,171,0,0,0
dirichlet_0.1__moderate,dirichlet_0.1,moderate,624291094,central_joint_leontief,optimal,True,False,0.8333333333333334,40.0,0.8333333333333334,40.0,0.0,0.0,0.953710006807352,68,0,0,627
dirichlet_0.1__moderate,dirichlet_0.1,moderate,624291094,distributed_price_leontief,preinstalled,True,False,0.8333333333333334,40.0,0.8333333333333334,40.0,0.0,0.0,0.953710006807352,68,0,0,0
dirichlet_0.1__moderate,dirichlet_0.1,moderate,624291094,drf,drf,True,False,0.7291666666666666,35.0,0.7291666666666666,35.0,0.0,0.0,0.8597685500340367,127,0,0,0
dirichlet_0.1__moderate,dirichlet_0.1,moderate,624291094,equal,equal,True,False,0.6875,33.0,0.7291666666666666,35.0,0.0,0.0,0.8454731109598366,227,0,0,0
dirichlet_0.1__moderate,dirichlet_0.1,moderate,624291094,independent_bundle_maxmin,preinstalled,True,False,0.8125,39.0,0.8125,39.0,0.0,0.0,0.9278420694349898,106,0,0,0
dirichlet_0.1__moderate,dirichlet_0.1,moderate,624291094,separable_leontief_relaxation,preinstalled,True,False,0.6875,33.0,0.7291666666666666,35.0,0.0,0.0,0.8454731109598366,227,0,0,0
dirichlet_0.1__moderate,dirichlet_0.1,moderate,626101394,central_joint_leontief,optimal,True,False,0.7916666666666666,38.0,0.7916666666666666,38.0,0.0,0.0,0.9622741764080766,70,0,0,634
dirichlet_0.1__moderate,dirichlet_0.1,moderate,626101394,distributed_price_leontief,preinstalled,True,False,0.7916666666666666,38.0,0.7916666666666666,38.0,0.0,0.0,0.9622741764080766,71,0,0,0
dirichlet_0.1__moderate,dirichlet_0.1,moderate,626101394,drf,drf,True,False,0.7083333333333334,34.0,0.7083333333333334,34.0,0.0,0.0,0.9218916046758767,105,0,0,0
dirichlet_0.1__moderate,dirichlet_0.1,moderate,626101394,equal,equal,True,False,0.7291666666666666,35.0,0.7291666666666666,35.0,0.0,0.0,0.9139213602550478,162,0,0,0
dirichlet_0.1__moderate,dirichlet_0.1,moderate,626101394,independent_bundle_maxmin,preinstalled,True,False,0.7708333333333334,37.0,0.7708333333333334,37.0,0.0,0.0,0.9362380446333688,120,0,0,0
dirichlet_0.1__moderate,dirichlet_0.1,moderate,626101394,separable_leontief_relaxation,preinstalled,True,False,0.7291666666666666,35.0,0.7291666666666666,35.0,0.0,0.0,0.9139213602550478,162,0,0,0
dirichlet_0.1__moderate,dirichlet_0.1,moderate,631912891,central_joint_leontief,optimal,True,False,0.75,36.0,0.75,36.0,0.0,0.0,0.9247506799637353,80,0,0,671
dirichlet_0.1__moderate,dirichlet_0.1,moderate,631912891,distributed_price_leontief,preinstalled,True,False,0.75,36.0,0.75,36.0,0.0,0.0,0.9247506799637353,83,0,0,0
dirichlet_0.1__moderate,dirichlet_0.1,moderate,631912891,drf,drf,True,False,0.6666666666666666,32.0,0.6666666666666666,32.0,0.0,0.0,0.828649138712602,71,0,0,0
dirichlet_0.1__moderate,dirichlet_0.1,moderate,631912891,equal,equal,True,False,0.7083333333333334,34.0,0.7291666666666666,35.0,0.0,0.0,0.8803263825929284,132,0,0,0
dirichlet_0.1__moderate,dirichlet_0.1,moderate,631912891,independent_bundle_maxmin,preinstalled,True,False,0.7291666666666666,35.0,0.7291666666666666,35.0,0.0,0.0,0.9020852221214869,108,0,0,0
dirichlet_0.1__moderate,dirichlet_0.1,moderate,631912891,separable_leontief_relaxation,preinstalled,True,False,0.7083333333333334,34.0,0.7291666666666666,35.0,0.0,0.0,0.8803263825929284,132,0,0,0
dirichlet_0.1__moderate,dirichlet_0.1,moderate,636323273,central_joint_leontief,optimal,True,False,0.8125,39.0,0.8333333333333334,40.0,0.0,0.0,0.9577639751552796,62,0,0,657
dirichlet_0.1__moderate,dirichlet_0.1,moderate,636323273,distributed_price_leontief,preinstalled,True,False,0.8125,39.0,0.8333333333333334,40.0,0.0,0.0,0.9577639751552796,68,0,0,0
dirichlet_0.1__moderate,dirichlet_0.1,moderate,636323273,drf,drf,True,False,0.7083333333333334,34.0,0.7291666666666666,35.0,0.0,0.0,0.8813664596273292,72,0,0,0
dirichlet_0.1__moderate,dirichlet_0.1,moderate,636323273,equal,equal,True,False,0.75,36.0,0.75,36.0,0.0,0.0,0.8819875776397516,190,0,0,0
dirichlet_0.1__moderate,dirichlet_0.1,moderate,636323273,independent_bundle_maxmin,preinstalled,True,False,0.8125,39.0,0.8125,39.0,0.0,0.0,0.9391304347826087,98,0,0,0
dirichlet_0.1__moderate,dirichlet_0.1,moderate,636323273,separable_leontief_relaxation,preinstalled,True,False,0.75,36.0,0.75,36.0,0.0,0.0,0.8819875776397516,190,0,0,0
dirichlet_0.1__moderate,dirichlet_0.1,moderate,665358464,central_joint_leontief,optimal,True,False,0.8125,39.0,0.8125,39.0,0.0,0.0,0.9630732578916021,61,0,0,641
dirichlet_0.1__moderate,dirichlet_0.1,moderate,665358464,distributed_price_leontief,preinstalled,True,False,0.8125,39.0,0.8125,39.0,0.0,0.0,0.9630732578916021,62,0,0,0
dirichlet_0.1__moderate,dirichlet_0.1,moderate,665358464,drf,drf,True,False,0.6875,33.0,0.6875,33.0,0.0,0.0,0.8969624776652769,115,0,0,0
dirichlet_0.1__moderate,dirichlet_0.1,moderate,665358464,equal,equal,True,False,0.6875,33.0,0.6875,33.0,0.0,0.0,0.8624181060154854,231,0,0,0
dirichlet_0.1__moderate,dirichlet_0.1,moderate,665358464,independent_bundle_maxmin,preinstalled,True,False,0.7708333333333334,37.0,0.7708333333333334,37.0,0.0,0.0,0.9452054794520548,92,0,0,0
dirichlet_0.1__moderate,dirichlet_0.1,moderate,665358464,separable_leontief_relaxation,preinstalled,True,False,0.6875,33.0,0.6875,33.0,0.0,0.0,0.8624181060154854,231,0,0,0
dirichlet_0.1__moderate,dirichlet_0.1,moderate,695586742,central_joint_leontief,optimal,True,False,0.8125,39.0,0.8125,39.0,0.0,0.0,0.9519287833827893,70,0,0,630
dirichlet_0.1__moderate,dirichlet_0.1,moderate,695586742,distributed_price_leontief,preinstalled,True,False,0.7916666666666666,38.0,0.7916666666666666,38.0,0.0,0.0,0.9317507418397626,115,0,0,0
dirichlet_0.1__moderate,dirichlet_0.1,moderate,695586742,drf,drf,True,False,0.7291666666666666,35.0,0.7291666666666666,35.0,0.0,0.0,0.8949554896142433,95,0,0,0
dirichlet_0.1__moderate,dirichlet_0.1,moderate,695586742,equal,equal,True,False,0.7916666666666666,38.0,0.7916666666666666,38.0,0.0,0.0,0.8676557863501484,223,0,0,0
dirichlet_0.1__moderate,dirichlet_0.1,moderate,695586742,independent_bundle_maxmin,preinstalled,True,False,0.7916666666666666,38.0,0.7916666666666666,38.0,0.0,0.0,0.9252225519287833,126,0,0,0
dirichlet_0.1__moderate,dirichlet_0.1,moderate,695586742,separable_leontief_relaxation,preinstalled,True,False,0.7916666666666666,38.0,0.7916666666666666,38.0,0.0,0.0,0.8676557863501484,223,0,0,0
dirichlet_0.1__moderate,dirichlet_0.1,moderate,759882551,central_joint_leontief,optimal,True,False,0.7291666666666666,35.0,0.7291666666666666,35.0,0.0,0.0,0.9427771108443377,143,0,0,624
dirichlet_0.1__moderate,dirichlet_0.1,moderate,759882551,distributed_price_leontief,preinstalled,True,False,0.7291666666666666,35.0,0.7291666666666666,35.0,0.0,0.0,0.9427771108443377,143,0,0,0
dirichlet_0.1__moderate,dirichlet_0.1,moderate,759882551,drf,drf,True,False,0.75,36.0,0.75,36.0,0.0,0.0,0.9387755102040817,67,0,0,0
dirichlet_0.1__moderate,dirichlet_0.1,moderate,759882551,equal,equal,True,False,0.6666666666666666,32.0,0.6666666666666666,32.0,0.0,0.0,0.8651460584233693,337,0,0,0
dirichlet_0.1__moderate,dirichlet_0.1,moderate,759882551,independent_bundle_maxmin,preinstalled,True,False,0.7291666666666666,35.0,0.7291666666666666,35.0,0.0,0.0,0.943577430972389,141,0,0,0
dirichlet_0.1__moderate,dirichlet_0.1,moderate,759882551,separable_leontief_relaxation,preinstalled,True,False,0.6666666666666666,32.0,0.6666666666666666,32.0,0.0,0.0,0.8651460584233693,337,0,0,0
dirichlet_0.1__moderate,dirichlet_0.1,moderate,815481791,central_joint_leontief,optimal,True,False,0.8125,39.0,0.8125,39.0,0.0,0.0,0.9612742036227357,58,0,0,623
dirichlet_0.1__moderate,dirichlet_0.1,moderate,815481791,distributed_price_leontief,preinstalled,True,False,0.8125,39.0,0.8125,39.0,0.0,0.0,0.9612742036227357,62,0,0,0
dirichlet_0.1__moderate,dirichlet_0.1,moderate,815481791,drf,drf,True,False,0.6875,33.0,0.6875,33.0,0.0,0.0,0.9000624609618988,75,0,0,0
dirichlet_0.1__moderate,dirichlet_0.1,moderate,815481791,equal,equal,True,False,0.7291666666666666,35.0,0.7291666666666666,35.0,0.0,0.0,0.9031855090568395,155,0,0,0
dirichlet_0.1__moderate,dirichlet_0.1,moderate,815481791,independent_bundle_maxmin,preinstalled,True,False,0.7708333333333334,37.0,0.7708333333333334,37.0,0.0,0.0,0.9444097439100562,89,0,0,0
dirichlet_0.1__moderate,dirichlet_0.1,moderate,815481791,separable_leontief_relaxation,preinstalled,True,False,0.7291666666666666,35.0,0.7291666666666666,35.0,0.0,0.0,0.9031855090568395,155,0,0,0
dirichlet_0.1__moderate,dirichlet_0.1,moderate,817137978,central_joint_leontief,optimal,True,False,0.7708333333333334,37.0,0.7708333333333334,37.0,0.0,0.0,0.9613980177360459,71,0,0,537
dirichlet_0.1__moderate,dirichlet_0.1,moderate,817137978,distributed_price_leontief,preinstalled,True,False,0.7708333333333334,37.0,0.7708333333333334,37.0,0.0,0.0,0.9613980177360459,74,0,0,0
dirichlet_0.1__moderate,dirichlet_0.1,moderate,817137978,drf,drf,True,False,0.7291666666666666,35.0,0.7291666666666666,35.0,0.0,0.0,0.9269692227438706,52,0,0,0
dirichlet_0.1__moderate,dirichlet_0.1,moderate,817137978,equal,equal,True,False,0.6875,33.0,0.6875,33.0,0.0,0.0,0.863849765258216,261,0,0,0
dirichlet_0.1__moderate,dirichlet_0.1,moderate,817137978,independent_bundle_maxmin,preinstalled,True,False,0.7708333333333334,37.0,0.7708333333333334,37.0,0.0,0.0,0.9692227438706312,59,0,0,0
dirichlet_0.1__moderate,dirichlet_0.1,moderate,817137978,separable_leontief_relaxation,preinstalled,True,False,0.6875,33.0,0.6875,33.0,0.0,0.0,0.863849765258216,261,0,0,0
dirichlet_0.1__moderate,dirichlet_0.1,moderate,817397877,central_joint_leontief,optimal,True,False,0.8333333333333334,40.0,0.8333333333333334,40.0,0.0,0.0,0.935672514619883,91,0,0,667
dirichlet_0.1__moderate,dirichlet_0.1,moderate,817397877,distributed_price_leontief,preinstalled,True,False,0.8333333333333334,40.0,0.8333333333333334,40.0,0.0,0.0,0.9239766081871345,117,0,0,0
dirichlet_0.1__moderate,dirichlet_0.1,moderate,817397877,drf,drf,True,False,0.7291666666666666,35.0,0.7291666666666666,35.0,0.0,0.0,0.8512020792722547,89,0,0,0
dirichlet_0.1__moderate,dirichlet_0.1,moderate,817397877,equal,equal,True,False,0.7708333333333334,37.0,0.7708333333333334,37.0,0.0,0.0,0.8615984405458089,213,0,0,0
dirichlet_0.1__moderate,dirichlet_0.1,moderate,817397877,independent_bundle_maxmin,preinstalled,True,False,0.8125,39.0,0.8125,39.0,0.0,0.0,0.9116309291747888,136,0,0,0
dirichlet_0.1__moderate,dirichlet_0.1,moderate,817397877,separable_leontief_relaxation,preinstalled,True,False,0.7708333333333334,37.0,0.7708333333333334,37.0,0.0,0.0,0.8615984405458089,213,0,0,0
dirichlet_0.1__moderate,dirichlet_0.1,moderate,820796292,central_joint_leontief,optimal,True,False,0.7083333333333334,34.0,0.7291666666666666,35.0,0.0,0.0,0.9479073909171861,101,0,0,630
dirichlet_0.1__moderate,dirichlet_0.1,moderate,820796292,distributed_price_leontief,preinstalled,True,False,0.7083333333333334,34.0,0.7291666666666666,35.0,0.0,0.0,0.939893143365984,135,0,0,0
dirichlet_0.1__moderate,dirichlet_0.1,moderate,820796292,drf,drf,True,False,0.6666666666666666,32.0,0.6666666666666666,32.0,0.0,0.0,0.9127337488869101,69,0,0,0
dirichlet_0.1__moderate,dirichlet_0.1,moderate,820796292,equal,equal,True,False,0.7083333333333334,34.0,0.7083333333333334,34.0,0.0,0.0,0.9056099732858415,212,0,0,0
dirichlet_0.1__moderate,dirichlet_0.1,moderate,820796292,independent_bundle_maxmin,preinstalled,True,False,0.7083333333333334,34.0,0.7291666666666666,35.0,0.0,0.0,0.9367764915405165,142,0,0,0
dirichlet_0.1__moderate,dirichlet_0.1,moderate,820796292,separable_leontief_relaxation,preinstalled,True,False,0.7083333333333334,34.0,0.7083333333333334,34.0,0.0,0.0,0.9056099732858415,212,0,0,0
dirichlet_0.1__moderate,dirichlet_0.1,moderate,836948274,central_joint_leontief,optimal,True,False,0.7083333333333334,34.0,0.7291666666666666,35.0,0.0,0.0,0.8864241348713399,127,0,0,637
dirichlet_0.1__moderate,dirichlet_0.1,moderate,836948274,distributed_price_leontief,preinstalled,True,False,0.7083333333333334,34.0,0.7291666666666666,35.0,0.0,0.0,0.8864241348713399,128,0,0,0
dirichlet_0.1__moderate,dirichlet_0.1,moderate,836948274,drf,drf,True,False,0.6666666666666666,32.0,0.6666666666666666,32.0,0.0,0.0,0.839396628216504,68,0,0,0
dirichlet_0.1__moderate,dirichlet_0.1,moderate,836948274,equal,equal,True,False,0.6666666666666666,32.0,0.6666666666666666,32.0,0.0,0.0,0.870452528837622,146,0,0,0
dirichlet_0.1__moderate,dirichlet_0.1,moderate,836948274,independent_bundle_maxmin,preinstalled,True,False,0.7291666666666666,35.0,0.75,36.0,0.0,0.0,0.9103815439219166,101,0,0,0
dirichlet_0.1__moderate,dirichlet_0.1,moderate,836948274,separable_leontief_relaxation,preinstalled,True,False,0.6666666666666666,32.0,0.6666666666666666,32.0,0.0,0.0,0.870452528837622,146,0,0,0
dirichlet_0.1__moderate,dirichlet_0.1,moderate,850954452,central_joint_leontief,optimal,True,False,0.7916666666666666,38.0,0.7916666666666666,38.0,0.0,0.0,0.9762443438914027,41,0,0,627
dirichlet_0.1__moderate,dirichlet_0.1,moderate,850954452,distributed_price_leontief,preinstalled,True,False,0.7916666666666666,38.0,0.7916666666666666,38.0,0.0,0.0,0.9762443438914027,42,0,0,0
dirichlet_0.1__moderate,dirichlet_0.1,moderate,850954452,drf,drf,True,False,0.75,36.0,0.75,36.0,0.0,0.0,0.9230769230769231,50,0,0,0
dirichlet_0.1__moderate,dirichlet_0.1,moderate,850954452,equal,equal,True,False,0.7083333333333334,34.0,0.7083333333333334,34.0,0.0,0.0,0.8897058823529411,195,0,0,0
dirichlet_0.1__moderate,dirichlet_0.1,moderate,850954452,independent_bundle_maxmin,preinstalled,True,False,0.7708333333333334,37.0,0.7708333333333334,37.0,0.0,0.0,0.9768099547511312,41,0,0,0
dirichlet_0.1__moderate,dirichlet_0.1,moderate,850954452,separable_leontief_relaxation,preinstalled,True,False,0.7083333333333334,34.0,0.7083333333333334,34.0,0.0,0.0,0.8897058823529411,195,0,0,0
dirichlet_0.1__moderate,dirichlet_0.1,moderate,874361190,central_joint_leontief,optimal,True,False,0.7291666666666666,35.0,0.75,36.0,0.0,0.0,0.9592233009708738,55,0,0,644
dirichlet_0.1__moderate,dirichlet_0.1,moderate,874361190,distributed_price_leontief,preinstalled,True,False,0.7291666666666666,35.0,0.75,36.0,0.0,0.0,0.9592233009708738,63,0,0,0
dirichlet_0.1__moderate,dirichlet_0.1,moderate,874361190,drf,drf,True,False,0.75,36.0,0.75,36.0,0.0,0.0,0.9067961165048544,85,0,0,0
dirichlet_0.1__moderate,dirichlet_0.1,moderate,874361190,equal,equal,True,False,0.7291666666666666,35.0,0.75,36.0,0.0,0.0,0.9132686084142395,134,0,0,0
dirichlet_0.1__moderate,dirichlet_0.1,moderate,874361190,independent_bundle_maxmin,preinstalled,True,False,0.7291666666666666,35.0,0.75,36.0,0.0,0.0,0.943042071197411,88,0,0,0
dirichlet_0.1__moderate,dirichlet_0.1,moderate,874361190,separable_leontief_relaxation,preinstalled,True,False,0.7291666666666666,35.0,0.75,36.0,0.0,0.0,0.9132686084142395,134,0,0,0
dirichlet_0.1__moderate,dirichlet_0.1,moderate,892263153,central_joint_leontief,optimal,True,False,0.7916666666666666,38.0,0.7916666666666666,38.0,0.0,0.0,0.97265625,48,0,0,619
dirichlet_0.1__moderate,dirichlet_0.1,moderate,892263153,distributed_price_leontief,preinstalled,True,False,0.7916666666666666,38.0,0.7916666666666666,38.0,0.0,0.0,0.97265625,49,0,0,0
dirichlet_0.1__moderate,dirichlet_0.1,moderate,892263153,drf,drf,True,False,0.7708333333333334,37.0,0.7916666666666666,38.0,0.0,0.0,0.9280133928571429,85,0,0,0
dirichlet_0.1__moderate,dirichlet_0.1,moderate,892263153,equal,equal,True,False,0.6666666666666666,32.0,0.6666666666666666,32.0,0.0,0.0,0.859375,252,0,0,0
dirichlet_0.1__moderate,dirichlet_0.1,moderate,892263153,independent_bundle_maxmin,preinstalled,True,False,0.7916666666666666,38.0,0.7916666666666666,38.0,0.0,0.0,0.9693080357142857,55,0,0,0
dirichlet_0.1__moderate,dirichlet_0.1,moderate,892263153,separable_leontief_relaxation,preinstalled,True,False,0.6666666666666666,32.0,0.6666666666666666,32.0,0.0,0.0,0.859375,252,0,0,0
dirichlet_0.1__moderate,dirichlet_0.1,moderate,930016503,central_joint_leontief,optimal,True,False,0.7916666666666666,38.0,0.7916666666666666,38.0,0.0,0.0,0.9739671760045274,45,0,0,623
dirichlet_0.1__moderate,dirichlet_0.1,moderate,930016503,distributed_price_leontief,preinstalled,True,False,0.7916666666666666,38.0,0.7916666666666666,38.0,0.0,0.0,0.9739671760045274,46,0,0,0
dirichlet_0.1__moderate,dirichlet_0.1,moderate,930016503,drf,drf,True,False,0.7083333333333334,34.0,0.7083333333333334,34.0,0.0,0.0,0.9196378041878891,72,0,0,0
dirichlet_0.1__moderate,dirichlet_0.1,moderate,930016503,equal,equal,True,False,0.7083333333333334,34.0,0.7083333333333334,34.0,0.0,0.0,0.8794567062818336,213,0,0,0
dirichlet_0.1__moderate,dirichlet_0.1,moderate,930016503,independent_bundle_maxmin,preinstalled,True,False,0.7708333333333334,37.0,0.7708333333333334,37.0,0.0,0.0,0.9535936615732881,82,0,0,0
dirichlet_0.1__moderate,dirichlet_0.1,moderate,930016503,separable_leontief_relaxation,preinstalled,True,False,0.7083333333333334,34.0,0.7083333333333334,34.0,0.0,0.0,0.8794567062818336,213,0,0,0
dirichlet_0.1__moderate,dirichlet_0.1,moderate,935504160,central_joint_leontief,optimal,True,False,0.8125,39.0,0.8125,39.0,0.0,0.0,0.9583333333333334,57,0,0,620
dirichlet_0.1__moderate,dirichlet_0.1,moderate,935504160,distributed_price_leontief,preinstalled,True,False,0.8125,39.0,0.8125,39.0,0.0,0.0,0.9583333333333334,58,0,0,0
dirichlet_0.1__moderate,dirichlet_0.1,moderate,935504160,drf,drf,True,False,0.6666666666666666,32.0,0.6666666666666666,32.0,0.0,0.0,0.8505747126436781,83,0,0,0
dirichlet_0.1__moderate,dirichlet_0.1,moderate,935504160,equal,equal,True,False,0.7291666666666666,35.0,0.7291666666666666,35.0,0.0,0.0,0.8900862068965517,153,0,0,0
dirichlet_0.1__moderate,dirichlet_0.1,moderate,935504160,independent_bundle_maxmin,preinstalled,True,False,0.7708333333333334,37.0,0.7708333333333334,37.0,0.0,0.0,0.9324712643678161,94,0,0,0
dirichlet_0.1__moderate,dirichlet_0.1,moderate,935504160,separable_leontief_relaxation,preinstalled,True,False,0.7291666666666666,35.0,0.7291666666666666,35.0,0.0,0.0,0.8900862068965517,153,0,0,0
dirichlet_0.1__moderate,dirichlet_0.1,moderate,952458876,central_joint_leontief,optimal,True,False,0.75,36.0,0.75,36.0,0.0,0.0,0.9366919304502898,133,0,0,637
dirichlet_0.1__moderate,dirichlet_0.1,moderate,952458876,distributed_price_leontief,preinstalled,True,False,0.75,36.0,0.75,36.0,0.0,0.0,0.9366919304502898,142,0,0,0
dirichlet_0.1__moderate,dirichlet_0.1,moderate,952458876,drf,drf,True,False,0.75,36.0,0.75,36.0,0.0,0.0,0.9469460543914401,43,0,0,0
dirichlet_0.1__moderate,dirichlet_0.1,moderate,952458876,equal,equal,True,False,0.7083333333333334,34.0,0.7083333333333334,34.0,0.0,0.0,0.920196165849309,179,0,0,4
dirichlet_0.1__moderate,dirichlet_0.1,moderate,952458876,independent_bundle_maxmin,preinstalled,True,False,0.7291666666666666,35.0,0.7291666666666666,35.0,0.0,0.0,0.9411502452073116,132,0,0,0
dirichlet_0.1__moderate,dirichlet_0.1,moderate,952458876,separable_leontief_relaxation,preinstalled,True,False,0.7083333333333334,34.0,0.7083333333333334,34.0,0.0,0.0,0.920196165849309,179,0,0,0
dirichlet_0.1__moderate,dirichlet_0.1,moderate,952822154,central_joint_leontief,optimal,True,False,0.75,36.0,0.75,36.0,0.0,0.0,0.9673953316042979,82,0,0,630
dirichlet_0.1__moderate,dirichlet_0.1,moderate,952822154,distributed_price_leontief,preinstalled,True,False,0.75,36.0,0.75,36.0,0.0,0.0,0.9673953316042979,88,0,0,0
dirichlet_0.1__moderate,dirichlet_0.1,moderate,952822154,drf,drf,True,False,0.7083333333333334,34.0,0.7083333333333334,34.0,0.0,0.0,0.9573916265283439,43,0,0,0
dirichlet_0.1__moderate,dirichlet_0.1,moderate,952822154,equal,equal,True,False,0.6875,33.0,0.6875,33.0,0.0,0.0,0.9407187847350871,160,0,0,0
dirichlet_0.1__moderate,dirichlet_0.1,moderate,952822154,independent_bundle_maxmin,preinstalled,True,False,0.6458333333333334,31.0,0.6458333333333334,31.0,0.0,0.0,0.9566506113375324,117,0,0,0
dirichlet_0.1__moderate,dirichlet_0.1,moderate,952822154,separable_leontief_relaxation,preinstalled,True,False,0.6875,33.0,0.6875,33.0,0.0,0.0,0.9407187847350871,160,0,0,0
dirichlet_0.1__moderate,dirichlet_0.1,moderate,955270347,central_joint_leontief,optimal,True,False,0.8125,39.0,0.8333333333333334,40.0,0.0,0.0,0.9120521172638436,108,0,0,683
dirichlet_0.1__moderate,dirichlet_0.1,moderate,955270347,distributed_price_leontief,preinstalled,True,False,0.8125,39.0,0.8333333333333334,40.0,0.0,0.0,0.9120521172638436,108,0,0,0
dirichlet_0.1__moderate,dirichlet_0.1,moderate,955270347,drf,drf,True,False,0.6875,33.0,0.6875,33.0,0.0,0.0,0.8127035830618893,104,0,0,0
dirichlet_0.1__moderate,dirichlet_0.1,moderate,955270347,equal,equal,True,False,0.6875,33.0,0.75,36.0,0.0,0.0,0.8802931596091205,147,0,0,0
dirichlet_0.1__moderate,dirichlet_0.1,moderate,955270347,independent_bundle_maxmin,preinstalled,True,False,0.8125,39.0,0.8333333333333334,40.0,0.0,0.0,0.9120521172638436,108,0,0,0
dirichlet_0.1__moderate,dirichlet_0.1,moderate,955270347,separable_leontief_relaxation,preinstalled,True,False,0.6875,33.0,0.75,36.0,0.0,0.0,0.8802931596091205,147,0,0,0
dirichlet_0.1__moderate,dirichlet_0.1,moderate,967298099,central_joint_leontief,optimal,True,False,0.75,36.0,0.75,36.0,0.0,0.0,0.9474002418379686,81,0,0,658
dirichlet_0.1__moderate,dirichlet_0.1,moderate,967298099,distributed_price_leontief,preinstalled,True,False,0.75,36.0,0.75,36.0,0.0,0.0,0.9582829504232164,69,0,0,0
dirichlet_0.1__moderate,dirichlet_0.1,moderate,967298099,drf,drf,True,False,0.7083333333333334,34.0,0.7291666666666666,35.0,0.0,0.0,0.8851269649334945,114,0,0,0
dirichlet_0.1__moderate,dirichlet_0.1,moderate,967298099,equal,equal,True,False,0.7083333333333334,34.0,0.7291666666666666,35.0,0.0,0.0,0.905683192261185,156,0,0,0
dirichlet_0.1__moderate,dirichlet_0.1,moderate,967298099,independent_bundle_maxmin,preinstalled,True,False,0.75,36.0,0.75,36.0,0.0,0.0,0.9540507859733979,76,0,0,0
dirichlet_0.1__moderate,dirichlet_0.1,moderate,967298099,separable_leontief_relaxation,preinstalled,True,False,0.7083333333333334,34.0,0.7291666666666666,35.0,0.0,0.0,0.905683192261185,156,0,0,0
dirichlet_0.1__moderate,dirichlet_0.1,moderate,984930118,central_joint_leontief,optimal,True,False,0.7083333333333334,34.0,0.7291666666666666,35.0,0.0,0.0,0.9370242214532872,89,0,0,627
dirichlet_0.1__moderate,dirichlet_0.1,moderate,984930118,distributed_price_leontief,preinstalled,True,False,0.7083333333333334,34.0,0.7291666666666666,35.0,0.0,0.0,0.9370242214532872,91,0,0,0
dirichlet_0.1__moderate,dirichlet_0.1,moderate,984930118,drf,drf,True,False,0.625,30.0,0.6458333333333334,31.0,0.0,0.0,0.8615916955017301,82,0,0,0
dirichlet_0.1__moderate,dirichlet_0.1,moderate,984930118,equal,equal,True,False,0.6458333333333334,31.0,0.7083333333333334,34.0,0.0,0.0,0.8899653979238754,159,0,0,0
dirichlet_0.1__moderate,dirichlet_0.1,moderate,984930118,independent_bundle_maxmin,preinstalled,True,False,0.7083333333333334,34.0,0.75,36.0,0.0,0.0,0.9508650519031142,71,0,0,0
dirichlet_0.1__moderate,dirichlet_0.1,moderate,984930118,separable_leontief_relaxation,preinstalled,True,False,0.6458333333333334,31.0,0.7083333333333334,34.0,0.0,0.0,0.8899653979238754,159,0,0,0
dirichlet_0.1__moderate,dirichlet_0.1,moderate,996168124,central_joint_leontief,optimal,True,False,0.7083333333333334,34.0,0.7083333333333334,34.0,0.0,0.0,0.9289817232375979,131,0,0,645
dirichlet_0.1__moderate,dirichlet_0.1,moderate,996168124,distributed_price_leontief,preinstalled,True,False,0.7083333333333334,34.0,0.7083333333333334,34.0,0.0,0.0,0.9289817232375979,136,0,0,0
dirichlet_0.1__moderate,dirichlet_0.1,moderate,996168124,drf,drf,True,False,0.75,36.0,0.75,36.0,0.0,0.0,0.8402088772845953,60,0,0,0
dirichlet_0.1__moderate,dirichlet_0.1,moderate,996168124,equal,equal,True,False,0.6666666666666666,32.0,0.6666666666666666,32.0,0.0,0.0,0.8511749347258486,285,0,0,0
dirichlet_0.1__moderate,dirichlet_0.1,moderate,996168124,independent_bundle_maxmin,preinstalled,True,False,0.75,36.0,0.75,36.0,0.0,0.0,0.8783289817232376,233,0,0,0
dirichlet_0.1__moderate,dirichlet_0.1,moderate,996168124,separable_leontief_relaxation,preinstalled,True,False,0.6666666666666666,32.0,0.6666666666666666,32.0,0.0,0.0,0.8511749347258486,285,0,0,0
dirichlet_0.1__moderate,dirichlet_0.1,moderate,999012690,central_joint_leontief,optimal,True,False,0.7291666666666666,35.0,0.7291666666666666,35.0,0.0,0.0,0.9212893553223388,104,0,0,617
dirichlet_0.1__moderate,dirichlet_0.1,moderate,999012690,distributed_price_leontief,preinstalled,True,False,0.7291666666666666,35.0,0.7291666666666666,35.0,0.0,0.0,0.9212893553223388,105,0,0,0
dirichlet_0.1__moderate,dirichlet_0.1,moderate,999012690,drf,drf,True,False,0.625,30.0,0.625,30.0,0.0,0.0,0.6941529235382309,161,0,0,0
dirichlet_0.1__moderate,dirichlet_0.1,moderate,999012690,equal,equal,True,False,0.6875,33.0,0.6875,33.0,0.0,0.0,0.8320839580209896,224,0,0,0
dirichlet_0.1__moderate,dirichlet_0.1,moderate,999012690,independent_bundle_maxmin,preinstalled,True,False,0.7291666666666666,35.0,0.7291666666666666,35.0,0.0,0.0,0.8245877061469266,234,0,0,0
dirichlet_0.1__moderate,dirichlet_0.1,moderate,999012690,separable_leontief_relaxation,preinstalled,True,False,0.6875,33.0,0.6875,33.0,0.0,0.0,0.8320839580209896,224,0,0,0
dirichlet_0.1__moderate,dirichlet_0.1,moderate,1032888065,central_joint_leontief,optimal,True,False,0.7708333333333334,37.0,0.7708333333333334,37.0,0.0,0.0,0.9628844114528102,69,0,0,635
dirichlet_0.1__moderate,dirichlet_0.1,moderate,1032888065,distributed_price_leontief,preinstalled,True,False,0.7916666666666666,38.0,0.7916666666666666,38.0,0.0,0.0,0.9671261930010604,62,0,0,0
dirichlet_0.1__moderate,dirichlet_0.1,moderate,1032888065,drf,drf,True,False,0.6666666666666666,32.0,0.6666666666666666,32.0,0.0,0.0,0.8080593849416755,253,0,0,0
dirichlet_0.1__moderate,dirichlet_0.1,moderate,1032888065,equal,equal,True,False,0.6666666666666666,32.0,0.6666666666666666,32.0,0.0,0.0,0.8499469777306469,283,0,0,0
dirichlet_0.1__moderate,dirichlet_0.1,moderate,1032888065,independent_bundle_maxmin,preinstalled,True,False,0.75,36.0,0.75,36.0,0.0,0.0,0.9088016967126193,172,0,0,0
dirichlet_0.1__moderate,dirichlet_0.1,moderate,1032888065,separable_leontief_relaxation,preinstalled,True,False,0.6666666666666666,32.0,0.6666666666666666,32.0,0.0,0.0,0.8499469777306469,283,0,0,0
dirichlet_0.1__moderate,dirichlet_0.1,moderate,1039704879,central_joint_leontief,optimal,True,False,0.8333333333333334,40.0,0.8333333333333334,40.0,0.0,0.0,0.968529222864483,45,0,0,628
dirichlet_0.1__moderate,dirichlet_0.1,moderate,1039704879,distributed_price_leontief,preinstalled,True,False,0.8333333333333334,40.0,0.8333333333333334,40.0,0.0,0.0,0.968529222864483,49,0,0,0
dirichlet_0.1__moderate,dirichlet_0.1,moderate,1039704879,drf,drf,True,False,0.6666666666666666,32.0,0.6666666666666666,32.0,0.0,0.0,0.8323699421965318,138,0,0,0
dirichlet_0.1__moderate,dirichlet_0.1,moderate,1039704879,equal,equal,True,False,0.7291666666666666,35.0,0.7291666666666666,35.0,0.0,0.0,0.838150289017341,252,0,0,0
dirichlet_0.1__moderate,dirichlet_0.1,moderate,1039704879,independent_bundle_maxmin,preinstalled,True,False,0.7916666666666666,38.0,0.7916666666666666,38.0,0.0,0.0,0.9171483622350675,129,0,0,0
dirichlet_0.1__moderate,dirichlet_0.1,moderate,1039704879,separable_leontief_relaxation,preinstalled,True,False,0.7291666666666666,35.0,0.7291666666666666,35.0,0.0,0.0,0.838150289017341,252,0,0,0
dirichlet_0.1__moderate,dirichlet_0.1,moderate,1050570396,central_joint_leontief,optimal,True,False,0.7916666666666666,38.0,0.8125,39.0,0.0,0.0,0.9364508393285371,91,0,0,640
dirichlet_0.1__moderate,dirichlet_0.1,moderate,1050570396,distributed_price_leontief,preinstalled,True,False,0.7708333333333334,37.0,0.7916666666666666,38.0,0.0,0.0,0.9358513189448441,107,0,0,0
dirichlet_0.1__moderate,dirichlet_0.1,moderate,1050570396,drf,drf,True,False,0.75,36.0,0.7708333333333334,37.0,0.0,0.0,0.8914868105515588,86,0,0,0
dirichlet_0.1__moderate,dirichlet_0.1,moderate,1050570396,equal,equal,True,False,0.75,36.0,0.7708333333333334,37.0,0.0,0.0,0.8788968824940048,202,0,0,0
dirichlet_0.1__moderate,dirichlet_0.1,moderate,1050570396,independent_bundle_maxmin,preinstalled,True,False,0.7916666666666666,38.0,0.8125,39.0,0.0,0.0,0.9460431654676259,90,0,0,0
dirichlet_0.1__moderate,dirichlet_0.1,moderate,1050570396,separable_leontief_relaxation,preinstalled,True,False,0.75,36.0,0.7708333333333334,37.0,0.0,0.0,0.8788968824940048,202,0,0,0
dirichlet_0.1__moderate,dirichlet_0.1,moderate,1087495274,central_joint_leontief,optimal,True,False,0.7708333333333334,37.0,0.7708333333333334,37.0,0.0,0.0,0.9131875414181577,130,0,0,635
dirichlet_0.1__moderate,dirichlet_0.1,moderate,1087495274,distributed_price_leontief,preinstalled,True,False,0.7708333333333334,37.0,0.7708333333333334,37.0,0.0,0.0,0.9131875414181577,131,0,0,0
dirichlet_0.1__moderate,dirichlet_0.1,moderate,1087495274,drf,drf,True,False,0.6875,33.0,0.6875,33.0,0.0,0.0,0.8767395626242545,75,0,0,0
dirichlet_0.1__moderate,dirichlet_0.1,moderate,1087495274,equal,equal,True,False,0.75,36.0,0.75,36.0,0.0,0.0,0.8780649436713055,184,0,0,0
dirichlet_0.1__moderate,dirichlet_0.1,moderate,1087495274,independent_bundle_maxmin,preinstalled,True,False,0.8125,39.0,0.8125,39.0,0.0,0.0,0.9476474486414844,79,0,0,0
dirichlet_0.1__moderate,dirichlet_0.1,moderate,1087495274,separable_leontief_relaxation,preinstalled,True,False,0.75,36.0,0.75,36.0,0.0,0.0,0.8780649436713055,184,0,0,0
dirichlet_0.1__moderate,dirichlet_0.1,moderate,1102475274,central_joint_leontief,optimal,True,False,0.7708333333333334,37.0,0.7708333333333334,37.0,0.0,0.0,0.9441056910569106,98,0,0,688
dirichlet_0.1__moderate,dirichlet_0.1,moderate,1102475274,distributed_price_leontief,preinstalled,True,False,0.7708333333333334,37.0,0.7708333333333334,37.0,0.0,0.0,0.9441056910569106,110,0,0,0
dirichlet_0.1__moderate,dirichlet_0.1,moderate,1102475274,drf,drf,True,False,0.7708333333333334,37.0,0.7708333333333334,37.0,0.0,0.0,0.9288617886178862,51,0,0,0
dirichlet_0.1__moderate,dirichlet_0.1,moderate,1102475274,equal,equal,True,False,0.7291666666666666,35.0,0.7291666666666666,35.0,0.0,0.0,0.9029471544715447,191,0,0,0
dirichlet_0.1__moderate,dirichlet_0.1,moderate,1102475274,independent_bundle_maxmin,preinstalled,True,False,0.75,36.0,0.75,36.0,0.0,0.0,0.9476626016260162,103,0,0,0
dirichlet_0.1__moderate,dirichlet_0.1,moderate,1102475274,separable_leontief_relaxation,preinstalled,True,False,0.7291666666666666,35.0,0.7291666666666666,35.0,0.0,0.0,0.9029471544715447,191,0,0,0
dirichlet_0.1__moderate,dirichlet_0.1,moderate,1133305872,central_joint_leontief,optimal,True,False,0.7708333333333334,37.0,0.7708333333333334,37.0,0.0,0.0,0.9417620706819313,116,0,0,636
dirichlet_0.1__moderate,dirichlet_0.1,moderate,1133305872,distributed_price_leontief,preinstalled,True,False,0.7708333333333334,37.0,0.7708333333333334,37.0,0.0,0.0,0.9452463912394226,110,0,0,0
dirichlet_0.1__moderate,dirichlet_0.1,moderate,1133305872,drf,drf,True,False,0.6875,33.0,0.6875,33.0,0.0,0.0,0.90741662518666,134,0,0,0
dirichlet_0.1__moderate,dirichlet_0.1,moderate,1133305872,equal,equal,True,False,0.6875,33.0,0.6875,33.0,0.0,0.0,0.8770532603285216,247,0,0,0
dirichlet_0.1__moderate,dirichlet_0.1,moderate,1133305872,independent_bundle_maxmin,preinstalled,True,False,0.7708333333333334,37.0,0.7708333333333334,37.0,0.0,0.0,0.9457441513190642,109,0,0,0
dirichlet_0.1__moderate,dirichlet_0.1,moderate,1133305872,separable_leontief_relaxation,preinstalled,True,False,0.6875,33.0,0.6875,33.0,0.0,0.0,0.8770532603285216,247,0,0,0
dirichlet_0.1__moderate,dirichlet_0.1,moderate,1143766233,central_joint_leontief,optimal,True,False,0.8125,39.0,0.8125,39.0,0.0,0.0,0.9706572769953051,49,0,0,654
dirichlet_0.1__moderate,dirichlet_0.1,moderate,1143766233,distributed_price_leontief,preinstalled,True,False,0.8125,39.0,0.8125,39.0,0.0,0.0,0.9812206572769953,32,0,0,0
dirichlet_0.1__moderate,dirichlet_0.1,moderate,1143766233,drf,drf,True,False,0.7708333333333334,37.0,0.7916666666666666,38.0,0.0,0.0,0.9483568075117371,53,0,0,0
dirichlet_0.1__moderate,dirichlet_0.1,moderate,1143766233,equal,equal,True,False,0.7083333333333334,34.0,0.7083333333333334,34.0,0.0,0.0,0.8738262910798122,215,0,0,0
dirichlet_0.1__moderate,dirichlet_0.1,moderate,1143766233,independent_bundle_maxmin,preinstalled,True,False,0.8125,39.0,0.8125,39.0,0.0,0.0,0.954225352112676,78,0,0,0
dirichlet_0.1__moderate,dirichlet_0.1,moderate,1143766233,separable_leontief_relaxation,preinstalled,True,False,0.7083333333333334,34.0,0.7083333333333334,34.0,0.0,0.0,0.8738262910798122,215,0,0,0
dirichlet_0.1__moderate,dirichlet_0.1,moderate,1154336374,central_joint_leontief,optimal,True,False,0.75,36.0,0.75,36.0,0.0,0.0,0.9624031007751938,91,0,0,622
dirichlet_0.1__moderate,dirichlet_0.1,moderate,1154336374,distributed_price_leontief,preinstalled,True,False,0.75,36.0,0.75,36.0,0.0,0.0,0.9709302325581395,75,0,0,0
dirichlet_0.1__moderate,dirichlet_0.1,moderate,1154336374,drf,drf,True,False,0.7083333333333334,34.0,0.7083333333333334,34.0,0.0,0.0,0.95,67,0,0,0
dirichlet_0.1__moderate,dirichlet_0.1,moderate,1154336374,equal,equal,True,False,0.6875,33.0,0.6875,33.0,0.0,0.0,0.9368217054263566,163,0,0,0
dirichlet_0.1__moderate,dirichlet_0.1,moderate,1154336374,independent_bundle_maxmin,preinstalled,True,False,0.6875,33.0,0.6875,33.0,0.0,0.0,0.9542635658914729,118,0,0,0
dirichlet_0.1__moderate,dirichlet_0.1,moderate,1154336374,separable_leontief_relaxation,preinstalled,True,False,0.6875,33.0,0.6875,33.0,0.0,0.0,0.9368217054263566,163,0,0,0
dirichlet_0.1__moderate,dirichlet_0.1,moderate,1169070121,central_joint_leontief,optimal,True,False,0.7916666666666666,38.0,0.7916666666666666,38.0,0.0,0.0,0.9761797752808988,52,0,0,631
dirichlet_0.1__moderate,dirichlet_0.1,moderate,1169070121,distributed_price_leontief,preinstalled,True,False,0.7916666666666666,38.0,0.7916666666666666,38.0,0.0,0.0,0.9761797752808988,53,0,0,0
dirichlet_0.1__moderate,dirichlet_0.1,moderate,1169070121,drf,drf,True,False,0.7916666666666666,38.0,0.7916666666666666,38.0,0.0,0.0,0.9761797752808988,42,0,0,0
dirichlet_0.1__moderate,dirichlet_0.1,moderate,1169070121,equal,equal,True,False,0.7083333333333334,34.0,0.7083333333333334,34.0,0.0,0.0,0.9253932584269663,166,0,0,0
dirichlet_0.1__moderate,dirichlet_0.1,moderate,1169070121,independent_bundle_maxmin,preinstalled,True,False,0.7708333333333334,37.0,0.7708333333333334,37.0,0.0,0.0,0.9730337078651685,60,0,0,0
dirichlet_0.1__moderate,dirichlet_0.1,moderate,1169070121,separable_leontief_relaxation,preinstalled,True,False,0.7083333333333334,34.0,0.7083333333333334,34.0,0.0,0.0,0.9253932584269663,166,0,0,0
dirichlet_0.1__moderate,dirichlet_0.1,moderate,1187549093,central_joint_leontief,optimal,True,False,0.8125,39.0,0.8125,39.0,0.0,0.0,0.9743243243243244,37,0,0,634
dirichlet_0.1__moderate,dirichlet_0.1,moderate,1187549093,distributed_price_leontief,preinstalled,True,False,0.8125,39.0,0.8125,39.0,0.0,0.0,0.9743243243243244,38,0,0,0
dirichlet_0.1__moderate,dirichlet_0.1,moderate,1187549093,drf,drf,True,False,0.7708333333333334,37.0,0.7708333333333334,37.0,0.0,0.0,0.9554054054054054,62,0,0,0
dirichlet_0.1__moderate,dirichlet_0.1,moderate,1187549093,equal,equal,True,False,0.6875,33.0,0.6875,33.0,0.0,0.0,0.8493243243243244,223,0,0,0
dirichlet_0.1__moderate,dirichlet_0.1,moderate,1187549093,independent_bundle_maxmin,preinstalled,True,False,0.75,36.0,0.75,36.0,0.0,0.0,0.8736486486486487,187,0,0,0
dirichlet_0.1__moderate,dirichlet_0.1,moderate,1187549093,separable_leontief_relaxation,preinstalled,True,False,0.6875,33.0,0.6875,33.0,0.0,0.0,0.8493243243243244,223,0,0,0
dirichlet_0.1__moderate,dirichlet_0.1,moderate,1221630303,central_joint_leontief,optimal,True,False,0.7916666666666666,38.0,0.7916666666666666,38.0,0.0,0.0,0.9694050991501416,51,0,0,611
dirichlet_0.1__moderate,dirichlet_0.1,moderate,1221630303,distributed_price_leontief,preinstalled,True,False,0.7916666666666666,38.0,0.7916666666666666,38.0,0.0,0.0,0.9694050991501416,54,0,0,0
dirichlet_0.1__moderate,dirichlet_0.1,moderate,1221630303,drf,drf,True,False,0.7083333333333334,34.0,0.7083333333333334,34.0,0.0,0.0,0.8878186968838527,108,0,0,0
dirichlet_0.1__moderate,dirichlet_0.1,moderate,1221630303,equal,equal,True,False,0.7083333333333334,34.0,0.7083333333333334,34.0,0.0,0.0,0.8764872521246458,218,0,0,0
dirichlet_0.1__moderate,dirichlet_0.1,moderate,1221630303,independent_bundle_maxmin,preinstalled,True,False,0.7916666666666666,38.0,0.7916666666666666,38.0,0.0,0.0,0.9592067988668556,72,0,0,0
dirichlet_0.1__moderate,dirichlet_0.1,moderate,1221630303,separable_leontief_relaxation,preinstalled,True,False,0.7083333333333334,34.0,0.7083333333333334,34.0,0.0,0.0,0.8764872521246458,218,0,0,0
dirichlet_0.1__moderate,dirichlet_0.1,moderate,1221963468,central_joint_leontief,optimal,True,False,0.7708333333333334,37.0,0.7708333333333334,37.0,0.0,0.0,0.9477329974811083,83,0,0,619
dirichlet_0.1__moderate,dirichlet_0.1,moderate,1221963468,distributed_price_leontief,preinstalled,True,False,0.7708333333333334,37.0,0.7708333333333334,37.0,0.0,0.0,0.9477329974811083,83,0,0,0
dirichlet_0.1__moderate,dirichlet_0.1,moderate,1221963468,drf,drf,True,False,0.6666666666666666,32.0,0.6666666666666666,32.0,0.0,0.0,0.8828715365239295,94,0,0,0
dirichlet_0.1__moderate,dirichlet_0.1,moderate,1221963468,equal,equal,True,False,0.625,30.0,0.6875,33.0,0.0,0.0,0.8425692695214105,250,0,0,0
dirichlet_0.1__moderate,dirichlet_0.1,moderate,1221963468,independent_bundle_maxmin,preinstalled,True,False,0.8125,39.0,0.8125,39.0,0.0,0.0,0.9483627204030227,82,0,0,0
dirichlet_0.1__moderate,dirichlet_0.1,moderate,1221963468,separable_leontief_relaxation,preinstalled,True,False,0.625,30.0,0.6875,33.0,0.0,0.0,0.8425692695214105,250,0,0,0
dirichlet_0.1__moderate,dirichlet_0.1,moderate,1244412151,central_joint_leontief,optimal,True,False,0.7083333333333334,34.0,0.7083333333333334,34.0,0.0,0.0,0.8923841059602649,127,0,0,607
dirichlet_0.1__moderate,dirichlet_0.1,moderate,1244412151,distributed_price_leontief,preinstalled,True,False,0.7083333333333334,34.0,0.7083333333333334,34.0,0.0,0.0,0.8923841059602649,130,0,0,0
dirichlet_0.1__moderate,dirichlet_0.1,moderate,1244412151,drf,drf,True,False,0.6875,33.0,0.6875,33.0,0.0,0.0,0.8692052980132451,69,0,0,0
dirichlet_0.1__moderate,dirichlet_0.1,moderate,1244412151,equal,equal,True,False,0.6666666666666666,32.0,0.6666666666666666,32.0,0.0,0.0,0.8336092715231788,201,0,0,0
dirichlet_0.1__moderate,dirichlet_0.1,moderate,1244412151,independent_bundle_maxmin,preinstalled,True,False,0.7291666666666666,35.0,0.7291666666666666,35.0,0.0,0.0,0.8741721854304636,152,0,0,0
dirichlet_0.1__moderate,dirichlet_0.1,moderate,1244412151,separable_leontief_relaxation,preinstalled,True,False,0.6666666666666666,32.0,0.6666666666666666,32.0,0.0,0.0,0.8336092715231788,201,0,0,0
dirichlet_0.1__moderate,dirichlet_0.1,moderate,1244924414,central_joint_leontief,optimal,True,False,0.8333333333333334,40.0,0.8333333333333334,40.0,0.0,0.0,0.9762282091917591,39,0,0,664
dirichlet_0.1__moderate,dirichlet_0.1,moderate,1244924414,distributed_price_leontief,preinstalled,True,False,0.8333333333333334,40.0,0.8333333333333334,40.0,0.0,0.0,0.9762282091917591,45,0,0,0
dirichlet_0.1__moderate,dirichlet_0.1,moderate,1244924414,drf,drf,True,False,0.7083333333333334,34.0,0.7083333333333334,34.0,0.0,0.0,0.9059693608029583,103,0,0,0
dirichlet_0.1__moderate,dirichlet_0.1,moderate,1244924414,equal,equal,True,False,0.75,36.0,0.75,36.0,0.0,0.0,0.9455890121500264,103,0,0,0
dirichlet_0.1__moderate,dirichlet_0.1,moderate,1244924414,independent_bundle_maxmin,preinstalled,True,False,0.7708333333333334,37.0,0.7708333333333334,37.0,0.0,0.0,0.9244585314315901,143,0,0,0
dirichlet_0.1__moderate,dirichlet_0.1,moderate,1244924414,separable_leontief_relaxation,preinstalled,True,False,0.75,36.0,0.75,36.0,0.0,0.0,0.9455890121500264,103,0,0,0
dirichlet_0.1__moderate,dirichlet_0.1,moderate,1254323997,central_joint_leontief,optimal,True,False,0.7916666666666666,38.0,0.7916666666666666,38.0,0.0,0.0,0.9691780821917808,62,0,0,618
dirichlet_0.1__moderate,dirichlet_0.1,moderate,1254323997,distributed_price_leontief,preinstalled,True,False,0.7916666666666666,38.0,0.7916666666666666,38.0,0.0,0.0,0.9691780821917808,63,0,0,0
dirichlet_0.1__moderate,dirichlet_0.1,moderate,1254323997,drf,drf,True,False,0.75,36.0,0.75,36.0,0.0,0.0,0.9452054794520548,56,0,0,0
dirichlet_0.1__moderate,dirichlet_0.1,moderate,1254323997,equal,equal,True,False,0.7083333333333334,34.0,0.7083333333333334,34.0,0.0,0.0,0.9192759295499021,165,0,0,3
dirichlet_0.1__moderate,dirichlet_0.1,moderate,1254323997,independent_bundle_maxmin,preinstalled,True,False,0.8125,39.0,0.8125,39.0,0.0,0.0,0.9755381604696673,50,0,0,0
dirichlet_0.1__moderate,dirichlet_0.1,moderate,1254323997,separable_leontief_relaxation,preinstalled,True,False,0.7083333333333334,34.0,0.7083333333333334,34.0,0.0,0.0,0.9192759295499021,165,0,0,0
dirichlet_0.1__moderate,dirichlet_0.1,moderate,1281609490,central_joint_leontief,optimal,True,False,0.7291666666666666,35.0,0.7291666666666666,35.0,0.0,0.0,0.9500525762355415,84,0,0,621
dirichlet_0.1__moderate,dirichlet_0.1,moderate,1281609490,distributed_price_leontief,preinstalled,True,False,0.7291666666666666,35.0,0.75,36.0,0.0,0.0,0.9589905362776026,78,0,0,0
dirichlet_0.1__moderate,dirichlet_0.1,moderate,1281609490,drf,drf,True,False,0.7708333333333334,37.0,0.7708333333333334,37.0,0.0,0.0,0.9190325972660357,99,0,0,0
dirichlet_0.1__moderate,dirichlet_0.1,moderate,1281609490,equal,equal,True,False,0.7083333333333334,34.0,0.7291666666666666,35.0,0.0,0.0,0.9216614090431126,149,0,0,0
dirichlet_0.1__moderate,dirichlet_0.1,moderate,1281609490,independent_bundle_maxmin,preinstalled,True,False,0.7083333333333334,34.0,0.7291666666666666,35.0,0.0,0.0,0.9400630914826499,114,0,0,0
dirichlet_0.1__moderate,dirichlet_0.1,moderate,1281609490,separable_leontief_relaxation,preinstalled,True,False,0.7083333333333334,34.0,0.7291666666666666,35.0,0.0,0.0,0.9216614090431126,149,0,0,0
dirichlet_0.1__moderate,dirichlet_0.1,moderate,1282977363,central_joint_leontief,optimal,True,False,0.8125,39.0,0.8125,39.0,0.0,0.0,0.9286161552911709,113,0,0,637
dirichlet_0.1__moderate,dirichlet_0.1,moderate,1282977363,distributed_price_leontief,preinstalled,True,False,0.8125,39.0,0.8125,39.0,0.0,0.0,0.9286161552911709,114,0,0,0
dirichlet_0.1__moderate,dirichlet_0.1,moderate,1282977363,drf,drf,True,False,0.7083333333333334,34.0,0.7083333333333334,34.0,0.0,0.0,0.8346900438321854,164,0,0,0
dirichlet_0.1__moderate,dirichlet_0.1,moderate,1282977363,equal,equal,True,False,0.75,36.0,0.75,36.0,0.0,0.0,0.8359423919849718,262,0,0,0
dirichlet_0.1__moderate,dirichlet_0.1,moderate,1282977363,independent_bundle_maxmin,preinstalled,True,False,0.7916666666666666,38.0,0.7916666666666666,38.0,0.0,0.0,0.9304946775203506,111,0,0,0
dirichlet_0.1__moderate,dirichlet_0.1,moderate,1282977363,separable_leontief_relaxation,preinstalled,True,False,0.75,36.0,0.75,36.0,0.0,0.0,0.8359423919849718,262,0,0,0
dirichlet_0.1__moderate,dirichlet_0.1,moderate,1312657306,central_joint_leontief,optimal,True,False,0.75,36.0,0.75,36.0,0.0,0.0,0.9649947753396029,66,0,0,516
dirichlet_0.1__moderate,dirichlet_0.1,moderate,1312657306,distributed_price_leontief,preinstalled,True,False,0.75,36.0,0.75,36.0,0.0,0.0,0.9733542319749217,51,0,0,0
dirichlet_0.1__moderate,dirichlet_0.1,moderate,1312657306,drf,drf,True,False,0.75,36.0,0.7708333333333334,37.0,0.0,0.0,0.9409613375130617,87,0,0,0
dirichlet_0.1__moderate,dirichlet_0.1,moderate,1312657306,equal,equal,True,False,0.7291666666666666,35.0,0.75,36.0,0.0,0.0,0.945141065830721,105,0,0,0
dirichlet_0.1__moderate,dirichlet_0.1,moderate,1312657306,independent_bundle_maxmin,preinstalled,True,False,0.75,36.0,0.75,36.0,0.0,0.0,0.9613375130616509,74,0,0,0
dirichlet_0.1__moderate,dirichlet_0.1,moderate,1312657306,separable_leontief_relaxation,preinstalled,True,False,0.7291666666666666,35.0,0.75,36.0,0.0,0.0,0.945141065830721,105,0,0,0
dirichlet_0.1__moderate,dirichlet_0.1,moderate,1314235930,central_joint_leontief,optimal,True,False,0.7708333333333334,37.0,0.7708333333333334,37.0,0.0,0.0,0.935098650051921,113,0,0,624
dirichlet_0.1__moderate,dirichlet_0.1,moderate,1314235930,distributed_price_leontief,preinstalled,True,False,0.7708333333333334,37.0,0.7708333333333334,37.0,0.0,0.0,0.935098650051921,125,0,0,0
dirichlet_0.1__moderate,dirichlet_0.1,moderate,1314235930,drf,drf,True,False,0.7291666666666666,35.0,0.7291666666666666,35.0,0.0,0.0,0.9164070612668743,70,0,0,0
dirichlet_0.1__moderate,dirichlet_0.1,moderate,1314235930,equal,equal,True,False,0.7708333333333334,37.0,0.7708333333333334,37.0,0.0,0.0,0.9138110072689511,166,0,0,0
dirichlet_0.1__moderate,dirichlet_0.1,moderate,1314235930,independent_bundle_maxmin,preinstalled,True,False,0.75,36.0,0.7708333333333334,37.0,0.0,0.0,0.9226375908618899,149,0,0,0
dirichlet_0.1__moderate,dirichlet_0.1,moderate,1314235930,separable_leontief_relaxation,preinstalled,True,False,0.7708333333333334,37.0,0.7708333333333334,37.0,0.0,0.0,0.9138110072689511,166,0,0,0
dirichlet_0.1__moderate,dirichlet_0.1,moderate,1321161991,central_joint_leontief,optimal,True,False,0.8333333333333334,40.0,0.8333333333333334,40.0,0.0,0.0,0.9794359576968272,33,0,0,642
dirichlet_0.1__moderate,dirichlet_0.1,moderate,1321161991,distributed_price_leontief,preinstalled,True,False,0.8333333333333334,40.0,0.8333333333333334,40.0,0.0,0.0,0.9794359576968272,35,0,0,0
dirichlet_0.1__moderate,dirichlet_0.1,moderate,1321161991,drf,drf,True,False,0.7916666666666666,38.0,0.7916666666666666,38.0,0.0,0.0,0.9600470035252644,60,0,0,0
dirichlet_0.1__moderate,dirichlet_0.1,moderate,1321161991,equal,equal,True,False,0.7083333333333334,34.0,0.7083333333333334,34.0,0.0,0.0,0.8918918918918919,184,0,0,0
dirichlet_0.1__moderate,dirichlet_0.1,moderate,1321161991,independent_bundle_maxmin,preinstalled,True,False,0.7916666666666666,38.0,0.7916666666666666,38.0,0.0,0.0,0.9494712103407755,86,0,0,0
dirichlet_0.1__moderate,dirichlet_0.1,moderate,1321161991,separable_leontief_relaxation,preinstalled,True,False,0.7083333333333334,34.0,0.7083333333333334,34.0,0.0,0.0,0.8918918918918919,184,0,0,0
dirichlet_0.1__moderate,dirichlet_0.1,moderate,1390795802,central_joint_leontief,optimal,True,False,0.7916666666666666,38.0,0.7916666666666666,38.0,0.0,0.0,0.9320190346702923,96,0,0,638
dirichlet_0.1__moderate,dirichlet_0.1,moderate,1390795802,distributed_price_leontief,preinstalled,True,False,0.8125,39.0,0.8125,39.0,0.0,0.0,0.9496940856560163,74,0,0,0
dirichlet_0.1__moderate,dirichlet_0.1,moderate,1390795802,drf,drf,True,False,0.7291666666666666,35.0,0.75,36.0,0.0,0.0,0.9061862678450034,58,0,0,0
dirichlet_0.1__moderate,dirichlet_0.1,moderate,1390795802,equal,equal,True,False,0.7291666666666666,35.0,0.7291666666666666,35.0,0.0,0.0,0.8653976886471788,198,0,0,0
dirichlet_0.1__moderate,dirichlet_0.1,moderate,1390795802,independent_bundle_maxmin,preinstalled,True,False,0.75,36.0,0.75,36.0,0.0,0.0,0.9340584636301835,97,0,0,0
dirichlet_0.1__moderate,dirichlet_0.1,moderate,1390795802,separable_leontief_relaxation,preinstalled,True,False,0.7291666666666666,35.0,0.7291666666666666,35.0,0.0,0.0,0.8653976886471788,198,0,0,0
dirichlet_0.1__moderate,dirichlet_0.1,moderate,1401482818,central_joint_leontief,optimal,True,False,0.7708333333333334,37.0,0.7916666666666666,38.0,0.0,0.0,0.9671875,42,0,0,633
dirichlet_0.1__moderate,dirichlet_0.1,moderate,1401482818,distributed_price_leontief,preinstalled,True,False,0.7708333333333334,37.0,0.7916666666666666,38.0,0.0,0.0,0.9390625,78,0,0,0
dirichlet_0.1__moderate,dirichlet_0.1,moderate,1401482818,drf,drf,True,False,0.7083333333333334,34.0,0.75,36.0,0.0,0.0,0.8875,79,0,0,0
dirichlet_0.1__moderate,dirichlet_0.1,moderate,1401482818,equal,equal,True,False,0.6458333333333334,31.0,0.7291666666666666,35.0,0.0,0.0,0.828125,220,0,0,0
dirichlet_0.1__moderate,dirichlet_0.1,moderate,1401482818,independent_bundle_maxmin,preinstalled,True,False,0.7083333333333334,34.0,0.7291666666666666,35.0,0.0,0.0,0.90234375,125,0,0,0
dirichlet_0.1__moderate,dirichlet_0.1,moderate,1401482818,separable_leontief_relaxation,preinstalled,True,False,0.6458333333333334,31.0,0.7291666666666666,35.0,0.0,0.0,0.828125,220,0,0,0
dirichlet_0.1__moderate,dirichlet_0.1,moderate,1401766844,central_joint_leontief,optimal,True,False,0.7083333333333334,34.0,0.7083333333333334,34.0,0.0,0.0,0.9226401703335699,107,0,0,636
dirichlet_0.1__moderate,dirichlet_0.1,moderate,1401766844,distributed_price_leontief,preinstalled,True,False,0.7083333333333334,34.0,0.7083333333333334,34.0,0.0,0.0,0.9063165365507452,132,0,0,0
dirichlet_0.1__moderate,dirichlet_0.1,moderate,1401766844,drf,drf,True,False,0.6458333333333334,31.0,0.6458333333333334,31.0,0.0,0.0,0.850958126330731,105,0,0,0
dirichlet_0.1__moderate,dirichlet_0.1,moderate,1401766844,equal,equal,True,False,0.7083333333333334,34.0,0.7083333333333334,34.0,0.0,0.0,0.886444286728176,160,0,0,0
dirichlet_0.1__moderate,dirichlet_0.1,moderate,1401766844,independent_bundle_maxmin,preinstalled,True,False,0.7083333333333334,34.0,0.7083333333333334,34.0,0.0,0.0,0.8956706884315118,147,0,0,0
dirichlet_0.1__moderate,dirichlet_0.1,moderate,1401766844,separable_leontief_relaxation,preinstalled,True,False,0.7083333333333334,34.0,0.7083333333333334,34.0,0.0,0.0,0.886444286728176,160,0,0,0
dirichlet_0.1__moderate,dirichlet_0.1,moderate,1460916399,central_joint_leontief,optimal,True,False,0.7916666666666666,38.0,0.7916666666666666,38.0,0.0,0.0,0.9749877390877881,50,0,0,648
dirichlet_0.1__moderate,dirichlet_0.1,moderate,1460916399,distributed_price_leontief,preinstalled,True,False,0.7916666666666666,38.0,0.7916666666666666,38.0,0.0,0.0,0.9749877390877881,51,0,0,0
dirichlet_0.1__moderate,dirichlet_0.1,moderate,1460916399,drf,drf,True,False,0.7083333333333334,34.0,0.7083333333333334,34.0,0.0,0.0,0.9440902403138793,75,0,0,0
dirichlet_0.1__moderate,dirichlet_0.1,moderate,1460916399,equal,equal,True,False,0.6875,33.0,0.6875,33.0,0.0,0.0,0.8886709171162335,227,0,0,0
dirichlet_0.1__moderate,dirichlet_0.1,moderate,1460916399,independent_bundle_maxmin,preinstalled,True,False,0.7916666666666666,38.0,0.7916666666666666,38.0,0.0,0.0,0.9607650809220206,80,0,0,0
dirichlet_0.1__moderate,dirichlet_0.1,moderate,1460916399,separable_leontief_relaxation,preinstalled,True,False,0.6875,33.0,0.6875,33.0,0.0,0.0,0.8886709171162335,227,0,0,0
dirichlet_0.1__moderate,dirichlet_0.1,moderate,1485902931,central_joint_leontief,optimal,True,False,0.7916666666666666,38.0,0.7916666666666666,38.0,0.0,0.0,0.9616998950682056,63,0,0,657
dirichlet_0.1__moderate,dirichlet_0.1,moderate,1485902931,distributed_price_leontief,preinstalled,True,False,0.7708333333333334,37.0,0.7708333333333334,37.0,0.0,0.0,0.9438614900314796,107,0,0,0
dirichlet_0.1__moderate,dirichlet_0.1,moderate,1485902931,drf,drf,True,False,0.7291666666666666,35.0,0.75,36.0,0.0,0.0,0.916579223504722,94,0,0,0
dirichlet_0.1__moderate,dirichlet_0.1,moderate,1485902931,equal,equal,True,False,0.7291666666666666,35.0,0.7291666666666666,35.0,0.0,0.0,0.9239244491080797,145,0,0,0
dirichlet_0.1__moderate,dirichlet_0.1,moderate,1485902931,independent_bundle_maxmin,preinstalled,True,False,0.7291666666666666,35.0,0.7291666666666666,35.0,0.0,0.0,0.9527806925498427,90,0,0,0
dirichlet_0.1__moderate,dirichlet_0.1,moderate,1485902931,separable_leontief_relaxation,preinstalled,True,False,0.7291666666666666,35.0,0.7291666666666666,35.0,0.0,0.0,0.9239244491080797,145,0,0,0
dirichlet_0.1__moderate,dirichlet_0.1,moderate,1558010803,central_joint_leontief,optimal,True,False,0.7708333333333334,37.0,0.7916666666666666,38.0,0.0,0.0,0.9535008017103154,85,0,0,659
dirichlet_0.1__moderate,dirichlet_0.1,moderate,1558010803,distributed_price_leontief,preinstalled,True,False,0.7708333333333334,37.0,0.7916666666666666,38.0,0.0,0.0,0.9535008017103154,87,0,0,0
dirichlet_0.1__moderate,dirichlet_0.1,moderate,1558010803,drf,drf,True,False,0.7291666666666666,35.0,0.7291666666666666,35.0,0.0,0.0,0.9283805451630144,87,0,0,0
dirichlet_0.1__moderate,dirichlet_0.1,moderate,1558010803,equal,equal,True,False,0.6458333333333334,31.0,0.6666666666666666,32.0,0.0,0.0,0.8663816141101015,250,0,0,0
dirichlet_0.1__moderate,dirichlet_0.1,moderate,1558010803,independent_bundle_maxmin,preinstalled,True,False,0.8125,39.0,0.8125,39.0,0.0,0.0,0.9695350080171031,57,0,0,0
dirichlet_0.1__moderate,dirichlet_0.1,moderate,1558010803,separable_leontief_relaxation,preinstalled,True,False,0.6458333333333334,31.0,0.6666666666666666,32.0,0.0,0.0,0.8663816141101015,250,0,0,0
dirichlet_0.1__moderate,dirichlet_0.1,moderate,1565117557,central_joint_leontief,optimal,True,False,0.75,36.0,0.75,36.0,0.0,0.0,0.9696686887540831,64,0,0,612
dirichlet_0.1__moderate,dirichlet_0.1,moderate,1565117557,distributed_price_leontief,preinstalled,True,False,0.75,36.0,0.75,36.0,0.0,0.0,0.9696686887540831,65,0,0,0
dirichlet_0.1__moderate,dirichlet_0.1,moderate,1565117557,drf,drf,True,False,0.7916666666666666,38.0,0.7916666666666666,38.0,0.0,0.0,0.9472701819878675,51,0,0,0
dirichlet_0.1__moderate,dirichlet_0.1,moderate,1565117557,equal,equal,True,False,0.6666666666666666,32.0,0.6666666666666666,32.0,0.0,0.0,0.894540363975735,226,0,0,0
dirichlet_0.1__moderate,dirichlet_0.1,moderate,1565117557,independent_bundle_maxmin,preinstalled,True,False,0.7916666666666666,38.0,0.7916666666666666,38.0,0.0,0.0,0.9612692487167522,83,0,0,0
dirichlet_0.1__moderate,dirichlet_0.1,moderate,1565117557,separable_leontief_relaxation,preinstalled,True,False,0.6666666666666666,32.0,0.6666666666666666,32.0,0.0,0.0,0.894540363975735,226,0,0,0
dirichlet_0.1__moderate,dirichlet_0.1,moderate,1569126949,central_joint_leontief,optimal,True,False,0.7916666666666666,38.0,0.7916666666666666,38.0,0.0,0.0,0.9627329192546584,67,0,0,625
dirichlet_0.1__moderate,dirichlet_0.1,moderate,1569126949,distributed_price_leontief,preinstalled,True,False,0.7916666666666666,38.0,0.7916666666666666,38.0,0.0,0.0,0.9627329192546584,72,0,0,0
dirichlet_0.1__moderate,dirichlet_0.1,moderate,1569126949,drf,drf,True,False,0.7708333333333334,37.0,0.7708333333333334,37.0,0.0,0.0,0.9270186335403726,102,0,0,0
dirichlet_0.1__moderate,dirichlet_0.1,moderate,1569126949,equal,equal,True,False,0.7708333333333334,37.0,0.7708333333333334,37.0,0.0,0.0,0.9145962732919255,165,0,0,0
dirichlet_0.1__moderate,dirichlet_0.1,moderate,1569126949,independent_bundle_maxmin,preinstalled,True,False,0.7708333333333334,37.0,0.7708333333333334,37.0,0.0,0.0,0.9290890269151139,137,0,0,0
dirichlet_0.1__moderate,dirichlet_0.1,moderate,1569126949,separable_leontief_relaxation,preinstalled,True,False,0.7708333333333334,37.0,0.7708333333333334,37.0,0.0,0.0,0.9145962732919255,165,0,0,0
dirichlet_0.1__moderate,dirichlet_0.1,moderate,1570946556,central_joint_leontief,optimal,True,False,0.7916666666666666,38.0,0.7916666666666666,38.0,0.0,0.0,0.9449225473321858,91,0,0,623
dirichlet_0.1__moderate,dirichlet_0.1,moderate,1570946556,distributed_price_leontief,preinstalled,True,False,0.7916666666666666,38.0,0.7916666666666666,38.0,0.0,0.0,0.9449225473321858,96,0,0,0
dirichlet_0.1__moderate,dirichlet_0.1,moderate,1570946556,drf,drf,True,False,0.6875,33.0,0.6875,33.0,0.0,0.0,0.8600114744693058,112,0,0,0
dirichlet_0.1__moderate,dirichlet_0.1,moderate,1570946556,equal,equal,True,False,0.7291666666666666,35.0,0.7291666666666666,35.0,0.0,0.0,0.8651749856569134,235,0,0,0
dirichlet_0.1__moderate,dirichlet_0.1,moderate,1570946556,independent_bundle_maxmin,preinstalled,True,False,0.75,36.0,0.75,36.0,0.0,0.0,0.9300057372346529,122,0,0,0
dirichlet_0.1__moderate,dirichlet_0.1,moderate,1570946556,separable_leontief_relaxation,preinstalled,True,False,0.7291666666666666,35.0,0.7291666666666666,35.0,0.0,0.0,0.8651749856569134,235,0,0,0
dirichlet_0.1__moderate,dirichlet_0.1,moderate,1586776797,central_joint_leontief,optimal,True,False,0.7708333333333334,37.0,0.7708333333333334,37.0,0.0,0.0,0.9676584734799483,74,0,0,628
dirichlet_0.1__moderate,dirichlet_0.1,moderate,1586776797,distributed_price_leontief,preinstalled,True,False,0.7708333333333334,37.0,0.7708333333333334,37.0,0.0,0.0,0.9676584734799483,75,0,0,0
dirichlet_0.1__moderate,dirichlet_0.1,moderate,1586776797,drf,drf,True,False,0.7291666666666666,35.0,0.7291666666666666,35.0,0.0,0.0,0.9465286761535144,75,0,0,0
dirichlet_0.1__moderate,dirichlet_0.1,moderate,1586776797,equal,equal,True,False,0.75,36.0,0.75,36.0,0.0,0.0,0.9288486416558862,165,0,0,0
dirichlet_0.1__moderate,dirichlet_0.1,moderate,1586776797,independent_bundle_maxmin,preinstalled,True,False,0.7708333333333334,37.0,0.7708333333333334,37.0,0.0,0.0,0.9797326433807676,47,0,0,0
dirichlet_0.1__moderate,dirichlet_0.1,moderate,1586776797,separable_leontief_relaxation,preinstalled,True,False,0.75,36.0,0.75,36.0,0.0,0.0,0.9288486416558862,165,0,0,0
dirichlet_0.1__moderate,dirichlet_0.1,moderate,1671186386,central_joint_leontief,optimal,True,False,0.8125,39.0,0.8333333333333334,40.0,0.0,0.0,0.9641772920461446,58,0,0,634
dirichlet_0.1__moderate,dirichlet_0.1,moderate,1671186386,distributed_price_leontief,preinstalled,True,False,0.8125,39.0,0.8333333333333334,40.0,0.0,0.0,0.9641772920461446,59,0,0,0
dirichlet_0.1__moderate,dirichlet_0.1,moderate,1671186386,drf,drf,True,False,0.7291666666666666,35.0,0.7291666666666666,35.0,0.0,0.0,0.891317547055252,129,0,0,0
dirichlet_0.1__moderate,dirichlet_0.1,moderate,1671186386,equal,equal,True,False,0.6875,33.0,0.6875,33.0,0.0,0.0,0.8737097753491196,208,0,0,0
dirichlet_0.1__moderate,dirichlet_0.1,moderate,1671186386,independent_bundle_maxmin,preinstalled,True,False,0.75,36.0,0.75,36.0,0.0,0.0,0.9338190649666059,109,0,0,0
dirichlet_0.1__moderate,dirichlet_0.1,moderate,1671186386,separable_leontief_relaxation,preinstalled,True,False,0.6875,33.0,0.6875,33.0,0.0,0.0,0.8737097753491196,208,0,0,0
dirichlet_0.1__moderate,dirichlet_0.1,moderate,1727465094,central_joint_leontief,optimal,True,False,0.7291666666666666,35.0,0.75,36.0,0.0,0.0,0.8470790378006873,178,0,0,641
dirichlet_0.1__moderate,dirichlet_0.1,moderate,1727465094,distributed_price_leontief,preinstalled,True,False,0.7291666666666666,35.0,0.75,36.0,0.0,0.0,0.8470790378006873,178,0,0,0
dirichlet_0.1__moderate,dirichlet_0.1,moderate,1727465094,drf,drf,True,False,0.625,30.0,0.7291666666666666,35.0,0.0,0.0,0.8058419243986255,197,0,0,0
dirichlet_0.1__moderate,dirichlet_0.1,moderate,1727465094,equal,equal,True,False,0.625,30.0,0.6458333333333334,31.0,0.0,0.0,0.8316151202749141,196,0,0,0
dirichlet_0.1__moderate,dirichlet_0.1,moderate,1727465094,independent_bundle_maxmin,preinstalled,True,False,0.6875,33.0,0.7916666666666666,38.0,0.0,0.0,0.8719931271477663,149,0,0,0
dirichlet_0.1__moderate,dirichlet_0.1,moderate,1727465094,separable_leontief_relaxation,preinstalled,True,False,0.625,30.0,0.6458333333333334,31.0,0.0,0.0,0.8316151202749141,196,0,0,0
dirichlet_0.1__moderate,dirichlet_0.1,moderate,1730566430,central_joint_leontief,optimal,True,False,0.8541666666666666,41.0,0.8541666666666666,41.0,0.0,0.0,0.969301110385369,43,0,0,621
dirichlet_0.1__moderate,dirichlet_0.1,moderate,1730566430,distributed_price_leontief,preinstalled,True,False,0.8541666666666666,41.0,0.8541666666666666,41.0,0.0,0.0,0.9575440888308295,65,0,0,0
dirichlet_0.1__moderate,dirichlet_0.1,moderate,1730566430,drf,drf,True,False,0.7291666666666666,35.0,0.7291666666666666,35.0,0.0,0.0,0.8184193337687786,172,0,0,0
dirichlet_0.1__moderate,dirichlet_0.1,moderate,1730566430,equal,equal,True,False,0.7916666666666666,38.0,0.7916666666666666,38.0,0.0,0.0,0.8791639451338994,185,0,0,0
dirichlet_0.1__moderate,dirichlet_0.1,moderate,1730566430,independent_bundle_maxmin,preinstalled,True,False,0.8125,39.0,0.8125,39.0,0.0,0.0,0.9320705421293273,104,0,0,0
dirichlet_0.1__moderate,dirichlet_0.1,moderate,1730566430,separable_leontief_relaxation,preinstalled,True,False,0.7916666666666666,38.0,0.7916666666666666,38.0,0.0,0.0,0.8791639451338994,185,0,0,0
dirichlet_0.1__moderate,dirichlet_0.1,moderate,1741845543,central_joint_leontief,optimal,True,False,0.8333333333333334,40.0,0.8333333333333334,40.0,0.0,0.0,0.9903602232369355,17,0,0,646
dirichlet_0.1__moderate,dirichlet_0.1,moderate,1741845543,distributed_price_leontief,preinstalled,True,False,0.8333333333333334,40.0,0.8333333333333334,40.0,0.0,0.0,0.9903602232369355,19,0,0,0
dirichlet_0.1__moderate,dirichlet_0.1,moderate,1741845543,drf,drf,True,False,0.7291666666666666,35.0,0.7291666666666666,35.0,0.0,0.0,0.9228817858954845,90,0,0,0
dirichlet_0.1__moderate,dirichlet_0.1,moderate,1741845543,equal,equal,True,False,0.7083333333333334,34.0,0.7083333333333334,34.0,0.0,0.0,0.9081684424150177,181,0,0,0
dirichlet_0.1__moderate,dirichlet_0.1,moderate,1741845543,independent_bundle_maxmin,preinstalled,True,False,0.7708333333333334,37.0,0.7708333333333334,37.0,0.0,0.0,0.9583967529173009,82,0,0,0
dirichlet_0.1__moderate,dirichlet_0.1,moderate,1741845543,separable_leontief_relaxation,preinstalled,True,False,0.7083333333333334,34.0,0.7083333333333334,34.0,0.0,0.0,0.9081684424150177,181,0,0,0
dirichlet_0.1__moderate,dirichlet_0.1,moderate,1773063828,central_joint_leontief,optimal,True,False,0.7916666666666666,38.0,0.7916666666666666,38.0,0.0,0.0,0.9622828784119106,69,0,0,632
dirichlet_0.1__moderate,dirichlet_0.1,moderate,1773063828,distributed_price_leontief,preinstalled,True,False,0.7916666666666666,38.0,0.7916666666666666,38.0,0.0,0.0,0.973697270471464,53,0,0,0
dirichlet_0.1__moderate,dirichlet_0.1,moderate,1773063828,drf,drf,True,False,0.7083333333333334,34.0,0.7083333333333334,34.0,0.0,0.0,0.9042183622828784,102,0,0,0
dirichlet_0.1__moderate,dirichlet_0.1,moderate,1773063828,equal,equal,True,False,0.6875,33.0,0.6875,33.0,0.0,0.0,0.8957816377171216,210,0,0,0
dirichlet_0.1__moderate,dirichlet_0.1,moderate,1773063828,independent_bundle_maxmin,preinstalled,True,False,0.75,36.0,0.75,36.0,0.0,0.0,0.9483870967741935,104,0,0,0
dirichlet_0.1__moderate,dirichlet_0.1,moderate,1773063828,separable_leontief_relaxation,preinstalled,True,False,0.6875,33.0,0.6875,33.0,0.0,0.0,0.8957816377171216,210,0,0,0
dirichlet_0.1__moderate,dirichlet_0.1,moderate,1783677345,central_joint_leontief,optimal,True,False,0.7708333333333334,37.0,0.7708333333333334,37.0,0.0,0.0,0.9637826961770624,71,0,0,607
dirichlet_0.1__moderate,dirichlet_0.1,moderate,1783677345,distributed_price_leontief,preinstalled,True,False,0.7708333333333334,37.0,0.7708333333333334,37.0,0.0,0.0,0.9637826961770624,72,0,0,0
dirichlet_0.1__moderate,dirichlet_0.1,moderate,1783677345,drf,drf,True,False,0.7291666666666666,35.0,0.7291666666666666,35.0,0.0,0.0,0.9255533199195171,91,0,0,0
dirichlet_0.1__moderate,dirichlet_0.1,moderate,1783677345,equal,equal,True,False,0.7083333333333334,34.0,0.7083333333333334,34.0,0.0,0.0,0.9049295774647887,189,0,0,0
dirichlet_0.1__moderate,dirichlet_0.1,moderate,1783677345,independent_bundle_maxmin,preinstalled,True,False,0.7916666666666666,38.0,0.7916666666666666,38.0,0.0,0.0,0.9652917505030181,69,0,0,0
dirichlet_0.1__moderate,dirichlet_0.1,moderate,1783677345,separable_leontief_relaxation,preinstalled,True,False,0.7083333333333334,34.0,0.7083333333333334,34.0,0.0,0.0,0.9049295774647887,189,0,0,0
dirichlet_0.1__moderate,dirichlet_0.1,moderate,1788325787,central_joint_leontief,optimal,True,False,0.7916666666666666,38.0,0.7916666666666666,38.0,0.0,0.0,0.9574074074074074,68,0,0,630
dirichlet_0.1__moderate,dirichlet_0.1,moderate,1788325787,distributed_price_leontief,preinstalled,True,False,0.7916666666666666,38.0,0.7916666666666666,38.0,0.0,0.0,0.9574074074074074,69,0,0,0
dirichlet_0.1__moderate,dirichlet_0.1,moderate,1788325787,drf,drf,True,False,0.75,36.0,0.75,36.0,0.0,0.0,0.9246913580246914,89,0,0,0
dirichlet_0.1__moderate,dirichlet_0.1,moderate,1788325787,equal,equal,True,False,0.6666666666666666,32.0,0.6666666666666666,32.0,0.0,0.0,0.8858024691358025,185,0,0,0
dirichlet_0.1__moderate,dirichlet_0.1,moderate,1788325787,independent_bundle_maxmin,preinstalled,True,False,0.7708333333333334,37.0,0.7708333333333334,37.0,0.0,0.0,0.9555555555555556,72,0,0,0
dirichlet_0.1__moderate,dirichlet_0.1,moderate,1788325787,separable_leontief_relaxation,preinstalled,True,False,0.6666666666666666,32.0,0.6666666666666666,32.0,0.0,0.0,0.8858024691358025,185,0,0,0
dirichlet_0.1__moderate,dirichlet_0.1,moderate,1798126248,central_joint_leontief,optimal,True,False,0.7708333333333334,37.0,0.7708333333333334,37.0,0.0,0.0,0.9502790461694571,98,0,0,624
dirichlet_0.1__moderate,dirichlet_0.1,moderate,1798126248,distributed_price_leontief,preinstalled,True,False,0.7708333333333334,37.0,0.7708333333333334,37.0,0.0,0.0,0.9502790461694571,98,0,0,0
dirichlet_0.1__moderate,dirichlet_0.1,moderate,1798126248,drf,drf,True,False,0.6875,33.0,0.6875,33.0,0.0,0.0,0.9071537290715372,96,0,0,0
dirichlet_0.1__moderate,dirichlet_0.1,moderate,1798126248,equal,equal,True,False,0.6875,33.0,0.7083333333333334,34.0,0.0,0.0,0.8883815322171487,220,0,0,0
dirichlet_0.1__moderate,dirichlet_0.1,moderate,1798126248,independent_bundle_maxmin,preinstalled,True,False,0.7708333333333334,37.0,0.7708333333333334,37.0,0.0,0.0,0.9497716894977168,99,0,0,0
dirichlet_0.1__moderate,dirichlet_0.1,moderate,1798126248,separable_leontief_relaxation,preinstalled,True,False,0.6875,33.0,0.7083333333333334,34.0,0.0,0.0,0.8883815322171487,220,0,0,0
dirichlet_0.1__moderate,dirichlet_0.1,moderate,1812991878,central_joint_leontief,optimal,True,False,0.7916666666666666,38.0,0.7916666666666666,38.0,0.0,0.0,0.9686006825938567,45,0,0,614
dirichlet_0.1__moderate,dirichlet_0.1,moderate,1812991878,distributed_price_leontief,preinstalled,True,False,0.7916666666666666,38.0,0.7916666666666666,38.0,0.0,0.0,0.9686006825938567,46,0,0,0
dirichlet_0.1__moderate,dirichlet_0.1,moderate,1812991878,drf,drf,True,False,0.7916666666666666,38.0,0.7916666666666666,38.0,0.0,0.0,0.941296928327645,44,0,0,0
dirichlet_0.1__moderate,dirichlet_0.1,moderate,1812991878,equal,equal,True,False,0.7083333333333334,34.0,0.7083333333333334,34.0,0.0,0.0,0.8621160409556314,202,0,0,0
dirichlet_0.1__moderate,dirichlet_0.1,moderate,1812991878,independent_bundle_maxmin,preinstalled,True,False,0.75,36.0,0.75,36.0,0.0,0.0,0.884641638225256,169,0,0,0
dirichlet_0.1__moderate,dirichlet_0.1,moderate,1812991878,separable_leontief_relaxation,preinstalled,True,False,0.7083333333333334,34.0,0.7083333333333334,34.0,0.0,0.0,0.8621160409556314,202,0,0,0
dirichlet_0.1__moderate,dirichlet_0.1,moderate,1879903616,central_joint_leontief,optimal,True,False,0.75,36.0,0.75,36.0,0.0,0.0,0.9494584837545126,83,0,0,622
dirichlet_0.1__moderate,dirichlet_0.1,moderate,1879903616,distributed_price_leontief,preinstalled,True,False,0.75,36.0,0.75,36.0,0.0,0.0,0.9494584837545126,84,0,0,0
dirichlet_0.1__moderate,dirichlet_0.1,moderate,1879903616,drf,drf,True,False,0.6666666666666666,32.0,0.6666666666666666,32.0,0.0,0.0,0.8971119133574007,99,0,0,0
dirichlet_0.1__moderate,dirichlet_0.1,moderate,1879903616,equal,equal,True,False,0.6875,33.0,0.6875,33.0,0.0,0.0,0.8916967509025271,180,0,0,0
dirichlet_0.1__moderate,dirichlet_0.1,moderate,1879903616,independent_bundle_maxmin,preinstalled,True,False,0.7708333333333334,37.0,0.7708333333333334,37.0,0.0,0.0,0.9554753309265944,74,0,0,0
dirichlet_0.1__moderate,dirichlet_0.1,moderate,1879903616,separable_leontief_relaxation,preinstalled,True,False,0.6875,33.0,0.6875,33.0,0.0,0.0,0.8916967509025271,180,0,0,0
dirichlet_0.1__moderate,dirichlet_0.1,moderate,1968360483,central_joint_leontief,optimal,True,False,0.7916666666666666,38.0,0.7916666666666666,38.0,0.0,0.0,0.9551792828685259,80,0,0,663
dirichlet_0.1__moderate,dirichlet_0.1,moderate,1968360483,distributed_price_leontief,preinstalled,True,False,0.7916666666666666,38.0,0.7916666666666666,38.0,0.0,0.0,0.9551792828685259,90,0,0,0
dirichlet_0.1__moderate,dirichlet_0.1,moderate,1968360483,drf,drf,True,False,0.75,36.0,0.75,36.0,0.0,0.0,0.9297808764940239,65,0,0,0
dirichlet_0.1__moderate,dirichlet_0.1,moderate,1968360483,equal,equal,True,False,0.75,36.0,0.75,36.0,0.0,0.0,0.9183266932270916,164,0,0,0
dirichlet_0.1__moderate,dirichlet_0.1,moderate,1968360483,independent_bundle_maxmin,preinstalled,True,False,0.75,36.0,0.75,36.0,0.0,0.0,0.9267928286852589,147,0,0,0
dirichlet_0.1__moderate,dirichlet_0.1,moderate,1968360483,separable_leontief_relaxation,preinstalled,True,False,0.75,36.0,0.75,36.0,0.0,0.0,0.9183266932270916,164,0,0,0
dirichlet_0.1__moderate,dirichlet_0.1,moderate,1969315355,central_joint_leontief,optimal,True,False,0.7708333333333334,37.0,0.7708333333333334,37.0,0.0,0.0,0.9401340996168582,118,0,0,638
dirichlet_0.1__moderate,dirichlet_0.1,moderate,1969315355,distributed_price_leontief,preinstalled,True,False,0.7708333333333334,37.0,0.7708333333333334,37.0,0.0,0.0,0.953544061302682,97,0,0,0
dirichlet_0.1__moderate,dirichlet_0.1,moderate,1969315355,drf,drf,True,False,0.7291666666666666,35.0,0.7291666666666666,35.0,0.0,0.0,0.8960727969348659,151,0,0,0
dirichlet_0.1__moderate,dirichlet_0.1,moderate,1969315355,equal,equal,True,False,0.7083333333333334,34.0,0.75,36.0,0.0,0.0,0.9348659003831418,136,0,0,0
dirichlet_0.1__moderate,dirichlet_0.1,moderate,1969315355,independent_bundle_maxmin,preinstalled,True,False,0.7291666666666666,35.0,0.75,36.0,0.0,0.0,0.9425287356321839,120,0,0,0
dirichlet_0.1__moderate,dirichlet_0.1,moderate,1969315355,separable_leontief_relaxation,preinstalled,True,False,0.7083333333333334,34.0,0.75,36.0,0.0,0.0,0.9348659003831418,136,0,0,0
dirichlet_0.1__moderate,dirichlet_0.1,moderate,2027057364,central_joint_leontief,optimal,True,False,0.7291666666666666,35.0,0.75,36.0,0.0,0.0,0.9125102207686018,107,0,0,627
dirichlet_0.1__moderate,dirichlet_0.1,moderate,2027057364,distributed_price_leontief,preinstalled,True,False,0.7291666666666666,35.0,0.75,36.0,0.0,0.0,0.9125102207686018,107,0,0,0
dirichlet_0.1__moderate,dirichlet_0.1,moderate,2027057364,drf,drf,True,False,0.6666666666666666,32.0,0.7083333333333334,34.0,0.0,0.0,0.8503679476696647,154,0,0,0
dirichlet_0.1__moderate,dirichlet_0.1,moderate,2027057364,equal,equal,True,False,0.6458333333333334,31.0,0.6666666666666666,32.0,0.0,0.0,0.8593622240392478,172,0,0,0
dirichlet_0.1__moderate,dirichlet_0.1,moderate,2027057364,independent_bundle_maxmin,preinstalled,True,False,0.7291666666666666,35.0,0.7291666666666666,35.0,0.0,0.0,0.8765331152902698,151,0,0,0
dirichlet_0.1__moderate,dirichlet_0.1,moderate,2027057364,separable_leontief_relaxation,preinstalled,True,False,0.6458333333333334,31.0,0.6666666666666666,32.0,0.0,0.0,0.8593622240392478,172,0,0,0
dirichlet_0.1__moderate,dirichlet_0.1,moderate,2053772871,central_joint_leontief,optimal,True,False,0.7291666666666666,35.0,0.7291666666666666,35.0,0.0,0.0,0.9301566579634465,107,0,0,634
dirichlet_0.1__moderate,dirichlet_0.1,moderate,2053772871,distributed_price_leontief,preinstalled,True,False,0.7291666666666666,35.0,0.7291666666666666,35.0,0.0,0.0,0.9301566579634465,107,0,0,0
dirichlet_0.1__moderate,dirichlet_0.1,moderate,2053772871,drf,drf,True,False,0.6875,33.0,0.6875,33.0,0.0,0.0,0.9223237597911227,60,0,0,0
dirichlet_0.1__moderate,dirichlet_0.1,moderate,2053772871,equal,equal,True,False,0.7083333333333334,34.0,0.7083333333333334,34.0,0.0,0.0,0.8439947780678851,239,0,0,0
dirichlet_0.1__moderate,dirichlet_0.1,moderate,2053772871,independent_bundle_maxmin,preinstalled,True,False,0.7291666666666666,35.0,0.7291666666666666,35.0,0.0,0.0,0.9484334203655352,79,0,0,0
dirichlet_0.1__moderate,dirichlet_0.1,moderate,2053772871,separable_leontief_relaxation,preinstalled,True,False,0.7083333333333334,34.0,0.7083333333333334,34.0,0.0,0.0,0.8439947780678851,239,0,0,0
dirichlet_0.1__moderate,dirichlet_0.1,moderate,2062822218,central_joint_leontief,optimal,True,False,0.8125,39.0,0.8125,39.0,0.0,0.0,0.9643255295429208,63,0,0,644
dirichlet_0.1__moderate,dirichlet_0.1,moderate,2062822218,distributed_price_leontief,preinstalled,True,False,0.8125,39.0,0.8125,39.0,0.0,0.0,0.9643255295429208,64,0,0,0
dirichlet_0.1__moderate,dirichlet_0.1,moderate,2062822218,drf,drf,True,False,0.7916666666666666,38.0,0.7916666666666666,38.0,0.0,0.0,0.9437012263099219,59,0,0,0
dirichlet_0.1__moderate,dirichlet_0.1,moderate,2062822218,equal,equal,True,False,0.75,36.0,0.75,36.0,0.0,0.0,0.8974358974358975,184,0,0,0
dirichlet_0.1__moderate,dirichlet_0.1,moderate,2062822218,independent_bundle_maxmin,preinstalled,True,False,0.7708333333333334,37.0,0.7708333333333334,37.0,0.0,0.0,0.947603121516165,94,0,0,0
dirichlet_0.1__moderate,dirichlet_0.1,moderate,2062822218,separable_leontief_relaxation,preinstalled,True,False,0.75,36.0,0.75,36.0,0.0,0.0,0.8974358974358975,184,0,0,0
dirichlet_0.1__moderate,dirichlet_0.1,moderate,2068762575,central_joint_leontief,optimal,True,False,0.7708333333333334,37.0,0.7708333333333334,37.0,0.0,0.0,0.971830985915493,40,0,0,618
dirichlet_0.1__moderate,dirichlet_0.1,moderate,2068762575,distributed_price_leontief,preinstalled,True,False,0.7708333333333334,37.0,0.7708333333333334,37.0,0.0,0.0,0.971830985915493,40,0,0,0
dirichlet_0.1__moderate,dirichlet_0.1,moderate,2068762575,drf,drf,True,False,0.6875,33.0,0.7083333333333334,34.0,0.0,0.0,0.8654929577464788,87,0,0,0
dirichlet_0.1__moderate,dirichlet_0.1,moderate,2068762575,equal,equal,True,False,0.7083333333333334,34.0,0.75,36.0,0.0,0.0,0.8640845070422535,193,0,0,0
dirichlet_0.1__moderate,dirichlet_0.1,moderate,2068762575,independent_bundle_maxmin,preinstalled,True,False,0.7708333333333334,37.0,0.7708333333333334,37.0,0.0,0.0,0.9063380281690141,133,0,0,0
dirichlet_0.1__moderate,dirichlet_0.1,moderate,2068762575,separable_leontief_relaxation,preinstalled,True,False,0.7083333333333334,34.0,0.75,36.0,0.0,0.0,0.8640845070422535,193,0,0,0
dirichlet_0.1__moderate,dirichlet_0.1,moderate,2090014340,central_joint_leontief,optimal,True,False,0.8333333333333334,40.0,0.8333333333333334,40.0,0.0,0.0,0.9644110275689223,68,0,0,605
dirichlet_0.1__moderate,dirichlet_0.1,moderate,2090014340,distributed_price_leontief,preinstalled,True,False,0.8333333333333334,40.0,0.8333333333333334,40.0,0.0,0.0,0.9644110275689223,71,0,0,0
dirichlet_0.1__moderate,dirichlet_0.1,moderate,2090014340,drf,drf,True,False,0.7083333333333334,34.0,0.7083333333333334,34.0,0.0,0.0,0.9223057644110275,114,0,0,0
dirichlet_0.1__moderate,dirichlet_0.1,moderate,2090014340,equal,equal,True,False,0.7083333333333334,34.0,0.7083333333333334,34.0,0.0,0.0,0.9052631578947369,189,0,0,0
dirichlet_0.1__moderate,dirichlet_0.1,moderate,2090014340,independent_bundle_maxmin,preinstalled,True,False,0.8333333333333334,40.0,0.8333333333333334,40.0,0.0,0.0,0.9644110275689223,71,0,0,0
dirichlet_0.1__moderate,dirichlet_0.1,moderate,2090014340,separable_leontief_relaxation,preinstalled,True,False,0.7083333333333334,34.0,0.7083333333333334,34.0,0.0,0.0,0.9052631578947369,189,0,0,0
dirichlet_0.1__moderate,dirichlet_0.1,moderate,2104367538,central_joint_leontief,optimal,True,False,0.8125,39.0,0.8125,39.0,0.0,0.0,0.9828326180257511,36,0,0,659
dirichlet_0.1__moderate,dirichlet_0.1,moderate,2104367538,distributed_price_leontief,preinstalled,True,False,0.8125,39.0,0.8125,39.0,0.0,0.0,0.9828326180257511,40,0,0,0
dirichlet_0.1__moderate,dirichlet_0.1,moderate,2104367538,drf,drf,True,False,0.8125,39.0,0.8125,39.0,0.0,0.0,0.975107296137339,38,0,0,0
dirichlet_0.1__moderate,dirichlet_0.1,moderate,2104367538,equal,equal,True,False,0.75,36.0,0.75,36.0,0.0,0.0,0.9437768240343347,131,0,0,0
dirichlet_0.1__moderate,dirichlet_0.1,moderate,2104367538,independent_bundle_maxmin,preinstalled,True,False,0.7708333333333334,37.0,0.7708333333333334,37.0,0.0,0.0,0.951931330472103,112,0,0,0
dirichlet_0.1__moderate,dirichlet_0.1,moderate,2104367538,separable_leontief_relaxation,preinstalled,True,False,0.75,36.0,0.75,36.0,0.0,0.0,0.9437768240343347,131,0,0,0
dirichlet_0.1__moderate,dirichlet_0.1,moderate,2143652743,central_joint_leontief,optimal,True,False,0.75,36.0,0.75,36.0,0.0,0.0,0.958656330749354,79,0,0,638
dirichlet_0.1__moderate,dirichlet_0.1,moderate,2143652743,distributed_price_leontief,preinstalled,True,False,0.75,36.0,0.75,36.0,0.0,0.0,0.958656330749354,80,0,0,0
dirichlet_0.1__moderate,dirichlet_0.1,moderate,2143652743,drf,drf,True,False,0.6875,33.0,0.7083333333333334,34.0,0.0,0.0,0.9271317829457364,78,0,0,0
dirichlet_0.1__moderate,dirichlet_0.1,moderate,2143652743,equal,equal,True,False,0.6875,33.0,0.7083333333333334,34.0,0.0,0.0,0.8919896640826873,209,0,0,0
dirichlet_0.1__moderate,dirichlet_0.1,moderate,2143652743,independent_bundle_maxmin,preinstalled,True,False,0.75,36.0,0.75,36.0,0.0,0.0,0.9348837209302325,126,0,0,0
dirichlet_0.1__moderate,dirichlet_0.1,moderate,2143652743,separable_leontief_relaxation,preinstalled,True,False,0.6875,33.0,0.7083333333333334,34.0,0.0,0.0,0.8919896640826873,209,0,0,0
dirichlet_0.1__moderate,dirichlet_0.1,moderate,2159859472,central_joint_leontief,optimal,True,False,0.7708333333333334,37.0,0.7708333333333334,37.0,0.0,0.0,0.9509993552546744,76,0,0,648
dirichlet_0.1__moderate,dirichlet_0.1,moderate,2159859472,distributed_price_leontief,preinstalled,True,False,0.7708333333333334,37.0,0.7708333333333334,37.0,0.0,0.0,0.9509993552546744,76,0,0,0
dirichlet_0.1__moderate,dirichlet_0.1,moderate,2159859472,drf,drf,True,False,0.6666666666666666,32.0,0.6666666666666666,32.0,0.0,0.0,0.8736299161831077,89,0,0,0
dirichlet_0.1__moderate,dirichlet_0.1,moderate,2159859472,equal,equal,True,False,0.6875,33.0,0.6875,33.0,0.0,0.0,0.8529980657640233,228,0,0,0
dirichlet_0.1__moderate,dirichlet_0.1,moderate,2159859472,independent_bundle_maxmin,preinstalled,True,False,0.75,36.0,0.75,36.0,0.0,0.0,0.9297227595099935,109,0,0,0
dirichlet_0.1__moderate,dirichlet_0.1,moderate,2159859472,separable_leontief_relaxation,preinstalled,True,False,0.6875,33.0,0.6875,33.0,0.0,0.0,0.8529980657640233,228,0,0,0
dirichlet_0.1__moderate,dirichlet_0.1,moderate,2187540509,central_joint_leontief,optimal,True,False,0.75,36.0,0.75,36.0,0.0,0.0,0.9467232437529467,105,0,0,727
dirichlet_0.1__moderate,dirichlet_0.1,moderate,2187540509,distributed_price_leontief,preinstalled,True,False,0.75,36.0,0.75,36.0,0.0,0.0,0.9467232437529467,113,0,0,0
dirichlet_0.1__moderate,dirichlet_0.1,moderate,2187540509,drf,drf,True,False,0.75,36.0,0.75,36.0,0.0,0.0,0.9297501178689298,70,0,0,0
dirichlet_0.1__moderate,dirichlet_0.1,moderate,2187540509,equal,equal,True,False,0.7083333333333334,34.0,0.7291666666666666,35.0,0.0,0.0,0.9123055162659123,186,0,0,0
dirichlet_0.1__moderate,dirichlet_0.1,moderate,2187540509,independent_bundle_maxmin,preinstalled,True,False,0.75,36.0,0.75,36.0,0.0,0.0,0.9429514380009429,121,0,0,0
dirichlet_0.1__moderate,dirichlet_0.1,moderate,2187540509,separable_leontief_relaxation,preinstalled,True,False,0.7083333333333334,34.0,0.7291666666666666,35.0,0.0,0.0,0.9123055162659123,186,0,0,0
dirichlet_0.1__moderate,dirichlet_0.1,moderate,2212622024,central_joint_leontief,optimal,True,False,0.7708333333333334,37.0,0.7708333333333334,37.0,0.0,0.0,0.9727556945064761,58,0,0,662
dirichlet_0.1__moderate,dirichlet_0.1,moderate,2212622024,distributed_price_leontief,preinstalled,True,False,0.7708333333333334,37.0,0.7708333333333334,37.0,0.0,0.0,0.9727556945064761,61,0,0,0
dirichlet_0.1__moderate,dirichlet_0.1,moderate,2212622024,drf,drf,True,False,0.7291666666666666,35.0,0.7291666666666666,35.0,0.0,0.0,0.9267530147387226,146,0,0,0
dirichlet_0.1__moderate,dirichlet_0.1,moderate,2212622024,equal,equal,True,False,0.6666666666666666,32.0,0.6666666666666666,32.0,0.0,0.0,0.8807503349709692,267,0,0,0
dirichlet_0.1__moderate,dirichlet_0.1,moderate,2212622024,independent_bundle_maxmin,preinstalled,True,False,0.7708333333333334,37.0,0.7708333333333334,37.0,0.0,0.0,0.9602501116569897,89,0,0,0
dirichlet_0.1__moderate,dirichlet_0.1,moderate,2212622024,separable_leontief_relaxation,preinstalled,True,False,0.6666666666666666,32.0,0.6666666666666666,32.0,0.0,0.0,0.8807503349709692,267,0,0,0
dirichlet_0.1__moderate,dirichlet_0.1,moderate,2222055010,central_joint_leontief,optimal,True,False,0.7708333333333334,37.0,0.7916666666666666,38.0,0.0,0.0,0.8694852941176471,142,0,0,640
dirichlet_0.1__moderate,dirichlet_0.1,moderate,2222055010,distributed_price_leontief,preinstalled,True,False,0.7708333333333334,37.0,0.7916666666666666,38.0,0.0,0.0,0.8694852941176471,142,0,0,0
dirichlet_0.1__moderate,dirichlet_0.1,moderate,2222055010,drf,drf,True,False,0.7291666666666666,35.0,0.75,36.0,0.0,0.0,0.8216911764705882,155,0,0,0
dirichlet_0.1__moderate,dirichlet_0.1,moderate,2222055010,equal,equal,True,False,0.6041666666666666,29.0,0.75,36.0,0.0,0.0,0.8658088235294118,146,0,0,0
dirichlet_0.1__moderate,dirichlet_0.1,moderate,2222055010,independent_bundle_maxmin,preinstalled,True,False,0.7708333333333334,37.0,0.7916666666666666,38.0,0.0,0.0,0.8694852941176471,142,0,0,0
dirichlet_0.1__moderate,dirichlet_0.1,moderate,2222055010,separable_leontief_relaxation,preinstalled,True,False,0.6041666666666666,29.0,0.75,36.0,0.0,0.0,0.8658088235294118,146,0,0,0
dirichlet_0.1__moderate,dirichlet_0.1,moderate,2225355892,central_joint_leontief,optimal,True,False,0.7708333333333334,37.0,0.7708333333333334,37.0,0.0,0.0,0.9103618421052632,108,0,0,612
dirichlet_0.1__moderate,dirichlet_0.1,moderate,2225355892,distributed_price_leontief,preinstalled,True,False,0.7708333333333334,37.0,0.7708333333333334,37.0,0.0,0.0,0.9103618421052632,109,0,0,0
dirichlet_0.1__moderate,dirichlet_0.1,moderate,2225355892,drf,drf,True,False,0.625,30.0,0.625,30.0,0.0,0.0,0.7828947368421053,167,0,0,0
dirichlet_0.1__moderate,dirichlet_0.1,moderate,2225355892,equal,equal,True,False,0.6458333333333334,31.0,0.6458333333333334,31.0,0.0,0.0,0.7713815789473685,278,0,0,0
dirichlet_0.1__moderate,dirichlet_0.1,moderate,2225355892,independent_bundle_maxmin,preinstalled,True,False,0.75,36.0,0.75,36.0,0.0,0.0,0.8708881578947368,157,0,0,0
dirichlet_0.1__moderate,dirichlet_0.1,moderate,2225355892,separable_leontief_relaxation,preinstalled,True,False,0.6458333333333334,31.0,0.6458333333333334,31.0,0.0,0.0,0.7713815789473685,278,0,0,0
dirichlet_0.1__moderate,dirichlet_0.1,moderate,2268749908,central_joint_leontief,optimal,True,False,0.7708333333333334,37.0,0.7916666666666666,38.0,0.0,0.0,0.9707673568818515,47,0,0,620
dirichlet_0.1__moderate,dirichlet_0.1,moderate,2268749908,distributed_price_leontief,preinstalled,True,False,0.7708333333333334,37.0,0.7916666666666666,38.0,0.0,0.0,0.9707673568818515,48,0,0,0
dirichlet_0.1__moderate,dirichlet_0.1,moderate,2268749908,drf,drf,True,False,0.7083333333333334,34.0,0.7083333333333334,34.0,0.0,0.0,0.8976857490864799,78,0,0,0
dirichlet_0.1__moderate,dirichlet_0.1,moderate,2268749908,equal,equal,True,False,0.6875,33.0,0.7291666666666666,35.0,0.0,0.0,0.8775883069427527,201,0,0,0
dirichlet_0.1__moderate,dirichlet_0.1,moderate,2268749908,independent_bundle_maxmin,preinstalled,True,False,0.7708333333333334,37.0,0.7916666666666666,38.0,0.0,0.0,0.9488428745432399,84,0,0,0
dirichlet_0.1__moderate,dirichlet_0.1,moderate,2268749908,separable_leontief_relaxation,preinstalled,True,False,0.6875,33.0,0.7291666666666666,35.0,0.0,0.0,0.8775883069427527,201,0,0,0
dirichlet_0.1__moderate,dirichlet_0.1,moderate,2269193850,central_joint_leontief,optimal,True,False,0.7708333333333334,37.0,0.7916666666666666,38.0,0.0,0.0,0.924791086350975,80,0,0,633
dirichlet_0.1__moderate,dirichlet_0.1,moderate,2269193850,distributed_price_leontief,preinstalled,True,False,0.7708333333333334,37.0,0.7916666666666666,38.0,0.0,0.0,0.924791086350975,81,0,0,0
dirichlet_0.1__moderate,dirichlet_0.1,moderate,2269193850,drf,drf,True,False,0.6666666666666666,32.0,0.6875,33.0,0.0,0.0,0.8263695450324977,74,0,0,0
dirichlet_0.1__moderate,dirichlet_0.1,moderate,2269193850,equal,equal,True,False,0.75,36.0,0.7708333333333334,37.0,0.0,0.0,0.9006499535747446,107,0,0,0
dirichlet_0.1__moderate,dirichlet_0.1,moderate,2269193850,independent_bundle_maxmin,preinstalled,True,False,0.7708333333333334,37.0,0.7916666666666666,38.0,0.0,0.0,0.924791086350975,81,0,0,0
dirichlet_0.1__moderate,dirichlet_0.1,moderate,2269193850,separable_leontief_relaxation,preinstalled,True,False,0.75,36.0,0.7708333333333334,37.0,0.0,0.0,0.9006499535747446,107,0,0,0
dirichlet_0.1__moderate,dirichlet_0.1,moderate,2321257153,central_joint_leontief,optimal,True,False,0.7916666666666666,38.0,0.7916666666666666,38.0,0.0,0.0,0.97,45,0,0,645
dirichlet_0.1__moderate,dirichlet_0.1,moderate,2321257153,distributed_price_leontief,preinstalled,True,False,0.7916666666666666,38.0,0.7916666666666666,38.0,0.0,0.0,0.97,45,0,0,0
dirichlet_0.1__moderate,dirichlet_0.1,moderate,2321257153,drf,drf,True,False,0.6458333333333334,31.0,0.6458333333333334,31.0,0.0,0.0,0.8593333333333333,104,0,0,0
dirichlet_0.1__moderate,dirichlet_0.1,moderate,2321257153,equal,equal,True,False,0.6875,33.0,0.6875,33.0,0.0,0.0,0.866,201,0,0,0
dirichlet_0.1__moderate,dirichlet_0.1,moderate,2321257153,independent_bundle_maxmin,preinstalled,True,False,0.75,36.0,0.75,36.0,0.0,0.0,0.9013333333333333,148,0,0,0
dirichlet_0.1__moderate,dirichlet_0.1,moderate,2321257153,separable_leontief_relaxation,preinstalled,True,False,0.6875,33.0,0.6875,33.0,0.0,0.0,0.866,201,0,0,0
dirichlet_0.1__moderate,dirichlet_0.1,moderate,2367693741,central_joint_leontief,optimal,True,False,0.7083333333333334,34.0,0.7083333333333334,34.0,0.0,0.0,0.925115970841617,110,0,0,641
dirichlet_0.1__moderate,dirichlet_0.1,moderate,2367693741,distributed_price_leontief,preinstalled,True,False,0.7083333333333334,34.0,0.7083333333333334,34.0,0.0,0.0,0.925115970841617,113,0,0,0
dirichlet_0.1__moderate,dirichlet_0.1,moderate,2367693741,drf,drf,True,False,0.625,30.0,0.625,30.0,0.0,0.0,0.9111994698475812,110,0,0,0
dirichlet_0.1__moderate,dirichlet_0.1,moderate,2367693741,equal,equal,True,False,0.7291666666666666,35.0,0.7291666666666666,35.0,0.0,0.0,0.9098740888005301,136,0,0,0
dirichlet_0.1__moderate,dirichlet_0.1,moderate,2367693741,independent_bundle_maxmin,preinstalled,True,False,0.75,36.0,0.75,36.0,0.0,0.0,0.9469847581179589,80,0,0,0
dirichlet_0.1__moderate,dirichlet_0.1,moderate,2367693741,separable_leontief_relaxation,preinstalled,True,False,0.7291666666666666,35.0,0.7291666666666666,35.0,0.0,0.0,0.9098740888005301,136,0,0,0
dirichlet_0.1__moderate,dirichlet_0.1,moderate,2379132744,central_joint_leontief,optimal,True,False,0.7916666666666666,38.0,0.7916666666666666,38.0,0.0,0.0,0.9658721560130011,62,0,0,633
dirichlet_0.1__moderate,dirichlet_0.1,moderate,2379132744,distributed_price_leontief,preinstalled,True,False,0.7916666666666666,38.0,0.7916666666666666,38.0,0.0,0.0,0.9658721560130011,63,0,0,0
dirichlet_0.1__moderate,dirichlet_0.1,moderate,2379132744,drf,drf,True,False,0.6875,33.0,0.6875,33.0,0.0,0.0,0.9084507042253521,87,0,0,0
dirichlet_0.1__moderate,dirichlet_0.1,moderate,2379132744,equal,equal,True,False,0.6875,33.0,0.6875,33.0,0.0,0.0,0.9062838569880823,173,0,0,0
dirichlet_0.1__moderate,dirichlet_0.1,moderate,2379132744,independent_bundle_maxmin,preinstalled,True,False,0.75,36.0,0.75,36.0,0.0,0.0,0.9490790899241603,94,0,0,0
dirichlet_0.1__moderate,dirichlet_0.1,moderate,2379132744,separable_leontief_relaxation,preinstalled,True,False,0.6875,33.0,0.6875,33.0,0.0,0.0,0.9062838569880823,173,0,0,0
dirichlet_0.1__moderate,dirichlet_0.1,moderate,2399786552,central_joint_leontief,optimal,True,False,0.75,36.0,0.7708333333333334,37.0,0.0,0.0,0.9504741833508957,93,0,0,655
dirichlet_0.1__moderate,dirichlet_0.1,moderate,2399786552,distributed_price_leontief,preinstalled,True,False,0.75,36.0,0.7708333333333334,37.0,0.0,0.0,0.9504741833508957,94,0,0,0
dirichlet_0.1__moderate,dirichlet_0.1,moderate,2399786552,drf,drf,True,False,0.75,36.0,0.7916666666666666,38.0,0.0,0.0,0.9531085353003161,60,0,0,0
dirichlet_0.1__moderate,dirichlet_0.1,moderate,2399786552,equal,equal,True,False,0.75,36.0,0.7708333333333334,37.0,0.0,0.0,0.9409905163329821,112,0,0,0
dirichlet_0.1__moderate,dirichlet_0.1,moderate,2399786552,independent_bundle_maxmin,preinstalled,True,False,0.7291666666666666,35.0,0.7708333333333334,37.0,0.0,0.0,0.9573234984193888,81,0,0,0
dirichlet_0.1__moderate,dirichlet_0.1,moderate,2399786552,separable_leontief_relaxation,preinstalled,True,False,0.75,36.0,0.7708333333333334,37.0,0.0,0.0,0.9409905163329821,112,0,0,0
dirichlet_0.1__moderate,dirichlet_0.1,moderate,2417511538,central_joint_leontief,optimal,True,False,0.7291666666666666,35.0,0.7291666666666666,35.0,0.0,0.0,0.9301868239921337,71,0,0,637
dirichlet_0.1__moderate,dirichlet_0.1,moderate,2417511538,distributed_price_leontief,preinstalled,True,False,0.7291666666666666,35.0,0.7291666666666666,35.0,0.0,0.0,0.9301868239921337,71,0,0,0
dirichlet_0.1__moderate,dirichlet_0.1,moderate,2417511538,drf,drf,True,False,0.6875,33.0,0.7083333333333334,34.0,0.0,0.0,0.8810226155358899,103,0,0,0
dirichlet_0.1__moderate,dirichlet_0.1,moderate,2417511538,equal,equal,True,False,0.625,30.0,0.6458333333333334,31.0,0.0,0.0,0.7866273352999017,217,0,0,0
dirichlet_0.1__moderate,dirichlet_0.1,moderate,2417511538,independent_bundle_maxmin,preinstalled,True,False,0.7291666666666666,35.0,0.75,36.0,0.0,0.0,0.9321533923303835,69,0,0,0
dirichlet_0.1__moderate,dirichlet_0.1,moderate,2417511538,separable_leontief_relaxation,preinstalled,True,False,0.625,30.0,0.6458333333333334,31.0,0.0,0.0,0.7866273352999017,217,0,0,0
dirichlet_0.1__moderate,dirichlet_0.1,moderate,2429613199,central_joint_leontief,optimal,True,False,0.75,36.0,0.75,36.0,0.0,0.0,0.9734133790737565,62,0,0,643
dirichlet_0.1__moderate,dirichlet_0.1,moderate,2429613199,distributed_price_leontief,preinstalled,True,False,0.75,36.0,0.75,36.0,0.0,0.0,0.9734133790737565,62,0,0,0
dirichlet_0.1__moderate,dirichlet_0.1,moderate,2429613199,drf,drf,True,False,0.7708333333333334,37.0,0.7708333333333334,37.0,0.0,0.0,0.9614065180102916,35,0,0,0
dirichlet_0.1__moderate,dirichlet_0.1,moderate,2429613199,equal,equal,True,False,0.6666666666666666,32.0,0.6666666666666666,32.0,0.0,0.0,0.9391080617495712,142,0,0,0
dirichlet_0.1__moderate,dirichlet_0.1,moderate,2429613199,independent_bundle_maxmin,preinstalled,True,False,0.7291666666666666,35.0,0.7291666666666666,35.0,0.0,0.0,0.942967409948542,133,0,0,0
dirichlet_0.1__moderate,dirichlet_0.1,moderate,2429613199,separable_leontief_relaxation,preinstalled,True,False,0.6666666666666666,32.0,0.6666666666666666,32.0,0.0,0.0,0.9391080617495712,142,0,0,0
dirichlet_0.1__moderate,dirichlet_0.1,moderate,2450099792,central_joint_leontief,optimal,True,False,0.7083333333333334,34.0,0.7083333333333334,34.0,0.0,0.0,0.9236111111111112,77,0,0,639
dirichlet_0.1__moderate,dirichlet_0.1,moderate,2450099792,distributed_price_leontief,preinstalled,True,False,0.7083333333333334,34.0,0.7083333333333334,34.0,0.0,0.0,0.9236111111111112,77,0,0,0
dirichlet_0.1__moderate,dirichlet_0.1,moderate,2450099792,drf,drf,True,False,0.6875,33.0,0.6875,33.0,0.0,0.0,0.8998015873015873,70,0,0,0
dirichlet_0.1__moderate,dirichlet_0.1,moderate,2450099792,equal,equal,True,False,0.6458333333333334,31.0,0.6458333333333334,31.0,0.0,0.0,0.8035714285714286,198,0,0,0
dirichlet_0.1__moderate,dirichlet_0.1,moderate,2450099792,independent_bundle_maxmin,preinstalled,True,False,0.7291666666666666,35.0,0.7291666666666666,35.0,0.0,0.0,0.9246031746031746,76,0,0,0
dirichlet_0.1__moderate,dirichlet_0.1,moderate,2450099792,separable_leontief_relaxation,preinstalled,True,False,0.6458333333333334,31.0,0.6458333333333334,31.0,0.0,0.0,0.8035714285714286,198,0,0,0
dirichlet_0.1__moderate,dirichlet_0.1,moderate,2458392116,central_joint_leontief,optimal,True,False,0.7916666666666666,38.0,0.7916666666666666,38.0,0.0,0.0,0.9530947775628626,84,0,0,653
dirichlet_0.1__moderate,dirichlet_0.1,moderate,2458392116,distributed_price_leontief,preinstalled,True,False,0.7916666666666666,38.0,0.7916666666666666,38.0,0.0,0.0,0.9530947775628626,97,0,0,0
dirichlet_0.1__moderate,dirichlet_0.1,moderate,2458392116,drf,drf,True,False,0.75,36.0,0.75,36.0,0.0,0.0,0.9008704061895552,117,0,0,0
dirichlet_0.1__moderate,dirichlet_0.1,moderate,2458392116,equal,equal,True,False,0.7083333333333334,34.0,0.7083333333333334,34.0,0.0,0.0,0.8960348162475822,215,0,0,0
dirichlet_0.1__moderate,dirichlet_0.1,moderate,2458392116,independent_bundle_maxmin,preinstalled,True,False,0.7291666666666666,35.0,0.7291666666666666,35.0,0.0,0.0,0.933752417794971,137,0,0,0
dirichlet_0.1__moderate,dirichlet_0.1,moderate,2458392116,separable_leontief_relaxation,preinstalled,True,False,0.7083333333333334,34.0,0.7083333333333334,34.0,0.0,0.0,0.8960348162475822,215,0,0,0
dirichlet_0.1__moderate,dirichlet_0.1,moderate,2463410529,central_joint_leontief,optimal,True,False,0.7916666666666666,38.0,0.7916666666666666,38.0,0.0,0.0,0.9576744186046512,90,0,0,648
dirichlet_0.1__moderate,dirichlet_0.1,moderate,2463410529,distributed_price_leontief,preinstalled,True,False,0.7708333333333334,37.0,0.7916666666666666,38.0,0.0,0.0,0.9623255813953489,81,0,0,0
dirichlet_0.1__moderate,dirichlet_0.1,moderate,2463410529,drf,drf,True,False,0.7916666666666666,38.0,0.7916666666666666,38.0,0.0,0.0,0.966046511627907,43,0,0,0
dirichlet_0.1__moderate,dirichlet_0.1,moderate,2463410529,equal,equal,True,False,0.7291666666666666,35.0,0.7291666666666666,35.0,0.0,0.0,0.9427906976744186,123,0,0,0
dirichlet_0.1__moderate,dirichlet_0.1,moderate,2463410529,independent_bundle_maxmin,preinstalled,True,False,0.7083333333333334,34.0,0.7291666666666666,35.0,0.0,0.0,0.9534883720930233,100,0,0,0
dirichlet_0.1__moderate,dirichlet_0.1,moderate,2463410529,separable_leontief_relaxation,preinstalled,True,False,0.7291666666666666,35.0,0.7291666666666666,35.0,0.0,0.0,0.9427906976744186,123,0,0,0
dirichlet_0.1__moderate,dirichlet_0.1,moderate,2464146756,central_joint_leontief,optimal,True,False,0.7708333333333334,37.0,0.7916666666666666,38.0,0.0,0.0,0.9541616405307599,75,0,0,634
dirichlet_0.1__moderate,dirichlet_0.1,moderate,2464146756,distributed_price_leontief,preinstalled,True,False,0.7708333333333334,37.0,0.7916666666666666,38.0,0.0,0.0,0.9541616405307599,76,0,0,0
dirichlet_0.1__moderate,dirichlet_0.1,moderate,2464146756,drf,drf,True,False,0.75,36.0,0.7708333333333334,37.0,0.0,0.0,0.9481302774427021,76,0,0,0
dirichlet_0.1__moderate,dirichlet_0.1,moderate,2464146756,equal,equal,True,False,0.6875,33.0,0.6875,33.0,0.0,0.0,0.8896260554885405,183,0,0,0
dirichlet_0.1__moderate,dirichlet_0.1,moderate,2464146756,independent_bundle_maxmin,preinstalled,True,False,0.75,36.0,0.75,36.0,0.0,0.0,0.8811821471652593,197,0,0,0
dirichlet_0.1__moderate,dirichlet_0.1,moderate,2464146756,separable_leontief_relaxation,preinstalled,True,False,0.6875,33.0,0.6875,33.0,0.0,0.0,0.8896260554885405,183,0,0,0
dirichlet_0.1__moderate,dirichlet_0.1,moderate,2501632677,central_joint_leontief,optimal,True,False,0.8125,39.0,0.8125,39.0,0.0,0.0,0.9664138678223185,60,0,0,646
dirichlet_0.1__moderate,dirichlet_0.1,moderate,2501632677,distributed_price_leontief,preinstalled,True,False,0.8125,39.0,0.8125,39.0,0.0,0.0,0.9788732394366197,39,0,0,0
dirichlet_0.1__moderate,dirichlet_0.1,moderate,2501632677,drf,drf,True,False,0.6875,33.0,0.6875,33.0,0.0,0.0,0.9171180931744312,91,0,0,0
dirichlet_0.1__moderate,dirichlet_0.1,moderate,2501632677,equal,equal,True,False,0.7083333333333334,34.0,0.7083333333333334,34.0,0.0,0.0,0.8802816901408451,221,0,0,0
dirichlet_0.1__moderate,dirichlet_0.1,moderate,2501632677,independent_bundle_maxmin,preinstalled,True,False,0.8125,39.0,0.8125,39.0,0.0,0.0,0.9788732394366197,39,0,0,0
dirichlet_0.1__moderate,dirichlet_0.1,moderate,2501632677,separable_leontief_relaxation,preinstalled,True,False,0.7083333333333334,34.0,0.7083333333333334,34.0,0.0,0.0,0.8802816901408451,221,0,0,0
dirichlet_0.1__moderate,dirichlet_0.1,moderate,2503513465,central_joint_leontief,optimal,True,False,0.7916666666666666,38.0,0.7916666666666666,38.0,0.0,0.0,0.9654028436018958,70,0,0,647
dirichlet_0.1__moderate,dirichlet_0.1,moderate,2503513465,distributed_price_leontief,preinstalled,True,False,0.7916666666666666,38.0,0.7916666666666666,38.0,0.0,0.0,0.9654028436018958,73,0,0,0
dirichlet_0.1__moderate,dirichlet_0.1,moderate,2503513465,drf,drf,True,False,0.75,36.0,0.75,36.0,0.0,0.0,0.9393364928909953,82,0,0,0
dirichlet_0.1__moderate,dirichlet_0.1,moderate,2503513465,equal,equal,True,False,0.6875,33.0,0.6875,33.0,0.0,0.0,0.8677725118483413,279,0,0,0
dirichlet_0.1__moderate,dirichlet_0.1,moderate,2503513465,independent_bundle_maxmin,preinstalled,True,False,0.7291666666666666,35.0,0.7291666666666666,35.0,0.0,0.0,0.9388625592417061,129,0,0,0
dirichlet_0.1__moderate,dirichlet_0.1,moderate,2503513465,separable_leontief_relaxation,preinstalled,True,False,0.6875,33.0,0.6875,33.0,0.0,0.0,0.8677725118483413,279,0,0,0
dirichlet_0.1__moderate,dirichlet_0.1,moderate,2508126195,central_joint_leontief,optimal,True,False,0.7916666666666666,38.0,0.7916666666666666,38.0,0.0,0.0,0.9584323040380047,69,0,0,624
dirichlet_0.1__moderate,dirichlet_0.1,moderate,2508126195,distributed_price_leontief,preinstalled,True,False,0.7916666666666666,38.0,0.7916666666666666,38.0,0.0,0.0,0.9584323040380047,70,0,0,0
dirichlet_0.1__moderate,dirichlet_0.1,moderate,2508126195,drf,drf,True,False,0.75,36.0,0.75,36.0,0.0,0.0,0.9400237529691211,81,0,0,0
dirichlet_0.1__moderate,dirichlet_0.1,moderate,2508126195,equal,equal,True,False,0.6666666666666666,32.0,0.6666666666666666,32.0,0.0,0.0,0.8990498812351544,170,0,0,0
dirichlet_0.1__moderate,dirichlet_0.1,moderate,2508126195,independent_bundle_maxmin,preinstalled,True,False,0.7708333333333334,37.0,0.7708333333333334,37.0,0.0,0.0,0.9501187648456056,84,0,0,0
dirichlet_0.1__moderate,dirichlet_0.1,moderate,2508126195,separable_leontief_relaxation,preinstalled,True,False,0.6666666666666666,32.0,0.6666666666666666,32.0,0.0,0.0,0.8990498812351544,170,0,0,0
dirichlet_0.1__moderate,dirichlet_0.1,moderate,2524586228,central_joint_leontief,optimal,True,False,0.6666666666666666,32.0,0.6666666666666666,32.0,0.0,0.0,0.9287671232876712,104,0,0,646
dirichlet_0.1__moderate,dirichlet_0.1,moderate,2524586228,distributed_price_leontief,preinstalled,True,False,0.6666666666666666,32.0,0.6666666666666666,32.0,0.0,0.0,0.913013698630137,127,0,0,0
dirichlet_0.1__moderate,dirichlet_0.1,moderate,2524586228,drf,drf,True,False,0.625,30.0,0.625,30.0,0.0,0.0,0.876027397260274,105,0,0,0
dirichlet_0.1__moderate,dirichlet_0.1,moderate,2524586228,equal,equal,True,False,0.7083333333333334,34.0,0.7083333333333334,34.0,0.0,0.0,0.9171232876712329,121,0,0,0
dirichlet_0.1__moderate,dirichlet_0.1,moderate,2524586228,independent_bundle_maxmin,preinstalled,True,False,0.6875,33.0,0.6875,33.0,0.0,0.0,0.9198630136986301,117,0,0,0
dirichlet_0.1__moderate,dirichlet_0.1,moderate,2524586228,separable_leontief_relaxation,preinstalled,True,False,0.7083333333333334,34.0,0.7083333333333334,34.0,0.0,0.0,0.9171232876712329,121,0,0,0
dirichlet_0.1__moderate,dirichlet_0.1,moderate,2526189608,central_joint_leontief,optimal,True,False,0.75,36.0,0.75,36.0,0.0,0.0,0.9151785714285714,114,0,0,616
dirichlet_0.1__moderate,dirichlet_0.1,moderate,2526189608,distributed_price_leontief,preinstalled,True,False,0.75,36.0,0.75,36.0,0.0,0.0,0.9151785714285714,114,0,0,0
dirichlet_0.1__moderate,dirichlet_0.1,moderate,2526189608,drf,drf,True,False,0.75,36.0,0.75,36.0,0.0,0.0,0.8184523809523809,58,0,0,0
dirichlet_0.1__moderate,dirichlet_0.1,moderate,2526189608,equal,equal,True,False,0.6875,33.0,0.6875,33.0,0.0,0.0,0.7983630952380952,271,0,0,0
dirichlet_0.1__moderate,dirichlet_0.1,moderate,2526189608,independent_bundle_maxmin,preinstalled,True,False,0.7708333333333334,37.0,0.7708333333333334,37.0,0.0,0.0,0.8928571428571429,144,0,0,0
dirichlet_0.1__moderate,dirichlet_0.1,moderate,2526189608,separable_leontief_relaxation,preinstalled,True,False,0.6875,33.0,0.6875,33.0,0.0,0.0,0.7983630952380952,271,0,0,0
dirichlet_0.1__moderate,dirichlet_0.1,moderate,2566648724,central_joint_leontief,optimal,True,False,0.7916666666666666,38.0,0.7916666666666666,38.0,0.0,0.0,0.952808988764045,63,0,0,627
dirichlet_0.1__moderate,dirichlet_0.1,moderate,2566648724,distributed_price_leontief,preinstalled,True,False,0.7916666666666666,38.0,0.7916666666666666,38.0,0.0,0.0,0.952808988764045,63,0,0,0
dirichlet_0.1__moderate,dirichlet_0.1,moderate,2566648724,drf,drf,True,False,0.6458333333333334,31.0,0.6666666666666666,32.0,0.0,0.0,0.8179775280898877,164,0,0,0
dirichlet_0.1__moderate,dirichlet_0.1,moderate,2566648724,equal,equal,True,False,0.6875,33.0,0.6875,33.0,0.0,0.0,0.8906367041198502,146,0,0,0
dirichlet_0.1__moderate,dirichlet_0.1,moderate,2566648724,independent_bundle_maxmin,preinstalled,True,False,0.75,36.0,0.75,36.0,0.0,0.0,0.8636704119850187,182,0,0,0
dirichlet_0.1__moderate,dirichlet_0.1,moderate,2566648724,separable_leontief_relaxation,preinstalled,True,False,0.6875,33.0,0.6875,33.0,0.0,0.0,0.8906367041198502,146,0,0,0
dirichlet_0.1__moderate,dirichlet_0.1,moderate,2568720644,central_joint_leontief,optimal,True,False,0.7291666666666666,35.0,0.75,36.0,0.0,0.0,0.9730250481695568,26,0,0,643
dirichlet_0.1__moderate,dirichlet_0.1,moderate,2568720644,distributed_price_leontief,preinstalled,True,False,0.7291666666666666,35.0,0.75,36.0,0.0,0.0,0.9730250481695568,28,0,0,0
dirichlet_0.1__moderate,dirichlet_0.1,moderate,2568720644,drf,drf,True,False,0.6875,33.0,0.6875,33.0,0.0,0.0,0.8554913294797688,93,0,0,0
dirichlet_0.1__moderate,dirichlet_0.1,moderate,2568720644,equal,equal,True,False,0.6875,33.0,0.6875,33.0,0.0,0.0,0.859344894026975,146,0,0,0
dirichlet_0.1__moderate,dirichlet_0.1,moderate,2568720644,independent_bundle_maxmin,preinstalled,True,False,0.7708333333333334,37.0,0.7916666666666666,38.0,0.0,0.0,0.9518304431599229,50,0,0,0
dirichlet_0.1__moderate,dirichlet_0.1,moderate,2568720644,separable_leontief_relaxation,preinstalled,True,False,0.6875,33.0,0.6875,33.0,0.0,0.0,0.859344894026975,146,0,0,0
dirichlet_0.1__moderate,dirichlet_0.1,moderate,2577147738,central_joint_leontief,optimal,True,False,0.7916666666666666,38.0,0.7916666666666666,38.0,0.0,0.0,0.947592931139549,86,0,0,627
dirichlet_0.1__moderate,dirichlet_0.1,moderate,2577147738,distributed_price_leontief,preinstalled,True,False,0.7916666666666666,38.0,0.7916666666666666,38.0,0.0,0.0,0.947592931139549,86,0,0,0
dirichlet_0.1__moderate,dirichlet_0.1,moderate,2577147738,drf,drf,True,False,0.7083333333333334,34.0,0.7083333333333334,34.0,0.0,0.0,0.9134673979280926,92,0,0,0
dirichlet_0.1__moderate,dirichlet_0.1,moderate,2577147738,equal,equal,True,False,0.6875,33.0,0.6875,33.0,0.0,0.0,0.906764168190128,153,0,0,0
dirichlet_0.1__moderate,dirichlet_0.1,moderate,2577147738,independent_bundle_maxmin,preinstalled,True,False,0.75,36.0,0.75,36.0,0.0,0.0,0.9536867763558805,76,0,0,0
dirichlet_0.1__moderate,dirichlet_0.1,moderate,2577147738,separable_leontief_relaxation,preinstalled,True,False,0.6875,33.0,0.6875,33.0,0.0,0.0,0.906764168190128,153,0,0,0
dirichlet_0.1__moderate,dirichlet_0.1,moderate,2598968052,central_joint_leontief,optimal,True,False,0.7708333333333334,37.0,0.7708333333333334,37.0,0.0,0.0,0.9508532423208191,72,0,0,619
dirichlet_0.1__moderate,dirichlet_0.1,moderate,2598968052,distributed_price_leontief,preinstalled,True,False,0.7708333333333334,37.0,0.7708333333333334,37.0,0.0,0.0,0.9508532423208191,72,0,0,0
dirichlet_0.1__moderate,dirichlet_0.1,moderate,2598968052,drf,drf,True,False,0.75,36.0,0.75,36.0,0.0,0.0,0.9051194539249147,112,0,0,0
dirichlet_0.1__moderate,dirichlet_0.1,moderate,2598968052,equal,equal,True,False,0.6875,33.0,0.6875,33.0,0.0,0.0,0.8443686006825939,228,0,0,0
dirichlet_0.1__moderate,dirichlet_0.1,moderate,2598968052,independent_bundle_maxmin,preinstalled,True,False,0.75,36.0,0.75,36.0,0.0,0.0,0.8948805460750853,154,0,0,0
dirichlet_0.1__moderate,dirichlet_0.1,moderate,2598968052,separable_leontief_relaxation,preinstalled,True,False,0.6875,33.0,0.6875,33.0,0.0,0.0,0.8443686006825939,228,0,0,0
dirichlet_0.1__moderate,dirichlet_0.1,moderate,2600011987,central_joint_leontief,optimal,True,False,0.6875,33.0,0.75,36.0,0.0,0.0,0.8915569326103796,140,0,0,613
dirichlet_0.1__moderate,dirichlet_0.1,moderate,2600011987,distributed_price_leontief,preinstalled,True,False,0.6875,33.0,0.75,36.0,0.0,0.0,0.8915569326103796,140,0,0,0
dirichlet_0.1__moderate,dirichlet_0.1,moderate,2600011987,drf,drf,True,False,0.6458333333333334,31.0,0.7291666666666666,35.0,0.0,0.0,0.860573199070488,140,0,0,0
dirichlet_0.1__moderate,dirichlet_0.1,moderate,2600011987,equal,equal,True,False,0.6458333333333334,31.0,0.6875,33.0,0.0,0.0,0.8536018590240124,189,0,0,0
dirichlet_0.1__moderate,dirichlet_0.1,moderate,2600011987,independent_bundle_maxmin,preinstalled,True,False,0.7083333333333334,34.0,0.7291666666666666,35.0,0.0,0.0,0.9202168861347793,103,0,0,0
dirichlet_0.1__moderate,dirichlet_0.1,moderate,2600011987,separable_leontief_relaxation,preinstalled,True,False,0.6458333333333334,31.0,0.6875,33.0,0.0,0.0,0.8536018590240124,189,0,0,0
dirichlet_0.1__moderate,dirichlet_0.1,moderate,2652099947,central_joint_leontief,optimal,True,False,0.7916666666666666,38.0,0.7916666666666666,38.0,0.0,0.0,0.9516880093131548,79,0,0,624
dirichlet_0.1__moderate,dirichlet_0.1,moderate,2652099947,distributed_price_leontief,preinstalled,True,False,0.7916666666666666,38.0,0.7916666666666666,38.0,0.0,0.0,0.9522700814901047,82,0,0,0
dirichlet_0.1__moderate,dirichlet_0.1,moderate,2652099947,drf,drf,True,False,0.7083333333333334,34.0,0.7083333333333334,34.0,0.0,0.0,0.8969732246798603,118,0,0,0
dirichlet_0.1__moderate,dirichlet_0.1,moderate,2652099947,equal,equal,True,False,0.7708333333333334,37.0,0.7708333333333334,37.0,0.0,0.0,0.910360884749709,154,0,0,0
dirichlet_0.1__moderate,dirichlet_0.1,moderate,2652099947,independent_bundle_maxmin,preinstalled,True,False,0.75,36.0,0.75,36.0,0.0,0.0,0.9383003492433062,106,0,0,0
dirichlet_0.1__moderate,dirichlet_0.1,moderate,2652099947,separable_leontief_relaxation,preinstalled,True,False,0.7708333333333334,37.0,0.7708333333333334,37.0,0.0,0.0,0.910360884749709,154,0,0,0
dirichlet_0.1__moderate,dirichlet_0.1,moderate,2677882682,central_joint_leontief,optimal,True,False,0.75,36.0,0.75,36.0,0.0,0.0,0.9728682170542635,62,0,0,613
dirichlet_0.1__moderate,dirichlet_0.1,moderate,2677882682,distributed_price_leontief,preinstalled,True,False,0.75,36.0,0.75,36.0,0.0,0.0,0.9728682170542635,63,0,0,0
dirichlet_0.1__moderate,dirichlet_0.1,moderate,2677882682,drf,drf,True,False,0.75,36.0,0.75,36.0,0.0,0.0,0.9582256675279931,74,0,0,0
dirichlet_0.1__moderate,dirichlet_0.1,moderate,2677882682,equal,equal,True,False,0.625,30.0,0.625,30.0,0.0,0.0,0.8729543496985357,295,0,0,0
dirichlet_0.1__moderate,dirichlet_0.1,moderate,2677882682,independent_bundle_maxmin,preinstalled,True,False,0.7708333333333334,37.0,0.7708333333333334,37.0,0.0,0.0,0.9720068906115418,65,0,0,0
dirichlet_0.1__moderate,dirichlet_0.1,moderate,2677882682,separable_leontief_relaxation,preinstalled,True,False,0.625,30.0,0.625,30.0,0.0,0.0,0.8729543496985357,295,0,0,0
dirichlet_0.1__moderate,dirichlet_0.1,moderate,2714253060,central_joint_leontief,optimal,True,False,0.8125,39.0,0.8333333333333334,40.0,0.0,0.0,0.957418496340652,64,0,0,621
dirichlet_0.1__moderate,dirichlet_0.1,moderate,2714253060,distributed_price_leontief,preinstalled,True,False,0.8125,39.0,0.8333333333333334,40.0,0.0,0.0,0.957418496340652,64,0,0,0
dirichlet_0.1__moderate,dirichlet_0.1,moderate,2714253060,drf,drf,True,False,0.7708333333333334,37.0,0.7708333333333334,37.0,0.0,0.0,0.9095143047238856,74,0,0,0
dirichlet_0.1__moderate,dirichlet_0.1,moderate,2714253060,equal,equal,True,False,0.7291666666666666,35.0,0.7708333333333334,37.0,0.0,0.0,0.8542914171656687,219,0,0,0
dirichlet_0.1__moderate,dirichlet_0.1,moderate,2714253060,independent_bundle_maxmin,preinstalled,True,False,0.8125,39.0,0.8333333333333334,40.0,0.0,0.0,0.9607451763140386,59,0,0,0
dirichlet_0.1__moderate,dirichlet_0.1,moderate,2714253060,separable_leontief_relaxation,preinstalled,True,False,0.7291666666666666,35.0,0.7708333333333334,37.0,0.0,0.0,0.8542914171656687,219,0,0,0
dirichlet_0.1__moderate,dirichlet_0.1,moderate,2730197715,central_joint_leontief,optimal,True,False,0.7916666666666666,38.0,0.7916666666666666,38.0,0.0,0.0,0.8401142041399001,224,0,0,626
dirichlet_0.1__moderate,dirichlet_0.1,moderate,2730197715,distributed_price_leontief,preinstalled,True,False,0.7916666666666666,38.0,0.7916666666666666,38.0,0.0,0.0,0.8401142041399001,224,0,0,0
dirichlet_0.1__moderate,dirichlet_0.1,moderate,2730197715,drf,drf,True,False,0.6875,33.0,0.6875,33.0,0.0,0.0,0.7637401855817273,257,0,0,0
dirichlet_0.1__moderate,dirichlet_0.1,moderate,2730197715,equal,equal,True,False,0.7291666666666666,35.0,0.7291666666666666,35.0,0.0,0.0,0.8108493932905068,265,0,0,0
dirichlet_0.1__moderate,dirichlet_0.1,moderate,2730197715,independent_bundle_maxmin,preinstalled,True,False,0.7916666666666666,38.0,0.7916666666666666,38.0,0.0,0.0,0.8408279800142755,223,0,0,0
dirichlet_0.1__moderate,dirichlet_0.1,moderate,2730197715,separable_leontief_relaxation,preinstalled,True,False,0.7291666666666666,35.0,0.7291666666666666,35.0,0.0,0.0,0.8108493932905068,265,0,0,0
dirichlet_0.1__moderate,dirichlet_0.1,moderate,2735928750,central_joint_leontief,optimal,True,False,0.7291666666666666,35.0,0.7291666666666666,35.0,0.0,0.0,0.9573033707865168,94,0,0,646
dirichlet_0.1__moderate,dirichlet_0.1,moderate,2735928750,distributed_price_leontief,preinstalled,True,False,0.7291666666666666,35.0,0.7291666666666666,35.0,0.0,0.0,0.9573033707865168,95,0,0,0
dirichlet_0.1__moderate,dirichlet_0.1,moderate,2735928750,drf,drf,True,False,0.7083333333333334,34.0,0.7291666666666666,35.0,0.0,0.0,0.9208988764044944,106,0,0,0
dirichlet_0.1__moderate,dirichlet_0.1,moderate,2735928750,equal,equal,True,False,0.6875,33.0,0.6875,33.0,0.0,0.0,0.9438202247191011,125,0,0,0
dirichlet_0.1__moderate,dirichlet_0.1,moderate,2735928750,independent_bundle_maxmin,preinstalled,True,False,0.7708333333333334,37.0,0.7916666666666666,38.0,0.0,0.0,0.9757303370786516,54,0,0,0
dirichlet_0.1__moderate,dirichlet_0.1,moderate,2735928750,separable_leontief_relaxation,preinstalled,True,False,0.6875,33.0,0.6875,33.0,0.0,0.0,0.9438202247191011,125,0,0,0
dirichlet_0.1__moderate,dirichlet_0.1,moderate,2736850591,central_joint_leontief,optimal,True,False,0.7708333333333334,37.0,0.7708333333333334,37.0,0.0,0.0,0.9411441144114412,106,0,0,633
dirichlet_0.1__moderate,dirichlet_0.1,moderate,2736850591,distributed_price_leontief,preinstalled,True,False,0.7708333333333334,37.0,0.7708333333333334,37.0,0.0,0.0,0.9510451045104511,89,0,0,0
dirichlet_0.1__moderate,dirichlet_0.1,moderate,2736850591,drf,drf,True,False,0.6875,33.0,0.6875,33.0,0.0,0.0,0.9114411441144115,96,0,0,0
dirichlet_0.1__moderate,dirichlet_0.1,moderate,2736850591,equal,equal,True,False,0.7083333333333334,34.0,0.7083333333333334,34.0,0.0,0.0,0.9020902090209021,178,0,0,0
dirichlet_0.1__moderate,dirichlet_0.1,moderate,2736850591,independent_bundle_maxmin,preinstalled,True,False,0.7708333333333334,37.0,0.7708333333333334,37.0,0.0,0.0,0.9317931793179318,124,0,0,0
dirichlet_0.1__moderate,dirichlet_0.1,moderate,2736850591,separable_leontief_relaxation,preinstalled,True,False,0.7083333333333334,34.0,0.7083333333333334,34.0,0.0,0.0,0.9020902090209021,178,0,0,0
dirichlet_0.1__moderate,dirichlet_0.1,moderate,2792985194,central_joint_leontief,optimal,True,False,0.75,36.0,0.7708333333333334,37.0,0.0,0.0,0.9579256360078278,85,0,0,637
dirichlet_0.1__moderate,dirichlet_0.1,moderate,2792985194,distributed_price_leontief,preinstalled,True,False,0.75,36.0,0.7708333333333334,37.0,0.0,0.0,0.9579256360078278,86,0,0,0
dirichlet_0.1__moderate,dirichlet_0.1,moderate,2792985194,drf,drf,True,False,0.7708333333333334,37.0,0.7708333333333334,37.0,0.0,0.0,0.9363992172211351,82,0,0,0
dirichlet_0.1__moderate,dirichlet_0.1,moderate,2792985194,equal,equal,True,False,0.6875,33.0,0.7083333333333334,34.0,0.0,0.0,0.9168297455968689,170,0,0,0
dirichlet_0.1__moderate,dirichlet_0.1,moderate,2792985194,independent_bundle_maxmin,preinstalled,True,False,0.7708333333333334,37.0,0.7916666666666666,38.0,0.0,0.0,0.9471624266144814,108,0,0,0
dirichlet_0.1__moderate,dirichlet_0.1,moderate,2792985194,separable_leontief_relaxation,preinstalled,True,False,0.6875,33.0,0.7083333333333334,34.0,0.0,0.0,0.9168297455968689,170,0,0,0
dirichlet_0.1__moderate,dirichlet_0.1,moderate,2810498306,central_joint_leontief,optimal,True,False,0.7916666666666666,38.0,0.7916666666666666,38.0,0.0,0.0,0.9611032531824611,55,0,0,636
dirichlet_0.1__moderate,dirichlet_0.1,moderate,2810498306,distributed_price_leontief,preinstalled,True,False,0.7916666666666666,38.0,0.7916666666666666,38.0,0.0,0.0,0.9611032531824611,55,0,0,0
dirichlet_0.1__moderate,dirichlet_0.1,moderate,2810498306,drf,drf,True,False,0.7291666666666666,35.0,0.75,36.0,0.0,0.0,0.8882602545968883,114,0,0,0
dirichlet_0.1__moderate,dirichlet_0.1,moderate,2810498306,equal,equal,True,False,0.7291666666666666,35.0,0.75,36.0,0.0,0.0,0.8444130127298444,220,0,0,0
dirichlet_0.1__moderate,dirichlet_0.1,moderate,2810498306,independent_bundle_maxmin,preinstalled,True,False,0.7916666666666666,38.0,0.7916666666666666,38.0,0.0,0.0,0.9483734087694484,73,0,0,0
dirichlet_0.1__moderate,dirichlet_0.1,moderate,2810498306,separable_leontief_relaxation,preinstalled,True,False,0.7291666666666666,35.0,0.75,36.0,0.0,0.0,0.8444130127298444,220,0,0,0
dirichlet_0.1__moderate,dirichlet_0.1,moderate,2817000645,central_joint_leontief,optimal,True,False,0.8125,39.0,0.8125,39.0,0.0,0.0,0.9730967372638809,46,0,0,611
dirichlet_0.1__moderate,dirichlet_0.1,moderate,2817000645,distributed_price_leontief,preinstalled,True,False,0.8125,39.0,0.8125,39.0,0.0,0.0,0.9730967372638809,47,0,0,0
dirichlet_0.1__moderate,dirichlet_0.1,moderate,2817000645,drf,drf,True,False,0.7083333333333334,34.0,0.7083333333333334,34.0,0.0,0.0,0.8838008013737836,100,0,0,0
dirichlet_0.1__moderate,dirichlet_0.1,moderate,2817000645,equal,equal,True,False,0.7291666666666666,35.0,0.7291666666666666,35.0,0.0,0.0,0.8620492272467086,241,0,0,0
dirichlet_0.1__moderate,dirichlet_0.1,moderate,2817000645,independent_bundle_maxmin,preinstalled,True,False,0.7916666666666666,38.0,0.7916666666666666,38.0,0.0,0.0,0.9627933600457927,65,0,0,0
dirichlet_0.1__moderate,dirichlet_0.1,moderate,2817000645,separable_leontief_relaxation,preinstalled,True,False,0.7291666666666666,35.0,0.7291666666666666,35.0,0.0,0.0,0.8620492272467086,241,0,0,0
dirichlet_0.1__moderate,dirichlet_0.1,moderate,2825972968,central_joint_leontief,optimal,True,False,0.7083333333333334,34.0,0.7083333333333334,34.0,0.0,0.0,0.9464856230031949,129,0,0,629
dirichlet_0.1__moderate,dirichlet_0.1,moderate,2825972968,distributed_price_leontief,preinstalled,True,False,0.7083333333333334,34.0,0.7083333333333334,34.0,0.0,0.0,0.9464856230031949,134,0,0,0
dirichlet_0.1__moderate,dirichlet_0.1,moderate,2825972968,drf,drf,True,False,0.7291666666666666,35.0,0.7291666666666666,35.0,0.0,0.0,0.9600638977635783,45,0,0,0
dirichlet_0.1__moderate,dirichlet_0.1,moderate,2825972968,equal,equal,True,False,0.7083333333333334,34.0,0.7083333333333334,34.0,0.0,0.0,0.9464856230031949,134,0,0,0
dirichlet_0.1__moderate,dirichlet_0.1,moderate,2825972968,independent_bundle_maxmin,preinstalled,True,False,0.7291666666666666,35.0,0.7291666666666666,35.0,0.0,0.0,0.9488817891373802,128,0,0,0
dirichlet_0.1__moderate,dirichlet_0.1,moderate,2825972968,separable_leontief_relaxation,preinstalled,True,False,0.7083333333333334,34.0,0.7083333333333334,34.0,0.0,0.0,0.9464856230031949,134,0,0,0
dirichlet_0.1__moderate,dirichlet_0.1,moderate,2843249206,central_joint_leontief,optimal,True,False,0.7083333333333334,34.0,0.7083333333333334,34.0,0.0,0.0,0.9408284023668639,127,0,0,651
dirichlet_0.1__moderate,dirichlet_0.1,moderate,2843249206,distributed_price_leontief,preinstalled,True,False,0.7083333333333334,34.0,0.7083333333333334,34.0,0.0,0.0,0.9408284023668639,140,0,0,0
dirichlet_0.1__moderate,dirichlet_0.1,moderate,2843249206,drf,drf,True,False,0.6875,33.0,0.6875,33.0,0.0,0.0,0.9019442096365173,110,0,0,0
dirichlet_0.1__moderate,dirichlet_0.1,moderate,2843249206,equal,equal,True,False,0.7083333333333334,34.0,0.7083333333333334,34.0,0.0,0.0,0.9256128486897718,176,0,0,0
dirichlet_0.1__moderate,dirichlet_0.1,moderate,2843249206,independent_bundle_maxmin,preinstalled,True,False,0.6875,33.0,0.6875,33.0,0.0,0.0,0.945054945054945,130,0,0,0
dirichlet_0.1__moderate,dirichlet_0.1,moderate,2843249206,separable_leontief_relaxation,preinstalled,True,False,0.7083333333333334,34.0,0.7083333333333334,34.0,0.0,0.0,0.9256128486897718,176,0,0,0
dirichlet_0.1__moderate,dirichlet_0.1,moderate,2870079691,central_joint_leontief,optimal,True,False,0.7916666666666666,38.0,0.7916666666666666,38.0,0.0,0.0,0.9844299347061778,30,0,0,636
dirichlet_0.1__moderate,dirichlet_0.1,moderate,2870079691,distributed_price_leontief,preinstalled,True,False,0.7916666666666666,38.0,0.7916666666666666,38.0,0.0,0.0,0.9844299347061778,31,0,0,0
dirichlet_0.1__moderate,dirichlet_0.1,moderate,2870079691,drf,drf,True,False,0.7083333333333334,34.0,0.7083333333333334,34.0,0.0,0.0,0.928679055750879,58,0,0,0
dirichlet_0.1__moderate,dirichlet_0.1,moderate,2870079691,equal,equal,True,False,0.7083333333333334,34.0,0.7083333333333334,34.0,0.0,0.0,0.8879959819186338,223,0,0,0
dirichlet_0.1__moderate,dirichlet_0.1,moderate,2870079691,independent_bundle_maxmin,preinstalled,True,False,0.7916666666666666,38.0,0.7916666666666666,38.0,0.0,0.0,0.9779005524861878,44,0,0,0
dirichlet_0.1__moderate,dirichlet_0.1,moderate,2870079691,separable_leontief_relaxation,preinstalled,True,False,0.7083333333333334,34.0,0.7083333333333334,34.0,0.0,0.0,0.8879959819186338,223,0,0,0
dirichlet_0.1__moderate,dirichlet_0.1,moderate,2882304442,central_joint_leontief,optimal,True,False,0.7708333333333334,37.0,0.7708333333333334,37.0,0.0,0.0,0.9479034307496823,81,0,0,634
dirichlet_0.1__moderate,dirichlet_0.1,moderate,2882304442,distributed_price_leontief,preinstalled,True,False,0.7708333333333334,37.0,0.7708333333333334,37.0,0.0,0.0,0.9479034307496823,82,0,0,0
dirichlet_0.1__moderate,dirichlet_0.1,moderate,2882304442,drf,drf,True,False,0.7708333333333334,37.0,0.7708333333333334,37.0,0.0,0.0,0.9421855146124524,58,0,0,0
dirichlet_0.1__moderate,dirichlet_0.1,moderate,2882304442,equal,equal,True,False,0.7083333333333334,34.0,0.7083333333333334,34.0,0.0,0.0,0.8557814485387548,227,0,0,0
dirichlet_0.1__moderate,dirichlet_0.1,moderate,2882304442,independent_bundle_maxmin,preinstalled,True,False,0.7708333333333334,37.0,0.7708333333333334,37.0,0.0,0.0,0.9104193138500636,141,0,0,0
dirichlet_0.1__moderate,dirichlet_0.1,moderate,2882304442,separable_leontief_relaxation,preinstalled,True,False,0.7083333333333334,34.0,0.7083333333333334,34.0,0.0,0.0,0.8557814485387548,227,0,0,0
dirichlet_0.1__moderate,dirichlet_0.1,moderate,2891712906,central_joint_leontief,optimal,True,False,0.75,36.0,0.75,36.0,0.0,0.0,0.9685258964143426,71,0,0,643
dirichlet_0.1__moderate,dirichlet_0.1,moderate,2891712906,distributed_price_leontief,preinstalled,True,False,0.75,36.0,0.75,36.0,0.0,0.0,0.9685258964143426,79,0,0,0
dirichlet_0.1__moderate,dirichlet_0.1,moderate,2891712906,drf,drf,True,False,0.6875,33.0,0.6875,33.0,0.0,0.0,0.9358565737051793,85,0,0,0
dirichlet_0.1__moderate,dirichlet_0.1,moderate,2891712906,equal,equal,True,False,0.6875,33.0,0.6875,33.0,0.0,0.0,0.9286852589641434,179,0,0,0
dirichlet_0.1__moderate,dirichlet_0.1,moderate,2891712906,independent_bundle_maxmin,preinstalled,True,False,0.6875,33.0,0.6875,33.0,0.0,0.0,0.9394422310756972,152,0,0,0
dirichlet_0.1__moderate,dirichlet_0.1,moderate,2891712906,separable_leontief_relaxation,preinstalled,True,False,0.6875,33.0,0.6875,33.0,0.0,0.0,0.9286852589641434,179,0,0,0
dirichlet_0.1__moderate,dirichlet_0.1,moderate,2905932246,central_joint_leontief,optimal,True,False,0.8333333333333334,40.0,0.8333333333333334,40.0,0.0,0.0,0.9844097995545658,27,0,0,626
dirichlet_0.1__moderate,dirichlet_0.1,moderate,2905932246,distributed_price_leontief,preinstalled,True,False,0.8333333333333334,40.0,0.8333333333333334,40.0,0.0,0.0,0.9844097995545658,28,0,0,0
dirichlet_0.1__moderate,dirichlet_0.1,moderate,2905932246,drf,drf,True,False,0.75,36.0,0.75,36.0,0.0,0.0,0.9498886414253898,43,0,0,0
dirichlet_0.1__moderate,dirichlet_0.1,moderate,2905932246,equal,equal,True,False,0.7083333333333334,34.0,0.7083333333333334,34.0,0.0,0.0,0.8819599109131403,212,0,0,0
dirichlet_0.1__moderate,dirichlet_0.1,moderate,2905932246,independent_bundle_maxmin,preinstalled,True,False,0.7916666666666666,38.0,0.7916666666666666,38.0,0.0,0.0,0.9565701559020044,78,0,0,0
dirichlet_0.1__moderate,dirichlet_0.1,moderate,2905932246,separable_leontief_relaxation,preinstalled,True,False,0.7083333333333334,34.0,0.7083333333333334,34.0,0.0,0.0,0.8819599109131403,212,0,0,0
dirichlet_0.1__moderate,dirichlet_0.1,moderate,2942686094,central_joint_leontief,optimal,True,False,0.8125,39.0,0.8125,39.0,0.0,0.0,0.9487666034155597,76,0,0,614
dirichlet_0.1__moderate,dirichlet_0.1,moderate,2942686094,distributed_price_leontief,preinstalled,True,False,0.8125,39.0,0.8125,39.0,0.0,0.0,0.9487666034155597,81,0,0,0
dirichlet_0.1__moderate,dirichlet_0.1,moderate,2942686094,drf,drf,True,False,0.75,36.0,0.75,36.0,0.0,0.0,0.90955091714105,66,0,0,0
dirichlet_0.1__moderate,dirichlet_0.1,moderate,2942686094,equal,equal,True,False,0.75,36.0,0.75,36.0,0.0,0.0,0.9019607843137255,155,0,0,0
dirichlet_0.1__moderate,dirichlet_0.1,moderate,2942686094,independent_bundle_maxmin,preinstalled,True,False,0.7708333333333334,37.0,0.7708333333333334,37.0,0.0,0.0,0.9323213156230234,107,0,0,0
dirichlet_0.1__moderate,dirichlet_0.1,moderate,2942686094,separable_leontief_relaxation,preinstalled,True,False,0.75,36.0,0.75,36.0,0.0,0.0,0.9019607843137255,155,0,0,0
dirichlet_0.1__moderate,dirichlet_0.1,moderate,2956068456,central_joint_leontief,optimal,True,False,0.8125,39.0,0.8333333333333334,40.0,0.0,0.0,0.9230769230769231,104,0,0,636
dirichlet_0.1__moderate,dirichlet_0.1,moderate,2956068456,distributed_price_leontief,preinstalled,True,False,0.8125,39.0,0.8541666666666666,41.0,0.0,0.0,0.9230769230769231,107,0,0,0
dirichlet_0.1__moderate,dirichlet_0.1,moderate,2956068456,drf,drf,True,False,0.75,36.0,0.75,36.0,0.0,0.0,0.8770668583752695,82,0,0,0
dirichlet_0.1__moderate,dirichlet_0.1,moderate,2956068456,equal,equal,True,False,0.75,36.0,0.75,36.0,0.0,0.0,0.8533429187634796,204,0,0,0
dirichlet_0.1__moderate,dirichlet_0.1,moderate,2956068456,independent_bundle_maxmin,preinstalled,True,False,0.7916666666666666,38.0,0.8333333333333334,40.0,0.0,0.0,0.9151689432063264,118,0,0,0
dirichlet_0.1__moderate,dirichlet_0.1,moderate,2956068456,separable_leontief_relaxation,preinstalled,True,False,0.75,36.0,0.75,36.0,0.0,0.0,0.8533429187634796,204,0,0,0
dirichlet_0.1__moderate,dirichlet_0.1,moderate,2976004693,central_joint_leontief,optimal,True,False,0.8125,39.0,0.8125,39.0,0.0,0.0,0.9580952380952381,65,0,0,633
dirichlet_0.1__moderate,dirichlet_0.1,moderate,2976004693,distributed_price_leontief,preinstalled,True,False,0.8125,39.0,0.8125,39.0,0.0,0.0,0.9580952380952381,66,0,0,0
dirichlet_0.1__moderate,dirichlet_0.1,moderate,2976004693,drf,drf,True,False,0.7083333333333334,34.0,0.7083333333333334,34.0,0.0,0.0,0.8901587301587301,93,0,0,0
dirichlet_0.1__moderate,dirichlet_0.1,moderate,2976004693,equal,equal,True,False,0.7291666666666666,35.0,0.7291666666666666,35.0,0.0,0.0,0.8673015873015874,209,0,0,0
dirichlet_0.1__moderate,dirichlet_0.1,moderate,2976004693,independent_bundle_maxmin,preinstalled,True,False,0.7708333333333334,37.0,0.7708333333333334,37.0,0.0,0.0,0.9485714285714286,81,0,0,0
dirichlet_0.1__moderate,dirichlet_0.1,moderate,2976004693,separable_leontief_relaxation,preinstalled,True,False,0.7291666666666666,35.0,0.7291666666666666,35.0,0.0,0.0,0.8673015873015874,209,0,0,0
dirichlet_0.1__moderate,dirichlet_0.1,moderate,3043575286,central_joint_leontief,optimal,True,False,0.75,36.0,0.75,36.0,0.0,0.0,0.9684908789386402,71,0,0,651
dirichlet_0.1__moderate,dirichlet_0.1,moderate,3043575286,distributed_price_leontief,preinstalled,True,False,0.75,36.0,0.75,36.0,0.0,0.0,0.9684908789386402,76,0,0,0
dirichlet_0.1__moderate,dirichlet_0.1,moderate,3043575286,drf,drf,True,False,0.75,36.0,0.75,36.0,0.0,0.0,0.9494195688225538,50,0,0,0
dirichlet_0.1__moderate,dirichlet_0.1,moderate,3043575286,equal,equal,True,False,0.75,36.0,0.75,36.0,0.0,0.0,0.9461028192371476,130,0,0,0
dirichlet_0.1__moderate,dirichlet_0.1,moderate,3043575286,independent_bundle_maxmin,preinstalled,True,False,0.75,36.0,0.75,36.0,0.0,0.0,0.9593698175787728,98,0,0,0
dirichlet_0.1__moderate,dirichlet_0.1,moderate,3043575286,separable_leontief_relaxation,preinstalled,True,False,0.75,36.0,0.75,36.0,0.0,0.0,0.9461028192371476,130,0,0,0
dirichlet_0.1__moderate,dirichlet_0.1,moderate,3053626668,central_joint_leontief,optimal,True,False,0.8125,39.0,0.8125,39.0,0.0,0.0,0.9746376811594203,40,0,0,650
dirichlet_0.1__moderate,dirichlet_0.1,moderate,3053626668,distributed_price_leontief,preinstalled,True,False,0.8125,39.0,0.8125,39.0,0.0,0.0,0.9746376811594203,42,0,0,0
dirichlet_0.1__moderate,dirichlet_0.1,moderate,3053626668,drf,drf,True,False,0.7291666666666666,35.0,0.7291666666666666,35.0,0.0,0.0,0.9124396135265701,68,0,0,0
dirichlet_0.1__moderate,dirichlet_0.1,moderate,3053626668,equal,equal,True,False,0.6875,33.0,0.6875,33.0,0.0,0.0,0.8442028985507246,258,0,0,0
dirichlet_0.1__moderate,dirichlet_0.1,moderate,3053626668,independent_bundle_maxmin,preinstalled,True,False,0.8125,39.0,0.8125,39.0,0.0,0.0,0.9746376811594203,42,0,0,0
dirichlet_0.1__moderate,dirichlet_0.1,moderate,3053626668,separable_leontief_relaxation,preinstalled,True,False,0.6875,33.0,0.6875,33.0,0.0,0.0,0.8442028985507246,258,0,0,0
dirichlet_0.1__moderate,dirichlet_0.1,moderate,3059548316,central_joint_leontief,optimal,True,False,0.7708333333333334,37.0,0.7708333333333334,37.0,0.0,0.0,0.959895379250218,91,0,0,647
dirichlet_0.1__moderate,dirichlet_0.1,moderate,3059548316,distributed_price_leontief,preinstalled,True,False,0.7708333333333334,37.0,0.7708333333333334,37.0,0.0,0.0,0.959895379250218,92,0,0,0
dirichlet_0.1__moderate,dirichlet_0.1,moderate,3059548316,drf,drf,True,False,0.7291666666666666,35.0,0.7291666666666666,35.0,0.0,0.0,0.9450741063644289,90,0,0,0
dirichlet_0.1__moderate,dirichlet_0.1,moderate,3059548316,equal,equal,True,False,0.7083333333333334,34.0,0.7083333333333334,34.0,0.0,0.0,0.9184829991281604,187,0,0,0
dirichlet_0.1__moderate,dirichlet_0.1,moderate,3059548316,independent_bundle_maxmin,preinstalled,True,False,0.7708333333333334,37.0,0.7708333333333334,37.0,0.0,0.0,0.9699215344376635,69,0,0,0
dirichlet_0.1__moderate,dirichlet_0.1,moderate,3059548316,separable_leontief_relaxation,preinstalled,True,False,0.7083333333333334,34.0,0.7083333333333334,34.0,0.0,0.0,0.9184829991281604,187,0,0,0
dirichlet_0.1__moderate,dirichlet_0.1,moderate,3066518355,central_joint_leontief,optimal,True,False,0.7708333333333334,37.0,0.7708333333333334,37.0,0.0,0.0,0.9725330620549338,54,0,0,629
dirichlet_0.1__moderate,dirichlet_0.1,moderate,3066518355,distributed_price_leontief,preinstalled,True,False,0.7708333333333334,37.0,0.7708333333333334,37.0,0.0,0.0,0.9725330620549338,54,0,0,0
dirichlet_0.1__moderate,dirichlet_0.1,moderate,3066518355,drf,drf,True,False,0.7291666666666666,35.0,0.7291666666666666,35.0,0.0,0.0,0.9196337741607324,80,0,0,0
dirichlet_0.1__moderate,dirichlet_0.1,moderate,3066518355,equal,equal,True,False,0.6875,33.0,0.6875,33.0,0.0,0.0,0.8901322482197355,216,0,0,0
dirichlet_0.1__moderate,dirichlet_0.1,moderate,3066518355,independent_bundle_maxmin,preinstalled,True,False,0.7708333333333334,37.0,0.7708333333333334,37.0,0.0,0.0,0.939471007121058,119,0,0,0
dirichlet_0.1__moderate,dirichlet_0.1,moderate,3066518355,separable_leontief_relaxation,preinstalled,True,False,0.6875,33.0,0.6875,33.0,0.0,0.0,0.8901322482197355,216,0,0,0
dirichlet_0.1__moderate,dirichlet_0.1,moderate,3104103606,central_joint_leontief,optimal,True,False,0.7916666666666666,38.0,0.7916666666666666,38.0,0.0,0.0,0.9318766066838047,105,0,0,629
dirichlet_0.1__moderate,dirichlet_0.1,moderate,3104103606,distributed_price_leontief,preinstalled,True,False,0.7916666666666666,38.0,0.7916666666666666,38.0,0.0,0.0,0.9318766066838047,106,0,0,0
dirichlet_0.1__moderate,dirichlet_0.1,moderate,3104103606,drf,drf,True,False,0.6875,33.0,0.6875,33.0,0.0,0.0,0.8740359897172236,59,0,0,0
dirichlet_0.1__moderate,dirichlet_0.1,moderate,3104103606,equal,equal,True,False,0.7291666666666666,35.0,0.7291666666666666,35.0,0.0,0.0,0.8521850899742931,230,0,0,0
dirichlet_0.1__moderate,dirichlet_0.1,moderate,3104103606,independent_bundle_maxmin,preinstalled,True,False,0.7708333333333334,37.0,0.7708333333333334,37.0,0.0,0.0,0.968508997429306,49,0,0,0
dirichlet_0.1__moderate,dirichlet_0.1,moderate,3104103606,separable_leontief_relaxation,preinstalled,True,False,0.7291666666666666,35.0,0.7291666666666666,35.0,0.0,0.0,0.8521850899742931,230,0,0,0
dirichlet_0.1__moderate,dirichlet_0.1,moderate,3166858978,central_joint_leontief,optimal,True,False,0.7291666666666666,35.0,0.7291666666666666,35.0,0.0,0.0,0.9368968077208611,83,0,0,616
dirichlet_0.1__moderate,dirichlet_0.1,moderate,3166858978,distributed_price_leontief,preinstalled,True,False,0.7291666666666666,35.0,0.7291666666666666,35.0,0.0,0.0,0.9368968077208611,85,0,0,0
dirichlet_0.1__moderate,dirichlet_0.1,moderate,3166858978,drf,drf,True,False,0.625,30.0,0.625,30.0,0.0,0.0,0.8455827765404603,112,0,0,0
dirichlet_0.1__moderate,dirichlet_0.1,moderate,3166858978,equal,equal,True,False,0.6875,33.0,0.6875,33.0,0.0,0.0,0.888641425389755,150,0,0,0
dirichlet_0.1__moderate,dirichlet_0.1,moderate,3166858978,independent_bundle_maxmin,preinstalled,True,False,0.6875,33.0,0.6875,33.0,0.0,0.0,0.9101707498144024,121,0,0,0
dirichlet_0.1__moderate,dirichlet_0.1,moderate,3166858978,separable_leontief_relaxation,preinstalled,True,False,0.6875,33.0,0.6875,33.0,0.0,0.0,0.888641425389755,150,0,0,0
dirichlet_0.1__moderate,dirichlet_0.1,moderate,3186016859,central_joint_leontief,optimal,True,False,0.7291666666666666,35.0,0.7291666666666666,35.0,0.0,0.0,0.9658074697527617,65,0,0,663
dirichlet_0.1__moderate,dirichlet_0.1,moderate,3186016859,distributed_price_leontief,preinstalled,True,False,0.7291666666666666,35.0,0.7291666666666666,35.0,0.0,0.0,0.9658074697527617,65,0,0,0
dirichlet_0.1__moderate,dirichlet_0.1,moderate,3186016859,drf,drf,True,False,0.7291666666666666,35.0,0.7291666666666666,35.0,0.0,0.0,0.8269331930562862,50,0,0,0
dirichlet_0.1__moderate,dirichlet_0.1,moderate,3186016859,equal,equal,True,False,0.6458333333333334,31.0,0.6458333333333334,31.0,0.0,0.0,0.8563913729615992,273,0,0,0
dirichlet_0.1__moderate,dirichlet_0.1,moderate,3186016859,independent_bundle_maxmin,preinstalled,True,False,0.7708333333333334,37.0,0.7708333333333334,37.0,0.0,0.0,0.902682798527091,185,0,0,0
dirichlet_0.1__moderate,dirichlet_0.1,moderate,3186016859,separable_leontief_relaxation,preinstalled,True,False,0.6458333333333334,31.0,0.6458333333333334,31.0,0.0,0.0,0.8563913729615992,273,0,0,0
dirichlet_0.1__moderate,dirichlet_0.1,moderate,3191323320,central_joint_leontief,optimal,True,False,0.8125,39.0,0.8125,39.0,0.0,0.0,0.9781303602058319,46,0,0,627
dirichlet_0.1__moderate,dirichlet_0.1,moderate,3191323320,distributed_price_leontief,preinstalled,True,False,0.8125,39.0,0.8125,39.0,0.0,0.0,0.9781303602058319,51,0,0,0
dirichlet_0.1__moderate,dirichlet_0.1,moderate,3191323320,drf,drf,True,False,0.7708333333333334,37.0,0.7708333333333334,37.0,0.0,0.0,0.9532590051457976,72,0,0,0
dirichlet_0.1__moderate,dirichlet_0.1,moderate,3191323320,equal,equal,True,False,0.7291666666666666,35.0,0.7291666666666666,35.0,0.0,0.0,0.9382504288164666,144,0,0,0
dirichlet_0.1__moderate,dirichlet_0.1,moderate,3191323320,independent_bundle_maxmin,preinstalled,True,False,0.7291666666666666,35.0,0.7291666666666666,35.0,0.0,0.0,0.942967409948542,133,0,0,0
dirichlet_0.1__moderate,dirichlet_0.1,moderate,3191323320,separable_leontief_relaxation,preinstalled,True,False,0.7291666666666666,35.0,0.7291666666666666,35.0,0.0,0.0,0.9382504288164666,144,0,0,0
dirichlet_0.1__moderate,dirichlet_0.1,moderate,3192870723,central_joint_leontief,optimal,True,False,0.7708333333333334,37.0,0.7708333333333334,37.0,0.0,0.0,0.9660925726587729,61,0,0,634
dirichlet_0.1__moderate,dirichlet_0.1,moderate,3192870723,distributed_price_leontief,preinstalled,True,False,0.7708333333333334,37.0,0.7708333333333334,37.0,0.0,0.0,0.9660925726587729,63,0,0,0
dirichlet_0.1__moderate,dirichlet_0.1,moderate,3192870723,drf,drf,True,False,0.6875,33.0,0.6875,33.0,0.0,0.0,0.910118406889128,55,0,0,0
dirichlet_0.1__moderate,dirichlet_0.1,moderate,3192870723,equal,equal,True,False,0.6875,33.0,0.6875,33.0,0.0,0.0,0.871367061356297,239,0,0,0
dirichlet_0.1__moderate,dirichlet_0.1,moderate,3192870723,independent_bundle_maxmin,preinstalled,True,False,0.75,36.0,0.75,36.0,0.0,0.0,0.9628632938643703,69,0,0,0
dirichlet_0.1__moderate,dirichlet_0.1,moderate,3192870723,separable_leontief_relaxation,preinstalled,True,False,0.6875,33.0,0.6875,33.0,0.0,0.0,0.871367061356297,239,0,0,0
dirichlet_0.1__moderate,dirichlet_0.1,moderate,3195559325,central_joint_leontief,optimal,True,False,0.7708333333333334,37.0,0.7708333333333334,37.0,0.0,0.0,0.9346557759626605,111,0,0,640
dirichlet_0.1__moderate,dirichlet_0.1,moderate,3195559325,distributed_price_leontief,preinstalled,True,False,0.7708333333333334,37.0,0.7708333333333334,37.0,0.0,0.0,0.9346557759626605,112,0,0,0
dirichlet_0.1__moderate,dirichlet_0.1,moderate,3195559325,drf,drf,True,False,0.6875,33.0,0.6875,33.0,0.0,0.0,0.8949824970828472,79,0,0,0
dirichlet_0.1__moderate,dirichlet_0.1,moderate,3195559325,equal,equal,True,False,0.6458333333333334,31.0,0.6458333333333334,31.0,0.0,0.0,0.823803967327888,302,0,0,0
dirichlet_0.1__moderate,dirichlet_0.1,moderate,3195559325,independent_bundle_maxmin,preinstalled,True,False,0.7708333333333334,37.0,0.7708333333333334,37.0,0.0,0.0,0.9346557759626605,112,0,0,0
dirichlet_0.1__moderate,dirichlet_0.1,moderate,3195559325,separable_leontief_relaxation,preinstalled,True,False,0.6458333333333334,31.0,0.6458333333333334,31.0,0.0,0.0,0.823803967327888,302,0,0,0
dirichlet_0.1__moderate,dirichlet_0.1,moderate,3199293997,central_joint_leontief,optimal,True,False,0.7708333333333334,37.0,0.7708333333333334,37.0,0.0,0.0,0.9697570649479424,56,0,0,633
dirichlet_0.1__moderate,dirichlet_0.1,moderate,3199293997,distributed_price_leontief,preinstalled,True,False,0.75,36.0,0.75,36.0,0.0,0.0,0.9573624194348042,86,0,0,0
dirichlet_0.1__moderate,dirichlet_0.1,moderate,3199293997,drf,drf,True,False,0.7291666666666666,35.0,0.7291666666666666,35.0,0.0,0.0,0.9112543381259296,131,0,0,0
dirichlet_0.1__moderate,dirichlet_0.1,moderate,3199293997,equal,equal,True,False,0.7291666666666666,35.0,0.75,36.0,0.0,0.0,0.9162121963311849,169,0,0,0
dirichlet_0.1__moderate,dirichlet_0.1,moderate,3199293997,independent_bundle_maxmin,preinstalled,True,False,0.7291666666666666,35.0,0.75,36.0,0.0,0.0,0.9514129895884977,98,0,0,0
dirichlet_0.1__moderate,dirichlet_0.1,moderate,3199293997,separable_leontief_relaxation,preinstalled,True,False,0.7291666666666666,35.0,0.75,36.0,0.0,0.0,0.9162121963311849,169,0,0,0
dirichlet_0.1__moderate,dirichlet_0.1,moderate,3214303852,central_joint_leontief,optimal,True,False,0.75,36.0,0.75,36.0,0.0,0.0,0.9508484493856056,83,0,0,636
dirichlet_0.1__moderate,dirichlet_0.1,moderate,3214303852,distributed_price_leontief,preinstalled,True,False,0.75,36.0,0.75,36.0,0.0,0.0,0.9508484493856056,84,0,0,0
dirichlet_0.1__moderate,dirichlet_0.1,moderate,3214303852,drf,drf,True,False,0.75,36.0,0.7708333333333334,37.0,0.0,0.0,0.9268578115857227,84,0,0,0
dirichlet_0.1__moderate,dirichlet_0.1,moderate,3214303852,equal,equal,True,False,0.7291666666666666,35.0,0.75,36.0,0.0,0.0,0.9356348741954359,110,0,0,0
dirichlet_0.1__moderate,dirichlet_0.1,moderate,3214303852,independent_bundle_maxmin,preinstalled,True,False,0.75,36.0,0.7708333333333334,37.0,0.0,0.0,0.946752486834406,91,0,0,0
dirichlet_0.1__moderate,dirichlet_0.1,moderate,3214303852,separable_leontief_relaxation,preinstalled,True,False,0.7291666666666666,35.0,0.75,36.0,0.0,0.0,0.9356348741954359,110,0,0,0
dirichlet_0.1__moderate,dirichlet_0.1,moderate,3215523777,central_joint_leontief,optimal,True,False,0.8125,39.0,0.8125,39.0,0.0,0.0,0.9551042223409941,77,0,0,611
dirichlet_0.1__moderate,dirichlet_0.1,moderate,3215523777,distributed_price_leontief,preinstalled,True,False,0.8125,39.0,0.8125,39.0,0.0,0.0,0.9551042223409941,84,0,0,0
dirichlet_0.1__moderate,dirichlet_0.1,moderate,3215523777,drf,drf,True,False,0.7291666666666666,35.0,0.75,36.0,0.0,0.0,0.8979155531801176,112,0,0,0
dirichlet_0.1__moderate,dirichlet_0.1,moderate,3215523777,equal,equal,True,False,0.7291666666666666,35.0,0.75,36.0,0.0,0.0,0.8861571352218065,213,0,0,0
dirichlet_0.1__moderate,dirichlet_0.1,moderate,3215523777,independent_bundle_maxmin,preinstalled,True,False,0.75,36.0,0.75,36.0,0.0,0.0,0.9380010689470871,116,0,0,0
dirichlet_0.1__moderate,dirichlet_0.1,moderate,3215523777,separable_leontief_relaxation,preinstalled,True,False,0.7291666666666666,35.0,0.75,36.0,0.0,0.0,0.8861571352218065,213,0,0,0
dirichlet_0.1__moderate,dirichlet_0.1,moderate,3232559368,central_joint_leontief,optimal,True,False,0.7916666666666666,38.0,0.7916666666666666,38.0,0.0,0.0,0.9829592684954281,38,0,0,654
dirichlet_0.1__moderate,dirichlet_0.1,moderate,3232559368,distributed_price_leontief,preinstalled,True,False,0.7916666666666666,38.0,0.7916666666666666,38.0,0.0,0.0,0.9829592684954281,41,0,0,0
dirichlet_0.1__moderate,dirichlet_0.1,moderate,3232559368,drf,drf,True,False,0.75,36.0,0.75,36.0,0.0,0.0,0.9480465502909393,82,0,0,0
dirichlet_0.1__moderate,dirichlet_0.1,moderate,3232559368,equal,equal,True,False,0.75,36.0,0.75,36.0,0.0,0.0,0.9389027431421446,147,0,0,0
dirichlet_0.1__moderate,dirichlet_0.1,moderate,3232559368,independent_bundle_maxmin,preinstalled,True,False,0.75,36.0,0.75,36.0,0.0,0.0,0.9551122194513716,108,0,0,0
dirichlet_0.1__moderate,dirichlet_0.1,moderate,3232559368,separable_leontief_relaxation,preinstalled,True,False,0.75,36.0,0.75,36.0,0.0,0.0,0.9389027431421446,147,0,0,0
dirichlet_0.1__moderate,dirichlet_0.1,moderate,3265785232,central_joint_leontief,optimal,True,False,0.7708333333333334,37.0,0.7708333333333334,37.0,0.0,0.0,0.9503685503685504,100,0,0,635
dirichlet_0.1__moderate,dirichlet_0.1,moderate,3265785232,distributed_price_leontief,preinstalled,True,False,0.7708333333333334,37.0,0.7708333333333334,37.0,0.0,0.0,0.9503685503685504,101,0,0,0
dirichlet_0.1__moderate,dirichlet_0.1,moderate,3265785232,drf,drf,True,False,0.7291666666666666,35.0,0.75,36.0,0.0,0.0,0.9479115479115479,87,0,0,0
dirichlet_0.1__moderate,dirichlet_0.1,moderate,3265785232,equal,equal,True,False,0.625,30.0,0.6458333333333334,31.0,0.0,0.0,0.8594594594594595,286,0,0,0
dirichlet_0.1__moderate,dirichlet_0.1,moderate,3265785232,independent_bundle_maxmin,preinstalled,True,False,0.75,36.0,0.7708333333333334,37.0,0.0,0.0,0.9346437346437346,133,0,0,0
dirichlet_0.1__moderate,dirichlet_0.1,moderate,3265785232,separable_leontief_relaxation,preinstalled,True,False,0.625,30.0,0.6458333333333334,31.0,0.0,0.0,0.8594594594594595,286,0,0,0
dirichlet_0.1__moderate,dirichlet_0.1,moderate,3305966842,central_joint_leontief,optimal,True,False,0.7708333333333334,37.0,0.7708333333333334,37.0,0.0,0.0,0.9627156371730662,66,0,0,641
dirichlet_0.1__moderate,dirichlet_0.1,moderate,3305966842,distributed_price_leontief,preinstalled,True,False,0.7708333333333334,37.0,0.7708333333333334,37.0,0.0,0.0,0.9627156371730662,67,0,0,0
dirichlet_0.1__moderate,dirichlet_0.1,moderate,3305966842,drf,drf,True,False,0.7083333333333334,34.0,0.7083333333333334,34.0,0.0,0.0,0.8981636060100167,129,0,0,0
dirichlet_0.1__moderate,dirichlet_0.1,moderate,3305966842,equal,equal,True,False,0.7291666666666666,35.0,0.7291666666666666,35.0,0.0,0.0,0.9254312743461325,134,0,0,0
dirichlet_0.1__moderate,dirichlet_0.1,moderate,3305966842,independent_bundle_maxmin,preinstalled,True,False,0.7708333333333334,37.0,0.7708333333333334,37.0,0.0,0.0,0.9565943238731218,78,0,0,0
dirichlet_0.1__moderate,dirichlet_0.1,moderate,3305966842,separable_leontief_relaxation,preinstalled,True,False,0.7291666666666666,35.0,0.7291666666666666,35.0,0.0,0.0,0.9254312743461325,134,0,0,0
dirichlet_0.1__moderate,dirichlet_0.1,moderate,3329658473,central_joint_leontief,optimal,True,False,0.7916666666666666,38.0,0.8125,39.0,0.0,0.0,0.96045197740113,63,0,0,624
dirichlet_0.1__moderate,dirichlet_0.1,moderate,3329658473,distributed_price_leontief,preinstalled,True,False,0.7916666666666666,38.0,0.8125,39.0,0.0,0.0,0.96045197740113,63,0,0,0
dirichlet_0.1__moderate,dirichlet_0.1,moderate,3329658473,drf,drf,True,False,0.7291666666666666,35.0,0.75,36.0,0.0,0.0,0.9077212806026366,76,0,0,0
dirichlet_0.1__moderate,dirichlet_0.1,moderate,3329658473,equal,equal,True,False,0.6875,33.0,0.7291666666666666,35.0,0.0,0.0,0.8769617074701821,196,0,0,0
dirichlet_0.1__moderate,dirichlet_0.1,moderate,3329658473,independent_bundle_maxmin,preinstalled,True,False,0.7708333333333334,37.0,0.7916666666666666,38.0,0.0,0.0,0.9391086001255493,97,0,0,0
dirichlet_0.1__moderate,dirichlet_0.1,moderate,3329658473,separable_leontief_relaxation,preinstalled,True,False,0.6875,33.0,0.7291666666666666,35.0,0.0,0.0,0.8769617074701821,196,0,0,0
dirichlet_0.1__moderate,dirichlet_0.1,moderate,3351763171,central_joint_leontief,optimal,True,False,0.7708333333333334,37.0,0.7708333333333334,37.0,0.0,0.0,0.9444085326438267,86,0,0,645
dirichlet_0.1__moderate,dirichlet_0.1,moderate,3351763171,distributed_price_leontief,preinstalled,True,False,0.7708333333333334,37.0,0.7708333333333334,37.0,0.0,0.0,0.9444085326438267,86,0,0,0
dirichlet_0.1__moderate,dirichlet_0.1,moderate,3351763171,drf,drf,True,False,0.6875,33.0,0.6875,33.0,0.0,0.0,0.8946347769877182,102,0,0,0
dirichlet_0.1__moderate,dirichlet_0.1,moderate,3351763171,equal,equal,True,False,0.6875,33.0,0.7083333333333334,34.0,0.0,0.0,0.8616677440206852,214,0,0,0
dirichlet_0.1__moderate,dirichlet_0.1,moderate,3351763171,independent_bundle_maxmin,preinstalled,True,False,0.7291666666666666,35.0,0.7291666666666666,35.0,0.0,0.0,0.9288946347769877,110,0,0,0
dirichlet_0.1__moderate,dirichlet_0.1,moderate,3351763171,separable_leontief_relaxation,preinstalled,True,False,0.6875,33.0,0.7083333333333334,34.0,0.0,0.0,0.8616677440206852,214,0,0,0
dirichlet_0.1__moderate,dirichlet_0.1,moderate,3356704017,central_joint_leontief,optimal,True,False,0.7708333333333334,37.0,0.7708333333333334,37.0,0.0,0.0,0.9460211463550362,93,0,0,619
dirichlet_0.1__moderate,dirichlet_0.1,moderate,3356704017,distributed_price_leontief,preinstalled,True,False,0.7708333333333334,37.0,0.7708333333333334,37.0,0.0,0.0,0.9460211463550362,97,0,0,0
dirichlet_0.1__moderate,dirichlet_0.1,moderate,3356704017,drf,drf,True,False,0.7291666666666666,35.0,0.7291666666666666,35.0,0.0,0.0,0.8597662771285476,64,0,0,0
dirichlet_0.1__moderate,dirichlet_0.1,moderate,3356704017,equal,equal,True,False,0.6458333333333334,31.0,0.6458333333333334,31.0,0.0,0.0,0.8330550918196995,300,0,0,0
dirichlet_0.1__moderate,dirichlet_0.1,moderate,3356704017,independent_bundle_maxmin,preinstalled,True,False,0.7916666666666666,38.0,0.7916666666666666,38.0,0.0,0.0,0.8759042849193099,223,0,0,0
dirichlet_0.1__moderate,dirichlet_0.1,moderate,3356704017,separable_leontief_relaxation,preinstalled,True,False,0.6458333333333334,31.0,0.6458333333333334,31.0,0.0,0.0,0.8330550918196995,300,0,0,0
dirichlet_0.1__moderate,dirichlet_0.1,moderate,3411174439,central_joint_leontief,optimal,True,False,0.7291666666666666,35.0,0.7291666666666666,35.0,0.0,0.0,0.9572490706319703,69,0,0,614
dirichlet_0.1__moderate,dirichlet_0.1,moderate,3411174439,distributed_price_leontief,preinstalled,True,False,0.7291666666666666,35.0,0.7291666666666666,35.0,0.0,0.0,0.9572490706319703,69,0,0,0
dirichlet_0.1__moderate,dirichlet_0.1,moderate,3411174439,drf,drf,True,False,0.7083333333333334,34.0,0.7083333333333334,34.0,0.0,0.0,0.7372986369268897,65,0,0,0
dirichlet_0.1__moderate,dirichlet_0.1,moderate,3411174439,equal,equal,True,False,0.6458333333333334,31.0,0.6458333333333334,31.0,0.0,0.0,0.8097893432465924,307,0,0,0
dirichlet_0.1__moderate,dirichlet_0.1,moderate,3411174439,independent_bundle_maxmin,preinstalled,True,False,0.6875,33.0,0.6875,33.0,0.0,0.0,0.7360594795539034,426,0,0,0
dirichlet_0.1__moderate,dirichlet_0.1,moderate,3411174439,separable_leontief_relaxation,preinstalled,True,False,0.6458333333333334,31.0,0.6458333333333334,31.0,0.0,0.0,0.8097893432465924,307,0,0,0
dirichlet_0.1__moderate,dirichlet_0.1,moderate,3414689543,central_joint_leontief,optimal,True,False,0.6875,33.0,0.6875,33.0,0.0,0.0,0.8934240362811792,138,0,0,640
dirichlet_0.1__moderate,dirichlet_0.1,moderate,3414689543,distributed_price_leontief,preinstalled,True,False,0.6875,33.0,0.6875,33.0,0.0,0.0,0.8934240362811792,141,0,0,0
dirichlet_0.1__moderate,dirichlet_0.1,moderate,3414689543,drf,drf,True,False,0.6041666666666666,29.0,0.6041666666666666,29.0,0.0,0.0,0.8745275888133031,105,0,0,0
dirichlet_0.1__moderate,dirichlet_0.1,moderate,3414689543,equal,equal,True,False,0.6875,33.0,0.6875,33.0,0.0,0.0,0.8994708994708994,133,0,0,0
dirichlet_0.1__moderate,dirichlet_0.1,moderate,3414689543,independent_bundle_maxmin,preinstalled,True,False,0.7083333333333334,34.0,0.7083333333333334,34.0,0.0,0.0,0.9115646258503401,117,0,0,0
dirichlet_0.1__moderate,dirichlet_0.1,moderate,3414689543,separable_leontief_relaxation,preinstalled,True,False,0.6875,33.0,0.6875,33.0,0.0,0.0,0.8994708994708994,133,0,0,0
dirichlet_0.1__moderate,dirichlet_0.1,moderate,3424619266,central_joint_leontief,optimal,True,False,0.7916666666666666,38.0,0.8125,39.0,0.0,0.0,0.944743935309973,81,0,0,645
dirichlet_0.1__moderate,dirichlet_0.1,moderate,3424619266,distributed_price_leontief,preinstalled,True,False,0.7916666666666666,38.0,0.8125,39.0,0.0,0.0,0.944743935309973,82,0,0,0
dirichlet_0.1__moderate,dirichlet_0.1,moderate,3424619266,drf,drf,True,False,0.7291666666666666,35.0,0.75,36.0,0.0,0.0,0.8908355795148248,95,0,0,0
dirichlet_0.1__moderate,dirichlet_0.1,moderate,3424619266,equal,equal,True,False,0.7291666666666666,35.0,0.7708333333333334,37.0,0.0,0.0,0.878032345013477,181,0,0,0
dirichlet_0.1__moderate,dirichlet_0.1,moderate,3424619266,independent_bundle_maxmin,preinstalled,True,False,0.8125,39.0,0.8125,39.0,0.0,0.0,0.9177897574123989,122,0,0,0
dirichlet_0.1__moderate,dirichlet_0.1,moderate,3424619266,separable_leontief_relaxation,preinstalled,True,False,0.7291666666666666,35.0,0.7708333333333334,37.0,0.0,0.0,0.878032345013477,181,0,0,0
dirichlet_0.1__moderate,dirichlet_0.1,moderate,3447467374,central_joint_leontief,optimal,True,False,0.75,36.0,0.75,36.0,0.0,0.0,0.9246009906439185,137,0,0,605
dirichlet_0.1__moderate,dirichlet_0.1,moderate,3447467374,distributed_price_leontief,preinstalled,True,False,0.75,36.0,0.75,36.0,0.0,0.0,0.9246009906439185,137,0,0,0
dirichlet_0.1__moderate,dirichlet_0.1,moderate,3447467374,drf,drf,True,False,0.7083333333333334,34.0,0.7083333333333334,34.0,0.0,0.0,0.7253714914694551,149,0,0,0
dirichlet_0.1__moderate,dirichlet_0.1,moderate,3447467374,equal,equal,True,False,0.6666666666666666,32.0,0.6666666666666666,32.0,0.0,0.0,0.7903137039075399,381,0,0,0
dirichlet_0.1__moderate,dirichlet_0.1,moderate,3447467374,independent_bundle_maxmin,preinstalled,True,False,0.7083333333333334,34.0,0.7083333333333334,34.0,0.0,0.0,0.7066593285635663,533,0,0,0
dirichlet_0.1__moderate,dirichlet_0.1,moderate,3447467374,separable_leontief_relaxation,preinstalled,True,False,0.6666666666666666,32.0,0.6666666666666666,32.0,0.0,0.0,0.7903137039075399,381,0,0,0
dirichlet_0.1__moderate,dirichlet_0.1,moderate,3506619616,central_joint_leontief,optimal,True,False,0.8333333333333334,40.0,0.8333333333333334,40.0,0.0,0.0,0.928395061728395,86,0,0,624
dirichlet_0.1__moderate,dirichlet_0.1,moderate,3506619616,distributed_price_leontief,preinstalled,True,False,0.8541666666666666,41.0,0.8541666666666666,41.0,0.0,0.0,0.9497942386831276,61,0,0,0
dirichlet_0.1__moderate,dirichlet_0.1,moderate,3506619616,drf,drf,True,False,0.7916666666666666,38.0,0.7916666666666666,38.0,0.0,0.0,0.8823045267489712,33,0,0,0
dirichlet_0.1__moderate,dirichlet_0.1,moderate,3506619616,equal,equal,True,False,0.75,36.0,0.75,36.0,0.0,0.0,0.8477366255144033,185,0,0,0
dirichlet_0.1__moderate,dirichlet_0.1,moderate,3506619616,independent_bundle_maxmin,preinstalled,True,False,0.8541666666666666,41.0,0.8541666666666666,41.0,0.0,0.0,0.9497942386831276,61,0,0,0
dirichlet_0.1__moderate,dirichlet_0.1,moderate,3506619616,separable_leontief_relaxation,preinstalled,True,False,0.75,36.0,0.75,36.0,0.0,0.0,0.8477366255144033,185,0,0,0
dirichlet_0.1__moderate,dirichlet_0.1,moderate,3522565390,central_joint_leontief,optimal,True,False,0.7291666666666666,35.0,0.7708333333333334,37.0,0.0,0.0,0.9514260249554367,101,0,0,634
dirichlet_0.1__moderate,dirichlet_0.1,moderate,3522565390,distributed_price_leontief,preinstalled,True,False,0.7291666666666666,35.0,0.7708333333333334,37.0,0.0,0.0,0.9514260249554367,109,0,0,0
dirichlet_0.1__moderate,dirichlet_0.1,moderate,3522565390,drf,drf,True,False,0.7083333333333334,34.0,0.7291666666666666,35.0,0.0,0.0,0.9157754010695187,108,0,0,0
dirichlet_0.1__moderate,dirichlet_0.1,moderate,3522565390,equal,equal,True,False,0.7083333333333334,34.0,0.7291666666666666,35.0,0.0,0.0,0.9255793226381461,167,0,0,0
dirichlet_0.1__moderate,dirichlet_0.1,moderate,3522565390,independent_bundle_maxmin,preinstalled,True,False,0.7291666666666666,35.0,0.7291666666666666,35.0,0.0,0.0,0.9322638146167558,152,0,0,0
dirichlet_0.1__moderate,dirichlet_0.1,moderate,3522565390,separable_leontief_relaxation,preinstalled,True,False,0.7083333333333334,34.0,0.7291666666666666,35.0,0.0,0.0,0.9255793226381461,167,0,0,0
dirichlet_0.1__moderate,dirichlet_0.1,moderate,3560321021,central_joint_leontief,optimal,True,False,0.7708333333333334,37.0,0.7708333333333334,37.0,0.0,0.0,0.9648894668400521,54,0,0,630
dirichlet_0.1__moderate,dirichlet_0.1,moderate,3560321021,distributed_price_leontief,preinstalled,True,False,0.7708333333333334,37.0,0.7708333333333334,37.0,0.0,0.0,0.9648894668400521,54,0,0,0
dirichlet_0.1__moderate,dirichlet_0.1,moderate,3560321021,drf,drf,True,False,0.7708333333333334,37.0,0.7708333333333334,37.0,0.0,0.0,0.8634590377113134,37,0,0,0
dirichlet_0.1__moderate,dirichlet_0.1,moderate,3560321021,equal,equal,True,False,0.6875,33.0,0.7083333333333334,34.0,0.0,0.0,0.852405721716515,227,0,0,0
dirichlet_0.1__moderate,dirichlet_0.1,moderate,3560321021,independent_bundle_maxmin,preinstalled,True,False,0.7708333333333334,37.0,0.7708333333333334,37.0,0.0,0.0,0.8855656697009102,176,0,0,0
dirichlet_0.1__moderate,dirichlet_0.1,moderate,3560321021,separable_leontief_relaxation,preinstalled,True,False,0.6875,33.0,0.7083333333333334,34.0,0.0,0.0,0.852405721716515,227,0,0,0
dirichlet_0.1__moderate,dirichlet_0.1,moderate,3564430434,central_joint_leontief,optimal,True,False,0.75,36.0,0.75,36.0,0.0,0.0,0.9466869763899467,70,0,0,685
dirichlet_0.1__moderate,dirichlet_0.1,moderate,3564430434,distributed_price_leontief,preinstalled,True,False,0.75,36.0,0.75,36.0,0.0,0.0,0.9466869763899467,70,0,0,0
dirichlet_0.1__moderate,dirichlet_0.1,moderate,3564430434,drf,drf,True,False,0.75,36.0,0.75,36.0,0.0,0.0,0.9238385376999239,77,0,0,0
dirichlet_0.1__moderate,dirichlet_0.1,moderate,3564430434,equal,equal,True,False,0.7083333333333334,34.0,0.7083333333333334,34.0,0.0,0.0,0.814927646610815,243,0,0,0
dirichlet_0.1__moderate,dirichlet_0.1,moderate,3564430434,independent_bundle_maxmin,preinstalled,True,False,0.7291666666666666,35.0,0.7291666666666666,35.0,0.0,0.0,0.8804265041888805,157,0,0,0
dirichlet_0.1__moderate,dirichlet_0.1,moderate,3564430434,separable_leontief_relaxation,preinstalled,True,False,0.7083333333333334,34.0,0.7083333333333334,34.0,0.0,0.0,0.814927646610815,243,0,0,0
dirichlet_0.1__moderate,dirichlet_0.1,moderate,3569961091,central_joint_leontief,optimal,True,False,0.7916666666666666,38.0,0.7916666666666666,38.0,0.0,0.0,0.9714285714285714,51,0,0,624
dirichlet_0.1__moderate,dirichlet_0.1,moderate,3569961091,distributed_price_leontief,preinstalled,True,False,0.7916666666666666,38.0,0.7916666666666666,38.0,0.0,0.0,0.9714285714285714,51,0,0,0
dirichlet_0.1__moderate,dirichlet_0.1,moderate,3569961091,drf,drf,True,False,0.7916666666666666,38.0,0.7916666666666666,38.0,0.0,0.0,0.9512605042016806,56,0,0,0
dirichlet_0.1__moderate,dirichlet_0.1,moderate,3569961091,equal,equal,True,False,0.6875,33.0,0.6875,33.0,0.0,0.0,0.8901960784313725,196,0,0,0
dirichlet_0.1__moderate,dirichlet_0.1,moderate,3569961091,independent_bundle_maxmin,preinstalled,True,False,0.7916666666666666,38.0,0.7916666666666666,38.0,0.0,0.0,0.9630252100840336,66,0,0,0
dirichlet_0.1__moderate,dirichlet_0.1,moderate,3569961091,separable_leontief_relaxation,preinstalled,True,False,0.6875,33.0,0.6875,33.0,0.0,0.0,0.8901960784313725,196,0,0,0
dirichlet_0.1__moderate,dirichlet_0.1,moderate,3633027796,central_joint_leontief,optimal,True,False,0.8333333333333334,40.0,0.8333333333333334,40.0,0.0,0.0,0.9755571531272466,31,0,0,643
dirichlet_0.1__moderate,dirichlet_0.1,moderate,3633027796,distributed_price_leontief,preinstalled,True,False,0.8333333333333334,40.0,0.8333333333333334,40.0,0.0,0.0,0.9755571531272466,34,0,0,0
dirichlet_0.1__moderate,dirichlet_0.1,moderate,3633027796,drf,drf,True,False,0.7083333333333334,34.0,0.7083333333333334,34.0,0.0,0.0,0.8454349388928828,69,0,0,0
dirichlet_0.1__moderate,dirichlet_0.1,moderate,3633027796,equal,equal,True,False,0.75,36.0,0.75,36.0,0.0,0.0,0.8813803019410497,165,0,0,0
dirichlet_0.1__moderate,dirichlet_0.1,moderate,3633027796,independent_bundle_maxmin,preinstalled,True,False,0.8125,39.0,0.8125,39.0,0.0,0.0,0.9396117900790798,84,0,0,0
dirichlet_0.1__moderate,dirichlet_0.1,moderate,3633027796,separable_leontief_relaxation,preinstalled,True,False,0.75,36.0,0.75,36.0,0.0,0.0,0.8813803019410497,165,0,0,0
dirichlet_0.1__moderate,dirichlet_0.1,moderate,3636324181,central_joint_leontief,optimal,True,False,0.8333333333333334,40.0,0.8333333333333334,40.0,0.0,0.0,0.9680156657963447,49,0,0,660
dirichlet_0.1__moderate,dirichlet_0.1,moderate,3636324181,distributed_price_leontief,preinstalled,True,False,0.8333333333333334,40.0,0.8333333333333334,40.0,0.0,0.0,0.9680156657963447,49,0,0,0
dirichlet_0.1__moderate,dirichlet_0.1,moderate,3636324181,drf,drf,True,False,0.8125,39.0,0.8125,39.0,0.0,0.0,0.9693211488250653,43,0,0,0
dirichlet_0.1__moderate,dirichlet_0.1,moderate,3636324181,equal,equal,True,False,0.7083333333333334,34.0,0.7083333333333334,34.0,0.0,0.0,0.8759791122715405,190,0,0,0
dirichlet_0.1__moderate,dirichlet_0.1,moderate,3636324181,independent_bundle_maxmin,preinstalled,True,False,0.7916666666666666,38.0,0.8125,39.0,0.0,0.0,0.9406005221932114,91,0,0,0
dirichlet_0.1__moderate,dirichlet_0.1,moderate,3636324181,separable_leontief_relaxation,preinstalled,True,False,0.7083333333333334,34.0,0.7083333333333334,34.0,0.0,0.0,0.8759791122715405,190,0,0,0
dirichlet_0.1__moderate,dirichlet_0.1,moderate,3676968117,central_joint_leontief,optimal,True,False,0.75,36.0,0.75,36.0,0.0,0.0,0.9638609332113449,74,0,0,641
dirichlet_0.1__moderate,dirichlet_0.1,moderate,3676968117,distributed_price_leontief,preinstalled,True,False,0.75,36.0,0.75,36.0,0.0,0.0,0.953796889295517,101,0,0,0
dirichlet_0.1__moderate,dirichlet_0.1,moderate,3676968117,drf,drf,True,False,0.7291666666666666,35.0,0.7291666666666666,35.0,0.0,0.0,0.9492223238792314,51,0,0,0
dirichlet_0.1__moderate,dirichlet_0.1,moderate,3676968117,equal,equal,True,False,0.7291666666666666,35.0,0.7291666666666666,35.0,0.0,0.0,0.9304666056724611,152,0,0,0
dirichlet_0.1__moderate,dirichlet_0.1,moderate,3676968117,independent_bundle_maxmin,preinstalled,True,False,0.7291666666666666,35.0,0.7291666666666666,35.0,0.0,0.0,0.9524245196706312,104,0,0,0
dirichlet_0.1__moderate,dirichlet_0.1,moderate,3676968117,separable_leontief_relaxation,preinstalled,True,False,0.7291666666666666,35.0,0.7291666666666666,35.0,0.0,0.0,0.9304666056724611,152,0,0,0
dirichlet_0.1__moderate,dirichlet_0.1,moderate,3696784942,central_joint_leontief,optimal,True,False,0.8125,39.0,0.8125,39.0,0.0,0.0,0.9332036316472114,102,0,0,631
dirichlet_0.1__moderate,dirichlet_0.1,moderate,3696784942,distributed_price_leontief,preinstalled,True,False,0.8125,39.0,0.8125,39.0,0.0,0.0,0.9332036316472114,103,0,0,0
dirichlet_0.1__moderate,dirichlet_0.1,moderate,3696784942,drf,drf,True,False,0.7916666666666666,38.0,0.7916666666666666,38.0,0.0,0.0,0.9105058365758755,92,0,0,0
dirichlet_0.1__moderate,dirichlet_0.1,moderate,3696784942,equal,equal,True,False,0.6875,33.0,0.6875,33.0,0.0,0.0,0.8268482490272373,267,0,0,0
dirichlet_0.1__moderate,dirichlet_0.1,moderate,3696784942,independent_bundle_maxmin,preinstalled,True,False,0.7708333333333334,37.0,0.7708333333333334,37.0,0.0,0.0,0.9286640726329443,110,0,0,0
dirichlet_0.1__moderate,dirichlet_0.1,moderate,3696784942,separable_leontief_relaxation,preinstalled,True,False,0.6875,33.0,0.6875,33.0,0.0,0.0,0.8268482490272373,267,0,0,0
dirichlet_0.1__moderate,dirichlet_0.1,moderate,3714643568,central_joint_leontief,optimal,True,False,0.7291666666666666,35.0,0.7291666666666666,35.0,0.0,0.0,0.9366125760649088,112,0,0,646
dirichlet_0.1__moderate,dirichlet_0.1,moderate,3714643568,distributed_price_leontief,preinstalled,True,False,0.7291666666666666,35.0,0.7291666666666666,35.0,0.0,0.0,0.9366125760649088,125,0,0,0
dirichlet_0.1__moderate,dirichlet_0.1,moderate,3714643568,drf,drf,True,False,0.7083333333333334,34.0,0.7083333333333334,34.0,0.0,0.0,0.9178498985801217,41,0,0,0
dirichlet_0.1__moderate,dirichlet_0.1,moderate,3714643568,equal,equal,True,False,0.7291666666666666,35.0,0.7291666666666666,35.0,0.0,0.0,0.9066937119675457,184,0,0,0
dirichlet_0.1__moderate,dirichlet_0.1,moderate,3714643568,independent_bundle_maxmin,preinstalled,True,False,0.7083333333333334,34.0,0.7291666666666666,35.0,0.0,0.0,0.9274847870182555,143,0,0,0
dirichlet_0.1__moderate,dirichlet_0.1,moderate,3714643568,separable_leontief_relaxation,preinstalled,True,False,0.7291666666666666,35.0,0.7291666666666666,35.0,0.0,0.0,0.9066937119675457,184,0,0,0
dirichlet_0.1__moderate,dirichlet_0.1,moderate,3794604293,central_joint_leontief,optimal,True,False,0.7708333333333334,37.0,0.7708333333333334,37.0,0.0,0.0,0.9716482460355599,59,0,0,631
dirichlet_0.1__moderate,dirichlet_0.1,moderate,3794604293,distributed_price_leontief,preinstalled,True,False,0.7708333333333334,37.0,0.7708333333333334,37.0,0.0,0.0,0.9716482460355599,59,0,0,0
dirichlet_0.1__moderate,dirichlet_0.1,moderate,3794604293,drf,drf,True,False,0.75,36.0,0.75,36.0,0.0,0.0,0.9149447381066795,45,0,0,0
dirichlet_0.1__moderate,dirichlet_0.1,moderate,3794604293,equal,equal,True,False,0.6458333333333334,31.0,0.6458333333333334,31.0,0.0,0.0,0.893320518981259,222,0,0,0
dirichlet_0.1__moderate,dirichlet_0.1,moderate,3794604293,independent_bundle_maxmin,preinstalled,True,False,0.7708333333333334,37.0,0.7708333333333334,37.0,0.0,0.0,0.9697260932244114,63,0,0,0
dirichlet_0.1__moderate,dirichlet_0.1,moderate,3794604293,separable_leontief_relaxation,preinstalled,True,False,0.6458333333333334,31.0,0.6458333333333334,31.0,0.0,0.0,0.893320518981259,222,0,0,0
dirichlet_0.1__moderate,dirichlet_0.1,moderate,3885192991,central_joint_leontief,optimal,True,False,0.7708333333333334,37.0,0.7708333333333334,37.0,0.0,0.0,0.9177215189873418,119,0,0,608
dirichlet_0.1__moderate,dirichlet_0.1,moderate,3885192991,distributed_price_leontief,preinstalled,True,False,0.7708333333333334,37.0,0.7708333333333334,37.0,0.0,0.0,0.9177215189873418,130,0,0,0
dirichlet_0.1__moderate,dirichlet_0.1,moderate,3885192991,drf,drf,True,False,0.6875,33.0,0.6875,33.0,0.0,0.0,0.8708860759493671,115,0,0,0
dirichlet_0.1__moderate,dirichlet_0.1,moderate,3885192991,equal,equal,True,False,0.7708333333333334,37.0,0.7708333333333334,37.0,0.0,0.0,0.9018987341772152,155,0,0,0
dirichlet_0.1__moderate,dirichlet_0.1,moderate,3885192991,independent_bundle_maxmin,preinstalled,True,False,0.75,36.0,0.75,36.0,0.0,0.0,0.8924050632911392,170,0,0,0
dirichlet_0.1__moderate,dirichlet_0.1,moderate,3885192991,separable_leontief_relaxation,preinstalled,True,False,0.7708333333333334,37.0,0.7708333333333334,37.0,0.0,0.0,0.9018987341772152,155,0,0,0
dirichlet_0.1__moderate,dirichlet_0.1,moderate,3885443111,central_joint_leontief,optimal,True,False,0.8541666666666666,41.0,0.8541666666666666,41.0,0.0,0.0,0.9722386296515062,44,0,0,629
dirichlet_0.1__moderate,dirichlet_0.1,moderate,3885443111,distributed_price_leontief,preinstalled,True,False,0.8541666666666666,41.0,0.8541666666666666,41.0,0.0,0.0,0.9722386296515062,47,0,0,0
dirichlet_0.1__moderate,dirichlet_0.1,moderate,3885443111,drf,drf,True,False,0.8333333333333334,40.0,0.8333333333333334,40.0,0.0,0.0,0.9734199645599527,28,0,0,0
dirichlet_0.1__moderate,dirichlet_0.1,moderate,3885443111,equal,equal,True,False,0.7708333333333334,37.0,0.7916666666666666,38.0,0.0,0.0,0.9113998818665091,150,0,0,0
dirichlet_0.1__moderate,dirichlet_0.1,moderate,3885443111,independent_bundle_maxmin,preinstalled,True,False,0.8125,39.0,0.8125,39.0,0.0,0.0,0.9427052569403426,97,0,0,0
dirichlet_0.1__moderate,dirichlet_0.1,moderate,3885443111,separable_leontief_relaxation,preinstalled,True,False,0.7708333333333334,37.0,0.7916666666666666,38.0,0.0,0.0,0.9113998818665091,150,0,0,0
dirichlet_0.1__moderate,dirichlet_0.1,moderate,3893939786,central_joint_leontief,optimal,True,False,0.7708333333333334,37.0,0.7916666666666666,38.0,0.0,0.0,0.9465065502183406,92,0,0,636
dirichlet_0.1__moderate,dirichlet_0.1,moderate,3893939786,distributed_price_leontief,preinstalled,True,False,0.7708333333333334,37.0,0.7916666666666666,38.0,0.0,0.0,0.9465065502183406,98,0,0,0
dirichlet_0.1__moderate,dirichlet_0.1,moderate,3893939786,drf,drf,True,False,0.75,36.0,0.75,36.0,0.0,0.0,0.9372270742358079,57,0,0,0
dirichlet_0.1__moderate,dirichlet_0.1,moderate,3893939786,equal,equal,True,False,0.7291666666666666,35.0,0.7291666666666666,35.0,0.0,0.0,0.8968340611353712,189,0,0,0
dirichlet_0.1__moderate,dirichlet_0.1,moderate,3893939786,independent_bundle_maxmin,preinstalled,True,False,0.75,36.0,0.75,36.0,0.0,0.0,0.9481441048034934,95,0,0,0
dirichlet_0.1__moderate,dirichlet_0.1,moderate,3893939786,separable_leontief_relaxation,preinstalled,True,False,0.7291666666666666,35.0,0.7291666666666666,35.0,0.0,0.0,0.8968340611353712,189,0,0,0
dirichlet_0.1__moderate,dirichlet_0.1,moderate,3950032071,central_joint_leontief,optimal,True,False,0.8125,39.0,0.8125,39.0,0.0,0.0,0.9686213991769548,56,0,0,631
dirichlet_0.1__moderate,dirichlet_0.1,moderate,3950032071,distributed_price_leontief,preinstalled,True,False,0.8125,39.0,0.8125,39.0,0.0,0.0,0.9686213991769548,61,0,0,0
dirichlet_0.1__moderate,dirichlet_0.1,moderate,3950032071,drf,drf,True,False,0.8333333333333334,40.0,0.8333333333333334,40.0,0.0,0.0,0.9686213991769548,30,0,0,0
dirichlet_0.1__moderate,dirichlet_0.1,moderate,3950032071,equal,equal,True,False,0.7291666666666666,35.0,0.7291666666666666,35.0,0.0,0.0,0.9079218106995884,179,0,0,0
dirichlet_0.1__moderate,dirichlet_0.1,moderate,3950032071,independent_bundle_maxmin,preinstalled,True,False,0.7291666666666666,35.0,0.7291666666666666,35.0,0.0,0.0,0.9439300411522634,109,0,0,0
dirichlet_0.1__moderate,dirichlet_0.1,moderate,3950032071,separable_leontief_relaxation,preinstalled,True,False,0.7291666666666666,35.0,0.7291666666666666,35.0,0.0,0.0,0.9079218106995884,179,0,0,0
dirichlet_0.1__moderate,dirichlet_0.1,moderate,3955522292,central_joint_leontief,optimal,True,False,0.7916666666666666,38.0,0.7916666666666666,38.0,0.0,0.0,0.9615612063867534,64,0,0,615
dirichlet_0.1__moderate,dirichlet_0.1,moderate,3955522292,distributed_price_leontief,preinstalled,True,False,0.7916666666666666,38.0,0.7916666666666666,38.0,0.0,0.0,0.9615612063867534,65,0,0,0
dirichlet_0.1__moderate,dirichlet_0.1,moderate,3955522292,drf,drf,True,False,0.7291666666666666,35.0,0.7291666666666666,35.0,0.0,0.0,0.9231224127735068,78,0,0,0
dirichlet_0.1__moderate,dirichlet_0.1,moderate,3955522292,equal,equal,True,False,0.7083333333333334,34.0,0.7083333333333334,34.0,0.0,0.0,0.8740390301596689,213,0,0,0
dirichlet_0.1__moderate,dirichlet_0.1,moderate,3955522292,independent_bundle_maxmin,preinstalled,True,False,0.8125,39.0,0.8125,39.0,0.0,0.0,0.9633353045535187,62,0,0,0
dirichlet_0.1__moderate,dirichlet_0.1,moderate,3955522292,separable_leontief_relaxation,preinstalled,True,False,0.7083333333333334,34.0,0.7083333333333334,34.0,0.0,0.0,0.8740390301596689,213,0,0,0
dirichlet_0.1__moderate,dirichlet_0.1,moderate,4026759651,central_joint_leontief,optimal,True,False,0.7708333333333334,37.0,0.7708333333333334,37.0,0.0,0.0,0.9501347708894878,74,0,0,627
dirichlet_0.1__moderate,dirichlet_0.1,moderate,4026759651,distributed_price_leontief,preinstalled,True,False,0.7708333333333334,37.0,0.7708333333333334,37.0,0.0,0.0,0.9501347708894878,74,0,0,0
dirichlet_0.1__moderate,dirichlet_0.1,moderate,4026759651,drf,drf,True,False,0.7291666666666666,35.0,0.7291666666666666,35.0,0.0,0.0,0.9299191374663073,90,0,0,0
dirichlet_0.1__moderate,dirichlet_0.1,moderate,4026759651,equal,equal,True,False,0.6666666666666666,32.0,0.6875,33.0,0.0,0.0,0.8537735849056604,217,0,0,0
dirichlet_0.1__moderate,dirichlet_0.1,moderate,4026759651,independent_bundle_maxmin,preinstalled,True,False,0.75,36.0,0.75,36.0,0.0,0.0,0.9211590296495957,117,0,0,0
dirichlet_0.1__moderate,dirichlet_0.1,moderate,4026759651,separable_leontief_relaxation,preinstalled,True,False,0.6666666666666666,32.0,0.6875,33.0,0.0,0.0,0.8537735849056604,217,0,0,0
dirichlet_0.1__moderate,dirichlet_0.1,moderate,4031711447,central_joint_leontief,optimal,True,False,0.75,36.0,0.7708333333333334,37.0,0.0,0.0,0.9332460732984293,101,0,0,632
dirichlet_0.1__moderate,dirichlet_0.1,moderate,4031711447,distributed_price_leontief,preinstalled,True,False,0.75,36.0,0.7708333333333334,37.0,0.0,0.0,0.9332460732984293,102,0,0,0
dirichlet_0.1__moderate,dirichlet_0.1,moderate,4031711447,drf,drf,True,False,0.75,36.0,0.75,36.0,0.0,0.0,0.9109947643979057,117,0,0,0
dirichlet_0.1__moderate,dirichlet_0.1,moderate,4031711447,equal,equal,True,False,0.7083333333333334,34.0,0.7083333333333334,34.0,0.0,0.0,0.8573298429319371,218,0,0,0
dirichlet_0.1__moderate,dirichlet_0.1,moderate,4031711447,independent_bundle_maxmin,preinstalled,True,False,0.7708333333333334,37.0,0.7708333333333334,37.0,0.0,0.0,0.9142670157068062,131,0,0,0
dirichlet_0.1__moderate,dirichlet_0.1,moderate,4031711447,separable_leontief_relaxation,preinstalled,True,False,0.7083333333333334,34.0,0.7083333333333334,34.0,0.0,0.0,0.8573298429319371,218,0,0,0
dirichlet_0.1__moderate,dirichlet_0.1,moderate,4037661888,central_joint_leontief,optimal,True,False,0.7708333333333334,37.0,0.7916666666666666,38.0,0.0,0.0,0.9590261282660333,69,0,0,629
dirichlet_0.1__moderate,dirichlet_0.1,moderate,4037661888,distributed_price_leontief,preinstalled,True,False,0.7708333333333334,37.0,0.7916666666666666,38.0,0.0,0.0,0.9590261282660333,69,0,0,0
dirichlet_0.1__moderate,dirichlet_0.1,moderate,4037661888,drf,drf,True,False,0.6875,33.0,0.6875,33.0,0.0,0.0,0.9002375296912114,72,0,0,0
dirichlet_0.1__moderate,dirichlet_0.1,moderate,4037661888,equal,equal,True,False,0.6875,33.0,0.7083333333333334,34.0,0.0,0.0,0.8776722090261283,206,0,0,0
dirichlet_0.1__moderate,dirichlet_0.1,moderate,4037661888,independent_bundle_maxmin,preinstalled,True,False,0.7708333333333334,37.0,0.7916666666666666,38.0,0.0,0.0,0.9590261282660333,69,0,0,0
dirichlet_0.1__moderate,dirichlet_0.1,moderate,4037661888,separable_leontief_relaxation,preinstalled,True,False,0.6875,33.0,0.7083333333333334,34.0,0.0,0.0,0.8776722090261283,206,0,0,0
dirichlet_0.1__moderate,dirichlet_0.1,moderate,4071416038,central_joint_leontief,optimal,True,False,0.7916666666666666,38.0,0.7916666666666666,38.0,0.0,0.0,0.9713524317121919,42,0,0,684
dirichlet_0.1__moderate,dirichlet_0.1,moderate,4071416038,distributed_price_leontief,preinstalled,True,False,0.7916666666666666,38.0,0.7916666666666666,38.0,0.0,0.0,0.9713524317121919,43,0,0,0
dirichlet_0.1__moderate,dirichlet_0.1,moderate,4071416038,drf,drf,True,False,0.75,36.0,0.75,36.0,0.0,0.0,0.9420386409060626,70,0,0,0
dirichlet_0.1__moderate,dirichlet_0.1,moderate,4071416038,equal,equal,True,False,0.7083333333333334,34.0,0.7083333333333334,34.0,0.0,0.0,0.8520986009327115,222,0,0,4
dirichlet_0.1__moderate,dirichlet_0.1,moderate,4071416038,independent_bundle_maxmin,preinstalled,True,False,0.75,36.0,0.75,36.0,0.0,0.0,0.8894070619586942,166,0,0,0
dirichlet_0.1__moderate,dirichlet_0.1,moderate,4071416038,separable_leontief_relaxation,preinstalled,True,False,0.7083333333333334,34.0,0.7083333333333334,34.0,0.0,0.0,0.8520986009327115,222,0,0,0
dirichlet_0.1__moderate,dirichlet_0.1,moderate,4085652262,central_joint_leontief,optimal,True,False,0.7708333333333334,37.0,0.7708333333333334,37.0,0.0,0.0,0.9492419248516809,76,0,0,667
dirichlet_0.1__moderate,dirichlet_0.1,moderate,4085652262,distributed_price_leontief,preinstalled,True,False,0.7708333333333334,37.0,0.7708333333333334,37.0,0.0,0.0,0.9492419248516809,77,0,0,0
dirichlet_0.1__moderate,dirichlet_0.1,moderate,4085652262,drf,drf,True,False,0.6666666666666666,32.0,0.6875,33.0,0.0,0.0,0.8852999340804218,117,0,0,0
dirichlet_0.1__moderate,dirichlet_0.1,moderate,4085652262,equal,equal,True,False,0.7083333333333334,34.0,0.7291666666666666,35.0,0.0,0.0,0.9103493737640079,136,0,0,0
dirichlet_0.1__moderate,dirichlet_0.1,moderate,4085652262,independent_bundle_maxmin,preinstalled,True,False,0.75,36.0,0.75,36.0,0.0,0.0,0.9255108767303889,113,0,0,0
dirichlet_0.1__moderate,dirichlet_0.1,moderate,4085652262,separable_leontief_relaxation,preinstalled,True,False,0.7083333333333334,34.0,0.7291666666666666,35.0,0.0,0.0,0.9103493737640079,136,0,0,0
dirichlet_0.1__moderate,dirichlet_0.1,moderate,4118709976,central_joint_leontief,optimal,True,False,0.7916666666666666,38.0,0.7916666666666666,38.0,0.0,0.0,0.9427414690572585,89,0,0,669
dirichlet_0.1__moderate,dirichlet_0.1,moderate,4118709976,distributed_price_leontief,preinstalled,True,False,0.7916666666666666,38.0,0.7916666666666666,38.0,0.0,0.0,0.9323308270676691,117,0,0,0
dirichlet_0.1__moderate,dirichlet_0.1,moderate,4118709976,drf,drf,True,False,0.7083333333333334,34.0,0.7083333333333334,34.0,0.0,0.0,0.8687102371312898,101,0,0,0
dirichlet_0.1__moderate,dirichlet_0.1,moderate,4118709976,equal,equal,True,False,0.7708333333333334,37.0,0.7708333333333334,37.0,0.0,0.0,0.8681318681318682,228,0,0,0
dirichlet_0.1__moderate,dirichlet_0.1,moderate,4118709976,independent_bundle_maxmin,preinstalled,True,False,0.7708333333333334,37.0,0.7708333333333334,37.0,0.0,0.0,0.9242336610757663,131,0,0,0
dirichlet_0.1__moderate,dirichlet_0.1,moderate,4118709976,separable_leontief_relaxation,preinstalled,True,False,0.7708333333333334,37.0,0.7708333333333334,37.0,0.0,0.0,0.8681318681318682,228,0,0,0
dirichlet_0.1__moderate,dirichlet_0.1,moderate,4148675945,central_joint_leontief,optimal,True,False,0.8333333333333334,40.0,0.8333333333333334,40.0,0.0,0.0,0.9854721549636803,23,0,0,640
dirichlet_0.1__moderate,dirichlet_0.1,moderate,4148675945,distributed_price_leontief,preinstalled,True,False,0.8333333333333334,40.0,0.8333333333333334,40.0,0.0,0.0,0.9745762711864406,42,0,0,0
dirichlet_0.1__moderate,dirichlet_0.1,moderate,4148675945,drf,drf,True,False,0.7916666666666666,38.0,0.7916666666666666,38.0,0.0,0.0,0.9164648910411622,113,0,0,0
dirichlet_0.1__moderate,dirichlet_0.1,moderate,4148675945,equal,equal,True,False,0.75,36.0,0.7708333333333334,37.0,0.0,0.0,0.9182808716707022,135,0,0,0
dirichlet_0.1__moderate,dirichlet_0.1,moderate,4148675945,independent_bundle_maxmin,preinstalled,True,False,0.75,36.0,0.7708333333333334,37.0,0.0,0.0,0.9473365617433414,87,0,0,0
dirichlet_0.1__moderate,dirichlet_0.1,moderate,4148675945,separable_leontief_relaxation,preinstalled,True,False,0.75,36.0,0.7708333333333334,37.0,0.0,0.0,0.9182808716707022,135,0,0,0
dirichlet_0.1__moderate,dirichlet_0.1,moderate,4169915556,central_joint_leontief,optimal,True,False,0.75,36.0,0.7708333333333334,37.0,0.0,0.0,0.953421506612996,80,0,0,662
dirichlet_0.1__moderate,dirichlet_0.1,moderate,4169915556,distributed_price_leontief,preinstalled,True,False,0.7291666666666666,35.0,0.7708333333333334,37.0,0.0,0.0,0.9384703852788959,107,0,0,0
dirichlet_0.1__moderate,dirichlet_0.1,moderate,4169915556,drf,drf,True,False,0.75,36.0,0.75,36.0,0.0,0.0,0.9309948246118459,95,0,0,0
dirichlet_0.1__moderate,dirichlet_0.1,moderate,4169915556,equal,equal,True,False,0.6666666666666666,32.0,0.6666666666666666,32.0,0.0,0.0,0.8746405980448534,218,0,0,0
dirichlet_0.1__moderate,dirichlet_0.1,moderate,4169915556,independent_bundle_maxmin,preinstalled,True,False,0.7291666666666666,35.0,0.7291666666666666,35.0,0.0,0.0,0.8901667625071881,191,0,0,0
dirichlet_0.1__moderate,dirichlet_0.1,moderate,4169915556,separable_leontief_relaxation,preinstalled,True,False,0.6666666666666666,32.0,0.6666666666666666,32.0,0.0,0.0,0.8746405980448534,218,0,0,0
dirichlet_0.1__moderate,dirichlet_0.1,moderate,4209074295,central_joint_leontief,optimal,True,False,0.7916666666666666,38.0,0.7916666666666666,38.0,0.0,0.0,0.9346590909090909,105,0,0,635
dirichlet_0.1__moderate,dirichlet_0.1,moderate,4209074295,distributed_price_leontief,preinstalled,True,False,0.7916666666666666,38.0,0.7916666666666666,38.0,0.0,0.0,0.9477272727272728,92,0,0,0
dirichlet_0.1__moderate,dirichlet_0.1,moderate,4209074295,drf,drf,True,False,0.6875,33.0,0.6875,33.0,0.0,0.0,0.8778409090909091,78,0,0,0
dirichlet_0.1__moderate,dirichlet_0.1,moderate,4209074295,equal,equal,True,False,0.75,36.0,0.75,36.0,0.0,0.0,0.8846590909090909,203,0,0,0
dirichlet_0.1__moderate,dirichlet_0.1,moderate,4209074295,independent_bundle_maxmin,preinstalled,True,False,0.7916666666666666,38.0,0.7916666666666666,38.0,0.0,0.0,0.9409090909090909,104,0,0,0
dirichlet_0.1__moderate,dirichlet_0.1,moderate,4209074295,separable_leontief_relaxation,preinstalled,True,False,0.75,36.0,0.75,36.0,0.0,0.0,0.8846590909090909,203,0,0,0
dirichlet_0.1__moderate,dirichlet_0.1,moderate,4215538721,central_joint_leontief,optimal,True,False,0.7916666666666666,38.0,0.7916666666666666,38.0,0.0,0.0,0.9113170086035738,134,0,0,664
dirichlet_0.1__moderate,dirichlet_0.1,moderate,4215538721,distributed_price_leontief,preinstalled,True,False,0.7916666666666666,38.0,0.7916666666666666,38.0,0.0,0.0,0.9113170086035738,134,0,0,0
dirichlet_0.1__moderate,dirichlet_0.1,moderate,4215538721,drf,drf,True,False,0.75,36.0,0.7708333333333334,37.0,0.0,0.0,0.9053606882859033,115,0,0,0
dirichlet_0.1__moderate,dirichlet_0.1,moderate,4215538721,equal,equal,True,False,0.7291666666666666,35.0,0.7291666666666666,35.0,0.0,0.0,0.8424884182660489,238,0,0,0
dirichlet_0.1__moderate,dirichlet_0.1,moderate,4215538721,independent_bundle_maxmin,preinstalled,True,False,0.7916666666666666,38.0,0.7916666666666666,38.0,0.0,0.0,0.9444076770350761,84,0,0,0
dirichlet_0.1__moderate,dirichlet_0.1,moderate,4215538721,separable_leontief_relaxation,preinstalled,True,False,0.7291666666666666,35.0,0.7291666666666666,35.0,0.0,0.0,0.8424884182660489,238,0,0,0
dirichlet_0.1__moderate,dirichlet_0.1,moderate,4224506899,central_joint_leontief,optimal,True,False,0.8125,39.0,0.8333333333333334,40.0,0.0,0.0,0.9583066067992303,56,0,0,627
dirichlet_0.1__moderate,dirichlet_0.1,moderate,4224506899,distributed_price_leontief,preinstalled,True,False,0.8125,39.0,0.8333333333333334,40.0,0.0,0.0,0.9608723540731238,61,0,0,0
dirichlet_0.1__moderate,dirichlet_0.1,moderate,4224506899,drf,drf,True,False,0.75,36.0,0.75,36.0,0.0,0.0,0.9159717767799872,38,0,0,0
dirichlet_0.1__moderate,dirichlet_0.1,moderate,4224506899,equal,equal,True,False,0.75,36.0,0.7708333333333334,37.0,0.0,0.0,0.8428479794740218,245,0,0,0
dirichlet_0.1__moderate,dirichlet_0.1,moderate,4224506899,independent_bundle_maxmin,preinstalled,True,False,0.7708333333333334,37.0,0.7916666666666666,38.0,0.0,0.0,0.9082745349583066,143,0,0,0
dirichlet_0.1__moderate,dirichlet_0.1,moderate,4224506899,separable_leontief_relaxation,preinstalled,True,False,0.75,36.0,0.7708333333333334,37.0,0.0,0.0,0.8428479794740218,245,0,0,0
dirichlet_0.1__moderate,dirichlet_0.1,moderate,4230076829,central_joint_leontief,optimal,True,False,0.7916666666666666,38.0,0.7916666666666666,38.0,0.0,0.0,0.9363938053097345,104,0,0,637
dirichlet_0.1__moderate,dirichlet_0.1,moderate,4230076829,distributed_price_leontief,preinstalled,True,False,0.7916666666666666,38.0,0.7916666666666666,38.0,0.0,0.0,0.9363938053097345,115,0,0,0
dirichlet_0.1__moderate,dirichlet_0.1,moderate,4230076829,drf,drf,True,False,0.8125,39.0,0.8125,39.0,0.0,0.0,0.9469026548672567,30,0,0,0
dirichlet_0.1__moderate,dirichlet_0.1,moderate,4230076829,equal,equal,True,False,0.7708333333333334,37.0,0.7708333333333334,37.0,0.0,0.0,0.9037610619469026,174,0,0,0
dirichlet_0.1__moderate,dirichlet_0.1,moderate,4230076829,independent_bundle_maxmin,preinstalled,True,False,0.7708333333333334,37.0,0.7708333333333334,37.0,0.0,0.0,0.9292035398230089,128,0,0,0
dirichlet_0.1__moderate,dirichlet_0.1,moderate,4230076829,separable_leontief_relaxation,preinstalled,True,False,0.7708333333333334,37.0,0.7708333333333334,37.0,0.0,0.0,0.9037610619469026,174,0,0,0
dirichlet_0.1__moderate,dirichlet_0.1,moderate,4253299686,central_joint_leontief,optimal,True,False,0.7708333333333334,37.0,0.7708333333333334,37.0,0.0,0.0,0.9343065693430657,107,0,0,626
dirichlet_0.1__moderate,dirichlet_0.1,moderate,4253299686,distributed_price_leontief,preinstalled,True,False,0.7708333333333334,37.0,0.7708333333333334,37.0,0.0,0.0,0.9343065693430657,117,0,0,0
dirichlet_0.1__moderate,dirichlet_0.1,moderate,4253299686,drf,drf,True,False,0.7291666666666666,35.0,0.7291666666666666,35.0,0.0,0.0,0.8938798427849522,90,0,0,0
dirichlet_0.1__moderate,dirichlet_0.1,moderate,4253299686,equal,equal,True,False,0.7291666666666666,35.0,0.7291666666666666,35.0,0.0,0.0,0.8781583380123527,217,0,0,0
dirichlet_0.1__moderate,dirichlet_0.1,moderate,4253299686,independent_bundle_maxmin,preinstalled,True,False,0.75,36.0,0.75,36.0,0.0,0.0,0.9258843346434588,132,0,0,0
dirichlet_0.1__moderate,dirichlet_0.1,moderate,4253299686,separable_leontief_relaxation,preinstalled,True,False,0.7291666666666666,35.0,0.7291666666666666,35.0,0.0,0.0,0.8781583380123527,217,0,0,0
dirichlet_0.1__moderate,dirichlet_0.1,moderate,4259560605,central_joint_leontief,optimal,True,False,0.7708333333333334,37.0,0.7916666666666666,38.0,0.0,0.0,0.9652576722640417,59,0,0,636
dirichlet_0.1__moderate,dirichlet_0.1,moderate,4259560605,distributed_price_leontief,preinstalled,True,False,0.7708333333333334,37.0,0.7916666666666666,38.0,0.0,0.0,0.9652576722640417,60,0,0,0
dirichlet_0.1__moderate,dirichlet_0.1,moderate,4259560605,drf,drf,True,False,0.7708333333333334,37.0,0.7708333333333334,37.0,0.0,0.0,0.9530978575564563,70,0,0,0
dirichlet_0.1__moderate,dirichlet_0.1,moderate,4259560605,equal,equal,True,False,0.6666666666666666,32.0,0.7083333333333334,34.0,0.0,0.0,0.9038795599305154,166,0,0,0
dirichlet_0.1__moderate,dirichlet_0.1,moderate,4259560605,independent_bundle_maxmin,preinstalled,True,False,0.7916666666666666,38.0,0.7916666666666666,38.0,0.0,0.0,0.9339895773016792,114,0,0,0
dirichlet_0.1__moderate,dirichlet_0.1,moderate,4259560605,separable_leontief_relaxation,preinstalled,True,False,0.6666666666666666,32.0,0.7083333333333334,34.0,0.0,0.0,0.9038795599305154,166,0,0,0
dirichlet_0.1__moderate,dirichlet_0.1,moderate,4283749312,central_joint_leontief,optimal,True,False,0.8125,39.0,0.8125,39.0,0.0,0.0,0.9650464227198252,63,0,0,635
dirichlet_0.1__moderate,dirichlet_0.1,moderate,4283749312,distributed_price_leontief,preinstalled,True,False,0.8125,39.0,0.8125,39.0,0.0,0.0,0.9650464227198252,64,0,0,0
dirichlet_0.1__moderate,dirichlet_0.1,moderate,4283749312,drf,drf,True,False,0.75,36.0,0.75,36.0,0.0,0.0,0.9448388858547242,84,0,0,0
dirichlet_0.1__moderate,dirichlet_0.1,moderate,4283749312,equal,equal,True,False,0.6875,33.0,0.6875,33.0,0.0,0.0,0.902785363189514,178,0,0,0
dirichlet_0.1__moderate,dirichlet_0.1,moderate,4283749312,independent_bundle_maxmin,preinstalled,True,False,0.7708333333333334,37.0,0.7708333333333334,37.0,0.0,0.0,0.9339158929546696,121,0,0,0
dirichlet_0.1__moderate,dirichlet_0.1,moderate,4283749312,separable_leontief_relaxation,preinstalled,True,False,0.6875,33.0,0.6875,33.0,0.0,0.0,0.902785363189514,178,0,0,0
