cell,regime,concentration,contention,contention_ratio,seed,task_workload_hash,scenario_hash,declaration_source,latent_probs_by_agent,realized_task_counts_by_agent,unique_archetypes_per_agent,frac_agents_all_four_archetypes,task_entropy_mean,task_mixture_tv_mean_pairwise,resource_demand_tv_mean_pairwise,resource_centroid_distance_mean,aggregate_mandatory_demand,capacity_by_resource,realized_contention_by_resource,active_resource_count
dirichlet_0.1__high,dirichlet_0.1,0.1,high,1.9,13163994,1e780f25771657ef,a517666e98ae3e3e,exact_pending_queue,"[[0.026088350404844845, 5.100748689441955e-05, 9.350434294501418e-08, 0.9738605486039179], [0.0025846323689815934, 3.549124171691582e-08, 0.011090720451698606, 0.9863246116880781], [0.9804029891671465, 0.019596903049466045, 8.075804956335572e-16, 1.0778338671875892e-07], [0.33119725757379526, 0.021820755029967595, 0.643849151857128, 0.003132835539109094], [0.00036135628316282816, 0.9740218192533009, 6.090772934445615e-06, 0.025610733690601864], [0.9943114947487781, 0.005688463776125428, 4.147509645446354e-08, 1.948237966052359e-21]]","[{""research"": 0, ""code_review"": 0, ""doc_processing"": 0, ""monitoring"": 8}, {""research"": 0, ""code_review"": 0, ""doc_processing"": 0, ""monitoring"": 8}, {""research"": 8, ""code_review"": 0, ""doc_processing"": 0, ""monitoring"": 0}, {""research"": 3, ""code_review"": 0, ""doc_processing"": 5, ""monitoring"": 0}, {""research"": 0, ""code_review"": 7, ""doc_processing"": 0, ""monitoring"": 1}, {""research"": 8, ""code_review"": 0, ""doc_processing"": 0, ""monitoring"": 0}]","[1, 1, 1, 2, 2, 1]",0.0,0.12483320384371345,0.8,0.14995441748019067,0.11324651230149513,"{""COMPUTE"": 962, ""MEMORY"": 840, ""API_CREDITS"": 432, ""DATASET"": 288}","{""COMPUTE"": 506, ""MEMORY"": 442, ""API_CREDITS"": 227, ""DATASET"": 152}","{""COMPUTE"": 1.901185770750988, ""MEMORY"": 1.9004524886877827, ""API_CREDITS"": 1.9030837004405285, ""DATASET"": 1.894736842105263}",4
dirichlet_0.1__high,dirichlet_0.1,0.1,high,1.9,47233068,678216927f90ead6,2c782f47dd96ae99,exact_pending_queue,"[[0.00012772367748659994, 0.010669991515802061, 2.836143868874668e-11, 0.9892022847783499], [0.6620266264980431, 0.28378205748692026, 2.9926918078496982e-18, 0.054191316015036586], [5.2614717363260304e-11, 5.011300293250928e-10, 0.9999764953248296, 2.3504121425703284e-05], [5.432754762770395e-10, 0.9995920475382521, 3.020330679166869e-08, 0.0004079217151656547], [1.3796357340203217e-16, 0.42686189477779857, 8.400324947647359e-17, 0.5731381052222012], [5.148013316628593e-06, 0.9999941839559502, 6.59114103607751e-07, 8.916629538229212e-09]]","[{""research"": 0, ""code_review"": 0, ""doc_processing"": 0, ""monitoring"": 8}, {""research"": 5, ""code_review"": 2, ""doc_processing"": 0, ""monitoring"": 1}, {""research"": 0, ""code_review"": 0, ""doc_processing"": 8, ""monitoring"": 0}, {""research"": 0, ""code_review"": 8, ""doc_processing"": 0, ""monitoring"": 0}, {""research"": 0, ""code_review"": 5, ""doc_processing"": 0, ""monitoring"": 3}, {""research"": 0, ""code_review"": 8, ""doc_processing"": 0, ""monitoring"": 0}]","[1, 3, 1, 1, 2, 1]",0.0,0.1877690786350303,0.7583333333333333,0.14421723974253156,0.09155796676062565,"{""COMPUTE"": 672, ""MEMORY"": 565, ""API_CREDITS"": 315, ""DATASET"": 136}","{""COMPUTE"": 354, ""MEMORY"": 297, ""API_CREDITS"": 166, ""DATASET"": 72}","{""COMPUTE"": 1.8983050847457628, ""MEMORY"": 1.9023569023569022, ""API_CREDITS"": 1.8975903614457832, ""DATASET"": 1.8888888888888888}",4
dirichlet_0.1__high,dirichlet_0.1,0.1,high,1.9,51953835,bd44f8a6a73baa95,a0cda3821883ad64,exact_pending_queue,"[[0.18217859382204152, 0.019202273116665242, 0.02770759828556693, 0.7709115347757263], [1.990680218566987e-05, 0.9739941065700854, 0.011331894760023732, 0.01465409186770495], [0.0007780802880467809, 0.14439998252177663, 0.10883280504635785, 0.7459891321438188], [0.001656141116916956, 5.466341028412892e-06, 0.9966977582348967, 0.0016406343071578787], [0.03861702045718707, 0.0010796122290299105, 4.6426190910414565e-05, 0.9602569411228726], [0.9689549357672261, 3.09007631526258e-05, 0.030796105621334183, 0.000218057848287148]]","[{""research"": 3, ""code_review"": 0, ""doc_processing"": 0, ""monitoring"": 5}, {""research"": 0, ""code_review"": 8, ""doc_processing"": 0, ""monitoring"": 0}, {""research"": 0, ""code_review"": 1, ""doc_processing"": 1, ""monitoring"": 6}, {""research"": 0, ""code_review"": 0, ""doc_processing"": 8, ""monitoring"": 0}, {""research"": 0, ""code_review"": 0, ""doc_processing"": 0, ""monitoring"": 8}, {""research"": 8, ""code_review"": 0, ""doc_processing"": 0, ""monitoring"": 0}]","[2, 1, 3, 1, 1, 1]",0.0,0.1679760106153415,0.825,0.15911390980853976,0.10306263957245791,"{""COMPUTE"": 814, ""MEMORY"": 706, ""API_CREDITS"": 350, ""DATASET"": 240}","{""COMPUTE"": 428, ""MEMORY"": 372, ""API_CREDITS"": 184, ""DATASET"": 126}","{""COMPUTE"": 1.9018691588785046, ""MEMORY"": 1.8978494623655915, ""API_CREDITS"": 1.9021739130434783, ""DATASET"": 1.9047619047619047}",4
dirichlet_0.1__high,dirichlet_0.1,0.1,high,1.9,71021215,4970021283759b8f,758bcabd7d6b9fd5,exact_pending_queue,"[[0.05166012098282695, 1.5550738677016647e-08, 0.008868633558224726, 0.9394712299082095], [6.190524900139802e-06, 0.7493144759648116, 0.2506793298378441, 3.672444267108452e-09], [0.37226111593646494, 0.011010186462731074, 3.92844618641784e-09, 0.6167286936723579], [2.4416205486721067e-06, 0.9354185396195989, 0.00011982406155774067, 0.06445919469829484], [1.9035352439404072e-06, 3.686568326370918e-10, 0.996288724052048, 0.0037093720440512694], [8.361389686270454e-06, 1.283174501186614e-06, 0.9994237707489789, 0.0005665846868336288]]","[{""research"": 0, ""code_review"": 0, ""doc_processing"": 0, ""monitoring"": 8}, {""research"": 0, ""code_review"": 3, ""doc_processing"": 5, ""monitoring"": 0}, {""research"": 2, ""code_review"": 0, ""doc_processing"": 0, ""monitoring"": 6}, {""research"": 0, ""code_review"": 7, ""doc_processing"": 0, ""monitoring"": 1}, {""research"": 0, ""code_review"": 0, ""doc_processing"": 8, ""monitoring"": 0}, {""research"": 0, ""code_review"": 0, ""doc_processing"": 8, ""monitoring"": 0}]","[1, 2, 2, 2, 1, 1]",0.0,0.19243971421530784,0.7583333333333333,0.15236298086875652,0.1105206578362087,"{""COMPUTE"": 750, ""MEMORY"": 609, ""API_CREDITS"": 319, ""DATASET"": 136}","{""COMPUTE"": 395, ""MEMORY"": 321, ""API_CREDITS"": 168, ""DATASET"": 72}","{""COMPUTE"": 1.8987341772151898, ""MEMORY"": 1.897196261682243, ""API_CREDITS"": 1.8988095238095237, ""DATASET"": 1.8888888888888888}",4
dirichlet_0.1__high,dirichlet_0.1,0.1,high,1.9,79596452,9fce6a29b84da1a2,6010d3d20fcafe4b,exact_pending_queue,"[[6.020650631220886e-06, 5.747991821439903e-06, 0.063062489037159, 0.9369257423203883], [0.00035678466090286777, 0.001977391543399429, 8.071648018921122e-06, 0.9976577521476788], [0.006331429922822773, 7.127250060762354e-13, 0.5092194993652323, 0.4844490707112322], [0.4844688055711699, 0.4362954958945059, 0.0792356985343218, 2.3360431458417215e-15], [0.2609342393062831, 0.0017768137891219253, 0.49966067160154026, 0.23762827530305472], [5.7854995951297554e-08, 5.518515022518511e-09, 0.05047191700328053, 0.9495280196232085]]","[{""research"": 0, ""code_review"": 0, ""doc_processing"": 2, ""monitoring"": 6}, {""research"": 0, ""code_review"": 0, ""doc_processing"": 0, ""monitoring"": 8}, {""research"": 0, ""code_review"": 0, ""doc_processing"": 5, ""monitoring"": 3}, {""research"": 7, ""code_review"": 1, ""doc_processing"": 0, ""monitoring"": 0}, {""research"": 2, ""code_review"": 0, ""doc_processing"": 5, ""monitoring"": 1}, {""research"": 0, ""code_review"": 0, ""doc_processing"": 0, ""monitoring"": 8}]","[2, 1, 2, 2, 3, 1]",0.0,0.30067262593992444,0.6333333333333333,0.14779943651787436,0.10390388764157493,"{""COMPUTE"": 788, ""MEMORY"": 695, ""API_CREDITS"": 305, ""DATASET"": 280}","{""COMPUTE"": 415, ""MEMORY"": 366, ""API_CREDITS"": 161, ""DATASET"": 147}","{""COMPUTE"": 1.8987951807228916, ""MEMORY"": 1.8989071038251366, ""API_CREDITS"": 1.8944099378881987, ""DATASET"": 1.9047619047619047}",4
dirichlet_0.1__high,dirichlet_0.1,0.1,high,1.9,105735450,8432fbbeef0cbe6a,a85ef7c1f2f7d7b6,exact_pending_queue,"[[3.889297909831816e-07, 0.9999310083997729, 6.849258699695264e-05, 1.1008343920173772e-07], [2.1976283798260838e-07, 0.025055610140277004, 0.9749439609835902, 2.091132948641279e-07], [0.9297001873657745, 6.685731272290504e-12, 0.032693633007444996, 0.03760617962009478], [0.6892086861677778, 2.1745647475273894e-06, 0.29519594926783665, 0.015593189999638157], [0.020836216852573298, 0.8941453772830639, 1.400857912056291e-05, 0.08500439728524219], [0.6060150276241854, 0.14998100461116862, 0.00010959404372338615, 0.2438943737209226]]","[{""research"": 0, ""code_review"": 8, ""doc_processing"": 0, ""monitoring"": 0}, {""research"": 0, ""code_review"": 1, ""doc_processing"": 7, ""monitoring"": 0}, {""research"": 7, ""code_review"": 0, ""doc_processing"": 0, ""monitoring"": 1}, {""research"": 8, ""code_review"": 0, ""doc_processing"": 0, ""monitoring"": 0}, {""research"": 0, ""code_review"": 8, ""doc_processing"": 0, ""monitoring"": 0}, {""research"": 7, ""code_review"": 1, ""doc_processing"": 0, ""monitoring"": 0}]","[1, 2, 2, 1, 1, 2]",0.0,0.1358911107998991,0.7166666666666667,0.0625100400421662,0.04690111214035474,"{""COMPUTE"": 1090, ""MEMORY"": 903, ""API_CREDITS"": 553, ""DATASET"": 184}","{""COMPUTE"": 574, ""MEMORY"": 475, ""API_CREDITS"": 291, ""DATASET"": 97}","{""COMPUTE"": 1.8989547038327526, ""MEMORY"": 1.9010526315789473, ""API_CREDITS"": 1.9003436426116838, ""DATASET"": 1.8969072164948453}",4
dirichlet_0.1__high,dirichlet_0.1,0.1,high,1.9,119160524,2bdf59e09aff08de,266a34f42325dd6d,exact_pending_queue,"[[0.00018639655817829698, 0.00539773438957133, 0.04276322547627647, 0.9516526435759739], [0.9999911606075115, 2.286804185729128e-12, 8.839003223146144e-06, 3.869786296916982e-10], [0.10047568945038249, 0.8933492263993237, 2.107252997915807e-10, 0.006175083939568456], [2.6737251058482785e-07, 1.140464342560563e-05, 0.9879410786249104, 0.012047249359153288], [2.960177125308927e-06, 0.6611277755114338, 0.3388667755575598, 2.4887538811552706e-06], [0.9608494544545026, 0.011501577358584883, 1.1286695160903189e-12, 0.027648968185783825]]","[{""research"": 0, ""code_review"": 0, ""doc_processing"": 0, ""monitoring"": 8}, {""research"": 8, ""code_review"": 0, ""doc_processing"": 0, ""monitoring"": 0}, {""research"": 0, ""code_review"": 8, ""doc_processing"": 0, ""monitoring"": 0}, {""research"": 0, ""code_review"": 0, ""doc_processing"": 8, ""monitoring"": 0}, {""research"": 0, ""code_review"": 4, ""doc_processing"": 4, ""monitoring"": 0}, {""research"": 8, ""code_review"": 0, ""doc_processing"": 0, ""monitoring"": 0}]","[1, 1, 1, 1, 2, 1]",0.0,0.08333333333333333,0.8666666666666667,0.13714063714063712,0.08699710783044114,"{""COMPUTE"": 992, ""MEMORY"": 824, ""API_CREDITS"": 472, ""DATASET"": 192}","{""COMPUTE"": 522, ""MEMORY"": 434, ""API_CREDITS"": 248, ""DATASET"": 101}","{""COMPUTE"": 1.9003831417624522, ""MEMORY"": 1.8986175115207373, ""API_CREDITS"": 1.903225806451613, ""DATASET"": 1.900990099009901}",4
dirichlet_0.1__high,dirichlet_0.1,0.1,high,1.9,144382842,0264560557189c0c,6dcadc206182cf56,exact_pending_queue,"[[0.9043238183762886, 4.8433938730506924e-05, 0.09470887230265465, 0.0009188753823262926], [0.0893406999694689, 0.06450802809558384, 0.8461512719348421, 1.051518407384176e-13], [0.9160875509166381, 2.476944486015285e-12, 0.0027565136803890367, 0.08115593540049602], [0.0014513086659399264, 7.658732553455366e-11, 0.01815575961673086, 0.980392931640742], [9.676686779189217e-06, 0.8124719241636313, 0.1732248388329663, 0.01429356031662325], [0.4997243477379715, 0.09219415034903936, 0.4029471081338186, 0.0051343937791706075]]","[{""research"": 8, ""code_review"": 0, ""doc_processing"": 0, ""monitoring"": 0}, {""research"": 0, ""code_review"": 0, ""doc_processing"": 8, ""monitoring"": 0}, {""research"": 7, ""code_review"": 0, ""doc_processing"": 0, ""monitoring"": 1}, {""research"": 0, ""code_review"": 0, ""doc_processing"": 0, ""monitoring"": 8}, {""research"": 0, ""code_review"": 7, ""doc_processing"": 1, ""monitoring"": 0}, {""research"": 4, ""code_review"": 1, ""doc_processing"": 3, ""monitoring"": 0}]","[1, 1, 2, 1, 2, 3]",0.0,0.20773066238572993,0.8166666666666667,0.1315698280028498,0.07997822434478716,"{""COMPUTE"": 1062, ""MEMORY"": 888, ""API_CREDITS"": 500, ""DATASET"": 224}","{""COMPUTE"": 559, ""MEMORY"": 467, ""API_CREDITS"": 263, ""DATASET"": 118}","{""COMPUTE"": 1.8998211091234347, ""MEMORY"": 1.9014989293361884, ""API_CREDITS"": 1.9011406844106464, ""DATASET"": 1.8983050847457628}",4
dirichlet_0.1__high,dirichlet_0.1,0.1,high,1.9,154011620,ce256c3c302a8aeb,2a36c04b9d7594c1,exact_pending_queue,"[[0.02562368676479284, 1.6052954134068651e-16, 5.558088044581291e-05, 0.9743207323547611], [0.0002555931650316525, 0.37856293653222617, 0.5733275005351997, 0.04785396976754238], [0.9999510134257729, 4.7652463784888224e-05, 1.3333566931703325e-06, 7.537491774680814e-10], [0.0032767988515354876, 1.64814645108616e-07, 0.33304899792209236, 0.6636740384117271], [0.9942251511201784, 0.005772312031423242, 2.303477972062719e-15, 2.536848396090071e-06], [0.156075211280507, 2.9741383279879254e-09, 0.0012504214881568756, 0.8426743642571978]]","[{""research"": 0, ""code_review"": 0, ""doc_processing"": 0, ""monitoring"": 8}, {""research"": 0, ""code_review"": 2, ""doc_processing"": 6, ""monitoring"": 0}, {""research"": 8, ""code_review"": 0, ""doc_processing"": 0, ""monitoring"": 0}, {""research"": 0, ""code_review"": 0, ""doc_processing"": 1, ""monitoring"": 7}, {""research"": 8, ""code_review"": 0, ""doc_processing"": 0, ""monitoring"": 0}, {""research"": 2, ""code_review"": 0, ""doc_processing"": 0, ""monitoring"": 6}]","[1, 2, 1, 2, 1, 2]",0.0,0.1805100576764885,0.7333333333333333,0.1479541150311187,0.09944678887842846,"{""COMPUTE"": 954, ""MEMORY"": 839, ""API_CREDITS"": 409, ""DATASET"": 312}","{""COMPUTE"": 502, ""MEMORY"": 442, ""API_CREDITS"": 215, ""DATASET"": 164}","{""COMPUTE"": 1.900398406374502, ""MEMORY"": 1.8981900452488687, ""API_CREDITS"": 1.9023255813953488, ""DATASET"": 1.9024390243902438}",4
dirichlet_0.1__high,dirichlet_0.1,0.1,high,1.9,160641470,692dc4949b43b077,93000dd5baa31d79,exact_pending_queue,"[[0.672748233084381, 0.326811626070578, 0.0004399428004562461, 1.980445846648514e-07], [0.2505881531516013, 5.262736185331783e-10, 5.753937413419731e-15, 0.7494118463221193], [7.118276908566961e-10, 1.098901764829547e-10, 3.463910408323516e-12, 0.9999999991748183], [4.659780818288582e-09, 0.9989871671324092, 0.001010330846991935, 2.4973608180820046e-06], [0.05889294735761842, 0.9335278592804857, 0.00024652578227013754, 0.007332667579625781], [0.92777213019374, 0.04632883551255525, 0.02589898193224115, 5.2361463599711893e-08]]","[{""research"": 5, ""code_review"": 3, ""doc_processing"": 0, ""monitoring"": 0}, {""research"": 2, ""code_review"": 0, ""doc_processing"": 0, ""monitoring"": 6}, {""research"": 0, ""code_review"": 0, ""doc_processing"": 0, ""monitoring"": 8}, {""research"": 0, ""code_review"": 8, ""doc_processing"": 0, ""monitoring"": 0}, {""research"": 2, ""code_review"": 5, ""doc_processing"": 0, ""monitoring"": 1}, {""research"": 8, ""code_review"": 0, ""doc_processing"": 0, ""monitoring"": 0}]","[2, 2, 1, 1, 3, 1]",0.0,0.2553755890066247,0.7166666666666667,0.13321758149342944,0.08878999662480051,"{""COMPUTE"": 858, ""MEMORY"": 756, ""API_CREDITS"": 400, ""DATASET"": 256}","{""COMPUTE"": 452, ""MEMORY"": 398, ""API_CREDITS"": 211, ""DATASET"": 135}","{""COMPUTE"": 1.8982300884955752, ""MEMORY"": 1.899497487437186, ""API_CREDITS"": 1.8957345971563981, ""DATASET"": 1.8962962962962964}",4
dirichlet_0.1__high,dirichlet_0.1,0.1,high,1.9,171451216,bcdaa693195308ce,9fdd4f06fd5cc70b,exact_pending_queue,"[[5.954920903699959e-05, 9.020411694909203e-05, 0.09404980779442247, 0.9058004388795914], [8.1084501278884e-09, 3.6072812696873534e-15, 6.7132851960823e-06, 0.9999932786063502], [8.764921736587727e-06, 7.796941433330141e-07, 1.8175328291789246e-09, 0.9999904535665872], [0.24285680555124187, 0.7566429182126334, 0.0005002440083227613, 3.222780179655375e-08], [0.9166863269607022, 2.530512754424273e-15, 0.08331365711529044, 1.5924004869946766e-08], [1.652195805931697e-11, 0.0054593446054556054, 0.5841160428868042, 0.41042461249121825]]","[{""research"": 0, ""code_review"": 0, ""doc_processing"": 2, ""monitoring"": 6}, {""research"": 0, ""code_review"": 0, ""doc_processing"": 0, ""monitoring"": 8}, {""research"": 0, ""code_review"": 0, ""doc_processing"": 0, ""monitoring"": 8}, {""research"": 3, ""code_review"": 5, ""doc_processing"": 0, ""monitoring"": 0}, {""research"": 8, ""code_review"": 0, ""doc_processing"": 0, ""monitoring"": 0}, {""research"": 0, ""code_review"": 0, ""doc_processing"": 3, ""monitoring"": 5}]","[2, 1, 1, 2, 1, 2]",0.0,0.2266788441924219,0.6666666666666666,0.13675238150603114,0.0912861407890681,"{""COMPUTE"": 750, ""MEMORY"": 682, ""API_CREDITS"": 294, ""DATASET"": 304}","{""COMPUTE"": 395, ""MEMORY"": 359, ""API_CREDITS"": 155, ""DATASET"": 160}","{""COMPUTE"": 1.8987341772151898, ""MEMORY"": 1.8997214484679665, ""API_CREDITS"": 1.896774193548387, ""DATASET"": 1.9}",4
dirichlet_0.1__high,dirichlet_0.1,0.1,high,1.9,214605580,e837d2ff0fd809f3,c4ea8d54b987a47f,exact_pending_queue,"[[1.201640443584293e-08, 0.536172559088119, 0.4296947456817637, 0.03413268321371272], [0.4470581649942488, 0.007911723194743559, 5.7468248076285565e-06, 0.5450243649861999], [0.9999985917555866, 3.69424601949471e-12, 4.676647776290362e-15, 1.4082407144462284e-06], [1.2471244875014351e-06, 0.364082723078357, 0.04011799177628758, 0.5957980380208678], [0.0008579969759184148, 0.00025687381642592265, 0.9982953061137122, 0.0005898230939434966], [0.9983502774777998, 3.733535065722864e-06, 5.156767159169097e-10, 0.0016459884714576881]]","[{""research"": 0, ""code_review"": 3, ""doc_processing"": 5, ""monitoring"": 0}, {""research"": 4, ""code_review"": 0, ""doc_processing"": 0, ""monitoring"": 4}, {""research"": 8, ""code_review"": 0, ""doc_processing"": 0, ""monitoring"": 0}, {""research"": 0, ""code_review"": 1, ""doc_processing"": 0, ""monitoring"": 7}, {""research"": 0, ""code_review"": 0, ""doc_processing"": 8, ""monitoring"": 0}, {""research"": 8, ""code_review"": 0, ""doc_processing"": 0, ""monitoring"": 0}]","[2, 2, 1, 2, 1, 1]",0.0,0.20816653717704678,0.7833333333333333,0.12411180910158937,0.07766035748917713,"{""COMPUTE"": 1094, ""MEMORY"": 919, ""API_CREDITS"": 505, ""DATASET"": 248}","{""COMPUTE"": 576, ""MEMORY"": 484, ""API_CREDITS"": 266, ""DATASET"": 131}","{""COMPUTE"": 1.8993055555555556, ""MEMORY"": 1.8987603305785123, ""API_CREDITS"": 1.8984962406015038, ""DATASET"": 1.8931297709923665}",4
dirichlet_0.1__high,dirichlet_0.1,0.1,high,1.9,215326899,072f92d25703eb1f,9c0fde7ea9dcec17,exact_pending_queue,"[[0.00016851441940384987, 1.7714395972818394e-05, 0.9998126760365951, 1.0951480281319826e-06], [0.0128823320364355, 7.679239317312015e-05, 0.9834036718323091, 0.003637203738082231], [0.40772284568742, 0.0006670878363668843, 0.03520919899995854, 0.5564008674762545], [5.317034723811305e-05, 0.0002936558179207635, 2.4254162029127965e-07, 0.9996529312932209], [9.008101077374807e-05, 0.9396849209139263, 0.00195339492081675, 0.05827160315448321], [0.000853017145808515, 0.9988238285982924, 0.0002803169753795722, 4.2837280519470733e-05]]","[{""research"": 0, ""code_review"": 0, ""doc_processing"": 8, ""monitoring"": 0}, {""research"": 0, ""code_review"": 0, ""doc_processing"": 8, ""monitoring"": 0}, {""research"": 2, ""code_review"": 0, ""doc_processing"": 0, ""monitoring"": 6}, {""research"": 0, ""code_review"": 0, ""doc_processing"": 0, ""monitoring"": 8}, {""research"": 0, ""code_review"": 8, ""doc_processing"": 0, ""monitoring"": 0}, {""research"": 0, ""code_review"": 8, ""doc_processing"": 0, ""monitoring"": 0}]","[1, 1, 2, 1, 1, 1]",0.0,0.0676065103715944,0.8166666666666667,0.15730614766759346,0.11495554869048845,"{""COMPUTE"": 692, ""MEMORY"": 568, ""API_CREDITS"": 304, ""DATASET"": 128}","{""COMPUTE"": 364, ""MEMORY"": 299, ""API_CREDITS"": 160, ""DATASET"": 67}","{""COMPUTE"": 1.901098901098901, ""MEMORY"": 1.899665551839465, ""API_CREDITS"": 1.9, ""DATASET"": 1.9104477611940298}",4
dirichlet_0.1__high,dirichlet_0.1,0.1,high,1.9,251198272,76e1d0c0c1c911ff,0922eb2ca14c1541,exact_pending_queue,"[[0.003936338013575621, 0.008729231614678413, 0.841925471733835, 0.14540895863791084], [0.0005081279197676609, 0.5383762376239783, 0.40681356329255475, 0.054302071163699346], [1.274609873130078e-07, 2.2289008778819796e-07, 0.5916139069418715, 0.40838574270705336], [0.32722975633194323, 0.0010008567624924603, 0.6129999928872676, 0.05876939401829669], [0.005496323794351176, 0.01399396373157035, 4.206691145110826e-06, 0.9805055057829334], [0.9999788662712138, 2.487924661377575e-12, 1.4342517221766564e-10, 2.1133582873126517e-05]]","[{""research"": 0, ""code_review"": 0, ""doc_processing"": 8, ""monitoring"": 0}, {""research"": 0, ""code_review"": 3, ""doc_processing"": 4, ""monitoring"": 1}, {""research"": 0, ""code_review"": 0, ""doc_processing"": 5, ""monitoring"": 3}, {""research"": 1, ""code_review"": 0, ""doc_processing"": 7, ""monitoring"": 0}, {""research"": 0, ""code_review"": 0, ""doc_processing"": 0, ""monitoring"": 8}, {""research"": 8, ""code_review"": 0, ""doc_processing"": 0, ""monitoring"": 0}]","[1, 3, 2, 2, 1, 1]",0.0,0.241969792362844,0.7083333333333334,0.1270349281312196,0.08222287182924788,"{""COMPUTE"": 960, ""MEMORY"": 777, ""API_CREDITS"": 423, ""DATASET"": 168}","{""COMPUTE"": 505, ""MEMORY"": 409, ""API_CREDITS"": 223, ""DATASET"": 88}","{""COMPUTE"": 1.900990099009901, ""MEMORY"": 1.8997555012224938, ""API_CREDITS"": 1.8968609865470851, ""DATASET"": 1.9090909090909092}",4
dirichlet_0.1__high,dirichlet_0.1,0.1,high,1.9,278470677,0683c7d65abd5df1,6dcce745416805f5,exact_pending_queue,"[[0.0006197869270105038, 0.006602337817299552, 0.992447196105417, 0.00033067915027273204], [0.00010331985288444305, 6.23101374810341e-16, 0.9567740101197942, 0.043122670027320606], [0.9664440932030909, 2.893858845432878e-12, 1.3068843699867092e-12, 0.03355590679270824], [1.6318017401698452e-05, 0.00010915926649103459, 7.56006596935263e-05, 0.9997989220564139], [0.22443673062659342, 0.013216288732581188, 0.10858786034555944, 0.653759120295266], [0.9948560163268192, 0.002191357132502178, 2.6813438554276483e-09, 0.0029526238593347285]]","[{""research"": 0, ""code_review"": 0, ""doc_processing"": 8, ""monitoring"": 0}, {""research"": 0, ""code_review"": 0, ""doc_processing"": 7, ""monitoring"": 1}, {""research"": 8, ""code_review"": 0, ""doc_processing"": 0, ""monitoring"": 0}, {""research"": 0, ""code_review"": 0, ""doc_processing"": 0, ""monitoring"": 8}, {""research"": 0, ""code_review"": 0, ""doc_processing"": 2, ""monitoring"": 6}, {""research"": 8, ""code_review"": 0, ""doc_processing"": 0, ""monitoring"": 0}]","[1, 2, 1, 1, 2, 1]",0.0,0.1129035473048941,0.775,0.14304897067328007,0.09524116579825603,"{""COMPUTE"": 1038, ""MEMORY"": 871, ""API_CREDITS"": 457, ""DATASET"": 248}","{""COMPUTE"": 546, ""MEMORY"": 458, ""API_CREDITS"": 241, ""DATASET"": 131}","{""COMPUTE"": 1.901098901098901, ""MEMORY"": 1.9017467248908297, ""API_CREDITS"": 1.896265560165975, ""DATASET"": 1.8931297709923665}",4
dirichlet_0.1__high,dirichlet_0.1,0.1,high,1.9,300256241,2b347b5de4ad1018,297c1c2bc12a41ab,exact_pending_queue,"[[1.7252680482782547e-06, 0.006453629034960516, 1.3039500553513654e-05, 0.9935316061964378], [0.9982760896988736, 5.128034673705292e-06, 0.0017187822663954071, 5.728722510794594e-14], [1.617909884331351e-08, 0.9090824470458975, 7.356118876794941e-08, 0.09091746321381483], [0.20929760119960314, 0.7893287100999756, 5.078626797570307e-08, 0.0013736379141533405], [0.0025998375349275435, 0.012965555291719024, 0.0003023505013121017, 0.9841322566720413], [0.9305170765157339, 0.0012928126382839775, 0.06819011083385636, 1.2125803260971606e-11]]","[{""research"": 0, ""code_review"": 0, ""doc_processing"": 0, ""monitoring"": 8}, {""research"": 8, ""code_review"": 0, ""doc_processing"": 0, ""monitoring"": 0}, {""research"": 0, ""code_review"": 8, ""doc_processing"": 0, ""monitoring"": 0}, {""research"": 2, ""code_review"": 6, ""doc_processing"": 0, ""monitoring"": 0}, {""research"": 0, ""code_review"": 0, ""doc_processing"": 0, ""monitoring"": 8}, {""research"": 7, ""code_review"": 0, ""doc_processing"": 1, ""monitoring"": 0}]","[1, 1, 1, 2, 1, 2]",0.0,0.1129035473048941,0.7916666666666666,0.16262965615375252,0.11846556778785694,"{""COMPUTE"": 868, ""MEMORY"": 765, ""API_CREDITS"": 399, ""DATASET"": 264}","{""COMPUTE"": 457, ""MEMORY"": 403, ""API_CREDITS"": 210, ""DATASET"": 139}","{""COMPUTE"": 1.899343544857768, ""MEMORY"": 1.8982630272952854, ""API_CREDITS"": 1.9, ""DATASET"": 1.8992805755395683}",4
dirichlet_0.1__high,dirichlet_0.1,0.1,high,1.9,386905649,99a927996c4e639f,3273fd3e07aa2d7d,exact_pending_queue,"[[4.19770285739809e-13, 0.9952963243445898, 0.00470367007244683, 5.582543584324407e-09], [0.0009588621854813138, 1.4211178227171451e-24, 4.277822082336333e-10, 0.9990411373867364], [0.00031245977535633915, 0.00034993049498349574, 0.9992745029174886, 6.310681217138303e-05], [0.038601947881345966, 3.3506684278205777e-07, 0.0012485897763118094, 0.9601491272754994], [6.572983845119358e-17, 0.9999963042418406, 3.6766417547351485e-06, 1.9116404446231724e-08], [0.005639265020181408, 0.20857944299990733, 6.336518130960204e-05, 0.7857179267986016]]","[{""research"": 0, ""code_review"": 8, ""doc_processing"": 0, ""monitoring"": 0}, {""research"": 0, ""code_review"": 0, ""doc_processing"": 0, ""monitoring"": 8}, {""research"": 0, ""code_review"": 0, ""doc_processing"": 8, ""monitoring"": 0}, {""research"": 0, ""code_review"": 0, ""doc_processing"": 0, ""monitoring"": 8}, {""research"": 0, ""code_review"": 8, ""doc_processing"": 0, ""monitoring"": 0}, {""research"": 0, ""code_review"": 0, ""doc_processing"": 0, ""monitoring"": 8}]","[1, 1, 1, 1, 1, 1]",0.0,0.0,0.7333333333333333,0.19786324786324788,0.16025641025641027,"{""COMPUTE"": 528, ""MEMORY"": 472, ""API_CREDITS"": 200, ""DATASET"": 192}","{""COMPUTE"": 278, ""MEMORY"": 248, ""API_CREDITS"": 105, ""DATASET"": 101}","{""COMPUTE"": 1.8992805755395683, ""MEMORY"": 1.903225806451613, ""API_CREDITS"": 1.9047619047619047, ""DATASET"": 1.900990099009901}",4
dirichlet_0.1__high,dirichlet_0.1,0.1,high,1.9,406271647,e514de482b753ab2,bda4d65da709bc35,exact_pending_queue,"[[0.3000036602993688, 2.533208168802514e-18, 3.898518827495019e-13, 0.6999963397002412], [2.315458015809668e-07, 0.9999939815534417, 2.571391219510915e-08, 5.761186844589715e-06], [2.688317795997507e-10, 0.004256491532445666, 0.9954618041988218, 0.00028170399990058893], [0.06266588082700743, 2.710409725162422e-06, 0.00041006309875099, 0.9369213456645163], [7.800326535273877e-13, 0.6791376627688128, 0.32085107387933676, 1.1263351070276337e-05], [0.4697521248123338, 2.6163869149039284e-12, 0.046003242568740214, 0.48424463261630973]]","[{""research"": 2, ""code_review"": 0, ""doc_processing"": 0, ""monitoring"": 6}, {""research"": 0, ""code_review"": 8, ""doc_processing"": 0, ""monitoring"": 0}, {""research"": 0, ""code_review"": 0, ""doc_processing"": 8, ""monitoring"": 0}, {""research"": 1, ""code_review"": 0, ""doc_processing"": 0, ""monitoring"": 7}, {""research"": 0, ""code_review"": 5, ""doc_processing"": 3, ""monitoring"": 0}, {""research"": 1, ""code_review"": 0, ""doc_processing"": 0, ""monitoring"": 7}]","[2, 1, 1, 2, 2, 2]",0.0,0.23773675114860757,0.75,0.1490450691655511,0.11427933958054441,"{""COMPUTE"": 668, ""MEMORY"": 576, ""API_CREDITS"": 276, ""DATASET"": 192}","{""COMPUTE"": 352, ""MEMORY"": 303, ""API_CREDITS"": 145, ""DATASET"": 101}","{""COMPUTE"": 1.8977272727272727, ""MEMORY"": 1.900990099009901, ""API_CREDITS"": 1.903448275862069, ""DATASET"": 1.900990099009901}",4
dirichlet_0.1__high,dirichlet_0.1,0.1,high,1.9,411968488,cf788ead9857bba3,e047b5709e63e495,exact_pending_queue,"[[0.0053439949888388445, 6.789927595917954e-07, 0.8936503939163947, 0.10100493210200676], [0.8453300012783653, 1.499231930828072e-07, 0.002502342342547573, 0.15216750645589414], [1.663489293960427e-10, 0.998546288103255, 0.0014537112833240913, 4.4707188095802946e-10], [0.007860668503869217, 0.08499588970230819, 9.95917046318035e-06, 0.9071334826233595], [0.020944813398410738, 0.9790471000974984, 8.085764426808318e-06, 7.396642078760023e-10], [0.002612471916274568, 0.4242804190550113, 0.5680401823504069, 0.0050669266783071815]]","[{""research"": 0, ""code_review"": 0, ""doc_processing"": 6, ""monitoring"": 2}, {""research"": 6, ""code_review"": 0, ""doc_processing"": 0, ""monitoring"": 2}, {""research"": 0, ""code_review"": 8, ""doc_processing"": 0, ""monitoring"": 0}, {""research"": 0, ""code_review"": 1, ""doc_processing"": 0, ""monitoring"": 7}, {""research"": 0, ""code_review"": 8, ""doc_processing"": 0, ""monitoring"": 0}, {""research"": 0, ""code_review"": 2, ""doc_processing"": 6, ""monitoring"": 0}]","[2, 2, 1, 2, 1, 2]",0.0,0.2481165680480829,0.775,0.12725698693716972,0.08344881976895212,"{""COMPUTE"": 746, ""MEMORY"": 617, ""API_CREDITS"": 347, ""DATASET"": 136}","{""COMPUTE"": 393, ""MEMORY"": 325, ""API_CREDITS"": 183, ""DATASET"": 72}","{""COMPUTE"": 1.8982188295165394, ""MEMORY"": 1.8984615384615384, ""API_CREDITS"": 1.8961748633879782, ""DATASET"": 1.8888888888888888}",4
dirichlet_0.1__high,dirichlet_0.1,0.1,high,1.9,453975842,144b5f8fe7e12cbb,8d06259074a3a042,exact_pending_queue,"[[0.9884465545365921, 0.0006051569732430231, 0.00969120291188241, 0.001257085578282516], [0.00021636639584400504, 0.9980832687896779, 0.0017003604192667972, 4.395211425216473e-09], [0.07424101116554169, 0.7922779363142264, 0.08325582554770415, 0.05022522697252783], [2.970335422114213e-05, 0.4955133634277196, 0.1496890148316469, 0.3547679183864123], [0.9953198929675788, 6.446725423017919e-06, 0.00025138458259564583, 0.004422275724402407], [2.897834213837476e-10, 0.4872659725018445, 0.5127340272070569, 1.3152523671237672e-12]]","[{""research"": 8, ""code_review"": 0, ""doc_processing"": 0, ""monitoring"": 0}, {""research"": 0, ""code_review"": 8, ""doc_processing"": 0, ""monitoring"": 0}, {""research"": 0, ""code_review"": 6, ""doc_processing"": 1, ""monitoring"": 1}, {""research"": 0, ""code_review"": 4, ""doc_processing"": 1, ""monitoring"": 3}, {""research"": 8, ""code_review"": 0, ""doc_processing"": 0, ""monitoring"": 0}, {""research"": 0, ""code_review"": 3, ""doc_processing"": 5, ""monitoring"": 0}]","[1, 1, 3, 3, 1, 2]",0.0,0.285112599134472,0.7083333333333334,0.06221371817702094,0.04299843003971446,"{""COMPUTE"": 940, ""MEMORY"": 780, ""API_CREDITS"": 472, ""DATASET"": 160}","{""COMPUTE"": 495, ""MEMORY"": 411, ""API_CREDITS"": 248, ""DATASET"": 84}","{""COMPUTE"": 1.898989898989899, ""MEMORY"": 1.897810218978102, ""API_CREDITS"": 1.903225806451613, ""DATASET"": 1.9047619047619047}",4
dirichlet_0.1__high,dirichlet_0.1,0.1,high,1.9,462769092,d9da4139bfca2342,8977df787b5d02d6,exact_pending_queue,"[[0.3410260458664463, 4.646437685777471e-05, 0.6582955454431354, 0.000631944313560431], [0.09263355173612009, 1.1077487773046625e-16, 0.9010637459988358, 0.0063027022650439845], [9.050522573083671e-05, 3.4503871100942627e-07, 0.9855489615486018, 0.01436018818695628], [0.7831372802442133, 0.0002709455367365558, 0.09594065665626811, 0.12065111756278192], [1.761412178338254e-09, 0.00042129120064144407, 5.187238963499801e-05, 0.9995268346483114], [0.00045737085757634703, 6.612192284972701e-11, 2.768572749847368e-13, 0.9995426290760249]]","[{""research"": 1, ""code_review"": 0, ""doc_processing"": 7, ""monitoring"": 0}, {""research"": 2, ""code_review"": 0, ""doc_processing"": 6, ""monitoring"": 0}, {""research"": 0, ""code_review"": 0, ""doc_processing"": 8, ""monitoring"": 0}, {""research"": 7, ""code_review"": 0, ""doc_processing"": 1, ""monitoring"": 0}, {""research"": 0, ""code_review"": 0, ""doc_processing"": 0, ""monitoring"": 8}, {""research"": 0, ""code_review"": 0, ""doc_processing"": 0, ""monitoring"": 8}]","[2, 2, 1, 2, 1, 1]",0.0,0.1582005842381938,0.7166666666666667,0.1712551589337849,0.12778891676231197,"{""COMPUTE"": 952, ""MEMORY"": 786, ""API_CREDITS"": 406, ""DATASET"": 208}","{""COMPUTE"": 501, ""MEMORY"": 414, ""API_CREDITS"": 214, ""DATASET"": 109}","{""COMPUTE"": 1.9001996007984032, ""MEMORY"": 1.8985507246376812, ""API_CREDITS"": 1.897196261682243, ""DATASET"": 1.908256880733945}",4
dirichlet_0.1__high,dirichlet_0.1,0.1,high,1.9,481369689,fb3bf9147debe71e,128acf99a61b7a68,exact_pending_queue,"[[0.7955998010150639, 0.2030186449390052, 0.0013815515122096247, 2.5337214107850842e-09], [0.030204646878452722, 5.438396811182984e-06, 1.8929558105615005e-16, 0.969789914724736], [0.9999979032865999, 2.3829710669629158e-12, 2.257667138942863e-07, 1.8709443031799524e-06], [0.08568774925015543, 2.559600625188024e-05, 3.9332431453003093e-07, 0.9142862614192782], [0.00022324962422607178, 0.999156845817582, 0.000454472052437721, 0.00016543250575422062], [9.878960040599262e-05, 0.9999012103712595, 2.27823949482425e-12, 2.6056252472708413e-11]]","[{""research"": 8, ""code_review"": 0, ""doc_processing"": 0, ""monitoring"": 0}, {""research"": 0, ""code_review"": 0, ""doc_processing"": 0, ""monitoring"": 8}, {""research"": 8, ""code_review"": 0, ""doc_processing"": 0, ""monitoring"": 0}, {""research"": 1, ""code_review"": 0, ""doc_processing"": 0, ""monitoring"": 7}, {""research"": 0, ""code_review"": 8, ""doc_processing"": 0, ""monitoring"": 0}, {""research"": 0, ""code_review"": 8, ""doc_processing"": 0, ""monitoring"": 0}]","[1, 1, 1, 2, 1, 1]",0.0,0.0452970369332997,0.7916666666666666,0.15673659673659673,0.10618578951912287,"{""COMPUTE"": 858, ""MEMORY"": 756, ""API_CREDITS"": 400, ""DATASET"": 256}","{""COMPUTE"": 452, ""MEMORY"": 398, ""API_CREDITS"": 211, ""DATASET"": 135}","{""COMPUTE"": 1.8982300884955752, ""MEMORY"": 1.899497487437186, ""API_CREDITS"": 1.8957345971563981, ""DATASET"": 1.8962962962962964}",4
dirichlet_0.1__high,dirichlet_0.1,0.1,high,1.9,516112135,35e1cc7e0618f4bb,1976bdae19188b69,exact_pending_queue,"[[0.6257848394253654, 0.0005555213707563551, 0.00031894846231622984, 0.37334069074156184], [0.0034896386779000753, 0.020524612027056067, 0.975985749292718, 2.325966174390802e-12], [0.007686836375932526, 0.9916721853618102, 0.0006407434948781483, 2.347673790841106e-07], [0.04290437510812551, 1.5686340484656285e-07, 0.9570954635882362, 4.440233402596587e-09], [0.07575278658336429, 0.03143420092475909, 6.038829956418869e-08, 0.892812952103577], [3.003806301240907e-10, 0.0926335757336811, 0.39096073635989365, 0.5164056876060446]]","[{""research"": 4, ""code_review"": 0, ""doc_processing"": 0, ""monitoring"": 4}, {""research"": 0, ""code_review"": 0, ""doc_processing"": 8, ""monitoring"": 0}, {""research"": 0, ""code_review"": 8, ""doc_processing"": 0, ""monitoring"": 0}, {""research"": 0, ""code_review"": 0, ""doc_processing"": 8, ""monitoring"": 0}, {""research"": 0, ""code_review"": 0, ""doc_processing"": 0, ""monitoring"": 8}, {""research"": 0, ""code_review"": 1, ""doc_processing"": 2, ""monitoring"": 5}]","[2, 1, 1, 1, 1, 3]",0.0,0.19156624505794992,0.7833333333333333,0.15558848403058928,0.10512970460338883,"{""COMPUTE"": 758, ""MEMORY"": 629, ""API_CREDITS"": 319, ""DATASET"": 168}","{""COMPUTE"": 399, ""MEMORY"": 331, ""API_CREDITS"": 168, ""DATASET"": 88}","{""COMPUTE"": 1.899749373433584, ""MEMORY"": 1.9003021148036254, ""API_CREDITS"": 1.8988095238095237, ""DATASET"": 1.9090909090909092}",4
dirichlet_0.1__high,dirichlet_0.1,0.1,high,1.9,553435265,accd828aa61e6e10,7bec9922665d0f22,exact_pending_queue,"[[0.9556622144605869, 0.04433463846163386, 3.1461827249814576e-06, 8.950543679296575e-10], [5.813947559179679e-16, 0.011896625079608857, 5.350127082405913e-05, 0.9880498736495664], [8.922439568360686e-15, 2.2345055559758047e-06, 0.999997765274606, 2.198290802059505e-10], [0.2724123239935684, 0.6056938711891519, 0.001392499181252794, 0.12050130563602701], [0.8570673168845009, 6.150402822051459e-05, 0.009364084330293471, 0.13350709475698522], [0.000655561371984482, 0.00014219925621072774, 0.0002073418889158367, 0.9989948974828889]]","[{""research"": 8, ""code_review"": 0, ""doc_processing"": 0, ""monitoring"": 0}, {""research"": 0, ""code_review"": 0, ""doc_processing"": 0, ""monitoring"": 8}, {""research"": 0, ""code_review"": 0, ""doc_processing"": 8, ""monitoring"": 0}, {""research"": 3, ""code_review"": 4, ""doc_processing"": 0, ""monitoring"": 1}, {""research"": 6, ""code_review"": 0, ""doc_processing"": 1, ""monitoring"": 1}, {""research"": 0, ""code_review"": 0, ""doc_processing"": 0, ""monitoring"": 8}]","[1, 1, 1, 3, 3, 1]",0.0,0.2055764322240583,0.7833333333333333,0.15583616320753324,0.11372232496765573,"{""COMPUTE"": 960, ""MEMORY"": 831, ""API_CREDITS"": 421, ""DATASET"": 280}","{""COMPUTE"": 505, ""MEMORY"": 437, ""API_CREDITS"": 222, ""DATASET"": 147}","{""COMPUTE"": 1.900990099009901, ""MEMORY"": 1.9016018306636155, ""API_CREDITS"": 1.8963963963963963, ""DATASET"": 1.9047619047619047}",4
dirichlet_0.1__high,dirichlet_0.1,0.1,high,1.9,567887676,ca64453a22b85272,e120229451b72586,exact_pending_queue,"[[0.2029375064927907, 0.7970624740707617, 1.0495727637968681e-08, 8.94072008451088e-09], [5.284511908593491e-11, 0.12236749726856598, 1.1134989118927587e-06, 0.877631389179677], [0.0001022126268007162, 0.6338204214923389, 0.36607585567208967, 1.5102087706618224e-06], [0.04773577041802825, 0.9522508518528637, 3.588842480335413e-06, 9.788886627668433e-06], [8.41513931548532e-15, 0.9936716834844447, 0.0063282987217133805, 1.7793833524932615e-08], [0.4567556716855183, 1.058189048831195e-14, 0.155026183278422, 0.3882181450360491]]","[{""research"": 0, ""code_review"": 8, ""doc_processing"": 0, ""monitoring"": 0}, {""research"": 0, ""code_review"": 0, ""doc_processing"": 0, ""monitoring"": 8}, {""research"": 0, ""code_review"": 2, ""doc_processing"": 6, ""monitoring"": 0}, {""research"": 1, ""code_review"": 7, ""doc_processing"": 0, ""monitoring"": 0}, {""research"": 0, ""code_review"": 8, ""doc_processing"": 0, ""monitoring"": 0}, {""research"": 4, ""code_review"": 0, ""doc_processing"": 0, ""monitoring"": 4}]","[1, 1, 2, 2, 1, 2]",0.0,0.19623688063822745,0.725,0.1430055005301716,0.09940656512408157,"{""COMPUTE"": 648, ""MEMORY"": 549, ""API_CREDITS"": 307, ""DATASET"": 136}","{""COMPUTE"": 341, ""MEMORY"": 289, ""API_CREDITS"": 162, ""DATASET"": 72}","{""COMPUTE"": 1.900293255131965, ""MEMORY"": 1.8996539792387543, ""API_CREDITS"": 1.8950617283950617, ""DATASET"": 1.8888888888888888}",4
dirichlet_0.1__high,dirichlet_0.1,0.1,high,1.9,570058452,8f2ce5e466355ccd,4d6ca111bd540bfb,exact_pending_queue,"[[1.0050575185921453e-05, 0.0007982508339327656, 0.9980250119955235, 0.0011666865953579148], [0.0009004671460881909, 3.841906781460029e-06, 1.8793352090784232e-13, 0.9990956909469424], [7.489209910699606e-16, 0.9999922549619208, 2.4923214481617035e-10, 7.744788846207496e-06], [0.947043580981656, 0.03255023946091159, 0.01550068865252969, 0.004905490904902674], [1.0547420552604248e-07, 0.9103434417378008, 0.07206132027390355, 0.017595132514090162], [0.05485608936867868, 0.9331028969900907, 2.754654770823507e-20, 0.012041013641230442]]","[{""research"": 0, ""code_review"": 0, ""doc_processing"": 8, ""monitoring"": 0}, {""research"": 0, ""code_review"": 0, ""doc_processing"": 0, ""monitoring"": 8}, {""research"": 0, ""code_review"": 8, ""doc_processing"": 0, ""monitoring"": 0}, {""research"": 8, ""code_review"": 0, ""doc_processing"": 0, ""monitoring"": 0}, {""research"": 0, ""code_review"": 6, ""doc_processing"": 1, ""monitoring"": 1}, {""research"": 1, ""code_review"": 7, ""doc_processing"": 0, ""monitoring"": 0}]","[1, 1, 1, 1, 3, 2]",0.0,0.13373688063822745,0.8166666666666667,0.131189859293357,0.0845392058300602,"{""COMPUTE"": 786, ""MEMORY"": 654, ""API_CREDITS"": 378, ""DATASET"": 144}","{""COMPUTE"": 414, ""MEMORY"": 344, ""API_CREDITS"": 199, ""DATASET"": 76}","{""COMPUTE"": 1.8985507246376812, ""MEMORY"": 1.9011627906976745, ""API_CREDITS"": 1.899497487437186, ""DATASET"": 1.894736842105263}",4
dirichlet_0.1__high,dirichlet_0.1,0.1,high,1.9,571665946,3ad5f6f5fff35951,8ed18885980c2212,exact_pending_queue,"[[0.6265698088431091, 2.0313719592747988e-08, 0.3678233296750527, 0.005606841168118676], [0.012459606760769825, 0.0005815893142764317, 0.718908210004981, 0.26805059391997277], [7.772676680608522e-05, 0.9163238752433076, 0.08359839592467741, 2.0652088729388613e-09], [0.0004491211347069255, 0.979897689743523, 3.8449790621003575e-07, 0.019652804623863766], [0.000772031808771191, 0.3092751127757878, 0.5874901391466456, 0.10246271626879548], [1.937437113362625e-10, 2.8532837729531705e-07, 0.0021586225414280385, 0.997841091936451]]","[{""research"": 4, ""code_review"": 0, ""doc_processing"": 4, ""monitoring"": 0}, {""research"": 0, ""code_review"": 0, ""doc_processing"": 5, ""monitoring"": 3}, {""research"": 0, ""code_review"": 8, ""doc_processing"": 0, ""monitoring"": 0}, {""research"": 0, ""code_review"": 8, ""doc_processing"": 0, ""monitoring"": 0}, {""research"": 0, ""code_review"": 1, ""doc_processing"": 6, ""monitoring"": 1}, {""research"": 0, ""code_review"": 0, ""doc_processing"": 0, ""monitoring"": 8}]","[2, 2, 1, 1, 3, 1]",0.0,0.2513093439486748,0.7666666666666667,0.13013787368990987,0.08311363199094779,"{""COMPUTE"": 732, ""MEMORY"": 600, ""API_CREDITS"": 332, ""DATASET"": 128}","{""COMPUTE"": 385, ""MEMORY"": 316, ""API_CREDITS"": 175, ""DATASET"": 67}","{""COMPUTE"": 1.9012987012987013, ""MEMORY"": 1.8987341772151898, ""API_CREDITS"": 1.8971428571428572, ""DATASET"": 1.9104477611940298}",4
dirichlet_0.1__high,dirichlet_0.1,0.1,high,1.9,610850603,2db31c105052bfb7,51516a2184fae793,exact_pending_queue,"[[3.9496329445152455e-10, 0.0011461430452378647, 0.9941142952470986, 0.004739561312700142], [1.397247387210113e-07, 1.7523188974111514e-12, 0.9999998602668283, 6.680691005665513e-12], [1.3780726847198586e-05, 0.00026781794601583365, 0.0005951703411779295, 0.999123230985959], [0.004731290296919174, 0.06952541443489099, 0.863490932995533, 0.062252362272656715], [0.9032183952308687, 0.09457744834239473, 0.002201463853505501, 2.692573231242974e-06], [0.9861533970281783, 5.957683697212343e-07, 0.006363591617953784, 0.007482415585498243]]","[{""research"": 0, ""code_review"": 0, ""doc_processing"": 8, ""monitoring"": 0}, {""research"": 0, ""code_review"": 0, ""doc_processing"": 8, ""monitoring"": 0}, {""research"": 0, ""code_review"": 0, ""doc_processing"": 0, ""monitoring"": 8}, {""research"": 1, ""code_review"": 1, ""doc_processing"": 6, ""monitoring"": 0}, {""research"": 6, ""code_review"": 2, ""doc_processing"": 0, ""monitoring"": 0}, {""research"": 8, ""code_review"": 0, ""doc_processing"": 0, ""monitoring"": 0}]","[1, 1, 1, 3, 2, 1]",0.0,0.15604635407652215,0.7583333333333333,0.1297812095312095,0.08622383018216352,"{""COMPUTE"": 1088, ""MEMORY"": 883, ""API_CREDITS"": 501, ""DATASET"": 184}","{""COMPUTE"": 573, ""MEMORY"": 465, ""API_CREDITS"": 264, ""DATASET"": 97}","{""COMPUTE"": 1.8987783595113439, ""MEMORY"": 1.8989247311827957, ""API_CREDITS"": 1.8977272727272727, ""DATASET"": 1.8969072164948453}",4
dirichlet_0.1__high,dirichlet_0.1,0.1,high,1.9,624291094,926291e6e8378e31,011fb009ab0fb13f,exact_pending_queue,"[[2.479694734853989e-06, 0.9999960713477277, 1.4489572110462915e-06, 3.264065209785353e-13], [0.9133038758553866, 0.07102061598923891, 0.01439210014366898, 0.001283408011705495], [1.8246196910020602e-06, 3.064763347038696e-12, 2.3223171393487008e-07, 0.9999979431455304], [0.31587296393286707, 6.913274248374746e-07, 8.478951852893449e-12, 0.6841263447312291], [1.5070985181819689e-05, 0.680206364947284, 8.662085852473196e-07, 0.31977769785894883], [0.1711009347447125, 0.8009705115560621, 0.027928388489270917, 1.6520995444066558e-07]]","[{""research"": 0, ""code_review"": 8, ""doc_processing"": 0, ""monitoring"": 0}, {""research"": 6, ""code_review"": 1, ""doc_processing"": 1, ""monitoring"": 0}, {""research"": 0, ""code_review"": 0, ""doc_processing"": 0, ""monitoring"": 8}, {""research"": 3, ""code_review"": 0, ""doc_processing"": 0, ""monitoring"": 5}, {""research"": 0, ""code_review"": 6, ""doc_processing"": 0, ""monitoring"": 2}, {""research"": 2, ""code_review"": 6, ""doc_processing"": 0, ""monitoring"": 0}]","[1, 3, 1, 2, 2, 2]",0.0,0.3031890313585303,0.6916666666666667,0.1311962144092311,0.08469216167095063,"{""COMPUTE"": 726, ""MEMORY"": 638, ""API_CREDITS"": 338, ""DATASET"": 208}","{""COMPUTE"": 382, ""MEMORY"": 336, ""API_CREDITS"": 178, ""DATASET"": 109}","{""COMPUTE"": 1.9005235602094241, ""MEMORY"": 1.8988095238095237, ""API_CREDITS"": 1.898876404494382, ""DATASET"": 1.908256880733945}",4
dirichlet_0.1__high,dirichlet_0.1,0.1,high,1.9,626101394,a64dd8ef96517d0e,eef028c609194f8d,exact_pending_queue,"[[0.0002802214564167901, 1.3564695231584065e-08, 0.0003179336498275866, 0.9994018313290605], [0.0018486880606213372, 2.8776512866415336e-25, 0.9875689313615109, 0.010582380577867853], [1.2487117120734592e-09, 0.6992876434467055, 0.16926442471607817, 0.13144793058850468], [0.9685256083476578, 9.621682000503897e-07, 0.0004485405284866811, 0.03102488895565552], [0.00645575747363849, 0.0882470193029932, 0.026572369769732023, 0.8787248534536363], [0.9546920560326134, 4.4472786324802794e-07, 0.0452035572263415, 0.00010394201318179179]]","[{""research"": 0, ""code_review"": 0, ""doc_processing"": 0, ""monitoring"": 8}, {""research"": 0, ""code_review"": 0, ""doc_processing"": 8, ""monitoring"": 0}, {""research"": 0, ""code_review"": 6, ""doc_processing"": 2, ""monitoring"": 0}, {""research"": 8, ""code_review"": 0, ""doc_processing"": 0, ""monitoring"": 0}, {""research"": 0, ""code_review"": 1, ""doc_processing"": 0, ""monitoring"": 7}, {""research"": 8, ""code_review"": 0, ""doc_processing"": 0, ""monitoring"": 0}]","[1, 1, 2, 1, 2, 1]",0.0,0.1129035473048941,0.85,0.16614867872149422,0.11479180653937937,"{""COMPUTE"": 954, ""MEMORY"": 815, ""API_CREDITS"": 429, ""DATASET"": 248}","{""COMPUTE"": 502, ""MEMORY"": 429, ""API_CREDITS"": 226, ""DATASET"": 131}","{""COMPUTE"": 1.900398406374502, ""MEMORY"": 1.8997668997668997, ""API_CREDITS"": 1.8982300884955752, ""DATASET"": 1.8931297709923665}",4
dirichlet_0.1__high,dirichlet_0.1,0.1,high,1.9,631912891,b4d3898197de971b,b2fd964738a61728,exact_pending_queue,"[[0.025523547122247588, 2.7643282308226452e-06, 0.9744732169809665, 4.7156855502788685e-07], [0.018563026109477496, 0.9794213242204075, 0.0020155942127467823, 5.5457368132317766e-08], [5.564926696308691e-13, 4.0215794490734855e-14, 0.002520556001735034, 0.9974794439976683], [5.9721697809339395e-12, 0.9816804207082085, 1.9179956421861104e-07, 0.018319387486255178], [3.893426426756138e-09, 0.9912358246375658, 0.00015600179426894723, 0.00860816967473874], [3.56473630158363e-13, 0.5093917650453929, 0.4738768776700336, 0.016731357284217107]]","[{""research"": 0, ""code_review"": 0, ""doc_processing"": 8, ""monitoring"": 0}, {""research"": 0, ""code_review"": 8, ""doc_processing"": 0, ""monitoring"": 0}, {""research"": 0, ""code_review"": 0, ""doc_processing"": 0, ""monitoring"": 8}, {""research"": 0, ""code_review"": 8, ""doc_processing"": 0, ""monitoring"": 0}, {""research"": 0, ""code_review"": 8, ""doc_processing"": 0, ""monitoring"": 0}, {""research"": 0, ""code_review"": 4, ""doc_processing"": 3, ""monitoring"": 1}]","[1, 1, 1, 1, 1, 3]",0.0,0.11713658851913054,0.6666666666666666,0.12381755671229354,0.08729087676456097,"{""COMPUTE"": 594, ""MEMORY"": 481, ""API_CREDITS"": 287, ""DATASET"": 72}","{""COMPUTE"": 313, ""MEMORY"": 253, ""API_CREDITS"": 151, ""DATASET"": 38}","{""COMPUTE"": 1.8977635782747604, ""MEMORY"": 1.901185770750988, ""API_CREDITS"": 1.900662251655629, ""DATASET"": 1.894736842105263}",4
dirichlet_0.1__high,dirichlet_0.1,0.1,high,1.9,636323273,81ac3d48568b5202,e26bdea6e41b0063,exact_pending_queue,"[[1.5590309754746166e-07, 0.9852386912752361, 0.01476104214478717, 1.106768791094332e-07], [0.07475618166985304, 0.9166890750473089, 2.88809196697478e-07, 0.008554454473641403], [0.5282959820681313, 4.2311473054527125e-05, 0.47166170645872635, 8.771801508853014e-14], [2.926037275859e-12, 0.887065802272262, 0.1020570773146748, 0.010877120410137163], [3.45213585090387e-05, 0.05160602337184895, 0.0007552161870208755, 0.9476042390826213], [0.9852006675285131, 0.014564336110008524, 4.080493510210001e-06, 0.00023091586796814275]]","[{""research"": 0, ""code_review"": 8, ""doc_processing"": 0, ""monitoring"": 0}, {""research"": 1, ""code_review"": 7, ""doc_processing"": 0, ""monitoring"": 0}, {""research"": 4, ""code_review"": 0, ""doc_processing"": 4, ""monitoring"": 0}, {""research"": 0, ""code_review"": 8, ""doc_processing"": 0, ""monitoring"": 0}, {""research"": 0, ""code_review"": 1, ""doc_processing"": 0, ""monitoring"": 7}, {""research"": 8, ""code_review"": 0, ""doc_processing"": 0, ""monitoring"": 0}]","[1, 2, 2, 1, 2, 1]",0.0,0.17392740719993274,0.7416666666666667,0.11528093704751684,0.07343258871013099,"{""COMPUTE"": 826, ""MEMORY"": 696, ""API_CREDITS"": 412, ""DATASET"": 160}","{""COMPUTE"": 435, ""MEMORY"": 366, ""API_CREDITS"": 217, ""DATASET"": 84}","{""COMPUTE"": 1.8988505747126436, ""MEMORY"": 1.901639344262295, ""API_CREDITS"": 1.8986175115207373, ""DATASET"": 1.9047619047619047}",4
dirichlet_0.1__high,dirichlet_0.1,0.1,high,1.9,665358464,c538a76370492cf9,3cb85902cc64731e,exact_pending_queue,"[[0.019668723014760584, 0.0027445638964022486, 1.9150591193779544e-05, 0.9775675624976434], [0.9732060620944213, 0.021330093893929654, 0.0001450091435277584, 0.005318834868121406], [0.0009737149560985378, 6.922023228568939e-08, 0.9990248712340111, 1.3445896581875979e-06], [0.021300592537733032, 0.122852344588424, 2.0463404794413664e-05, 0.8558265994690486], [8.500601501322582e-12, 0.27997687963783147, 0.7140834528439455, 0.005939667509722495], [0.6031823698483955, 0.39620163769501404, 0.0005617693120954123, 5.4223144495065726e-05]]","[{""research"": 0, ""code_review"": 0, ""doc_processing"": 0, ""monitoring"": 8}, {""research"": 7, ""code_review"": 1, ""doc_processing"": 0, ""monitoring"": 0}, {""research"": 0, ""code_review"": 0, ""doc_processing"": 8, ""monitoring"": 0}, {""research"": 0, ""code_review"": 1, ""doc_processing"": 0, ""monitoring"": 7}, {""research"": 0, ""code_review"": 1, ""doc_processing"": 7, ""monitoring"": 0}, {""research"": 3, ""code_review"": 5, ""doc_processing"": 0, ""monitoring"": 0}]","[1, 2, 1, 2, 2, 2]",0.0,0.21542727771031286,0.8083333333333333,0.16633070734102287,0.11818826699490127,"{""COMPUTE"": 870, ""MEMORY"": 729, ""API_CREDITS"": 383, ""DATASET"": 200}","{""COMPUTE"": 458, ""MEMORY"": 384, ""API_CREDITS"": 202, ""DATASET"": 105}","{""COMPUTE"": 1.8995633187772927, ""MEMORY"": 1.8984375, ""API_CREDITS"": 1.896039603960396, ""DATASET"": 1.9047619047619047}",4
dirichlet_0.1__high,dirichlet_0.1,0.1,high,1.9,695586742,76747ee2cbd66c09,0d785be7cfe6f2ba,exact_pending_queue,"[[0.9359173963817051, 0.060881553699152754, 0.003201049911520968, 7.621021823880047e-12], [1.3906043183601191e-09, 0.53185680087544, 8.719874064493483e-11, 0.4681431976467569], [0.0010293279887157785, 0.19878479052715362, 0.0002847619201903395, 0.7999011195639403], [2.6562234011920923e-11, 0.9903339824503457, 0.0009355075743771754, 0.008730509948715047], [0.9969160888323797, 0.0030838849617568008, 2.470916268942116e-13, 2.6205616394707976e-08], [0.0009317806460873479, 0.9989135835754304, 6.659510116445911e-06, 0.00014797626836572734]]","[{""research"": 8, ""code_review"": 0, ""doc_processing"": 0, ""monitoring"": 0}, {""research"": 0, ""code_review"": 6, ""doc_processing"": 0, ""monitoring"": 2}, {""research"": 0, ""code_review"": 3, ""doc_processing"": 0, ""monitoring"": 5}, {""research"": 0, ""code_review"": 8, ""doc_processing"": 0, ""monitoring"": 0}, {""research"": 8, ""code_review"": 0, ""doc_processing"": 0, ""monitoring"": 0}, {""research"": 0, ""code_review"": 8, ""doc_processing"": 0, ""monitoring"": 0}]","[1, 2, 2, 1, 1, 1]",0.0,0.14714267728200817,0.675,0.08828893093390973,0.053216546144410376,"{""COMPUTE"": 850, ""MEMORY"": 727, ""API_CREDITS"": 429, ""DATASET"": 184}","{""COMPUTE"": 447, ""MEMORY"": 383, ""API_CREDITS"": 226, ""DATASET"": 97}","{""COMPUTE"": 1.9015659955257271, ""MEMORY"": 1.8981723237597912, ""API_CREDITS"": 1.8982300884955752, ""DATASET"": 1.8969072164948453}",4
dirichlet_0.1__high,dirichlet_0.1,0.1,high,1.9,759882551,c88228cd7eff0265,d541fad2c0225db3,exact_pending_queue,"[[0.9977396252309645, 0.001658919809496909, 0.0006014549153305619, 4.420814991466798e-11], [0.9986816081598282, 1.5332849338078475e-11, 1.0099433908112238e-05, 0.0013082923909309638], [0.29061356939533833, 0.2032393639275275, 5.172910185024314e-05, 0.5060953375752839], [0.6089922619619034, 0.35959216277244105, 0.03141557484304215, 4.226134537307322e-10], [0.9892810948169913, 0.008122954325419873, 0.002468334747027423, 0.00012761611056141855], [0.007186258290934515, 4.112465829219483e-05, 0.007775097490335902, 0.9849975195604375]]","[{""research"": 8, ""code_review"": 0, ""doc_processing"": 0, ""monitoring"": 0}, {""research"": 8, ""code_review"": 0, ""doc_processing"": 0, ""monitoring"": 0}, {""research"": 3, ""code_review"": 0, ""doc_processing"": 0, ""monitoring"": 5}, {""research"": 5, ""code_review"": 2, ""doc_processing"": 1, ""monitoring"": 0}, {""research"": 8, ""code_review"": 0, ""doc_processing"": 0, ""monitoring"": 0}, {""research"": 0, ""code_review"": 0, ""doc_processing"": 0, ""monitoring"": 8}]","[1, 1, 2, 3, 1, 1]",0.0,0.1877690786350303,0.5333333333333333,0.09853563109870404,0.0707113092142261,"{""COMPUTE"": 1234, ""MEMORY"": 1077, ""API_CREDITS"": 579, ""DATASET"": 360}","{""COMPUTE"": 649, ""MEMORY"": 567, ""API_CREDITS"": 305, ""DATASET"": 189}","{""COMPUTE"": 1.9013867488443759, ""MEMORY"": 1.8994708994708995, ""API_CREDITS"": 1.8983606557377048, ""DATASET"": 1.9047619047619047}",4
dirichlet_0.1__high,dirichlet_0.1,0.1,high,1.9,815481791,4e6bbae7c1cab174,15f8b8a9c787269b,exact_pending_queue,"[[1.2976358820428872e-24, 1.7275579520392205e-06, 0.9999982513874386, 2.1054609260448384e-08], [3.212151644257546e-05, 0.35996685456809, 0.0001616133267810022, 0.6398394105886864], [0.018273342554717704, 0.9564114862848859, 0.0035721274401633325, 0.0217430437202329], [0.00035260166414571696, 6.783013317616132e-15, 0.9984762488534564, 0.001171149482390987], [0.7208287007895445, 1.6679316150965186e-09, 0.27834359213454457, 0.0008277054079794157], [0.28682867438566895, 0.7116824551346165, 0.00148884866751564, 2.181219892583393e-08]]","[{""research"": 0, ""code_review"": 0, ""doc_processing"": 8, ""monitoring"": 0}, {""research"": 0, ""code_review"": 3, ""doc_processing"": 0, ""monitoring"": 5}, {""research"": 0, ""code_review"": 8, ""doc_processing"": 0, ""monitoring"": 0}, {""research"": 0, ""code_review"": 0, ""doc_processing"": 8, ""monitoring"": 0}, {""research"": 7, ""code_review"": 0, ""doc_processing"": 1, ""monitoring"": 0}, {""research"": 1, ""code_review"": 7, ""doc_processing"": 0, ""monitoring"": 0}]","[1, 2, 1, 1, 2, 2]",0.0,0.17013024077701314,0.8,0.09653569931541346,0.06226841583191953,"{""COMPUTE"": 866, ""MEMORY"": 693, ""API_CREDITS"": 419, ""DATASET"": 104}","{""COMPUTE"": 456, ""MEMORY"": 365, ""API_CREDITS"": 221, ""DATASET"": 55}","{""COMPUTE"": 1.8991228070175439, ""MEMORY"": 1.8986301369863015, ""API_CREDITS"": 1.8959276018099547, ""DATASET"": 1.8909090909090909}",4
dirichlet_0.1__high,dirichlet_0.1,0.1,high,1.9,817137978,7527db09abd7c78a,dcce9b1323aa7588,exact_pending_queue,"[[0.00830731810692639, 1.9029382235826256e-06, 0.9916907455096563, 3.344519370184472e-08], [0.8736941239865806, 0.0002267387158514871, 0.09631242375050231, 0.029766713547065553], [1.4321429847032437e-08, 0.999997804249561, 4.8714598188854586e-08, 2.1327144109649754e-06], [2.706957393702059e-15, 4.4699220241828315e-05, 0.6241135160604139, 0.3758417847193415], [0.9953655134462577, 9.266508170232017e-05, 0.004541821470311225, 1.728765236417936e-12], [4.583560324194282e-06, 0.005690032453413562, 0.0001383541702925047, 0.9941670298159698]]","[{""research"": 0, ""code_review"": 0, ""doc_processing"": 8, ""monitoring"": 0}, {""research"": 7, ""code_review"": 0, ""doc_processing"": 1, ""monitoring"": 0}, {""research"": 0, ""code_review"": 8, ""doc_processing"": 0, ""monitoring"": 0}, {""research"": 0, ""code_review"": 0, ""doc_processing"": 6, ""monitoring"": 2}, {""research"": 8, ""code_review"": 0, ""doc_processing"": 0, ""monitoring"": 0}, {""research"": 0, ""code_review"": 0, ""doc_processing"": 0, ""monitoring"": 8}]","[1, 2, 1, 2, 1, 1]",0.0,0.1129035473048941,0.8583333333333333,0.13365865215971523,0.08097765393123296,"{""COMPUTE"": 1000, ""MEMORY"": 829, ""API_CREDITS"": 463, ""DATASET"": 200}","{""COMPUTE"": 526, ""MEMORY"": 436, ""API_CREDITS"": 244, ""DATASET"": 105}","{""COMPUTE"": 1.9011406844106464, ""MEMORY"": 1.901376146788991, ""API_CREDITS"": 1.8975409836065573, ""DATASET"": 1.9047619047619047}",4
dirichlet_0.1__high,dirichlet_0.1,0.1,high,1.9,817397877,d861c350e469fb9c,51cd929496d9946f,exact_pending_queue,"[[0.9998684166693731, 0.00013158254071198906, 7.899149285535656e-10, 1.7537975662902453e-22], [3.4448586793337126e-09, 0.9932638059313409, 0.004779675201584307, 0.0019565154222160623], [0.7744429569502868, 0.22555529985382636, 7.843023218935325e-13, 1.7431951026303053e-06], [1.471570459877094e-07, 0.9868655411287891, 0.00023554675423322186, 0.012898764959931763], [1.8413619382682123e-08, 0.9999845277930585, 1.5453793322175627e-05, 6.191202662136086e-25], [1.1481645482306373e-06, 0.0003515139865170815, 3.02005134164166e-11, 0.9996473378187342]]","[{""research"": 8, ""code_review"": 0, ""doc_processing"": 0, ""monitoring"": 0}, {""research"": 0, ""code_review"": 8, ""doc_processing"": 0, ""monitoring"": 0}, {""research"": 5, ""code_review"": 3, ""doc_processing"": 0, ""monitoring"": 0}, {""research"": 0, ""code_review"": 8, ""doc_processing"": 0, ""monitoring"": 0}, {""research"": 0, ""code_review"": 8, ""doc_processing"": 0, ""monitoring"": 0}, {""research"": 0, ""code_review"": 0, ""doc_processing"": 0, ""monitoring"": 8}]","[1, 1, 2, 1, 1, 1]",0.0,0.07953616691041375,0.6833333333333333,0.1306972974941725,0.08305827202311579,"{""COMPUTE"": 776, ""MEMORY"": 665, ""API_CREDITS"": 391, ""DATASET"": 168}","{""COMPUTE"": 408, ""MEMORY"": 350, ""API_CREDITS"": 206, ""DATASET"": 88}","{""COMPUTE"": 1.9019607843137254, ""MEMORY"": 1.9, ""API_CREDITS"": 1.8980582524271845, ""DATASET"": 1.9090909090909092}",4
dirichlet_0.1__high,dirichlet_0.1,0.1,high,1.9,820796292,8a789be03a5fc464,4499e8cfbb095fd7,exact_pending_queue,"[[0.382203899691569, 0.03317382274048196, 0.5846222393758294, 3.8192119615012005e-08], [0.08846724195706988, 0.9109544243823441, 0.0001000068633194611, 0.0004783267972664469], [0.048797675863355525, 0.9467215299076136, 5.937228904296518e-05, 0.004421421939988003], [0.9999952668725971, 8.819086699457553e-13, 9.18896422277982e-23, 4.733126520975781e-06], [0.9958620068566143, 0.00021978929944213048, 0.0038997776645153586, 1.842617942827046e-05], [0.9998269153182621, 0.0001647623932583787, 9.261225042173223e-08, 8.229676229195689e-06]]","[{""research"": 1, ""code_review"": 0, ""doc_processing"": 7, ""monitoring"": 0}, {""research"": 0, ""code_review"": 8, ""doc_processing"": 0, ""monitoring"": 0}, {""research"": 0, ""code_review"": 8, ""doc_processing"": 0, ""monitoring"": 0}, {""research"": 8, ""code_review"": 0, ""doc_processing"": 0, ""monitoring"": 0}, {""research"": 8, ""code_review"": 0, ""doc_processing"": 0, ""monitoring"": 0}, {""research"": 8, ""code_review"": 0, ""doc_processing"": 0, ""monitoring"": 0}]","[2, 1, 1, 1, 1, 1]",0.0,0.0452970369332997,0.7083333333333334,0.05685153421002479,0.04379883743091292,"{""COMPUTE"": 1164, ""MEMORY"": 965, ""API_CREDITS"": 591, ""DATASET"": 200}","{""COMPUTE"": 613, ""MEMORY"": 508, ""API_CREDITS"": 311, ""DATASET"": 105}","{""COMPUTE"": 1.898858075040783, ""MEMORY"": 1.8996062992125984, ""API_CREDITS"": 1.9003215434083602, ""DATASET"": 1.9047619047619047}",4
dirichlet_0.1__high,dirichlet_0.1,0.1,high,1.9,836948274,69b513378160d097,8395a39d48b6f673,exact_pending_queue,"[[1.609646918040454e-18, 0.9816449999357283, 0.01835500006386212, 4.096016178833783e-13], [0.0024746619713973276, 0.9925471479070651, 9.841968628994364e-10, 0.004978189137340548], [0.014721776775232401, 0.24919558991157031, 1.151189047347126e-10, 0.7360826331980785], [2.9636762964452405e-05, 0.6580031021186254, 0.20470725280044966, 0.1372600083179603], [0.0002080508839387769, 1.1877897094568664e-11, 0.3816631814332226, 0.6181287676709609], [1.2803274473291976e-07, 0.007006435974874627, 0.9004624309422598, 0.09253100505012075]]","[{""research"": 0, ""code_review"": 7, ""doc_processing"": 1, ""monitoring"": 0}, {""research"": 0, ""code_review"": 8, ""doc_processing"": 0, ""monitoring"": 0}, {""research"": 0, ""code_review"": 1, ""doc_processing"": 0, ""monitoring"": 7}, {""research"": 0, ""code_review"": 6, ""doc_processing"": 1, ""monitoring"": 1}, {""research"": 0, ""code_review"": 0, ""doc_processing"": 3, ""monitoring"": 5}, {""research"": 0, ""code_review"": 1, ""doc_processing"": 7, ""monitoring"": 0}]","[2, 1, 2, 3, 2, 2]",0.0,0.3038671214152406,0.6583333333333333,0.13283675209174153,0.09247255504648559,"{""COMPUTE"": 598, ""MEMORY"": 493, ""API_CREDITS"": 271, ""DATASET"": 104}","{""COMPUTE"": 315, ""MEMORY"": 259, ""API_CREDITS"": 143, ""DATASET"": 55}","{""COMPUTE"": 1.8984126984126983, ""MEMORY"": 1.9034749034749034, ""API_CREDITS"": 1.8951048951048952, ""DATASET"": 1.8909090909090909}",4
dirichlet_0.1__high,dirichlet_0.1,0.1,high,1.9,850954452,2569126f95c7638e,64d0164ca7aa7add,exact_pending_queue,"[[0.30733133881840824, 0.6271020767662954, 2.612270364452229e-07, 0.06556632318826], [0.986770451290803, 7.477928368586166e-05, 0.006832619419764373, 0.006322150005746752], [0.0007711819412413515, 0.0019063881910877838, 0.9973224290654495, 8.022214335522149e-10], [2.2820288269057915e-05, 3.794631510804498e-05, 0.9683026058218628, 0.03163662757476002], [0.025816147452515713, 1.6508871665578693e-10, 0.001138161413325043, 0.9730456909690706], [2.675569619659787e-08, 0.010775212870219809, 0.9786550466683892, 0.010569713705694702]]","[{""research"": 1, ""code_review"": 7, ""doc_processing"": 0, ""monitoring"": 0}, {""research"": 8, ""code_review"": 0, ""doc_processing"": 0, ""monitoring"": 0}, {""research"": 0, ""code_review"": 0, ""doc_processing"": 8, ""monitoring"": 0}, {""research"": 0, ""code_review"": 0, ""doc_processing"": 7, ""monitoring"": 1}, {""research"": 0, ""code_review"": 0, ""doc_processing"": 0, ""monitoring"": 8}, {""research"": 0, ""code_review"": 0, ""doc_processing"": 8, ""monitoring"": 0}]","[2, 1, 1, 2, 1, 1]",0.0,0.0905940738665994,0.8,0.1312706457906734,0.08865955996696673,"{""COMPUTE"": 954, ""MEMORY"": 766, ""API_CREDITS"": 434, ""DATASET"": 144}","{""COMPUTE"": 502, ""MEMORY"": 403, ""API_CREDITS"": 228, ""DATASET"": 76}","{""COMPUTE"": 1.900398406374502, ""MEMORY"": 1.900744416873449, ""API_CREDITS"": 1.9035087719298245, ""DATASET"": 1.894736842105263}",4
dirichlet_0.1__high,dirichlet_0.1,0.1,high,1.9,874361190,56b95c2fcffadcdd,258537cf18111556,exact_pending_queue,"[[0.010111152162268832, 7.18741384827663e-06, 0.9898786148675479, 3.045556335022269e-06], [8.37835483436766e-05, 0.9999162164516375, 2.0179230164689327e-19, 1.8855414021625486e-14], [9.131253641939842e-10, 0.9999979066832836, 2.1663114504014624e-08, 2.0707404765416363e-06], [0.4520769490694043, 0.3514364825314546, 0.19579564412413278, 0.0006909242750083558], [7.78192862875368e-09, 0.07170935226242083, 0.9282867043431096, 3.935612541088595e-06], [3.4262141559401385e-06, 0.006020063893147804, 0.9939763483021248, 1.615905714642527e-07]]","[{""research"": 0, ""code_review"": 0, ""doc_processing"": 8, ""monitoring"": 0}, {""research"": 0, ""code_review"": 8, ""doc_processing"": 0, ""monitoring"": 0}, {""research"": 0, ""code_review"": 8, ""doc_processing"": 0, ""monitoring"": 0}, {""research"": 4, ""code_review"": 2, ""doc_processing"": 2, ""monitoring"": 0}, {""research"": 0, ""code_review"": 1, ""doc_processing"": 7, ""monitoring"": 0}, {""research"": 0, ""code_review"": 0, ""doc_processing"": 8, ""monitoring"": 0}]","[1, 1, 1, 3, 2, 1]",0.0,0.1702970369332997,0.6416666666666667,0.03817204301075269,0.03011748307447232,"{""COMPUTE"": 876, ""MEMORY"": 668, ""API_CREDITS"": 432, ""DATASET"": 32}","{""COMPUTE"": 461, ""MEMORY"": 352, ""API_CREDITS"": 227, ""DATASET"": 17}","{""COMPUTE"": 1.9002169197396963, ""MEMORY"": 1.8977272727272727, ""API_CREDITS"": 1.9030837004405285, ""DATASET"": 1.8823529411764706}",4
dirichlet_0.1__high,dirichlet_0.1,0.1,high,1.9,892263153,2b387d8c782efdc6,c2d5adc82cdf8494,exact_pending_queue,"[[0.8837509580934783, 0.07487520360681069, 0.00018840141228547634, 0.04118543688742562], [0.2085722675035798, 1.6327578471648207e-09, 1.2804186671833584e-11, 0.7914277308508582], [0.9999708117313852, 8.76770085889168e-08, 1.3840385768860272e-07, 2.896218774829954e-05], [0.00026478090707585106, 0.0005159491007892474, 0.012050441226833162, 0.9871688287653017], [0.32067881743571436, 0.049560832435738666, 4.8072664457094556e-14, 0.6297603501284987], [4.5741812641353155e-07, 0.8373236136509522, 0.16267592893092156, 1.4609769441392244e-21]]","[{""research"": 7, ""code_review"": 0, ""doc_processing"": 0, ""monitoring"": 1}, {""research"": 1, ""code_review"": 0, ""doc_processing"": 0, ""monitoring"": 7}, {""research"": 8, ""code_review"": 0, ""doc_processing"": 0, ""monitoring"": 0}, {""research"": 0, ""code_review"": 0, ""doc_processing"": 0, ""monitoring"": 8}, {""research"": 1, ""code_review"": 2, ""doc_processing"": 0, ""monitoring"": 5}, {""research"": 0, ""code_review"": 6, ""doc_processing"": 2, ""monitoring"": 0}]","[2, 2, 1, 1, 3, 2]",0.0,0.26643349596281035,0.7166666666666667,0.1446884929029543,0.09445441721019686,"{""COMPUTE"": 870, ""MEMORY"": 778, ""API_CREDITS"": 378, ""DATASET"": 304}","{""COMPUTE"": 458, ""MEMORY"": 409, ""API_CREDITS"": 199, ""DATASET"": 160}","{""COMPUTE"": 1.8995633187772927, ""MEMORY"": 1.902200488997555, ""API_CREDITS"": 1.899497487437186, ""DATASET"": 1.9}",4
dirichlet_0.1__high,dirichlet_0.1,0.1,high,1.9,930016503,e0b3f149940678df,7b6aaf3d5a551ac0,exact_pending_queue,"[[0.00035251000434084924, 0.9882145100288781, 2.4379711983145257e-08, 0.011432955587069136], [0.00012263299043264173, 5.628586284019426e-05, 0.0008162671325080796, 0.9990048140142191], [0.6588818814584005, 1.8784169005935397e-06, 0.33489583123376787, 0.006220408890930897], [0.996190244468058, 0.0008772953660573636, 1.1697665752308326e-06, 0.002931290399309443], [2.141849352054141e-12, 0.03411967292382799, 0.30627479512112965, 0.6596055319529006], [1.1609690965975842e-11, 0.16231308289955887, 0.8376733819343634, 1.3535154467993492e-05]]","[{""research"": 0, ""code_review"": 8, ""doc_processing"": 0, ""monitoring"": 0}, {""research"": 0, ""code_review"": 0, ""doc_processing"": 0, ""monitoring"": 8}, {""research"": 5, ""code_review"": 0, ""doc_processing"": 3, ""monitoring"": 0}, {""research"": 8, ""code_review"": 0, ""doc_processing"": 0, ""monitoring"": 0}, {""research"": 0, ""code_review"": 1, ""doc_processing"": 2, ""monitoring"": 5}, {""research"": 0, ""code_review"": 1, ""doc_processing"": 7, ""monitoring"": 0}]","[1, 1, 2, 1, 3, 2]",0.0,0.23306611556833,0.8333333333333334,0.14514349678733238,0.09207221967952561,"{""COMPUTE"": 910, ""MEMORY"": 766, ""API_CREDITS"": 414, ""DATASET"": 208}","{""COMPUTE"": 479, ""MEMORY"": 403, ""API_CREDITS"": 218, ""DATASET"": 109}","{""COMPUTE"": 1.8997912317327765, ""MEMORY"": 1.900744416873449, ""API_CREDITS"": 1.8990825688073394, ""DATASET"": 1.908256880733945}",4
dirichlet_0.1__high,dirichlet_0.1,0.1,high,1.9,935504160,b136409283935568,b45a782faf016e8b,exact_pending_queue,"[[7.07336971924524e-07, 0.9289415410685801, 0.07105775154702547, 4.742252404388856e-11], [0.19726988379760427, 0.3199613140927748, 0.0011113439429213915, 0.4816574581666994], [9.981117295364342e-17, 0.009775107320659093, 0.9867120835869392, 0.0035128090924015634], [0.00010037605625995484, 0.01299036769409145, 6.408580124055958e-06, 0.9869028476695246], [0.04227424443160489, 0.018197094398338786, 0.9186054421588113, 0.020923219011244953], [0.0001763434201542905, 0.96441957673597, 7.271784757884644e-05, 0.0353313619962968]]","[{""research"": 0, ""code_review"": 8, ""doc_processing"": 0, ""monitoring"": 0}, {""research"": 4, ""code_review"": 2, ""doc_processing"": 0, ""monitoring"": 2}, {""research"": 0, ""code_review"": 0, ""doc_processing"": 8, ""monitoring"": 0}, {""research"": 0, ""code_review"": 1, ""doc_processing"": 0, ""monitoring"": 7}, {""research"": 0, ""code_review"": 0, ""doc_processing"": 8, ""monitoring"": 0}, {""research"": 0, ""code_review"": 8, ""doc_processing"": 0, ""monitoring"": 0}]","[1, 3, 1, 2, 1, 1]",0.0,0.1702970369332997,0.7916666666666666,0.12683888459298717,0.08671754923580682,"{""COMPUTE"": 750, ""MEMORY"": 605, ""API_CREDITS"": 351, ""DATASET"": 104}","{""COMPUTE"": 395, ""MEMORY"": 318, ""API_CREDITS"": 185, ""DATASET"": 55}","{""COMPUTE"": 1.8987341772151898, ""MEMORY"": 1.9025157232704402, ""API_CREDITS"": 1.8972972972972972, ""DATASET"": 1.8909090909090909}",4
dirichlet_0.1__high,dirichlet_0.1,0.1,high,1.9,952458876,0bf6b72ea675c1db,66d8877a6dd561cc,exact_pending_queue,"[[0.00492100814573916, 0.19739338844812462, 0.690955718070382, 0.10672988533575416], [0.8832014432785816, 4.169375007300891e-12, 0.11575718327558332, 0.0010413734416656552], [6.5414650046488735e-06, 0.00020321593383035958, 0.9997897080412135, 5.345599515952393e-07], [8.310415031176715e-15, 0.9316292212584314, 0.0006812254328042557, 0.06768955330875615], [0.9026990755006427, 0.0958218105082462, 0.001472519353199246, 6.594637911833039e-06], [0.9803459310663167, 0.01904784358614733, 0.000606225326785282, 2.075069453654874e-11]]","[{""research"": 0, ""code_review"": 3, ""doc_processing"": 3, ""monitoring"": 2}, {""research"": 7, ""code_review"": 0, ""doc_processing"": 1, ""monitoring"": 0}, {""research"": 0, ""code_review"": 0, ""doc_processing"": 8, ""monitoring"": 0}, {""research"": 0, ""code_review"": 8, ""doc_processing"": 0, ""monitoring"": 0}, {""research"": 8, ""code_review"": 0, ""doc_processing"": 0, ""monitoring"": 0}, {""research"": 8, ""code_review"": 0, ""doc_processing"": 0, ""monitoring"": 0}]","[3, 2, 1, 1, 1, 1]",0.0,0.17540354730489413,0.75,0.05471556056882438,0.03825595613268694,"{""COMPUTE"": 1172, ""MEMORY"": 965, ""API_CREDITS"": 579, ""DATASET"": 200}","{""COMPUTE"": 617, ""MEMORY"": 508, ""API_CREDITS"": 305, ""DATASET"": 105}","{""COMPUTE"": 1.899513776337115, ""MEMORY"": 1.8996062992125984, ""API_CREDITS"": 1.8983606557377048, ""DATASET"": 1.9047619047619047}",4
dirichlet_0.1__high,dirichlet_0.1,0.1,high,1.9,952822154,aa0139c40cf64f89,81846143e870fb53,exact_pending_queue,"[[0.6847585914877466, 0.035916208822294904, 0.27932468201922883, 5.176707297126604e-07], [0.899112019126128, 0.006233587547088114, 1.02687980780064e-12, 0.09465439332575697], [4.6119863464104905e-17, 0.9789089976046902, 1.8021336621962952e-05, 0.021072981058687802], [0.9325438447216087, 0.024214509991057773, 0.0009898875901380563, 0.04225175769719545], [0.9968955829989263, 2.1751408408426642e-09, 0.003104405342023185, 9.483909590848333e-09], [0.9972147471301328, 1.906414209386664e-05, 0.002765828025575835, 3.6070219754967597e-07]]","[{""research"": 6, ""code_review"": 0, ""doc_processing"": 2, ""monitoring"": 0}, {""research"": 6, ""code_review"": 0, ""doc_processing"": 0, ""monitoring"": 2}, {""research"": 0, ""code_review"": 8, ""doc_processing"": 0, ""monitoring"": 0}, {""research"": 8, ""code_review"": 0, ""doc_processing"": 0, ""monitoring"": 0}, {""research"": 8, ""code_review"": 0, ""doc_processing"": 0, ""monitoring"": 0}, {""research"": 8, ""code_review"": 0, ""doc_processing"": 0, ""monitoring"": 0}]","[2, 2, 1, 1, 1, 1]",0.0,0.1352130207431888,0.45,0.03993703614393271,0.026532678687851103,"{""COMPUTE"": 1364, ""MEMORY"": 1158, ""API_CREDITS"": 682, ""DATASET"": 304}","{""COMPUTE"": 718, ""MEMORY"": 609, ""API_CREDITS"": 359, ""DATASET"": 160}","{""COMPUTE"": 1.8997214484679665, ""MEMORY"": 1.9014778325123152, ""API_CREDITS"": 1.8997214484679665, ""DATASET"": 1.9}",4
dirichlet_0.1__high,dirichlet_0.1,0.1,high,1.9,955270347,b05625095c4b0700,fb4f8fd7b94e369b,exact_pending_queue,"[[3.286333655577022e-05, 0.9423845028461691, 0.03855151271233747, 0.019031121104937584], [0.00044074906415459433, 0.7670603066457051, 0.22750505247150324, 0.004993891818637106], [1.088009967191913e-06, 0.9999856878635811, 1.2074594342082677e-17, 1.3224126451658783e-05], [1.9106040870909003e-05, 0.03705559646790253, 0.010745525919145543, 0.952179771572081], [7.676401152128036e-05, 7.955893439449865e-27, 1.0753187946484498e-07, 0.9999231284565991], [0.48138273205720844, 0.07356390275886969, 0.4450522005433328, 1.1646405889992097e-06]]","[{""research"": 0, ""code_review"": 8, ""doc_processing"": 0, ""monitoring"": 0}, {""research"": 0, ""code_review"": 6, ""doc_processing"": 2, ""monitoring"": 0}, {""research"": 0, ""code_review"": 8, ""doc_processing"": 0, ""monitoring"": 0}, {""research"": 0, ""code_review"": 0, ""doc_processing"": 1, ""monitoring"": 7}, {""research"": 0, ""code_review"": 0, ""doc_processing"": 0, ""monitoring"": 8}, {""research"": 5, ""code_review"": 2, ""doc_processing"": 1, ""monitoring"": 0}]","[1, 2, 1, 2, 1, 3]",0.0,0.22113645902951065,0.7,0.16517418481727372,0.11963940054465688,"{""COMPUTE"": 618, ""MEMORY"": 536, ""API_CREDITS"": 284, ""DATASET"": 160}","{""COMPUTE"": 325, ""MEMORY"": 282, ""API_CREDITS"": 149, ""DATASET"": 84}","{""COMPUTE"": 1.9015384615384616, ""MEMORY"": 1.900709219858156, ""API_CREDITS"": 1.9060402684563758, ""DATASET"": 1.9047619047619047}",4
dirichlet_0.1__high,dirichlet_0.1,0.1,high,1.9,967298099,09936c1515a6285a,91aa9121653e309d,exact_pending_queue,"[[0.5038762044982513, 7.0533684920654e-08, 0.4553143357742563, 0.040809389193807596], [0.0003061911629584322, 0.9979502048585942, 0.0011589564588172043, 0.0005846475196301313], [0.2420356527902393, 0.7579637244036362, 9.478513196134442e-19, 6.228061243021481e-07], [3.254009169039839e-05, 7.654513951304291e-07, 0.9999666944569144, 3.9867753062347255e-17], [1.42718659514019e-08, 4.855534622091207e-06, 0.9999951299186052, 2.749066691821243e-10], [0.5514404027124268, 0.3792929987351673, 1.738066703727576e-07, 0.06926642474573576]]","[{""research"": 3, ""code_review"": 0, ""doc_processing"": 4, ""monitoring"": 1}, {""research"": 0, ""code_review"": 8, ""doc_processing"": 0, ""monitoring"": 0}, {""research"": 1, ""code_review"": 7, ""doc_processing"": 0, ""monitoring"": 0}, {""research"": 0, ""code_review"": 0, ""doc_processing"": 8, ""monitoring"": 0}, {""research"": 0, ""code_review"": 0, ""doc_processing"": 8, ""monitoring"": 0}, {""research"": 4, ""code_review"": 2, ""doc_processing"": 0, ""monitoring"": 2}]","[3, 1, 2, 1, 1, 3]",0.0,0.28743362545243023,0.725,0.05956907494787777,0.039513361833529166,"{""COMPUTE"": 906, ""MEMORY"": 715, ""API_CREDITS"": 441, ""DATASET"": 88}","{""COMPUTE"": 477, ""MEMORY"": 376, ""API_CREDITS"": 232, ""DATASET"": 46}","{""COMPUTE"": 1.89937106918239, ""MEMORY"": 1.9015957446808511, ""API_CREDITS"": 1.9008620689655173, ""DATASET"": 1.9130434782608696}",4
dirichlet_0.1__high,dirichlet_0.1,0.1,high,1.9,984930118,3b8b516c16219e9a,92e52258a778a78c,exact_pending_queue,"[[0.14152824511223894, 0.007614914427404467, 0.8508568404603565, 2.1644510443555348e-17], [0.015278373460196896, 0.04622065804497291, 0.8866358358387024, 0.05186513265612769], [0.015633174274171838, 0.005934938526210413, 0.00030891294603050545, 0.9781229742535874], [0.0002519306126274616, 0.9994347563038607, 0.00031331224167172533, 8.418401198857744e-10], [0.14119008923734175, 1.3905657462629522e-06, 0.6482967971321604, 0.21051172306475155], [0.00017058042707673586, 0.0009030205161404125, 0.9862441619655559, 0.012682237091226982]]","[{""research"": 1, ""code_review"": 1, ""doc_processing"": 6, ""monitoring"": 0}, {""research"": 0, ""code_review"": 2, ""doc_processing"": 6, ""monitoring"": 0}, {""research"": 0, ""code_review"": 0, ""doc_processing"": 0, ""monitoring"": 8}, {""research"": 0, ""code_review"": 8, ""doc_processing"": 0, ""monitoring"": 0}, {""research"": 1, ""code_review"": 0, ""doc_processing"": 4, ""monitoring"": 3}, {""research"": 0, ""code_review"": 0, ""doc_processing"": 8, ""monitoring"": 0}]","[3, 2, 1, 1, 3, 1]",0.0,0.2731829425956527,0.6833333333333333,0.13364269684381416,0.08944704077734804,"{""COMPUTE"": 794, ""MEMORY"": 629, ""API_CREDITS"": 351, ""DATASET"": 104}","{""COMPUTE"": 418, ""MEMORY"": 331, ""API_CREDITS"": 185, ""DATASET"": 55}","{""COMPUTE"": 1.8995215311004785, ""MEMORY"": 1.9003021148036254, ""API_CREDITS"": 1.8972972972972972, ""DATASET"": 1.8909090909090909}",4
dirichlet_0.1__high,dirichlet_0.1,0.1,high,1.9,996168124,2b40a39f18d4c122,d50c07bc9ae897a8,exact_pending_queue,"[[1.4866825004960041e-12, 3.2435357441810834e-07, 0.001750166301609772, 0.9982495093433292], [0.0024269308120791317, 0.07150848925776604, 0.0013590382117199802, 0.9247055417184348], [0.30833087386917046, 0.00019615638721655793, 0.09834198702855748, 0.5931309827150554], [0.152217428300372, 9.761465675011706e-13, 0.03284022638260558, 0.8149423453160464], [0.9975124141653712, 0.0011887454552650793, 1.6646212804753122e-11, 0.0012988403627175614], [0.9936492046833022, 1.7302608992178331e-12, 0.0063507930429274355, 2.2720402940321914e-09]]","[{""research"": 0, ""code_review"": 0, ""doc_processing"": 0, ""monitoring"": 8}, {""research"": 0, ""code_review"": 1, ""doc_processing"": 0, ""monitoring"": 7}, {""research"": 3, ""code_review"": 0, ""doc_processing"": 1, ""monitoring"": 4}, {""research"": 0, ""code_review"": 0, ""doc_processing"": 2, ""monitoring"": 6}, {""research"": 8, ""code_review"": 0, ""doc_processing"": 0, ""monitoring"": 0}, {""research"": 8, ""code_review"": 0, ""doc_processing"": 0, ""monitoring"": 0}]","[1, 2, 3, 2, 1, 1]",0.0,0.23004013582402463,0.6166666666666667,0.12120700002981556,0.08345046082707895,"{""COMPUTE"": 922, ""MEMORY"": 832, ""API_CREDITS"": 384, ""DATASET"": 352}","{""COMPUTE"": 485, ""MEMORY"": 438, ""API_CREDITS"": 202, ""DATASET"": 185}","{""COMPUTE"": 1.9010309278350515, ""MEMORY"": 1.8995433789954337, ""API_CREDITS"": 1.900990099009901, ""DATASET"": 1.9027027027027028}",4
dirichlet_0.1__high,dirichlet_0.1,0.1,high,1.9,999012690,23f000ea04be44b0,4075ee67f0402ff4,exact_pending_queue,"[[0.3899387950290074, 3.455256094790533e-15, 0.13802207473268893, 0.4720391302383002], [7.285415147075383e-07, 0.00416979586472401, 7.250470591672302e-05, 0.9957569708878447], [6.348918285817003e-12, 0.002067101150056119, 0.00020287994390865032, 0.9977300188996864], [0.0031545987595786203, 0.02352061366988776, 0.016581606715140383, 0.9567431808553933], [1.2736610502446475e-05, 0.0004400409589347287, 2.411644576135321e-09, 0.9995472200189183], [1.0446503408291807e-09, 4.626775264227796e-06, 0.9856096190238478, 0.01438575315623752]]","[{""research"": 5, ""code_review"": 0, ""doc_processing"": 0, ""monitoring"": 3}, {""research"": 0, ""code_review"": 0, ""doc_processing"": 0, ""monitoring"": 8}, {""research"": 0, ""code_review"": 0, ""doc_processing"": 0, ""monitoring"": 8}, {""research"": 0, ""code_review"": 0, ""doc_processing"": 0, ""monitoring"": 8}, {""research"": 0, ""code_review"": 0, ""doc_processing"": 0, ""monitoring"": 8}, {""research"": 0, ""code_review"": 0, ""doc_processing"": 8, ""monitoring"": 0}]","[2, 1, 1, 1, 1, 1]",0.0,0.07953616691041375,0.5,0.14657294657294656,0.11528011528011528,"{""COMPUTE"": 626, ""MEMORY"": 588, ""API_CREDITS"": 200, ""DATASET"": 320}","{""COMPUTE"": 329, ""MEMORY"": 309, ""API_CREDITS"": 105, ""DATASET"": 168}","{""COMPUTE"": 1.9027355623100304, ""MEMORY"": 1.9029126213592233, ""API_CREDITS"": 1.9047619047619047, ""DATASET"": 1.9047619047619047}",4
dirichlet_0.1__high,dirichlet_0.1,0.1,high,1.9,1032888065,6f32447d0def8adf,f7398cbd206bb61d,exact_pending_queue,"[[2.4928924329288923e-06, 3.1277721166407336e-08, 0.999996311883229, 1.1639466169345366e-06], [0.8101120230781, 0.0008754982248472903, 0.0008834648682359602, 0.18812901382881678], [0.014365324488475465, 0.04291089214442067, 0.9418155269360093, 0.0009082564310944861], [1.4004406415365052e-11, 0.795710038624561, 0.20428996136143462, 6.285520167950539e-20], [0.6184040469289223, 0.0026119601744251813, 3.993007810775685e-06, 0.37897999988884173], [0.7148717668310534, 0.19929262628316383, 0.08574604138844678, 8.956549733598426e-05]]","[{""research"": 0, ""code_review"": 0, ""doc_processing"": 8, ""monitoring"": 0}, {""research"": 5, ""code_review"": 0, ""doc_processing"": 0, ""monitoring"": 3}, {""research"": 0, ""code_review"": 0, ""doc_processing"": 8, ""monitoring"": 0}, {""research"": 0, ""code_review"": 8, ""doc_processing"": 0, ""monitoring"": 0}, {""research"": 2, ""code_review"": 0, ""doc_processing"": 0, ""monitoring"": 6}, {""research"": 7, ""code_review"": 1, ""doc_processing"": 0, ""monitoring"": 0}]","[1, 2, 1, 1, 2, 2]",0.0,0.19243971421530784,0.825,0.10218114090855052,0.0685411705272398,"{""COMPUTE"": 990, ""MEMORY"": 815, ""API_CREDITS"": 461, ""DATASET"": 184}","{""COMPUTE"": 521, ""MEMORY"": 429, ""API_CREDITS"": 243, ""DATASET"": 97}","{""COMPUTE"": 1.9001919385796544, ""MEMORY"": 1.8997668997668997, ""API_CREDITS"": 1.897119341563786, ""DATASET"": 1.8969072164948453}",4
dirichlet_0.1__high,dirichlet_0.1,0.1,high,1.9,1039704879,36338f4462650e95,b551bf0013183273,exact_pending_queue,"[[1.8320715283600307e-08, 0.2281873617560274, 0.7718089376015148, 3.6823217425428255e-06], [0.9801786961690802, 8.864521908568213e-12, 3.174209209003974e-12, 0.0198213038188811], [0.37332303937871403, 0.0030780648617477245, 0.019080583173540694, 0.6045183125859974], [1.4941670863845722e-07, 0.9998863832697503, 0.00011346731039147227, 3.1496014214518235e-12], [0.001895029669046185, 0.9553572260900877, 6.905770744332721e-05, 0.04267868653342274], [7.481938258265688e-05, 0.43220348480926024, 0.04976052818075699, 0.5179611676274001]]","[{""research"": 0, ""code_review"": 2, ""doc_processing"": 6, ""monitoring"": 0}, {""research"": 7, ""code_review"": 0, ""doc_processing"": 0, ""monitoring"": 1}, {""research"": 4, ""code_review"": 0, ""doc_processing"": 0, ""monitoring"": 4}, {""research"": 0, ""code_review"": 8, ""doc_processing"": 0, ""monitoring"": 0}, {""research"": 0, ""code_review"": 8, ""doc_processing"": 0, ""monitoring"": 0}, {""research"": 0, ""code_review"": 1, ""doc_processing"": 0, ""monitoring"": 7}]","[2, 2, 2, 1, 1, 2]",0.0,0.24153391757152712,0.7916666666666666,0.1342838540867185,0.08765801173835597,"{""COMPUTE"": 792, ""MEMORY"": 675, ""API_CREDITS"": 373, ""DATASET"": 184}","{""COMPUTE"": 417, ""MEMORY"": 355, ""API_CREDITS"": 196, ""DATASET"": 97}","{""COMPUTE"": 1.8992805755395683, ""MEMORY"": 1.9014084507042253, ""API_CREDITS"": 1.903061224489796, ""DATASET"": 1.8969072164948453}",4
dirichlet_0.1__high,dirichlet_0.1,0.1,high,1.9,1050570396,6d202c64d8500bdc,f51b0d32450cca67,exact_pending_queue,"[[8.834905311485938e-13, 0.2266173382110165, 0.7579979602508077, 0.01538470153729245], [0.17699277740922534, 3.24708557096065e-10, 0.8218017082387453, 0.0012055140273208751], [0.9970680915498588, 4.171830186507677e-30, 0.0028787238596702036, 5.318459047100918e-05], [0.07105557078771114, 0.9232582892105272, 0.005686139970542485, 3.121900845723785e-11], [0.050460455643755696, 0.7568383284036045, 0.1921441742219781, 0.0005570417306616358], [0.004658428953693371, 0.9953408629980298, 6.884964559422924e-07, 1.9551821050124082e-08]]","[{""research"": 0, ""code_review"": 3, ""doc_processing"": 5, ""monitoring"": 0}, {""research"": 3, ""code_review"": 0, ""doc_processing"": 5, ""monitoring"": 0}, {""research"": 8, ""code_review"": 0, ""doc_processing"": 0, ""monitoring"": 0}, {""research"": 0, ""code_review"": 8, ""doc_processing"": 0, ""monitoring"": 0}, {""research"": 0, ""code_review"": 5, ""doc_processing"": 3, ""monitoring"": 0}, {""research"": 0, ""code_review"": 8, ""doc_processing"": 0, ""monitoring"": 0}]","[2, 2, 1, 1, 2, 1]",0.0,0.23860850073124126,0.6583333333333333,0.04828134828134829,0.033228345728345716,"{""COMPUTE"": 900, ""MEMORY"": 719, ""API_CREDITS"": 461, ""DATASET"": 88}","{""COMPUTE"": 474, ""MEMORY"": 378, ""API_CREDITS"": 243, ""DATASET"": 46}","{""COMPUTE"": 1.8987341772151898, ""MEMORY"": 1.902116402116402, ""API_CREDITS"": 1.897119341563786, ""DATASET"": 1.9130434782608696}",4
dirichlet_0.1__high,dirichlet_0.1,0.1,high,1.9,1087495274,02e0f2782e39f0d4,2187f9be52cf0011,exact_pending_queue,"[[0.020647927885964566, 0.5820896846034671, 0.39696239641073183, 0.00029999109983656994], [0.096893855901673, 6.531014254296176e-10, 6.006976931665773e-14, 0.9031061434451654], [0.9999738042700411, 3.778198149408088e-08, 1.7865820554785135e-06, 2.43713659219455e-05], [1.3110160646038545e-05, 6.334399395324899e-09, 0.9999840407976349, 2.842707319633408e-06], [1.0132966632868497e-09, 0.8645339484154088, 0.13311574682526497, 0.0023503037460297174], [0.003512299751645942, 0.006672138310779344, 0.019673881657617062, 0.9701416802799577]]","[{""research"": 0, ""code_review"": 7, ""doc_processing"": 1, ""monitoring"": 0}, {""research"": 0, ""code_review"": 0, ""doc_processing"": 0, ""monitoring"": 8}, {""research"": 8, ""code_review"": 0, ""doc_processing"": 0, ""monitoring"": 0}, {""research"": 0, ""code_review"": 0, ""doc_processing"": 8, ""monitoring"": 0}, {""research"": 0, ""code_review"": 6, ""doc_processing"": 2, ""monitoring"": 0}, {""research"": 0, ""code_review"": 0, ""doc_processing"": 0, ""monitoring"": 8}]","[2, 1, 1, 1, 2, 1]",0.0,0.1129035473048941,0.85,0.18182681516014845,0.13280220294109182,"{""COMPUTE"": 772, ""MEMORY"": 656, ""API_CREDITS"": 340, ""DATASET"": 192}","{""COMPUTE"": 406, ""MEMORY"": 345, ""API_CREDITS"": 179, ""DATASET"": 101}","{""COMPUTE"": 1.9014778325123152, ""MEMORY"": 1.901449275362319, ""API_CREDITS"": 1.899441340782123, ""DATASET"": 1.900990099009901}",4
dirichlet_0.1__high,dirichlet_0.1,0.1,high,1.9,1102475274,b98ed78a52af5dd7,092d5a50c351aff3,exact_pending_queue,"[[0.007027449768400542, 0.0010752072672299388, 0.9918973355138857, 7.4504838662906034e-09], [0.13910318070857863, 0.8225284489694058, 0.007367127248920228, 0.031001243073095493], [0.8620907891684721, 0.04859228975925893, 0.08917005402379492, 0.00014686704847396328], [0.9103543279988383, 3.659758015005459e-09, 0.027799505160695414, 0.06184616318070823], [1.0741142495440515e-06, 0.9999121062116283, 8.667029103047421e-05, 1.4938309160850923e-07], [6.017187487016627e-05, 0.2157178199973387, 0.7842220067619696, 1.3658215676915702e-09]]","[{""research"": 0, ""code_review"": 0, ""doc_processing"": 8, ""monitoring"": 0}, {""research"": 1, ""code_review"": 7, ""doc_processing"": 0, ""monitoring"": 0}, {""research"": 7, ""code_review"": 0, ""doc_processing"": 1, ""monitoring"": 0}, {""research"": 8, ""code_review"": 0, ""doc_processing"": 0, ""monitoring"": 0}, {""research"": 0, ""code_review"": 8, ""doc_processing"": 0, ""monitoring"": 0}, {""research"": 0, ""code_review"": 1, ""doc_processing"": 7, ""monitoring"": 0}]","[1, 2, 2, 1, 1, 2]",0.0,0.1358911107998991,0.775,0.057575592775140974,0.03963944477404568,"{""COMPUTE"": 1056, ""MEMORY"": 848, ""API_CREDITS"": 528, ""DATASET"": 128}","{""COMPUTE"": 556, ""MEMORY"": 446, ""API_CREDITS"": 278, ""DATASET"": 67}","{""COMPUTE"": 1.8992805755395683, ""MEMORY"": 1.9013452914798206, ""API_CREDITS"": 1.8992805755395683, ""DATASET"": 1.9104477611940298}",4
dirichlet_0.1__high,dirichlet_0.1,0.1,high,1.9,1133305872,264074a94c77b0fd,4ca4701d2253cf48,exact_pending_queue,"[[0.7006187586421123, 0.19349398146250427, 1.0186336523217355e-15, 0.10588725989538254], [0.021370828447763834, 0.0033507496471032396, 0.05755143352255428, 0.9177269883825786], [0.9810792740319947, 0.015234568012424562, 6.31136895403603e-06, 0.0036798465866267212], [0.005406168859530394, 4.58654870889487e-06, 0.9945717984488521, 1.744614290844297e-05], [0.05219244169877721, 0.7464531006285736, 0.20135429117564912, 1.6649700007061977e-07], [0.27408738293733687, 0.0006068454501529449, 4.14901022334793e-06, 0.7253016226022868]]","[{""research"": 7, ""code_review"": 1, ""doc_processing"": 0, ""monitoring"": 0}, {""research"": 0, ""code_review"": 0, ""doc_processing"": 2, ""monitoring"": 6}, {""research"": 8, ""code_review"": 0, ""doc_processing"": 0, ""monitoring"": 0}, {""research"": 0, ""code_review"": 0, ""doc_processing"": 8, ""monitoring"": 0}, {""research"": 0, ""code_review"": 6, ""doc_processing"": 2, ""monitoring"": 0}, {""research"": 3, ""code_review"": 0, ""doc_processing"": 0, ""monitoring"": 5}]","[2, 2, 1, 1, 2, 2]",0.0,0.26004622458690224,0.7916666666666666,0.10215993784838963,0.06581697926611209,"{""COMPUTE"": 1034, ""MEMORY"": 869, ""API_CREDITS"": 479, ""DATASET"": 232}","{""COMPUTE"": 544, ""MEMORY"": 457, ""API_CREDITS"": 252, ""DATASET"": 122}","{""COMPUTE"": 1.900735294117647, ""MEMORY"": 1.9015317286652078, ""API_CREDITS"": 1.9007936507936507, ""DATASET"": 1.901639344262295}",4
dirichlet_0.1__high,dirichlet_0.1,0.1,high,1.9,1143766233,11ccf39224267b16,693c79a197d280c7,exact_pending_queue,"[[0.9894104838955072, 0.0095817481410193, 0.00024087542527953523, 0.00076689253819394], [0.003411265170649782, 0.9965439767706842, 4.475692985954566e-05, 1.1288065551340053e-09], [6.959122772535453e-07, 0.3319014465710084, 0.07609534396869257, 0.5920025135480217], [0.06893585022346932, 0.007860245780648709, 0.029899283474124887, 0.8933046205217572], [1.5256875363068189e-05, 0.0608726749727402, 1.7763881831176765e-12, 0.9391120681501203], [0.7125845314797455, 0.014470119640001453, 0.13545598294141648, 0.1374893659388367]]","[{""research"": 8, ""code_review"": 0, ""doc_processing"": 0, ""monitoring"": 0}, {""research"": 0, ""code_review"": 8, ""doc_processing"": 0, ""monitoring"": 0}, {""research"": 0, ""code_review"": 6, ""doc_processing"": 0, ""monitoring"": 2}, {""research"": 1, ""code_review"": 0, ""doc_processing"": 1, ""monitoring"": 6}, {""research"": 0, ""code_review"": 0, ""doc_processing"": 0, ""monitoring"": 8}, {""research"": 6, ""code_review"": 0, ""doc_processing"": 2, ""monitoring"": 0}]","[1, 1, 2, 3, 1, 2]",0.0,0.22365286444811652,0.7916666666666666,0.13271521368390254,0.08794416879054844,"{""COMPUTE"": 844, ""MEMORY"": 739, ""API_CREDITS"": 385, ""DATASET"": 248}","{""COMPUTE"": 444, ""MEMORY"": 389, ""API_CREDITS"": 203, ""DATASET"": 131}","{""COMPUTE"": 1.9009009009009008, ""MEMORY"": 1.8997429305912596, ""API_CREDITS"": 1.896551724137931, ""DATASET"": 1.8931297709923665}",4
dirichlet_0.1__high,dirichlet_0.1,0.1,high,1.9,1154336374,b2236bac17d7e183,1dbcfb8df287a3cf,exact_pending_queue,"[[0.3963095671676229, 0.04803256927235415, 0.5556578181848568, 4.5375166138158824e-08], [0.04456521075889728, 5.827526821073171e-06, 0.8933103005693095, 0.06211866114497221], [0.999940894433988, 6.575663983463181e-07, 6.120040587698348e-11, 5.844793841329682e-05], [0.017053915370579455, 0.8918223490733022, 0.09099085334849547, 0.00013288220762302917], [0.9999093171848776, 1.24116529032403e-05, 2.2818306523021287e-05, 5.545285569624205e-05], [0.8454791327468196, 0.15119445908958604, 1.876738661412067e-10, 0.003326407975920359]]","[{""research"": 5, ""code_review"": 1, ""doc_processing"": 2, ""monitoring"": 0}, {""research"": 2, ""code_review"": 0, ""doc_processing"": 6, ""monitoring"": 0}, {""research"": 8, ""code_review"": 0, ""doc_processing"": 0, ""monitoring"": 0}, {""research"": 0, ""code_review"": 7, ""doc_processing"": 1, ""monitoring"": 0}, {""research"": 8, ""code_review"": 0, ""doc_processing"": 0, ""monitoring"": 0}, {""research"": 8, ""code_review"": 0, ""doc_processing"": 0, ""monitoring"": 0}]","[3, 2, 1, 2, 1, 1]",0.0,0.22113645902951065,0.5666666666666667,0.04322756851492484,0.030731409838210617,"{""COMPUTE"": 1332, ""MEMORY"": 1107, ""API_CREDITS"": 665, ""DATASET"": 248}","{""COMPUTE"": 701, ""MEMORY"": 583, ""API_CREDITS"": 350, ""DATASET"": 131}","{""COMPUTE"": 1.9001426533523538, ""MEMORY"": 1.8987993138936534, ""API_CREDITS"": 1.9, ""DATASET"": 1.8931297709923665}",4
dirichlet_0.1__high,dirichlet_0.1,0.1,high,1.9,1169070121,af1c470d32049536,8e47fca2e35e6380,exact_pending_queue,"[[0.00036502652597204517, 4.4582296402017745e-05, 0.3572013010391155, 0.6423890901385105], [0.04994801872024689, 0.020521237583483596, 0.6984168598054861, 0.23111388389078358], [0.09812462690908527, 5.7786015184082546e-05, 2.8104355758002383e-05, 0.9017894827199727], [0.7330483304909341, 0.2272933101188449, 0.0036308119448008203, 0.03602754744542008], [0.8625959046798405, 0.12491519971547042, 0.011851012402489853, 0.0006378832021991934], [0.9998016950434051, 3.222760613321689e-06, 0.00017336635668480807, 2.1715839296774896e-05]]","[{""research"": 0, ""code_review"": 0, ""doc_processing"": 3, ""monitoring"": 5}, {""research"": 0, ""code_review"": 0, ""doc_processing"": 7, ""monitoring"": 1}, {""research"": 0, ""code_review"": 0, ""doc_processing"": 0, ""monitoring"": 8}, {""research"": 7, ""code_review"": 1, ""doc_processing"": 0, ""monitoring"": 0}, {""research"": 8, ""code_review"": 0, ""doc_processing"": 0, ""monitoring"": 0}, {""research"": 8, ""code_review"": 0, ""doc_processing"": 0, ""monitoring"": 0}]","[2, 2, 1, 2, 1, 1]",0.0,0.17013024077701314,0.7333333333333333,0.11382454405060466,0.07430703772480246,"{""COMPUTE"": 1124, ""MEMORY"": 961, ""API_CREDITS"": 511, ""DATASET"": 296}","{""COMPUTE"": 592, ""MEMORY"": 506, ""API_CREDITS"": 269, ""DATASET"": 156}","{""COMPUTE"": 1.8986486486486487, ""MEMORY"": 1.8992094861660078, ""API_CREDITS"": 1.899628252788104, ""DATASET"": 1.8974358974358974}",4
dirichlet_0.1__high,dirichlet_0.1,0.1,high,1.9,1187549093,b58ec97f6baef54b,1cc231d644e92b2f,exact_pending_queue,"[[0.9946169269773478, 0.0036448634229561826, 0.001108054870710916, 0.00063015472898513], [0.0006176456991075733, 0.07136245907577053, 0.9251130232208783, 0.0029068720042436246], [0.005154693163282884, 0.19931821997461394, 3.3989588115044175e-11, 0.7955270868281135], [8.630997724810386e-10, 0.8291030734647915, 0.16427952882635175, 0.006617396845757139], [0.00013970345768870906, 1.1030429636279607e-08, 0.0005142588110633975, 0.9993460267008182], [5.996030186575812e-15, 0.06922619157452366, 1.5266084994680847e-15, 0.9307738084254689]]","[{""research"": 8, ""code_review"": 0, ""doc_processing"": 0, ""monitoring"": 0}, {""research"": 0, ""code_review"": 0, ""doc_processing"": 8, ""monitoring"": 0}, {""research"": 0, ""code_review"": 2, ""doc_processing"": 0, ""monitoring"": 6}, {""research"": 0, ""code_review"": 7, ""doc_processing"": 1, ""monitoring"": 0}, {""research"": 0, ""code_review"": 0, ""doc_processing"": 0, ""monitoring"": 8}, {""research"": 0, ""code_review"": 0, ""doc_processing"": 0, ""monitoring"": 8}]","[1, 1, 2, 2, 1, 1]",0.0,0.1129035473048941,0.8083333333333333,0.1841375037453469,0.1331670780200192,"{""COMPUTE"": 736, ""MEMORY"": 646, ""API_CREDITS"": 302, ""DATASET"": 240}","{""COMPUTE"": 387, ""MEMORY"": 340, ""API_CREDITS"": 159, ""DATASET"": 126}","{""COMPUTE"": 1.9018087855297157, ""MEMORY"": 1.9, ""API_CREDITS"": 1.89937106918239, ""DATASET"": 1.9047619047619047}",4
dirichlet_0.1__high,dirichlet_0.1,0.1,high,1.9,1221630303,d19fa11ec7ea30fa,b1eb74470e3da79e,exact_pending_queue,"[[8.842110787587394e-06, 1.6786808402507958e-05, 4.6557307452904875e-19, 0.99997437108081], [0.9577485583860769, 0.04222643176536687, 2.5009848503672194e-05, 5.259325853528651e-14], [0.017672266465997743, 0.7936605553222977, 0.16581526915949132, 0.022851909052213144], [0.9992097863239442, 0.0005105798267605967, 0.0001998060223497057, 7.9827826945394e-05], [0.0016844085311625184, 0.9283447904777948, 0.0662222565862439, 0.003748544404798736], [0.044865580550353085, 4.679461029198404e-25, 0.1525098821254238, 0.8026245373242231]]","[{""research"": 0, ""code_review"": 0, ""doc_processing"": 0, ""monitoring"": 8}, {""research"": 8, ""code_review"": 0, ""doc_processing"": 0, ""monitoring"": 0}, {""research"": 0, ""code_review"": 7, ""doc_processing"": 1, ""monitoring"": 0}, {""research"": 8, ""code_review"": 0, ""doc_processing"": 0, ""monitoring"": 0}, {""research"": 0, ""code_review"": 8, ""doc_processing"": 0, ""monitoring"": 0}, {""research"": 1, ""code_review"": 0, ""doc_processing"": 0, ""monitoring"": 7}]","[1, 1, 2, 1, 1, 2]",0.0,0.0905940738665994,0.8,0.15735388068721398,0.10618578951912284,"{""COMPUTE"": 870, ""MEMORY"": 764, ""API_CREDITS"": 404, ""DATASET"": 256}","{""COMPUTE"": 458, ""MEMORY"": 402, ""API_CREDITS"": 213, ""DATASET"": 135}","{""COMPUTE"": 1.8995633187772927, ""MEMORY"": 1.900497512437811, ""API_CREDITS"": 1.8967136150234742, ""DATASET"": 1.8962962962962964}",4
dirichlet_0.1__high,dirichlet_0.1,0.1,high,1.9,1221963468,ac8def1e818150c4,a9429dcf03d35e12,exact_pending_queue,"[[4.5875188685162604e-05, 0.9998973573037879, 3.0314468717366406e-06, 5.373606065521219e-05], [0.0005921374654814413, 0.00043285196132687086, 2.8247303990631098e-05, 0.9989467632692011], [0.010222960944434221, 0.03699408691480798, 4.5997419133142207e-08, 0.9527829061433386], [0.45353793279117155, 0.0011492590673125342, 0.5270977038574367, 0.018215104284079138], [0.27404308883841516, 0.7222252449386861, 4.012471022622719e-07, 0.003731264975796395], [1.0322759046302736e-13, 0.0003722250171925792, 0.999627774982704, 1.0623473787083883e-16]]","[{""research"": 0, ""code_review"": 8, ""doc_processing"": 0, ""monitoring"": 0}, {""research"": 0, ""code_review"": 0, ""doc_processing"": 0, ""monitoring"": 8}, {""research"": 0, ""code_review"": 0, ""doc_processing"": 0, ""monitoring"": 8}, {""research"": 6, ""code_review"": 0, ""doc_processing"": 2, ""monitoring"": 0}, {""research"": 4, ""code_review"": 4, ""doc_processing"": 0, ""monitoring"": 0}, {""research"": 0, ""code_review"": 0, ""doc_processing"": 8, ""monitoring"": 0}]","[1, 1, 1, 2, 2, 1]",0.0,0.15093984370492775,0.85,0.17521367521367523,0.12665343915343916,"{""COMPUTE"": 808, ""MEMORY"": 690, ""API_CREDITS"": 358, ""DATASET"": 208}","{""COMPUTE"": 425, ""MEMORY"": 363, ""API_CREDITS"": 188, ""DATASET"": 109}","{""COMPUTE"": 1.9011764705882352, ""MEMORY"": 1.9008264462809918, ""API_CREDITS"": 1.9042553191489362, ""DATASET"": 1.908256880733945}",4
dirichlet_0.1__high,dirichlet_0.1,0.1,high,1.9,1244412151,007292a40b79b0f9,9831e973272f038f,exact_pending_queue,"[[0.002519892280953097, 7.722197868311795e-07, 0.01678614736897491, 0.9806931881302852], [2.054074027098996e-09, 0.002413704688546843, 0.997586290879513, 2.377866145146098e-09], [1.0077573792446325e-18, 0.9934039617999239, 0.001518605455435991, 0.005077432744640167], [3.669009900222668e-12, 0.15166101727494666, 0.00149378373896391, 0.8468451989824204], [3.153679510251574e-05, 0.2908500626301647, 1.4767109798783556e-07, 0.7091182529036348], [0.00011852532856701676, 1.7883813115507022e-05, 0.9997364672398334, 0.00012712361848396343]]","[{""research"": 0, ""code_review"": 0, ""doc_processing"": 0, ""monitoring"": 8}, {""research"": 0, ""code_review"": 0, ""doc_processing"": 8, ""monitoring"": 0}, {""research"": 0, ""code_review"": 8, ""doc_processing"": 0, ""monitoring"": 0}, {""research"": 0, ""code_review"": 2, ""doc_processing"": 0, ""monitoring"": 6}, {""research"": 0, ""code_review"": 5, ""doc_processing"": 0, ""monitoring"": 3}, {""research"": 0, ""code_review"": 0, ""doc_processing"": 8, ""monitoring"": 0}]","[1, 1, 1, 2, 2, 1]",0.0,0.14714267728200817,0.7583333333333333,0.16983027865380806,0.11642252083428554,"{""COMPUTE"": 638, ""MEMORY"": 529, ""API_CREDITS"": 267, ""DATASET"": 136}","{""COMPUTE"": 336, ""MEMORY"": 278, ""API_CREDITS"": 141, ""DATASET"": 72}","{""COMPUTE"": 1.8988095238095237, ""MEMORY"": 1.9028776978417266, ""API_CREDITS"": 1.8936170212765957, ""DATASET"": 1.8888888888888888}",4
dirichlet_0.1__high,dirichlet_0.1,0.1,high,1.9,1244924414,153eae93a78df383,1a0a8ff72a4ad6cc,exact_pending_queue,"[[0.9999966388869974, 1.315862599031691e-06, 6.122833040560206e-08, 1.9840220731757825e-06], [0.003752572737444125, 0.559561835510335, 0.436684557626677, 1.0341255437366484e-06], [1.4802311305971772e-15, 0.404797896098321, 0.5309876129812412, 0.06421449092043618], [0.9801989099803761, 0.019389370962133848, 1.952961168323606e-06, 0.00040976609632163295], [3.3389286686922967e-06, 0.09284700779367079, 0.12029270420450504, 0.7868569490731554], [0.24035580364531015, 0.7589446072886691, 0.000697090647137147, 2.4984188836491128e-06]]","[{""research"": 8, ""code_review"": 0, ""doc_processing"": 0, ""monitoring"": 0}, {""research"": 0, ""code_review"": 5, ""doc_processing"": 3, ""monitoring"": 0}, {""research"": 0, ""code_review"": 5, ""doc_processing"": 3, ""monitoring"": 0}, {""research"": 8, ""code_review"": 0, ""doc_processing"": 0, ""monitoring"": 0}, {""research"": 0, ""code_review"": 2, ""doc_processing"": 0, ""monitoring"": 6}, {""research"": 2, ""code_review"": 6, ""doc_processing"": 0, ""monitoring"": 0}]","[1, 2, 2, 1, 2, 2]",0.0,0.29428535456401633,0.7,0.10325237670825908,0.06379666765696178,"{""COMPUTE"": 972, ""MEMORY"": 816, ""API_CREDITS"": 480, ""DATASET"": 192}","{""COMPUTE"": 512, ""MEMORY"": 429, ""API_CREDITS"": 253, ""DATASET"": 101}","{""COMPUTE"": 1.8984375, ""MEMORY"": 1.902097902097902, ""API_CREDITS"": 1.8972332015810276, ""DATASET"": 1.900990099009901}",4
dirichlet_0.1__high,dirichlet_0.1,0.1,high,1.9,1254323997,f00911f2a3529b69,85fb5d1aec5ef36e,exact_pending_queue,"[[0.8918642947974806, 0.10813547895291947, 1.5425916239637993e-07, 7.199043751512092e-08], [0.9965074616982712, 1.8548748851554758e-09, 0.003451529038413324, 4.100740844075839e-05], [0.49596520342333217, 0.5014405109977534, 0.0015059176308367204, 0.0010883679480776665], [3.1663578366358518e-06, 0.11827707090069664, 0.49170535805713866, 0.390014404684328], [4.770073855011197e-05, 1.4234981436504468e-05, 1.4417041735630001e-09, 0.9999380628383093], [0.002300978852774622, 0.2298762720104529, 0.7677401507341174, 8.259840265492391e-05]]","[{""research"": 7, ""code_review"": 1, ""doc_processing"": 0, ""monitoring"": 0}, {""research"": 8, ""code_review"": 0, ""doc_processing"": 0, ""monitoring"": 0}, {""research"": 3, ""code_review"": 5, ""doc_processing"": 0, ""monitoring"": 0}, {""research"": 0, ""code_review"": 0, ""doc_processing"": 7, ""monitoring"": 1}, {""research"": 0, ""code_review"": 0, ""doc_processing"": 0, ""monitoring"": 8}, {""research"": 0, ""code_review"": 1, ""doc_processing"": 7, ""monitoring"": 0}]","[2, 1, 2, 2, 1, 2]",0.0,0.21542727771031286,0.8,0.12392238765684897,0.07839891110781995,"{""COMPUTE"": 1062, ""MEMORY"": 883, ""API_CREDITS"": 497, ""DATASET"": 216}","{""COMPUTE"": 559, ""MEMORY"": 465, ""API_CREDITS"": 262, ""DATASET"": 114}","{""COMPUTE"": 1.8998211091234347, ""MEMORY"": 1.8989247311827957, ""API_CREDITS"": 1.8969465648854962, ""DATASET"": 1.894736842105263}",4
dirichlet_0.1__high,dirichlet_0.1,0.1,high,1.9,1281609490,8e46f0d774ce454e,d55c31f6ef4c542a,exact_pending_queue,"[[0.00019385663363318301, 0.7614875116215468, 0.2104957800924992, 0.027822851652320825], [0.9992279578678588, 0.0007694734761594043, 3.292201619170363e-10, 2.5683267615821954e-06], [0.0008558629049755375, 0.19908900569724133, 0.7920991636015907, 0.00795596779619227], [0.12761692086949092, 4.69378707093052e-12, 0.8659955759522145, 0.00638750317360066], [4.9419380011405925e-09, 0.07060038945822818, 0.9293995959172944, 9.68253964268078e-09], [0.003917591444587659, 0.017389828313380467, 0.9207678953684817, 0.05792468487355023]]","[{""research"": 0, ""code_review"": 7, ""doc_processing"": 1, ""monitoring"": 0}, {""research"": 8, ""code_review"": 0, ""doc_processing"": 0, ""monitoring"": 0}, {""research"": 0, ""code_review"": 1, ""doc_processing"": 7, ""monitoring"": 0}, {""research"": 1, ""code_review"": 0, ""doc_processing"": 7, ""monitoring"": 0}, {""research"": 0, ""code_review"": 0, ""doc_processing"": 8, ""monitoring"": 0}, {""research"": 0, ""code_review"": 0, ""doc_processing"": 8, ""monitoring"": 0}]","[2, 1, 2, 2, 1, 1]",0.0,0.1358911107998991,0.5916666666666667,0.04190796857463524,0.0282510641001207,"{""COMPUTE"": 1068, ""MEMORY"": 821, ""API_CREDITS"": 511, ""DATASET"": 72}","{""COMPUTE"": 562, ""MEMORY"": 432, ""API_CREDITS"": 269, ""DATASET"": 38}","{""COMPUTE"": 1.900355871886121, ""MEMORY"": 1.900462962962963, ""API_CREDITS"": 1.899628252788104, ""DATASET"": 1.894736842105263}",4
dirichlet_0.1__high,dirichlet_0.1,0.1,high,1.9,1282977363,cbb94b6223adb489,81b9aef75725006a,exact_pending_queue,"[[0.5962160021650228, 0.00030955403835352687, 0.00263671178997391, 0.4008377320066497], [0.9999506982400879, 1.121297198498926e-06, 4.801146801680187e-05, 1.6899469685757511e-07], [0.029865346730769318, 0.9477680758875139, 3.401353155633792e-06, 0.022363176028560982], [0.02847703881135225, 0.8814821169569995, 0.08567560927503762, 0.00436523495661074], [0.0037977299658197693, 3.896188974012331e-07, 0.9962018804152825, 3.62883645897164e-16], [0.024256333461107903, 5.171123170260133e-05, 0.02227316740945215, 0.9534187878977374]]","[{""research"": 3, ""code_review"": 0, ""doc_processing"": 0, ""monitoring"": 5}, {""research"": 8, ""code_review"": 0, ""doc_processing"": 0, ""monitoring"": 0}, {""research"": 0, ""code_review"": 8, ""doc_processing"": 0, ""monitoring"": 0}, {""research"": 0, ""code_review"": 7, ""doc_processing"": 0, ""monitoring"": 1}, {""research"": 0, ""code_review"": 0, ""doc_processing"": 8, ""monitoring"": 0}, {""research"": 0, ""code_review"": 0, ""doc_processing"": 0, ""monitoring"": 8}]","[2, 1, 1, 2, 1, 1]",0.0,0.12483320384371345,0.8583333333333333,0.14714710719996185,0.0936793849361226,"{""COMPUTE"": 812, ""MEMORY"": 693, ""API_CREDITS"": 371, ""DATASET"": 200}","{""COMPUTE"": 427, ""MEMORY"": 365, ""API_CREDITS"": 195, ""DATASET"": 105}","{""COMPUTE"": 1.901639344262295, ""MEMORY"": 1.8986301369863015, ""API_CREDITS"": 1.9025641025641025, ""DATASET"": 1.9047619047619047}",4
dirichlet_0.1__high,dirichlet_0.1,0.1,high,1.9,1312657306,97722a51436476f1,543302faa5c9ef2a,exact_pending_queue,"[[8.764999373193896e-06, 0.0019838847081611287, 0.9978611722705282, 0.00014617802193753597], [0.015282300988347207, 0.10292757684165707, 0.8753599022722338, 0.00643021989776201], [0.3578176475520497, 0.0017873759191858168, 0.6403949759300732, 5.986912861846087e-10], [0.31810279330585917, 0.4974271484076276, 0.1433590741942835, 0.04111098409222962], [4.796740944445546e-05, 2.1327810904199017e-06, 0.9976506219914348, 0.0022992778180303836], [0.22144021626788848, 0.778548066957282, 8.306211623118966e-06, 3.4105632063439125e-06]]","[{""research"": 0, ""code_review"": 0, ""doc_processing"": 8, ""monitoring"": 0}, {""research"": 1, ""code_review"": 0, ""doc_processing"": 7, ""monitoring"": 0}, {""research"": 3, ""code_review"": 0, ""doc_processing"": 5, ""monitoring"": 0}, {""research"": 4, ""code_review"": 3, ""doc_processing"": 1, ""monitoring"": 0}, {""research"": 0, ""code_review"": 0, ""doc_processing"": 8, ""monitoring"": 0}, {""research"": 2, ""code_review"": 6, ""doc_processing"": 0, ""monitoring"": 0}]","[1, 2, 2, 3, 1, 2]",0.0,0.3095763027344384,0.55,0.03823166718273849,0.0266848423358257,"{""COMPUTE"": 1068, ""MEMORY"": 826, ""API_CREDITS"": 514, ""DATASET"": 80}","{""COMPUTE"": 562, ""MEMORY"": 435, ""API_CREDITS"": 271, ""DATASET"": 42}","{""COMPUTE"": 1.900355871886121, ""MEMORY"": 1.8988505747126436, ""API_CREDITS"": 1.896678966789668, ""DATASET"": 1.9047619047619047}",4
dirichlet_0.1__high,dirichlet_0.1,0.1,high,1.9,1314235930,3ca3149a7540af07,ae707a2a514aea92,exact_pending_queue,"[[0.4471254593266402, 0.22166581092678064, 0.3312087297464393, 1.4001825395989847e-13], [0.5836012693027781, 0.4097419131383753, 0.005763272043650904, 0.0008935455151956795], [0.07328659343645656, 0.9249242637185481, 0.0017860032351581614, 3.139609837183671e-06], [0.1068868092089335, 0.8924956577456292, 0.00027810502378273084, 0.00033942802165450405], [0.9640943858823964, 0.034618258338954974, 4.2488257517729265e-05, 0.001244867521130954], [0.0022570634668653902, 0.8750005138251182, 0.10469377910458937, 0.0180486436034271]]","[{""research"": 5, ""code_review"": 2, ""doc_processing"": 1, ""monitoring"": 0}, {""research"": 7, ""code_review"": 1, ""doc_processing"": 0, ""monitoring"": 0}, {""research"": 0, ""code_review"": 8, ""doc_processing"": 0, ""monitoring"": 0}, {""research"": 1, ""code_review"": 7, ""doc_processing"": 0, ""monitoring"": 0}, {""research"": 7, ""code_review"": 1, ""doc_processing"": 0, ""monitoring"": 0}, {""research"": 0, ""code_review"": 6, ""doc_processing"": 2, ""monitoring"": 0}]","[3, 2, 1, 2, 2, 2]",0.0,0.31173053289611,0.5416666666666666,0.05066956882255389,0.03639614427860696,"{""COMPUTE"": 996, ""MEMORY"": 828, ""API_CREDITS"": 520, ""DATASET"": 160}","{""COMPUTE"": 524, ""MEMORY"": 436, ""API_CREDITS"": 274, ""DATASET"": 84}","{""COMPUTE"": 1.900763358778626, ""MEMORY"": 1.8990825688073394, ""API_CREDITS"": 1.897810218978102, ""DATASET"": 1.9047619047619047}",4
dirichlet_0.1__high,dirichlet_0.1,0.1,high,1.9,1321161991,289f3bf8913b5f37,9c8c1a0add938c0d,exact_pending_queue,"[[0.8928048253705353, 4.443322492842914e-07, 0.10719473029517634, 2.0389905198355813e-12], [0.992961492920422, 0.002106299854914478, 0.004928433241146247, 3.7739835170419057e-06], [0.0008000118709535336, 0.5217674915353565, 3.0012991412721666e-06, 0.4774294952945487], [5.6527832697035146e-08, 0.000556247151537639, 0.0011136095239602634, 0.9983300867966693], [0.0018279135286996973, 0.994485583169553, 0.00368641165445154, 9.164729582539426e-08], [2.9739896531830668e-05, 4.0879881457130783e-07, 1.111117305007337e-08, 0.9999698401934805]]","[{""research"": 8, ""code_review"": 0, ""doc_processing"": 0, ""monitoring"": 0}, {""research"": 8, ""code_review"": 0, ""doc_processing"": 0, ""monitoring"": 0}, {""research"": 0, ""code_review"": 6, ""doc_processing"": 0, ""monitoring"": 2}, {""research"": 0, ""code_review"": 0, ""doc_processing"": 0, ""monitoring"": 8}, {""research"": 0, ""code_review"": 8, ""doc_processing"": 0, ""monitoring"": 0}, {""research"": 0, ""code_review"": 0, ""doc_processing"": 0, ""monitoring"": 8}]","[1, 1, 2, 1, 1, 1]",0.0,0.0676065103715944,0.7833333333333333,0.15539698396841256,0.11364164935593508,"{""COMPUTE"": 828, ""MEMORY"": 738, ""API_CREDITS"": 374, ""DATASET"": 272}","{""COMPUTE"": 436, ""MEMORY"": 388, ""API_CREDITS"": 197, ""DATASET"": 143}","{""COMPUTE"": 1.8990825688073394, ""MEMORY"": 1.902061855670103, ""API_CREDITS"": 1.898477157360406, ""DATASET"": 1.902097902097902}",4
dirichlet_0.1__high,dirichlet_0.1,0.1,high,1.9,1390795802,9739f210d3a8f82e,dbc3f81b217aeaae,exact_pending_queue,"[[0.14840005880987273, 0.7502425692456497, 0.10135727776692341, 9.417755428037787e-08], [4.1341142192704645e-11, 1.6737179102699607e-15, 0.9881387439557857, 0.011861256002871527], [0.4775616702336562, 1.9814983290418077e-08, 0.14726576784472087, 0.37517254210663953], [1.2151894331336473e-05, 0.9953343550642046, 0.003760530236373278, 0.0008929628050908934], [0.23592200209017736, 0.7640725493038334, 5.448605989273269e-06, 1.823716291241532e-18], [7.743130733630774e-12, 0.06185401319477165, 0.6771675606540577, 0.2609784261434276]]","[{""research"": 0, ""code_review"": 6, ""doc_processing"": 2, ""monitoring"": 0}, {""research"": 0, ""code_review"": 0, ""doc_processing"": 8, ""monitoring"": 0}, {""research"": 4, ""code_review"": 0, ""doc_processing"": 3, ""monitoring"": 1}, {""research"": 0, ""code_review"": 8, ""doc_processing"": 0, ""monitoring"": 0}, {""research"": 1, ""code_review"": 7, ""doc_processing"": 0, ""monitoring"": 0}, {""research"": 0, ""code_review"": 0, ""doc_processing"": 5, ""monitoring"": 3}]","[2, 1, 3, 1, 2, 2]",0.0,0.3095763027344384,0.6833333333333333,0.053533029410347224,0.03583665827540022,"{""COMPUTE"": 808, ""MEMORY"": 637, ""API_CREDITS"": 395, ""DATASET"": 72}","{""COMPUTE"": 425, ""MEMORY"": 335, ""API_CREDITS"": 208, ""DATASET"": 38}","{""COMPUTE"": 1.9011764705882352, ""MEMORY"": 1.9014925373134328, ""API_CREDITS"": 1.8990384615384615, ""DATASET"": 1.894736842105263}",4
dirichlet_0.1__high,dirichlet_0.1,0.1,high,1.9,1401482818,9d1bccca228e6145,b3b8bc4c5f1fc505,exact_pending_queue,"[[0.004312529177467282, 0.0030874946220234194, 0.0031143813441488785, 0.9894855948563603], [0.12991374114223114, 0.19349900827782698, 0.6765872436496246, 6.930317245116258e-09], [0.04428379973853893, 4.971827966730186e-09, 3.7006116171280946e-11, 0.955716195252627], [0.014370388217253005, 0.9839243103206741, 2.6995245980969634e-05, 0.001678306216092116], [0.0988277080371211, 0.033164900166813865, 0.049391437706922184, 0.8186159540891429], [1.203990407354229e-07, 2.1159139030097095e-09, 0.0004399778358704842, 0.9995598996491748]]","[{""research"": 0, ""code_review"": 0, ""doc_processing"": 0, ""monitoring"": 8}, {""research"": 2, ""code_review"": 3, ""doc_processing"": 3, ""monitoring"": 0}, {""research"": 2, ""code_review"": 0, ""doc_processing"": 0, ""monitoring"": 6}, {""research"": 0, ""code_review"": 8, ""doc_processing"": 0, ""monitoring"": 0}, {""research"": 2, ""code_review"": 0, ""doc_processing"": 0, ""monitoring"": 6}, {""research"": 0, ""code_review"": 0, ""doc_processing"": 0, ""monitoring"": 8}]","[1, 3, 2, 1, 2, 1]",0.0,0.2653195311147832,0.6083333333333333,0.1633437990580848,0.1067007433186435,"{""COMPUTE"": 604, ""MEMORY"": 562, ""API_CREDITS"": 226, ""DATASET"": 272}","{""COMPUTE"": 318, ""MEMORY"": 296, ""API_CREDITS"": 119, ""DATASET"": 143}","{""COMPUTE"": 1.89937106918239, ""MEMORY"": 1.8986486486486487, ""API_CREDITS"": 1.8991596638655461, ""DATASET"": 1.902097902097902}",4
dirichlet_0.1__high,dirichlet_0.1,0.1,high,1.9,1401766844,e6d2d9b1e9df206a,c797ae12a1346968,exact_pending_queue,"[[0.15638235989847107, 0.0010417444877236705, 0.6846949150114922, 0.1578809806023131], [0.004635033777436152, 5.0425577987668016e-20, 0.6135874433752778, 0.3817775228472861], [0.022351389425598073, 0.13124448876034692, 0.8063569684036045, 0.04004715341045052], [2.727306245031807e-05, 1.2475045095200002e-08, 0.016135455030040616, 0.983837259432464], [0.010438748424255812, 0.9844255739182923, 0.0051082675734897, 2.7410083962051545e-05], [0.010106640695634809, 0.9032192192487282, 0.08666961794210538, 4.522113531851891e-06]]","[{""research"": 1, ""code_review"": 0, ""doc_processing"": 7, ""monitoring"": 0}, {""research"": 0, ""code_review"": 0, ""doc_processing"": 7, ""monitoring"": 1}, {""research"": 0, ""code_review"": 1, ""doc_processing"": 7, ""monitoring"": 0}, {""research"": 0, ""code_review"": 0, ""doc_processing"": 1, ""monitoring"": 7}, {""research"": 0, ""code_review"": 8, ""doc_processing"": 0, ""monitoring"": 0}, {""research"": 0, ""code_review"": 5, ""doc_processing"": 3, ""monitoring"": 0}]","[2, 2, 2, 2, 1, 2]",0.0,0.26072431464361256,0.65,0.10061407970784826,0.06932456892667162,"{""COMPUTE"": 788, ""MEMORY"": 613, ""API_CREDITS"": 359, ""DATASET"": 72}","{""COMPUTE"": 415, ""MEMORY"": 323, ""API_CREDITS"": 189, ""DATASET"": 38}","{""COMPUTE"": 1.8987951807228916, ""MEMORY"": 1.8978328173374612, ""API_CREDITS"": 1.8994708994708995, ""DATASET"": 1.894736842105263}",4
dirichlet_0.1__high,dirichlet_0.1,0.1,high,1.9,1460916399,cceee719007ea129,21be82f1b50593cb,exact_pending_queue,"[[0.9994583049863803, 0.00043127720727551846, 5.709734179649299e-05, 5.3320464547590355e-05], [0.894993758688701, 0.10500569983411183, 1.977689488802976e-12, 5.41475209561906e-07], [0.08331106057596363, 7.0571255742603334e-12, 2.585118910361786e-07, 0.9166886809050883], [0.5902765081301828, 0.36053320441592823, 0.04914003279591425, 5.025465797467075e-05], [3.200240554192894e-08, 0.13680972888475737, 4.691712512164284e-12, 0.8631902391081453], [0.00010309096151639594, 0.9982442605066698, 0.0016526479778955921, 5.539183084976904e-10]]","[{""research"": 8, ""code_review"": 0, ""doc_processing"": 0, ""monitoring"": 0}, {""research"": 8, ""code_review"": 0, ""doc_processing"": 0, ""monitoring"": 0}, {""research"": 2, ""code_review"": 0, ""doc_processing"": 0, ""monitoring"": 6}, {""research"": 5, ""code_review"": 3, ""doc_processing"": 0, ""monitoring"": 0}, {""research"": 0, ""code_review"": 1, ""doc_processing"": 0, ""monitoring"": 7}, {""research"": 0, ""code_review"": 8, ""doc_processing"": 0, ""monitoring"": 0}]","[1, 1, 2, 2, 2, 1]",0.0,0.19243971421530784,0.7083333333333334,0.11956706551862052,0.07897834703898461,"{""COMPUTE"": 1006, ""MEMORY"": 880, ""API_CREDITS"": 476, ""DATASET"": 288}","{""COMPUTE"": 529, ""MEMORY"": 463, ""API_CREDITS"": 251, ""DATASET"": 152}","{""COMPUTE"": 1.9017013232514177, ""MEMORY"": 1.900647948164147, ""API_CREDITS"": 1.8964143426294822, ""DATASET"": 1.894736842105263}",4
dirichlet_0.1__high,dirichlet_0.1,0.1,high,1.9,1485902931,6f02703debe207b3,b1818600f4581348,exact_pending_queue,"[[0.7024095048569616, 0.2952368175824841, 2.0119390911769014e-05, 0.0023335581696426935], [0.13791456554026232, 0.8599711107772111, 5.038516424522832e-09, 0.002114318644009955], [0.9725687127641944, 0.0011908679950915662, 0.008171140557919784, 0.01806927868279421], [0.014023468147256727, 0.12519958131726336, 0.8588572272516415, 0.0019197232838384065], [1.4395955814317052e-07, 0.006659698876636177, 0.9933401571580063, 5.7994931652174795e-12], [0.032200073307788284, 0.5058680330829294, 1.7052999075717233e-07, 0.46193172307929165]]","[{""research"": 6, ""code_review"": 2, ""doc_processing"": 0, ""monitoring"": 0}, {""research"": 0, ""code_review"": 8, ""doc_processing"": 0, ""monitoring"": 0}, {""research"": 8, ""code_review"": 0, ""doc_processing"": 0, ""monitoring"": 0}, {""research"": 0, ""code_review"": 1, ""doc_processing"": 7, ""monitoring"": 0}, {""research"": 0, ""code_review"": 0, ""doc_processing"": 8, ""monitoring"": 0}, {""research"": 1, ""code_review"": 5, ""doc_processing"": 0, ""monitoring"": 2}]","[2, 1, 1, 2, 1, 3]",0.0,0.22113645902951065,0.775,0.060973517223517223,0.04480475157558491,"{""COMPUTE"": 1016, ""MEMORY"": 821, ""API_CREDITS"": 503, ""DATASET"": 136}","{""COMPUTE"": 535, ""MEMORY"": 432, ""API_CREDITS"": 265, ""DATASET"": 72}","{""COMPUTE"": 1.8990654205607476, ""MEMORY"": 1.900462962962963, ""API_CREDITS"": 1.8981132075471698, ""DATASET"": 1.8888888888888888}",4
dirichlet_0.1__high,dirichlet_0.1,0.1,high,1.9,1558010803,2994faaef37a0fa4,4504a70aff6337bd,exact_pending_queue,"[[0.4935798691864737, 1.5149600756099684e-12, 0.506204355402579, 0.00021577540943227771], [0.026790975822574985, 9.772389251103324e-08, 0.027001897660488043, 0.9462070287930444], [5.769599574990567e-07, 0.034425567853486355, 0.9400607462760717, 0.02551310891048445], [0.0868406789681878, 0.00031635937979772864, 0.028476809047100156, 0.8843661526049144], [2.0451781581559158e-05, 0.013434159044379924, 0.9849930361807904, 0.0015523529932480807], [0.9937870641192245, 0.006154632544161329, 5.8303336606662506e-05, 7.4835878900363e-15]]","[{""research"": 3, ""code_review"": 0, ""doc_processing"": 5, ""monitoring"": 0}, {""research"": 0, ""code_review"": 0, ""doc_processing"": 0, ""monitoring"": 8}, {""research"": 0, ""code_review"": 0, ""doc_processing"": 7, ""monitoring"": 1}, {""research"": 1, ""code_review"": 0, ""doc_processing"": 0, ""monitoring"": 7}, {""research"": 0, ""code_review"": 0, ""doc_processing"": 8, ""monitoring"": 0}, {""research"": 8, ""code_review"": 0, ""doc_processing"": 0, ""monitoring"": 0}]","[2, 1, 2, 2, 1, 1]",0.0,0.17013024077701314,0.7416666666666667,0.1551851044392481,0.10922894674045687,"{""COMPUTE"": 976, ""MEMORY"": 812, ""API_CREDITS"": 420, ""DATASET"": 224}","{""COMPUTE"": 514, ""MEMORY"": 427, ""API_CREDITS"": 221, ""DATASET"": 118}","{""COMPUTE"": 1.8988326848249026, ""MEMORY"": 1.901639344262295, ""API_CREDITS"": 1.9004524886877827, ""DATASET"": 1.8983050847457628}",4
dirichlet_0.1__high,dirichlet_0.1,0.1,high,1.9,1565117557,078947e4c702d138,fb4eb05fdc1bfac7,exact_pending_queue,"[[0.05842383303096225, 1.7214111235965267e-07, 0.019095479942919213, 0.9224805148850062], [0.9481648831338781, 0.0011684546258746602, 0.050666662134148145, 1.0609909949843663e-10], [4.4845813799653986e-11, 5.5472381868743894e-11, 2.681246422470778e-13, 0.9999999998994138], [0.9927790447895284, 2.740631715932458e-12, 0.007175146484271427, 4.580872345953054e-05], [0.5806077828808867, 0.20147908349397314, 0.21791313362514014, 1.1812402529936045e-23], [0.017420752176142158, 1.3223383809571448e-12, 0.6996263134619337, 0.28295293436060176]]","[{""research"": 0, ""code_review"": 0, ""doc_processing"": 0, ""monitoring"": 8}, {""research"": 8, ""code_review"": 0, ""doc_processing"": 0, ""monitoring"": 0}, {""research"": 0, ""code_review"": 0, ""doc_processing"": 0, ""monitoring"": 8}, {""research"": 8, ""code_review"": 0, ""doc_processing"": 0, ""monitoring"": 0}, {""research"": 6, ""code_review"": 1, ""doc_processing"": 1, ""monitoring"": 0}, {""research"": 0, ""code_review"": 0, ""doc_processing"": 7, ""monitoring"": 1}]","[1, 1, 1, 1, 3, 2]",0.0,0.13373688063822745,0.7416666666666667,0.14894106384714118,0.11201354814614484,"{""COMPUTE"": 1070, ""MEMORY"": 927, ""API_CREDITS"": 477, ""DATASET"": 312}","{""COMPUTE"": 563, ""MEMORY"": 488, ""API_CREDITS"": 251, ""DATASET"": 164}","{""COMPUTE"": 1.9005328596802842, ""MEMORY"": 1.8995901639344261, ""API_CREDITS"": 1.900398406374502, ""DATASET"": 1.9024390243902438}",4
dirichlet_0.1__high,dirichlet_0.1,0.1,high,1.9,1569126949,8422173f63fe103d,f1995d141e809bad,exact_pending_queue,"[[8.845232458192468e-06, 0.4805873883407351, 0.15574776731975012, 0.3636559991070565], [0.707453293611714, 0.22447270640589176, 0.06722837079727015, 0.0008456291851238357], [1.2592106438898532e-14, 0.9741720003758513, 0.025825774470191337, 2.225153944680302e-06], [0.45678667103114445, 2.6584408913011983e-14, 0.5317960315763414, 0.011417297392487685], [0.16905517123919853, 0.5284677221699418, 0.3024771056044128, 9.864468523568548e-10], [0.9999879434110306, 3.989735848744333e-10, 1.134711033496062e-05, 7.090796608409441e-07]]","[{""research"": 0, ""code_review"": 2, ""doc_processing"": 3, ""monitoring"": 3}, {""research"": 5, ""code_review"": 2, ""doc_processing"": 1, ""monitoring"": 0}, {""research"": 0, ""code_review"": 8, ""doc_processing"": 0, ""monitoring"": 0}, {""research"": 2, ""code_review"": 0, ""doc_processing"": 5, ""monitoring"": 1}, {""research"": 2, ""code_review"": 4, ""doc_processing"": 2, ""monitoring"": 0}, {""research"": 8, ""code_review"": 0, ""doc_processing"": 0, ""monitoring"": 0}]","[3, 3, 1, 3, 3, 1]",0.0,0.4715723338208275,0.6666666666666666,0.046077686809831715,0.02881942329459115,"{""COMPUTE"": 1012, ""MEMORY"": 833, ""API_CREDITS"": 499, ""DATASET"": 168}","{""COMPUTE"": 533, ""MEMORY"": 438, ""API_CREDITS"": 263, ""DATASET"": 88}","{""COMPUTE"": 1.898686679174484, ""MEMORY"": 1.9018264840182648, ""API_CREDITS"": 1.897338403041825, ""DATASET"": 1.9090909090909092}",4
dirichlet_0.1__high,dirichlet_0.1,0.1,high,1.9,1570946556,2dd502610ba9a107,34fcdc151796334f,exact_pending_queue,"[[0.03996879255088814, 0.947184989673058, 6.702332620432321e-10, 0.01284621710582044], [0.14109965734398539, 1.456018233823865e-06, 0.04070766055488661, 0.8181912260828941], [0.9395171735644674, 0.060436526512713605, 4.629894425590184e-05, 9.785630944065047e-10], [0.007166135791456932, 0.9928338638111993, 4.349631489925629e-16, 3.973434211382072e-10], [0.0395593048402685, 0.4903127947530936, 0.4621452642084203, 0.007982636198217785], [0.013850138821137054, 0.01454102752595015, 0.9688854146094072, 0.0027234190435054136]]","[{""research"": 0, ""code_review"": 8, ""doc_processing"": 0, ""monitoring"": 0}, {""research"": 3, ""code_review"": 0, ""doc_processing"": 0, ""monitoring"": 5}, {""research"": 8, ""code_review"": 0, ""doc_processing"": 0, ""monitoring"": 0}, {""research"": 0, ""code_review"": 8, ""doc_processing"": 0, ""monitoring"": 0}, {""research"": 1, ""code_review"": 1, ""doc_processing"": 6, ""monitoring"": 0}, {""research"": 0, ""code_review"": 0, ""doc_processing"": 8, ""monitoring"": 0}]","[1, 2, 1, 1, 3, 1]",0.0,0.1679760106153415,0.825,0.08319943085679125,0.054700323881795965,"{""COMPUTE"": 926, ""MEMORY"": 753, ""API_CREDITS"": 451, ""DATASET"": 136}","{""COMPUTE"": 487, ""MEMORY"": 396, ""API_CREDITS"": 237, ""DATASET"": 72}","{""COMPUTE"": 1.9014373716632444, ""MEMORY"": 1.9015151515151516, ""API_CREDITS"": 1.9029535864978904, ""DATASET"": 1.8888888888888888}",4
dirichlet_0.1__high,dirichlet_0.1,0.1,high,1.9,1586776797,f8525ab7a4d3e0e2,99e3351bedc9cabe,exact_pending_queue,"[[0.6100436453312732, 0.3899556822001511, 6.704249517976117e-07, 2.0436238417440865e-09], [0.0036365594832138536, 7.516008339636212e-15, 0.9960053868266276, 0.0003580536901509485], [0.8964927906920834, 0.10327503988866674, 1.3137779962525025e-05, 0.00021903163928745824], [0.8047500922526537, 0.19524979637343506, 1.1137391026555889e-07, 8.668141326153506e-16], [0.5593156632107447, 0.0011608372721624604, 7.636692228654911e-05, 0.43944713259480633], [0.0004650809361607481, 9.670732225350566e-13, 0.9518807264937349, 0.04765419256913731]]","[{""research"": 7, ""code_review"": 1, ""doc_processing"": 0, ""monitoring"": 0}, {""research"": 0, ""code_review"": 0, ""doc_processing"": 8, ""monitoring"": 0}, {""research"": 7, ""code_review"": 1, ""doc_processing"": 0, ""monitoring"": 0}, {""research"": 4, ""code_review"": 4, ""doc_processing"": 0, ""monitoring"": 0}, {""research"": 5, ""code_review"": 0, ""doc_processing"": 0, ""monitoring"": 3}, {""research"": 0, ""code_review"": 0, ""doc_processing"": 8, ""monitoring"": 0}]","[2, 1, 2, 2, 2, 1]",0.0,0.2534635741103465,0.6666666666666666,0.0601825933075933,0.042593486343486336,"{""COMPUTE"": 1218, ""MEMORY"": 998, ""API_CREDITS"": 590, ""DATASET"": 208}","{""COMPUTE"": 641, ""MEMORY"": 525, ""API_CREDITS"": 311, ""DATASET"": 109}","{""COMPUTE"": 1.9001560062402496, ""MEMORY"": 1.900952380952381, ""API_CREDITS"": 1.8971061093247588, ""DATASET"": 1.908256880733945}",4
dirichlet_0.1__high,dirichlet_0.1,0.1,high,1.9,1671186386,db5ea48f0c185798,8732eaaaeaea5186,exact_pending_queue,"[[3.837449372334615e-05, 7.496050967000188e-06, 0.9999541294553096, 2.7644062662284864e-20], [6.102050095657487e-12, 0.9634684032917651, 0.010085665660185006, 0.026445931041947764], [0.939845435129247, 0.06014931986431568, 5.2443605483833414e-06, 6.458889205548126e-10], [0.09947867932063233, 0.0012720516439063538, 0.11359821348402244, 0.7856510555514389], [3.1449842816878073e-06, 2.3364589004763625e-05, 0.8531250195697688, 0.14684847085694477], [6.0440200807071794e-05, 0.3335772187633358, 3.4334094426531855e-10, 0.6663623406925163]]","[{""research"": 0, ""code_review"": 0, ""doc_processing"": 8, ""monitoring"": 0}, {""research"": 0, ""code_review"": 7, ""doc_processing"": 0, ""monitoring"": 1}, {""research"": 8, ""code_review"": 0, ""doc_processing"": 0, ""monitoring"": 0}, {""research"": 1, ""code_review"": 0, ""doc_processing"": 0, ""monitoring"": 7}, {""research"": 0, ""code_review"": 0, ""doc_processing"": 8, ""monitoring"": 0}, {""research"": 0, ""code_review"": 2, ""doc_processing"": 0, ""monitoring"": 6}]","[1, 2, 1, 2, 1, 2]",0.0,0.1582005842381938,0.8416666666666667,0.13629643241933517,0.09582252005943133,"{""COMPUTE"": 860, ""MEMORY"": 715, ""API_CREDITS"": 381, ""DATASET"": 184}","{""COMPUTE"": 453, ""MEMORY"": 376, ""API_CREDITS"": 201, ""DATASET"": 97}","{""COMPUTE"": 1.8984547461368653, ""MEMORY"": 1.9015957446808511, ""API_CREDITS"": 1.8955223880597014, ""DATASET"": 1.8969072164948453}",4
dirichlet_0.1__high,dirichlet_0.1,0.1,high,1.9,1727465094,52879857f5e23136,aa6e2c5dc6713dbf,exact_pending_queue,"[[0.16632528757664575, 0.00012788318366013213, 0.5753813119756463, 0.2581655172640478], [0.3426507160849265, 4.973162163367491e-06, 0.03215438501417068, 0.6251899257387395], [0.2109660877631976, 0.7889727466963299, 1.8707897447743912e-10, 6.116535339347976e-05], [0.22187146477925296, 1.920033267493397e-14, 0.08201823883740318, 0.6961102963833246], [5.3601284069786285e-06, 1.6687031760708887e-11, 1.218251606959907e-06, 0.9999934216032991], [0.0027942781383492412, 0.9841661632633044, 0.010475742076388624, 0.0025638165219577453]]","[{""research"": 1, ""code_review"": 0, ""doc_processing"": 5, ""monitoring"": 2}, {""research"": 1, ""code_review"": 0, ""doc_processing"": 0, ""monitoring"": 7}, {""research"": 1, ""code_review"": 7, ""doc_processing"": 0, ""monitoring"": 0}, {""research"": 0, ""code_review"": 0, ""doc_processing"": 0, ""monitoring"": 8}, {""research"": 0, ""code_review"": 0, ""doc_processing"": 0, ""monitoring"": 8}, {""research"": 0, ""code_review"": 8, ""doc_processing"": 0, ""monitoring"": 0}]","[3, 2, 2, 1, 1, 1]",0.0,0.19882698559121595,0.6833333333333333,0.17834392337681812,0.1319145135140201,"{""COMPUTE"": 562, ""MEMORY"": 512, ""API_CREDITS"": 216, ""DATASET"": 224}","{""COMPUTE"": 296, ""MEMORY"": 269, ""API_CREDITS"": 114, ""DATASET"": 118}","{""COMPUTE"": 1.8986486486486487, ""MEMORY"": 1.903345724907063, ""API_CREDITS"": 1.894736842105263, ""DATASET"": 1.8983050847457628}",4
dirichlet_0.1__high,dirichlet_0.1,0.1,high,1.9,1730566430,62657a5fdb3341f1,4e5d9117e2b02b4e,exact_pending_queue,"[[0.3461772349016665, 3.4185519943524255e-08, 1.3078911616622055e-08, 0.653822717833902], [0.00626959178769606, 9.245957007406012e-11, 0.193798001775324, 0.7999324063445205], [0.0001905871850837067, 0.8343578735239308, 0.16543743334460803, 1.4105946377516927e-05], [0.05464884430486796, 0.8273993099257401, 2.5089164713596205e-06, 0.11794933685292062], [0.9248999791224891, 0.07510000797688246, 1.2900628460729789e-08, 1.5004087338966263e-18], [7.450429597801394e-08, 0.9999999251010958, 5.280238950631348e-16, 3.946075690969066e-10]]","[{""research"": 5, ""code_review"": 0, ""doc_processing"": 0, ""monitoring"": 3}, {""research"": 0, ""code_review"": 0, ""doc_processing"": 1, ""monitoring"": 7}, {""research"": 0, ""code_review"": 7, ""doc_processing"": 1, ""monitoring"": 0}, {""research"": 0, ""code_review"": 7, ""doc_processing"": 0, ""monitoring"": 1}, {""research"": 7, ""code_review"": 1, ""doc_processing"": 0, ""monitoring"": 0}, {""research"": 0, ""code_review"": 8, ""doc_processing"": 0, ""monitoring"": 0}]","[2, 2, 2, 2, 2, 1]",0.0,0.26072431464361256,0.7083333333333334,0.11355362255117597,0.0713315155186171,"{""COMPUTE"": 770, ""MEMORY"": 663, ""API_CREDITS"": 373, ""DATASET"": 184}","{""COMPUTE"": 405, ""MEMORY"": 349, ""API_CREDITS"": 196, ""DATASET"": 97}","{""COMPUTE"": 1.9012345679012346, ""MEMORY"": 1.8997134670487106, ""API_CREDITS"": 1.903061224489796, ""DATASET"": 1.8969072164948453}",4
dirichlet_0.1__high,dirichlet_0.1,0.1,high,1.9,1741845543,d70b72ef585f2e59,9bd7ab751835e945,exact_pending_queue,"[[0.9915274693201571, 0.0008031693466950054, 0.005462513030337514, 0.0022068483028102417], [0.21484581001025943, 0.5662457640130548, 0.21890842597668578, 2.9477943259093614e-21], [0.7273778204539144, 1.0077940044526611e-22, 0.011336456338656197, 0.2612857232074293], [0.040809226317156014, 0.0021389535598268987, 1.1476592703913871e-11, 0.9570518201115406], [3.4642642269251736e-13, 4.834308843994037e-07, 0.9999995165686818, 8.742616371781969e-14], [0.16352846405987914, 0.8317219655975717, 0.004749554953678277, 1.5388870921969222e-08]]","[{""research"": 8, ""code_review"": 0, ""doc_processing"": 0, ""monitoring"": 0}, {""research"": 2, ""code_review"": 4, ""doc_processing"": 2, ""monitoring"": 0}, {""research"": 7, ""code_review"": 0, ""doc_processing"": 0, ""monitoring"": 1}, {""research"": 0, ""code_review"": 0, ""doc_processing"": 0, ""monitoring"": 8}, {""research"": 0, ""code_review"": 0, ""doc_processing"": 8, ""monitoring"": 0}, {""research"": 1, ""code_review"": 7, ""doc_processing"": 0, ""monitoring"": 0}]","[1, 3, 2, 1, 1, 2]",0.0,0.21559407386659943,0.825,0.12657012477397991,0.07811378660134882,"{""COMPUTE"": 1014, ""MEMORY"": 851, ""API_CREDITS"": 481, ""DATASET"": 216}","{""COMPUTE"": 534, ""MEMORY"": 448, ""API_CREDITS"": 253, ""DATASET"": 114}","{""COMPUTE"": 1.898876404494382, ""MEMORY"": 1.8995535714285714, ""API_CREDITS"": 1.901185770750988, ""DATASET"": 1.894736842105263}",4
dirichlet_0.1__high,dirichlet_0.1,0.1,high,1.9,1773063828,60a8470a647d74c5,3791d8807f00a09f,exact_pending_queue,"[[1.8484597183235684e-11, 2.030170154815993e-10, 0.9999998133001515, 1.8647834679220926e-07], [1.5181967107733725e-06, 0.9999164467287213, 2.5381919830137188e-05, 5.6653154737943116e-05], [0.9974059291349157, 8.285243299341041e-05, 0.00013608682217307333, 0.002375131609917686], [0.0010254779056805884, 0.0001808990620958427, 0.19941586616989976, 0.7993777568623239], [4.376181280928127e-09, 0.002238159374952078, 0.9960499065698566, 0.0017119296790100724], [0.988709316189746, 0.011231511639507693, 2.563626097865959e-08, 5.914653448524837e-05]]","[{""research"": 0, ""code_review"": 0, ""doc_processing"": 8, ""monitoring"": 0}, {""research"": 0, ""code_review"": 8, ""doc_processing"": 0, ""monitoring"": 0}, {""research"": 8, ""code_review"": 0, ""doc_processing"": 0, ""monitoring"": 0}, {""research"": 0, ""code_review"": 0, ""doc_processing"": 2, ""monitoring"": 6}, {""research"": 0, ""code_review"": 0, ""doc_processing"": 8, ""monitoring"": 0}, {""research"": 8, ""code_review"": 0, ""doc_processing"": 0, ""monitoring"": 0}]","[1, 1, 1, 2, 1, 1]",0.0,0.0676065103715944,0.8333333333333334,0.09644059644059642,0.06355218855218854,"{""COMPUTE"": 1068, ""MEMORY"": 870, ""API_CREDITS"": 506, ""DATASET"": 176}","{""COMPUTE"": 562, ""MEMORY"": 458, ""API_CREDITS"": 266, ""DATASET"": 93}","{""COMPUTE"": 1.900355871886121, ""MEMORY"": 1.8995633187772927, ""API_CREDITS"": 1.9022556390977443, ""DATASET"": 1.89247311827957}",4
dirichlet_0.1__high,dirichlet_0.1,0.1,high,1.9,1783677345,769f34fc02500602,7f719ac18839febd,exact_pending_queue,"[[9.799044749046451e-05, 0.01897428911227605, 0.9809277192474785, 1.1927550964795311e-09], [0.9697272093125094, 0.014549505425387854, 0.00045416840616301757, 0.01526911685593976], [2.2750195872240053e-06, 7.119272836054799e-14, 0.9999975672941034, 1.5768623822834313e-07], [0.8528475690751753, 2.125874665273409e-07, 0.0753062401023493, 0.07184597823500875], [0.03331958700682632, 3.868431052142913e-09, 0.04524887640006439, 0.9214315327246781], [0.034795314925990826, 0.959407680807569, 8.445293829241346e-08, 0.005796919813501765]]","[{""research"": 0, ""code_review"": 0, ""doc_processing"": 8, ""monitoring"": 0}, {""research"": 8, ""code_review"": 0, ""doc_processing"": 0, ""monitoring"": 0}, {""research"": 0, ""code_review"": 0, ""doc_processing"": 8, ""monitoring"": 0}, {""research"": 5, ""code_review"": 0, ""doc_processing"": 2, ""monitoring"": 1}, {""research"": 0, ""code_review"": 0, ""doc_processing"": 1, ""monitoring"": 7}, {""research"": 2, ""code_review"": 6, ""doc_processing"": 0, ""monitoring"": 0}]","[1, 1, 1, 3, 2, 2]",0.0,0.22113645902951065,0.7916666666666666,0.1073266140438893,0.06782351240758715,"{""COMPUTE"": 1052, ""MEMORY"": 859, ""API_CREDITS"": 489, ""DATASET"": 184}","{""COMPUTE"": 554, ""MEMORY"": 452, ""API_CREDITS"": 257, ""DATASET"": 97}","{""COMPUTE"": 1.8989169675090252, ""MEMORY"": 1.9004424778761062, ""API_CREDITS"": 1.9027237354085602, ""DATASET"": 1.8969072164948453}",4
dirichlet_0.1__high,dirichlet_0.1,0.1,high,1.9,1788325787,c5349b9a3e93454a,f590da6f9c53056f,exact_pending_queue,"[[1.5057531977603974e-10, 2.738109701394739e-20, 0.0975039874765342, 0.9024960123728906], [0.8581526459837743, 1.5756826016511257e-11, 0.09959958574376611, 0.0422477682567029], [1.7374432776443156e-06, 0.7975875107396002, 0.03134522243982072, 0.1710655293773015], [5.66416751374478e-06, 2.3757936529861142e-05, 0.00868247385342129, 0.9912881040425351], [0.1751527951259562, 0.018431258339741706, 0.8064159465325682, 1.7340321011431703e-12], [0.0002970989692590583, 0.0008925799873835178, 0.9986410213726425, 0.00016929967071484432]]","[{""research"": 0, ""code_review"": 0, ""doc_processing"": 1, ""monitoring"": 7}, {""research"": 7, ""code_review"": 0, ""doc_processing"": 1, ""monitoring"": 0}, {""research"": 0, ""code_review"": 6, ""doc_processing"": 0, ""monitoring"": 2}, {""research"": 0, ""code_review"": 0, ""doc_processing"": 0, ""monitoring"": 8}, {""research"": 1, ""code_review"": 0, ""doc_processing"": 7, ""monitoring"": 0}, {""research"": 0, ""code_review"": 0, ""doc_processing"": 8, ""monitoring"": 0}]","[2, 2, 2, 1, 2, 1]",0.0,0.2034976211714935,0.8,0.1548754609321028,0.10718541270252098,"{""COMPUTE"": 842, ""MEMORY"": 705, ""API_CREDITS"": 359, ""DATASET"": 200}","{""COMPUTE"": 443, ""MEMORY"": 371, ""API_CREDITS"": 189, ""DATASET"": 105}","{""COMPUTE"": 1.9006772009029345, ""MEMORY"": 1.9002695417789757, ""API_CREDITS"": 1.8994708994708995, ""DATASET"": 1.9047619047619047}",4
dirichlet_0.1__high,dirichlet_0.1,0.1,high,1.9,1798126248,8fac92486f5428a7,fe6e31c432732d4a,exact_pending_queue,"[[7.38140586922216e-07, 0.963171838123329, 2.5656569370520542e-05, 0.03680176716671355], [0.7274064982818822, 0.2282538544522605, 0.044339647265856756, 5.469822641484146e-16], [0.0012932965652419524, 3.7940433777580455e-07, 0.007589666749382106, 0.9911166572810381], [0.34546770151021866, 0.14482714683678966, 0.5097041777373233, 9.7391566843819e-07], [0.3543905979896863, 1.1934477919347557e-13, 0.6456033338597597, 6.068150434653127e-06], [0.8172566201707789, 0.005206824539478015, 0.0035093614549905946, 0.17402719383475249]]","[{""research"": 0, ""code_review"": 8, ""doc_processing"": 0, ""monitoring"": 0}, {""research"": 6, ""code_review"": 2, ""doc_processing"": 0, ""monitoring"": 0}, {""research"": 0, ""code_review"": 0, ""doc_processing"": 0, ""monitoring"": 8}, {""research"": 2, ""code_review"": 0, ""doc_processing"": 6, ""monitoring"": 0}, {""research"": 4, ""code_review"": 0, ""doc_processing"": 4, ""monitoring"": 0}, {""research"": 6, ""code_review"": 0, ""doc_processing"": 0, ""monitoring"": 2}]","[1, 2, 1, 2, 2, 2]",0.0,0.28615286444811655,0.7666666666666667,0.12533415104916118,0.07720523824521457,"{""COMPUTE"": 1012, ""MEMORY"": 852, ""API_CREDITS"": 476, ""DATASET"": 224}","{""COMPUTE"": 533, ""MEMORY"": 448, ""API_CREDITS"": 251, ""DATASET"": 118}","{""COMPUTE"": 1.898686679174484, ""MEMORY"": 1.9017857142857142, ""API_CREDITS"": 1.8964143426294822, ""DATASET"": 1.8983050847457628}",4
dirichlet_0.1__high,dirichlet_0.1,0.1,high,1.9,1812991878,d7a5fbc635fa57a5,69778a8c14e88f0d,exact_pending_queue,"[[0.960002461547033, 0.00012565920557633183, 5.210845615158012e-12, 0.03987187924218], [0.0017688188099412576, 0.998231179526675, 9.981710957557686e-10, 6.65212658589956e-10], [0.005878579507209096, 2.6534338332045533e-05, 0.019911949540426944, 0.974182936614032], [8.56360278775718e-05, 3.4830569145389885e-05, 5.015525515154366e-07, 0.9998790318504254], [6.720346347291972e-06, 0.016650093306608837, 0.9833431860024185, 3.446253165494928e-10], [0.00010727039268619646, 1.1810737092985807e-09, 7.941897164240722e-09, 0.9998927204843427]]","[{""research"": 8, ""code_review"": 0, ""doc_processing"": 0, ""monitoring"": 0}, {""research"": 0, ""code_review"": 8, ""doc_processing"": 0, ""monitoring"": 0}, {""research"": 0, ""code_review"": 0, ""doc_processing"": 0, ""monitoring"": 8}, {""research"": 0, ""code_review"": 0, ""doc_processing"": 0, ""monitoring"": 8}, {""research"": 0, ""code_review"": 0, ""doc_processing"": 8, ""monitoring"": 0}, {""research"": 0, ""code_review"": 0, ""doc_processing"": 0, ""monitoring"": 8}]","[1, 1, 1, 1, 1, 1]",0.0,0.0,0.8,0.18978243978243975,0.14573620823620823,"{""COMPUTE"": 720, ""MEMORY"": 640, ""API_CREDITS"": 288, ""DATASET"": 256}","{""COMPUTE"": 379, ""MEMORY"": 337, ""API_CREDITS"": 152, ""DATASET"": 135}","{""COMPUTE"": 1.8997361477572559, ""MEMORY"": 1.8991097922848665, ""API_CREDITS"": 1.894736842105263, ""DATASET"": 1.8962962962962964}",4
dirichlet_0.1__high,dirichlet_0.1,0.1,high,1.9,1879903616,080570d257f9f881,00220b424fee22dd,exact_pending_queue,"[[0.8393871137064439, 0.15737086688995813, 0.0032420194035866243, 1.1372685582097019e-14], [1.8996987629156743e-05, 0.08201428837978515, 0.9179453713757181, 2.1343256867444645e-05], [5.502180219658783e-06, 2.0725395712755206e-05, 0.9999737724237183, 3.493181992535171e-13], [0.004942507228373983, 3.43260805807659e-11, 0.10869353603897708, 0.8863639566983228], [3.7546555136271885e-07, 1.552850432095548e-09, 0.02447621113527232, 0.9755234118463258], [0.008029842363741132, 0.009558027473180438, 0.918793923761207, 0.0636182064018713]]","[{""research"": 7, ""code_review"": 1, ""doc_processing"": 0, ""monitoring"": 0}, {""research"": 0, ""code_review"": 2, ""doc_processing"": 6, ""monitoring"": 0}, {""research"": 0, ""code_review"": 0, ""doc_processing"": 8, ""monitoring"": 0}, {""research"": 0, ""code_review"": 0, ""doc_processing"": 1, ""monitoring"": 7}, {""research"": 0, ""code_review"": 0, ""doc_processing"": 0, ""monitoring"": 8}, {""research"": 0, ""code_review"": 0, ""doc_processing"": 7, ""monitoring"": 1}]","[2, 2, 1, 2, 1, 2]",0.0,0.2034976211714935,0.7333333333333333,0.1628052178591153,0.11758725593662839,"{""COMPUTE"": 880, ""MEMORY"": 723, ""API_CREDITS"": 373, ""DATASET"": 184}","{""COMPUTE"": 463, ""MEMORY"": 381, ""API_CREDITS"": 196, ""DATASET"": 97}","{""COMPUTE"": 1.900647948164147, ""MEMORY"": 1.8976377952755905, ""API_CREDITS"": 1.903061224489796, ""DATASET"": 1.8969072164948453}",4
dirichlet_0.1__high,dirichlet_0.1,0.1,high,1.9,1968360483,424a0cbf9d4007f3,4fcf50532d1ae93a,exact_pending_queue,"[[0.6943804326749745, 0.26479532734717603, 2.3457056117309438e-12, 0.04082423997550377], [6.28271080189029e-25, 0.909701478743148, 0.00016881312587662344, 0.09012970813097546], [0.663978998771097, 0.33602095769985996, 4.352904161374186e-08, 1.4553379604582476e-15], [0.8651042339423124, 0.10909209737775842, 0.01239454848332757, 0.01340912019660142], [0.028852083659038998, 0.8890125434346037, 5.374919235613597e-09, 0.08213536753143816], [0.09161215802862505, 0.18084107607326738, 0.7239414322318911, 0.0036053336662163244]]","[{""research"": 8, ""code_review"": 0, ""doc_processing"": 0, ""monitoring"": 0}, {""research"": 0, ""code_review"": 7, ""doc_processing"": 0, ""monitoring"": 1}, {""research"": 6, ""code_review"": 2, ""doc_processing"": 0, ""monitoring"": 0}, {""research"": 7, ""code_review"": 1, ""doc_processing"": 0, ""monitoring"": 0}, {""research"": 0, ""code_review"": 8, ""doc_processing"": 0, ""monitoring"": 0}, {""research"": 1, ""code_review"": 5, ""doc_processing"": 2, ""monitoring"": 0}]","[1, 2, 2, 2, 1, 3]",0.0,0.26643349596281035,0.5916666666666667,0.046024529067122656,0.032364920227779696,"{""COMPUTE"": 1030, ""MEMORY"": 863, ""API_CREDITS"": 533, ""DATASET"": 184}","{""COMPUTE"": 542, ""MEMORY"": 454, ""API_CREDITS"": 281, ""DATASET"": 97}","{""COMPUTE"": 1.900369003690037, ""MEMORY"": 1.9008810572687225, ""API_CREDITS"": 1.896797153024911, ""DATASET"": 1.8969072164948453}",4
dirichlet_0.1__high,dirichlet_0.1,0.1,high,1.9,1969315355,de89fc0f2ec658e0,735a3f03e2e2a2f2,exact_pending_queue,"[[0.2986801493765078, 1.199044653525939e-09, 0.6222727356136415, 0.07904711381080606], [0.9977139736772568, 1.6977873193274187e-10, 0.0022858662331555002, 1.5991980898987797e-07], [0.41729187754130526, 0.003357215229420871, 0.50354669948943, 0.07580420773984405], [4.294058646966452e-11, 0.9996351787833143, 6.988885721198331e-15, 0.0003648211737379288], [0.3828006306398671, 0.5910514533376964, 9.952032178368655e-11, 0.026147915922916126], [0.014888876130193815, 0.059288536225060216, 0.8896316683426293, 0.03619091930211652]]","[{""research"": 2, ""code_review"": 0, ""doc_processing"": 6, ""monitoring"": 0}, {""research"": 8, ""code_review"": 0, ""doc_processing"": 0, ""monitoring"": 0}, {""research"": 5, ""code_review"": 0, ""doc_processing"": 3, ""monitoring"": 0}, {""research"": 0, ""code_review"": 8, ""doc_processing"": 0, ""monitoring"": 0}, {""research"": 3, ""code_review"": 4, ""doc_processing"": 0, ""monitoring"": 1}, {""research"": 0, ""code_review"": 0, ""doc_processing"": 8, ""monitoring"": 0}]","[2, 1, 2, 1, 3, 1]",0.0,0.2642792658011387,0.725,0.05296145054283587,0.035536648367396735,"{""COMPUTE"": 1114, ""MEMORY"": 899, ""API_CREDITS"": 549, ""DATASET"": 152}","{""COMPUTE"": 586, ""MEMORY"": 473, ""API_CREDITS"": 289, ""DATASET"": 80}","{""COMPUTE"": 1.901023890784983, ""MEMORY"": 1.9006342494714588, ""API_CREDITS"": 1.8996539792387543, ""DATASET"": 1.9}",4
dirichlet_0.1__high,dirichlet_0.1,0.1,high,1.9,2027057364,c829a0fa3a115ca5,c35e3020f5bfd8cc,exact_pending_queue,"[[2.3709670194498792e-11, 0.8822824975033572, 0.11771750247254842, 3.848303387105702e-13], [0.034776806239723644, 0.8914577225660555, 0.07376335981960763, 2.111374613133825e-06], [0.0035845084346216903, 0.009070388053704718, 0.014643458752615364, 0.9727016447590583], [0.12311255973345865, 0.00589862909737132, 0.7292923983641157, 0.14169641280505413], [0.0007749707633591413, 2.9816690167624714e-10, 0.07231513588160828, 0.9269098930568656], [0.004564089332999231, 0.05555881509581824, 5.394622911808624e-08, 0.9398770416249534]]","[{""research"": 0, ""code_review"": 5, ""doc_processing"": 3, ""monitoring"": 0}, {""research"": 1, ""code_review"": 7, ""doc_processing"": 0, ""monitoring"": 0}, {""research"": 0, ""code_review"": 0, ""doc_processing"": 0, ""monitoring"": 8}, {""research"": 1, ""code_review"": 0, ""doc_processing"": 7, ""monitoring"": 0}, {""research"": 0, ""code_review"": 0, ""doc_processing"": 1, ""monitoring"": 7}, {""research"": 0, ""code_review"": 0, ""doc_processing"": 0, ""monitoring"": 8}]","[2, 2, 1, 2, 2, 1]",0.0,0.21542727771031286,0.725,0.18457433999950915,0.14110319195974705,"{""COMPUTE"": 614, ""MEMORY"": 537, ""API_CREDITS"": 239, ""DATASET"": 200}","{""COMPUTE"": 323, ""MEMORY"": 283, ""API_CREDITS"": 126, ""DATASET"": 105}","{""COMPUTE"": 1.9009287925696594, ""MEMORY"": 1.8975265017667844, ""API_CREDITS"": 1.8968253968253967, ""DATASET"": 1.9047619047619047}",4
dirichlet_0.1__high,dirichlet_0.1,0.1,high,1.9,2053772871,75e58f1a47d2b059,2a520c1b1c0b34a4,exact_pending_queue,"[[0.00011115786286939481, 0.9577578641469617, 0.00012615265212001102, 0.04200482533804892], [3.13215860994605e-08, 2.4238707961285495e-07, 0.6245920631236007, 0.3754076631677335], [0.029015651373349938, 0.0034927391041355907, 2.4459300504997833e-10, 0.9674916092779214], [0.3242783662932116, 5.3776739028001904e-11, 0.1653267692254785, 0.5103948644275331], [0.37529670491070166, 1.0451569210316494e-08, 0.005032620349324174, 0.6196706642884049], [0.060421182899697785, 5.844889468676302e-16, 0.9395783284338917, 4.886664098756455e-07]]","[{""research"": 0, ""code_review"": 8, ""doc_processing"": 0, ""monitoring"": 0}, {""research"": 0, ""code_review"": 0, ""doc_processing"": 4, ""monitoring"": 4}, {""research"": 0, ""code_review"": 0, ""doc_processing"": 0, ""monitoring"": 8}, {""research"": 4, ""code_review"": 0, ""doc_processing"": 0, ""monitoring"": 4}, {""research"": 4, ""code_review"": 0, ""doc_processing"": 0, ""monitoring"": 4}, {""research"": 0, ""code_review"": 0, ""doc_processing"": 8, ""monitoring"": 0}]","[1, 2, 1, 2, 2, 1]",0.0,0.25,0.7333333333333333,0.14136819005240056,0.08459180334180337,"{""COMPUTE"": 776, ""MEMORY"": 668, ""API_CREDITS"": 324, ""DATASET"": 224}","{""COMPUTE"": 408, ""MEMORY"": 352, ""API_CREDITS"": 171, ""DATASET"": 118}","{""COMPUTE"": 1.9019607843137254, ""MEMORY"": 1.8977272727272727, ""API_CREDITS"": 1.894736842105263, ""DATASET"": 1.8983050847457628}",4
dirichlet_0.1__high,dirichlet_0.1,0.1,high,1.9,2062822218,13ef260116df0dd7,50d4f7d41cbc09a2,exact_pending_queue,"[[0.07936090672700903, 0.9184350237027583, 2.0215619741231467e-05, 0.0021838539504913505], [0.2973061559957534, 0.058914991028452546, 0.03315024917880881, 0.6106286037969851], [2.9384025035455858e-08, 7.081191424099798e-06, 0.886774814052929, 0.11321807537162187], [0.06297809773028351, 0.016039425399889704, 0.9209805950102979, 1.8818595290040818e-06], [1.262188188964009e-10, 0.9085049766031653, 0.005506047806288839, 0.08598897546432703], [0.9984074364050748, 0.001514367928525599, 7.819559789319068e-05, 6.850636921637479e-11]]","[{""research"": 1, ""code_review"": 7, ""doc_processing"": 0, ""monitoring"": 0}, {""research"": 3, ""code_review"": 1, ""doc_processing"": 0, ""monitoring"": 4}, {""research"": 0, ""code_review"": 0, ""doc_processing"": 7, ""monitoring"": 1}, {""research"": 1, ""code_review"": 0, ""doc_processing"": 7, ""monitoring"": 0}, {""research"": 0, ""code_review"": 7, ""doc_processing"": 0, ""monitoring"": 1}, {""research"": 8, ""code_review"": 0, ""doc_processing"": 0, ""monitoring"": 0}]","[2, 3, 2, 2, 2, 1]",0.0,0.29832473625232936,0.775,0.06390198891914281,0.04202745795386342,"{""COMPUTE"": 948, ""MEMORY"": 775, ""API_CREDITS"": 457, ""DATASET"": 152}","{""COMPUTE"": 499, ""MEMORY"": 408, ""API_CREDITS"": 241, ""DATASET"": 80}","{""COMPUTE"": 1.8997995991983967, ""MEMORY"": 1.8995098039215685, ""API_CREDITS"": 1.896265560165975, ""DATASET"": 1.9}",4
dirichlet_0.1__high,dirichlet_0.1,0.1,high,1.9,2068762575,40b2ba85f839ae1f,bf4bd6cd58763a95,exact_pending_queue,"[[3.3929377115559584e-06, 1.6323870570522016e-07, 9.426069880683323e-14, 0.9999964438234884], [1.4317894362583955e-08, 0.0037150195644308007, 6.684109212498977e-05, 0.9962181250255497], [0.26560238063458086, 0.04545972316709471, 0.6889378961982082, 1.1616742336630958e-13], [1.3796778183515967e-06, 7.847753282089779e-08, 0.01028157691078997, 0.9897169649338589], [0.3817179512072794, 0.017947375924246167, 0.00022523916693396957, 0.6001094337015405], [2.0985834577521546e-09, 0.8714525095288962, 0.12415747893147026, 0.004390009441049912]]","[{""research"": 0, ""code_review"": 0, ""doc_processing"": 0, ""monitoring"": 8}, {""research"": 0, ""code_review"": 0, ""doc_processing"": 0, ""monitoring"": 8}, {""research"": 2, ""code_review"": 0, ""doc_processing"": 6, ""monitoring"": 0}, {""research"": 0, ""code_review"": 0, ""doc_processing"": 0, ""monitoring"": 8}, {""research"": 5, ""code_review"": 0, ""doc_processing"": 0, ""monitoring"": 3}, {""research"": 0, ""code_review"": 6, ""doc_processing"": 2, ""monitoring"": 0}]","[1, 1, 2, 1, 2, 2]",0.0,0.21474918765360254,0.6916666666666667,0.1777290742807984,0.13437122704364082,"{""COMPUTE"": 690, ""MEMORY"": 622, ""API_CREDITS"": 262, ""DATASET"": 272}","{""COMPUTE"": 363, ""MEMORY"": 327, ""API_CREDITS"": 138, ""DATASET"": 143}","{""COMPUTE"": 1.9008264462809918, ""MEMORY"": 1.9021406727828747, ""API_CREDITS"": 1.8985507246376812, ""DATASET"": 1.902097902097902}",4
dirichlet_0.1__high,dirichlet_0.1,0.1,high,1.9,2090014340,93cb985fb85f2998,8f68c0e0c30314f8,exact_pending_queue,"[[0.054401363660368726, 0.03706298462922527, 0.9085356516496506, 6.07554325634894e-11], [1.9188252949417075e-11, 0.001971338139335969, 0.02169518542255189, 0.9763334764189239], [0.0956591220476113, 0.0001393326951045184, 0.9042015452572278, 5.641047029898066e-14], [0.9927562967440129, 1.6093080145277063e-22, 1.2793704282864232e-06, 0.0072424238855588775], [1.8117228141259556e-05, 1.051686333886401e-07, 1.584716115206349e-08, 0.9999817617560641], [0.9768714878686393, 4.791882111171532e-09, 3.608046140762169e-19, 0.023128507339478667]]","[{""research"": 0, ""code_review"": 0, ""doc_processing"": 8, ""monitoring"": 0}, {""research"": 0, ""code_review"": 0, ""doc_processing"": 0, ""monitoring"": 8}, {""research"": 0, ""code_review"": 0, ""doc_processing"": 8, ""monitoring"": 0}, {""research"": 8, ""code_review"": 0, ""doc_processing"": 0, ""monitoring"": 0}, {""research"": 0, ""code_review"": 0, ""doc_processing"": 0, ""monitoring"": 8}, {""research"": 8, ""code_review"": 0, ""doc_processing"": 0, ""monitoring"": 0}]","[1, 1, 1, 1, 1, 1]",0.0,0.0,0.8,0.1719502719502719,0.12308987308987307,"{""COMPUTE"": 1024, ""MEMORY"": 864, ""API_CREDITS"": 448, ""DATASET"": 256}","{""COMPUTE"": 539, ""MEMORY"": 455, ""API_CREDITS"": 236, ""DATASET"": 135}","{""COMPUTE"": 1.8998144712430427, ""MEMORY"": 1.8989010989010988, ""API_CREDITS"": 1.8983050847457628, ""DATASET"": 1.8962962962962964}",4
dirichlet_0.1__high,dirichlet_0.1,0.1,high,1.9,2104367538,360c8a448937fdda,a8b48956bbda0f40,exact_pending_queue,"[[1.6574248206680125e-08, 1.3802161778200632e-11, 0.5132737048319409, 0.4867262785800087], [0.8508857166385573, 0.004185359145730325, 0.11630969451527771, 0.028619229700434578], [0.9952947368927243, 1.7206974301599873e-08, 0.00013495807061343566, 0.004570287829687982], [0.8113146979532689, 0.001032994153193464, 0.00046015435085266647, 0.1871921535426848], [0.005287008477028323, 5.9888004589505845e-05, 0.9342579816932247, 0.06039512182515749], [0.0799452401240081, 0.9199443502148139, 1.7964583000781875e-16, 0.00011040966117783917]]","[{""research"": 0, ""code_review"": 0, ""doc_processing"": 4, ""monitoring"": 4}, {""research"": 8, ""code_review"": 0, ""doc_processing"": 0, ""monitoring"": 0}, {""research"": 8, ""code_review"": 0, ""doc_processing"": 0, ""monitoring"": 0}, {""research"": 7, ""code_review"": 0, ""doc_processing"": 0, ""monitoring"": 1}, {""research"": 0, ""code_review"": 0, ""doc_processing"": 7, ""monitoring"": 1}, {""research"": 2, ""code_review"": 6, ""doc_processing"": 0, ""monitoring"": 0}]","[2, 1, 1, 2, 2, 2]",0.0,0.24153391757152712,0.7083333333333334,0.046877613436321554,0.030505089228368528,"{""COMPUTE"": 1200, ""MEMORY"": 1003, ""API_CREDITS"": 577, ""DATASET"": 248}","{""COMPUTE"": 632, ""MEMORY"": 528, ""API_CREDITS"": 304, ""DATASET"": 131}","{""COMPUTE"": 1.8987341772151898, ""MEMORY"": 1.8996212121212122, ""API_CREDITS"": 1.8980263157894737, ""DATASET"": 1.8931297709923665}",4
dirichlet_0.1__high,dirichlet_0.1,0.1,high,1.9,2143652743,c639e82a4671cff0,418d778daf50a5f7,exact_pending_queue,"[[0.01967618197822628, 0.2638115260439819, 0.7161270455956982, 0.00038524638209361153], [2.1423511898284244e-05, 0.07264441023314244, 0.8635112483762364, 0.06382291787872299], [0.6442087893651278, 0.16872897523225497, 0.008640903720902846, 0.17842133168171434], [0.10572570622457589, 1.9107567217224964e-14, 0.8937930930801815, 0.0004812006952234714], [0.04911297888859394, 0.07025108524388443, 0.880524487929014, 0.00011144793850754345], [0.011883413885307465, 0.014515145468294844, 3.1139023732122845e-09, 0.9736014375324953]]","[{""research"": 2, ""code_review"": 0, ""doc_processing"": 6, ""monitoring"": 0}, {""research"": 0, ""code_review"": 0, ""doc_processing"": 7, ""monitoring"": 1}, {""research"": 6, ""code_review"": 1, ""doc_processing"": 0, ""monitoring"": 1}, {""research"": 2, ""code_review"": 0, ""doc_processing"": 6, ""monitoring"": 0}, {""research"": 2, ""code_review"": 1, ""doc_processing"": 5, ""monitoring"": 0}, {""research"": 0, ""code_review"": 0, ""doc_processing"": 0, ""monitoring"": 8}]","[2, 2, 3, 2, 3, 1]",0.0,0.3771828131060328,0.5916666666666667,0.11418312604450546,0.08174008174382277,"{""COMPUTE"": 1036, ""MEMORY"": 838, ""API_CREDITS"": 466, ""DATASET"": 176}","{""COMPUTE"": 545, ""MEMORY"": 441, ""API_CREDITS"": 245, ""DATASET"": 93}","{""COMPUTE"": 1.9009174311926607, ""MEMORY"": 1.9002267573696145, ""API_CREDITS"": 1.9020408163265305, ""DATASET"": 1.89247311827957}",4
dirichlet_0.1__high,dirichlet_0.1,0.1,high,1.9,2159859472,e192cabe4fec8696,03c5f5a282df7547,exact_pending_queue,"[[0.006541932894664444, 2.535287784234104e-05, 0.9934326925711428, 2.1656350356682813e-08], [0.00023756165175914696, 0.12749388886984453, 0.8722685242264279, 2.5251968337972135e-08], [0.02711449646395986, 0.09486504913390749, 0.008721275674485577, 0.869299178727647], [0.001992192928581123, 0.9980032488362773, 2.5811245598972778e-08, 4.532423895879842e-06], [0.8967724327539104, 4.782841457900229e-06, 3.929326744281217e-09, 0.10322278047530507], [0.00012501332015578179, 1.7703650214652417e-05, 8.394361049495355e-07, 0.9998564435935247]]","[{""research"": 0, ""code_review"": 0, ""doc_processing"": 8, ""monitoring"": 0}, {""research"": 0, ""code_review"": 1, ""doc_processing"": 7, ""monitoring"": 0}, {""research"": 0, ""code_review"": 0, ""doc_processing"": 1, ""monitoring"": 7}, {""research"": 0, ""code_review"": 8, ""doc_processing"": 0, ""monitoring"": 0}, {""research"": 7, ""code_review"": 0, ""doc_processing"": 0, ""monitoring"": 1}, {""research"": 0, ""code_review"": 0, ""doc_processing"": 0, ""monitoring"": 8}]","[1, 2, 2, 1, 2, 1]",0.0,0.1358911107998991,0.8416666666666667,0.17017906694867282,0.11856349122280994,"{""COMPUTE"": 808, ""MEMORY"": 675, ""API_CREDITS"": 349, ""DATASET"": 184}","{""COMPUTE"": 425, ""MEMORY"": 355, ""API_CREDITS"": 184, ""DATASET"": 97}","{""COMPUTE"": 1.9011764705882352, ""MEMORY"": 1.9014084507042253, ""API_CREDITS"": 1.8967391304347827, ""DATASET"": 1.8969072164948453}",4
dirichlet_0.1__high,dirichlet_0.1,0.1,high,1.9,2187540509,40f3b1a8b7e5e578,68986a665d27a411,exact_pending_queue,"[[0.00011798684976124385, 0.0003445146102698896, 0.9995374985344581, 5.510968813670187e-12], [0.0026553979176931882, 0.9828532830106347, 0.014336587111100746, 0.00015473196057149026], [0.7665138520419363, 0.11016794708039222, 0.1224949146463943, 0.0008232862312770797], [0.9166385296543351, 2.2941780709384963e-05, 1.952873834633545e-06, 0.08333657569112071], [0.7947264793864803, 2.6983682564421794e-08, 0.205273493629809, 2.8034415557059343e-14], [1.1786883702570645e-08, 1.0008388310398698e-08, 0.9631070096564046, 0.036892968548323406]]","[{""research"": 0, ""code_review"": 0, ""doc_processing"": 8, ""monitoring"": 0}, {""research"": 0, ""code_review"": 8, ""doc_processing"": 0, ""monitoring"": 0}, {""research"": 6, ""code_review"": 2, ""doc_processing"": 0, ""monitoring"": 0}, {""research"": 6, ""code_review"": 0, ""doc_processing"": 0, ""monitoring"": 2}, {""research"": 7, ""code_review"": 0, ""doc_processing"": 1, ""monitoring"": 0}, {""research"": 0, ""code_review"": 0, ""doc_processing"": 7, ""monitoring"": 1}]","[1, 1, 2, 2, 2, 2]",0.0,0.2258070946097882,0.75,0.06314503521165375,0.044018634629328264,"{""COMPUTE"": 1122, ""MEMORY"": 914, ""API_CREDITS"": 546, ""DATASET"": 176}","{""COMPUTE"": 591, ""MEMORY"": 481, ""API_CREDITS"": 287, ""DATASET"": 93}","{""COMPUTE"": 1.898477157360406, ""MEMORY"": 1.9002079002079002, ""API_CREDITS"": 1.9024390243902438, ""DATASET"": 1.89247311827957}",4
dirichlet_0.1__high,dirichlet_0.1,0.1,high,1.9,2212622024,2e99c6cdc6ca0cdb,d219fde38dbcfebf,exact_pending_queue,"[[4.947294546189669e-10, 2.481496659831726e-06, 4.729003244986121e-07, 0.9999970451082861], [0.8709011070120053, 0.12909718276783247, 1.6909625762843227e-06, 1.925758607238513e-08], [0.9803788930437044, 0.01962040412050208, 7.028054678858158e-07, 3.032559784148976e-11], [0.8355251831879226, 0.16446108897924927, 1.340188859224569e-05, 3.259442358759355e-07], [0.28127052940267716, 0.0014149327080595245, 0.07759233590076861, 0.6397222019884946], [1.129913353729145e-13, 2.435006052159622e-07, 0.9999914924073362, 8.264091945600557e-06]]","[{""research"": 0, ""code_review"": 0, ""doc_processing"": 0, ""monitoring"": 8}, {""research"": 7, ""code_review"": 1, ""doc_processing"": 0, ""monitoring"": 0}, {""research"": 8, ""code_review"": 0, ""doc_processing"": 0, ""monitoring"": 0}, {""research"": 8, ""code_review"": 0, ""doc_processing"": 0, ""monitoring"": 0}, {""research"": 1, ""code_review"": 0, ""doc_processing"": 0, ""monitoring"": 7}, {""research"": 0, ""code_review"": 0, ""doc_processing"": 8, ""monitoring"": 0}]","[1, 2, 1, 1, 2, 1]",0.0,0.0905940738665994,0.7333333333333333,0.13972270784770782,0.09686865988949322,"{""COMPUTE"": 1122, ""MEMORY"": 967, ""API_CREDITS"": 509, ""DATASET"": 312}","{""COMPUTE"": 591, ""MEMORY"": 509, ""API_CREDITS"": 268, ""DATASET"": 164}","{""COMPUTE"": 1.898477157360406, ""MEMORY"": 1.899803536345776, ""API_CREDITS"": 1.8992537313432836, ""DATASET"": 1.9024390243902438}",4
dirichlet_0.1__high,dirichlet_0.1,0.1,high,1.9,2222055010,ed3b44d6405ced84,1f4ffbeb2f539cae,exact_pending_queue,"[[0.40924812108149244, 0.5904603762668004, 0.00028070178998070597, 1.080086172640378e-05], [0.48545807667163315, 0.5136442051523458, 0.0008977179210526525, 2.549686413329902e-10], [1.0089260242186292e-07, 3.107440640304864e-05, 1.635497789920288e-08, 0.9999688083460166], [0.004111599183744254, 0.00020097726653325214, 3.760506395507826e-09, 0.9956874197892162], [0.07829550520201053, 0.7365705085692712, 0.1822414706050033, 0.002892515623714864], [0.00659182555012011, 1.2279790803930233e-11, 0.00285437963139822, 0.9905537948062019]]","[{""research"": 1, ""code_review"": 7, ""doc_processing"": 0, ""monitoring"": 0}, {""research"": 1, ""code_review"": 7, ""doc_processing"": 0, ""monitoring"": 0}, {""research"": 0, ""code_review"": 0, ""doc_processing"": 0, ""monitoring"": 8}, {""research"": 0, ""code_review"": 0, ""doc_processing"": 0, ""monitoring"": 8}, {""research"": 0, ""code_review"": 7, ""doc_processing"": 1, ""monitoring"": 0}, {""research"": 1, ""code_review"": 0, ""doc_processing"": 0, ""monitoring"": 7}]","[2, 2, 1, 1, 2, 2]",0.0,0.1811881477331988,0.6166666666666667,0.17942396723646725,0.13759570868945867,"{""COMPUTE"": 518, ""MEMORY"": 478, ""API_CREDITS"": 210, ""DATASET"": 208}","{""COMPUTE"": 273, ""MEMORY"": 252, ""API_CREDITS"": 111, ""DATASET"": 109}","{""COMPUTE"": 1.8974358974358974, ""MEMORY"": 1.8968253968253967, ""API_CREDITS"": 1.8918918918918919, ""DATASET"": 1.908256880733945}",4
dirichlet_0.1__high,dirichlet_0.1,0.1,high,1.9,2225355892,6507c26e6e6f816b,08a268960c4384ac,exact_pending_queue,"[[5.862440229298744e-05, 1.7193382358348352e-07, 0.17693203239563798, 0.8230091712682454], [0.01074141232631539, 0.014821462148669527, 5.200597181867207e-05, 0.9743851195531965], [0.08795845244471379, 0.0002861187028939669, 0.9117461303608208, 9.298491571336848e-06], [0.027936776946785973, 0.9668292587525621, 0.005233964300651876, 1.0186274215851071e-17], [0.31760009886532664, 1.1743077154244694e-10, 0.0010886176096026635, 0.6813112834076398], [0.00018038104832142143, 0.9820973853343374, 0.011268744530675915, 0.006453489086665379]]","[{""research"": 0, ""code_review"": 0, ""doc_processing"": 4, ""monitoring"": 4}, {""research"": 0, ""code_review"": 0, ""doc_processing"": 0, ""monitoring"": 8}, {""research"": 1, ""code_review"": 0, ""doc_processing"": 7, ""monitoring"": 0}, {""research"": 0, ""code_review"": 8, ""doc_processing"": 0, ""monitoring"": 0}, {""research"": 1, ""code_review"": 0, ""doc_processing"": 0, ""monitoring"": 7}, {""research"": 0, ""code_review"": 8, ""doc_processing"": 0, ""monitoring"": 0}]","[2, 1, 2, 1, 2, 1]",0.0,0.17392740719993274,0.7666666666666667,0.165697315602976,0.11359047928754429,"{""COMPUTE"": 622, ""MEMORY"": 533, ""API_CREDITS"": 259, ""DATASET"": 168}","{""COMPUTE"": 327, ""MEMORY"": 281, ""API_CREDITS"": 136, ""DATASET"": 88}","{""COMPUTE"": 1.9021406727828747, ""MEMORY"": 1.896797153024911, ""API_CREDITS"": 1.9044117647058822, ""DATASET"": 1.9090909090909092}",4
dirichlet_0.1__high,dirichlet_0.1,0.1,high,1.9,2268749908,c6a0bab283522d5c,71030359f86d2ad6,exact_pending_queue,"[[0.17384061083169716, 0.8261583710273729, 1.0181337315796832e-06, 7.1984974297701836e-12], [0.029131058180302004, 0.004103925848069644, 0.2835845597233066, 0.6831804562483218], [0.011547690900527294, 0.5303038166556291, 0.04638494652938863, 0.4117635459144548], [0.997084116262448, 0.0017724939265264395, 0.001143388712459856, 1.0985657933980182e-09], [6.826586805059182e-08, 0.10448549174303465, 0.8820554256300789, 0.013459014361018522], [9.249183575321726e-09, 0.3349366734837576, 0.6634071650387393, 0.0016561522283194976]]","[{""research"": 0, ""code_review"": 8, ""doc_processing"": 0, ""monitoring"": 0}, {""research"": 1, ""code_review"": 0, ""doc_processing"": 3, ""monitoring"": 4}, {""research"": 0, ""code_review"": 1, ""doc_processing"": 0, ""monitoring"": 7}, {""research"": 8, ""code_review"": 0, ""doc_processing"": 0, ""monitoring"": 0}, {""research"": 0, ""code_review"": 1, ""doc_processing"": 7, ""monitoring"": 0}, {""research"": 0, ""code_review"": 2, ""doc_processing"": 6, ""monitoring"": 0}]","[1, 3, 2, 1, 2, 2]",0.0,0.27533717275732433,0.8,0.1309790111003703,0.0850767071236327,"{""COMPUTE"": 866, ""MEMORY"": 712, ""API_CREDITS"": 396, ""DATASET"": 160}","{""COMPUTE"": 456, ""MEMORY"": 375, ""API_CREDITS"": 208, ""DATASET"": 84}","{""COMPUTE"": 1.8991228070175439, ""MEMORY"": 1.8986666666666667, ""API_CREDITS"": 1.9038461538461537, ""DATASET"": 1.9047619047619047}",4
dirichlet_0.1__high,dirichlet_0.1,0.1,high,1.9,2269193850,876e18d704a269c5,e8a21e7af6d88012,exact_pending_queue,"[[0.11628934526738806, 2.6562856472774024e-09, 1.2398538636740752e-05, 0.8836982535376895], [1.4718778010102338e-10, 0.84340755568376, 0.12602142082516588, 0.030571023343886197], [0.2277211946221042, 0.3262979905140326, 0.44246755598476634, 0.003513258879096903], [0.0005501754855204451, 0.8159826403001625, 0.18313696444780042, 0.00033021976651658456], [1.902227604135919e-10, 0.999126723315539, 0.0004175934791728078, 0.00045568301506555576], [2.1206175077887979e-16, 0.9966635616778314, 0.0014537227942685396, 0.0018827155278999114]]","[{""research"": 0, ""code_review"": 0, ""doc_processing"": 0, ""monitoring"": 8}, {""research"": 0, ""code_review"": 7, ""doc_processing"": 1, ""monitoring"": 0}, {""research"": 1, ""code_review"": 3, ""doc_processing"": 4, ""monitoring"": 0}, {""research"": 0, ""code_review"": 6, ""doc_processing"": 2, ""monitoring"": 0}, {""research"": 0, ""code_review"": 8, ""doc_processing"": 0, ""monitoring"": 0}, {""research"": 0, ""code_review"": 8, ""doc_processing"": 0, ""monitoring"": 0}]","[1, 2, 3, 2, 1, 1]",0.0,0.23004013582402463,0.5333333333333333,0.11780982905982904,0.0878213221963222,"{""COMPUTE"": 572, ""MEMORY"": 469, ""API_CREDITS"": 287, ""DATASET"": 72}","{""COMPUTE"": 301, ""MEMORY"": 247, ""API_CREDITS"": 151, ""DATASET"": 38}","{""COMPUTE"": 1.9003322259136213, ""MEMORY"": 1.8987854251012146, ""API_CREDITS"": 1.900662251655629, ""DATASET"": 1.894736842105263}",4
dirichlet_0.1__high,dirichlet_0.1,0.1,high,1.9,2321257153,0602c554d6117873,7b680b2b0ca47468,exact_pending_queue,"[[0.0048750213139552995, 4.2421423091217685e-08, 0.9951247472674835, 1.8899713820456267e-07], [0.0008347018776598485, 0.0006695188475191881, 5.161250034281971e-07, 0.9984952631498176], [0.005406468576047479, 5.151272304366088e-05, 0.9928925804567812, 0.0016494382441276689], [3.544605924028523e-06, 0.999920595847897, 5.058845509788616e-05, 2.5271091081087333e-05], [0.6346297294000165, 0.36473519021214224, 0.0006350803134308362, 7.44103645826316e-11], [7.765839145422628e-07, 0.39030034757698734, 2.209636840360919e-22, 0.6096988758390982]]","[{""research"": 0, ""code_review"": 0, ""doc_processing"": 8, ""monitoring"": 0}, {""research"": 0, ""code_review"": 0, ""doc_processing"": 0, ""monitoring"": 8}, {""research"": 0, ""code_review"": 0, ""doc_processing"": 8, ""monitoring"": 0}, {""research"": 0, ""code_review"": 8, ""doc_processing"": 0, ""monitoring"": 0}, {""research"": 6, ""code_review"": 2, ""doc_processing"": 0, ""monitoring"": 0}, {""research"": 0, ""code_review"": 1, ""doc_processing"": 0, ""monitoring"": 7}]","[1, 1, 1, 1, 2, 2]",0.0,0.1129035473048941,0.8416666666666667,0.17504598511880068,0.12574999538996304,"{""COMPUTE"": 786, ""MEMORY"": 653, ""API_CREDITS"": 343, ""DATASET"": 168}","{""COMPUTE"": 414, ""MEMORY"": 344, ""API_CREDITS"": 181, ""DATASET"": 88}","{""COMPUTE"": 1.8985507246376812, ""MEMORY"": 1.8982558139534884, ""API_CREDITS"": 1.8950276243093922, ""DATASET"": 1.9090909090909092}",4
dirichlet_0.1__high,dirichlet_0.1,0.1,high,1.9,2367693741,601db852a546afec,266d51e61b0eb1f1,exact_pending_queue,"[[0.001261265150673167, 0.9854499436163285, 0.013288791232971539, 2.6975431195374705e-14], [5.9607201191501725e-05, 3.4979287097189264e-07, 0.9973992076855313, 0.0025408353204062705], [0.228761421523598, 1.5636185503395235e-05, 0.7229715796888007, 0.04825136260209797], [1.0338420326930496e-16, 0.8599289900301981, 2.4119492673398495e-14, 0.14007100996977764], [0.23485925488580925, 8.329997708665973e-07, 0.7323914210591742, 0.03274849105524596], [0.04733412913989726, 0.0014716494724071087, 0.9509489161818923, 0.00024530520580348295]]","[{""research"": 0, ""code_review"": 8, ""doc_processing"": 0, ""monitoring"": 0}, {""research"": 0, ""code_review"": 0, ""doc_processing"": 8, ""monitoring"": 0}, {""research"": 1, ""code_review"": 0, ""doc_processing"": 7, ""monitoring"": 0}, {""research"": 0, ""code_review"": 7, ""doc_processing"": 0, ""monitoring"": 1}, {""research"": 0, ""code_review"": 0, ""doc_processing"": 8, ""monitoring"": 0}, {""research"": 0, ""code_review"": 0, ""doc_processing"": 8, ""monitoring"": 0}]","[1, 1, 2, 2, 1, 1]",0.0,0.0905940738665994,0.5666666666666667,0.032020359203786534,0.02327489787978991,"{""COMPUTE"": 874, ""MEMORY"": 654, ""API_CREDITS"": 418, ""DATASET"": 16}","{""COMPUTE"": 460, ""MEMORY"": 344, ""API_CREDITS"": 220, ""DATASET"": 8}","{""COMPUTE"": 1.9, ""MEMORY"": 1.9011627906976745, ""API_CREDITS"": 1.9, ""DATASET"": 2.0}",4
dirichlet_0.1__high,dirichlet_0.1,0.1,high,1.9,2379132744,d8a2fc0a30aae38f,863d4710c67e73b2,exact_pending_queue,"[[0.7622325231506131, 0.09674894384972928, 0.045160546249575134, 0.09585798675008263], [0.28613717251308474, 2.741661049527841e-05, 0.6943716531485788, 0.019463757727841067], [0.0034191843568859752, 1.9696624135453996e-10, 4.9545072258057814e-33, 0.9965808154461478], [0.0005691349538530399, 1.0068586353720026e-07, 0.9994302187474376, 5.456128456958839e-07], [0.0013190081469314013, 5.7023390688315635e-08, 0.9832693668731892, 0.01541156795648878], [0.0060216851882146, 0.06852183865570521, 0.925455909585191, 5.665708892472392e-07]]","[{""research"": 5, ""code_review"": 2, ""doc_processing"": 1, ""monitoring"": 0}, {""research"": 3, ""code_review"": 0, ""doc_processing"": 5, ""monitoring"": 0}, {""research"": 0, ""code_review"": 0, ""doc_processing"": 0, ""monitoring"": 8}, {""research"": 0, ""code_review"": 0, ""doc_processing"": 8, ""monitoring"": 0}, {""research"": 0, ""code_review"": 0, ""doc_processing"": 8, ""monitoring"": 0}, {""research"": 0, ""code_review"": 0, ""doc_processing"": 8, ""monitoring"": 0}]","[3, 2, 1, 1, 1, 1]",0.0,0.1877690786350303,0.6166666666666667,0.12527715512790139,0.0865100499739803,"{""COMPUTE"": 1016, ""MEMORY"": 800, ""API_CREDITS"": 456, ""DATASET"": 128}","{""COMPUTE"": 535, ""MEMORY"": 421, ""API_CREDITS"": 240, ""DATASET"": 67}","{""COMPUTE"": 1.8990654205607476, ""MEMORY"": 1.9002375296912113, ""API_CREDITS"": 1.9, ""DATASET"": 1.9104477611940298}",4
dirichlet_0.1__high,dirichlet_0.1,0.1,high,1.9,2399786552,46b96033728142f7,c6aaa9328fa61a99,exact_pending_queue,"[[1.230192393871073e-07, 0.007646111795407586, 0.9573452910291226, 0.035008474156230394], [0.6890829887157439, 0.3044177152667379, 0.0006901766562505013, 0.005809119361267804], [0.18799448464102514, 0.8102066631505545, 5.242698127108157e-07, 0.0017983279386076748], [0.7249371522268383, 0.044792433529444155, 0.23026924386583383, 1.1703778835750593e-06], [0.13523625512010282, 1.9116238926941512e-29, 0.5273251480513328, 0.3374385968285644], [4.3668535900461065e-12, 0.21384969928531414, 0.7861503007103178, 1.1948709972516333e-15]]","[{""research"": 0, ""code_review"": 0, ""doc_processing"": 8, ""monitoring"": 0}, {""research"": 5, ""code_review"": 3, ""doc_processing"": 0, ""monitoring"": 0}, {""research"": 2, ""code_review"": 6, ""doc_processing"": 0, ""monitoring"": 0}, {""research"": 5, ""code_review"": 2, ""doc_processing"": 1, ""monitoring"": 0}, {""research"": 1, ""code_review"": 0, ""doc_processing"": 5, ""monitoring"": 2}, {""research"": 0, ""code_review"": 2, ""doc_processing"": 6, ""monitoring"": 0}]","[1, 2, 2, 3, 3, 2]",0.0,0.43121501110283567,0.6333333333333333,0.04756334828052718,0.032600770816967786,"{""COMPUTE"": 1028, ""MEMORY"": 819, ""API_CREDITS"": 501, ""DATASET"": 120}","{""COMPUTE"": 541, ""MEMORY"": 431, ""API_CREDITS"": 264, ""DATASET"": 63}","{""COMPUTE"": 1.900184842883549, ""MEMORY"": 1.900232018561485, ""API_CREDITS"": 1.8977272727272727, ""DATASET"": 1.9047619047619047}",4
dirichlet_0.1__high,dirichlet_0.1,0.1,high,1.9,2417511538,c2dd86511bce36dd,942b3a66b66de1af,exact_pending_queue,"[[0.018643929022277832, 0.8298231181224359, 5.1847108294297315e-09, 0.15153294767057549], [0.01053421730929595, 0.9893856271632735, 8.010714482623909e-05, 4.838260427366467e-08], [2.7316641638474093e-08, 7.003295092674987e-05, 0.00040612834768764296, 0.9995238113847439], [1.2871872218239998e-05, 3.792781439152396e-05, 0.000252312489760304, 0.99969688782363], [9.734704740576706e-06, 0.41133586507620534, 0.47228935466988664, 0.11636504554916756], [0.0015957161589611368, 0.2837330867904357, 3.7198923027534165e-05, 0.7146339981275757]]","[{""research"": 0, ""code_review"": 6, ""doc_processing"": 0, ""monitoring"": 2}, {""research"": 0, ""code_review"": 8, ""doc_processing"": 0, ""monitoring"": 0}, {""research"": 0, ""code_review"": 0, ""doc_processing"": 0, ""monitoring"": 8}, {""research"": 0, ""code_review"": 0, ""doc_processing"": 0, ""monitoring"": 8}, {""research"": 0, ""code_review"": 3, ""doc_processing"": 5, ""monitoring"": 0}, {""research"": 0, ""code_review"": 1, ""doc_processing"": 0, ""monitoring"": 7}]","[2, 1, 1, 1, 2, 2]",0.0,0.19243971421530784,0.6416666666666667,0.1862860902389335,0.13986052474263294,"{""COMPUTE"": 490, ""MEMORY"": 449, ""API_CREDITS"": 183, ""DATASET"": 200}","{""COMPUTE"": 258, ""MEMORY"": 236, ""API_CREDITS"": 96, ""DATASET"": 105}","{""COMPUTE"": 1.8992248062015504, ""MEMORY"": 1.902542372881356, ""API_CREDITS"": 1.90625, ""DATASET"": 1.9047619047619047}",4
dirichlet_0.1__high,dirichlet_0.1,0.1,high,1.9,2429613199,55114f655b18127e,4ea7cd4880153156,exact_pending_queue,"[[0.6586479094569072, 0.1886325172326236, 6.052389220021442e-05, 0.1526590494182688], [0.927104238407644, 0.07289538134937941, 2.6058512132894637e-07, 1.1965785530477725e-07], [0.9999939761421454, 2.598052093069162e-08, 5.9976370203381025e-06, 2.403135557760989e-10], [0.9970779834163851, 0.00030456196459476643, 4.915536274365847e-08, 0.002617405463657494], [2.274664094379914e-06, 0.00047526339919545693, 5.437186822363222e-05, 0.9994680900684865], [0.15494075568256183, 0.370922645044363, 0.0009624819647185122, 0.4731741173083566]]","[{""research"": 4, ""code_review"": 3, ""doc_processing"": 0, ""monitoring"": 1}, {""research"": 8, ""code_review"": 0, ""doc_processing"": 0, ""monitoring"": 0}, {""research"": 8, ""code_review"": 0, ""doc_processing"": 0, ""monitoring"": 0}, {""research"": 8, ""code_review"": 0, ""doc_processing"": 0, ""monitoring"": 0}, {""research"": 0, ""code_review"": 0, ""doc_processing"": 0, ""monitoring"": 8}, {""research"": 1, ""code_review"": 4, ""doc_processing"": 0, ""monitoring"": 3}]","[3, 1, 1, 1, 1, 3]",0.0,0.2342731770382611,0.6,0.08577399360605467,0.06314421454052499,"{""COMPUTE"": 1152, ""MEMORY"": 1005, ""API_CREDITS"": 547, ""DATASET"": 328}","{""COMPUTE"": 606, ""MEMORY"": 529, ""API_CREDITS"": 288, ""DATASET"": 173}","{""COMPUTE"": 1.900990099009901, ""MEMORY"": 1.8998109640831757, ""API_CREDITS"": 1.8993055555555556, ""DATASET"": 1.8959537572254335}",4
dirichlet_0.1__high,dirichlet_0.1,0.1,high,1.9,2450099792,026eda74c62b7908,1901e7ca1db3e12f,exact_pending_queue,"[[5.911110233080987e-06, 0.6508462598273028, 0.0006244331057691706, 0.34852339595669496], [3.133189188743083e-10, 0.9942463210107886, 0.005749615553517456, 4.063122375056866e-06], [9.687148060466457e-05, 0.013707890053867142, 4.22775350997716e-11, 0.9861952384232505], [2.0743886383483827e-18, 3.4238834315940645e-06, 0.7550492382862805, 0.2449473378302879], [0.008929118975106985, 0.00036302553065568996, 0.0004956835349720344, 0.9902121719592654], [1.182100747271724e-13, 0.00023079576914474957, 0.023699878043281858, 0.9760693261874552]]","[{""research"": 0, ""code_review"": 5, ""doc_processing"": 0, ""monitoring"": 3}, {""research"": 0, ""code_review"": 8, ""doc_processing"": 0, ""monitoring"": 0}, {""research"": 0, ""code_review"": 0, ""doc_processing"": 0, ""monitoring"": 8}, {""research"": 0, ""code_review"": 0, ""doc_processing"": 4, ""monitoring"": 4}, {""research"": 0, ""code_review"": 0, ""doc_processing"": 0, ""monitoring"": 8}, {""research"": 0, ""code_review"": 0, ""doc_processing"": 0, ""monitoring"": 8}]","[2, 1, 1, 2, 1, 1]",0.0,0.1628695002437471,0.5583333333333333,0.16256886256886252,0.12044387044387045,"{""COMPUTE"": 466, ""MEMORY"": 447, ""API_CREDITS"": 149, ""DATASET"": 248}","{""COMPUTE"": 245, ""MEMORY"": 235, ""API_CREDITS"": 78, ""DATASET"": 131}","{""COMPUTE"": 1.9020408163265305, ""MEMORY"": 1.902127659574468, ""API_CREDITS"": 1.9102564102564104, ""DATASET"": 1.8931297709923665}",4
dirichlet_0.1__high,dirichlet_0.1,0.1,high,1.9,2458392116,3bf935e3bc5d1576,ce50629c7c62df4e,exact_pending_queue,"[[8.660016591620716e-09, 0.0626472149811075, 0.9373527580751804, 1.8283695562424393e-08], [0.0012262402096827137, 2.740064309243223e-13, 0.9987470222940579, 2.6737495985473394e-05], [0.9999619447812315, 5.51850542407017e-11, 3.805516332649313e-05, 2.570097520224509e-13], [0.9998444055212415, 2.5123365831072733e-14, 0.00013316074557876675, 2.243373315472587e-05], [7.14703768082776e-05, 0.9961200655084228, 0.0030469354533455085, 0.000761528661423545], [0.6502395332833013, 0.3497600794998874, 7.755586903119452e-10, 3.864412527184749e-07]]","[{""research"": 0, ""code_review"": 0, ""doc_processing"": 8, ""monitoring"": 0}, {""research"": 0, ""code_review"": 0, ""doc_processing"": 8, ""monitoring"": 0}, {""research"": 8, ""code_review"": 0, ""doc_processing"": 0, ""monitoring"": 0}, {""research"": 8, ""code_review"": 0, ""doc_processing"": 0, ""monitoring"": 0}, {""research"": 0, ""code_review"": 8, ""doc_processing"": 0, ""monitoring"": 0}, {""research"": 2, ""code_review"": 6, ""doc_processing"": 0, ""monitoring"": 0}]","[1, 1, 1, 1, 1, 2]",0.0,0.0676065103715944,0.7833333333333333,0.058762626262626266,0.04114583333333332,"{""COMPUTE"": 1104, ""MEMORY"": 890, ""API_CREDITS"": 550, ""DATASET"": 144}","{""COMPUTE"": 581, ""MEMORY"": 468, ""API_CREDITS"": 289, ""DATASET"": 76}","{""COMPUTE"": 1.9001721170395869, ""MEMORY"": 1.9017094017094016, ""API_CREDITS"": 1.9031141868512111, ""DATASET"": 1.894736842105263}",4
dirichlet_0.1__high,dirichlet_0.1,0.1,high,1.9,2463410529,c5359a21cdfd4bd5,e9fb721ac5d3043c,exact_pending_queue,"[[0.772891692571638, 0.01012981199190907, 0.21614989454496092, 0.0008286008914921071], [0.9306362900171179, 0.010691542111851237, 0.058615577145267724, 5.659072576307106e-05], [0.16621796114377432, 5.7328610843489945e-12, 0.8321382434157143, 0.0016437954347785558], [0.0005292876599478911, 0.8891402306608089, 1.9738017896274257e-10, 0.11033048148186295], [0.4190379091855704, 0.007814433914801312, 0.5685811743850346, 0.00456648251459393], [2.255975276705757e-13, 7.900517474603827e-07, 0.9999992055535906, 4.394436368200402e-09]]","[{""research"": 6, ""code_review"": 0, ""doc_processing"": 2, ""monitoring"": 0}, {""research"": 6, ""code_review"": 0, ""doc_processing"": 2, ""monitoring"": 0}, {""research"": 1, ""code_review"": 0, ""doc_processing"": 7, ""monitoring"": 0}, {""research"": 0, ""code_review"": 6, ""doc_processing"": 0, ""monitoring"": 2}, {""research"": 4, ""code_review"": 0, ""doc_processing"": 4, ""monitoring"": 0}, {""research"": 0, ""code_review"": 0, ""doc_processing"": 8, ""monitoring"": 0}]","[2, 2, 2, 2, 2, 1]",0.0,0.3314499013814162,0.6166666666666667,0.0418054982031516,0.02924778200265754,"{""COMPUTE"": 1160, ""MEMORY"": 927, ""API_CREDITS"": 557, ""DATASET"": 152}","{""COMPUTE"": 611, ""MEMORY"": 488, ""API_CREDITS"": 293, ""DATASET"": 80}","{""COMPUTE"": 1.8985270049099836, ""MEMORY"": 1.8995901639344261, ""API_CREDITS"": 1.901023890784983, ""DATASET"": 1.9}",4
dirichlet_0.1__high,dirichlet_0.1,0.1,high,1.9,2464146756,8aaefc40d7f1e7b9,aa1bc15580069528,exact_pending_queue,"[[0.9996652296819265, 2.8151763060477647e-11, 7.40639430805031e-05, 0.00026070634684142996], [0.001331564911540078, 0.00546580258207495, 0.002453242840578882, 0.9907493896658062], [0.00011520959379795152, 4.791960187628898e-05, 0.06322532040186622, 0.9366115504024597], [2.5507990867431756e-08, 5.093368781878928e-05, 0.9999278099856463, 2.1230818543955532e-05], [1.5383473168273906e-09, 0.1000285721907825, 0.8999713967556887, 2.9515181386292474e-08], [0.18677867508759893, 0.19477757592776193, 0.03915191606427867, 0.5792918329203602]]","[{""research"": 8, ""code_review"": 0, ""doc_processing"": 0, ""monitoring"": 0}, {""research"": 0, ""code_review"": 0, ""doc_processing"": 0, ""monitoring"": 8}, {""research"": 0, ""code_review"": 0, ""doc_processing"": 0, ""monitoring"": 8}, {""research"": 0, ""code_review"": 0, ""doc_processing"": 8, ""monitoring"": 0}, {""research"": 0, ""code_review"": 0, ""doc_processing"": 8, ""monitoring"": 0}, {""research"": 1, ""code_review"": 1, ""doc_processing"": 0, ""monitoring"": 6}]","[1, 1, 1, 1, 1, 3]",0.0,0.08843984370492775,0.7583333333333333,0.17998208259402285,0.12817975970961046,"{""COMPUTE"": 844, ""MEMORY"": 723, ""API_CREDITS"": 341, ""DATASET"": 248}","{""COMPUTE"": 444, ""MEMORY"": 381, ""API_CREDITS"": 179, ""DATASET"": 131}","{""COMPUTE"": 1.9009009009009008, ""MEMORY"": 1.8976377952755905, ""API_CREDITS"": 1.905027932960894, ""DATASET"": 1.8931297709923665}",4
dirichlet_0.1__high,dirichlet_0.1,0.1,high,1.9,2501632677,4ec8c3169de35c2b,5a54ba2f3d9ef570,exact_pending_queue,"[[0.0002990932391377224, 0.9996881145834772, 1.2792177385140517e-05, 2.404316917026838e-21], [0.00011977000452815448, 0.04224720851228716, 0.03391469654891465, 0.9237183249342701], [0.9532525553921003, 1.8621028111713414e-17, 0.04634838077307633, 0.0003990638348233618], [9.985549970531203e-13, 2.426420679790798e-05, 7.982785425905478e-07, 0.999974937513661], [0.06356802595106427, 0.034866362145603534, 0.8308265550347204, 0.0707390568686117], [0.9962168501464579, 7.849245902921381e-06, 3.159883721115761e-05, 0.003743701770428052]]","[{""research"": 0, ""code_review"": 8, ""doc_processing"": 0, ""monitoring"": 0}, {""research"": 0, ""code_review"": 0, ""doc_processing"": 0, ""monitoring"": 8}, {""research"": 8, ""code_review"": 0, ""doc_processing"": 0, ""monitoring"": 0}, {""research"": 0, ""code_review"": 0, ""doc_processing"": 0, ""monitoring"": 8}, {""research"": 0, ""code_review"": 0, ""doc_processing"": 8, ""monitoring"": 0}, {""research"": 8, ""code_review"": 0, ""doc_processing"": 0, ""monitoring"": 0}]","[1, 1, 1, 1, 1, 1]",0.0,0.0,0.8666666666666667,0.1747280497280497,0.12308987308987307,"{""COMPUTE"": 928, ""MEMORY"": 800, ""API_CREDITS"": 416, ""DATASET"": 256}","{""COMPUTE"": 488, ""MEMORY"": 421, ""API_CREDITS"": 219, ""DATASET"": 135}","{""COMPUTE"": 1.901639344262295, ""MEMORY"": 1.9002375296912113, ""API_CREDITS"": 1.8995433789954337, ""DATASET"": 1.8962962962962964}",4
dirichlet_0.1__high,dirichlet_0.1,0.1,high,1.9,2503513465,db4e9f0fb10a60f0,5b55cbac47b9bb94,exact_pending_queue,"[[0.3705507188858441, 3.739498204698324e-15, 1.6995008231816454e-08, 0.629449264119144], [0.015128817742658358, 0.6670134242124688, 0.0013191756892868326, 0.31653858235558585], [0.9999989621618607, 6.74021518038928e-07, 3.186960654346974e-07, 4.5120555829136635e-08], [0.0026190280346993717, 0.0016878327597186684, 0.9953458835052555, 0.0003472557003262162], [0.996475670130748, 0.00020169903070981458, 0.003322630676348453, 1.621937688923152e-10], [2.4891957749910636e-05, 0.00375147686638418, 0.8535788844410861, 0.14264474673477984]]","[{""research"": 3, ""code_review"": 0, ""doc_processing"": 0, ""monitoring"": 5}, {""research"": 0, ""code_review"": 7, ""doc_processing"": 0, ""monitoring"": 1}, {""research"": 8, ""code_review"": 0, ""doc_processing"": 0, ""monitoring"": 0}, {""research"": 0, ""code_review"": 0, ""doc_processing"": 8, ""monitoring"": 0}, {""research"": 8, ""code_review"": 0, ""doc_processing"": 0, ""monitoring"": 0}, {""research"": 0, ""code_review"": 0, ""doc_processing"": 7, ""monitoring"": 1}]","[2, 2, 1, 1, 1, 2]",0.0,0.17013024077701314,0.8,0.07493175005014614,0.04823713816763539,"{""COMPUTE"": 1102, ""MEMORY"": 910, ""API_CREDITS"": 522, ""DATASET"": 208}","{""COMPUTE"": 580, ""MEMORY"": 479, ""API_CREDITS"": 275, ""DATASET"": 109}","{""COMPUTE"": 1.9, ""MEMORY"": 1.8997912317327765, ""API_CREDITS"": 1.8981818181818182, ""DATASET"": 1.908256880733945}",4
dirichlet_0.1__high,dirichlet_0.1,0.1,high,1.9,2508126195,8d5158280aca5974,b7210399b962ec59,exact_pending_queue,"[[0.029092706476967965, 0.11600762745032529, 0.854896390647776, 3.2754249305859414e-06], [0.9999999504417786, 3.348420258965777e-10, 4.131173563416182e-08, 7.911643656758881e-09], [5.012770818089328e-06, 0.09807267324226407, 0.8991524258955603, 0.00276988809135757], [1.5083257291104828e-06, 0.38288662793587747, 1.918940586195079e-12, 0.6171118637364744], [0.005504999759887593, 0.19870702222480618, 4.147061293509618e-06, 0.7957838309540127], [0.13971737959864672, 0.044248295827987685, 0.03914883502880402, 0.7768854895445615]]","[{""research"": 0, ""code_review"": 0, ""doc_processing"": 8, ""monitoring"": 0}, {""research"": 8, ""code_review"": 0, ""doc_processing"": 0, ""monitoring"": 0}, {""research"": 0, ""code_review"": 1, ""doc_processing"": 7, ""monitoring"": 0}, {""research"": 0, ""code_review"": 3, ""doc_processing"": 0, ""monitoring"": 5}, {""research"": 0, ""code_review"": 0, ""doc_processing"": 0, ""monitoring"": 8}, {""research"": 2, ""code_review"": 0, ""doc_processing"": 0, ""monitoring"": 6}]","[1, 1, 2, 2, 1, 2]",0.0,0.19243971421530784,0.7833333333333333,0.15609303037192815,0.1060748973414487,"{""COMPUTE"": 862, ""MEMORY"": 733, ""API_CREDITS"": 363, ""DATASET"": 232}","{""COMPUTE"": 454, ""MEMORY"": 386, ""API_CREDITS"": 191, ""DATASET"": 122}","{""COMPUTE"": 1.8986784140969164, ""MEMORY"": 1.8989637305699483, ""API_CREDITS"": 1.9005235602094241, ""DATASET"": 1.901639344262295}",4
dirichlet_0.1__high,dirichlet_0.1,0.1,high,1.9,2524586228,ed4166c085411dd9,38b11ab83facddaa,exact_pending_queue,"[[0.010556427056897081, 0.45850909188544225, 0.24364725477016913, 0.2872872262874914], [0.0020804138062921838, 2.674963223591962e-06, 0.9979169112297639, 7.20343677107021e-13], [0.006690443211925908, 0.08496089447700253, 0.8808132916926799, 0.027535370618391702], [0.0021770893125659953, 9.721576915889237e-07, 0.9029217402151937, 0.09490019831454881], [2.89613034471451e-06, 9.237254683965914e-12, 1.5835889116819611e-06, 0.9999955202715063], [0.0007284980324428353, 0.009418282406630165, 0.9898532195609269, 1.4762334160879096e-18]]","[{""research"": 0, ""code_review"": 4, ""doc_processing"": 1, ""monitoring"": 3}, {""research"": 0, ""code_review"": 0, ""doc_processing"": 8, ""monitoring"": 0}, {""research"": 0, ""code_review"": 1, ""doc_processing"": 7, ""monitoring"": 0}, {""research"": 0, ""code_review"": 0, ""doc_processing"": 6, ""monitoring"": 2}, {""research"": 0, ""code_review"": 0, ""doc_processing"": 0, ""monitoring"": 8}, {""research"": 0, ""code_review"": 0, ""doc_processing"": 8, ""monitoring"": 0}]","[3, 1, 2, 2, 1, 1]",0.0,0.23004013582402463,0.5666666666666667,0.13299847358670888,0.09080347315641435,"{""COMPUTE"": 814, ""MEMORY"": 637, ""API_CREDITS"": 343, ""DATASET"": 104}","{""COMPUTE"": 428, ""MEMORY"": 335, ""API_CREDITS"": 181, ""DATASET"": 55}","{""COMPUTE"": 1.9018691588785046, ""MEMORY"": 1.9014925373134328, ""API_CREDITS"": 1.8950276243093922, ""DATASET"": 1.8909090909090909}",4
dirichlet_0.1__high,dirichlet_0.1,0.1,high,1.9,2526189608,aafc32edd46bc8b5,87d83e0c1ec95419,exact_pending_queue,"[[1.3460510160858958e-06, 0.006902066225085804, 0.0022108174699218275, 0.9908857702539763], [0.001448233052579615, 0.9971708920497635, 0.0004028007190017592, 0.0009780741786551666], [0.007433236246198739, 0.0072272223740639996, 0.025512377355343546, 0.9598271640243937], [0.9999987171873803, 3.225934004792938e-13, 8.448331394537432e-08, 1.1983289831535519e-06], [0.0005803355811028381, 0.00010182327560025963, 0.09242942829851909, 0.9068884128447777], [0.00027412918226557597, 0.11355947009172235, 0.034237828824811724, 0.8519285719012002]]","[{""research"": 0, ""code_review"": 0, ""doc_processing"": 0, ""monitoring"": 8}, {""research"": 0, ""code_review"": 8, ""doc_processing"": 0, ""monitoring"": 0}, {""research"": 0, ""code_review"": 0, ""doc_processing"": 0, ""monitoring"": 8}, {""research"": 8, ""code_review"": 0, ""doc_processing"": 0, ""monitoring"": 0}, {""research"": 0, ""code_review"": 0, ""doc_processing"": 1, ""monitoring"": 7}, {""research"": 0, ""code_review"": 2, ""doc_processing"": 0, ""monitoring"": 6}]","[1, 1, 1, 1, 2, 2]",0.0,0.1129035473048941,0.65,0.15472327047774617,0.10727827160052227,"{""COMPUTE"": 626, ""MEMORY"": 589, ""API_CREDITS"": 235, ""DATASET"": 296}","{""COMPUTE"": 329, ""MEMORY"": 310, ""API_CREDITS"": 124, ""DATASET"": 156}","{""COMPUTE"": 1.9027355623100304, ""MEMORY"": 1.9, ""API_CREDITS"": 1.8951612903225807, ""DATASET"": 1.8974358974358974}",4
dirichlet_0.1__high,dirichlet_0.1,0.1,high,1.9,2566648724,0183136d53505e98,c314837a05da6496,exact_pending_queue,"[[7.786803840897675e-06, 0.1711013279871443, 0.8288907518012668, 1.3340774803588e-07], [0.28212162605798524, 1.2487220427148197e-12, 0.0015834684777578298, 0.7162949054630082], [0.09013857100443085, 0.1811320099757679, 0.47700999755970885, 0.25171942146009246], [0.0030155382302795974, 0.0893417299818496, 0.9072370160995972, 0.0004057156882737535], [0.004090732599454993, 0.8624823218282954, 1.2666252331091464e-05, 0.13341427931991848], [0.0035284470523184283, 0.03133742273435953, 7.351643046789465e-19, 0.965134130213322]]","[{""research"": 0, ""code_review"": 1, ""doc_processing"": 7, ""monitoring"": 0}, {""research"": 2, ""code_review"": 0, ""doc_processing"": 0, ""monitoring"": 6}, {""research"": 1, ""code_review"": 3, ""doc_processing"": 2, ""monitoring"": 2}, {""research"": 0, ""code_review"": 2, ""doc_processing"": 6, ""monitoring"": 0}, {""research"": 0, ""code_review"": 7, ""doc_processing"": 0, ""monitoring"": 1}, {""research"": 0, ""code_review"": 1, ""doc_processing"": 0, ""monitoring"": 7}]","[2, 2, 4, 2, 2, 2]",0.16666666666666666,0.4299073867288851,0.6833333333333333,0.13763442061722564,0.09310640931057136,"{""COMPUTE"": 700, ""MEMORY"": 583, ""API_CREDITS"": 301, ""DATASET"": 152}","{""COMPUTE"": 368, ""MEMORY"": 307, ""API_CREDITS"": 158, ""DATASET"": 80}","{""COMPUTE"": 1.9021739130434783, ""MEMORY"": 1.8990228013029316, ""API_CREDITS"": 1.9050632911392404, ""DATASET"": 1.9}",4
dirichlet_0.1__high,dirichlet_0.1,0.1,high,1.9,2568720644,174ab3f5ab94ecfc,f0fe8ce96c773aec,exact_pending_queue,"[[0.009681249802281813, 0.48134112641591104, 0.13903784231876937, 0.36993978146303774], [2.929521412127818e-07, 0.13248320778684405, 0.8675164924111222, 6.849892584916909e-09], [0.0056196534453390725, 0.9910065866349038, 0.0014290421086128426, 0.001944717811144215], [3.1771246158374908e-06, 0.9999824867709404, 1.4335947383490451e-05, 1.5706025815885782e-10], [2.4559121137679703e-13, 0.8161574620479791, 1.8887116785772068e-06, 0.18384064924009672], [7.237217231438225e-11, 0.9725271710095585, 9.27282672637938e-12, 0.027472828908796425]]","[{""research"": 0, ""code_review"": 4, ""doc_processing"": 1, ""monitoring"": 3}, {""research"": 0, ""code_review"": 1, ""doc_processing"": 7, ""monitoring"": 0}, {""research"": 0, ""code_review"": 8, ""doc_processing"": 0, ""monitoring"": 0}, {""research"": 0, ""code_review"": 8, ""doc_processing"": 0, ""monitoring"": 0}, {""research"": 0, ""code_review"": 8, ""doc_processing"": 0, ""monitoring"": 0}, {""research"": 0, ""code_review"": 8, ""doc_processing"": 0, ""monitoring"": 0}]","[3, 2, 1, 1, 1, 1]",0.0,0.16243362545243023,0.4166666666666667,0.04790790790790791,0.035435435435435425,"{""COMPUTE"": 570, ""MEMORY"": 451, ""API_CREDITS"": 305, ""DATASET"": 24}","{""COMPUTE"": 300, ""MEMORY"": 237, ""API_CREDITS"": 161, ""DATASET"": 13}","{""COMPUTE"": 1.9, ""MEMORY"": 1.9029535864978904, ""API_CREDITS"": 1.8944099378881987, ""DATASET"": 1.8461538461538463}",4
dirichlet_0.1__high,dirichlet_0.1,0.1,high,1.9,2577147738,ac4b3a787b3ac9a9,4e292629eb011cfa,exact_pending_queue,"[[0.019294567228850396, 0.003616493507424466, 0.9631663637736176, 0.013922575490107518], [5.388911670395202e-06, 3.7923338804894974e-08, 0.9999945622678826, 1.0897108063252067e-08], [0.5611198327779378, 0.0011718184252933507, 0.43696588207959336, 0.0007424667171755611], [1.8520494379497669e-07, 0.5711789155010389, 4.990696078407422e-11, 0.42882089924411027], [3.74725195345373e-05, 0.09312255013024011, 0.906508173792452, 0.00033180355777317734], [0.0006322797207508543, 0.9035959734686501, 0.04037315625945795, 0.05539859055114118]]","[{""research"": 0, ""code_review"": 0, ""doc_processing"": 8, ""monitoring"": 0}, {""research"": 0, ""code_review"": 0, ""doc_processing"": 8, ""monitoring"": 0}, {""research"": 5, ""code_review"": 0, ""doc_processing"": 3, ""monitoring"": 0}, {""research"": 0, ""code_review"": 3, ""doc_processing"": 0, ""monitoring"": 5}, {""research"": 0, ""code_review"": 1, ""doc_processing"": 7, ""monitoring"": 0}, {""research"": 0, ""code_review"": 6, ""doc_processing"": 1, ""monitoring"": 1}]","[1, 1, 2, 2, 2, 3]",0.0,0.29280921445905495,0.6583333333333333,0.08693390592881918,0.05929642779779354,"{""COMPUTE"": 912, ""MEMORY"": 711, ""API_CREDITS"": 421, ""DATASET"": 88}","{""COMPUTE"": 480, ""MEMORY"": 374, ""API_CREDITS"": 222, ""DATASET"": 46}","{""COMPUTE"": 1.9, ""MEMORY"": 1.9010695187165776, ""API_CREDITS"": 1.8963963963963963, ""DATASET"": 1.9130434782608696}",4
dirichlet_0.1__high,dirichlet_0.1,0.1,high,1.9,2598968052,33727290686f8e93,a023596912083bf3,exact_pending_queue,"[[0.03003260488244832, 0.9249994912743456, 0.04344741909771361, 0.0015204847454925415], [4.6954228880057514e-07, 1.8188364843133913e-08, 0.8742537856330765, 0.12574572663626984], [7.367125763893352e-14, 0.00019293763259991298, 0.05687000487482739, 0.942937057492499], [0.0026187533981582214, 0.032159134206739125, 2.519667830016183e-12, 0.9652221123925829], [3.513504954301725e-09, 1.9922338807135162e-05, 4.4238102306646495e-07, 0.9999796317666649], [0.9984455067322271, 2.0731337895052507e-07, 0.001467518171768114, 8.676778262578969e-05]]","[{""research"": 0, ""code_review"": 8, ""doc_processing"": 0, ""monitoring"": 0}, {""research"": 0, ""code_review"": 0, ""doc_processing"": 7, ""monitoring"": 1}, {""research"": 0, ""code_review"": 0, ""doc_processing"": 1, ""monitoring"": 7}, {""research"": 0, ""code_review"": 0, ""doc_processing"": 0, ""monitoring"": 8}, {""research"": 0, ""code_review"": 0, ""doc_processing"": 0, ""monitoring"": 8}, {""research"": 8, ""code_review"": 0, ""doc_processing"": 0, ""monitoring"": 0}]","[1, 2, 2, 1, 1, 1]",0.0,0.0905940738665994,0.7833333333333333,0.18005916535222324,0.1307512265805564,"{""COMPUTE"": 720, ""MEMORY"": 640, ""API_CREDITS"": 288, ""DATASET"": 256}","{""COMPUTE"": 379, ""MEMORY"": 337, ""API_CREDITS"": 152, ""DATASET"": 135}","{""COMPUTE"": 1.8997361477572559, ""MEMORY"": 1.8991097922848665, ""API_CREDITS"": 1.894736842105263, ""DATASET"": 1.8962962962962964}",4
dirichlet_0.1__high,dirichlet_0.1,0.1,high,1.9,2600011987,f16701c7d1693a0f,15fdc37fbc1d6b93,exact_pending_queue,"[[2.1171305719415776e-06, 1.655292606509462e-06, 1.1077674241631618e-12, 0.9999962275757137], [3.985824853193007e-11, 0.8786070457430096, 0.12139292319163628, 3.1025495802123516e-08], [5.997197536581313e-07, 4.989722532125713e-08, 0.9938074848158184, 0.006191865567202674], [0.00029402592898035255, 0.017470893696909635, 0.0003877131752149217, 0.9818473671988951], [0.33200050013872445, 5.757985618933756e-06, 0.12529604585210558, 0.5426976960235511], [0.5137531550685797, 0.0007452895797186467, 7.70709457495611e-18, 0.48550155535170175]]","[{""research"": 0, ""code_review"": 0, ""doc_processing"": 0, ""monitoring"": 8}, {""research"": 0, ""code_review"": 8, ""doc_processing"": 0, ""monitoring"": 0}, {""research"": 0, ""code_review"": 0, ""doc_processing"": 8, ""monitoring"": 0}, {""research"": 0, ""code_review"": 0, ""doc_processing"": 0, ""monitoring"": 8}, {""research"": 3, ""code_review"": 0, ""doc_processing"": 1, ""monitoring"": 4}, {""research"": 1, ""code_review"": 0, ""doc_processing"": 0, ""monitoring"": 7}]","[1, 1, 1, 1, 3, 2]",0.0,0.16243362545243023,0.7,0.18098646723646725,0.12500890313390314,"{""COMPUTE"": 630, ""MEMORY"": 567, ""API_CREDITS"": 233, ""DATASET"": 248}","{""COMPUTE"": 332, ""MEMORY"": 298, ""API_CREDITS"": 123, ""DATASET"": 131}","{""COMPUTE"": 1.8975903614457832, ""MEMORY"": 1.9026845637583893, ""API_CREDITS"": 1.8943089430894309, ""DATASET"": 1.8931297709923665}",4
dirichlet_0.1__high,dirichlet_0.1,0.1,high,1.9,2652099947,4d3521bcc91c4ce3,0adabf36ec6c9c0a,exact_pending_queue,"[[0.0016417714413702305, 0.1830727490068422, 0.786810592199521, 0.028474887352266463], [0.8381664121148211, 0.15228284643926565, 1.4957142328233344e-05, 0.009535784303584984], [0.5156611397674057, 0.30648220534641424, 0.177845657961949, 1.099692423099629e-05], [1.4718014650156146e-06, 0.0021272878876929953, 0.4973852383582819, 0.5004860019525602], [0.0001011338186022187, 0.0627735804531949, 0.8880667609654644, 0.04905852476273854], [4.504681425964899e-15, 0.9999999961542757, 4.5826001408533894e-20, 3.845719715323377e-09]]","[{""research"": 0, ""code_review"": 2, ""doc_processing"": 6, ""monitoring"": 0}, {""research"": 7, ""code_review"": 1, ""doc_processing"": 0, ""monitoring"": 0}, {""research"": 3, ""code_review"": 3, ""doc_processing"": 2, ""monitoring"": 0}, {""research"": 0, ""code_review"": 0, ""doc_processing"": 4, ""monitoring"": 4}, {""research"": 0, ""code_review"": 1, ""doc_processing"": 6, ""monitoring"": 1}, {""research"": 0, ""code_review"": 8, ""doc_processing"": 0, ""monitoring"": 0}]","[2, 2, 3, 2, 3, 1]",0.0,0.4147832347147496,0.6833333333333333,0.06352869961043037,0.040343792717590775,"{""COMPUTE"": 926, ""MEMORY"": 743, ""API_CREDITS"": 445, ""DATASET"": 120}","{""COMPUTE"": 487, ""MEMORY"": 391, ""API_CREDITS"": 234, ""DATASET"": 63}","{""COMPUTE"": 1.9014373716632444, ""MEMORY"": 1.9002557544757033, ""API_CREDITS"": 1.9017094017094016, ""DATASET"": 1.9047619047619047}",4
dirichlet_0.1__high,dirichlet_0.1,0.1,high,1.9,2677882682,21ab65189f0b295e,b544012266e4c2a4,exact_pending_queue,"[[0.9996119436238748, 0.00016071394398123106, 5.043017040888927e-18, 0.0002273424321438954], [0.5942607682185705, 6.532122075761121e-09, 0.39640184871807027, 0.009337376531237314], [2.7366330940857805e-06, 1.2259987811795723e-07, 0.9937822454522817, 0.0062148953147461335], [0.003985939671948043, 0.00042767212310835265, 6.529682033934053e-07, 0.9955857352367403], [0.5912043742222738, 0.04036597532261436, 0.012584064746498053, 0.3558455857086138], [0.9992397400184374, 1.7706840605437484e-05, 6.113996421927232e-06, 0.0007364391445353634]]","[{""research"": 8, ""code_review"": 0, ""doc_processing"": 0, ""monitoring"": 0}, {""research"": 6, ""code_review"": 0, ""doc_processing"": 2, ""monitoring"": 0}, {""research"": 0, ""code_review"": 0, ""doc_processing"": 8, ""monitoring"": 0}, {""research"": 0, ""code_review"": 0, ""doc_processing"": 0, ""monitoring"": 8}, {""research"": 3, ""code_review"": 0, ""doc_processing"": 0, ""monitoring"": 5}, {""research"": 8, ""code_review"": 0, ""doc_processing"": 0, ""monitoring"": 0}]","[1, 2, 1, 1, 2, 1]",0.0,0.14714267728200817,0.7,0.12571616201057823,0.08014693991851352,"{""COMPUTE"": 1174, ""MEMORY"": 1002, ""API_CREDITS"": 538, ""DATASET"": 304}","{""COMPUTE"": 618, ""MEMORY"": 527, ""API_CREDITS"": 283, ""DATASET"": 160}","{""COMPUTE"": 1.8996763754045307, ""MEMORY"": 1.9013282732447818, ""API_CREDITS"": 1.901060070671378, ""DATASET"": 1.9}",4
dirichlet_0.1__high,dirichlet_0.1,0.1,high,1.9,2714253060,ea0f3af753f4b4a4,b75fa4cc8c42eca9,exact_pending_queue,"[[0.38374908557086507, 0.6161980540487021, 5.284214379697824e-05, 1.8236636001913768e-08], [0.02617706997310277, 0.9679832593767669, 0.005839670650124231, 6.230147431865963e-15], [2.7726657808913976e-16, 0.9022434635913459, 0.0931958382535568, 0.004560698155096897], [0.11177537550941143, 0.40387096961873015, 0.05453974810454666, 0.4298139067673119], [0.18759112854252494, 4.41071150772634e-11, 0.00016462662032275366, 0.8122442447930452], [0.5880525122240121, 0.07828896255714596, 0.29164819229996036, 0.042010332918881704]]","[{""research"": 3, ""code_review"": 5, ""doc_processing"": 0, ""monitoring"": 0}, {""research"": 0, ""code_review"": 8, ""doc_processing"": 0, ""monitoring"": 0}, {""research"": 0, ""code_review"": 6, ""doc_processing"": 1, ""monitoring"": 1}, {""research"": 0, ""code_review"": 3, ""doc_processing"": 1, ""monitoring"": 4}, {""research"": 1, ""code_review"": 0, ""doc_processing"": 0, ""monitoring"": 7}, {""research"": 7, ""code_review"": 0, ""doc_processing"": 1, ""monitoring"": 0}]","[2, 1, 3, 3, 2, 2]",0.0,0.3757066730010714,0.675,0.10607358624829887,0.06751815932504186,"{""COMPUTE"": 756, ""MEMORY"": 651, ""API_CREDITS"": 361, ""DATASET"": 184}","{""COMPUTE"": 398, ""MEMORY"": 343, ""API_CREDITS"": 190, ""DATASET"": 97}","{""COMPUTE"": 1.899497487437186, ""MEMORY"": 1.8979591836734695, ""API_CREDITS"": 1.9, ""DATASET"": 1.8969072164948453}",4
dirichlet_0.1__high,dirichlet_0.1,0.1,high,1.9,2730197715,682e1807f37b52f8,00c6e036513f84e1,exact_pending_queue,"[[0.03707270024908438, 5.637151015368063e-05, 2.05351189459226e-06, 0.9628688747288674], [1.7542002188656832e-08, 0.9950522471888724, 0.0037291673043194275, 0.0012185679648059873], [0.2055718666359388, 0.7944252847293294, 1.7749572455510446e-08, 2.8308851593666394e-06], [0.00038133803012744085, 0.3413104223644881, 0.08559028975904517, 0.5727179498463392], [4.777870954041734e-09, 8.011562450562092e-06, 0.9998477053850908, 0.00014427827458776807], [0.6858251448154135, 2.3789941059497464e-06, 0.014932831292058982, 0.29923964489842136]]","[{""research"": 0, ""code_review"": 0, ""doc_processing"": 0, ""monitoring"": 8}, {""research"": 0, ""code_review"": 8, ""doc_processing"": 0, ""monitoring"": 0}, {""research"": 2, ""code_review"": 6, ""doc_processing"": 0, ""monitoring"": 0}, {""research"": 0, ""code_review"": 4, ""doc_processing"": 0, ""monitoring"": 4}, {""research"": 0, ""code_review"": 0, ""doc_processing"": 8, ""monitoring"": 0}, {""research"": 5, ""code_review"": 0, ""doc_processing"": 0, ""monitoring"": 3}]","[1, 1, 2, 2, 1, 2]",0.0,0.23047601061534148,0.7833333333333333,0.14904910404910407,0.09425018081268083,"{""COMPUTE"": 714, ""MEMORY"": 610, ""API_CREDITS"": 322, ""DATASET"": 176}","{""COMPUTE"": 376, ""MEMORY"": 321, ""API_CREDITS"": 169, ""DATASET"": 93}","{""COMPUTE"": 1.898936170212766, ""MEMORY"": 1.9003115264797508, ""API_CREDITS"": 1.9053254437869822, ""DATASET"": 1.89247311827957}",4
dirichlet_0.1__high,dirichlet_0.1,0.1,high,1.9,2735928750,ce1765d745e91514,d7453cdf01072a40,exact_pending_queue,"[[0.2909844418474882, 0.13391771363131336, 3.0624643158240668e-09, 0.5750978414587342], [0.986724144173469, 0.013275808969760173, 4.5345150884198895e-08, 1.5116200459700048e-09], [0.5670899280293977, 0.010132822021724332, 0.16733064558671934, 0.2554466043621587], [0.12185603390396822, 2.6646397797690956e-06, 0.876223120409902, 0.0019181810463501099], [0.0006595836769103415, 0.005997154759403841, 0.9755570975252873, 0.017786164038398767], [1.208834423089445e-06, 1.707202027536622e-14, 0.9867727755147787, 0.013226015650781226]]","[{""research"": 4, ""code_review"": 0, ""doc_processing"": 0, ""monitoring"": 4}, {""research"": 8, ""code_review"": 0, ""doc_processing"": 0, ""monitoring"": 0}, {""research"": 5, ""code_review"": 0, ""doc_processing"": 1, ""monitoring"": 2}, {""research"": 1, ""code_review"": 0, ""doc_processing"": 7, ""monitoring"": 0}, {""research"": 0, ""code_review"": 0, ""doc_processing"": 8, ""monitoring"": 0}, {""research"": 0, ""code_review"": 0, ""doc_processing"": 8, ""monitoring"": 0}]","[2, 1, 3, 2, 1, 1]",0.0,0.2368632819912496,0.6416666666666667,0.07288457230363884,0.05304249323200002,"{""COMPUTE"": 1188, ""MEMORY"": 960, ""API_CREDITS"": 552, ""DATASET"": 192}","{""COMPUTE"": 625, ""MEMORY"": 505, ""API_CREDITS"": 291, ""DATASET"": 101}","{""COMPUTE"": 1.9008, ""MEMORY"": 1.900990099009901, ""API_CREDITS"": 1.8969072164948453, ""DATASET"": 1.900990099009901}",4
dirichlet_0.1__high,dirichlet_0.1,0.1,high,1.9,2736850591,158af3776ad2d09f,1d059a7799867692,exact_pending_queue,"[[9.190520528795063e-05, 0.3512762572651266, 1.8615785287380382e-08, 0.6486318189138002], [6.175381619079046e-06, 0.999438363022318, 0.0004093408011387625, 0.00014612079492402726], [0.43687470769811093, 0.4985663711343005, 0.06346384888269256, 0.0010950722848959448], [0.0001489719098440303, 4.5574689926568863e-07, 0.9998505718601747, 4.830820036291629e-10], [0.45494456024280455, 0.5449905481731833, 4.760814244055895e-08, 6.48439758696846e-05], [0.568032530267587, 0.06444446727099847, 0.3675230024613329, 8.163030384037969e-14]]","[{""research"": 0, ""code_review"": 2, ""doc_processing"": 0, ""monitoring"": 6}, {""research"": 0, ""code_review"": 8, ""doc_processing"": 0, ""monitoring"": 0}, {""research"": 4, ""code_review"": 4, ""doc_processing"": 0, ""monitoring"": 0}, {""research"": 0, ""code_review"": 0, ""doc_processing"": 8, ""monitoring"": 0}, {""research"": 5, ""code_review"": 3, ""doc_processing"": 0, ""monitoring"": 0}, {""research"": 6, ""code_review"": 0, ""doc_processing"": 2, ""monitoring"": 0}]","[2, 1, 2, 1, 2, 2]",0.0,0.2980825209869359,0.7416666666666667,0.1017800469546793,0.058503479516806726,"{""COMPUTE"": 948, ""MEMORY"": 785, ""API_CREDITS"": 463, ""DATASET"": 168}","{""COMPUTE"": 499, ""MEMORY"": 413, ""API_CREDITS"": 244, ""DATASET"": 88}","{""COMPUTE"": 1.8997995991983967, ""MEMORY"": 1.900726392251816, ""API_CREDITS"": 1.8975409836065573, ""DATASET"": 1.9090909090909092}",4
dirichlet_0.1__high,dirichlet_0.1,0.1,high,1.9,2792985194,5c885970dd6aed12,119ad8f4432b3d22,exact_pending_queue,"[[0.0006229198372515583, 0.2061402658164108, 2.8049139450914737e-06, 0.7932340094323925], [0.9073457479345567, 9.638061726642571e-07, 0.010658652472067603, 0.08199463578720301], [1.1643882760832825e-06, 6.471204079999952e-06, 0.7860924514771236, 0.21389991293052024], [0.8342494163006474, 0.16575057696181766, 6.737534882694462e-09, 9.655526445897915e-20], [0.9628458733367352, 0.0030434610554164114, 0.0336166842305387, 0.0004939813773096926], [0.0037706418549060664, 1.3048065085774136e-05, 0.019433371860611757, 0.9767829382193963]]","[{""research"": 0, ""code_review"": 2, ""doc_processing"": 0, ""monitoring"": 6}, {""research"": 6, ""code_review"": 0, ""doc_processing"": 0, ""monitoring"": 2}, {""research"": 0, ""code_review"": 0, ""doc_processing"": 7, ""monitoring"": 1}, {""research"": 6, ""code_review"": 2, ""doc_processing"": 0, ""monitoring"": 0}, {""research"": 8, ""code_review"": 0, ""doc_processing"": 0, ""monitoring"": 0}, {""research"": 0, ""code_review"": 0, ""doc_processing"": 1, ""monitoring"": 7}]","[2, 2, 2, 2, 1, 2]",0.0,0.29341360498138264,0.7166666666666667,0.11265789417460739,0.07771043301914017,"{""COMPUTE"": 1024, ""MEMORY"": 884, ""API_CREDITS"": 460, ""DATASET"": 288}","{""COMPUTE"": 539, ""MEMORY"": 465, ""API_CREDITS"": 242, ""DATASET"": 152}","{""COMPUTE"": 1.8998144712430427, ""MEMORY"": 1.9010752688172043, ""API_CREDITS"": 1.9008264462809918, ""DATASET"": 1.894736842105263}",4
dirichlet_0.1__high,dirichlet_0.1,0.1,high,1.9,2810498306,94c62ef9252e78f5,dd287d9ed2e33677,exact_pending_queue,"[[0.7513603762160819, 2.887722630769026e-05, 3.6111004067088834e-07, 0.24861038544756983], [0.10490540848395084, 2.041195466934828e-15, 0.004625289535431556, 0.8904693019806156], [0.3142723984661098, 0.0171267548985585, 0.05528534509719913, 0.6133155015381325], [0.10526961472676324, 0.8935182466969306, 0.0012121385763061863, 3.737458291348391e-18], [0.13799868130109025, 0.8617622854484519, 1.3230128927815914e-06, 0.00023771023756517662], [1.5393173577724243e-10, 1.6305005291140624e-05, 0.008393985534959111, 0.9915897093058181]]","[{""research"": 5, ""code_review"": 0, ""doc_processing"": 0, ""monitoring"": 3}, {""research"": 0, ""code_review"": 0, ""doc_processing"": 0, ""monitoring"": 8}, {""research"": 4, ""code_review"": 0, ""doc_processing"": 0, ""monitoring"": 4}, {""research"": 1, ""code_review"": 7, ""doc_processing"": 0, ""monitoring"": 0}, {""research"": 0, ""code_review"": 8, ""doc_processing"": 0, ""monitoring"": 0}, {""research"": 0, ""code_review"": 0, ""doc_processing"": 0, ""monitoring"": 8}]","[2, 1, 2, 2, 1, 1]",0.0,0.20816653717704678,0.6833333333333333,0.16632891024338392,0.10994304065850118,"{""COMPUTE"": 674, ""MEMORY"": 617, ""API_CREDITS"": 283, ""DATASET"": 264}","{""COMPUTE"": 355, ""MEMORY"": 325, ""API_CREDITS"": 149, ""DATASET"": 139}","{""COMPUTE"": 1.8985915492957746, ""MEMORY"": 1.8984615384615384, ""API_CREDITS"": 1.8993288590604027, ""DATASET"": 1.8992805755395683}",4
dirichlet_0.1__high,dirichlet_0.1,0.1,high,1.9,2817000645,d1be6b8e8b2c2a06,b84519bfc0106e58,exact_pending_queue,"[[0.01059471438577827, 0.8052671225340887, 0.18413785427440096, 3.088057320927331e-07], [0.7498160708200059, 0.05280905155762378, 0.19737487762236075, 9.499751936143244e-15], [4.4626725465548253e-05, 0.9409717199608296, 0.05898362899970843, 2.4313996360061233e-08], [0.7907893541174189, 3.4559429739753624e-06, 0.10375511548207163, 0.10545207445753542], [0.3633393958235698, 1.1856192292244437e-06, 0.017050096612149564, 0.6196093219450514], [0.004132400426617382, 0.0274814020625552, 0.002178487842166414, 0.966207709668661]]","[{""research"": 0, ""code_review"": 8, ""doc_processing"": 0, ""monitoring"": 0}, {""research"": 8, ""code_review"": 0, ""doc_processing"": 0, ""monitoring"": 0}, {""research"": 0, ""code_review"": 8, ""doc_processing"": 0, ""monitoring"": 0}, {""research"": 6, ""code_review"": 0, ""doc_processing"": 0, ""monitoring"": 2}, {""research"": 3, ""code_review"": 0, ""doc_processing"": 0, ""monitoring"": 5}, {""research"": 0, ""code_review"": 0, ""doc_processing"": 0, ""monitoring"": 8}]","[1, 1, 1, 2, 2, 1]",0.0,0.14714267728200817,0.7583333333333333,0.1418698741987732,0.0860128492326987,"{""COMPUTE"": 858, ""MEMORY"": 756, ""API_CREDITS"": 400, ""DATASET"": 256}","{""COMPUTE"": 452, ""MEMORY"": 398, ""API_CREDITS"": 211, ""DATASET"": 135}","{""COMPUTE"": 1.8982300884955752, ""MEMORY"": 1.899497487437186, ""API_CREDITS"": 1.8957345971563981, ""DATASET"": 1.8962962962962964}",4
dirichlet_0.1__high,dirichlet_0.1,0.1,high,1.9,2825972968,eeb589c88892dd3f,17c93b5083a3c8ce,exact_pending_queue,"[[0.9967824120805027, 0.0023840865584892888, 0.0008335013609158987, 9.2101761628667e-14], [0.02430295149792863, 0.005107876920522292, 0.9705885811899148, 5.903916344967413e-07], [0.8490249530099827, 0.07812870208230645, 0.07276838262856024, 7.796227915063774e-05], [0.009649873957995492, 0.6522992611083378, 0.15901826120215817, 0.17903260373150856], [0.731614729209614, 0.14098339962216758, 0.12740131433441432, 5.568338041754335e-07], [0.8430719576950064, 0.14013477821073425, 4.222727509251336e-06, 0.01678904136674998]]","[{""research"": 8, ""code_review"": 0, ""doc_processing"": 0, ""monitoring"": 0}, {""research"": 0, ""code_review"": 0, ""doc_processing"": 8, ""monitoring"": 0}, {""research"": 7, ""code_review"": 1, ""doc_processing"": 0, ""monitoring"": 0}, {""research"": 0, ""code_review"": 5, ""doc_processing"": 3, ""monitoring"": 0}, {""research"": 6, ""code_review"": 0, ""doc_processing"": 2, ""monitoring"": 0}, {""research"": 7, ""code_review"": 1, ""doc_processing"": 0, ""monitoring"": 0}]","[1, 1, 2, 2, 2, 2]",0.0,0.23773675114860757,0.5916666666666667,0.04977078477078476,0.03809246309246309,"{""COMPUTE"": 1308, ""MEMORY"": 1076, ""API_CREDITS"": 648, ""DATASET"": 224}","{""COMPUTE"": 688, ""MEMORY"": 566, ""API_CREDITS"": 341, ""DATASET"": 118}","{""COMPUTE"": 1.9011627906976745, ""MEMORY"": 1.901060070671378, ""API_CREDITS"": 1.900293255131965, ""DATASET"": 1.8983050847457628}",4
dirichlet_0.1__high,dirichlet_0.1,0.1,high,1.9,2843249206,973a4295be56be33,2efef758f591fa3b,exact_pending_queue,"[[0.9695711932587375, 0.029233955544089203, 0.0011948511971731366, 1.1136366547615576e-16], [0.001665372532838046, 0.9950005295267376, 0.003256501147178178, 7.75967932462786e-05], [0.9292368583866342, 1.170421737407412e-05, 0.06714201728955653, 0.003609420106435396], [8.21393354533904e-06, 0.953705557441972, 0.046286226862403156, 1.7620794310825027e-09], [0.8303774188125631, 0.01859173594606827, 2.8725013640898886e-05, 0.1510021202277278], [0.7995517603913649, 4.972988163400191e-08, 0.0004955371918448838, 0.1999526526869087]]","[{""research"": 7, ""code_review"": 1, ""doc_processing"": 0, ""monitoring"": 0}, {""research"": 0, ""code_review"": 8, ""doc_processing"": 0, ""monitoring"": 0}, {""research"": 8, ""code_review"": 0, ""doc_processing"": 0, ""monitoring"": 0}, {""research"": 0, ""code_review"": 8, ""doc_processing"": 0, ""monitoring"": 0}, {""research"": 8, ""code_review"": 0, ""doc_processing"": 0, ""monitoring"": 0}, {""research"": 7, ""code_review"": 0, ""doc_processing"": 0, ""monitoring"": 1}]","[2, 1, 1, 1, 1, 2]",0.0,0.0905940738665994,0.5583333333333333,0.05176363518361182,0.0410007394820479,"{""COMPUTE"": 1198, ""MEMORY"": 1015, ""API_CREDITS"": 613, ""DATASET"": 248}","{""COMPUTE"": 631, ""MEMORY"": 534, ""API_CREDITS"": 323, ""DATASET"": 131}","{""COMPUTE"": 1.8985736925515055, ""MEMORY"": 1.900749063670412, ""API_CREDITS"": 1.8978328173374612, ""DATASET"": 1.8931297709923665}",4
dirichlet_0.1__high,dirichlet_0.1,0.1,high,1.9,2870079691,b1d72667ddd3e453,6892c288d46dea43,exact_pending_queue,"[[0.8001031967342964, 4.739901895184055e-11, 0.02401738268495979, 0.17587942053334474], [0.8527609099485797, 1.295826902010754e-08, 0.14723907696203925, 1.311119838134182e-10], [2.0377270957400507e-06, 5.737348932796502e-10, 0.9999979437434054, 1.795576397222373e-08], [0.002129558536321158, 0.06310599659744638, 7.521126415098145e-05, 0.9346892336020813], [0.004759470920453624, 0.992188888520854, 0.003051512129752426, 1.2842894007358536e-07], [0.4513604806157436, 0.04332240312976172, 0.27113760811924703, 0.23417950813524774]]","[{""research"": 8, ""code_review"": 0, ""doc_processing"": 0, ""monitoring"": 0}, {""research"": 7, ""code_review"": 0, ""doc_processing"": 1, ""monitoring"": 0}, {""research"": 0, ""code_review"": 0, ""doc_processing"": 8, ""monitoring"": 0}, {""research"": 0, ""code_review"": 0, ""doc_processing"": 0, ""monitoring"": 8}, {""research"": 0, ""code_review"": 8, ""doc_processing"": 0, ""monitoring"": 0}, {""research"": 3, ""code_review"": 1, ""doc_processing"": 2, ""monitoring"": 2}]","[1, 2, 1, 1, 1, 4]",0.16666666666666666,0.2041002921190969,0.8333333333333334,0.1300621424557536,0.0758316067603677,"{""COMPUTE"": 1024, ""MEMORY"": 860, ""API_CREDITS"": 480, ""DATASET"": 224}","{""COMPUTE"": 539, ""MEMORY"": 453, ""API_CREDITS"": 253, ""DATASET"": 118}","{""COMPUTE"": 1.8998144712430427, ""MEMORY"": 1.8984547461368653, ""API_CREDITS"": 1.8972332015810276, ""DATASET"": 1.8983050847457628}",4
dirichlet_0.1__high,dirichlet_0.1,0.1,high,1.9,2882304442,84a0163605792ae5,f9b81934430ec5c5,exact_pending_queue,"[[1.2497981373787584e-05, 1.8873487822208482e-08, 0.17296951842565095, 0.8270179647194875], [3.946639731276413e-11, 0.43684459454093993, 0.2777352231459715, 0.2854201822736222], [0.10875955923882759, 0.00010443356148804983, 6.553368071609547e-07, 0.8911353518628773], [0.931413213415775, 0.00029758577983871114, 0.06777535382844443, 0.0005138469759419251], [0.01930656660759846, 0.09604862083864749, 3.434742320349301e-05, 0.8846104651305505], [0.0033009882824680597, 0.0007861232928212693, 0.9959128884247107, 8.887329842398349e-21]]","[{""research"": 0, ""code_review"": 0, ""doc_processing"": 3, ""monitoring"": 5}, {""research"": 0, ""code_review"": 3, ""doc_processing"": 3, ""monitoring"": 2}, {""research"": 0, ""code_review"": 0, ""doc_processing"": 0, ""monitoring"": 8}, {""research"": 8, ""code_review"": 0, ""doc_processing"": 0, ""monitoring"": 0}, {""research"": 0, ""code_review"": 0, ""doc_processing"": 0, ""monitoring"": 8}, {""research"": 0, ""code_review"": 0, ""doc_processing"": 8, ""monitoring"": 0}]","[2, 3, 1, 1, 1, 1]",0.0,0.20964267728200817,0.725,0.16397719770636207,0.1098634370062358,"{""COMPUTE"": 794, ""MEMORY"": 687, ""API_CREDITS"": 317, ""DATASET"": 248}","{""COMPUTE"": 418, ""MEMORY"": 362, ""API_CREDITS"": 167, ""DATASET"": 131}","{""COMPUTE"": 1.8995215311004785, ""MEMORY"": 1.8977900552486189, ""API_CREDITS"": 1.8982035928143712, ""DATASET"": 1.8931297709923665}",4
dirichlet_0.1__high,dirichlet_0.1,0.1,high,1.9,2891712906,2eee45d4bdea6dd8,5000a0428f14c6f7,exact_pending_queue,"[[0.9721300727063742, 0.00728555617476073, 0.008728317215634137, 0.011856053903230879], [3.677789029820965e-10, 0.9968139786696742, 0.0018334071696664534, 0.0013526137928804591], [0.03745554567565147, 0.8842204076717204, 2.3784965633264527e-07, 0.07832380880297185], [0.9895968967030575, 6.618973755471616e-08, 0.010402639853705138, 3.97253499817033e-07], [0.5419856607385886, 2.9942707209268463e-06, 0.0032623654951750036, 0.4547489794955155], [0.48183822786800107, 0.5168469721233209, 0.001301463103445433, 1.3336905232693496e-05]]","[{""research"": 8, ""code_review"": 0, ""doc_processing"": 0, ""monitoring"": 0}, {""research"": 0, ""code_review"": 8, ""doc_processing"": 0, ""monitoring"": 0}, {""research"": 2, ""code_review"": 6, ""doc_processing"": 0, ""monitoring"": 0}, {""research"": 8, ""code_review"": 0, ""doc_processing"": 0, ""monitoring"": 0}, {""research"": 8, ""code_review"": 0, ""doc_processing"": 0, ""monitoring"": 0}, {""research"": 7, ""code_review"": 1, ""doc_processing"": 0, ""monitoring"": 0}]","[1, 1, 2, 1, 1, 2]",0.0,0.1129035473048941,0.49166666666666664,0.03871212121212122,0.02891414141414142,"{""COMPUTE"": 1272, ""MEMORY"": 1077, ""API_CREDITS"": 651, ""DATASET"": 264}","{""COMPUTE"": 669, ""MEMORY"": 567, ""API_CREDITS"": 343, ""DATASET"": 139}","{""COMPUTE"": 1.9013452914798206, ""MEMORY"": 1.8994708994708995, ""API_CREDITS"": 1.8979591836734695, ""DATASET"": 1.8992805755395683}",4
dirichlet_0.1__high,dirichlet_0.1,0.1,high,1.9,2905932246,6933d467eb1b255f,295f266e1387a3dd,exact_pending_queue,"[[0.9999996033038853, 3.672013984264987e-07, 2.9408101000634666e-08, 8.661532808940177e-11], [0.007343460912268899, 3.343516467930338e-12, 0.0010546218183529132, 0.9916019172660347], [0.0021073982018015255, 0.9965518386675347, 5.0316412455187965e-06, 0.0013357314894182446], [0.2336330071586879, 0.7663668168603833, 2.6734006963996933e-08, 1.4924692178809999e-07], [0.949805890701954, 0.013915923907771088, 0.026970043172715282, 0.009308142217559786], [0.0005860756474486352, 1.813629041299282e-05, 0.07834072687925744, 0.9210550611828809]]","[{""research"": 8, ""code_review"": 0, ""doc_processing"": 0, ""monitoring"": 0}, {""research"": 0, ""code_review"": 0, ""doc_processing"": 0, ""monitoring"": 8}, {""research"": 0, ""code_review"": 8, ""doc_processing"": 0, ""monitoring"": 0}, {""research"": 2, ""code_review"": 6, ""doc_processing"": 0, ""monitoring"": 0}, {""research"": 8, ""code_review"": 0, ""doc_processing"": 0, ""monitoring"": 0}, {""research"": 0, ""code_review"": 0, ""doc_processing"": 0, ""monitoring"": 8}]","[1, 1, 1, 2, 1, 1]",0.0,0.0676065103715944,0.7833333333333333,0.16222804972804974,0.11776579901579902,"{""COMPUTE"": 880, ""MEMORY"": 778, ""API_CREDITS"": 406, ""DATASET"": 272}","{""COMPUTE"": 463, ""MEMORY"": 409, ""API_CREDITS"": 214, ""DATASET"": 143}","{""COMPUTE"": 1.900647948164147, ""MEMORY"": 1.902200488997555, ""API_CREDITS"": 1.897196261682243, ""DATASET"": 1.902097902097902}",4
dirichlet_0.1__high,dirichlet_0.1,0.1,high,1.9,2942686094,9e293251f4f6733a,2349f22cef8b6b6a,exact_pending_queue,"[[0.8763567075314072, 0.06001744240959782, 0.02972311641419166, 0.033902733644803576], [0.006821418951453657, 0.41726473182261437, 0.5759138492259319, 4.730444469295269e-20], [0.00011782332928239254, 0.41145380818881233, 0.5884258634610141, 2.5050208912771625e-06], [0.019382859665232663, 0.9806124369354823, 2.0371809306628532e-14, 4.703399264684612e-06], [0.002651503234111286, 0.40066445520364274, 0.160462928995328, 0.43622111256691803], [0.06053999355061129, 0.005676464439165795, 0.9337835343956412, 7.61458166617892e-09]]","[{""research"": 7, ""code_review"": 1, ""doc_processing"": 0, ""monitoring"": 0}, {""research"": 0, ""code_review"": 3, ""doc_processing"": 5, ""monitoring"": 0}, {""research"": 0, ""code_review"": 5, ""doc_processing"": 3, ""monitoring"": 0}, {""research"": 0, ""code_review"": 8, ""doc_processing"": 0, ""monitoring"": 0}, {""research"": 0, ""code_review"": 3, ""doc_processing"": 1, ""monitoring"": 4}, {""research"": 1, ""code_review"": 0, ""doc_processing"": 7, ""monitoring"": 0}]","[2, 2, 2, 1, 3, 2]",0.0,0.3668029962065575,0.675,0.0749787967535609,0.05084723158131179,"{""COMPUTE"": 856, ""MEMORY"": 684, ""API_CREDITS"": 420, ""DATASET"": 96}","{""COMPUTE"": 451, ""MEMORY"": 360, ""API_CREDITS"": 221, ""DATASET"": 51}","{""COMPUTE"": 1.8980044345898004, ""MEMORY"": 1.9, ""API_CREDITS"": 1.9004524886877827, ""DATASET"": 1.8823529411764706}",4
dirichlet_0.1__high,dirichlet_0.1,0.1,high,1.9,2956068456,41790403d2b10ba2,c8b4b4f5c217773a,exact_pending_queue,"[[2.4392991160678505e-05, 2.9136241841733686e-07, 0.3720299377611269, 0.627945377885294], [0.2021701340218667, 0.7549293983007405, 8.701417382577342e-10, 0.04290046680725136], [0.11146511619912992, 0.7596620625806833, 0.04938309816930422, 0.07948972305088259], [0.9711910670450236, 0.017125898176177403, 1.0072351066385774e-10, 0.011683034678075405], [0.040803681531798044, 1.4341868121788201e-05, 0.3109444017517521, 0.648237574848328], [0.003969247359708403, 0.9960293380376835, 1.267663097595205e-06, 1.4693951032964128e-07]]","[{""research"": 0, ""code_review"": 0, ""doc_processing"": 2, ""monitoring"": 6}, {""research"": 0, ""code_review"": 7, ""doc_processing"": 0, ""monitoring"": 1}, {""research"": 0, ""code_review"": 8, ""doc_processing"": 0, ""monitoring"": 0}, {""research"": 8, ""code_review"": 0, ""doc_processing"": 0, ""monitoring"": 0}, {""research"": 0, ""code_review"": 0, ""doc_processing"": 3, ""monitoring"": 5}, {""research"": 0, ""code_review"": 8, ""doc_processing"": 0, ""monitoring"": 0}]","[2, 2, 1, 1, 2, 1]",0.0,0.19243971421530784,0.7416666666666667,0.10040088561421996,0.06710846890224571,"{""COMPUTE"": 708, ""MEMORY"": 604, ""API_CREDITS"": 336, ""DATASET"": 160}","{""COMPUTE"": 373, ""MEMORY"": 318, ""API_CREDITS"": 177, ""DATASET"": 84}","{""COMPUTE"": 1.8981233243967828, ""MEMORY"": 1.89937106918239, ""API_CREDITS"": 1.8983050847457628, ""DATASET"": 1.9047619047619047}",4
dirichlet_0.1__high,dirichlet_0.1,0.1,high,1.9,2976004693,592d8ccfa0707379,6d3eb0aa70429510,exact_pending_queue,"[[0.8364135798055514, 2.513529747741019e-06, 0.036065578567974134, 0.12751832809672659], [3.519227357545048e-22, 1.6181816314099832e-13, 0.999969304791586, 3.0695208252222186e-05], [2.4489265476769985e-07, 1.9342572236066023e-08, 3.347455062083948e-11, 0.9999997357312984], [0.018604030892219205, 1.6541239617395504e-17, 0.8670947841284472, 0.11430118497933366], [0.004116263434982143, 0.9925778156460173, 0.0033045478735482907, 1.3730454521294312e-06], [0.005138535320208204, 0.7569263068408764, 4.1865378264309286e-18, 0.23793515783891547]]","[{""research"": 8, ""code_review"": 0, ""doc_processing"": 0, ""monitoring"": 0}, {""research"": 0, ""code_review"": 0, ""doc_processing"": 8, ""monitoring"": 0}, {""research"": 0, ""code_review"": 0, ""doc_processing"": 0, ""monitoring"": 8}, {""research"": 0, ""code_review"": 0, ""doc_processing"": 6, ""monitoring"": 2}, {""research"": 0, ""code_review"": 7, ""doc_processing"": 1, ""monitoring"": 0}, {""research"": 0, ""code_review"": 6, ""doc_processing"": 0, ""monitoring"": 2}]","[1, 1, 1, 2, 2, 2]",0.0,0.1805100576764885,0.8333333333333334,0.1323056593784885,0.08180472245014729,"{""COMPUTE"": 828, ""MEMORY"": 684, ""API_CREDITS"": 376, ""DATASET"": 160}","{""COMPUTE"": 436, ""MEMORY"": 360, ""API_CREDITS"": 198, ""DATASET"": 84}","{""COMPUTE"": 1.8990825688073394, ""MEMORY"": 1.9, ""API_CREDITS"": 1.898989898989899, ""DATASET"": 1.9047619047619047}",4
dirichlet_0.1__high,dirichlet_0.1,0.1,high,1.9,3043575286,8d22b806e73a4d4b,2a8da27994a12e29,exact_pending_queue,"[[0.08609129397881446, 0.0020265382304125203, 0.911657212151683, 0.00022495563908997204], [0.8943138326608514, 4.991648985870648e-06, 0.1056811754433196, 2.4684309110125984e-10], [0.9930452788758539, 0.006954721034315064, 5.459489859154313e-11, 3.523613819696929e-11], [0.1591214348922519, 9.721041459924433e-06, 0.8408348652930263, 3.3978773261737585e-05], [0.8780451593102745, 0.09713661654425283, 0.024818201772049707, 2.2373423070121127e-08], [4.53213785862148e-08, 0.002410708307899063, 0.9974753313343693, 0.0001139150363530783]]","[{""research"": 0, ""code_review"": 0, ""doc_processing"": 8, ""monitoring"": 0}, {""research"": 7, ""code_review"": 0, ""doc_processing"": 1, ""monitoring"": 0}, {""research"": 8, ""code_review"": 0, ""doc_processing"": 0, ""monitoring"": 0}, {""research"": 1, ""code_review"": 0, ""doc_processing"": 7, ""monitoring"": 0}, {""research"": 6, ""code_review"": 2, ""doc_processing"": 0, ""monitoring"": 0}, {""research"": 0, ""code_review"": 0, ""doc_processing"": 8, ""monitoring"": 0}]","[1, 2, 1, 2, 2, 1]",0.0,0.1582005842381938,0.6083333333333333,0.051646685847640615,0.03995197485195212,"{""COMPUTE"": 1296, ""MEMORY"": 1038, ""API_CREDITS"": 626, ""DATASET"": 176}","{""COMPUTE"": 682, ""MEMORY"": 546, ""API_CREDITS"": 329, ""DATASET"": 93}","{""COMPUTE"": 1.900293255131965, ""MEMORY"": 1.901098901098901, ""API_CREDITS"": 1.9027355623100304, ""DATASET"": 1.89247311827957}",4
dirichlet_0.1__high,dirichlet_0.1,0.1,high,1.9,3053626668,5d54b51dccbfad43,8b33985f3e60bfcb,exact_pending_queue,"[[4.2864422734471994e-11, 0.9647505732945841, 1.1764525474091162e-05, 0.03523766213707733], [0.9914121035409091, 5.02334687783948e-05, 3.39822017751282e-07, 0.008537323168294777], [0.9353111353668513, 0.05749562901438269, 0.0013624619190884793, 0.005830773699677551], [0.004844785410333765, 0.00011079070036365638, 1.160021579410257e-07, 0.9950443078871446], [6.089842774972522e-06, 0.0409757796973092, 0.004862840052512596, 0.9541552904074032], [0.19972546010797643, 0.32792059634345805, 0.3335965970212338, 0.13875734652733193]]","[{""research"": 0, ""code_review"": 8, ""doc_processing"": 0, ""monitoring"": 0}, {""research"": 8, ""code_review"": 0, ""doc_processing"": 0, ""monitoring"": 0}, {""research"": 6, ""code_review"": 2, ""doc_processing"": 0, ""monitoring"": 0}, {""research"": 0, ""code_review"": 0, ""doc_processing"": 0, ""monitoring"": 8}, {""research"": 0, ""code_review"": 0, ""doc_processing"": 0, ""monitoring"": 8}, {""research"": 0, ""code_review"": 5, ""doc_processing"": 3, ""monitoring"": 0}]","[1, 1, 2, 1, 1, 2]",0.0,0.14714267728200817,0.8083333333333333,0.17392838642838637,0.12389655097988429,"{""COMPUTE"": 820, ""MEMORY"": 718, ""API_CREDITS"": 374, ""DATASET"": 240}","{""COMPUTE"": 432, ""MEMORY"": 378, ""API_CREDITS"": 197, ""DATASET"": 126}","{""COMPUTE"": 1.8981481481481481, ""MEMORY"": 1.8994708994708995, ""API_CREDITS"": 1.898477157360406, ""DATASET"": 1.9047619047619047}",4
dirichlet_0.1__high,dirichlet_0.1,0.1,high,1.9,3059548316,d27803f6200d7770,c2ce8470c740d451,exact_pending_queue,"[[0.801924817637128, 7.36346427103969e-07, 2.189994709737062e-05, 0.19805254606934786], [0.9906796314100403, 1.8207933076772578e-15, 3.245380967510884e-11, 0.009320368557503898], [8.093680614485848e-08, 1.6715077555264343e-05, 4.0914114843308366e-07, 0.9999827948444902], [0.9978068164170107, 2.610487284870132e-07, 0.0021929225342607597, 2.6838413081592696e-17], [6.147277492040859e-13, 0.017032147875130157, 0.9829678521051275, 1.9127617336781284e-11], [0.20970702966976615, 4.955137288218803e-08, 0.7900564718798322, 0.0002364488990289581]]","[{""research"": 5, ""code_review"": 0, ""doc_processing"": 0, ""monitoring"": 3}, {""research"": 8, ""code_review"": 0, ""doc_processing"": 0, ""monitoring"": 0}, {""research"": 0, ""code_review"": 0, ""doc_processing"": 0, ""monitoring"": 8}, {""research"": 8, ""code_review"": 0, ""doc_processing"": 0, ""monitoring"": 0}, {""research"": 0, ""code_review"": 0, ""doc_processing"": 8, ""monitoring"": 0}, {""research"": 2, ""code_review"": 0, ""doc_processing"": 6, ""monitoring"": 0}]","[2, 1, 1, 1, 1, 2]",0.0,0.14714267728200817,0.725,0.1256815515436205,0.07747874881495573,"{""COMPUTE"": 1178, ""MEMORY"": 990, ""API_CREDITS"": 542, ""DATASET"": 272}","{""COMPUTE"": 620, ""MEMORY"": 521, ""API_CREDITS"": 285, ""DATASET"": 143}","{""COMPUTE"": 1.9, ""MEMORY"": 1.9001919385796544, ""API_CREDITS"": 1.9017543859649122, ""DATASET"": 1.902097902097902}",4
dirichlet_0.1__high,dirichlet_0.1,0.1,high,1.9,3066518355,e498ab18f6348c60,ca8e6b225990b14f,exact_pending_queue,"[[0.5191403520352234, 0.2989469262829596, 0.01722923263420235, 0.16468348904761473], [0.3305872099136393, 0.6636824137430126, 0.004533154979067553, 0.0011972213642806877], [0.9772847100064251, 0.0035474394633000675, 0.019163880211885274, 3.970318389466439e-06], [0.0073313554041639075, 2.985324851792579e-05, 2.290383214302423e-06, 0.9926365009641039], [0.00011456746404241998, 2.212187663271519e-07, 0.0016240041362604962, 0.9982612071809308], [0.6391221788220283, 0.04470917489743133, 0.23798639703892507, 0.07818224924161535]]","[{""research"": 4, ""code_review"": 2, ""doc_processing"": 0, ""monitoring"": 2}, {""research"": 2, ""code_review"": 6, ""doc_processing"": 0, ""monitoring"": 0}, {""research"": 8, ""code_review"": 0, ""doc_processing"": 0, ""monitoring"": 0}, {""research"": 0, ""code_review"": 0, ""doc_processing"": 0, ""monitoring"": 8}, {""research"": 0, ""code_review"": 0, ""doc_processing"": 0, ""monitoring"": 8}, {""research"": 7, ""code_review"": 0, ""doc_processing"": 1, ""monitoring"": 0}]","[3, 2, 1, 1, 1, 2]",0.0,0.23790354730489413,0.7083333333333334,0.1402037996033891,0.10683003845321255,"{""COMPUTE"": 960, ""MEMORY"": 851, ""API_CREDITS"": 433, ""DATASET"": 312}","{""COMPUTE"": 505, ""MEMORY"": 448, ""API_CREDITS"": 228, ""DATASET"": 164}","{""COMPUTE"": 1.900990099009901, ""MEMORY"": 1.8995535714285714, ""API_CREDITS"": 1.8991228070175439, ""DATASET"": 1.9024390243902438}",4
dirichlet_0.1__high,dirichlet_0.1,0.1,high,1.9,3104103606,b7b49e448ff5c544,6f6e8245b429f843,exact_pending_queue,"[[0.07642290988833732, 7.730726846011745e-10, 0.9218427321415441, 0.0017343571970459286], [0.6669798818855955, 0.03579607074257059, 0.2972240382182947, 9.15353915859556e-09], [0.0001684274229072413, 0.00011073960269278393, 0.9997208259693934, 7.005006517412309e-09], [8.665601911079872e-16, 0.0094997693862354, 0.008485950525507052, 0.9820142800882566], [3.165830417929297e-11, 0.9999786493130157, 7.997525939204013e-08, 2.1270680066523194e-05], [7.964120091095421e-07, 0.9968412663229745, 1.831396926639526e-06, 0.0031561058680896477]]","[{""research"": 1, ""code_review"": 0, ""doc_processing"": 7, ""monitoring"": 0}, {""research"": 6, ""code_review"": 0, ""doc_processing"": 2, ""monitoring"": 0}, {""research"": 0, ""code_review"": 0, ""doc_processing"": 8, ""monitoring"": 0}, {""research"": 0, ""code_review"": 0, ""doc_processing"": 0, ""monitoring"": 8}, {""research"": 0, ""code_review"": 8, ""doc_processing"": 0, ""monitoring"": 0}, {""research"": 0, ""code_review"": 8, ""doc_processing"": 0, ""monitoring"": 0}]","[2, 2, 1, 1, 1, 1]",0.0,0.1129035473048941,0.8333333333333334,0.132865666827931,0.08708776810191905,"{""COMPUTE"": 836, ""MEMORY"": 675, ""API_CREDITS"": 393, ""DATASET"": 120}","{""COMPUTE"": 440, ""MEMORY"": 355, ""API_CREDITS"": 207, ""DATASET"": 63}","{""COMPUTE"": 1.9, ""MEMORY"": 1.9014084507042253, ""API_CREDITS"": 1.8985507246376812, ""DATASET"": 1.9047619047619047}",4
dirichlet_0.1__high,dirichlet_0.1,0.1,high,1.9,3166858978,b307827e1ab6c5ec,fc78dea36ded9e16,exact_pending_queue,"[[0.0030786503999919823, 0.7298338130814187, 0.03880472525191487, 0.22828281126667457], [1.1401261350505824e-06, 0.003242625246842871, 0.0002565774434899276, 0.9964996571835322], [0.039052983607483084, 5.470226744674316e-05, 0.9486752372365937, 0.012217076888476446], [8.58544417102732e-05, 0.10722291321223862, 0.8926912322621591, 8.389200440348459e-11], [1.6914835104379994e-05, 0.9998940248865, 2.014364991825501e-09, 8.905826403057716e-05], [0.07205575436235842, 5.5859722322195e-07, 0.5992822048133151, 0.3286614822271032]]","[{""research"": 0, ""code_review"": 4, ""doc_processing"": 2, ""monitoring"": 2}, {""research"": 0, ""code_review"": 0, ""doc_processing"": 0, ""monitoring"": 8}, {""research"": 0, ""code_review"": 0, ""doc_processing"": 8, ""monitoring"": 0}, {""research"": 0, ""code_review"": 0, ""doc_processing"": 8, ""monitoring"": 0}, {""research"": 0, ""code_review"": 8, ""doc_processing"": 0, ""monitoring"": 0}, {""research"": 0, ""code_review"": 0, ""doc_processing"": 6, ""monitoring"": 2}]","[3, 1, 1, 1, 1, 2]",0.0,0.1926065103715944,0.7,0.13097561176635428,0.08326712217744041,"{""COMPUTE"": 744, ""MEMORY"": 588, ""API_CREDITS"": 324, ""DATASET"": 96}","{""COMPUTE"": 392, ""MEMORY"": 309, ""API_CREDITS"": 171, ""DATASET"": 51}","{""COMPUTE"": 1.8979591836734695, ""MEMORY"": 1.9029126213592233, ""API_CREDITS"": 1.894736842105263, ""DATASET"": 1.8823529411764706}",4
dirichlet_0.1__high,dirichlet_0.1,0.1,high,1.9,3186016859,2e8cc3a03454fe5c,2194b0e777edde5d,exact_pending_queue,"[[1.934932470867132e-18, 5.027933644882429e-05, 0.09629143814394488, 0.9036582825196063], [0.29260611709099804, 0.004968251956858464, 0.3388037037529786, 0.363621927199165], [0.3738158931796471, 0.4109464404758823, 0.21164726424484212, 0.003590402099628444], [1.845427419182697e-06, 0.00011982412047999685, 6.855969987723403e-05, 0.9998097707522235], [0.009510063581152169, 0.0012336271196285561, 1.5660317242861183e-10, 0.9892563091426161], [0.9934729205981634, 2.1082556567630842e-05, 0.0034607151382065257, 0.003045281707062296]]","[{""research"": 0, ""code_review"": 0, ""doc_processing"": 0, ""monitoring"": 8}, {""research"": 4, ""code_review"": 0, ""doc_processing"": 4, ""monitoring"": 0}, {""research"": 6, ""code_review"": 1, ""doc_processing"": 1, ""monitoring"": 0}, {""research"": 0, ""code_review"": 0, ""doc_processing"": 0, ""monitoring"": 8}, {""research"": 0, ""code_review"": 0, ""doc_processing"": 0, ""monitoring"": 8}, {""research"": 8, ""code_review"": 0, ""doc_processing"": 0, ""monitoring"": 0}]","[1, 2, 3, 1, 1, 1]",0.0,0.1717731770382611,0.675,0.15255368161250513,0.12356300562182915,"{""COMPUTE"": 924, ""MEMORY"": 826, ""API_CREDITS"": 386, ""DATASET"": 336}","{""COMPUTE"": 486, ""MEMORY"": 435, ""API_CREDITS"": 203, ""DATASET"": 177}","{""COMPUTE"": 1.9012345679012346, ""MEMORY"": 1.8988505747126436, ""API_CREDITS"": 1.9014778325123152, ""DATASET"": 1.8983050847457628}",4
dirichlet_0.1__high,dirichlet_0.1,0.1,high,1.9,3191323320,3e79e4888d841998,2b10c93e35b59604,exact_pending_queue,"[[0.15084956378054792, 0.8488303392277804, 1.1283396131565093e-05, 0.00030881359554004194], [0.048777008121942314, 9.072648519912281e-11, 0.9512229748313765, 1.6955954782802315e-08], [0.6820327772907175, 0.12067088710553955, 0.19717067504507194, 0.00012566055867115463], [0.9795576412728448, 0.004023141092563562, 2.0989617030033664e-06, 0.016417118672888496], [0.9996331166655581, 1.0238597157545811e-05, 1.962101929503251e-13, 0.00035664473708804943], [0.19415581990822248, 0.7932574454273722, 0.0023544486724236258, 0.010232285991981739]]","[{""research"": 1, ""code_review"": 7, ""doc_processing"": 0, ""monitoring"": 0}, {""research"": 0, ""code_review"": 0, ""doc_processing"": 8, ""monitoring"": 0}, {""research"": 7, ""code_review"": 0, ""doc_processing"": 1, ""monitoring"": 0}, {""research"": 8, ""code_review"": 0, ""doc_processing"": 0, ""monitoring"": 0}, {""research"": 8, ""code_review"": 0, ""doc_processing"": 0, ""monitoring"": 0}, {""research"": 2, ""code_review"": 6, ""doc_processing"": 0, ""monitoring"": 0}]","[2, 1, 2, 1, 1, 2]",0.0,0.1582005842381938,0.675,0.046694144000243396,0.031619723844874444,"{""COMPUTE"": 1212, ""MEMORY"": 1002, ""API_CREDITS"": 610, ""DATASET"": 208}","{""COMPUTE"": 638, ""MEMORY"": 527, ""API_CREDITS"": 321, ""DATASET"": 109}","{""COMPUTE"": 1.8996865203761755, ""MEMORY"": 1.9013282732447818, ""API_CREDITS"": 1.9003115264797508, ""DATASET"": 1.908256880733945}",4
dirichlet_0.1__high,dirichlet_0.1,0.1,high,1.9,3192870723,a347e7d19708d5d5,0ac2de7a27395a23,exact_pending_queue,"[[3.0278369016747436e-07, 0.003069676497765809, 0.011146783295630838, 0.9857832374229133], [0.4825113831294707, 0.00031261654784200753, 0.4902930309224494, 0.026882969400238026], [0.005564687484723045, 1.556088708617902e-10, 0.9944214626688312, 1.3849690836960445e-05], [5.097936416256338e-08, 0.00012638319827430777, 0.9986434989122808, 0.001230066910080798], [0.003679159943432711, 0.9963207152972413, 1.6229894077737698e-10, 1.2459702697137635e-07], [0.9996235764103119, 0.00037629002600191784, 1.3346928101985525e-07, 9.440509600610671e-11]]","[{""research"": 0, ""code_review"": 0, ""doc_processing"": 0, ""monitoring"": 8}, {""research"": 4, ""code_review"": 0, ""doc_processing"": 4, ""monitoring"": 0}, {""research"": 0, ""code_review"": 0, ""doc_processing"": 8, ""monitoring"": 0}, {""research"": 0, ""code_review"": 0, ""doc_processing"": 8, ""monitoring"": 0}, {""research"": 0, ""code_review"": 8, ""doc_processing"": 0, ""monitoring"": 0}, {""research"": 8, ""code_review"": 0, ""doc_processing"": 0, ""monitoring"": 0}]","[1, 2, 1, 1, 1, 1]",0.0,0.08333333333333333,0.8333333333333334,0.13491247314776725,0.08686506848271552,"{""COMPUTE"": 992, ""MEMORY"": 804, ""API_CREDITS"": 460, ""DATASET"": 160}","{""COMPUTE"": 522, ""MEMORY"": 423, ""API_CREDITS"": 242, ""DATASET"": 84}","{""COMPUTE"": 1.9003831417624522, ""MEMORY"": 1.900709219858156, ""API_CREDITS"": 1.9008264462809918, ""DATASET"": 1.9047619047619047}",4
dirichlet_0.1__high,dirichlet_0.1,0.1,high,1.9,3195559325,bf2409907125dbd7,a4f522d966df9358,exact_pending_queue,"[[0.810925372445701, 1.25675070829524e-05, 0.18898820248681847, 7.385756039742436e-05], [2.510402133906848e-06, 1.1888985741637947e-06, 0.9999924386022134, 3.862097078471209e-06], [0.0103756661690891, 1.4543851851990965e-19, 0.0026829243571099893, 0.9869414094738009], [0.1972407714007378, 0.00011018814292530004, 4.645966891063229e-15, 0.8026490404563322], [1.566259057818161e-11, 0.8574679166399859, 0.14253208334435147, 5.300505869202253e-21], [0.15769125826583769, 5.396712998844543e-05, 0.838447356393226, 0.0038074182109477266]]","[{""research"": 7, ""code_review"": 0, ""doc_processing"": 1, ""monitoring"": 0}, {""research"": 0, ""code_review"": 0, ""doc_processing"": 8, ""monitoring"": 0}, {""research"": 0, ""code_review"": 0, ""doc_processing"": 0, ""monitoring"": 8}, {""research"": 2, ""code_review"": 0, ""doc_processing"": 0, ""monitoring"": 6}, {""research"": 0, ""code_review"": 7, ""doc_processing"": 1, ""monitoring"": 0}, {""research"": 1, ""code_review"": 0, ""doc_processing"": 7, ""monitoring"": 0}]","[2, 1, 1, 2, 2, 2]",0.0,0.2034976211714935,0.8166666666666667,0.15445820804046156,0.10471371096023795,"{""COMPUTE"": 896, ""MEMORY"": 744, ""API_CREDITS"": 396, ""DATASET"": 192}","{""COMPUTE"": 472, ""MEMORY"": 392, ""API_CREDITS"": 208, ""DATASET"": 101}","{""COMPUTE"": 1.8983050847457628, ""MEMORY"": 1.8979591836734695, ""API_CREDITS"": 1.9038461538461537, ""DATASET"": 1.900990099009901}",4
dirichlet_0.1__high,dirichlet_0.1,0.1,high,1.9,3199293997,55c030d6841c5558,527a858ca3638c52,exact_pending_queue,"[[0.471301674905355, 0.026117204039905178, 0.5025811210547398, 3.486791083552378e-17], [0.021425198413677016, 0.9372814890682106, 0.04128823513905802, 5.077379054412962e-06], [0.972667475449668, 0.027326858902873213, 8.079835500744723e-08, 5.5848491038937835e-06], [0.00201740381240345, 0.10759475128536142, 0.625172774971049, 0.26521506993118626], [0.8118562030258704, 4.283341221365486e-06, 0.18813866539966584, 8.482332425212283e-07], [0.014468768694585589, 3.187327439503798e-16, 0.9855312312550205, 5.039350802689264e-11]]","[{""research"": 2, ""code_review"": 0, ""doc_processing"": 6, ""monitoring"": 0}, {""research"": 0, ""code_review"": 8, ""doc_processing"": 0, ""monitoring"": 0}, {""research"": 7, ""code_review"": 1, ""doc_processing"": 0, ""monitoring"": 0}, {""research"": 0, ""code_review"": 0, ""doc_processing"": 5, ""monitoring"": 3}, {""research"": 6, ""code_review"": 0, ""doc_processing"": 2, ""monitoring"": 0}, {""research"": 0, ""code_review"": 0, ""doc_processing"": 8, ""monitoring"": 0}]","[2, 1, 2, 2, 2, 1]",0.0,0.26004622458690224,0.725,0.05589149101368521,0.03586546904165438,"{""COMPUTE"": 1086, ""MEMORY"": 870, ""API_CREDITS"": 522, ""DATASET"": 144}","{""COMPUTE"": 572, ""MEMORY"": 458, ""API_CREDITS"": 275, ""DATASET"": 76}","{""COMPUTE"": 1.8986013986013985, ""MEMORY"": 1.8995633187772927, ""API_CREDITS"": 1.8981818181818182, ""DATASET"": 1.894736842105263}",4
dirichlet_0.1__high,dirichlet_0.1,0.1,high,1.9,3214303852,6a1c59112b80c254,e117c26a6f7f2652,exact_pending_queue,"[[0.0004938432848620285, 0.8000146308402215, 0.19845482097516576, 0.0010367048997505523], [0.27853473710175214, 3.379010787354446e-11, 0.4936862859339736, 0.22777897693048424], [5.6604317144202226e-05, 5.552375667079441e-18, 0.9999421640251029, 1.2316577527326977e-06], [5.375008081457675e-07, 0.6573286355575545, 0.2951203966932915, 0.04755043024834584], [0.0040536865537397345, 1.464175762090949e-07, 0.9873542326218244, 0.008591934406859614], [0.372639253671275, 0.09110091376466796, 0.5282978798034366, 0.00796195276062047]]","[{""research"": 0, ""code_review"": 5, ""doc_processing"": 3, ""monitoring"": 0}, {""research"": 2, ""code_review"": 0, ""doc_processing"": 4, ""monitoring"": 2}, {""research"": 0, ""code_review"": 0, ""doc_processing"": 8, ""monitoring"": 0}, {""research"": 0, ""code_review"": 4, ""doc_processing"": 3, ""monitoring"": 1}, {""research"": 0, ""code_review"": 0, ""doc_processing"": 8, ""monitoring"": 0}, {""research"": 3, ""code_review"": 0, ""doc_processing"": 5, ""monitoring"": 0}]","[2, 3, 1, 3, 1, 2]",0.0,0.40120892233995803,0.4666666666666667,0.03983380167590694,0.026134306726411993,"{""COMPUTE"": 966, ""MEMORY"": 740, ""API_CREDITS"": 452, ""DATASET"": 64}","{""COMPUTE"": 508, ""MEMORY"": 389, ""API_CREDITS"": 238, ""DATASET"": 34}","{""COMPUTE"": 1.9015748031496063, ""MEMORY"": 1.9023136246786632, ""API_CREDITS"": 1.8991596638655461, ""DATASET"": 1.8823529411764706}",4
dirichlet_0.1__high,dirichlet_0.1,0.1,high,1.9,3215523777,1a939d0f529af206,528a14c32213bd6a,exact_pending_queue,"[[0.9616624298519196, 0.017395891601634537, 0.02094167854644584, 1.3405542068835911e-17], [0.09089397730709121, 0.048908525603236115, 0.8597623671378336, 0.0004351299518390128], [0.6634252536367964, 0.0004456142335441349, 0.3361282355464212, 8.965832383870306e-07], [0.10070763338370003, 0.014625528400221788, 0.37505153931273166, 0.5096152989033464], [9.636654956065322e-06, 0.9989445953394707, 0.00104576768240294, 3.2317033699719675e-10], [0.03144312843201745, 0.9649730723854734, 5.7881605023244746e-08, 0.003583741300904163]]","[{""research"": 8, ""code_review"": 0, ""doc_processing"": 0, ""monitoring"": 0}, {""research"": 0, ""code_review"": 1, ""doc_processing"": 7, ""monitoring"": 0}, {""research"": 5, ""code_review"": 0, ""doc_processing"": 3, ""monitoring"": 0}, {""research"": 1, ""code_review"": 0, ""doc_processing"": 3, ""monitoring"": 4}, {""research"": 0, ""code_review"": 8, ""doc_processing"": 0, ""monitoring"": 0}, {""research"": 1, ""code_review"": 7, ""doc_processing"": 0, ""monitoring"": 0}]","[1, 2, 2, 3, 1, 2]",0.0,0.2872668292961437,0.7666666666666667,0.06618488991348583,0.04258809436641914,"{""COMPUTE"": 988, ""MEMORY"": 807, ""API_CREDITS"": 485, ""DATASET"": 152}","{""COMPUTE"": 520, ""MEMORY"": 425, ""API_CREDITS"": 255, ""DATASET"": 80}","{""COMPUTE"": 1.9, ""MEMORY"": 1.8988235294117648, ""API_CREDITS"": 1.9019607843137254, ""DATASET"": 1.9}",4
dirichlet_0.1__high,dirichlet_0.1,0.1,high,1.9,3232559368,758993d232d3610b,f0f8d62bd5908f63,exact_pending_queue,"[[0.019778108303726387, 0.0007057735126356277, 0.9789995160285149, 0.0005166021551231535], [0.9932534906847015, 1.0946398064361734e-05, 0.00673552491156368, 3.800567058239772e-08], [0.9812090409139894, 0.018779316090768338, 3.1701235523867623e-24, 1.164299524214895e-05], [0.11366368455761079, 6.9772966553848815e-16, 0.8862818915566095, 5.4423885778997396e-05], [0.9988907455942305, 1.7211299581747276e-11, 0.000777004950705224, 0.0003322494378530697], [0.0030348511669394443, 0.010023501731393181, 0.12706668988789266, 0.8598749572137747]]","[{""research"": 0, ""code_review"": 0, ""doc_processing"": 8, ""monitoring"": 0}, {""research"": 8, ""code_review"": 0, ""doc_processing"": 0, ""monitoring"": 0}, {""research"": 8, ""code_review"": 0, ""doc_processing"": 0, ""monitoring"": 0}, {""research"": 1, ""code_review"": 0, ""doc_processing"": 7, ""monitoring"": 0}, {""research"": 8, ""code_review"": 0, ""doc_processing"": 0, ""monitoring"": 0}, {""research"": 0, ""code_review"": 0, ""doc_processing"": 0, ""monitoring"": 8}]","[1, 1, 1, 2, 1, 1]",0.0,0.0452970369332997,0.7166666666666667,0.1220558267728079,0.07770084126216202,"{""COMPUTE"": 1244, ""MEMORY"": 1037, ""API_CREDITS"": 583, ""DATASET"": 264}","{""COMPUTE"": 655, ""MEMORY"": 546, ""API_CREDITS"": 307, ""DATASET"": 139}","{""COMPUTE"": 1.8992366412213741, ""MEMORY"": 1.8992673992673992, ""API_CREDITS"": 1.8990228013029316, ""DATASET"": 1.8992805755395683}",4
dirichlet_0.1__high,dirichlet_0.1,0.1,high,1.9,3265785232,7ebfb45049eef583,9c205cd80989b84a,exact_pending_queue,"[[0.29528063389982834, 0.15811629621043138, 5.757399940979645e-08, 0.546603012315741], [0.0013033358336932783, 0.013072460083780813, 0.008769436079294883, 0.9768547680032309], [0.9285947274127699, 0.0006278826754379782, 0.0008553309062129305, 0.06992205900557913], [0.4565883343656552, 3.6119044017548676e-06, 0.14340552054811886, 0.40000253318182416], [0.026962224577829225, 0.009067659152188672, 0.963970116263935, 6.047138240422187e-12], [0.7286215224238578, 0.00042707701437376974, 0.2709511053530976, 2.9520867090377367e-07]]","[{""research"": 3, ""code_review"": 1, ""doc_processing"": 0, ""monitoring"": 4}, {""research"": 0, ""code_review"": 0, ""doc_processing"": 0, ""monitoring"": 8}, {""research"": 7, ""code_review"": 0, ""doc_processing"": 0, ""monitoring"": 1}, {""research"": 3, ""code_review"": 0, ""doc_processing"": 0, ""monitoring"": 5}, {""research"": 1, ""code_review"": 0, ""doc_processing"": 7, ""monitoring"": 0}, {""research"": 5, ""code_review"": 0, ""doc_processing"": 3, ""monitoring"": 0}]","[3, 1, 2, 2, 2, 2]",0.0,0.3668029962065575,0.6416666666666667,0.12396105019579697,0.07500774557680646,"{""COMPUTE"": 1020, ""MEMORY"": 881, ""API_CREDITS"": 447, ""DATASET"": 296}","{""COMPUTE"": 537, ""MEMORY"": 464, ""API_CREDITS"": 235, ""DATASET"": 156}","{""COMPUTE"": 1.899441340782123, ""MEMORY"": 1.8987068965517242, ""API_CREDITS"": 1.902127659574468, ""DATASET"": 1.8974358974358974}",4
dirichlet_0.1__high,dirichlet_0.1,0.1,high,1.9,3305966842,afeda738461e44ca,a93d1126edfb1546,exact_pending_queue,"[[0.06885638179179321, 0.8539791213531187, 0.0011736779109077734, 0.07599081894418015], [0.09273333664348148, 0.0027218879716391594, 0.7421085529067644, 0.16243622247811507], [0.005519368160729817, 0.0009096319094717998, 0.6981469780927382, 0.2954240218370602], [0.0023149917448465856, 0.0013651295391522125, 0.15744800839325912, 0.8388718703227421], [0.043229655332787824, 0.41717729786022884, 0.5035552771864956, 0.0360377696204878], [0.997667304126371, 9.838087773385813e-05, 0.0022343149958952793, 3.412258138787838e-19]]","[{""research"": 2, ""code_review"": 5, ""doc_processing"": 0, ""monitoring"": 1}, {""research"": 0, ""code_review"": 0, ""doc_processing"": 7, ""monitoring"": 1}, {""research"": 0, ""code_review"": 0, ""doc_processing"": 8, ""monitoring"": 0}, {""research"": 0, ""code_review"": 0, ""doc_processing"": 2, ""monitoring"": 6}, {""research"": 0, ""code_review"": 3, ""doc_processing"": 5, ""monitoring"": 0}, {""research"": 8, ""code_review"": 0, ""doc_processing"": 0, ""monitoring"": 0}]","[3, 2, 1, 2, 2, 1]",0.0,0.30067262593992444,0.7416666666666667,0.0892210337682353,0.06065487358775453,"{""COMPUTE"": 968, ""MEMORY"": 778, ""API_CREDITS"": 446, ""DATASET"": 144}","{""COMPUTE"": 509, ""MEMORY"": 409, ""API_CREDITS"": 235, ""DATASET"": 76}","{""COMPUTE"": 1.9017681728880158, ""MEMORY"": 1.902200488997555, ""API_CREDITS"": 1.897872340425532, ""DATASET"": 1.894736842105263}",4
dirichlet_0.1__high,dirichlet_0.1,0.1,high,1.9,3329658473,5f872ac32c46dedb,7113451caef3ff2e,exact_pending_queue,"[[4.672390670534751e-06, 0.748048418501327, 0.2518713463585947, 7.556274940783899e-05], [3.1923562854729174e-06, 0.00026872020941937346, 4.5378945046254264e-08, 0.9997280420553502], [0.059669764400610045, 1.4707598638917145e-06, 0.9403250771580507, 3.6876814753204822e-06], [0.667479927893446, 1.155899258106847e-05, 0.2384967062997838, 0.09401180681418919], [0.13295981629149994, 0.0038792188853101293, 0.5722122823350866, 0.2909486824881034], [0.14629989914357241, 0.5130822201133768, 0.07546022686020513, 0.2651576538828457]]","[{""research"": 0, ""code_review"": 6, ""doc_processing"": 2, ""monitoring"": 0}, {""research"": 0, ""code_review"": 0, ""doc_processing"": 0, ""monitoring"": 8}, {""research"": 1, ""code_review"": 0, ""doc_processing"": 7, ""monitoring"": 0}, {""research"": 6, ""code_review"": 0, ""doc_processing"": 2, ""monitoring"": 0}, {""research"": 1, ""code_review"": 0, ""doc_processing"": 5, ""monitoring"": 2}, {""research"": 0, ""code_review"": 6, ""doc_processing"": 0, ""monitoring"": 2}]","[2, 1, 2, 2, 3, 2]",0.0,0.35634947977269943,0.75,0.12399277792241332,0.07780211032800052,"{""COMPUTE"": 840, ""MEMORY"": 692, ""API_CREDITS"": 380, ""DATASET"": 160}","{""COMPUTE"": 442, ""MEMORY"": 364, ""API_CREDITS"": 200, ""DATASET"": 84}","{""COMPUTE"": 1.9004524886877827, ""MEMORY"": 1.901098901098901, ""API_CREDITS"": 1.9, ""DATASET"": 1.9047619047619047}",4
dirichlet_0.1__high,dirichlet_0.1,0.1,high,1.9,3351763171,d153bfa23b3d8594,f79b2c1761fbf54b,exact_pending_queue,"[[6.414875898607126e-09, 0.0003703839856520927, 0.9842584591005547, 0.015371150498917314], [0.029436579118168726, 6.838662604979998e-07, 7.264703161579008e-05, 0.9704900899839549], [0.16670229693764466, 0.8332977026875252, 3.711301349277802e-10, 3.700188143621721e-12], [0.24765579041116267, 6.130672579741275e-07, 0.7523435936868724, 2.8347068232263286e-09], [1.6115516037267528e-09, 1.9576507468057332e-05, 3.264611637758471e-05, 0.9999477757646027], [0.6515744164198979, 0.280490744868046, 7.29779157134782e-07, 0.067934108932899]]","[{""research"": 0, ""code_review"": 0, ""doc_processing"": 8, ""monitoring"": 0}, {""research"": 0, ""code_review"": 0, ""doc_processing"": 0, ""monitoring"": 8}, {""research"": 1, ""code_review"": 7, ""doc_processing"": 0, ""monitoring"": 0}, {""research"": 3, ""code_review"": 0, ""doc_processing"": 5, ""monitoring"": 0}, {""research"": 0, ""code_review"": 0, ""doc_processing"": 0, ""monitoring"": 8}, {""research"": 4, ""code_review"": 2, ""doc_processing"": 0, ""monitoring"": 2}]","[1, 1, 2, 2, 1, 3]",0.0,0.24983320384371344,0.8,0.171698667861555,0.12241652008198838,"{""COMPUTE"": 792, ""MEMORY"": 674, ""API_CREDITS"": 338, ""DATASET"": 208}","{""COMPUTE"": 417, ""MEMORY"": 355, ""API_CREDITS"": 178, ""DATASET"": 109}","{""COMPUTE"": 1.8992805755395683, ""MEMORY"": 1.8985915492957746, ""API_CREDITS"": 1.898876404494382, ""DATASET"": 1.908256880733945}",4
dirichlet_0.1__high,dirichlet_0.1,0.1,high,1.9,3356704017,9cee0784ec30880a,44178a01c6049f9e,exact_pending_queue,"[[1.4688361296589176e-06, 6.318133458933222e-06, 1.1208814703062994e-06, 0.999991092148941], [5.139013087910689e-06, 3.061702891984646e-12, 7.291289392022802e-25, 0.9999948609838504], [6.615955891563242e-09, 0.002058817477866797, 5.0675275270241356e-09, 0.9979411708386499], [0.9384222275522999, 5.6173790952758954e-09, 0.06157776681546568, 1.4855474457544327e-11], [0.999886084140318, 0.00011361627331108883, 2.898016887714488e-07, 9.784682124585251e-09], [0.00013673099641118587, 5.9021101617816566e-08, 0.999863196770471, 1.3212016294536404e-08]]","[{""research"": 0, ""code_review"": 0, ""doc_processing"": 0, ""monitoring"": 8}, {""research"": 0, ""code_review"": 0, ""doc_processing"": 0, ""monitoring"": 8}, {""research"": 0, ""code_review"": 0, ""doc_processing"": 0, ""monitoring"": 8}, {""research"": 6, ""code_review"": 0, ""doc_processing"": 2, ""monitoring"": 0}, {""research"": 8, ""code_review"": 0, ""doc_processing"": 0, ""monitoring"": 0}, {""research"": 0, ""code_review"": 0, ""doc_processing"": 8, ""monitoring"": 0}]","[1, 1, 1, 2, 1, 1]",0.0,0.0676065103715944,0.7333333333333333,0.17226107226107226,0.13344988344988343,"{""COMPUTE"": 888, ""MEMORY"": 782, ""API_CREDITS"": 362, ""DATASET"": 304}","{""COMPUTE"": 467, ""MEMORY"": 412, ""API_CREDITS"": 191, ""DATASET"": 160}","{""COMPUTE"": 1.9014989293361884, ""MEMORY"": 1.8980582524271845, ""API_CREDITS"": 1.8952879581151831, ""DATASET"": 1.9}",4
dirichlet_0.1__high,dirichlet_0.1,0.1,high,1.9,3411174439,759493f70ad1a650,9c95fe6febf79fe9,exact_pending_queue,"[[0.015313503967578003, 5.333534106833543e-11, 0.00011319892810453522, 0.9845732970509821], [2.089382119991319e-07, 5.900109203475457e-07, 4.5852515780728766e-11, 0.999999201005015], [2.3270335616704955e-11, 0.14746239878559803, 0.0001322599747866329, 0.852405341216345], [0.5782394987665158, 0.0025962598013337, 0.4191641869587928, 5.447335750499109e-08], [7.169173587614707e-08, 0.03855899028437016, 1.7526042496117453e-05, 0.9614234119813977], [0.8786907672969414, 0.0014391520122359195, 0.0002638255241753631, 0.11960625516664733]]","[{""research"": 0, ""code_review"": 0, ""doc_processing"": 0, ""monitoring"": 8}, {""research"": 0, ""code_review"": 0, ""doc_processing"": 0, ""monitoring"": 8}, {""research"": 0, ""code_review"": 0, ""doc_processing"": 0, ""monitoring"": 8}, {""research"": 6, ""code_review"": 0, ""doc_processing"": 2, ""monitoring"": 0}, {""research"": 0, ""code_review"": 0, ""doc_processing"": 0, ""monitoring"": 8}, {""research"": 7, ""code_review"": 0, ""doc_processing"": 0, ""monitoring"": 1}]","[1, 1, 1, 2, 1, 2]",0.0,0.1129035473048941,0.5166666666666667,0.1270528796229731,0.10460766301887799,"{""COMPUTE"": 750, ""MEMORY"": 706, ""API_CREDITS"": 274, ""DATASET"": 368}","{""COMPUTE"": 395, ""MEMORY"": 372, ""API_CREDITS"": 144, ""DATASET"": 194}","{""COMPUTE"": 1.8987341772151898, ""MEMORY"": 1.8978494623655915, ""API_CREDITS"": 1.9027777777777777, ""DATASET"": 1.8969072164948453}",4
dirichlet_0.1__high,dirichlet_0.1,0.1,high,1.9,3414689543,9ce3e2b32819fec5,bc02dc730ae5f5d3,exact_pending_queue,"[[6.741693563257783e-07, 0.5773181151809476, 0.0003104931279779408, 0.4223707175217183], [2.107036746668652e-06, 0.005480042675466332, 0.9652201110906858, 0.029297739197101134], [2.8538021809472097e-07, 4.848415291677758e-10, 0.8900631577414594, 0.1099365563934809], [5.98117956828445e-08, 0.2888330577736839, 0.7111668470108505, 3.540366994288315e-08], [7.832867712248188e-08, 0.9894117199139136, 0.010229722604649341, 0.0003584791527599488], [2.931778441212197e-05, 0.43314939384795703, 0.001190504873848233, 0.5656307834937826]]","[{""research"": 0, ""code_review"": 6, ""doc_processing"": 0, ""monitoring"": 2}, {""research"": 0, ""code_review"": 0, ""doc_processing"": 8, ""monitoring"": 0}, {""research"": 0, ""code_review"": 0, ""doc_processing"": 7, ""monitoring"": 1}, {""research"": 0, ""code_review"": 0, ""doc_processing"": 8, ""monitoring"": 0}, {""research"": 0, ""code_review"": 8, ""doc_processing"": 0, ""monitoring"": 0}, {""research"": 0, ""code_review"": 3, ""doc_processing"": 0, ""monitoring"": 5}]","[2, 1, 2, 1, 1, 2]",0.0,0.19243971421530784,0.6833333333333333,0.09491039418520725,0.06259702763977303,"{""COMPUTE"": 740, ""MEMORY"": 576, ""API_CREDITS"": 340, ""DATASET"": 64}","{""COMPUTE"": 389, ""MEMORY"": 303, ""API_CREDITS"": 179, ""DATASET"": 34}","{""COMPUTE"": 1.9023136246786632, ""MEMORY"": 1.900990099009901, ""API_CREDITS"": 1.899441340782123, ""DATASET"": 1.8823529411764706}",4
dirichlet_0.1__high,dirichlet_0.1,0.1,high,1.9,3424619266,245e619e94ee7104,7054586d45f62733,exact_pending_queue,"[[0.8391024786039094, 0.1574960466248097, 0.0016916832829017073, 0.0017097914883792704], [0.00012678822472476922, 0.9979408717049861, 1.3965947883102206e-06, 0.0019309434755008241], [0.006799232612222776, 0.9151694177800554, 0.007513576579148265, 0.0705177730285735], [0.1750935990580365, 0.2900975039430901, 3.9989745951400163e-05, 0.534768907252922], [7.104494813940718e-08, 0.18584579166093546, 0.591111351925714, 0.22304278536840247], [0.181308702626015, 0.8186911320611401, 1.8722092660428597e-10, 1.65125623768566e-07]]","[{""research"": 6, ""code_review"": 2, ""doc_processing"": 0, ""monitoring"": 0}, {""research"": 0, ""code_review"": 8, ""doc_processing"": 0, ""monitoring"": 0}, {""research"": 0, ""code_review"": 7, ""doc_processing"": 0, ""monitoring"": 1}, {""research"": 2, ""code_review"": 1, ""doc_processing"": 0, ""monitoring"": 5}, {""research"": 0, ""code_review"": 1, ""doc_processing"": 5, ""monitoring"": 2}, {""research"": 2, ""code_review"": 6, ""doc_processing"": 0, ""monitoring"": 0}]","[2, 1, 2, 3, 3, 2]",0.0,0.39697588112572163,0.6333333333333333,0.0724987400649674,0.04432514102777599,"{""COMPUTE"": 764, ""MEMORY"": 642, ""API_CREDITS"": 378, ""DATASET"": 144}","{""COMPUTE"": 402, ""MEMORY"": 338, ""API_CREDITS"": 199, ""DATASET"": 76}","{""COMPUTE"": 1.900497512437811, ""MEMORY"": 1.8994082840236686, ""API_CREDITS"": 1.899497487437186, ""DATASET"": 1.894736842105263}",4
dirichlet_0.1__high,dirichlet_0.1,0.1,high,1.9,3447467374,51db96bdeb384e5e,745741b0e3c786fa,exact_pending_queue,"[[0.03525776973889922, 0.0004655515875465061, 0.004856395555309995, 0.9594202831182442], [0.000543777432899623, 9.805602892478924e-13, 0.012312220332045508, 0.9871440022340743], [0.00047670483688596227, 1.2358956872173123e-05, 4.1513251534653615e-08, 0.9995108946929903], [0.23988260158407018, 0.0012693490120414786, 0.08774180673332006, 0.6711062426705683], [0.8888162955009727, 1.4479609904657742e-06, 0.004785987119551414, 0.1063962694184853], [0.9993959583571507, 0.0005719757869058637, 3.114686631931338e-05, 9.189896240864946e-07]]","[{""research"": 0, ""code_review"": 0, ""doc_processing"": 0, ""monitoring"": 8}, {""research"": 1, ""code_review"": 0, ""doc_processing"": 0, ""monitoring"": 7}, {""research"": 0, ""code_review"": 0, ""doc_processing"": 0, ""monitoring"": 8}, {""research"": 1, ""code_review"": 0, ""doc_processing"": 0, ""monitoring"": 7}, {""research"": 8, ""code_review"": 0, ""doc_processing"": 0, ""monitoring"": 0}, {""research"": 8, ""code_review"": 0, ""doc_processing"": 0, ""monitoring"": 0}]","[1, 2, 1, 2, 1, 1]",0.0,0.0905940738665994,0.5333333333333333,0.12447552447552446,0.08682552015885349,"{""COMPUTE"": 852, ""MEMORY"": 792, ""API_CREDITS"": 336, ""DATASET"": 384}","{""COMPUTE"": 448, ""MEMORY"": 417, ""API_CREDITS"": 177, ""DATASET"": 202}","{""COMPUTE"": 1.9017857142857142, ""MEMORY"": 1.8992805755395683, ""API_CREDITS"": 1.8983050847457628, ""DATASET"": 1.900990099009901}",4
dirichlet_0.1__high,dirichlet_0.1,0.1,high,1.9,3506619616,89811416a5e9e37f,43729718b86775ea,exact_pending_queue,"[[0.00042170209239068916, 0.9991792614533256, 0.00019436148216354484, 0.00020467497212024624], [0.0004814285858396546, 0.8368576106996738, 0.0004217034056240533, 0.16223925730886252], [3.3742437081676e-07, 0.9995015674624211, 1.9866178317686625e-05, 0.0004782289348904877], [0.6764701510013482, 0.3223522881425713, 0.00034382321020119585, 0.0008337376458793661], [8.058081526312907e-06, 5.832617237968804e-07, 0.0021518319408271465, 0.9978395267159229], [0.00779224559108116, 0.9807350723781799, 0.0024971984745041816, 0.008975483556234759]]","[{""research"": 0, ""code_review"": 8, ""doc_processing"": 0, ""monitoring"": 0}, {""research"": 0, ""code_review"": 5, ""doc_processing"": 1, ""monitoring"": 2}, {""research"": 0, ""code_review"": 8, ""doc_processing"": 0, ""monitoring"": 0}, {""research"": 6, ""code_review"": 2, ""doc_processing"": 0, ""monitoring"": 0}, {""research"": 0, ""code_review"": 0, ""doc_processing"": 0, ""monitoring"": 8}, {""research"": 0, ""code_review"": 8, ""doc_processing"": 0, ""monitoring"": 0}]","[1, 3, 1, 2, 1, 1]",0.0,0.17583942209621095,0.5916666666666667,0.12945545195545197,0.08280615988949322,"{""COMPUTE"": 616, ""MEMORY"": 528, ""API_CREDITS"": 308, ""DATASET"": 128}","{""COMPUTE"": 324, ""MEMORY"": 278, ""API_CREDITS"": 162, ""DATASET"": 67}","{""COMPUTE"": 1.9012345679012346, ""MEMORY"": 1.8992805755395683, ""API_CREDITS"": 1.9012345679012346, ""DATASET"": 1.9104477611940298}",4
dirichlet_0.1__high,dirichlet_0.1,0.1,high,1.9,3522565390,809c397e3c29c6f8,48324ba1d96dcab0,exact_pending_queue,"[[0.9989877244872976, 0.0006723244413239147, 0.0002006364339785016, 0.00013931463739992272], [0.6640140918713424, 2.2181995889675558e-11, 0.23855871229731113, 0.09742719580916456], [0.05583075207486258, 0.9432349847871282, 2.364775738553361e-06, 0.0009318983622707554], [0.029445470936732103, 0.9705412914223001, 1.1539696228344167e-12, 1.3237639814075526e-05], [0.9797239860827515, 0.019756885243895767, 0.0005191266555182558, 2.017834522844488e-09], [0.9460971162813809, 1.3707586126849496e-10, 4.168370634105389e-06, 0.053898715210909054]]","[{""research"": 8, ""code_review"": 0, ""doc_processing"": 0, ""monitoring"": 0}, {""research"": 3, ""code_review"": 0, ""doc_processing"": 4, ""monitoring"": 1}, {""research"": 1, ""code_review"": 7, ""doc_processing"": 0, ""monitoring"": 0}, {""research"": 0, ""code_review"": 8, ""doc_processing"": 0, ""monitoring"": 0}, {""research"": 8, ""code_review"": 0, ""doc_processing"": 0, ""monitoring"": 0}, {""research"": 6, ""code_review"": 0, ""doc_processing"": 0, ""monitoring"": 2}]","[1, 3, 2, 1, 1, 2]",0.0,0.23004013582402463,0.6583333333333333,0.0511571864011412,0.03520724695128782,"{""COMPUTE"": 1146, ""MEMORY"": 965, ""API_CREDITS"": 575, ""DATASET"": 232}","{""COMPUTE"": 603, ""MEMORY"": 508, ""API_CREDITS"": 303, ""DATASET"": 122}","{""COMPUTE"": 1.900497512437811, ""MEMORY"": 1.8996062992125984, ""API_CREDITS"": 1.8976897689768977, ""DATASET"": 1.901639344262295}",4
dirichlet_0.1__high,dirichlet_0.1,0.1,high,1.9,3560321021,0d3d446752c86f59,b29859b7a644bb0b,exact_pending_queue,"[[0.0020587557015425088, 0.00012220342542583495, 0.31009820006810124, 0.6877208408049303], [0.02024446389621931, 0.0010581838992449186, 5.182933317219208e-07, 0.978696833911204], [0.911947306418617, 4.05240402303799e-08, 1.230652069617843e-07, 0.08805252999213578], [0.0037878286242490357, 0.0009120346134775254, 0.02043337689532395, 0.9748667598669496], [0.689351335137603, 0.002027147483067366, 0.18704354595133982, 0.12157797142798965], [0.13920618337975502, 0.8592418699413878, 0.0015504323138757947, 1.5143649813461084e-06]]","[{""research"": 0, ""code_review"": 0, ""doc_processing"": 0, ""monitoring"": 8}, {""research"": 0, ""code_review"": 0, ""doc_processing"": 0, ""monitoring"": 8}, {""research"": 8, ""code_review"": 0, ""doc_processing"": 0, ""monitoring"": 0}, {""research"": 0, ""code_review"": 0, ""doc_processing"": 0, ""monitoring"": 8}, {""research"": 3, ""code_review"": 0, ""doc_processing"": 1, ""monitoring"": 4}, {""research"": 1, ""code_review"": 7, ""doc_processing"": 0, ""monitoring"": 0}]","[1, 1, 1, 1, 3, 2]",0.0,0.16243362545243023,0.6583333333333333,0.15603875291375288,0.11817544434731934,"{""COMPUTE"": 724, ""MEMORY"": 672, ""API_CREDITS"": 284, ""DATASET"": 320}","{""COMPUTE"": 381, ""MEMORY"": 354, ""API_CREDITS"": 149, ""DATASET"": 168}","{""COMPUTE"": 1.900262467191601, ""MEMORY"": 1.8983050847457628, ""API_CREDITS"": 1.9060402684563758, ""DATASET"": 1.9047619047619047}",4
dirichlet_0.1__high,dirichlet_0.1,0.1,high,1.9,3564430434,08ceb1e2cf87338f,a3c0d71a667ac12f,exact_pending_queue,"[[5.589126817142235e-06, 0.9999898098633041, 2.44562395498001e-08, 4.576553639138034e-06], [1.3941640597332421e-12, 0.09935215856659832, 0.0035985890393495402, 0.8970492523926581], [0.01880338661004291, 2.1944794574519864e-10, 0.00010146170330530718, 0.9810951514672038], [9.84308797961398e-06, 0.0016772579556345168, 0.998312867585168, 3.1371217786466336e-08], [0.01470014929687496, 0.45125615291385945, 6.068338832121567e-14, 0.5340436977892049], [0.6204422523952177, 0.3795547268474558, 2.691356558080944e-06, 3.2940076837920226e-07]]","[{""research"": 0, ""code_review"": 8, ""doc_processing"": 0, ""monitoring"": 0}, {""research"": 0, ""code_review"": 0, ""doc_processing"": 0, ""monitoring"": 8}, {""research"": 0, ""code_review"": 0, ""doc_processing"": 0, ""monitoring"": 8}, {""research"": 0, ""code_review"": 0, ""doc_processing"": 8, ""monitoring"": 0}, {""research"": 0, ""code_review"": 3, ""doc_processing"": 0, ""monitoring"": 5}, {""research"": 5, ""code_review"": 3, ""doc_processing"": 0, ""monitoring"": 0}]","[1, 1, 1, 1, 2, 2]",0.0,0.1590723338208275,0.775,0.1829120321887958,0.1287377460702801,"{""COMPUTE"": 654, ""MEMORY"": 574, ""API_CREDITS"": 270, ""DATASET"": 208}","{""COMPUTE"": 344, ""MEMORY"": 302, ""API_CREDITS"": 142, ""DATASET"": 109}","{""COMPUTE"": 1.9011627906976745, ""MEMORY"": 1.900662251655629, ""API_CREDITS"": 1.9014084507042253, ""DATASET"": 1.908256880733945}",4
dirichlet_0.1__high,dirichlet_0.1,0.1,high,1.9,3569961091,61d4c4ab2718fb72,f9db6554d97722c5,exact_pending_queue,"[[0.047972821860493425, 0.7646236281993075, 0.0005724625067007812, 0.1868310874334985], [0.9999998328455778, 1.4915742897165892e-07, 1.4556124410299952e-08, 3.4408687577837923e-09], [0.951831019949377, 0.048136023738929924, 1.4559794143820412e-09, 3.2954855713677566e-05], [0.00040002998346415, 0.003974317779296693, 0.045877009419402925, 0.9497486428178361], [1.0647100242129491e-14, 0.3813152396778742, 7.716884974141778e-05, 0.6186075914723738], [0.2679812820184567, 0.5368055994686692, 0.1952131185128739, 1.7184439655540044e-17]]","[{""research"": 0, ""code_review"": 7, ""doc_processing"": 0, ""monitoring"": 1}, {""research"": 8, ""code_review"": 0, ""doc_processing"": 0, ""monitoring"": 0}, {""research"": 7, ""code_review"": 1, ""doc_processing"": 0, ""monitoring"": 0}, {""research"": 0, ""code_review"": 0, ""doc_processing"": 0, ""monitoring"": 8}, {""research"": 0, ""code_review"": 1, ""doc_processing"": 0, ""monitoring"": 7}, {""research"": 2, ""code_review"": 4, ""doc_processing"": 2, ""monitoring"": 0}]","[2, 1, 2, 1, 2, 3]",0.0,0.2608911107998991,0.7583333333333333,0.1429935477388756,0.1057523679090902,"{""COMPUTE"": 880, ""MEMORY"": 773, ""API_CREDITS"": 403, ""DATASET"": 264}","{""COMPUTE"": 463, ""MEMORY"": 407, ""API_CREDITS"": 212, ""DATASET"": 139}","{""COMPUTE"": 1.900647948164147, ""MEMORY"": 1.8992628992628993, ""API_CREDITS"": 1.900943396226415, ""DATASET"": 1.8992805755395683}",4
dirichlet_0.1__high,dirichlet_0.1,0.1,high,1.9,3633027796,ec6e35557c0c8150,750f2950ea26b409,exact_pending_queue,"[[1.2591639626351859e-05, 0.019254688538486754, 0.9797220919649337, 0.0010106278569532922], [0.0001436529979320558, 0.9998562473601476, 5.497697699093629e-08, 4.466494325255516e-08], [7.53065158228602e-06, 0.7448211105195628, 3.20547247550992e-06, 0.2551681533563794], [1.607083378924158e-11, 0.8172905668920706, 0.18270672940667576, 2.703685182821626e-06], [0.001474352974966054, 0.01904779764644538, 4.635484966996085e-11, 0.9794778493322337], [0.9845159192539327, 0.014646922272433029, 0.0007895889656213788, 4.7569508012866655e-05]]","[{""research"": 0, ""code_review"": 0, ""doc_processing"": 8, ""monitoring"": 0}, {""research"": 0, ""code_review"": 8, ""doc_processing"": 0, ""monitoring"": 0}, {""research"": 0, ""code_review"": 8, ""doc_processing"": 0, ""monitoring"": 0}, {""research"": 0, ""code_review"": 8, ""doc_processing"": 0, ""monitoring"": 0}, {""research"": 0, ""code_review"": 0, ""doc_processing"": 0, ""monitoring"": 8}, {""research"": 7, ""code_review"": 1, ""doc_processing"": 0, ""monitoring"": 0}]","[1, 1, 1, 1, 1, 2]",0.0,0.0452970369332997,0.775,0.1329139957264957,0.09072182158119656,"{""COMPUTE"": 728, ""MEMORY"": 603, ""API_CREDITS"": 357, ""DATASET"": 120}","{""COMPUTE"": 383, ""MEMORY"": 317, ""API_CREDITS"": 188, ""DATASET"": 63}","{""COMPUTE"": 1.9007832898172323, ""MEMORY"": 1.9022082018927444, ""API_CREDITS"": 1.898936170212766, ""DATASET"": 1.9047619047619047}",4
dirichlet_0.1__high,dirichlet_0.1,0.1,high,1.9,3636324181,eb243de736ef830c,ffd07c6ee9524e0a,exact_pending_queue,"[[0.40518511495807313, 0.008111508837062622, 0.5866950081360449, 8.368068819373516e-06], [0.1822602270278681, 0.4193209625684162, 0.004569940671474673, 0.3938488697322409], [0.0046245977151554585, 0.7593190046494173, 0.0003299010200420247, 0.2357264966153854], [0.0027656542794850373, 7.06177987870873e-21, 0.018084348504974194, 0.9791499972155407], [0.7681227976401463, 0.0006740173101538162, 0.22283614227182214, 0.008367042777877575], [3.7674587997094894e-05, 0.8092815035159038, 0.02928185495118422, 0.16139896694491498]]","[{""research"": 2, ""code_review"": 0, ""doc_processing"": 6, ""monitoring"": 0}, {""research"": 1, ""code_review"": 3, ""doc_processing"": 0, ""monitoring"": 4}, {""research"": 0, ""code_review"": 6, ""doc_processing"": 0, ""monitoring"": 2}, {""research"": 0, ""code_review"": 0, ""doc_processing"": 0, ""monitoring"": 8}, {""research"": 7, ""code_review"": 0, ""doc_processing"": 1, ""monitoring"": 0}, {""research"": 0, ""code_review"": 6, ""doc_processing"": 0, ""monitoring"": 2}]","[2, 3, 2, 1, 2, 2]",0.0,0.36525315656721347,0.7416666666666667,0.11121733974573904,0.07429648315976882,"{""COMPUTE"": 772, ""MEMORY"": 666, ""API_CREDITS"": 346, ""DATASET"": 208}","{""COMPUTE"": 406, ""MEMORY"": 351, ""API_CREDITS"": 182, ""DATASET"": 109}","{""COMPUTE"": 1.9014778325123152, ""MEMORY"": 1.8974358974358974, ""API_CREDITS"": 1.901098901098901, ""DATASET"": 1.908256880733945}",4
dirichlet_0.1__high,dirichlet_0.1,0.1,high,1.9,3676968117,13e94f37b247d4e9,d529fed9abdaf874,exact_pending_queue,"[[1.4704735487477701e-06, 0.997488630197985, 0.0024921393179816093, 1.776001048468302e-05], [0.9165883882670736, 3.7635913919530384e-10, 0.07669485586132292, 0.006716755495244332], [0.004038240802945024, 4.333518134104942e-08, 0.5217674713686287, 0.474194244493245], [0.6439568553298168, 3.456645344137909e-05, 0.3553843358123623, 0.0006242424043794472], [8.43140229259725e-05, 0.0050988023592467005, 0.944662570501285, 0.050154313116542254], [0.9856915669104819, 2.8090255558575855e-05, 0.014280232893482219, 1.0994047746645428e-07]]","[{""research"": 0, ""code_review"": 8, ""doc_processing"": 0, ""monitoring"": 0}, {""research"": 7, ""code_review"": 0, ""doc_processing"": 1, ""monitoring"": 0}, {""research"": 0, ""code_review"": 0, ""doc_processing"": 3, ""monitoring"": 5}, {""research"": 6, ""code_review"": 0, ""doc_processing"": 2, ""monitoring"": 0}, {""research"": 0, ""code_review"": 0, ""doc_processing"": 8, ""monitoring"": 0}, {""research"": 8, ""code_review"": 0, ""doc_processing"": 0, ""monitoring"": 0}]","[1, 2, 2, 2, 1, 1]",0.0,0.19243971421530784,0.7583333333333333,0.07287690567964948,0.0454881938782871,"{""COMPUTE"": 1142, ""MEMORY"": 942, ""API_CREDITS"": 550, ""DATASET"": 208}","{""COMPUTE"": 601, ""MEMORY"": 496, ""API_CREDITS"": 289, ""DATASET"": 109}","{""COMPUTE"": 1.9001663893510816, ""MEMORY"": 1.8991935483870968, ""API_CREDITS"": 1.9031141868512111, ""DATASET"": 1.908256880733945}",4
dirichlet_0.1__high,dirichlet_0.1,0.1,high,1.9,3696784942,e3d5073fab10c723,7da3c289bee2b644,exact_pending_queue,"[[2.6666913062412285e-08, 0.3878564423399199, 0.04450425095072464, 0.5676392800424424], [3.92634053823785e-05, 0.19725514797747146, 0.8027055886167991, 3.470398967719871e-13], [0.23616672950807635, 0.00013560019684852342, 2.6242078496808957e-06, 0.7636950460872254], [5.311994760056027e-07, 2.6420418206183713e-06, 8.168201403582755e-05, 0.9999151447446676], [0.23630063987353261, 0.39448669810402637, 0.030480524430608603, 0.33873213759183235], [0.9972988999343931, 0.001227543938947718, 1.5204445751474452e-06, 0.0014720356820841563]]","[{""research"": 0, ""code_review"": 4, ""doc_processing"": 0, ""monitoring"": 4}, {""research"": 0, ""code_review"": 2, ""doc_processing"": 6, ""monitoring"": 0}, {""research"": 1, ""code_review"": 0, ""doc_processing"": 0, ""monitoring"": 7}, {""research"": 0, ""code_review"": 0, ""doc_processing"": 0, ""monitoring"": 8}, {""research"": 1, ""code_review"": 3, ""doc_processing"": 1, ""monitoring"": 3}, {""research"": 8, ""code_review"": 0, ""doc_processing"": 0, ""monitoring"": 0}]","[2, 2, 2, 1, 4, 1]",0.16666666666666666,0.34717672434315516,0.7083333333333334,0.14205128205128206,0.08838060088060089,"{""COMPUTE"": 760, ""MEMORY"": 672, ""API_CREDITS"": 316, ""DATASET"": 256}","{""COMPUTE"": 400, ""MEMORY"": 354, ""API_CREDITS"": 166, ""DATASET"": 135}","{""COMPUTE"": 1.9, ""MEMORY"": 1.8983050847457628, ""API_CREDITS"": 1.9036144578313252, ""DATASET"": 1.8962962962962964}",4
dirichlet_0.1__high,dirichlet_0.1,0.1,high,1.9,3714643568,519959aa4c117ba0,ff083c6c36fef0d3,exact_pending_queue,"[[5.36463538970599e-13, 0.9957330002706406, 4.781625127586493e-07, 0.004266521566310325], [0.6333682427961795, 0.3666317571282204, 4.65081069664079e-11, 2.9091917127477167e-11], [0.9298385041744032, 7.384405001471696e-29, 0.07016149582526401, 3.3282037146827306e-13], [0.00015574092330217093, 5.343490033800273e-05, 0.9997908241763599, 6.3519364578125e-18], [0.00013340168619298723, 0.9998185753965092, 2.028572087941721e-05, 2.7737196418388474e-05], [0.965594151113672, 0.00028241582195961485, 1.9896711195272104e-06, 0.034121443393248956]]","[{""research"": 0, ""code_review"": 8, ""doc_processing"": 0, ""monitoring"": 0}, {""research"": 5, ""code_review"": 3, ""doc_processing"": 0, ""monitoring"": 0}, {""research"": 8, ""code_review"": 0, ""doc_processing"": 0, ""monitoring"": 0}, {""research"": 0, ""code_review"": 0, ""doc_processing"": 8, ""monitoring"": 0}, {""research"": 0, ""code_review"": 8, ""doc_processing"": 0, ""monitoring"": 0}, {""research"": 6, ""code_review"": 0, ""doc_processing"": 0, ""monitoring"": 2}]","[1, 2, 1, 1, 1, 2]",0.0,0.14714267728200817,0.75,0.06589034199756183,0.04745196895318124,"{""COMPUTE"": 1028, ""MEMORY"": 849, ""API_CREDITS"": 519, ""DATASET"": 168}","{""COMPUTE"": 541, ""MEMORY"": 447, ""API_CREDITS"": 273, ""DATASET"": 88}","{""COMPUTE"": 1.900184842883549, ""MEMORY"": 1.8993288590604027, ""API_CREDITS"": 1.901098901098901, ""DATASET"": 1.9090909090909092}",4
dirichlet_0.1__high,dirichlet_0.1,0.1,high,1.9,3794604293,c977bf056fbff9ae,34084ffedae9e516,exact_pending_queue,"[[3.075321616488971e-15, 0.008145931246407669, 6.110051189289391e-06, 0.9918479587023998], [1.0364938219871056e-08, 7.098401997412747e-06, 0.005516933264382561, 0.9944759579686818], [0.06367250289026062, 0.896203341288998, 0.0006583441411809861, 0.03946581167956036], [0.9992200238776613, 3.4553745291747465e-05, 1.5802113057984122e-06, 0.0007438421657411702], [0.75072755960313, 0.02262918906712976, 5.626898152612057e-10, 0.22664325076705036], [0.6579421593732865, 0.04260938844799705, 0.28315381114484167, 0.016294641033874804]]","[{""research"": 0, ""code_review"": 0, ""doc_processing"": 0, ""monitoring"": 8}, {""research"": 0, ""code_review"": 0, ""doc_processing"": 0, ""monitoring"": 8}, {""research"": 1, ""code_review"": 6, ""doc_processing"": 0, ""monitoring"": 1}, {""research"": 8, ""code_review"": 0, ""doc_processing"": 0, ""monitoring"": 0}, {""research"": 8, ""code_review"": 0, ""doc_processing"": 0, ""monitoring"": 0}, {""research"": 6, ""code_review"": 0, ""doc_processing"": 2, ""monitoring"": 0}]","[1, 1, 3, 1, 1, 2]",0.0,0.15604635407652215,0.725,0.13646030971612372,0.10800837835721559,"{""COMPUTE"": 1022, ""MEMORY"": 900, ""API_CREDITS"": 464, ""DATASET"": 320}","{""COMPUTE"": 538, ""MEMORY"": 474, ""API_CREDITS"": 244, ""DATASET"": 168}","{""COMPUTE"": 1.899628252788104, ""MEMORY"": 1.8987341772151898, ""API_CREDITS"": 1.901639344262295, ""DATASET"": 1.9047619047619047}",4
dirichlet_0.1__high,dirichlet_0.1,0.1,high,1.9,3885192991,a3398d48ee237d0a,cb520fb5270c703c,exact_pending_queue,"[[3.6876628649248637e-13, 0.39491762032671435, 1.0666375754074103e-06, 0.6050813130353414], [0.9968158639724125, 0.00034415193186257897, 0.0028399817358479625, 2.3598768905456025e-09], [4.252955376128098e-11, 0.9999897063479998, 4.909855998800156e-07, 9.802623870884443e-06], [7.975107448742374e-15, 6.661793666732527e-05, 0.9990870002725024, 0.0008463817908221462], [6.330619748567567e-13, 0.00041131741122863607, 0.9990776288130837, 0.0005110537750546126], [0.003017393331297677, 0.9968925862250592, 9.002037696369497e-05, 6.667947425946646e-11]]","[{""research"": 0, ""code_review"": 5, ""doc_processing"": 0, ""monitoring"": 3}, {""research"": 8, ""code_review"": 0, ""doc_processing"": 0, ""monitoring"": 0}, {""research"": 0, ""code_review"": 8, ""doc_processing"": 0, ""monitoring"": 0}, {""research"": 0, ""code_review"": 0, ""doc_processing"": 8, ""monitoring"": 0}, {""research"": 0, ""code_review"": 0, ""doc_processing"": 8, ""monitoring"": 0}, {""research"": 0, ""code_review"": 8, ""doc_processing"": 0, ""monitoring"": 0}]","[2, 1, 1, 1, 1, 1]",0.0,0.07953616691041375,0.7833333333333333,0.07163299663299666,0.0501192480359147,"{""COMPUTE"": 858, ""MEMORY"": 683, ""API_CREDITS"": 425, ""DATASET"": 88}","{""COMPUTE"": 452, ""MEMORY"": 359, ""API_CREDITS"": 224, ""DATASET"": 46}","{""COMPUTE"": 1.8982300884955752, ""MEMORY"": 1.9025069637883008, ""API_CREDITS"": 1.8973214285714286, ""DATASET"": 1.9130434782608696}",4
dirichlet_0.1__high,dirichlet_0.1,0.1,high,1.9,3885443111,cad30be3623423ac,d629f5e4fc369312,exact_pending_queue,"[[4.595523382281989e-05, 0.8853519184749816, 0.0012327263482463042, 0.11336939994294908], [0.14764106939150545, 0.8411255235088283, 0.011166448431755387, 6.695866791099739e-05], [0.5289426377847455, 0.18925137683842988, 0.002174144112571135, 0.2796318412642535], [1.6364457791303722e-10, 0.6536288880135916, 0.04125539211420906, 0.3051157197085548], [0.9929531597865129, 0.0013295433193477354, 8.82671383837143e-10, 0.005717296011468196], [0.060203844258032095, 0.550224820226633, 0.1710750303303147, 0.2184963051850204]]","[{""research"": 0, ""code_review"": 5, ""doc_processing"": 0, ""monitoring"": 3}, {""research"": 1, ""code_review"": 6, ""doc_processing"": 1, ""monitoring"": 0}, {""research"": 6, ""code_review"": 0, ""doc_processing"": 0, ""monitoring"": 2}, {""research"": 0, ""code_review"": 7, ""doc_processing"": 0, ""monitoring"": 1}, {""research"": 8, ""code_review"": 0, ""doc_processing"": 0, ""monitoring"": 0}, {""research"": 0, ""code_review"": 4, ""doc_processing"": 2, ""monitoring"": 2}]","[2, 3, 2, 2, 1, 3]",0.0,0.4058795579202356,0.6166666666666667,0.049713806858212535,0.03342037817475336,"{""COMPUTE"": 860, ""MEMORY"": 731, ""API_CREDITS"": 425, ""DATASET"": 184}","{""COMPUTE"": 453, ""MEMORY"": 385, ""API_CREDITS"": 224, ""DATASET"": 97}","{""COMPUTE"": 1.8984547461368653, ""MEMORY"": 1.8987012987012988, ""API_CREDITS"": 1.8973214285714286, ""DATASET"": 1.8969072164948453}",4
dirichlet_0.1__high,dirichlet_0.1,0.1,high,1.9,3893939786,b08752318f72bbcc,d2900216203c4d73,exact_pending_queue,"[[0.0005210123253157091, 0.06381583270367924, 0.9338446661314128, 0.0018184888395923206], [0.31996286638004673, 0.61561382584279, 0.017120306353909293, 0.04730300142325408], [0.0879365483973058, 0.008265655483295282, 0.9037977961193836, 1.5357900003111485e-14], [0.8301681025787094, 6.758813323779176e-08, 0.1698318298331573, 1.0849623179193638e-20], [1.2133984297445415e-16, 0.9559310147172713, 0.044011782129784884, 5.7203152943836206e-05], [0.22417072310174854, 2.4243168620427345e-05, 0.4129570237509872, 0.3628480099786439]]","[{""research"": 0, ""code_review"": 0, ""doc_processing"": 8, ""monitoring"": 0}, {""research"": 2, ""code_review"": 6, ""doc_processing"": 0, ""monitoring"": 0}, {""research"": 2, ""code_review"": 0, ""doc_processing"": 6, ""monitoring"": 0}, {""research"": 8, ""code_review"": 0, ""doc_processing"": 0, ""monitoring"": 0}, {""research"": 0, ""code_review"": 8, ""doc_processing"": 0, ""monitoring"": 0}, {""research"": 0, ""code_review"": 0, ""doc_processing"": 5, ""monitoring"": 3}]","[1, 2, 2, 1, 1, 2]",0.0,0.21474918765360254,0.7666666666666667,0.05652048296892149,0.034560040055729706,"{""COMPUTE"": 990, ""MEMORY"": 791, ""API_CREDITS"": 481, ""DATASET"": 120}","{""COMPUTE"": 521, ""MEMORY"": 416, ""API_CREDITS"": 253, ""DATASET"": 63}","{""COMPUTE"": 1.9001919385796544, ""MEMORY"": 1.9014423076923077, ""API_CREDITS"": 1.901185770750988, ""DATASET"": 1.9047619047619047}",4
dirichlet_0.1__high,dirichlet_0.1,0.1,high,1.9,3950032071,79172b639e65b3aa,a0190a6c83f6f17d,exact_pending_queue,"[[2.1969352360671443e-07, 0.742432726430192, 0.08782564334344943, 0.16974141053283506], [0.9998319581182542, 1.1583297565284128e-09, 0.00016224951110851722, 5.791212307494899e-06], [4.962583357072045e-06, 0.9625500133526894, 1.809252678870651e-21, 0.037445024063953586], [0.7346368480887495, 2.616624450834851e-13, 0.06531252803907214, 0.20005062387191658], [0.07976081321278486, 8.263415748245208e-16, 0.9170569808902165, 0.0031822058969979412], [0.27029514205230853, 0.4322788897779513, 0.07558234671621356, 0.2218436214535268]]","[{""research"": 0, ""code_review"": 7, ""doc_processing"": 0, ""monitoring"": 1}, {""research"": 8, ""code_review"": 0, ""doc_processing"": 0, ""monitoring"": 0}, {""research"": 0, ""code_review"": 7, ""doc_processing"": 0, ""monitoring"": 1}, {""research"": 7, ""code_review"": 0, ""doc_processing"": 0, ""monitoring"": 1}, {""research"": 0, ""code_review"": 0, ""doc_processing"": 8, ""monitoring"": 0}, {""research"": 3, ""code_review"": 3, ""doc_processing"": 1, ""monitoring"": 1}]","[2, 1, 2, 2, 1, 4]",0.16666666666666666,0.2868309545048268,0.725,0.04766742064805227,0.03184807903714395,"{""COMPUTE"": 1012, ""MEMORY"": 838, ""API_CREDITS"": 502, ""DATASET"": 176}","{""COMPUTE"": 533, ""MEMORY"": 441, ""API_CREDITS"": 264, ""DATASET"": 93}","{""COMPUTE"": 1.898686679174484, ""MEMORY"": 1.9002267573696145, ""API_CREDITS"": 1.9015151515151516, ""DATASET"": 1.89247311827957}",4
dirichlet_0.1__high,dirichlet_0.1,0.1,high,1.9,3955522292,7c769d86a41ab5c9,4cd9a5fa73ac756e,exact_pending_queue,"[[0.012747318995877492, 0.5736240186062258, 0.3891550159276091, 0.024473646470287713], [1.3767441413241672e-06, 3.3696073968207655e-05, 0.36678113134155627, 0.6331837958403341], [0.0026587152842341903, 0.001305904879328699, 0.9640622285684944, 0.031973151267942646], [0.9774816158230173, 1.1603391586653868e-06, 0.02196920404366909, 0.0005480197941549596], [0.010418838148474984, 4.8943056391187935e-06, 0.0003308610151813066, 0.9892454065307046], [0.011213942283925745, 1.4518124475145695e-07, 0.8362188643053661, 0.15256704822946335]]","[{""research"": 0, ""code_review"": 4, ""doc_processing"": 4, ""monitoring"": 0}, {""research"": 0, ""code_review"": 0, ""doc_processing"": 3, ""monitoring"": 5}, {""research"": 0, ""code_review"": 0, ""doc_processing"": 8, ""monitoring"": 0}, {""research"": 8, ""code_review"": 0, ""doc_processing"": 0, ""monitoring"": 0}, {""research"": 0, ""code_review"": 0, ""doc_processing"": 0, ""monitoring"": 8}, {""research"": 0, ""code_review"": 0, ""doc_processing"": 6, ""monitoring"": 2}]","[2, 2, 1, 1, 1, 2]",0.0,0.23047601061534148,0.7333333333333333,0.14236066336538641,0.09269143421050534,"{""COMPUTE"": 894, ""MEMORY"": 735, ""API_CREDITS"": 385, ""DATASET"": 184}","{""COMPUTE"": 471, ""MEMORY"": 387, ""API_CREDITS"": 203, ""DATASET"": 97}","{""COMPUTE"": 1.8980891719745223, ""MEMORY"": 1.8992248062015504, ""API_CREDITS"": 1.896551724137931, ""DATASET"": 1.8969072164948453}",4
dirichlet_0.1__high,dirichlet_0.1,0.1,high,1.9,4026759651,61c95011cf09028d,4305338a8331198e,exact_pending_queue,"[[1.0411437795576946e-08, 0.0011915830393983088, 0.9988084064725832, 7.658069339727619e-11], [0.13108005928660402, 0.13013679843891132, 0.7387831422361992, 3.8285485226215566e-11], [0.014837900412351553, 0.6497281624911829, 1.811070748167749e-06, 0.33543212602571737], [0.007730217238852556, 4.655306230516061e-06, 0.003506023952508843, 0.988759103502408], [0.42715631570901275, 0.0651821365105577, 0.1905023604462836, 0.317159187334146], [3.1028667181843325e-08, 0.0070342091601934865, 0.001161926024189194, 0.9918038337869503]]","[{""research"": 0, ""code_review"": 0, ""doc_processing"": 8, ""monitoring"": 0}, {""research"": 3, ""code_review"": 1, ""doc_processing"": 4, ""monitoring"": 0}, {""research"": 0, ""code_review"": 6, ""doc_processing"": 0, ""monitoring"": 2}, {""research"": 0, ""code_review"": 0, ""doc_processing"": 0, ""monitoring"": 8}, {""research"": 4, ""code_review"": 1, ""doc_processing"": 0, ""monitoring"": 3}, {""research"": 0, ""code_review"": 0, ""doc_processing"": 0, ""monitoring"": 8}]","[1, 3, 2, 1, 3, 1]",0.0,0.3018796874098555,0.75,0.1643256984257614,0.11421778376624192,"{""COMPUTE"": 750, ""MEMORY"": 648, ""API_CREDITS"": 308, ""DATASET"": 224}","{""COMPUTE"": 395, ""MEMORY"": 341, ""API_CREDITS"": 162, ""DATASET"": 118}","{""COMPUTE"": 1.8987341772151898, ""MEMORY"": 1.900293255131965, ""API_CREDITS"": 1.9012345679012346, ""DATASET"": 1.8983050847457628}",4
dirichlet_0.1__high,dirichlet_0.1,0.1,high,1.9,4031711447,3c62ca5db94ed47d,d8482dd37d9dbfb9,exact_pending_queue,"[[0.9597317345767753, 0.003943767541711056, 0.018813009205306593, 0.017511488676207037], [1.0186941164330665e-06, 0.0001504048001632527, 4.445634373460856e-08, 0.9998485320493765], [0.0034960430892938574, 0.9965034176441155, 1.588906966391148e-09, 5.376776835650252e-07], [1.7497652194318376e-06, 6.865675930398074e-06, 0.15640497846907056, 0.8435864060897796], [0.10712379107516369, 0.04359067907948194, 0.26815283048623606, 0.5811326993591182], [0.10687278419023549, 8.863794406918091e-19, 4.5600510957397716e-10, 0.8931272153537595]]","[{""research"": 8, ""code_review"": 0, ""doc_processing"": 0, ""monitoring"": 0}, {""research"": 0, ""code_review"": 0, ""doc_processing"": 0, ""monitoring"": 8}, {""research"": 0, ""code_review"": 8, ""doc_processing"": 0, ""monitoring"": 0}, {""research"": 0, ""code_review"": 0, ""doc_processing"": 3, ""monitoring"": 5}, {""research"": 0, ""code_review"": 1, ""doc_processing"": 6, ""monitoring"": 1}, {""research"": 1, ""code_review"": 0, ""doc_processing"": 0, ""monitoring"": 7}]","[1, 1, 1, 2, 3, 2]",0.0,0.2132730475486412,0.7916666666666666,0.1575373198141306,0.10216554791933792,"{""COMPUTE"": 762, ""MEMORY"": 666, ""API_CREDITS"": 318, ""DATASET"": 240}","{""COMPUTE"": 401, ""MEMORY"": 351, ""API_CREDITS"": 167, ""DATASET"": 126}","{""COMPUTE"": 1.9002493765586035, ""MEMORY"": 1.8974358974358974, ""API_CREDITS"": 1.904191616766467, ""DATASET"": 1.9047619047619047}",4
dirichlet_0.1__high,dirichlet_0.1,0.1,high,1.9,4037661888,cdaebcf1e9375d39,6c4abd9af7062796,exact_pending_queue,"[[0.03830965444637831, 0.8563886161492378, 2.6278180289902744e-08, 0.1053017031262038], [0.25170873254547516, 0.1620150751429915, 0.5619497785950115, 0.024326413716521816], [0.027606175639548574, 0.09019658121794734, 4.0255692675288107e-16, 0.8821972431425036], [0.24424801556842773, 0.400795297182906, 1.063389057928862e-08, 0.3549566766147758], [0.005115554565124114, 6.460359365199746e-06, 0.9948779821365767, 2.938933930263944e-09], [0.7987235231867614, 0.0017295930088377968, 1.921984564565254e-06, 0.19954496181983616]]","[{""research"": 0, ""code_review"": 8, ""doc_processing"": 0, ""monitoring"": 0}, {""research"": 1, ""code_review"": 2, ""doc_processing"": 5, ""monitoring"": 0}, {""research"": 0, ""code_review"": 0, ""doc_processing"": 0, ""monitoring"": 8}, {""research"": 2, ""code_review"": 3, ""doc_processing"": 0, ""monitoring"": 3}, {""research"": 0, ""code_review"": 0, ""doc_processing"": 8, ""monitoring"": 0}, {""research"": 8, ""code_review"": 0, ""doc_processing"": 0, ""monitoring"": 0}]","[1, 3, 1, 3, 1, 1]",0.0,0.23833942209621095,0.8416666666666667,0.14104362076885246,0.08863946527518517,"{""COMPUTE"": 878, ""MEMORY"": 730, ""API_CREDITS"": 406, ""DATASET"": 176}","{""COMPUTE"": 462, ""MEMORY"": 384, ""API_CREDITS"": 214, ""DATASET"": 93}","{""COMPUTE"": 1.9004329004329004, ""MEMORY"": 1.9010416666666667, ""API_CREDITS"": 1.897196261682243, ""DATASET"": 1.89247311827957}",4
dirichlet_0.1__high,dirichlet_0.1,0.1,high,1.9,4071416038,c474208427a3c5a4,edc2fad436e627e8,exact_pending_queue,"[[0.9997983928492663, 4.91381841494329e-06, 0.00018101383314054228, 1.5679499178237127e-05], [0.09366125288033665, 0.0276326215149758, 1.2629250619227972e-05, 0.8786934963540682], [4.948666254432917e-08, 3.0014942087803617e-20, 0.9867400774994163, 0.013259873013921099], [0.044772393503089626, 0.6329730455612219, 0.32223567580575124, 1.8885129937047846e-05], [0.003124340953253232, 0.0022508671654395264, 9.369924690896366e-07, 0.9946238548888382], [2.106938407025427e-05, 0.09146878082612912, 0.14006475175944563, 0.7684453980303549]]","[{""research"": 8, ""code_review"": 0, ""doc_processing"": 0, ""monitoring"": 0}, {""research"": 0, ""code_review"": 0, ""doc_processing"": 0, ""monitoring"": 8}, {""research"": 0, ""code_review"": 0, ""doc_processing"": 8, ""monitoring"": 0}, {""research"": 0, ""code_review"": 7, ""doc_processing"": 1, ""monitoring"": 0}, {""research"": 0, ""code_review"": 0, ""doc_processing"": 0, ""monitoring"": 8}, {""research"": 0, ""code_review"": 0, ""doc_processing"": 1, ""monitoring"": 7}]","[1, 1, 1, 2, 1, 2]",0.0,0.0905940738665994,0.7916666666666666,0.18470584702468754,0.134587936218371,"{""COMPUTE"": 746, ""MEMORY"": 655, ""API_CREDITS"": 301, ""DATASET"": 248}","{""COMPUTE"": 393, ""MEMORY"": 345, ""API_CREDITS"": 158, ""DATASET"": 131}","{""COMPUTE"": 1.8982188295165394, ""MEMORY"": 1.8985507246376812, ""API_CREDITS"": 1.9050632911392404, ""DATASET"": 1.8931297709923665}",4
dirichlet_0.1__high,dirichlet_0.1,0.1,high,1.9,4085652262,8df1f46d75a790b0,22709fd90c4bcd8c,exact_pending_queue,"[[0.044385030796302655, 0.009632365431187485, 0.9459820071479548, 5.966245550805204e-07], [7.017118322571747e-07, 0.7248933146153513, 0.01173433887877771, 0.26337164479403874], [0.1893191363889701, 6.943505815406452e-05, 0.8106099505076846, 1.4780451911627483e-06], [0.09489280065196394, 0.0003280707659048561, 0.3590700768116256, 0.5457090517705054], [0.19385406821352022, 7.85155156844454e-17, 0.8056994230691337, 0.00044650871734617213], [0.000296074783656822, 0.9944653328746227, 0.005182876481924172, 5.571585979624244e-05]]","[{""research"": 0, ""code_review"": 1, ""doc_processing"": 7, ""monitoring"": 0}, {""research"": 0, ""code_review"": 6, ""doc_processing"": 0, ""monitoring"": 2}, {""research"": 3, ""code_review"": 0, ""doc_processing"": 5, ""monitoring"": 0}, {""research"": 0, ""code_review"": 0, ""doc_processing"": 4, ""monitoring"": 4}, {""research"": 1, ""code_review"": 0, ""doc_processing"": 7, ""monitoring"": 0}, {""research"": 0, ""code_review"": 8, ""doc_processing"": 0, ""monitoring"": 0}]","[2, 2, 2, 2, 2, 1]",0.0,0.3210700844819409,0.6666666666666666,0.06264625426350492,0.03882369245127556,"{""COMPUTE"": 840, ""MEMORY"": 658, ""API_CREDITS"": 394, ""DATASET"": 80}","{""COMPUTE"": 442, ""MEMORY"": 346, ""API_CREDITS"": 207, ""DATASET"": 42}","{""COMPUTE"": 1.9004524886877827, ""MEMORY"": 1.9017341040462428, ""API_CREDITS"": 1.9033816425120773, ""DATASET"": 1.9047619047619047}",4
dirichlet_0.1__high,dirichlet_0.1,0.1,high,1.9,4118709976,fbbf6f1142567eb9,be6a1fadedcf9414,exact_pending_queue,"[[0.0009082381629489713, 0.005373606907451748, 0.9937181404354175, 1.4494181851301396e-08], [0.39112684281272103, 1.8576350687045484e-15, 0.0005695323334747036, 0.6083036248538025], [2.0949036994208704e-16, 0.9905302096572932, 0.009469790246627127, 9.607955184511495e-11], [0.4005572562336286, 0.5988414031782441, 0.0002720683156649007, 0.0003292722724622656], [0.952318410059813, 0.04746384435090423, 2.1170780679724727e-08, 0.00021772441850202191], [3.360496028141277e-06, 0.9942035574872169, 0.003457760081125075, 0.0023353219356298718]]","[{""research"": 0, ""code_review"": 0, ""doc_processing"": 8, ""monitoring"": 0}, {""research"": 4, ""code_review"": 0, ""doc_processing"": 0, ""monitoring"": 4}, {""research"": 0, ""code_review"": 8, ""doc_processing"": 0, ""monitoring"": 0}, {""research"": 2, ""code_review"": 6, ""doc_processing"": 0, ""monitoring"": 0}, {""research"": 8, ""code_review"": 0, ""doc_processing"": 0, ""monitoring"": 0}, {""research"": 0, ""code_review"": 8, ""doc_processing"": 0, ""monitoring"": 0}]","[1, 2, 1, 2, 1, 1]",0.0,0.15093984370492775,0.7666666666666667,0.0749401913875598,0.048775861687045896,"{""COMPUTE"": 904, ""MEMORY"": 746, ""API_CREDITS"": 454, ""DATASET"": 144}","{""COMPUTE"": 476, ""MEMORY"": 393, ""API_CREDITS"": 239, ""DATASET"": 76}","{""COMPUTE"": 1.8991596638655461, ""MEMORY"": 1.8982188295165394, ""API_CREDITS"": 1.899581589958159, ""DATASET"": 1.894736842105263}",4
dirichlet_0.1__high,dirichlet_0.1,0.1,high,1.9,4148675945,5f6bc888a85750c0,87236fbdba2233c8,exact_pending_queue,"[[1.7138320580869358e-18, 0.7057172172242663, 0.009352064903864313, 0.28493071787186947], [0.0015383970226971791, 0.198869506392862, 0.09627233659106822, 0.7033197599933727], [0.00167495954509442, 2.719149128942124e-15, 0.9717159012362951, 0.026609139218607594], [0.0005790611739706051, 4.3565271389899765e-08, 0.9381193424873958, 0.06130155277336216], [5.966983146614711e-08, 0.9121281139919822, 0.06132527282315192, 0.02654655351503444], [0.9591626076529177, 0.040837383346395154, 9.000519161225619e-09, 1.6795960790470383e-13]]","[{""research"": 0, ""code_review"": 6, ""doc_processing"": 0, ""monitoring"": 2}, {""research"": 0, ""code_review"": 4, ""doc_processing"": 1, ""monitoring"": 3}, {""research"": 1, ""code_review"": 0, ""doc_processing"": 7, ""monitoring"": 0}, {""research"": 0, ""code_review"": 0, ""doc_processing"": 8, ""monitoring"": 0}, {""research"": 0, ""code_review"": 6, ""doc_processing"": 1, ""monitoring"": 1}, {""research"": 8, ""code_review"": 0, ""doc_processing"": 0, ""monitoring"": 0}]","[2, 3, 2, 1, 3, 1]",0.0,0.3184799795289524,0.7416666666666667,0.0570510304665452,0.038962784735739074,"{""COMPUTE"": 888, ""MEMORY"": 715, ""API_CREDITS"": 425, ""DATASET"": 120}","{""COMPUTE"": 467, ""MEMORY"": 376, ""API_CREDITS"": 224, ""DATASET"": 63}","{""COMPUTE"": 1.9014989293361884, ""MEMORY"": 1.9015957446808511, ""API_CREDITS"": 1.8973214285714286, ""DATASET"": 1.9047619047619047}",4
dirichlet_0.1__high,dirichlet_0.1,0.1,high,1.9,4169915556,2950d2226ac8c600,3e9b7270215ef611,exact_pending_queue,"[[3.0819041603342586e-07, 2.4905589999467926e-06, 0.9999682794419822, 2.8921808601894084e-05], [0.012616760741525707, 4.13516200752808e-05, 0.33193646190283316, 0.6554054257355659], [6.092334236858093e-09, 6.142546768320267e-05, 1.0802265351501305e-05, 0.9999277661746311], [0.023249113628015284, 0.06924496858754475, 0.90750591778444, 2.8725810543990243e-17], [0.12174100305439663, 1.198099585090532e-11, 2.5034038715244445e-26, 0.8782589969336224], [0.881921191493626, 0.00010512120455029235, 0.01451932702654724, 0.10345436027527653]]","[{""research"": 0, ""code_review"": 0, ""doc_processing"": 8, ""monitoring"": 0}, {""research"": 1, ""code_review"": 0, ""doc_processing"": 3, ""monitoring"": 4}, {""research"": 0, ""code_review"": 0, ""doc_processing"": 0, ""monitoring"": 8}, {""research"": 0, ""code_review"": 1, ""doc_processing"": 7, ""monitoring"": 0}, {""research"": 1, ""code_review"": 0, ""doc_processing"": 0, ""monitoring"": 7}, {""research"": 8, ""code_review"": 0, ""doc_processing"": 0, ""monitoring"": 0}]","[1, 3, 1, 2, 2, 1]",0.0,0.20773066238572993,0.7416666666666667,0.1591764716764717,0.10275087566754232,"{""COMPUTE"": 898, ""MEMORY"": 757, ""API_CREDITS"": 375, ""DATASET"": 232}","{""COMPUTE"": 473, ""MEMORY"": 398, ""API_CREDITS"": 197, ""DATASET"": 122}","{""COMPUTE"": 1.8985200845665962, ""MEMORY"": 1.9020100502512562, ""API_CREDITS"": 1.9035532994923858, ""DATASET"": 1.901639344262295}",4
dirichlet_0.1__high,dirichlet_0.1,0.1,high,1.9,4209074295,7cb1b2c90f2edcd7,851474a721886483,exact_pending_queue,"[[0.004403693525344812, 0.753317013013521, 0.2338807976432203, 0.008398495817913762], [4.347250700129299e-05, 6.984452508011192e-08, 2.0986308742581753e-06, 0.9999543590175993], [5.924811745294228e-10, 0.8791063142499858, 0.07554735863097845, 0.04534632652655466], [0.0005863582674358871, 0.9863110532615088, 6.110850794495761e-08, 0.013102527362547524], [0.9978120829298331, 0.002187917068920944, 2.4286138309627345e-16, 1.2457146237805934e-12], [0.9999964437208257, 4.989225979940363e-07, 2.985999139905822e-06, 7.135743624437418e-08]]","[{""research"": 0, ""code_review"": 5, ""doc_processing"": 3, ""monitoring"": 0}, {""research"": 0, ""code_review"": 0, ""doc_processing"": 0, ""monitoring"": 8}, {""research"": 0, ""code_review"": 7, ""doc_processing"": 1, ""monitoring"": 0}, {""research"": 0, ""code_review"": 8, ""doc_processing"": 0, ""monitoring"": 0}, {""research"": 8, ""code_review"": 0, ""doc_processing"": 0, ""monitoring"": 0}, {""research"": 8, ""code_review"": 0, ""doc_processing"": 0, ""monitoring"": 0}]","[2, 1, 2, 1, 1, 1]",0.0,0.12483320384371345,0.7833333333333333,0.13461538461538458,0.08491611269389045,"{""COMPUTE"": 896, ""MEMORY"": 760, ""API_CREDITS"": 440, ""DATASET"": 192}","{""COMPUTE"": 472, ""MEMORY"": 400, ""API_CREDITS"": 232, ""DATASET"": 101}","{""COMPUTE"": 1.8983050847457628, ""MEMORY"": 1.9, ""API_CREDITS"": 1.896551724137931, ""DATASET"": 1.900990099009901}",4
dirichlet_0.1__high,dirichlet_0.1,0.1,high,1.9,4215538721,1dec5d80336271d5,ed52781ae41b5190,exact_pending_queue,"[[0.05775559075796911, 0.04445585142394026, 0.5638719606336591, 0.3339165971844317], [6.47831926456415e-05, 6.914046554103588e-06, 0.02136134078434542, 0.9785669619764548], [0.14604653119453678, 1.572044081673975e-05, 4.917221651114245e-05, 0.8538885761481354], [0.09356088851693922, 0.8837141521701638, 0.02272495931182204, 1.0750131542223661e-12], [0.0934759701972736, 6.354544962905261e-23, 0.4651961750926981, 0.4413278547100284], [0.6354853718602697, 2.1672231115201166e-06, 0.019399436033937997, 0.3451130248826809]]","[{""research"": 2, ""code_review"": 1, ""doc_processing"": 3, ""monitoring"": 2}, {""research"": 0, ""code_review"": 0, ""doc_processing"": 0, ""monitoring"": 8}, {""research"": 1, ""code_review"": 0, ""doc_processing"": 0, ""monitoring"": 7}, {""research"": 0, ""code_review"": 8, ""doc_processing"": 0, ""monitoring"": 0}, {""research"": 0, ""code_review"": 0, ""doc_processing"": 4, ""monitoring"": 4}, {""research"": 6, ""code_review"": 0, ""doc_processing"": 1, ""monitoring"": 1}]","[4, 1, 2, 1, 2, 3]",0.16666666666666666,0.375873469157358,0.7083333333333334,0.14302158302158305,0.09426812995934443,"{""COMPUTE"": 748, ""MEMORY"": 659, ""API_CREDITS"": 309, ""DATASET"": 248}","{""COMPUTE"": 394, ""MEMORY"": 347, ""API_CREDITS"": 163, ""DATASET"": 131}","{""COMPUTE"": 1.898477157360406, ""MEMORY"": 1.899135446685879, ""API_CREDITS"": 1.8957055214723926, ""DATASET"": 1.8931297709923665}",4
dirichlet_0.1__high,dirichlet_0.1,0.1,high,1.9,4224506899,7fe0a4bf2b60253a,707c450e0f1e045d,exact_pending_queue,"[[0.35994841947265216, 4.0085288978049484e-05, 0.5485390076053995, 0.09147248763297028], [1.5276737175318627e-12, 0.9284183524830102, 0.06750199194936919, 0.00407965556609278], [0.00017636713089332266, 0.3264924295740952, 2.8473900562670663e-11, 0.6733312032665376], [0.9989648318561519, 0.0007960386856994639, 9.938828199660938e-05, 0.00013974117615200873], [4.803755716619189e-05, 0.8147026572717421, 6.51873115874891e-05, 0.18518411785950414], [5.728062289279631e-15, 0.9935307352288526, 0.002600580583428398, 0.003868684187713286]]","[{""research"": 4, ""code_review"": 0, ""doc_processing"": 4, ""monitoring"": 0}, {""research"": 0, ""code_review"": 8, ""doc_processing"": 0, ""monitoring"": 0}, {""research"": 0, ""code_review"": 3, ""doc_processing"": 0, ""monitoring"": 5}, {""research"": 8, ""code_review"": 0, ""doc_processing"": 0, ""monitoring"": 0}, {""research"": 0, ""code_review"": 7, ""doc_processing"": 0, ""monitoring"": 1}, {""research"": 0, ""code_review"": 8, ""doc_processing"": 0, ""monitoring"": 0}]","[2, 1, 2, 1, 2, 1]",0.0,0.20816653717704678,0.7,0.08928844976674746,0.0560807053517157,"{""COMPUTE"": 804, ""MEMORY"": 674, ""API_CREDITS"": 406, ""DATASET"": 144}","{""COMPUTE"": 423, ""MEMORY"": 355, ""API_CREDITS"": 214, ""DATASET"": 76}","{""COMPUTE"": 1.900709219858156, ""MEMORY"": 1.8985915492957746, ""API_CREDITS"": 1.897196261682243, ""DATASET"": 1.894736842105263}",4
dirichlet_0.1__high,dirichlet_0.1,0.1,high,1.9,4230076829,e40fcb65337b1596,2e4b3a9c90bd85a0,exact_pending_queue,"[[0.9113283281885712, 0.08616281260346194, 2.0320710190602607e-05, 0.0024885384977760515], [0.0002703358728524857, 0.9275061086292955, 0.05288698837745505, 0.019336567120396823], [4.093457335897757e-05, 0.6239452915087884, 7.599950111178151e-10, 0.3760137731578578], [0.06155956007270473, 4.675650665539177e-18, 0.811706526967817, 0.12673391295947822], [0.02549732204971061, 0.9635859932395893, 0.0013595746973958688, 0.009557110013304258], [0.9828677422069723, 1.6281071071552782e-07, 7.728042940031616e-09, 0.01713208725427402]]","[{""research"": 7, ""code_review"": 1, ""doc_processing"": 0, ""monitoring"": 0}, {""research"": 0, ""code_review"": 8, ""doc_processing"": 0, ""monitoring"": 0}, {""research"": 0, ""code_review"": 6, ""doc_processing"": 0, ""monitoring"": 2}, {""research"": 0, ""code_review"": 0, ""doc_processing"": 7, ""monitoring"": 1}, {""research"": 1, ""code_review"": 7, ""doc_processing"": 0, ""monitoring"": 0}, {""research"": 8, ""code_review"": 0, ""doc_processing"": 0, ""monitoring"": 0}]","[2, 1, 2, 2, 2, 1]",0.0,0.2034976211714935,0.7333333333333333,0.05195027852091783,0.03751533549392049,"{""COMPUTE"": 942, ""MEMORY"": 779, ""API_CREDITS"": 477, ""DATASET"": 152}","{""COMPUTE"": 496, ""MEMORY"": 410, ""API_CREDITS"": 251, ""DATASET"": 80}","{""COMPUTE"": 1.8991935483870968, ""MEMORY"": 1.9, ""API_CREDITS"": 1.900398406374502, ""DATASET"": 1.9}",4
dirichlet_0.1__high,dirichlet_0.1,0.1,high,1.9,4253299686,e44dc06ab5fcfc57,f40211c07c2aaadb,exact_pending_queue,"[[0.8171201152046371, 0.0011089061781487312, 0.1519010364037438, 0.02986994221347036], [2.1357787701466075e-12, 0.8998519824019966, 0.09981247795424227, 0.00033553964162523443], [0.000377142309826616, 0.9995471170860499, 6.878151156403063e-05, 6.959092559422275e-06], [0.04250490048001091, 0.0364896244778223, 0.9200767043545837, 0.0009287706875832119], [0.6867666021658528, 1.1258349446812652e-05, 9.41450885826207e-08, 0.31322204533961184], [0.00857333757644059, 0.0001588385643377252, 0.7813053930399119, 0.20996243081930976]]","[{""research"": 7, ""code_review"": 0, ""doc_processing"": 1, ""monitoring"": 0}, {""research"": 0, ""code_review"": 7, ""doc_processing"": 1, ""monitoring"": 0}, {""research"": 0, ""code_review"": 8, ""doc_processing"": 0, ""monitoring"": 0}, {""research"": 0, ""code_review"": 0, ""doc_processing"": 8, ""monitoring"": 0}, {""research"": 5, ""code_review"": 0, ""doc_processing"": 0, ""monitoring"": 3}, {""research"": 0, ""code_review"": 0, ""doc_processing"": 6, ""monitoring"": 2}]","[2, 2, 1, 1, 2, 2]",0.0,0.23773675114860757,0.7916666666666666,0.0699462693769332,0.04600165177326765,"{""COMPUTE"": 950, ""MEMORY"": 769, ""API_CREDITS"": 459, ""DATASET"": 136}","{""COMPUTE"": 500, ""MEMORY"": 405, ""API_CREDITS"": 242, ""DATASET"": 72}","{""COMPUTE"": 1.9, ""MEMORY"": 1.8987654320987655, ""API_CREDITS"": 1.896694214876033, ""DATASET"": 1.8888888888888888}",4
dirichlet_0.1__high,dirichlet_0.1,0.1,high,1.9,4259560605,594ffc4dc29c6996,af9f5cfcda997074,exact_pending_queue,"[[3.205279554774433e-12, 0.18874657484569662, 0.2123673319584454, 0.5988860931926527], [0.8375449338120889, 0.16224880549500306, 0.00019083946614673996, 1.5421226761281742e-05], [0.009598740608104053, 7.308966674902938e-11, 0.6563817176019328, 0.3340195417168735], [2.980058822043727e-20, 0.026439241488057406, 1.2808910239571564e-05, 0.973547949601703], [0.7714974920514451, 0.22801794134256773, 0.000168026817483137, 0.0003165397885040211], [0.0010326241389774944, 0.011267152841325517, 0.9428815387803263, 0.04481868423937068]]","[{""research"": 0, ""code_review"": 2, ""doc_processing"": 0, ""monitoring"": 6}, {""research"": 8, ""code_review"": 0, ""doc_processing"": 0, ""monitoring"": 0}, {""research"": 0, ""code_review"": 0, ""doc_processing"": 4, ""monitoring"": 4}, {""research"": 0, ""code_review"": 0, ""doc_processing"": 0, ""monitoring"": 8}, {""research"": 4, ""code_review"": 4, ""doc_processing"": 0, ""monitoring"": 0}, {""research"": 0, ""code_review"": 0, ""doc_processing"": 8, ""monitoring"": 0}]","[2, 1, 2, 1, 2, 1]",0.0,0.2342731770382611,0.8,0.1464772178007472,0.09607789479113009,"{""COMPUTE"": 876, ""MEMORY"": 750, ""API_CREDITS"": 378, ""DATASET"": 240}","{""COMPUTE"": 461, ""MEMORY"": 395, ""API_CREDITS"": 199, ""DATASET"": 126}","{""COMPUTE"": 1.9002169197396963, ""MEMORY"": 1.8987341772151898, ""API_CREDITS"": 1.899497487437186, ""DATASET"": 1.9047619047619047}",4
dirichlet_0.1__high,dirichlet_0.1,0.1,high,1.9,4283749312,7090ecf365d99528,c47eedb1e6ddb29e,exact_pending_queue,"[[0.007967800894944208, 6.686978675779378e-07, 0.9915783492701233, 0.00045318113706485673], [1.611889276898017e-05, 0.2145829589139613, 0.03053929784311488, 0.7548616243501548], [8.975632497460327e-11, 0.09297040701687219, 8.330452360438225e-07, 0.9070287598481355], [0.012023059346454066, 9.30438738300109e-07, 0.6486951193829337, 0.33928089083187407], [0.9712866661876277, 0.00016130842148881242, 0.004390747391176264, 0.024161277999707242], [0.7801906177096772, 0.004960611370919644, 4.413649424690109e-10, 0.21484877047803833]]","[{""research"": 0, ""code_review"": 0, ""doc_processing"": 8, ""monitoring"": 0}, {""research"": 0, ""code_review"": 1, ""doc_processing"": 1, ""monitoring"": 6}, {""research"": 0, ""code_review"": 1, ""doc_processing"": 0, ""monitoring"": 7}, {""research"": 0, ""code_review"": 0, ""doc_processing"": 6, ""monitoring"": 2}, {""research"": 8, ""code_review"": 0, ""doc_processing"": 0, ""monitoring"": 0}, {""research"": 5, ""code_review"": 0, ""doc_processing"": 0, ""monitoring"": 3}]","[1, 3, 2, 2, 1, 2]",0.0,0.2808795579202356,0.7333333333333333,0.1324491756278104,0.0853443418808323,"{""COMPUTE"": 936, ""MEMORY"": 795, ""API_CREDITS"": 401, ""DATASET"": 248}","{""COMPUTE"": 493, ""MEMORY"": 418, ""API_CREDITS"": 211, ""DATASET"": 131}","{""COMPUTE"": 1.898580121703854, ""MEMORY"": 1.9019138755980862, ""API_CREDITS"": 1.900473933649289, ""DATASET"": 1.8931297709923665}",4
dirichlet_0.1__moderate,dirichlet_0.1,0.1,moderate,1.3,13163994,1e780f25771657ef,d31c1cd8d730277f,exact_pending_queue,"[[0.026088350404844845, 5.100748689441955e-05, 9.350434294501418e-08, 0.9738605486039179], [0.0025846323689815934, 3.549124171691582e-08, 0.011090720451698606, 0.9863246116880781], [0.9804029891671465, 0.019596903049466045, 8.075804956335572e-16, 1.0778338671875892e-07], [0.33119725757379526, 0.021820755029967595, 0.643849151857128, 0.003132835539109094], [0.00036135628316282816, 0.9740218192533009, 6.090772934445615e-06, 0.025610733690601864], [0.9943114947487781, 0.005688463776125428, 4.147509645446354e-08, 1.948237966052359e-21]]","[{""research"": 0, ""code_review"": 0, ""doc_processing"": 0, ""monitoring"": 8}, {""research"": 0, ""code_review"": 0, ""doc_processing"": 0, ""monitoring"": 8}, {""research"": 8, ""code_review"": 0, ""doc_processing"": 0, ""monitoring"": 0}, {""research"": 3, ""code_review"": 0, ""doc_processing"": 5, ""monitoring"": 0}, {""research"": 0, ""code_review"": 7, ""doc_processing"": 0, ""monitoring"": 1}, {""research"": 8, ""code_review"": 0, ""doc_processing"": 0, ""monitoring"": 0}]","[1, 1, 1, 2, 2, 1]",0.0,0.12483320384371345,0.8,0.14995441748019067,0.11324651230149513,"{""COMPUTE"": 962, ""MEMORY"": 840, ""API_CREDITS"": 432, ""DATASET"": 288}","{""COMPUTE"": 740, ""MEMORY"": 646, ""API_CREDITS"": 332, ""DATASET"": 222}","{""COMPUTE"": 1.3, ""MEMORY"": 1.3003095975232197, ""API_CREDITS"": 1.3012048192771084, ""DATASET"": 1.2972972972972974}",4
dirichlet_0.1__moderate,dirichlet_0.1,0.1,moderate,1.3,47233068,678216927f90ead6,e90a75ead140ee67,exact_pending_queue,"[[0.00012772367748659994, 0.010669991515802061, 2.836143868874668e-11, 0.9892022847783499], [0.6620266264980431, 0.28378205748692026, 2.9926918078496982e-18, 0.054191316015036586], [5.2614717363260304e-11, 5.011300293250928e-10, 0.9999764953248296, 2.3504121425703284e-05], [5.432754762770395e-10, 0.9995920475382521, 3.020330679166869e-08, 0.0004079217151656547], [1.3796357340203217e-16, 0.42686189477779857, 8.400324947647359e-17, 0.5731381052222012], [5.148013316628593e-06, 0.9999941839559502, 6.59114103607751e-07, 8.916629538229212e-09]]","[{""research"": 0, ""code_review"": 0, ""doc_processing"": 0, ""monitoring"": 8}, {""research"": 5, ""code_review"": 2, ""doc_processing"": 0, ""monitoring"": 1}, {""research"": 0, ""code_review"": 0, ""doc_processing"": 8, ""monitoring"": 0}, {""research"": 0, ""code_review"": 8, ""doc_processing"": 0, ""monitoring"": 0}, {""research"": 0, ""code_review"": 5, ""doc_processing"": 0, ""monitoring"": 3}, {""research"": 0, ""code_review"": 8, ""doc_processing"": 0, ""monitoring"": 0}]","[1, 3, 1, 1, 2, 1]",0.0,0.1877690786350303,0.7583333333333333,0.14421723974253156,0.09155796676062565,"{""COMPUTE"": 672, ""MEMORY"": 565, ""API_CREDITS"": 315, ""DATASET"": 136}","{""COMPUTE"": 517, ""MEMORY"": 435, ""API_CREDITS"": 242, ""DATASET"": 105}","{""COMPUTE"": 1.299806576402321, ""MEMORY"": 1.2988505747126438, ""API_CREDITS"": 1.3016528925619835, ""DATASET"": 1.2952380952380953}",4
dirichlet_0.1__moderate,dirichlet_0.1,0.1,moderate,1.3,51953835,bd44f8a6a73baa95,8529c5b236d23823,exact_pending_queue,"[[0.18217859382204152, 0.019202273116665242, 0.02770759828556693, 0.7709115347757263], [1.990680218566987e-05, 0.9739941065700854, 0.011331894760023732, 0.01465409186770495], [0.0007780802880467809, 0.14439998252177663, 0.10883280504635785, 0.7459891321438188], [0.001656141116916956, 5.466341028412892e-06, 0.9966977582348967, 0.0016406343071578787], [0.03861702045718707, 0.0010796122290299105, 4.6426190910414565e-05, 0.9602569411228726], [0.9689549357672261, 3.09007631526258e-05, 0.030796105621334183, 0.000218057848287148]]","[{""research"": 3, ""code_review"": 0, ""doc_processing"": 0, ""monitoring"": 5}, {""research"": 0, ""code_review"": 8, ""doc_processing"": 0, ""monitoring"": 0}, {""research"": 0, ""code_review"": 1, ""doc_processing"": 1, ""monitoring"": 6}, {""research"": 0, ""code_review"": 0, ""doc_processing"": 8, ""monitoring"": 0}, {""research"": 0, ""code_review"": 0, ""doc_processing"": 0, ""monitoring"": 8}, {""research"": 8, ""code_review"": 0, ""doc_processing"": 0, ""monitoring"": 0}]","[2, 1, 3, 1, 1, 1]",0.0,0.1679760106153415,0.825,0.15911390980853976,0.10306263957245791,"{""COMPUTE"": 814, ""MEMORY"": 706, ""API_CREDITS"": 350, ""DATASET"": 240}","{""COMPUTE"": 626, ""MEMORY"": 543, ""API_CREDITS"": 269, ""DATASET"": 185}","{""COMPUTE"": 1.3003194888178913, ""MEMORY"": 1.3001841620626151, ""API_CREDITS"": 1.3011152416356877, ""DATASET"": 1.2972972972972974}",4
dirichlet_0.1__moderate,dirichlet_0.1,0.1,moderate,1.3,71021215,4970021283759b8f,c020ae860e83177b,exact_pending_queue,"[[0.05166012098282695, 1.5550738677016647e-08, 0.008868633558224726, 0.9394712299082095], [6.190524900139802e-06, 0.7493144759648116, 0.2506793298378441, 3.672444267108452e-09], [0.37226111593646494, 0.011010186462731074, 3.92844618641784e-09, 0.6167286936723579], [2.4416205486721067e-06, 0.9354185396195989, 0.00011982406155774067, 0.06445919469829484], [1.9035352439404072e-06, 3.686568326370918e-10, 0.996288724052048, 0.0037093720440512694], [8.361389686270454e-06, 1.283174501186614e-06, 0.9994237707489789, 0.0005665846868336288]]","[{""research"": 0, ""code_review"": 0, ""doc_processing"": 0, ""monitoring"": 8}, {""research"": 0, ""code_review"": 3, ""doc_processing"": 5, ""monitoring"": 0}, {""research"": 2, ""code_review"": 0, ""doc_processing"": 0, ""monitoring"": 6}, {""research"": 0, ""code_review"": 7, ""doc_processing"": 0, ""monitoring"": 1}, {""research"": 0, ""code_review"": 0, ""doc_processing"": 8, ""monitoring"": 0}, {""research"": 0, ""code_review"": 0, ""doc_processing"": 8, ""monitoring"": 0}]","[1, 2, 2, 2, 1, 1]",0.0,0.19243971421530784,0.7583333333333333,0.15236298086875652,0.1105206578362087,"{""COMPUTE"": 750, ""MEMORY"": 609, ""API_CREDITS"": 319, ""DATASET"": 136}","{""COMPUTE"": 577, ""MEMORY"": 468, ""API_CREDITS"": 245, ""DATASET"": 105}","{""COMPUTE"": 1.2998266897746966, ""MEMORY"": 1.3012820512820513, ""API_CREDITS"": 1.3020408163265307, ""DATASET"": 1.2952380952380953}",4
dirichlet_0.1__moderate,dirichlet_0.1,0.1,moderate,1.3,79596452,9fce6a29b84da1a2,25498f46807ce7ae,exact_pending_queue,"[[6.020650631220886e-06, 5.747991821439903e-06, 0.063062489037159, 0.9369257423203883], [0.00035678466090286777, 0.001977391543399429, 8.071648018921122e-06, 0.9976577521476788], [0.006331429922822773, 7.127250060762354e-13, 0.5092194993652323, 0.4844490707112322], [0.4844688055711699, 0.4362954958945059, 0.0792356985343218, 2.3360431458417215e-15], [0.2609342393062831, 0.0017768137891219253, 0.49966067160154026, 0.23762827530305472], [5.7854995951297554e-08, 5.518515022518511e-09, 0.05047191700328053, 0.9495280196232085]]","[{""research"": 0, ""code_review"": 0, ""doc_processing"": 2, ""monitoring"": 6}, {""research"": 0, ""code_review"": 0, ""doc_processing"": 0, ""monitoring"": 8}, {""research"": 0, ""code_review"": 0, ""doc_processing"": 5, ""monitoring"": 3}, {""research"": 7, ""code_review"": 1, ""doc_processing"": 0, ""monitoring"": 0}, {""research"": 2, ""code_review"": 0, ""doc_processing"": 5, ""monitoring"": 1}, {""research"": 0, ""code_review"": 0, ""doc_processing"": 0, ""monitoring"": 8}]","[2, 1, 2, 2, 3, 1]",0.0,0.30067262593992444,0.6333333333333333,0.14779943651787436,0.10390388764157493,"{""COMPUTE"": 788, ""MEMORY"": 695, ""API_CREDITS"": 305, ""DATASET"": 280}","{""COMPUTE"": 606, ""MEMORY"": 535, ""API_CREDITS"": 235, ""DATASET"": 215}","{""COMPUTE"": 1.3003300330033003, ""MEMORY"": 1.2990654205607477, ""API_CREDITS"": 1.297872340425532, ""DATASET"": 1.302325581395349}",4
dirichlet_0.1__moderate,dirichlet_0.1,0.1,moderate,1.3,105735450,8432fbbeef0cbe6a,b66da838aded44f0,exact_pending_queue,"[[3.889297909831816e-07, 0.9999310083997729, 6.849258699695264e-05, 1.1008343920173772e-07], [2.1976283798260838e-07, 0.025055610140277004, 0.9749439609835902, 2.091132948641279e-07], [0.9297001873657745, 6.685731272290504e-12, 0.032693633007444996, 0.03760617962009478], [0.6892086861677778, 2.1745647475273894e-06, 0.29519594926783665, 0.015593189999638157], [0.020836216852573298, 0.8941453772830639, 1.400857912056291e-05, 0.08500439728524219], [0.6060150276241854, 0.14998100461116862, 0.00010959404372338615, 0.2438943737209226]]","[{""research"": 0, ""code_review"": 8, ""doc_processing"": 0, ""monitoring"": 0}, {""research"": 0, ""code_review"": 1, ""doc_processing"": 7, ""monitoring"": 0}, {""research"": 7, ""code_review"": 0, ""doc_processing"": 0, ""monitoring"": 1}, {""research"": 8, ""code_review"": 0, ""doc_processing"": 0, ""monitoring"": 0}, {""research"": 0, ""code_review"": 8, ""doc_processing"": 0, ""monitoring"": 0}, {""research"": 7, ""code_review"": 1, ""doc_processing"": 0, ""monitoring"": 0}]","[1, 2, 2, 1, 1, 2]",0.0,0.1358911107998991,0.7166666666666667,0.0625100400421662,0.04690111214035474,"{""COMPUTE"": 1090, ""MEMORY"": 903, ""API_CREDITS"": 553, ""DATASET"": 184}","{""COMPUTE"": 838, ""MEMORY"": 695, ""API_CREDITS"": 425, ""DATASET"": 142}","{""COMPUTE"": 1.3007159904534606, ""MEMORY"": 1.2992805755395684, ""API_CREDITS"": 1.3011764705882354, ""DATASET"": 1.295774647887324}",4
dirichlet_0.1__moderate,dirichlet_0.1,0.1,moderate,1.3,119160524,2bdf59e09aff08de,54140bff5a6b0361,exact_pending_queue,"[[0.00018639655817829698, 0.00539773438957133, 0.04276322547627647, 0.9516526435759739], [0.9999911606075115, 2.286804185729128e-12, 8.839003223146144e-06, 3.869786296916982e-10], [0.10047568945038249, 0.8933492263993237, 2.107252997915807e-10, 0.006175083939568456], [2.6737251058482785e-07, 1.140464342560563e-05, 0.9879410786249104, 0.012047249359153288], [2.960177125308927e-06, 0.6611277755114338, 0.3388667755575598, 2.4887538811552706e-06], [0.9608494544545026, 0.011501577358584883, 1.1286695160903189e-12, 0.027648968185783825]]","[{""research"": 0, ""code_review"": 0, ""doc_processing"": 0, ""monitoring"": 8}, {""research"": 8, ""code_review"": 0, ""doc_processing"": 0, ""monitoring"": 0}, {""research"": 0, ""code_review"": 8, ""doc_processing"": 0, ""monitoring"": 0}, {""research"": 0, ""code_review"": 0, ""doc_processing"": 8, ""monitoring"": 0}, {""research"": 0, ""code_review"": 4, ""doc_processing"": 4, ""monitoring"": 0}, {""research"": 8, ""code_review"": 0, ""doc_processing"": 0, ""monitoring"": 0}]","[1, 1, 1, 1, 2, 1]",0.0,0.08333333333333333,0.8666666666666667,0.13714063714063712,0.08699710783044114,"{""COMPUTE"": 992, ""MEMORY"": 824, ""API_CREDITS"": 472, ""DATASET"": 192}","{""COMPUTE"": 763, ""MEMORY"": 634, ""API_CREDITS"": 363, ""DATASET"": 148}","{""COMPUTE"": 1.3001310615989514, ""MEMORY"": 1.2996845425867507, ""API_CREDITS"": 1.300275482093664, ""DATASET"": 1.2972972972972974}",4
dirichlet_0.1__moderate,dirichlet_0.1,0.1,moderate,1.3,144382842,0264560557189c0c,9dad642079f9905e,exact_pending_queue,"[[0.9043238183762886, 4.8433938730506924e-05, 0.09470887230265465, 0.0009188753823262926], [0.0893406999694689, 0.06450802809558384, 0.8461512719348421, 1.051518407384176e-13], [0.9160875509166381, 2.476944486015285e-12, 0.0027565136803890367, 0.08115593540049602], [0.0014513086659399264, 7.658732553455366e-11, 0.01815575961673086, 0.980392931640742], [9.676686779189217e-06, 0.8124719241636313, 0.1732248388329663, 0.01429356031662325], [0.4997243477379715, 0.09219415034903936, 0.4029471081338186, 0.0051343937791706075]]","[{""research"": 8, ""code_review"": 0, ""doc_processing"": 0, ""monitoring"": 0}, {""research"": 0, ""code_review"": 0, ""doc_processing"": 8, ""monitoring"": 0}, {""research"": 7, ""code_review"": 0, ""doc_processing"": 0, ""monitoring"": 1}, {""research"": 0, ""code_review"": 0, ""doc_processing"": 0, ""monitoring"": 8}, {""research"": 0, ""code_review"": 7, ""doc_processing"": 1, ""monitoring"": 0}, {""research"": 4, ""code_review"": 1, ""doc_processing"": 3, ""monitoring"": 0}]","[1, 1, 2, 1, 2, 3]",0.0,0.20773066238572993,0.8166666666666667,0.1315698280028498,0.07997822434478716,"{""COMPUTE"": 1062, ""MEMORY"": 888, ""API_CREDITS"": 500, ""DATASET"": 224}","{""COMPUTE"": 817, ""MEMORY"": 683, ""API_CREDITS"": 385, ""DATASET"": 172}","{""COMPUTE"": 1.2998776009791921, ""MEMORY"": 1.3001464128843339, ""API_CREDITS"": 1.2987012987012987, ""DATASET"": 1.302325581395349}",4
dirichlet_0.1__moderate,dirichlet_0.1,0.1,moderate,1.3,154011620,ce256c3c302a8aeb,3b658547e40adc36,exact_pending_queue,"[[0.02562368676479284, 1.6052954134068651e-16, 5.558088044581291e-05, 0.9743207323547611], [0.0002555931650316525, 0.37856293653222617, 0.5733275005351997, 0.04785396976754238], [0.9999510134257729, 4.7652463784888224e-05, 1.3333566931703325e-06, 7.537491774680814e-10], [0.0032767988515354876, 1.64814645108616e-07, 0.33304899792209236, 0.6636740384117271], [0.9942251511201784, 0.005772312031423242, 2.303477972062719e-15, 2.536848396090071e-06], [0.156075211280507, 2.9741383279879254e-09, 0.0012504214881568756, 0.8426743642571978]]","[{""research"": 0, ""code_review"": 0, ""doc_processing"": 0, ""monitoring"": 8}, {""research"": 0, ""code_review"": 2, ""doc_processing"": 6, ""monitoring"": 0}, {""research"": 8, ""code_review"": 0, ""doc_processing"": 0, ""monitoring"": 0}, {""research"": 0, ""code_review"": 0, ""doc_processing"": 1, ""monitoring"": 7}, {""research"": 8, ""code_review"": 0, ""doc_processing"": 0, ""monitoring"": 0}, {""research"": 2, ""code_review"": 0, ""doc_processing"": 0, ""monitoring"": 6}]","[1, 2, 1, 2, 1, 2]",0.0,0.1805100576764885,0.7333333333333333,0.1479541150311187,0.09944678887842846,"{""COMPUTE"": 954, ""MEMORY"": 839, ""API_CREDITS"": 409, ""DATASET"": 312}","{""COMPUTE"": 734, ""MEMORY"": 645, ""API_CREDITS"": 315, ""DATASET"": 240}","{""COMPUTE"": 1.2997275204359673, ""MEMORY"": 1.3007751937984495, ""API_CREDITS"": 1.2984126984126985, ""DATASET"": 1.3}",4
dirichlet_0.1__moderate,dirichlet_0.1,0.1,moderate,1.3,160641470,692dc4949b43b077,ed624948bdd6a465,exact_pending_queue,"[[0.672748233084381, 0.326811626070578, 0.0004399428004562461, 1.980445846648514e-07], [0.2505881531516013, 5.262736185331783e-10, 5.753937413419731e-15, 0.7494118463221193], [7.118276908566961e-10, 1.098901764829547e-10, 3.463910408323516e-12, 0.9999999991748183], [4.659780818288582e-09, 0.9989871671324092, 0.001010330846991935, 2.4973608180820046e-06], [0.05889294735761842, 0.9335278592804857, 0.00024652578227013754, 0.007332667579625781], [0.92777213019374, 0.04632883551255525, 0.02589898193224115, 5.2361463599711893e-08]]","[{""research"": 5, ""code_review"": 3, ""doc_processing"": 0, ""monitoring"": 0}, {""research"": 2, ""code_review"": 0, ""doc_processing"": 0, ""monitoring"": 6}, {""research"": 0, ""code_review"": 0, ""doc_processing"": 0, ""monitoring"": 8}, {""research"": 0, ""code_review"": 8, ""doc_processing"": 0, ""monitoring"": 0}, {""research"": 2, ""code_review"": 5, ""doc_processing"": 0, ""monitoring"": 1}, {""research"": 8, ""code_review"": 0, ""doc_processing"": 0, ""monitoring"": 0}]","[2, 2, 1, 1, 3, 1]",0.0,0.2553755890066247,0.7166666666666667,0.13321758149342944,0.08878999662480051,"{""COMPUTE"": 858, ""MEMORY"": 756, ""API_CREDITS"": 400, ""DATASET"": 256}","{""COMPUTE"": 660, ""MEMORY"": 582, ""API_CREDITS"": 308, ""DATASET"": 197}","{""COMPUTE"": 1.3, ""MEMORY"": 1.2989690721649485, ""API_CREDITS"": 1.2987012987012987, ""DATASET"": 1.299492385786802}",4
dirichlet_0.1__moderate,dirichlet_0.1,0.1,moderate,1.3,171451216,bcdaa693195308ce,6ba2a6477b2753c2,exact_pending_queue,"[[5.954920903699959e-05, 9.020411694909203e-05, 0.09404980779442247, 0.9058004388795914], [8.1084501278884e-09, 3.6072812696873534e-15, 6.7132851960823e-06, 0.9999932786063502], [8.764921736587727e-06, 7.796941433330141e-07, 1.8175328291789246e-09, 0.9999904535665872], [0.24285680555124187, 0.7566429182126334, 0.0005002440083227613, 3.222780179655375e-08], [0.9166863269607022, 2.530512754424273e-15, 0.08331365711529044, 1.5924004869946766e-08], [1.652195805931697e-11, 0.0054593446054556054, 0.5841160428868042, 0.41042461249121825]]","[{""research"": 0, ""code_review"": 0, ""doc_processing"": 2, ""monitoring"": 6}, {""research"": 0, ""code_review"": 0, ""doc_processing"": 0, ""monitoring"": 8}, {""research"": 0, ""code_review"": 0, ""doc_processing"": 0, ""monitoring"": 8}, {""research"": 3, ""code_review"": 5, ""doc_processing"": 0, ""monitoring"": 0}, {""research"": 8, ""code_review"": 0, ""doc_processing"": 0, ""monitoring"": 0}, {""research"": 0, ""code_review"": 0, ""doc_processing"": 3, ""monitoring"": 5}]","[2, 1, 1, 2, 1, 2]",0.0,0.2266788441924219,0.6666666666666666,0.13675238150603114,0.0912861407890681,"{""COMPUTE"": 750, ""MEMORY"": 682, ""API_CREDITS"": 294, ""DATASET"": 304}","{""COMPUTE"": 577, ""MEMORY"": 525, ""API_CREDITS"": 226, ""DATASET"": 234}","{""COMPUTE"": 1.2998266897746966, ""MEMORY"": 1.299047619047619, ""API_CREDITS"": 1.3008849557522124, ""DATASET"": 1.2991452991452992}",4
dirichlet_0.1__moderate,dirichlet_0.1,0.1,moderate,1.3,214605580,e837d2ff0fd809f3,b1f8809276c50b52,exact_pending_queue,"[[1.201640443584293e-08, 0.536172559088119, 0.4296947456817637, 0.03413268321371272], [0.4470581649942488, 0.007911723194743559, 5.7468248076285565e-06, 0.5450243649861999], [0.9999985917555866, 3.69424601949471e-12, 4.676647776290362e-15, 1.4082407144462284e-06], [1.2471244875014351e-06, 0.364082723078357, 0.04011799177628758, 0.5957980380208678], [0.0008579969759184148, 0.00025687381642592265, 0.9982953061137122, 0.0005898230939434966], [0.9983502774777998, 3.733535065722864e-06, 5.156767159169097e-10, 0.0016459884714576881]]","[{""research"": 0, ""code_review"": 3, ""doc_processing"": 5, ""monitoring"": 0}, {""research"": 4, ""code_review"": 0, ""doc_processing"": 0, ""monitoring"": 4}, {""research"": 8, ""code_review"": 0, ""doc_processing"": 0, ""monitoring"": 0}, {""research"": 0, ""code_review"": 1, ""doc_processing"": 0, ""monitoring"": 7}, {""research"": 0, ""code_review"": 0, ""doc_processing"": 8, ""monitoring"": 0}, {""research"": 8, ""code_review"": 0, ""doc_processing"": 0, ""monitoring"": 0}]","[2, 2, 1, 2, 1, 1]",0.0,0.20816653717704678,0.7833333333333333,0.12411180910158937,0.07766035748917713,"{""COMPUTE"": 1094, ""MEMORY"": 919, ""API_CREDITS"": 505, ""DATASET"": 248}","{""COMPUTE"": 842, ""MEMORY"": 707, ""API_CREDITS"": 388, ""DATASET"": 191}","{""COMPUTE"": 1.299287410926366, ""MEMORY"": 1.2998585572842998, ""API_CREDITS"": 1.3015463917525774, ""DATASET"": 1.2984293193717278}",4
dirichlet_0.1__moderate,dirichlet_0.1,0.1,moderate,1.3,215326899,072f92d25703eb1f,20bbab1ef87b1eab,exact_pending_queue,"[[0.00016851441940384987, 1.7714395972818394e-05, 0.9998126760365951, 1.0951480281319826e-06], [0.0128823320364355, 7.679239317312015e-05, 0.9834036718323091, 0.003637203738082231], [0.40772284568742, 0.0006670878363668843, 0.03520919899995854, 0.5564008674762545], [5.317034723811305e-05, 0.0002936558179207635, 2.4254162029127965e-07, 0.9996529312932209], [9.008101077374807e-05, 0.9396849209139263, 0.00195339492081675, 0.05827160315448321], [0.000853017145808515, 0.9988238285982924, 0.0002803169753795722, 4.2837280519470733e-05]]","[{""research"": 0, ""code_review"": 0, ""doc_processing"": 8, ""monitoring"": 0}, {""research"": 0, ""code_review"": 0, ""doc_processing"": 8, ""monitoring"": 0}, {""research"": 2, ""code_review"": 0, ""doc_processing"": 0, ""monitoring"": 6}, {""research"": 0, ""code_review"": 0, ""doc_processing"": 0, ""monitoring"": 8}, {""research"": 0, ""code_review"": 8, ""doc_processing"": 0, ""monitoring"": 0}, {""research"": 0, ""code_review"": 8, ""doc_processing"": 0, ""monitoring"": 0}]","[1, 1, 2, 1, 1, 1]",0.0,0.0676065103715944,0.8166666666666667,0.15730614766759346,0.11495554869048845,"{""COMPUTE"": 692, ""MEMORY"": 568, ""API_CREDITS"": 304, ""DATASET"": 128}","{""COMPUTE"": 532, ""MEMORY"": 437, ""API_CREDITS"": 234, ""DATASET"": 98}","{""COMPUTE"": 1.300751879699248, ""MEMORY"": 1.299771167048055, ""API_CREDITS"": 1.2991452991452992, ""DATASET"": 1.3061224489795917}",4
dirichlet_0.1__moderate,dirichlet_0.1,0.1,moderate,1.3,251198272,76e1d0c0c1c911ff,15240693c7d8c169,exact_pending_queue,"[[0.003936338013575621, 0.008729231614678413, 0.841925471733835, 0.14540895863791084], [0.0005081279197676609, 0.5383762376239783, 0.40681356329255475, 0.054302071163699346], [1.274609873130078e-07, 2.2289008778819796e-07, 0.5916139069418715, 0.40838574270705336], [0.32722975633194323, 0.0010008567624924603, 0.6129999928872676, 0.05876939401829669], [0.005496323794351176, 0.01399396373157035, 4.206691145110826e-06, 0.9805055057829334], [0.9999788662712138, 2.487924661377575e-12, 1.4342517221766564e-10, 2.1133582873126517e-05]]","[{""research"": 0, ""code_review"": 0, ""doc_processing"": 8, ""monitoring"": 0}, {""research"": 0, ""code_review"": 3, ""doc_processing"": 4, ""monitoring"": 1}, {""research"": 0, ""code_review"": 0, ""doc_processing"": 5, ""monitoring"": 3}, {""research"": 1, ""code_review"": 0, ""doc_processing"": 7, ""monitoring"": 0}, {""research"": 0, ""code_review"": 0, ""doc_processing"": 0, ""monitoring"": 8}, {""research"": 8, ""code_review"": 0, ""doc_processing"": 0, ""monitoring"": 0}]","[1, 3, 2, 2, 1, 1]",0.0,0.241969792362844,0.7083333333333334,0.1270349281312196,0.08222287182924788,"{""COMPUTE"": 960, ""MEMORY"": 777, ""API_CREDITS"": 423, ""DATASET"": 168}","{""COMPUTE"": 738, ""MEMORY"": 598, ""API_CREDITS"": 325, ""DATASET"": 129}","{""COMPUTE"": 1.3008130081300813, ""MEMORY"": 1.2993311036789297, ""API_CREDITS"": 1.3015384615384615, ""DATASET"": 1.302325581395349}",4
dirichlet_0.1__moderate,dirichlet_0.1,0.1,moderate,1.3,278470677,0683c7d65abd5df1,85486a2aa82cc896,exact_pending_queue,"[[0.0006197869270105038, 0.006602337817299552, 0.992447196105417, 0.00033067915027273204], [0.00010331985288444305, 6.23101374810341e-16, 0.9567740101197942, 0.043122670027320606], [0.9664440932030909, 2.893858845432878e-12, 1.3068843699867092e-12, 0.03355590679270824], [1.6318017401698452e-05, 0.00010915926649103459, 7.56006596935263e-05, 0.9997989220564139], [0.22443673062659342, 0.013216288732581188, 0.10858786034555944, 0.653759120295266], [0.9948560163268192, 0.002191357132502178, 2.6813438554276483e-09, 0.0029526238593347285]]","[{""research"": 0, ""code_review"": 0, ""doc_processing"": 8, ""monitoring"": 0}, {""research"": 0, ""code_review"": 0, ""doc_processing"": 7, ""monitoring"": 1}, {""research"": 8, ""code_review"": 0, ""doc_processing"": 0, ""monitoring"": 0}, {""research"": 0, ""code_review"": 0, ""doc_processing"": 0, ""monitoring"": 8}, {""research"": 0, ""code_review"": 0, ""doc_processing"": 2, ""monitoring"": 6}, {""research"": 8, ""code_review"": 0, ""doc_processing"": 0, ""monitoring"": 0}]","[1, 2, 1, 1, 2, 1]",0.0,0.1129035473048941,0.775,0.14304897067328007,0.09524116579825603,"{""COMPUTE"": 1038, ""MEMORY"": 871, ""API_CREDITS"": 457, ""DATASET"": 248}","{""COMPUTE"": 798, ""MEMORY"": 670, ""API_CREDITS"": 352, ""DATASET"": 191}","{""COMPUTE"": 1.300751879699248, ""MEMORY"": 1.3, ""API_CREDITS"": 1.2982954545454546, ""DATASET"": 1.2984293193717278}",4
dirichlet_0.1__moderate,dirichlet_0.1,0.1,moderate,1.3,300256241,2b347b5de4ad1018,203011093e6fff2a,exact_pending_queue,"[[1.7252680482782547e-06, 0.006453629034960516, 1.3039500553513654e-05, 0.9935316061964378], [0.9982760896988736, 5.128034673705292e-06, 0.0017187822663954071, 5.728722510794594e-14], [1.617909884331351e-08, 0.9090824470458975, 7.356118876794941e-08, 0.09091746321381483], [0.20929760119960314, 0.7893287100999756, 5.078626797570307e-08, 0.0013736379141533405], [0.0025998375349275435, 0.012965555291719024, 0.0003023505013121017, 0.9841322566720413], [0.9305170765157339, 0.0012928126382839775, 0.06819011083385636, 1.2125803260971606e-11]]","[{""research"": 0, ""code_review"": 0, ""doc_processing"": 0, ""monitoring"": 8}, {""research"": 8, ""code_review"": 0, ""doc_processing"": 0, ""monitoring"": 0}, {""research"": 0, ""code_review"": 8, ""doc_processing"": 0, ""monitoring"": 0}, {""research"": 2, ""code_review"": 6, ""doc_processing"": 0, ""monitoring"": 0}, {""research"": 0, ""code_review"": 0, ""doc_processing"": 0, ""monitoring"": 8}, {""research"": 7, ""code_review"": 0, ""doc_processing"": 1, ""monitoring"": 0}]","[1, 1, 1, 2, 1, 2]",0.0,0.1129035473048941,0.7916666666666666,0.16262965615375252,0.11846556778785694,"{""COMPUTE"": 868, ""MEMORY"": 765, ""API_CREDITS"": 399, ""DATASET"": 264}","{""COMPUTE"": 668, ""MEMORY"": 588, ""API_CREDITS"": 307, ""DATASET"": 203}","{""COMPUTE"": 1.2994011976047903, ""MEMORY"": 1.3010204081632653, ""API_CREDITS"": 1.299674267100977, ""DATASET"": 1.3004926108374384}",4
dirichlet_0.1__moderate,dirichlet_0.1,0.1,moderate,1.3,386905649,99a927996c4e639f,e816c5ceaeef598e,exact_pending_queue,"[[4.19770285739809e-13, 0.9952963243445898, 0.00470367007244683, 5.582543584324407e-09], [0.0009588621854813138, 1.4211178227171451e-24, 4.277822082336333e-10, 0.9990411373867364], [0.00031245977535633915, 0.00034993049498349574, 0.9992745029174886, 6.310681217138303e-05], [0.038601947881345966, 3.3506684278205777e-07, 0.0012485897763118094, 0.9601491272754994], [6.572983845119358e-17, 0.9999963042418406, 3.6766417547351485e-06, 1.9116404446231724e-08], [0.005639265020181408, 0.20857944299990733, 6.336518130960204e-05, 0.7857179267986016]]","[{""research"": 0, ""code_review"": 8, ""doc_processing"": 0, ""monitoring"": 0}, {""research"": 0, ""code_review"": 0, ""doc_processing"": 0, ""monitoring"": 8}, {""research"": 0, ""code_review"": 0, ""doc_processing"": 8, ""monitoring"": 0}, {""research"": 0, ""code_review"": 0, ""doc_processing"": 0, ""monitoring"": 8}, {""research"": 0, ""code_review"": 8, ""doc_processing"": 0, ""monitoring"": 0}, {""research"": 0, ""code_review"": 0, ""doc_processing"": 0, ""monitoring"": 8}]","[1, 1, 1, 1, 1, 1]",0.0,0.0,0.7333333333333333,0.19786324786324788,0.16025641025641027,"{""COMPUTE"": 528, ""MEMORY"": 472, ""API_CREDITS"": 200, ""DATASET"": 192}","{""COMPUTE"": 406, ""MEMORY"": 363, ""API_CREDITS"": 154, ""DATASET"": 148}","{""COMPUTE"": 1.3004926108374384, ""MEMORY"": 1.300275482093664, ""API_CREDITS"": 1.2987012987012987, ""DATASET"": 1.2972972972972974}",4
dirichlet_0.1__moderate,dirichlet_0.1,0.1,moderate,1.3,406271647,e514de482b753ab2,eda6b7e3ba79f653,exact_pending_queue,"[[0.3000036602993688, 2.533208168802514e-18, 3.898518827495019e-13, 0.6999963397002412], [2.315458015809668e-07, 0.9999939815534417, 2.571391219510915e-08, 5.761186844589715e-06], [2.688317795997507e-10, 0.004256491532445666, 0.9954618041988218, 0.00028170399990058893], [0.06266588082700743, 2.710409725162422e-06, 0.00041006309875099, 0.9369213456645163], [7.800326535273877e-13, 0.6791376627688128, 0.32085107387933676, 1.1263351070276337e-05], [0.4697521248123338, 2.6163869149039284e-12, 0.046003242568740214, 0.48424463261630973]]","[{""research"": 2, ""code_review"": 0, ""doc_processing"": 0, ""monitoring"": 6}, {""research"": 0, ""code_review"": 8, ""doc_processing"": 0, ""monitoring"": 0}, {""research"": 0, ""code_review"": 0, ""doc_processing"": 8, ""monitoring"": 0}, {""research"": 1, ""code_review"": 0, ""doc_processing"": 0, ""monitoring"": 7}, {""research"": 0, ""code_review"": 5, ""doc_processing"": 3, ""monitoring"": 0}, {""research"": 1, ""code_review"": 0, ""doc_processing"": 0, ""monitoring"": 7}]","[2, 1, 1, 2, 2, 2]",0.0,0.23773675114860757,0.75,0.1490450691655511,0.11427933958054441,"{""COMPUTE"": 668, ""MEMORY"": 576, ""API_CREDITS"": 276, ""DATASET"": 192}","{""COMPUTE"": 514, ""MEMORY"": 443, ""API_CREDITS"": 212, ""DATASET"": 148}","{""COMPUTE"": 1.2996108949416343, ""MEMORY"": 1.3002257336343115, ""API_CREDITS"": 1.3018867924528301, ""DATASET"": 1.2972972972972974}",4
dirichlet_0.1__moderate,dirichlet_0.1,0.1,moderate,1.3,411968488,cf788ead9857bba3,e27094f86a88f60e,exact_pending_queue,"[[0.0053439949888388445, 6.789927595917954e-07, 0.8936503939163947, 0.10100493210200676], [0.8453300012783653, 1.499231930828072e-07, 0.002502342342547573, 0.15216750645589414], [1.663489293960427e-10, 0.998546288103255, 0.0014537112833240913, 4.4707188095802946e-10], [0.007860668503869217, 0.08499588970230819, 9.95917046318035e-06, 0.9071334826233595], [0.020944813398410738, 0.9790471000974984, 8.085764426808318e-06, 7.396642078760023e-10], [0.002612471916274568, 0.4242804190550113, 0.5680401823504069, 0.0050669266783071815]]","[{""research"": 0, ""code_review"": 0, ""doc_processing"": 6, ""monitoring"": 2}, {""research"": 6, ""code_review"": 0, ""doc_processing"": 0, ""monitoring"": 2}, {""research"": 0, ""code_review"": 8, ""doc_processing"": 0, ""monitoring"": 0}, {""research"": 0, ""code_review"": 1, ""doc_processing"": 0, ""monitoring"": 7}, {""research"": 0, ""code_review"": 8, ""doc_processing"": 0, ""monitoring"": 0}, {""research"": 0, ""code_review"": 2, ""doc_processing"": 6, ""monitoring"": 0}]","[2, 2, 1, 2, 1, 2]",0.0,0.2481165680480829,0.775,0.12725698693716972,0.08344881976895212,"{""COMPUTE"": 746, ""MEMORY"": 617, ""API_CREDITS"": 347, ""DATASET"": 136}","{""COMPUTE"": 574, ""MEMORY"": 475, ""API_CREDITS"": 267, ""DATASET"": 105}","{""COMPUTE"": 1.2996515679442509, ""MEMORY"": 1.2989473684210526, ""API_CREDITS"": 1.299625468164794, ""DATASET"": 1.2952380952380953}",4
dirichlet_0.1__moderate,dirichlet_0.1,0.1,moderate,1.3,453975842,144b5f8fe7e12cbb,7151036ec30e7a11,exact_pending_queue,"[[0.9884465545365921, 0.0006051569732430231, 0.00969120291188241, 0.001257085578282516], [0.00021636639584400504, 0.9980832687896779, 0.0017003604192667972, 4.395211425216473e-09], [0.07424101116554169, 0.7922779363142264, 0.08325582554770415, 0.05022522697252783], [2.970335422114213e-05, 0.4955133634277196, 0.1496890148316469, 0.3547679183864123], [0.9953198929675788, 6.446725423017919e-06, 0.00025138458259564583, 0.004422275724402407], [2.897834213837476e-10, 0.4872659725018445, 0.5127340272070569, 1.3152523671237672e-12]]","[{""research"": 8, ""code_review"": 0, ""doc_processing"": 0, ""monitoring"": 0}, {""research"": 0, ""code_review"": 8, ""doc_processing"": 0, ""monitoring"": 0}, {""research"": 0, ""code_review"": 6, ""doc_processing"": 1, ""monitoring"": 1}, {""research"": 0, ""code_review"": 4, ""doc_processing"": 1, ""monitoring"": 3}, {""research"": 8, ""code_review"": 0, ""doc_processing"": 0, ""monitoring"": 0}, {""research"": 0, ""code_review"": 3, ""doc_processing"": 5, ""monitoring"": 0}]","[1, 1, 3, 3, 1, 2]",0.0,0.285112599134472,0.7083333333333334,0.06221371817702094,0.04299843003971446,"{""COMPUTE"": 940, ""MEMORY"": 780, ""API_CREDITS"": 472, ""DATASET"": 160}","{""COMPUTE"": 723, ""MEMORY"": 600, ""API_CREDITS"": 363, ""DATASET"": 123}","{""COMPUTE"": 1.3001383125864454, ""MEMORY"": 1.3, ""API_CREDITS"": 1.300275482093664, ""DATASET"": 1.3008130081300813}",4
dirichlet_0.1__moderate,dirichlet_0.1,0.1,moderate,1.3,462769092,d9da4139bfca2342,ebe570c92ab5d10f,exact_pending_queue,"[[0.3410260458664463, 4.646437685777471e-05, 0.6582955454431354, 0.000631944313560431], [0.09263355173612009, 1.1077487773046625e-16, 0.9010637459988358, 0.0063027022650439845], [9.050522573083671e-05, 3.4503871100942627e-07, 0.9855489615486018, 0.01436018818695628], [0.7831372802442133, 0.0002709455367365558, 0.09594065665626811, 0.12065111756278192], [1.761412178338254e-09, 0.00042129120064144407, 5.187238963499801e-05, 0.9995268346483114], [0.00045737085757634703, 6.612192284972701e-11, 2.768572749847368e-13, 0.9995426290760249]]","[{""research"": 1, ""code_review"": 0, ""doc_processing"": 7, ""monitoring"": 0}, {""research"": 2, ""code_review"": 0, ""doc_processing"": 6, ""monitoring"": 0}, {""research"": 0, ""code_review"": 0, ""doc_processing"": 8, ""monitoring"": 0}, {""research"": 7, ""code_review"": 0, ""doc_processing"": 1, ""monitoring"": 0}, {""research"": 0, ""code_review"": 0, ""doc_processing"": 0, ""monitoring"": 8}, {""research"": 0, ""code_review"": 0, ""doc_processing"": 0, ""monitoring"": 8}]","[2, 2, 1, 2, 1, 1]",0.0,0.1582005842381938,0.7166666666666667,0.1712551589337849,0.12778891676231197,"{""COMPUTE"": 952, ""MEMORY"": 786, ""API_CREDITS"": 406, ""DATASET"": 208}","{""COMPUTE"": 732, ""MEMORY"": 605, ""API_CREDITS"": 312, ""DATASET"": 160}","{""COMPUTE"": 1.3005464480874316, ""MEMORY"": 1.2991735537190083, ""API_CREDITS"": 1.3012820512820513, ""DATASET"": 1.3}",4
dirichlet_0.1__moderate,dirichlet_0.1,0.1,moderate,1.3,481369689,fb3bf9147debe71e,f18d68e367515901,exact_pending_queue,"[[0.7955998010150639, 0.2030186449390052, 0.0013815515122096247, 2.5337214107850842e-09], [0.030204646878452722, 5.438396811182984e-06, 1.8929558105615005e-16, 0.969789914724736], [0.9999979032865999, 2.3829710669629158e-12, 2.257667138942863e-07, 1.8709443031799524e-06], [0.08568774925015543, 2.559600625188024e-05, 3.9332431453003093e-07, 0.9142862614192782], [0.00022324962422607178, 0.999156845817582, 0.000454472052437721, 0.00016543250575422062], [9.878960040599262e-05, 0.9999012103712595, 2.27823949482425e-12, 2.6056252472708413e-11]]","[{""research"": 8, ""code_review"": 0, ""doc_processing"": 0, ""monitoring"": 0}, {""research"": 0, ""code_review"": 0, ""doc_processing"": 0, ""monitoring"": 8}, {""research"": 8, ""code_review"": 0, ""doc_processing"": 0, ""monitoring"": 0}, {""research"": 1, ""code_review"": 0, ""doc_processing"": 0, ""monitoring"": 7}, {""research"": 0, ""code_review"": 8, ""doc_processing"": 0, ""monitoring"": 0}, {""research"": 0, ""code_review"": 8, ""doc_processing"": 0, ""monitoring"": 0}]","[1, 1, 1, 2, 1, 1]",0.0,0.0452970369332997,0.7916666666666666,0.15673659673659673,0.10618578951912287,"{""COMPUTE"": 858, ""MEMORY"": 756, ""API_CREDITS"": 400, ""DATASET"": 256}","{""COMPUTE"": 660, ""MEMORY"": 582, ""API_CREDITS"": 308, ""DATASET"": 197}","{""COMPUTE"": 1.3, ""MEMORY"": 1.2989690721649485, ""API_CREDITS"": 1.2987012987012987, ""DATASET"": 1.299492385786802}",4
dirichlet_0.1__moderate,dirichlet_0.1,0.1,moderate,1.3,516112135,35e1cc7e0618f4bb,b882ac00dd4ccfaf,exact_pending_queue,"[[0.6257848394253654, 0.0005555213707563551, 0.00031894846231622984, 0.37334069074156184], [0.0034896386779000753, 0.020524612027056067, 0.975985749292718, 2.325966174390802e-12], [0.007686836375932526, 0.9916721853618102, 0.0006407434948781483, 2.347673790841106e-07], [0.04290437510812551, 1.5686340484656285e-07, 0.9570954635882362, 4.440233402596587e-09], [0.07575278658336429, 0.03143420092475909, 6.038829956418869e-08, 0.892812952103577], [3.003806301240907e-10, 0.0926335757336811, 0.39096073635989365, 0.5164056876060446]]","[{""research"": 4, ""code_review"": 0, ""doc_processing"": 0, ""monitoring"": 4}, {""research"": 0, ""code_review"": 0, ""doc_processing"": 8, ""monitoring"": 0}, {""research"": 0, ""code_review"": 8, ""doc_processing"": 0, ""monitoring"": 0}, {""research"": 0, ""code_review"": 0, ""doc_processing"": 8, ""monitoring"": 0}, {""research"": 0, ""code_review"": 0, ""doc_processing"": 0, ""monitoring"": 8}, {""research"": 0, ""code_review"": 1, ""doc_processing"": 2, ""monitoring"": 5}]","[2, 1, 1, 1, 1, 3]",0.0,0.19156624505794992,0.7833333333333333,0.15558848403058928,0.10512970460338883,"{""COMPUTE"": 758, ""MEMORY"": 629, ""API_CREDITS"": 319, ""DATASET"": 168}","{""COMPUTE"": 583, ""MEMORY"": 484, ""API_CREDITS"": 245, ""DATASET"": 129}","{""COMPUTE"": 1.300171526586621, ""MEMORY"": 1.2995867768595042, ""API_CREDITS"": 1.3020408163265307, ""DATASET"": 1.302325581395349}",4
dirichlet_0.1__moderate,dirichlet_0.1,0.1,moderate,1.3,553435265,accd828aa61e6e10,acb57c4d3a72cca7,exact_pending_queue,"[[0.9556622144605869, 0.04433463846163386, 3.1461827249814576e-06, 8.950543679296575e-10], [5.813947559179679e-16, 0.011896625079608857, 5.350127082405913e-05, 0.9880498736495664], [8.922439568360686e-15, 2.2345055559758047e-06, 0.999997765274606, 2.198290802059505e-10], [0.2724123239935684, 0.6056938711891519, 0.001392499181252794, 0.12050130563602701], [0.8570673168845009, 6.150402822051459e-05, 0.009364084330293471, 0.13350709475698522], [0.000655561371984482, 0.00014219925621072774, 0.0002073418889158367, 0.9989948974828889]]","[{""research"": 8, ""code_review"": 0, ""doc_processing"": 0, ""monitoring"": 0}, {""research"": 0, ""code_review"": 0, ""doc_processing"": 0, ""monitoring"": 8}, {""research"": 0, ""code_review"": 0, ""doc_processing"": 8, ""monitoring"": 0}, {""research"": 3, ""code_review"": 4, ""doc_processing"": 0, ""monitoring"": 1}, {""research"": 6, ""code_review"": 0, ""doc_processing"": 1, ""monitoring"": 1}, {""research"": 0, ""code_review"": 0, ""doc_processing"": 0, ""monitoring"": 8}]","[1, 1, 1, 3, 3, 1]",0.0,0.2055764322240583,0.7833333333333333,0.15583616320753324,0.11372232496765573,"{""COMPUTE"": 960, ""MEMORY"": 831, ""API_CREDITS"": 421, ""DATASET"": 280}","{""COMPUTE"": 738, ""MEMORY"": 639, ""API_CREDITS"": 324, ""DATASET"": 215}","{""COMPUTE"": 1.3008130081300813, ""MEMORY"": 1.300469483568075, ""API_CREDITS"": 1.2993827160493827, ""DATASET"": 1.302325581395349}",4
dirichlet_0.1__moderate,dirichlet_0.1,0.1,moderate,1.3,567887676,ca64453a22b85272,2a8e26325f17a86c,exact_pending_queue,"[[0.2029375064927907, 0.7970624740707617, 1.0495727637968681e-08, 8.94072008451088e-09], [5.284511908593491e-11, 0.12236749726856598, 1.1134989118927587e-06, 0.877631389179677], [0.0001022126268007162, 0.6338204214923389, 0.36607585567208967, 1.5102087706618224e-06], [0.04773577041802825, 0.9522508518528637, 3.588842480335413e-06, 9.788886627668433e-06], [8.41513931548532e-15, 0.9936716834844447, 0.0063282987217133805, 1.7793833524932615e-08], [0.4567556716855183, 1.058189048831195e-14, 0.155026183278422, 0.3882181450360491]]","[{""research"": 0, ""code_review"": 8, ""doc_processing"": 0, ""monitoring"": 0}, {""research"": 0, ""code_review"": 0, ""doc_processing"": 0, ""monitoring"": 8}, {""research"": 0, ""code_review"": 2, ""doc_processing"": 6, ""monitoring"": 0}, {""research"": 1, ""code_review"": 7, ""doc_processing"": 0, ""monitoring"": 0}, {""research"": 0, ""code_review"": 8, ""doc_processing"": 0, ""monitoring"": 0}, {""research"": 4, ""code_review"": 0, ""doc_processing"": 0, ""monitoring"": 4}]","[1, 1, 2, 2, 1, 2]",0.0,0.19623688063822745,0.725,0.1430055005301716,0.09940656512408157,"{""COMPUTE"": 648, ""MEMORY"": 549, ""API_CREDITS"": 307, ""DATASET"": 136}","{""COMPUTE"": 498, ""MEMORY"": 422, ""API_CREDITS"": 236, ""DATASET"": 105}","{""COMPUTE"": 1.3012048192771084, ""MEMORY"": 1.3009478672985781, ""API_CREDITS"": 1.3008474576271187, ""DATASET"": 1.2952380952380953}",4
dirichlet_0.1__moderate,dirichlet_0.1,0.1,moderate,1.3,570058452,8f2ce5e466355ccd,01bd462f19737ba4,exact_pending_queue,"[[1.0050575185921453e-05, 0.0007982508339327656, 0.9980250119955235, 0.0011666865953579148], [0.0009004671460881909, 3.841906781460029e-06, 1.8793352090784232e-13, 0.9990956909469424], [7.489209910699606e-16, 0.9999922549619208, 2.4923214481617035e-10, 7.744788846207496e-06], [0.947043580981656, 0.03255023946091159, 0.01550068865252969, 0.004905490904902674], [1.0547420552604248e-07, 0.9103434417378008, 0.07206132027390355, 0.017595132514090162], [0.05485608936867868, 0.9331028969900907, 2.754654770823507e-20, 0.012041013641230442]]","[{""research"": 0, ""code_review"": 0, ""doc_processing"": 8, ""monitoring"": 0}, {""research"": 0, ""code_review"": 0, ""doc_processing"": 0, ""monitoring"": 8}, {""research"": 0, ""code_review"": 8, ""doc_processing"": 0, ""monitoring"": 0}, {""research"": 8, ""code_review"": 0, ""doc_processing"": 0, ""monitoring"": 0}, {""research"": 0, ""code_review"": 6, ""doc_processing"": 1, ""monitoring"": 1}, {""research"": 1, ""code_review"": 7, ""doc_processing"": 0, ""monitoring"": 0}]","[1, 1, 1, 1, 3, 2]",0.0,0.13373688063822745,0.8166666666666667,0.131189859293357,0.0845392058300602,"{""COMPUTE"": 786, ""MEMORY"": 654, ""API_CREDITS"": 378, ""DATASET"": 144}","{""COMPUTE"": 605, ""MEMORY"": 503, ""API_CREDITS"": 291, ""DATASET"": 111}","{""COMPUTE"": 1.2991735537190083, ""MEMORY"": 1.3001988071570576, ""API_CREDITS"": 1.2989690721649485, ""DATASET"": 1.2972972972972974}",4
dirichlet_0.1__moderate,dirichlet_0.1,0.1,moderate,1.3,571665946,3ad5f6f5fff35951,3bdfd76df395d396,exact_pending_queue,"[[0.6265698088431091, 2.0313719592747988e-08, 0.3678233296750527, 0.005606841168118676], [0.012459606760769825, 0.0005815893142764317, 0.718908210004981, 0.26805059391997277], [7.772676680608522e-05, 0.9163238752433076, 0.08359839592467741, 2.0652088729388613e-09], [0.0004491211347069255, 0.979897689743523, 3.8449790621003575e-07, 0.019652804623863766], [0.000772031808771191, 0.3092751127757878, 0.5874901391466456, 0.10246271626879548], [1.937437113362625e-10, 2.8532837729531705e-07, 0.0021586225414280385, 0.997841091936451]]","[{""research"": 4, ""code_review"": 0, ""doc_processing"": 4, ""monitoring"": 0}, {""research"": 0, ""code_review"": 0, ""doc_processing"": 5, ""monitoring"": 3}, {""research"": 0, ""code_review"": 8, ""doc_processing"": 0, ""monitoring"": 0}, {""research"": 0, ""code_review"": 8, ""doc_processing"": 0, ""monitoring"": 0}, {""research"": 0, ""code_review"": 1, ""doc_processing"": 6, ""monitoring"": 1}, {""research"": 0, ""code_review"": 0, ""doc_processing"": 0, ""monitoring"": 8}]","[2, 2, 1, 1, 3, 1]",0.0,0.2513093439486748,0.7666666666666667,0.13013787368990987,0.08311363199094779,"{""COMPUTE"": 732, ""MEMORY"": 600, ""API_CREDITS"": 332, ""DATASET"": 128}","{""COMPUTE"": 563, ""MEMORY"": 462, ""API_CREDITS"": 255, ""DATASET"": 98}","{""COMPUTE"": 1.300177619893428, ""MEMORY"": 1.2987012987012987, ""API_CREDITS"": 1.3019607843137255, ""DATASET"": 1.3061224489795917}",4
dirichlet_0.1__moderate,dirichlet_0.1,0.1,moderate,1.3,610850603,2db31c105052bfb7,ecee14d3a69b9e3f,exact_pending_queue,"[[3.9496329445152455e-10, 0.0011461430452378647, 0.9941142952470986, 0.004739561312700142], [1.397247387210113e-07, 1.7523188974111514e-12, 0.9999998602668283, 6.680691005665513e-12], [1.3780726847198586e-05, 0.00026781794601583365, 0.0005951703411779295, 0.999123230985959], [0.004731290296919174, 0.06952541443489099, 0.863490932995533, 0.062252362272656715], [0.9032183952308687, 0.09457744834239473, 0.002201463853505501, 2.692573231242974e-06], [0.9861533970281783, 5.957683697212343e-07, 0.006363591617953784, 0.007482415585498243]]","[{""research"": 0, ""code_review"": 0, ""doc_processing"": 8, ""monitoring"": 0}, {""research"": 0, ""code_review"": 0, ""doc_processing"": 8, ""monitoring"": 0}, {""research"": 0, ""code_review"": 0, ""doc_processing"": 0, ""monitoring"": 8}, {""research"": 1, ""code_review"": 1, ""doc_processing"": 6, ""monitoring"": 0}, {""research"": 6, ""code_review"": 2, ""doc_processing"": 0, ""monitoring"": 0}, {""research"": 8, ""code_review"": 0, ""doc_processing"": 0, ""monitoring"": 0}]","[1, 1, 1, 3, 2, 1]",0.0,0.15604635407652215,0.7583333333333333,0.1297812095312095,0.08622383018216352,"{""COMPUTE"": 1088, ""MEMORY"": 883, ""API_CREDITS"": 501, ""DATASET"": 184}","{""COMPUTE"": 837, ""MEMORY"": 679, ""API_CREDITS"": 385, ""DATASET"": 142}","{""COMPUTE"": 1.2998805256869772, ""MEMORY"": 1.3004418262150221, ""API_CREDITS"": 1.3012987012987014, ""DATASET"": 1.295774647887324}",4
dirichlet_0.1__moderate,dirichlet_0.1,0.1,moderate,1.3,624291094,926291e6e8378e31,544cf02367c40022,exact_pending_queue,"[[2.479694734853989e-06, 0.9999960713477277, 1.4489572110462915e-06, 3.264065209785353e-13], [0.9133038758553866, 0.07102061598923891, 0.01439210014366898, 0.001283408011705495], [1.8246196910020602e-06, 3.064763347038696e-12, 2.3223171393487008e-07, 0.9999979431455304], [0.31587296393286707, 6.913274248374746e-07, 8.478951852893449e-12, 0.6841263447312291], [1.5070985181819689e-05, 0.680206364947284, 8.662085852473196e-07, 0.31977769785894883], [0.1711009347447125, 0.8009705115560621, 0.027928388489270917, 1.6520995444066558e-07]]","[{""research"": 0, ""code_review"": 8, ""doc_processing"": 0, ""monitoring"": 0}, {""research"": 6, ""code_review"": 1, ""doc_processing"": 1, ""monitoring"": 0}, {""research"": 0, ""code_review"": 0, ""doc_processing"": 0, ""monitoring"": 8}, {""research"": 3, ""code_review"": 0, ""doc_processing"": 0, ""monitoring"": 5}, {""research"": 0, ""code_review"": 6, ""doc_processing"": 0, ""monitoring"": 2}, {""research"": 2, ""code_review"": 6, ""doc_processing"": 0, ""monitoring"": 0}]","[1, 3, 1, 2, 2, 2]",0.0,0.3031890313585303,0.6916666666666667,0.1311962144092311,0.08469216167095063,"{""COMPUTE"": 726, ""MEMORY"": 638, ""API_CREDITS"": 338, ""DATASET"": 208}","{""COMPUTE"": 558, ""MEMORY"": 491, ""API_CREDITS"": 260, ""DATASET"": 160}","{""COMPUTE"": 1.3010752688172043, ""MEMORY"": 1.2993890020366599, ""API_CREDITS"": 1.3, ""DATASET"": 1.3}",4
dirichlet_0.1__moderate,dirichlet_0.1,0.1,moderate,1.3,626101394,a64dd8ef96517d0e,d0dd987531720f44,exact_pending_queue,"[[0.0002802214564167901, 1.3564695231584065e-08, 0.0003179336498275866, 0.9994018313290605], [0.0018486880606213372, 2.8776512866415336e-25, 0.9875689313615109, 0.010582380577867853], [1.2487117120734592e-09, 0.6992876434467055, 0.16926442471607817, 0.13144793058850468], [0.9685256083476578, 9.621682000503897e-07, 0.0004485405284866811, 0.03102488895565552], [0.00645575747363849, 0.0882470193029932, 0.026572369769732023, 0.8787248534536363], [0.9546920560326134, 4.4472786324802794e-07, 0.0452035572263415, 0.00010394201318179179]]","[{""research"": 0, ""code_review"": 0, ""doc_processing"": 0, ""monitoring"": 8}, {""research"": 0, ""code_review"": 0, ""doc_processing"": 8, ""monitoring"": 0}, {""research"": 0, ""code_review"": 6, ""doc_processing"": 2, ""monitoring"": 0}, {""research"": 8, ""code_review"": 0, ""doc_processing"": 0, ""monitoring"": 0}, {""research"": 0, ""code_review"": 1, ""doc_processing"": 0, ""monitoring"": 7}, {""research"": 8, ""code_review"": 0, ""doc_processing"": 0, ""monitoring"": 0}]","[1, 1, 2, 1, 2, 1]",0.0,0.1129035473048941,0.85,0.16614867872149422,0.11479180653937937,"{""COMPUTE"": 954, ""MEMORY"": 815, ""API_CREDITS"": 429, ""DATASET"": 248}","{""COMPUTE"": 734, ""MEMORY"": 627, ""API_CREDITS"": 330, ""DATASET"": 191}","{""COMPUTE"": 1.2997275204359673, ""MEMORY"": 1.2998405103668262, ""API_CREDITS"": 1.3, ""DATASET"": 1.2984293193717278}",4
dirichlet_0.1__moderate,dirichlet_0.1,0.1,moderate,1.3,631912891,b4d3898197de971b,95bf5125b0907a36,exact_pending_queue,"[[0.025523547122247588, 2.7643282308226452e-06, 0.9744732169809665, 4.7156855502788685e-07], [0.018563026109477496, 0.9794213242204075, 0.0020155942127467823, 5.5457368132317766e-08], [5.564926696308691e-13, 4.0215794490734855e-14, 0.002520556001735034, 0.9974794439976683], [5.9721697809339395e-12, 0.9816804207082085, 1.9179956421861104e-07, 0.018319387486255178], [3.893426426756138e-09, 0.9912358246375658, 0.00015600179426894723, 0.00860816967473874], [3.56473630158363e-13, 0.5093917650453929, 0.4738768776700336, 0.016731357284217107]]","[{""research"": 0, ""code_review"": 0, ""doc_processing"": 8, ""monitoring"": 0}, {""research"": 0, ""code_review"": 8, ""doc_processing"": 0, ""monitoring"": 0}, {""research"": 0, ""code_review"": 0, ""doc_processing"": 0, ""monitoring"": 8}, {""research"": 0, ""code_review"": 8, ""doc_processing"": 0, ""monitoring"": 0}, {""research"": 0, ""code_review"": 8, ""doc_processing"": 0, ""monitoring"": 0}, {""research"": 0, ""code_review"": 4, ""doc_processing"": 3, ""monitoring"": 1}]","[1, 1, 1, 1, 1, 3]",0.0,0.11713658851913054,0.6666666666666666,0.12381755671229354,0.08729087676456097,"{""COMPUTE"": 594, ""MEMORY"": 481, ""API_CREDITS"": 287, ""DATASET"": 72}","{""COMPUTE"": 457, ""MEMORY"": 370, ""API_CREDITS"": 221, ""DATASET"": 55}","{""COMPUTE"": 1.299781181619256, ""MEMORY"": 1.3, ""API_CREDITS"": 1.2986425339366516, ""DATASET"": 1.309090909090909}",4
dirichlet_0.1__moderate,dirichlet_0.1,0.1,moderate,1.3,636323273,81ac3d48568b5202,b14c6c9e95aae8b3,exact_pending_queue,"[[1.5590309754746166e-07, 0.9852386912752361, 0.01476104214478717, 1.106768791094332e-07], [0.07475618166985304, 0.9166890750473089, 2.88809196697478e-07, 0.008554454473641403], [0.5282959820681313, 4.2311473054527125e-05, 0.47166170645872635, 8.771801508853014e-14], [2.926037275859e-12, 0.887065802272262, 0.1020570773146748, 0.010877120410137163], [3.45213585090387e-05, 0.05160602337184895, 0.0007552161870208755, 0.9476042390826213], [0.9852006675285131, 0.014564336110008524, 4.080493510210001e-06, 0.00023091586796814275]]","[{""research"": 0, ""code_review"": 8, ""doc_processing"": 0, ""monitoring"": 0}, {""research"": 1, ""code_review"": 7, ""doc_processing"": 0, ""monitoring"": 0}, {""research"": 4, ""code_review"": 0, ""doc_processing"": 4, ""monitoring"": 0}, {""research"": 0, ""code_review"": 8, ""doc_processing"": 0, ""monitoring"": 0}, {""research"": 0, ""code_review"": 1, ""doc_processing"": 0, ""monitoring"": 7}, {""research"": 8, ""code_review"": 0, ""doc_processing"": 0, ""monitoring"": 0}]","[1, 2, 2, 1, 2, 1]",0.0,0.17392740719993274,0.7416666666666667,0.11528093704751684,0.07343258871013099,"{""COMPUTE"": 826, ""MEMORY"": 696, ""API_CREDITS"": 412, ""DATASET"": 160}","{""COMPUTE"": 635, ""MEMORY"": 535, ""API_CREDITS"": 317, ""DATASET"": 123}","{""COMPUTE"": 1.300787401574803, ""MEMORY"": 1.3009345794392524, ""API_CREDITS"": 1.2996845425867507, ""DATASET"": 1.3008130081300813}",4
dirichlet_0.1__moderate,dirichlet_0.1,0.1,moderate,1.3,665358464,c538a76370492cf9,f1059870a9c5ebab,exact_pending_queue,"[[0.019668723014760584, 0.0027445638964022486, 1.9150591193779544e-05, 0.9775675624976434], [0.9732060620944213, 0.021330093893929654, 0.0001450091435277584, 0.005318834868121406], [0.0009737149560985378, 6.922023228568939e-08, 0.9990248712340111, 1.3445896581875979e-06], [0.021300592537733032, 0.122852344588424, 2.0463404794413664e-05, 0.8558265994690486], [8.500601501322582e-12, 0.27997687963783147, 0.7140834528439455, 0.005939667509722495], [0.6031823698483955, 0.39620163769501404, 0.0005617693120954123, 5.4223144495065726e-05]]","[{""research"": 0, ""code_review"": 0, ""doc_processing"": 0, ""monitoring"": 8}, {""research"": 7, ""code_review"": 1, ""doc_processing"": 0, ""monitoring"": 0}, {""research"": 0, ""code_review"": 0, ""doc_processing"": 8, ""monitoring"": 0}, {""research"": 0, ""code_review"": 1, ""doc_processing"": 0, ""monitoring"": 7}, {""research"": 0, ""code_review"": 1, ""doc_processing"": 7, ""monitoring"": 0}, {""research"": 3, ""code_review"": 5, ""doc_processing"": 0, ""monitoring"": 0}]","[1, 2, 1, 2, 2, 2]",0.0,0.21542727771031286,0.8083333333333333,0.16633070734102287,0.11818826699490127,"{""COMPUTE"": 870, ""MEMORY"": 729, ""API_CREDITS"": 383, ""DATASET"": 200}","{""COMPUTE"": 669, ""MEMORY"": 561, ""API_CREDITS"": 295, ""DATASET"": 154}","{""COMPUTE"": 1.3004484304932735, ""MEMORY"": 1.2994652406417113, ""API_CREDITS"": 1.2983050847457627, ""DATASET"": 1.2987012987012987}",4
dirichlet_0.1__moderate,dirichlet_0.1,0.1,moderate,1.3,695586742,76747ee2cbd66c09,66c8eb038cd10123,exact_pending_queue,"[[0.9359173963817051, 0.060881553699152754, 0.003201049911520968, 7.621021823880047e-12], [1.3906043183601191e-09, 0.53185680087544, 8.719874064493483e-11, 0.4681431976467569], [0.0010293279887157785, 0.19878479052715362, 0.0002847619201903395, 0.7999011195639403], [2.6562234011920923e-11, 0.9903339824503457, 0.0009355075743771754, 0.008730509948715047], [0.9969160888323797, 0.0030838849617568008, 2.470916268942116e-13, 2.6205616394707976e-08], [0.0009317806460873479, 0.9989135835754304, 6.659510116445911e-06, 0.00014797626836572734]]","[{""research"": 8, ""code_review"": 0, ""doc_processing"": 0, ""monitoring"": 0}, {""research"": 0, ""code_review"": 6, ""doc_processing"": 0, ""monitoring"": 2}, {""research"": 0, ""code_review"": 3, ""doc_processing"": 0, ""monitoring"": 5}, {""research"": 0, ""code_review"": 8, ""doc_processing"": 0, ""monitoring"": 0}, {""research"": 8, ""code_review"": 0, ""doc_processing"": 0, ""monitoring"": 0}, {""research"": 0, ""code_review"": 8, ""doc_processing"": 0, ""monitoring"": 0}]","[1, 2, 2, 1, 1, 1]",0.0,0.14714267728200817,0.675,0.08828893093390973,0.053216546144410376,"{""COMPUTE"": 850, ""MEMORY"": 727, ""API_CREDITS"": 429, ""DATASET"": 184}","{""COMPUTE"": 654, ""MEMORY"": 559, ""API_CREDITS"": 330, ""DATASET"": 142}","{""COMPUTE"": 1.2996941896024465, ""MEMORY"": 1.3005366726296959, ""API_CREDITS"": 1.3, ""DATASET"": 1.295774647887324}",4
dirichlet_0.1__moderate,dirichlet_0.1,0.1,moderate,1.3,759882551,c88228cd7eff0265,7c7b5d85a22b1bd2,exact_pending_queue,"[[0.9977396252309645, 0.001658919809496909, 0.0006014549153305619, 4.420814991466798e-11], [0.9986816081598282, 1.5332849338078475e-11, 1.0099433908112238e-05, 0.0013082923909309638], [0.29061356939533833, 0.2032393639275275, 5.172910185024314e-05, 0.5060953375752839], [0.6089922619619034, 0.35959216277244105, 0.03141557484304215, 4.226134537307322e-10], [0.9892810948169913, 0.008122954325419873, 0.002468334747027423, 0.00012761611056141855], [0.007186258290934515, 4.112465829219483e-05, 0.007775097490335902, 0.9849975195604375]]","[{""research"": 8, ""code_review"": 0, ""doc_processing"": 0, ""monitoring"": 0}, {""research"": 8, ""code_review"": 0, ""doc_processing"": 0, ""monitoring"": 0}, {""research"": 3, ""code_review"": 0, ""doc_processing"": 0, ""monitoring"": 5}, {""research"": 5, ""code_review"": 2, ""doc_processing"": 1, ""monitoring"": 0}, {""research"": 8, ""code_review"": 0, ""doc_processing"": 0, ""monitoring"": 0}, {""research"": 0, ""code_review"": 0, ""doc_processing"": 0, ""monitoring"": 8}]","[1, 1, 2, 3, 1, 1]",0.0,0.1877690786350303,0.5333333333333333,0.09853563109870404,0.0707113092142261,"{""COMPUTE"": 1234, ""MEMORY"": 1077, ""API_CREDITS"": 579, ""DATASET"": 360}","{""COMPUTE"": 949, ""MEMORY"": 828, ""API_CREDITS"": 445, ""DATASET"": 277}","{""COMPUTE"": 1.3003161222339306, ""MEMORY"": 1.3007246376811594, ""API_CREDITS"": 1.301123595505618, ""DATASET"": 1.2996389891696751}",4
dirichlet_0.1__moderate,dirichlet_0.1,0.1,moderate,1.3,815481791,4e6bbae7c1cab174,15d4234a746e65e3,exact_pending_queue,"[[1.2976358820428872e-24, 1.7275579520392205e-06, 0.9999982513874386, 2.1054609260448384e-08], [3.212151644257546e-05, 0.35996685456809, 0.0001616133267810022, 0.6398394105886864], [0.018273342554717704, 0.9564114862848859, 0.0035721274401633325, 0.0217430437202329], [0.00035260166414571696, 6.783013317616132e-15, 0.9984762488534564, 0.001171149482390987], [0.7208287007895445, 1.6679316150965186e-09, 0.27834359213454457, 0.0008277054079794157], [0.28682867438566895, 0.7116824551346165, 0.00148884866751564, 2.181219892583393e-08]]","[{""research"": 0, ""code_review"": 0, ""doc_processing"": 8, ""monitoring"": 0}, {""research"": 0, ""code_review"": 3, ""doc_processing"": 0, ""monitoring"": 5}, {""research"": 0, ""code_review"": 8, ""doc_processing"": 0, ""monitoring"": 0}, {""research"": 0, ""code_review"": 0, ""doc_processing"": 8, ""monitoring"": 0}, {""research"": 7, ""code_review"": 0, ""doc_processing"": 1, ""monitoring"": 0}, {""research"": 1, ""code_review"": 7, ""doc_processing"": 0, ""monitoring"": 0}]","[1, 2, 1, 1, 2, 2]",0.0,0.17013024077701314,0.8,0.09653569931541346,0.06226841583191953,"{""COMPUTE"": 866, ""MEMORY"": 693, ""API_CREDITS"": 419, ""DATASET"": 104}","{""COMPUTE"": 666, ""MEMORY"": 533, ""API_CREDITS"": 322, ""DATASET"": 80}","{""COMPUTE"": 1.3003003003003002, ""MEMORY"": 1.300187617260788, ""API_CREDITS"": 1.3012422360248448, ""DATASET"": 1.3}",4
dirichlet_0.1__moderate,dirichlet_0.1,0.1,moderate,1.3,817137978,7527db09abd7c78a,7e3f807eaf2d7c0d,exact_pending_queue,"[[0.00830731810692639, 1.9029382235826256e-06, 0.9916907455096563, 3.344519370184472e-08], [0.8736941239865806, 0.0002267387158514871, 0.09631242375050231, 0.029766713547065553], [1.4321429847032437e-08, 0.999997804249561, 4.8714598188854586e-08, 2.1327144109649754e-06], [2.706957393702059e-15, 4.4699220241828315e-05, 0.6241135160604139, 0.3758417847193415], [0.9953655134462577, 9.266508170232017e-05, 0.004541821470311225, 1.728765236417936e-12], [4.583560324194282e-06, 0.005690032453413562, 0.0001383541702925047, 0.9941670298159698]]","[{""research"": 0, ""code_review"": 0, ""doc_processing"": 8, ""monitoring"": 0}, {""research"": 7, ""code_review"": 0, ""doc_processing"": 1, ""monitoring"": 0}, {""research"": 0, ""code_review"": 8, ""doc_processing"": 0, ""monitoring"": 0}, {""research"": 0, ""code_review"": 0, ""doc_processing"": 6, ""monitoring"": 2}, {""research"": 8, ""code_review"": 0, ""doc_processing"": 0, ""monitoring"": 0}, {""research"": 0, ""code_review"": 0, ""doc_processing"": 0, ""monitoring"": 8}]","[1, 2, 1, 2, 1, 1]",0.0,0.1129035473048941,0.8583333333333333,0.13365865215971523,0.08097765393123296,"{""COMPUTE"": 1000, ""MEMORY"": 829, ""API_CREDITS"": 463, ""DATASET"": 200}","{""COMPUTE"": 769, ""MEMORY"": 638, ""API_CREDITS"": 356, ""DATASET"": 154}","{""COMPUTE"": 1.3003901170351104, ""MEMORY"": 1.2993730407523512, ""API_CREDITS"": 1.300561797752809, ""DATASET"": 1.2987012987012987}",4
dirichlet_0.1__moderate,dirichlet_0.1,0.1,moderate,1.3,817397877,d861c350e469fb9c,ede2731ea23ee48a,exact_pending_queue,"[[0.9998684166693731, 0.00013158254071198906, 7.899149285535656e-10, 1.7537975662902453e-22], [3.4448586793337126e-09, 0.9932638059313409, 0.004779675201584307, 0.0019565154222160623], [0.7744429569502868, 0.22555529985382636, 7.843023218935325e-13, 1.7431951026303053e-06], [1.471570459877094e-07, 0.9868655411287891, 0.00023554675423322186, 0.012898764959931763], [1.8413619382682123e-08, 0.9999845277930585, 1.5453793322175627e-05, 6.191202662136086e-25], [1.1481645482306373e-06, 0.0003515139865170815, 3.02005134164166e-11, 0.9996473378187342]]","[{""research"": 8, ""code_review"": 0, ""doc_processing"": 0, ""monitoring"": 0}, {""research"": 0, ""code_review"": 8, ""doc_processing"": 0, ""monitoring"": 0}, {""research"": 5, ""code_review"": 3, ""doc_processing"": 0, ""monitoring"": 0}, {""research"": 0, ""code_review"": 8, ""doc_processing"": 0, ""monitoring"": 0}, {""research"": 0, ""code_review"": 8, ""doc_processing"": 0, ""monitoring"": 0}, {""research"": 0, ""code_review"": 0, ""doc_processing"": 0, ""monitoring"": 8}]","[1, 1, 2, 1, 1, 1]",0.0,0.07953616691041375,0.6833333333333333,0.1306972974941725,0.08305827202311579,"{""COMPUTE"": 776, ""MEMORY"": 665, ""API_CREDITS"": 391, ""DATASET"": 168}","{""COMPUTE"": 597, ""MEMORY"": 512, ""API_CREDITS"": 301, ""DATASET"": 129}","{""COMPUTE"": 1.2998324958123952, ""MEMORY"": 1.298828125, ""API_CREDITS"": 1.2990033222591362, ""DATASET"": 1.302325581395349}",4
dirichlet_0.1__moderate,dirichlet_0.1,0.1,moderate,1.3,820796292,8a789be03a5fc464,37786083002de9e8,exact_pending_queue,"[[0.382203899691569, 0.03317382274048196, 0.5846222393758294, 3.8192119615012005e-08], [0.08846724195706988, 0.9109544243823441, 0.0001000068633194611, 0.0004783267972664469], [0.048797675863355525, 0.9467215299076136, 5.937228904296518e-05, 0.004421421939988003], [0.9999952668725971, 8.819086699457553e-13, 9.18896422277982e-23, 4.733126520975781e-06], [0.9958620068566143, 0.00021978929944213048, 0.0038997776645153586, 1.842617942827046e-05], [0.9998269153182621, 0.0001647623932583787, 9.261225042173223e-08, 8.229676229195689e-06]]","[{""research"": 1, ""code_review"": 0, ""doc_processing"": 7, ""monitoring"": 0}, {""research"": 0, ""code_review"": 8, ""doc_processing"": 0, ""monitoring"": 0}, {""research"": 0, ""code_review"": 8, ""doc_processing"": 0, ""monitoring"": 0}, {""research"": 8, ""code_review"": 0, ""doc_processing"": 0, ""monitoring"": 0}, {""research"": 8, ""code_review"": 0, ""doc_processing"": 0, ""monitoring"": 0}, {""research"": 8, ""code_review"": 0, ""doc_processing"": 0, ""monitoring"": 0}]","[2, 1, 1, 1, 1, 1]",0.0,0.0452970369332997,0.7083333333333334,0.05685153421002479,0.04379883743091292,"{""COMPUTE"": 1164, ""MEMORY"": 965, ""API_CREDITS"": 591, ""DATASET"": 200}","{""COMPUTE"": 895, ""MEMORY"": 742, ""API_CREDITS"": 455, ""DATASET"": 154}","{""COMPUTE"": 1.300558659217877, ""MEMORY"": 1.3005390835579516, ""API_CREDITS"": 1.298901098901099, ""DATASET"": 1.2987012987012987}",4
dirichlet_0.1__moderate,dirichlet_0.1,0.1,moderate,1.3,836948274,69b513378160d097,fdb247d6224d5b71,exact_pending_queue,"[[1.609646918040454e-18, 0.9816449999357283, 0.01835500006386212, 4.096016178833783e-13], [0.0024746619713973276, 0.9925471479070651, 9.841968628994364e-10, 0.004978189137340548], [0.014721776775232401, 0.24919558991157031, 1.151189047347126e-10, 0.7360826331980785], [2.9636762964452405e-05, 0.6580031021186254, 0.20470725280044966, 0.1372600083179603], [0.0002080508839387769, 1.1877897094568664e-11, 0.3816631814332226, 0.6181287676709609], [1.2803274473291976e-07, 0.007006435974874627, 0.9004624309422598, 0.09253100505012075]]","[{""research"": 0, ""code_review"": 7, ""doc_processing"": 1, ""monitoring"": 0}, {""research"": 0, ""code_review"": 8, ""doc_processing"": 0, ""monitoring"": 0}, {""research"": 0, ""code_review"": 1, ""doc_processing"": 0, ""monitoring"": 7}, {""research"": 0, ""code_review"": 6, ""doc_processing"": 1, ""monitoring"": 1}, {""research"": 0, ""code_review"": 0, ""doc_processing"": 3, ""monitoring"": 5}, {""research"": 0, ""code_review"": 1, ""doc_processing"": 7, ""monitoring"": 0}]","[2, 1, 2, 3, 2, 2]",0.0,0.3038671214152406,0.6583333333333333,0.13283675209174153,0.09247255504648559,"{""COMPUTE"": 598, ""MEMORY"": 493, ""API_CREDITS"": 271, ""DATASET"": 104}","{""COMPUTE"": 460, ""MEMORY"": 379, ""API_CREDITS"": 208, ""DATASET"": 80}","{""COMPUTE"": 1.3, ""MEMORY"": 1.3007915567282322, ""API_CREDITS"": 1.3028846153846154, ""DATASET"": 1.3}",4
dirichlet_0.1__moderate,dirichlet_0.1,0.1,moderate,1.3,850954452,2569126f95c7638e,efbdaf36b58d565e,exact_pending_queue,"[[0.30733133881840824, 0.6271020767662954, 2.612270364452229e-07, 0.06556632318826], [0.986770451290803, 7.477928368586166e-05, 0.006832619419764373, 0.006322150005746752], [0.0007711819412413515, 0.0019063881910877838, 0.9973224290654495, 8.022214335522149e-10], [2.2820288269057915e-05, 3.794631510804498e-05, 0.9683026058218628, 0.03163662757476002], [0.025816147452515713, 1.6508871665578693e-10, 0.001138161413325043, 0.9730456909690706], [2.675569619659787e-08, 0.010775212870219809, 0.9786550466683892, 0.010569713705694702]]","[{""research"": 1, ""code_review"": 7, ""doc_processing"": 0, ""monitoring"": 0}, {""research"": 8, ""code_review"": 0, ""doc_processing"": 0, ""monitoring"": 0}, {""research"": 0, ""code_review"": 0, ""doc_processing"": 8, ""monitoring"": 0}, {""research"": 0, ""code_review"": 0, ""doc_processing"": 7, ""monitoring"": 1}, {""research"": 0, ""code_review"": 0, ""doc_processing"": 0, ""monitoring"": 8}, {""research"": 0, ""code_review"": 0, ""doc_processing"": 8, ""monitoring"": 0}]","[2, 1, 1, 2, 1, 1]",0.0,0.0905940738665994,0.8,0.1312706457906734,0.08865955996696673,"{""COMPUTE"": 954, ""MEMORY"": 766, ""API_CREDITS"": 434, ""DATASET"": 144}","{""COMPUTE"": 734, ""MEMORY"": 589, ""API_CREDITS"": 334, ""DATASET"": 111}","{""COMPUTE"": 1.2997275204359673, ""MEMORY"": 1.300509337860781, ""API_CREDITS"": 1.2994011976047903, ""DATASET"": 1.2972972972972974}",4
dirichlet_0.1__moderate,dirichlet_0.1,0.1,moderate,1.3,874361190,56b95c2fcffadcdd,e0039ce03a905f82,exact_pending_queue,"[[0.010111152162268832, 7.18741384827663e-06, 0.9898786148675479, 3.045556335022269e-06], [8.37835483436766e-05, 0.9999162164516375, 2.0179230164689327e-19, 1.8855414021625486e-14], [9.131253641939842e-10, 0.9999979066832836, 2.1663114504014624e-08, 2.0707404765416363e-06], [0.4520769490694043, 0.3514364825314546, 0.19579564412413278, 0.0006909242750083558], [7.78192862875368e-09, 0.07170935226242083, 0.9282867043431096, 3.935612541088595e-06], [3.4262141559401385e-06, 0.006020063893147804, 0.9939763483021248, 1.615905714642527e-07]]","[{""research"": 0, ""code_review"": 0, ""doc_processing"": 8, ""monitoring"": 0}, {""research"": 0, ""code_review"": 8, ""doc_processing"": 0, ""monitoring"": 0}, {""research"": 0, ""code_review"": 8, ""doc_processing"": 0, ""monitoring"": 0}, {""research"": 4, ""code_review"": 2, ""doc_processing"": 2, ""monitoring"": 0}, {""research"": 0, ""code_review"": 1, ""doc_processing"": 7, ""monitoring"": 0}, {""research"": 0, ""code_review"": 0, ""doc_processing"": 8, ""monitoring"": 0}]","[1, 1, 1, 3, 2, 1]",0.0,0.1702970369332997,0.6416666666666667,0.03817204301075269,0.03011748307447232,"{""COMPUTE"": 876, ""MEMORY"": 668, ""API_CREDITS"": 432, ""DATASET"": 32}","{""COMPUTE"": 674, ""MEMORY"": 514, ""API_CREDITS"": 332, ""DATASET"": 25}","{""COMPUTE"": 1.2997032640949555, ""MEMORY"": 1.2996108949416343, ""API_CREDITS"": 1.3012048192771084, ""DATASET"": 1.28}",4
dirichlet_0.1__moderate,dirichlet_0.1,0.1,moderate,1.3,892263153,2b387d8c782efdc6,c341731563f7f5ea,exact_pending_queue,"[[0.8837509580934783, 0.07487520360681069, 0.00018840141228547634, 0.04118543688742562], [0.2085722675035798, 1.6327578471648207e-09, 1.2804186671833584e-11, 0.7914277308508582], [0.9999708117313852, 8.76770085889168e-08, 1.3840385768860272e-07, 2.896218774829954e-05], [0.00026478090707585106, 0.0005159491007892474, 0.012050441226833162, 0.9871688287653017], [0.32067881743571436, 0.049560832435738666, 4.8072664457094556e-14, 0.6297603501284987], [4.5741812641353155e-07, 0.8373236136509522, 0.16267592893092156, 1.4609769441392244e-21]]","[{""research"": 7, ""code_review"": 0, ""doc_processing"": 0, ""monitoring"": 1}, {""research"": 1, ""code_review"": 0, ""doc_processing"": 0, ""monitoring"": 7}, {""research"": 8, ""code_review"": 0, ""doc_processing"": 0, ""monitoring"": 0}, {""research"": 0, ""code_review"": 0, ""doc_processing"": 0, ""monitoring"": 8}, {""research"": 1, ""code_review"": 2, ""doc_processing"": 0, ""monitoring"": 5}, {""research"": 0, ""code_review"": 6, ""doc_processing"": 2, ""monitoring"": 0}]","[2, 2, 1, 1, 3, 2]",0.0,0.26643349596281035,0.7166666666666667,0.1446884929029543,0.09445441721019686,"{""COMPUTE"": 870, ""MEMORY"": 778, ""API_CREDITS"": 378, ""DATASET"": 304}","{""COMPUTE"": 669, ""MEMORY"": 598, ""API_CREDITS"": 291, ""DATASET"": 234}","{""COMPUTE"": 1.3004484304932735, ""MEMORY"": 1.3010033444816054, ""API_CREDITS"": 1.2989690721649485, ""DATASET"": 1.2991452991452992}",4
dirichlet_0.1__moderate,dirichlet_0.1,0.1,moderate,1.3,930016503,e0b3f149940678df,65e8eec9f7bed218,exact_pending_queue,"[[0.00035251000434084924, 0.9882145100288781, 2.4379711983145257e-08, 0.011432955587069136], [0.00012263299043264173, 5.628586284019426e-05, 0.0008162671325080796, 0.9990048140142191], [0.6588818814584005, 1.8784169005935397e-06, 0.33489583123376787, 0.006220408890930897], [0.996190244468058, 0.0008772953660573636, 1.1697665752308326e-06, 0.002931290399309443], [2.141849352054141e-12, 0.03411967292382799, 0.30627479512112965, 0.6596055319529006], [1.1609690965975842e-11, 0.16231308289955887, 0.8376733819343634, 1.3535154467993492e-05]]","[{""research"": 0, ""code_review"": 8, ""doc_processing"": 0, ""monitoring"": 0}, {""research"": 0, ""code_review"": 0, ""doc_processing"": 0, ""monitoring"": 8}, {""research"": 5, ""code_review"": 0, ""doc_processing"": 3, ""monitoring"": 0}, {""research"": 8, ""code_review"": 0, ""doc_processing"": 0, ""monitoring"": 0}, {""research"": 0, ""code_review"": 1, ""doc_processing"": 2, ""monitoring"": 5}, {""research"": 0, ""code_review"": 1, ""doc_processing"": 7, ""monitoring"": 0}]","[1, 1, 2, 1, 3, 2]",0.0,0.23306611556833,0.8333333333333334,0.14514349678733238,0.09207221967952561,"{""COMPUTE"": 910, ""MEMORY"": 766, ""API_CREDITS"": 414, ""DATASET"": 208}","{""COMPUTE"": 700, ""MEMORY"": 589, ""API_CREDITS"": 318, ""DATASET"": 160}","{""COMPUTE"": 1.3, ""MEMORY"": 1.300509337860781, ""API_CREDITS"": 1.3018867924528301, ""DATASET"": 1.3}",4
dirichlet_0.1__moderate,dirichlet_0.1,0.1,moderate,1.3,935504160,b136409283935568,4c2efeda664337b0,exact_pending_queue,"[[7.07336971924524e-07, 0.9289415410685801, 0.07105775154702547, 4.742252404388856e-11], [0.19726988379760427, 0.3199613140927748, 0.0011113439429213915, 0.4816574581666994], [9.981117295364342e-17, 0.009775107320659093, 0.9867120835869392, 0.0035128090924015634], [0.00010037605625995484, 0.01299036769409145, 6.408580124055958e-06, 0.9869028476695246], [0.04227424443160489, 0.018197094398338786, 0.9186054421588113, 0.020923219011244953], [0.0001763434201542905, 0.96441957673597, 7.271784757884644e-05, 0.0353313619962968]]","[{""research"": 0, ""code_review"": 8, ""doc_processing"": 0, ""monitoring"": 0}, {""research"": 4, ""code_review"": 2, ""doc_processing"": 0, ""monitoring"": 2}, {""research"": 0, ""code_review"": 0, ""doc_processing"": 8, ""monitoring"": 0}, {""research"": 0, ""code_review"": 1, ""doc_processing"": 0, ""monitoring"": 7}, {""research"": 0, ""code_review"": 0, ""doc_processing"": 8, ""monitoring"": 0}, {""research"": 0, ""code_review"": 8, ""doc_processing"": 0, ""monitoring"": 0}]","[1, 3, 1, 2, 1, 1]",0.0,0.1702970369332997,0.7916666666666666,0.12683888459298717,0.08671754923580682,"{""COMPUTE"": 750, ""MEMORY"": 605, ""API_CREDITS"": 351, ""DATASET"": 104}","{""COMPUTE"": 577, ""MEMORY"": 465, ""API_CREDITS"": 270, ""DATASET"": 80}","{""COMPUTE"": 1.2998266897746966, ""MEMORY"": 1.3010752688172043, ""API_CREDITS"": 1.3, ""DATASET"": 1.3}",4
dirichlet_0.1__moderate,dirichlet_0.1,0.1,moderate,1.3,952458876,0bf6b72ea675c1db,f19ca54ba1329ba3,exact_pending_queue,"[[0.00492100814573916, 0.19739338844812462, 0.690955718070382, 0.10672988533575416], [0.8832014432785816, 4.169375007300891e-12, 0.11575718327558332, 0.0010413734416656552], [6.5414650046488735e-06, 0.00020321593383035958, 0.9997897080412135, 5.345599515952393e-07], [8.310415031176715e-15, 0.9316292212584314, 0.0006812254328042557, 0.06768955330875615], [0.9026990755006427, 0.0958218105082462, 0.001472519353199246, 6.594637911833039e-06], [0.9803459310663167, 0.01904784358614733, 0.000606225326785282, 2.075069453654874e-11]]","[{""research"": 0, ""code_review"": 3, ""doc_processing"": 3, ""monitoring"": 2}, {""research"": 7, ""code_review"": 0, ""doc_processing"": 1, ""monitoring"": 0}, {""research"": 0, ""code_review"": 0, ""doc_processing"": 8, ""monitoring"": 0}, {""research"": 0, ""code_review"": 8, ""doc_processing"": 0, ""monitoring"": 0}, {""research"": 8, ""code_review"": 0, ""doc_processing"": 0, ""monitoring"": 0}, {""research"": 8, ""code_review"": 0, ""doc_processing"": 0, ""monitoring"": 0}]","[3, 2, 1, 1, 1, 1]",0.0,0.17540354730489413,0.75,0.05471556056882438,0.03825595613268694,"{""COMPUTE"": 1172, ""MEMORY"": 965, ""API_CREDITS"": 579, ""DATASET"": 200}","{""COMPUTE"": 902, ""MEMORY"": 742, ""API_CREDITS"": 445, ""DATASET"": 154}","{""COMPUTE"": 1.2993348115299335, ""MEMORY"": 1.3005390835579516, ""API_CREDITS"": 1.301123595505618, ""DATASET"": 1.2987012987012987}",4
dirichlet_0.1__moderate,dirichlet_0.1,0.1,moderate,1.3,952822154,aa0139c40cf64f89,be5db574fce66295,exact_pending_queue,"[[0.6847585914877466, 0.035916208822294904, 0.27932468201922883, 5.176707297126604e-07], [0.899112019126128, 0.006233587547088114, 1.02687980780064e-12, 0.09465439332575697], [4.6119863464104905e-17, 0.9789089976046902, 1.8021336621962952e-05, 0.021072981058687802], [0.9325438447216087, 0.024214509991057773, 0.0009898875901380563, 0.04225175769719545], [0.9968955829989263, 2.1751408408426642e-09, 0.003104405342023185, 9.483909590848333e-09], [0.9972147471301328, 1.906414209386664e-05, 0.002765828025575835, 3.6070219754967597e-07]]","[{""research"": 6, ""code_review"": 0, ""doc_processing"": 2, ""monitoring"": 0}, {""research"": 6, ""code_review"": 0, ""doc_processing"": 0, ""monitoring"": 2}, {""research"": 0, ""code_review"": 8, ""doc_processing"": 0, ""monitoring"": 0}, {""research"": 8, ""code_review"": 0, ""doc_processing"": 0, ""monitoring"": 0}, {""research"": 8, ""code_review"": 0, ""doc_processing"": 0, ""monitoring"": 0}, {""research"": 8, ""code_review"": 0, ""doc_processing"": 0, ""monitoring"": 0}]","[2, 2, 1, 1, 1, 1]",0.0,0.1352130207431888,0.45,0.03993703614393271,0.026532678687851103,"{""COMPUTE"": 1364, ""MEMORY"": 1158, ""API_CREDITS"": 682, ""DATASET"": 304}","{""COMPUTE"": 1049, ""MEMORY"": 891, ""API_CREDITS"": 525, ""DATASET"": 234}","{""COMPUTE"": 1.3002859866539562, ""MEMORY"": 1.2996632996632997, ""API_CREDITS"": 1.299047619047619, ""DATASET"": 1.2991452991452992}",4
dirichlet_0.1__moderate,dirichlet_0.1,0.1,moderate,1.3,955270347,b05625095c4b0700,5f2b385855860fa4,exact_pending_queue,"[[3.286333655577022e-05, 0.9423845028461691, 0.03855151271233747, 0.019031121104937584], [0.00044074906415459433, 0.7670603066457051, 0.22750505247150324, 0.004993891818637106], [1.088009967191913e-06, 0.9999856878635811, 1.2074594342082677e-17, 1.3224126451658783e-05], [1.9106040870909003e-05, 0.03705559646790253, 0.010745525919145543, 0.952179771572081], [7.676401152128036e-05, 7.955893439449865e-27, 1.0753187946484498e-07, 0.9999231284565991], [0.48138273205720844, 0.07356390275886969, 0.4450522005433328, 1.1646405889992097e-06]]","[{""research"": 0, ""code_review"": 8, ""doc_processing"": 0, ""monitoring"": 0}, {""research"": 0, ""code_review"": 6, ""doc_processing"": 2, ""monitoring"": 0}, {""research"": 0, ""code_review"": 8, ""doc_processing"": 0, ""monitoring"": 0}, {""research"": 0, ""code_review"": 0, ""doc_processing"": 1, ""monitoring"": 7}, {""research"": 0, ""code_review"": 0, ""doc_processing"": 0, ""monitoring"": 8}, {""research"": 5, ""code_review"": 2, ""doc_processing"": 1, ""monitoring"": 0}]","[1, 2, 1, 2, 1, 3]",0.0,0.22113645902951065,0.7,0.16517418481727372,0.11963940054465688,"{""COMPUTE"": 618, ""MEMORY"": 536, ""API_CREDITS"": 284, ""DATASET"": 160}","{""COMPUTE"": 475, ""MEMORY"": 412, ""API_CREDITS"": 218, ""DATASET"": 123}","{""COMPUTE"": 1.3010526315789475, ""MEMORY"": 1.3009708737864079, ""API_CREDITS"": 1.3027522935779816, ""DATASET"": 1.3008130081300813}",4
dirichlet_0.1__moderate,dirichlet_0.1,0.1,moderate,1.3,967298099,09936c1515a6285a,51070c7ec9b0ec9d,exact_pending_queue,"[[0.5038762044982513, 7.0533684920654e-08, 0.4553143357742563, 0.040809389193807596], [0.0003061911629584322, 0.9979502048585942, 0.0011589564588172043, 0.0005846475196301313], [0.2420356527902393, 0.7579637244036362, 9.478513196134442e-19, 6.228061243021481e-07], [3.254009169039839e-05, 7.654513951304291e-07, 0.9999666944569144, 3.9867753062347255e-17], [1.42718659514019e-08, 4.855534622091207e-06, 0.9999951299186052, 2.749066691821243e-10], [0.5514404027124268, 0.3792929987351673, 1.738066703727576e-07, 0.06926642474573576]]","[{""research"": 3, ""code_review"": 0, ""doc_processing"": 4, ""monitoring"": 1}, {""research"": 0, ""code_review"": 8, ""doc_processing"": 0, ""monitoring"": 0}, {""research"": 1, ""code_review"": 7, ""doc_processing"": 0, ""monitoring"": 0}, {""research"": 0, ""code_review"": 0, ""doc_processing"": 8, ""monitoring"": 0}, {""research"": 0, ""code_review"": 0, ""doc_processing"": 8, ""monitoring"": 0}, {""research"": 4, ""code_review"": 2, ""doc_processing"": 0, ""monitoring"": 2}]","[3, 1, 2, 1, 1, 3]",0.0,0.28743362545243023,0.725,0.05956907494787777,0.039513361833529166,"{""COMPUTE"": 906, ""MEMORY"": 715, ""API_CREDITS"": 441, ""DATASET"": 88}","{""COMPUTE"": 697, ""MEMORY"": 550, ""API_CREDITS"": 339, ""DATASET"": 68}","{""COMPUTE"": 1.2998565279770444, ""MEMORY"": 1.3, ""API_CREDITS"": 1.3008849557522124, ""DATASET"": 1.2941176470588236}",4
dirichlet_0.1__moderate,dirichlet_0.1,0.1,moderate,1.3,984930118,3b8b516c16219e9a,1bb291520eb1c9ab,exact_pending_queue,"[[0.14152824511223894, 0.007614914427404467, 0.8508568404603565, 2.1644510443555348e-17], [0.015278373460196896, 0.04622065804497291, 0.8866358358387024, 0.05186513265612769], [0.015633174274171838, 0.005934938526210413, 0.00030891294603050545, 0.9781229742535874], [0.0002519306126274616, 0.9994347563038607, 0.00031331224167172533, 8.418401198857744e-10], [0.14119008923734175, 1.3905657462629522e-06, 0.6482967971321604, 0.21051172306475155], [0.00017058042707673586, 0.0009030205161404125, 0.9862441619655559, 0.012682237091226982]]","[{""research"": 1, ""code_review"": 1, ""doc_processing"": 6, ""monitoring"": 0}, {""research"": 0, ""code_review"": 2, ""doc_processing"": 6, ""monitoring"": 0}, {""research"": 0, ""code_review"": 0, ""doc_processing"": 0, ""monitoring"": 8}, {""research"": 0, ""code_review"": 8, ""doc_processing"": 0, ""monitoring"": 0}, {""research"": 1, ""code_review"": 0, ""doc_processing"": 4, ""monitoring"": 3}, {""research"": 0, ""code_review"": 0, ""doc_processing"": 8, ""monitoring"": 0}]","[3, 2, 1, 1, 3, 1]",0.0,0.2731829425956527,0.6833333333333333,0.13364269684381416,0.08944704077734804,"{""COMPUTE"": 794, ""MEMORY"": 629, ""API_CREDITS"": 351, ""DATASET"": 104}","{""COMPUTE"": 611, ""MEMORY"": 484, ""API_CREDITS"": 270, ""DATASET"": 80}","{""COMPUTE"": 1.2995090016366613, ""MEMORY"": 1.2995867768595042, ""API_CREDITS"": 1.3, ""DATASET"": 1.3}",4
dirichlet_0.1__moderate,dirichlet_0.1,0.1,moderate,1.3,996168124,2b40a39f18d4c122,93279193b260e3a8,exact_pending_queue,"[[1.4866825004960041e-12, 3.2435357441810834e-07, 0.001750166301609772, 0.9982495093433292], [0.0024269308120791317, 0.07150848925776604, 0.0013590382117199802, 0.9247055417184348], [0.30833087386917046, 0.00019615638721655793, 0.09834198702855748, 0.5931309827150554], [0.152217428300372, 9.761465675011706e-13, 0.03284022638260558, 0.8149423453160464], [0.9975124141653712, 0.0011887454552650793, 1.6646212804753122e-11, 0.0012988403627175614], [0.9936492046833022, 1.7302608992178331e-12, 0.0063507930429274355, 2.2720402940321914e-09]]","[{""research"": 0, ""code_review"": 0, ""doc_processing"": 0, ""monitoring"": 8}, {""research"": 0, ""code_review"": 1, ""doc_processing"": 0, ""monitoring"": 7}, {""research"": 3, ""code_review"": 0, ""doc_processing"": 1, ""monitoring"": 4}, {""research"": 0, ""code_review"": 0, ""doc_processing"": 2, ""monitoring"": 6}, {""research"": 8, ""code_review"": 0, ""doc_processing"": 0, ""monitoring"": 0}, {""research"": 8, ""code_review"": 0, ""doc_processing"": 0, ""monitoring"": 0}]","[1, 2, 3, 2, 1, 1]",0.0,0.23004013582402463,0.6166666666666667,0.12120700002981556,0.08345046082707895,"{""COMPUTE"": 922, ""MEMORY"": 832, ""API_CREDITS"": 384, ""DATASET"": 352}","{""COMPUTE"": 709, ""MEMORY"": 640, ""API_CREDITS"": 295, ""DATASET"": 271}","{""COMPUTE"": 1.3004231311706629, ""MEMORY"": 1.3, ""API_CREDITS"": 1.3016949152542372, ""DATASET"": 1.2988929889298892}",4
dirichlet_0.1__moderate,dirichlet_0.1,0.1,moderate,1.3,999012690,23f000ea04be44b0,b923fe2b6eccfbbc,exact_pending_queue,"[[0.3899387950290074, 3.455256094790533e-15, 0.13802207473268893, 0.4720391302383002], [7.285415147075383e-07, 0.00416979586472401, 7.250470591672302e-05, 0.9957569708878447], [6.348918285817003e-12, 0.002067101150056119, 0.00020287994390865032, 0.9977300188996864], [0.0031545987595786203, 0.02352061366988776, 0.016581606715140383, 0.9567431808553933], [1.2736610502446475e-05, 0.0004400409589347287, 2.411644576135321e-09, 0.9995472200189183], [1.0446503408291807e-09, 4.626775264227796e-06, 0.9856096190238478, 0.01438575315623752]]","[{""research"": 5, ""code_review"": 0, ""doc_processing"": 0, ""monitoring"": 3}, {""research"": 0, ""code_review"": 0, ""doc_processing"": 0, ""monitoring"": 8}, {""research"": 0, ""code_review"": 0, ""doc_processing"": 0, ""monitoring"": 8}, {""research"": 0, ""code_review"": 0, ""doc_processing"": 0, ""monitoring"": 8}, {""research"": 0, ""code_review"": 0, ""doc_processing"": 0, ""monitoring"": 8}, {""research"": 0, ""code_review"": 0, ""doc_processing"": 8, ""monitoring"": 0}]","[2, 1, 1, 1, 1, 1]",0.0,0.07953616691041375,0.5,0.14657294657294656,0.11528011528011528,"{""COMPUTE"": 626, ""MEMORY"": 588, ""API_CREDITS"": 200, ""DATASET"": 320}","{""COMPUTE"": 482, ""MEMORY"": 452, ""API_CREDITS"": 154, ""DATASET"": 246}","{""COMPUTE"": 1.2987551867219918, ""MEMORY"": 1.3008849557522124, ""API_CREDITS"": 1.2987012987012987, ""DATASET"": 1.3008130081300813}",4
dirichlet_0.1__moderate,dirichlet_0.1,0.1,moderate,1.3,1032888065,6f32447d0def8adf,5b9958609e84126a,exact_pending_queue,"[[2.4928924329288923e-06, 3.1277721166407336e-08, 0.999996311883229, 1.1639466169345366e-06], [0.8101120230781, 0.0008754982248472903, 0.0008834648682359602, 0.18812901382881678], [0.014365324488475465, 0.04291089214442067, 0.9418155269360093, 0.0009082564310944861], [1.4004406415365052e-11, 0.795710038624561, 0.20428996136143462, 6.285520167950539e-20], [0.6184040469289223, 0.0026119601744251813, 3.993007810775685e-06, 0.37897999988884173], [0.7148717668310534, 0.19929262628316383, 0.08574604138844678, 8.956549733598426e-05]]","[{""research"": 0, ""code_review"": 0, ""doc_processing"": 8, ""monitoring"": 0}, {""research"": 5, ""code_review"": 0, ""doc_processing"": 0, ""monitoring"": 3}, {""research"": 0, ""code_review"": 0, ""doc_processing"": 8, ""monitoring"": 0}, {""research"": 0, ""code_review"": 8, ""doc_processing"": 0, ""monitoring"": 0}, {""research"": 2, ""code_review"": 0, ""doc_processing"": 0, ""monitoring"": 6}, {""research"": 7, ""code_review"": 1, ""doc_processing"": 0, ""monitoring"": 0}]","[1, 2, 1, 1, 2, 2]",0.0,0.19243971421530784,0.825,0.10218114090855052,0.0685411705272398,"{""COMPUTE"": 990, ""MEMORY"": 815, ""API_CREDITS"": 461, ""DATASET"": 184}","{""COMPUTE"": 762, ""MEMORY"": 627, ""API_CREDITS"": 355, ""DATASET"": 142}","{""COMPUTE"": 1.2992125984251968, ""MEMORY"": 1.2998405103668262, ""API_CREDITS"": 1.2985915492957747, ""DATASET"": 1.295774647887324}",4
dirichlet_0.1__moderate,dirichlet_0.1,0.1,moderate,1.3,1039704879,36338f4462650e95,790325a326a05b74,exact_pending_queue,"[[1.8320715283600307e-08, 0.2281873617560274, 0.7718089376015148, 3.6823217425428255e-06], [0.9801786961690802, 8.864521908568213e-12, 3.174209209003974e-12, 0.0198213038188811], [0.37332303937871403, 0.0030780648617477245, 0.019080583173540694, 0.6045183125859974], [1.4941670863845722e-07, 0.9998863832697503, 0.00011346731039147227, 3.1496014214518235e-12], [0.001895029669046185, 0.9553572260900877, 6.905770744332721e-05, 0.04267868653342274], [7.481938258265688e-05, 0.43220348480926024, 0.04976052818075699, 0.5179611676274001]]","[{""research"": 0, ""code_review"": 2, ""doc_processing"": 6, ""monitoring"": 0}, {""research"": 7, ""code_review"": 0, ""doc_processing"": 0, ""monitoring"": 1}, {""research"": 4, ""code_review"": 0, ""doc_processing"": 0, ""monitoring"": 4}, {""research"": 0, ""code_review"": 8, ""doc_processing"": 0, ""monitoring"": 0}, {""research"": 0, ""code_review"": 8, ""doc_processing"": 0, ""monitoring"": 0}, {""research"": 0, ""code_review"": 1, ""doc_processing"": 0, ""monitoring"": 7}]","[2, 2, 2, 1, 1, 2]",0.0,0.24153391757152712,0.7916666666666666,0.1342838540867185,0.08765801173835597,"{""COMPUTE"": 792, ""MEMORY"": 675, ""API_CREDITS"": 373, ""DATASET"": 184}","{""COMPUTE"": 609, ""MEMORY"": 519, ""API_CREDITS"": 287, ""DATASET"": 142}","{""COMPUTE"": 1.3004926108374384, ""MEMORY"": 1.300578034682081, ""API_CREDITS"": 1.2996515679442509, ""DATASET"": 1.295774647887324}",4
dirichlet_0.1__moderate,dirichlet_0.1,0.1,moderate,1.3,1050570396,6d202c64d8500bdc,5f9cce03101a9080,exact_pending_queue,"[[8.834905311485938e-13, 0.2266173382110165, 0.7579979602508077, 0.01538470153729245], [0.17699277740922534, 3.24708557096065e-10, 0.8218017082387453, 0.0012055140273208751], [0.9970680915498588, 4.171830186507677e-30, 0.0028787238596702036, 5.318459047100918e-05], [0.07105557078771114, 0.9232582892105272, 0.005686139970542485, 3.121900845723785e-11], [0.050460455643755696, 0.7568383284036045, 0.1921441742219781, 0.0005570417306616358], [0.004658428953693371, 0.9953408629980298, 6.884964559422924e-07, 1.9551821050124082e-08]]","[{""research"": 0, ""code_review"": 3, ""doc_processing"": 5, ""monitoring"": 0}, {""research"": 3, ""code_review"": 0, ""doc_processing"": 5, ""monitoring"": 0}, {""research"": 8, ""code_review"": 0, ""doc_processing"": 0, ""monitoring"": 0}, {""research"": 0, ""code_review"": 8, ""doc_processing"": 0, ""monitoring"": 0}, {""research"": 0, ""code_review"": 5, ""doc_processing"": 3, ""monitoring"": 0}, {""research"": 0, ""code_review"": 8, ""doc_processing"": 0, ""monitoring"": 0}]","[2, 2, 1, 1, 2, 1]",0.0,0.23860850073124126,0.6583333333333333,0.04828134828134829,0.033228345728345716,"{""COMPUTE"": 900, ""MEMORY"": 719, ""API_CREDITS"": 461, ""DATASET"": 88}","{""COMPUTE"": 692, ""MEMORY"": 553, ""API_CREDITS"": 355, ""DATASET"": 68}","{""COMPUTE"": 1.300578034682081, ""MEMORY"": 1.3001808318264014, ""API_CREDITS"": 1.2985915492957747, ""DATASET"": 1.2941176470588236}",4
dirichlet_0.1__moderate,dirichlet_0.1,0.1,moderate,1.3,1087495274,02e0f2782e39f0d4,1b05c1b810666f23,exact_pending_queue,"[[0.020647927885964566, 0.5820896846034671, 0.39696239641073183, 0.00029999109983656994], [0.096893855901673, 6.531014254296176e-10, 6.006976931665773e-14, 0.9031061434451654], [0.9999738042700411, 3.778198149408088e-08, 1.7865820554785135e-06, 2.43713659219455e-05], [1.3110160646038545e-05, 6.334399395324899e-09, 0.9999840407976349, 2.842707319633408e-06], [1.0132966632868497e-09, 0.8645339484154088, 0.13311574682526497, 0.0023503037460297174], [0.003512299751645942, 0.006672138310779344, 0.019673881657617062, 0.9701416802799577]]","[{""research"": 0, ""code_review"": 7, ""doc_processing"": 1, ""monitoring"": 0}, {""research"": 0, ""code_review"": 0, ""doc_processing"": 0, ""monitoring"": 8}, {""research"": 8, ""code_review"": 0, ""doc_processing"": 0, ""monitoring"": 0}, {""research"": 0, ""code_review"": 0, ""doc_processing"": 8, ""monitoring"": 0}, {""research"": 0, ""code_review"": 6, ""doc_processing"": 2, ""monitoring"": 0}, {""research"": 0, ""code_review"": 0, ""doc_processing"": 0, ""monitoring"": 8}]","[2, 1, 1, 1, 2, 1]",0.0,0.1129035473048941,0.85,0.18182681516014845,0.13280220294109182,"{""COMPUTE"": 772, ""MEMORY"": 656, ""API_CREDITS"": 340, ""DATASET"": 192}","{""COMPUTE"": 594, ""MEMORY"": 505, ""API_CREDITS"": 262, ""DATASET"": 148}","{""COMPUTE"": 1.2996632996632997, ""MEMORY"": 1.299009900990099, ""API_CREDITS"": 1.297709923664122, ""DATASET"": 1.2972972972972974}",4
dirichlet_0.1__moderate,dirichlet_0.1,0.1,moderate,1.3,1102475274,b98ed78a52af5dd7,086bdae42d64d72a,exact_pending_queue,"[[0.007027449768400542, 0.0010752072672299388, 0.9918973355138857, 7.4504838662906034e-09], [0.13910318070857863, 0.8225284489694058, 0.007367127248920228, 0.031001243073095493], [0.8620907891684721, 0.04859228975925893, 0.08917005402379492, 0.00014686704847396328], [0.9103543279988383, 3.659758015005459e-09, 0.027799505160695414, 0.06184616318070823], [1.0741142495440515e-06, 0.9999121062116283, 8.667029103047421e-05, 1.4938309160850923e-07], [6.017187487016627e-05, 0.2157178199973387, 0.7842220067619696, 1.3658215676915702e-09]]","[{""research"": 0, ""code_review"": 0, ""doc_processing"": 8, ""monitoring"": 0}, {""research"": 1, ""code_review"": 7, ""doc_processing"": 0, ""monitoring"": 0}, {""research"": 7, ""code_review"": 0, ""doc_processing"": 1, ""monitoring"": 0}, {""research"": 8, ""code_review"": 0, ""doc_processing"": 0, ""monitoring"": 0}, {""research"": 0, ""code_review"": 8, ""doc_processing"": 0, ""monitoring"": 0}, {""research"": 0, ""code_review"": 1, ""doc_processing"": 7, ""monitoring"": 0}]","[1, 2, 2, 1, 1, 2]",0.0,0.1358911107998991,0.775,0.057575592775140974,0.03963944477404568,"{""COMPUTE"": 1056, ""MEMORY"": 848, ""API_CREDITS"": 528, ""DATASET"": 128}","{""COMPUTE"": 812, ""MEMORY"": 652, ""API_CREDITS"": 406, ""DATASET"": 98}","{""COMPUTE"": 1.3004926108374384, ""MEMORY"": 1.3006134969325154, ""API_CREDITS"": 1.3004926108374384, ""DATASET"": 1.3061224489795917}",4
dirichlet_0.1__moderate,dirichlet_0.1,0.1,moderate,1.3,1133305872,264074a94c77b0fd,9dafb3fa57a4c2a2,exact_pending_queue,"[[0.7006187586421123, 0.19349398146250427, 1.0186336523217355e-15, 0.10588725989538254], [0.021370828447763834, 0.0033507496471032396, 0.05755143352255428, 0.9177269883825786], [0.9810792740319947, 0.015234568012424562, 6.31136895403603e-06, 0.0036798465866267212], [0.005406168859530394, 4.58654870889487e-06, 0.9945717984488521, 1.744614290844297e-05], [0.05219244169877721, 0.7464531006285736, 0.20135429117564912, 1.6649700007061977e-07], [0.27408738293733687, 0.0006068454501529449, 4.14901022334793e-06, 0.7253016226022868]]","[{""research"": 7, ""code_review"": 1, ""doc_processing"": 0, ""monitoring"": 0}, {""research"": 0, ""code_review"": 0, ""doc_processing"": 2, ""monitoring"": 6}, {""research"": 8, ""code_review"": 0, ""doc_processing"": 0, ""monitoring"": 0}, {""research"": 0, ""code_review"": 0, ""doc_processing"": 8, ""monitoring"": 0}, {""research"": 0, ""code_review"": 6, ""doc_processing"": 2, ""monitoring"": 0}, {""research"": 3, ""code_review"": 0, ""doc_processing"": 0, ""monitoring"": 5}]","[2, 2, 1, 1, 2, 2]",0.0,0.26004622458690224,0.7916666666666666,0.10215993784838963,0.06581697926611209,"{""COMPUTE"": 1034, ""MEMORY"": 869, ""API_CREDITS"": 479, ""DATASET"": 232}","{""COMPUTE"": 795, ""MEMORY"": 668, ""API_CREDITS"": 368, ""DATASET"": 178}","{""COMPUTE"": 1.30062893081761, ""MEMORY"": 1.3008982035928143, ""API_CREDITS"": 1.3016304347826086, ""DATASET"": 1.303370786516854}",4
dirichlet_0.1__moderate,dirichlet_0.1,0.1,moderate,1.3,1143766233,11ccf39224267b16,305ee961673cb3b9,exact_pending_queue,"[[0.9894104838955072, 0.0095817481410193, 0.00024087542527953523, 0.00076689253819394], [0.003411265170649782, 0.9965439767706842, 4.475692985954566e-05, 1.1288065551340053e-09], [6.959122772535453e-07, 0.3319014465710084, 0.07609534396869257, 0.5920025135480217], [0.06893585022346932, 0.007860245780648709, 0.029899283474124887, 0.8933046205217572], [1.5256875363068189e-05, 0.0608726749727402, 1.7763881831176765e-12, 0.9391120681501203], [0.7125845314797455, 0.014470119640001453, 0.13545598294141648, 0.1374893659388367]]","[{""research"": 8, ""code_review"": 0, ""doc_processing"": 0, ""monitoring"": 0}, {""research"": 0, ""code_review"": 8, ""doc_processing"": 0, ""monitoring"": 0}, {""research"": 0, ""code_review"": 6, ""doc_processing"": 0, ""monitoring"": 2}, {""research"": 1, ""code_review"": 0, ""doc_processing"": 1, ""monitoring"": 6}, {""research"": 0, ""code_review"": 0, ""doc_processing"": 0, ""monitoring"": 8}, {""research"": 6, ""code_review"": 0, ""doc_processing"": 2, ""monitoring"": 0}]","[1, 1, 2, 3, 1, 2]",0.0,0.22365286444811652,0.7916666666666666,0.13271521368390254,0.08794416879054844,"{""COMPUTE"": 844, ""MEMORY"": 739, ""API_CREDITS"": 385, ""DATASET"": 248}","{""COMPUTE"": 649, ""MEMORY"": 568, ""API_CREDITS"": 296, ""DATASET"": 191}","{""COMPUTE"": 1.300462249614792, ""MEMORY"": 1.301056338028169, ""API_CREDITS"": 1.3006756756756757, ""DATASET"": 1.2984293193717278}",4
dirichlet_0.1__moderate,dirichlet_0.1,0.1,moderate,1.3,1154336374,b2236bac17d7e183,94c75e30c33fe255,exact_pending_queue,"[[0.3963095671676229, 0.04803256927235415, 0.5556578181848568, 4.5375166138158824e-08], [0.04456521075889728, 5.827526821073171e-06, 0.8933103005693095, 0.06211866114497221], [0.999940894433988, 6.575663983463181e-07, 6.120040587698348e-11, 5.844793841329682e-05], [0.017053915370579455, 0.8918223490733022, 0.09099085334849547, 0.00013288220762302917], [0.9999093171848776, 1.24116529032403e-05, 2.2818306523021287e-05, 5.545285569624205e-05], [0.8454791327468196, 0.15119445908958604, 1.876738661412067e-10, 0.003326407975920359]]","[{""research"": 5, ""code_review"": 1, ""doc_processing"": 2, ""monitoring"": 0}, {""research"": 2, ""code_review"": 0, ""doc_processing"": 6, ""monitoring"": 0}, {""research"": 8, ""code_review"": 0, ""doc_processing"": 0, ""monitoring"": 0}, {""research"": 0, ""code_review"": 7, ""doc_processing"": 1, ""monitoring"": 0}, {""research"": 8, ""code_review"": 0, ""doc_processing"": 0, ""monitoring"": 0}, {""research"": 8, ""code_review"": 0, ""doc_processing"": 0, ""monitoring"": 0}]","[3, 2, 1, 2, 1, 1]",0.0,0.22113645902951065,0.5666666666666667,0.04322756851492484,0.030731409838210617,"{""COMPUTE"": 1332, ""MEMORY"": 1107, ""API_CREDITS"": 665, ""DATASET"": 248}","{""COMPUTE"": 1025, ""MEMORY"": 852, ""API_CREDITS"": 512, ""DATASET"": 191}","{""COMPUTE"": 1.2995121951219513, ""MEMORY"": 1.2992957746478873, ""API_CREDITS"": 1.298828125, ""DATASET"": 1.2984293193717278}",4
dirichlet_0.1__moderate,dirichlet_0.1,0.1,moderate,1.3,1169070121,af1c470d32049536,3f4e295e71008d98,exact_pending_queue,"[[0.00036502652597204517, 4.4582296402017745e-05, 0.3572013010391155, 0.6423890901385105], [0.04994801872024689, 0.020521237583483596, 0.6984168598054861, 0.23111388389078358], [0.09812462690908527, 5.7786015184082546e-05, 2.8104355758002383e-05, 0.9017894827199727], [0.7330483304909341, 0.2272933101188449, 0.0036308119448008203, 0.03602754744542008], [0.8625959046798405, 0.12491519971547042, 0.011851012402489853, 0.0006378832021991934], [0.9998016950434051, 3.222760613321689e-06, 0.00017336635668480807, 2.1715839296774896e-05]]","[{""research"": 0, ""code_review"": 0, ""doc_processing"": 3, ""monitoring"": 5}, {""research"": 0, ""code_review"": 0, ""doc_processing"": 7, ""monitoring"": 1}, {""research"": 0, ""code_review"": 0, ""doc_processing"": 0, ""monitoring"": 8}, {""research"": 7, ""code_review"": 1, ""doc_processing"": 0, ""monitoring"": 0}, {""research"": 8, ""code_review"": 0, ""doc_processing"": 0, ""monitoring"": 0}, {""research"": 8, ""code_review"": 0, ""doc_processing"": 0, ""monitoring"": 0}]","[2, 2, 1, 2, 1, 1]",0.0,0.17013024077701314,0.7333333333333333,0.11382454405060466,0.07430703772480246,"{""COMPUTE"": 1124, ""MEMORY"": 961, ""API_CREDITS"": 511, ""DATASET"": 296}","{""COMPUTE"": 865, ""MEMORY"": 739, ""API_CREDITS"": 393, ""DATASET"": 228}","{""COMPUTE"": 1.299421965317919, ""MEMORY"": 1.3004059539918809, ""API_CREDITS"": 1.3002544529262086, ""DATASET"": 1.2982456140350878}",4
dirichlet_0.1__moderate,dirichlet_0.1,0.1,moderate,1.3,1187549093,b58ec97f6baef54b,05e3b0494b575d02,exact_pending_queue,"[[0.9946169269773478, 0.0036448634229561826, 0.001108054870710916, 0.00063015472898513], [0.0006176456991075733, 0.07136245907577053, 0.9251130232208783, 0.0029068720042436246], [0.005154693163282884, 0.19931821997461394, 3.3989588115044175e-11, 0.7955270868281135], [8.630997724810386e-10, 0.8291030734647915, 0.16427952882635175, 0.006617396845757139], [0.00013970345768870906, 1.1030429636279607e-08, 0.0005142588110633975, 0.9993460267008182], [5.996030186575812e-15, 0.06922619157452366, 1.5266084994680847e-15, 0.9307738084254689]]","[{""research"": 8, ""code_review"": 0, ""doc_processing"": 0, ""monitoring"": 0}, {""research"": 0, ""code_review"": 0, ""doc_processing"": 8, ""monitoring"": 0}, {""research"": 0, ""code_review"": 2, ""doc_processing"": 0, ""monitoring"": 6}, {""research"": 0, ""code_review"": 7, ""doc_processing"": 1, ""monitoring"": 0}, {""research"": 0, ""code_review"": 0, ""doc_processing"": 0, ""monitoring"": 8}, {""research"": 0, ""code_review"": 0, ""doc_processing"": 0, ""monitoring"": 8}]","[1, 1, 2, 2, 1, 1]",0.0,0.1129035473048941,0.8083333333333333,0.1841375037453469,0.1331670780200192,"{""COMPUTE"": 736, ""MEMORY"": 646, ""API_CREDITS"": 302, ""DATASET"": 240}","{""COMPUTE"": 566, ""MEMORY"": 497, ""API_CREDITS"": 232, ""DATASET"": 185}","{""COMPUTE"": 1.3003533568904593, ""MEMORY"": 1.2997987927565393, ""API_CREDITS"": 1.3017241379310345, ""DATASET"": 1.2972972972972974}",4
dirichlet_0.1__moderate,dirichlet_0.1,0.1,moderate,1.3,1221630303,d19fa11ec7ea30fa,6b8c9e7964abd277,exact_pending_queue,"[[8.842110787587394e-06, 1.6786808402507958e-05, 4.6557307452904875e-19, 0.99997437108081], [0.9577485583860769, 0.04222643176536687, 2.5009848503672194e-05, 5.259325853528651e-14], [0.017672266465997743, 0.7936605553222977, 0.16581526915949132, 0.022851909052213144], [0.9992097863239442, 0.0005105798267605967, 0.0001998060223497057, 7.9827826945394e-05], [0.0016844085311625184, 0.9283447904777948, 0.0662222565862439, 0.003748544404798736], [0.044865580550353085, 4.679461029198404e-25, 0.1525098821254238, 0.8026245373242231]]","[{""research"": 0, ""code_review"": 0, ""doc_processing"": 0, ""monitoring"": 8}, {""research"": 8, ""code_review"": 0, ""doc_processing"": 0, ""monitoring"": 0}, {""research"": 0, ""code_review"": 7, ""doc_processing"": 1, ""monitoring"": 0}, {""research"": 8, ""code_review"": 0, ""doc_processing"": 0, ""monitoring"": 0}, {""research"": 0, ""code_review"": 8, ""doc_processing"": 0, ""monitoring"": 0}, {""research"": 1, ""code_review"": 0, ""doc_processing"": 0, ""monitoring"": 7}]","[1, 1, 2, 1, 1, 2]",0.0,0.0905940738665994,0.8,0.15735388068721398,0.10618578951912284,"{""COMPUTE"": 870, ""MEMORY"": 764, ""API_CREDITS"": 404, ""DATASET"": 256}","{""COMPUTE"": 669, ""MEMORY"": 588, ""API_CREDITS"": 311, ""DATASET"": 197}","{""COMPUTE"": 1.3004484304932735, ""MEMORY"": 1.2993197278911566, ""API_CREDITS"": 1.2990353697749195, ""DATASET"": 1.299492385786802}",4
dirichlet_0.1__moderate,dirichlet_0.1,0.1,moderate,1.3,1221963468,ac8def1e818150c4,d331e529d3309873,exact_pending_queue,"[[4.5875188685162604e-05, 0.9998973573037879, 3.0314468717366406e-06, 5.373606065521219e-05], [0.0005921374654814413, 0.00043285196132687086, 2.8247303990631098e-05, 0.9989467632692011], [0.010222960944434221, 0.03699408691480798, 4.5997419133142207e-08, 0.9527829061433386], [0.45353793279117155, 0.0011492590673125342, 0.5270977038574367, 0.018215104284079138], [0.27404308883841516, 0.7222252449386861, 4.012471022622719e-07, 0.003731264975796395], [1.0322759046302736e-13, 0.0003722250171925792, 0.999627774982704, 1.0623473787083883e-16]]","[{""research"": 0, ""code_review"": 8, ""doc_processing"": 0, ""monitoring"": 0}, {""research"": 0, ""code_review"": 0, ""doc_processing"": 0, ""monitoring"": 8}, {""research"": 0, ""code_review"": 0, ""doc_processing"": 0, ""monitoring"": 8}, {""research"": 6, ""code_review"": 0, ""doc_processing"": 2, ""monitoring"": 0}, {""research"": 4, ""code_review"": 4, ""doc_processing"": 0, ""monitoring"": 0}, {""research"": 0, ""code_review"": 0, ""doc_processing"": 8, ""monitoring"": 0}]","[1, 1, 1, 2, 2, 1]",0.0,0.15093984370492775,0.85,0.17521367521367523,0.12665343915343916,"{""COMPUTE"": 808, ""MEMORY"": 690, ""API_CREDITS"": 358, ""DATASET"": 208}","{""COMPUTE"": 622, ""MEMORY"": 531, ""API_CREDITS"": 275, ""DATASET"": 160}","{""COMPUTE"": 1.2990353697749195, ""MEMORY"": 1.2994350282485876, ""API_CREDITS"": 1.3018181818181818, ""DATASET"": 1.3}",4
dirichlet_0.1__moderate,dirichlet_0.1,0.1,moderate,1.3,1244412151,007292a40b79b0f9,f9b0c25217f69f0e,exact_pending_queue,"[[0.002519892280953097, 7.722197868311795e-07, 0.01678614736897491, 0.9806931881302852], [2.054074027098996e-09, 0.002413704688546843, 0.997586290879513, 2.377866145146098e-09], [1.0077573792446325e-18, 0.9934039617999239, 0.001518605455435991, 0.005077432744640167], [3.669009900222668e-12, 0.15166101727494666, 0.00149378373896391, 0.8468451989824204], [3.153679510251574e-05, 0.2908500626301647, 1.4767109798783556e-07, 0.7091182529036348], [0.00011852532856701676, 1.7883813115507022e-05, 0.9997364672398334, 0.00012712361848396343]]","[{""research"": 0, ""code_review"": 0, ""doc_processing"": 0, ""monitoring"": 8}, {""research"": 0, ""code_review"": 0, ""doc_processing"": 8, ""monitoring"": 0}, {""research"": 0, ""code_review"": 8, ""doc_processing"": 0, ""monitoring"": 0}, {""research"": 0, ""code_review"": 2, ""doc_processing"": 0, ""monitoring"": 6}, {""research"": 0, ""code_review"": 5, ""doc_processing"": 0, ""monitoring"": 3}, {""research"": 0, ""code_review"": 0, ""doc_processing"": 8, ""monitoring"": 0}]","[1, 1, 1, 2, 2, 1]",0.0,0.14714267728200817,0.7583333333333333,0.16983027865380806,0.11642252083428554,"{""COMPUTE"": 638, ""MEMORY"": 529, ""API_CREDITS"": 267, ""DATASET"": 136}","{""COMPUTE"": 491, ""MEMORY"": 407, ""API_CREDITS"": 205, ""DATASET"": 105}","{""COMPUTE"": 1.2993890020366599, ""MEMORY"": 1.2997542997542997, ""API_CREDITS"": 1.302439024390244, ""DATASET"": 1.2952380952380953}",4
dirichlet_0.1__moderate,dirichlet_0.1,0.1,moderate,1.3,1244924414,153eae93a78df383,28ed0a97272e7586,exact_pending_queue,"[[0.9999966388869974, 1.315862599031691e-06, 6.122833040560206e-08, 1.9840220731757825e-06], [0.003752572737444125, 0.559561835510335, 0.436684557626677, 1.0341255437366484e-06], [1.4802311305971772e-15, 0.404797896098321, 0.5309876129812412, 0.06421449092043618], [0.9801989099803761, 0.019389370962133848, 1.952961168323606e-06, 0.00040976609632163295], [3.3389286686922967e-06, 0.09284700779367079, 0.12029270420450504, 0.7868569490731554], [0.24035580364531015, 0.7589446072886691, 0.000697090647137147, 2.4984188836491128e-06]]","[{""research"": 8, ""code_review"": 0, ""doc_processing"": 0, ""monitoring"": 0}, {""research"": 0, ""code_review"": 5, ""doc_processing"": 3, ""monitoring"": 0}, {""research"": 0, ""code_review"": 5, ""doc_processing"": 3, ""monitoring"": 0}, {""research"": 8, ""code_review"": 0, ""doc_processing"": 0, ""monitoring"": 0}, {""research"": 0, ""code_review"": 2, ""doc_processing"": 0, ""monitoring"": 6}, {""research"": 2, ""code_review"": 6, ""doc_processing"": 0, ""monitoring"": 0}]","[1, 2, 2, 1, 2, 2]",0.0,0.29428535456401633,0.7,0.10325237670825908,0.06379666765696178,"{""COMPUTE"": 972, ""MEMORY"": 816, ""API_CREDITS"": 480, ""DATASET"": 192}","{""COMPUTE"": 748, ""MEMORY"": 628, ""API_CREDITS"": 369, ""DATASET"": 148}","{""COMPUTE"": 1.2994652406417113, ""MEMORY"": 1.2993630573248407, ""API_CREDITS"": 1.3008130081300813, ""DATASET"": 1.2972972972972974}",4
dirichlet_0.1__moderate,dirichlet_0.1,0.1,moderate,1.3,1254323997,f00911f2a3529b69,be6829f8db16e1ed,exact_pending_queue,"[[0.8918642947974806, 0.10813547895291947, 1.5425916239637993e-07, 7.199043751512092e-08], [0.9965074616982712, 1.8548748851554758e-09, 0.003451529038413324, 4.100740844075839e-05], [0.49596520342333217, 0.5014405109977534, 0.0015059176308367204, 0.0010883679480776665], [3.1663578366358518e-06, 0.11827707090069664, 0.49170535805713866, 0.390014404684328], [4.770073855011197e-05, 1.4234981436504468e-05, 1.4417041735630001e-09, 0.9999380628383093], [0.002300978852774622, 0.2298762720104529, 0.7677401507341174, 8.259840265492391e-05]]","[{""research"": 7, ""code_review"": 1, ""doc_processing"": 0, ""monitoring"": 0}, {""research"": 8, ""code_review"": 0, ""doc_processing"": 0, ""monitoring"": 0}, {""research"": 3, ""code_review"": 5, ""doc_processing"": 0, ""monitoring"": 0}, {""research"": 0, ""code_review"": 0, ""doc_processing"": 7, ""monitoring"": 1}, {""research"": 0, ""code_review"": 0, ""doc_processing"": 0, ""monitoring"": 8}, {""research"": 0, ""code_review"": 1, ""doc_processing"": 7, ""monitoring"": 0}]","[2, 1, 2, 2, 1, 2]",0.0,0.21542727771031286,0.8,0.12392238765684897,0.07839891110781995,"{""COMPUTE"": 1062, ""MEMORY"": 883, ""API_CREDITS"": 497, ""DATASET"": 216}","{""COMPUTE"": 817, ""MEMORY"": 679, ""API_CREDITS"": 382, ""DATASET"": 166}","{""COMPUTE"": 1.2998776009791921, ""MEMORY"": 1.3004418262150221, ""API_CREDITS"": 1.301047120418848, ""DATASET"": 1.3012048192771084}",4
dirichlet_0.1__moderate,dirichlet_0.1,0.1,moderate,1.3,1281609490,8e46f0d774ce454e,e1552fdb4e9d80ed,exact_pending_queue,"[[0.00019385663363318301, 0.7614875116215468, 0.2104957800924992, 0.027822851652320825], [0.9992279578678588, 0.0007694734761594043, 3.292201619170363e-10, 2.5683267615821954e-06], [0.0008558629049755375, 0.19908900569724133, 0.7920991636015907, 0.00795596779619227], [0.12761692086949092, 4.69378707093052e-12, 0.8659955759522145, 0.00638750317360066], [4.9419380011405925e-09, 0.07060038945822818, 0.9293995959172944, 9.68253964268078e-09], [0.003917591444587659, 0.017389828313380467, 0.9207678953684817, 0.05792468487355023]]","[{""research"": 0, ""code_review"": 7, ""doc_processing"": 1, ""monitoring"": 0}, {""research"": 8, ""code_review"": 0, ""doc_processing"": 0, ""monitoring"": 0}, {""research"": 0, ""code_review"": 1, ""doc_processing"": 7, ""monitoring"": 0}, {""research"": 1, ""code_review"": 0, ""doc_processing"": 7, ""monitoring"": 0}, {""research"": 0, ""code_review"": 0, ""doc_processing"": 8, ""monitoring"": 0}, {""research"": 0, ""code_review"": 0, ""doc_processing"": 8, ""monitoring"": 0}]","[2, 1, 2, 2, 1, 1]",0.0,0.1358911107998991,0.5916666666666667,0.04190796857463524,0.0282510641001207,"{""COMPUTE"": 1068, ""MEMORY"": 821, ""API_CREDITS"": 511, ""DATASET"": 72}","{""COMPUTE"": 822, ""MEMORY"": 632, ""API_CREDITS"": 393, ""DATASET"": 55}","{""COMPUTE"": 1.2992700729927007, ""MEMORY"": 1.2990506329113924, ""API_CREDITS"": 1.3002544529262086, ""DATASET"": 1.309090909090909}",4
dirichlet_0.1__moderate,dirichlet_0.1,0.1,moderate,1.3,1282977363,cbb94b6223adb489,7282fbff2de0a8de,exact_pending_queue,"[[0.5962160021650228, 0.00030955403835352687, 0.00263671178997391, 0.4008377320066497], [0.9999506982400879, 1.121297198498926e-06, 4.801146801680187e-05, 1.6899469685757511e-07], [0.029865346730769318, 0.9477680758875139, 3.401353155633792e-06, 0.022363176028560982], [0.02847703881135225, 0.8814821169569995, 0.08567560927503762, 0.00436523495661074], [0.0037977299658197693, 3.896188974012331e-07, 0.9962018804152825, 3.62883645897164e-16], [0.024256333461107903, 5.171123170260133e-05, 0.02227316740945215, 0.9534187878977374]]","[{""research"": 3, ""code_review"": 0, ""doc_processing"": 0, ""monitoring"": 5}, {""research"": 8, ""code_review"": 0, ""doc_processing"": 0, ""monitoring"": 0}, {""research"": 0, ""code_review"": 8, ""doc_processing"": 0, ""monitoring"": 0}, {""research"": 0, ""code_review"": 7, ""doc_processing"": 0, ""monitoring"": 1}, {""research"": 0, ""code_review"": 0, ""doc_processing"": 8, ""monitoring"": 0}, {""research"": 0, ""code_review"": 0, ""doc_processing"": 0, ""monitoring"": 8}]","[2, 1, 1, 2, 1, 1]",0.0,0.12483320384371345,0.8583333333333333,0.14714710719996185,0.0936793849361226,"{""COMPUTE"": 812, ""MEMORY"": 693, ""API_CREDITS"": 371, ""DATASET"": 200}","{""COMPUTE"": 625, ""MEMORY"": 533, ""API_CREDITS"": 285, ""DATASET"": 154}","{""COMPUTE"": 1.2992, ""MEMORY"": 1.300187617260788, ""API_CREDITS"": 1.3017543859649123, ""DATASET"": 1.2987012987012987}",4
dirichlet_0.1__moderate,dirichlet_0.1,0.1,moderate,1.3,1312657306,97722a51436476f1,a5f10d5fffc6f8c1,exact_pending_queue,"[[8.764999373193896e-06, 0.0019838847081611287, 0.9978611722705282, 0.00014617802193753597], [0.015282300988347207, 0.10292757684165707, 0.8753599022722338, 0.00643021989776201], [0.3578176475520497, 0.0017873759191858168, 0.6403949759300732, 5.986912861846087e-10], [0.31810279330585917, 0.4974271484076276, 0.1433590741942835, 0.04111098409222962], [4.796740944445546e-05, 2.1327810904199017e-06, 0.9976506219914348, 0.0022992778180303836], [0.22144021626788848, 0.778548066957282, 8.306211623118966e-06, 3.4105632063439125e-06]]","[{""research"": 0, ""code_review"": 0, ""doc_processing"": 8, ""monitoring"": 0}, {""research"": 1, ""code_review"": 0, ""doc_processing"": 7, ""monitoring"": 0}, {""research"": 3, ""code_review"": 0, ""doc_processing"": 5, ""monitoring"": 0}, {""research"": 4, ""code_review"": 3, ""doc_processing"": 1, ""monitoring"": 0}, {""research"": 0, ""code_review"": 0, ""doc_processing"": 8, ""monitoring"": 0}, {""research"": 2, ""code_review"": 6, ""doc_processing"": 0, ""monitoring"": 0}]","[1, 2, 2, 3, 1, 2]",0.0,0.3095763027344384,0.55,0.03823166718273849,0.0266848423358257,"{""COMPUTE"": 1068, ""MEMORY"": 826, ""API_CREDITS"": 514, ""DATASET"": 80}","{""COMPUTE"": 822, ""MEMORY"": 635, ""API_CREDITS"": 395, ""DATASET"": 62}","{""COMPUTE"": 1.2992700729927007, ""MEMORY"": 1.300787401574803, ""API_CREDITS"": 1.3012658227848102, ""DATASET"": 1.2903225806451613}",4
dirichlet_0.1__moderate,dirichlet_0.1,0.1,moderate,1.3,1314235930,3ca3149a7540af07,9ccee471402e9164,exact_pending_queue,"[[0.4471254593266402, 0.22166581092678064, 0.3312087297464393, 1.4001825395989847e-13], [0.5836012693027781, 0.4097419131383753, 0.005763272043650904, 0.0008935455151956795], [0.07328659343645656, 0.9249242637185481, 0.0017860032351581614, 3.139609837183671e-06], [0.1068868092089335, 0.8924956577456292, 0.00027810502378273084, 0.00033942802165450405], [0.9640943858823964, 0.034618258338954974, 4.2488257517729265e-05, 0.001244867521130954], [0.0022570634668653902, 0.8750005138251182, 0.10469377910458937, 0.0180486436034271]]","[{""research"": 5, ""code_review"": 2, ""doc_processing"": 1, ""monitoring"": 0}, {""research"": 7, ""code_review"": 1, ""doc_processing"": 0, ""monitoring"": 0}, {""research"": 0, ""code_review"": 8, ""doc_processing"": 0, ""monitoring"": 0}, {""research"": 1, ""code_review"": 7, ""doc_processing"": 0, ""monitoring"": 0}, {""research"": 7, ""code_review"": 1, ""doc_processing"": 0, ""monitoring"": 0}, {""research"": 0, ""code_review"": 6, ""doc_processing"": 2, ""monitoring"": 0}]","[3, 2, 1, 2, 2, 2]",0.0,0.31173053289611,0.5416666666666666,0.05066956882255389,0.03639614427860696,"{""COMPUTE"": 996, ""MEMORY"": 828, ""API_CREDITS"": 520, ""DATASET"": 160}","{""COMPUTE"": 766, ""MEMORY"": 637, ""API_CREDITS"": 400, ""DATASET"": 123}","{""COMPUTE"": 1.3002610966057442, ""MEMORY"": 1.2998430141287285, ""API_CREDITS"": 1.3, ""DATASET"": 1.3008130081300813}",4
dirichlet_0.1__moderate,dirichlet_0.1,0.1,moderate,1.3,1321161991,289f3bf8913b5f37,b7e761c89c0c2630,exact_pending_queue,"[[0.8928048253705353, 4.443322492842914e-07, 0.10719473029517634, 2.0389905198355813e-12], [0.992961492920422, 0.002106299854914478, 0.004928433241146247, 3.7739835170419057e-06], [0.0008000118709535336, 0.5217674915353565, 3.0012991412721666e-06, 0.4774294952945487], [5.6527832697035146e-08, 0.000556247151537639, 0.0011136095239602634, 0.9983300867966693], [0.0018279135286996973, 0.994485583169553, 0.00368641165445154, 9.164729582539426e-08], [2.9739896531830668e-05, 4.0879881457130783e-07, 1.111117305007337e-08, 0.9999698401934805]]","[{""research"": 8, ""code_review"": 0, ""doc_processing"": 0, ""monitoring"": 0}, {""research"": 8, ""code_review"": 0, ""doc_processing"": 0, ""monitoring"": 0}, {""research"": 0, ""code_review"": 6, ""doc_processing"": 0, ""monitoring"": 2}, {""research"": 0, ""code_review"": 0, ""doc_processing"": 0, ""monitoring"": 8}, {""research"": 0, ""code_review"": 8, ""doc_processing"": 0, ""monitoring"": 0}, {""research"": 0, ""code_review"": 0, ""doc_processing"": 0, ""monitoring"": 8}]","[1, 1, 2, 1, 1, 1]",0.0,0.0676065103715944,0.7833333333333333,0.15539698396841256,0.11364164935593508,"{""COMPUTE"": 828, ""MEMORY"": 738, ""API_CREDITS"": 374, ""DATASET"": 272}","{""COMPUTE"": 637, ""MEMORY"": 568, ""API_CREDITS"": 288, ""DATASET"": 209}","{""COMPUTE"": 1.2998430141287285, ""MEMORY"": 1.2992957746478873, ""API_CREDITS"": 1.2986111111111112, ""DATASET"": 1.3014354066985645}",4
dirichlet_0.1__moderate,dirichlet_0.1,0.1,moderate,1.3,1390795802,9739f210d3a8f82e,6bc7b9de4a88a129,exact_pending_queue,"[[0.14840005880987273, 0.7502425692456497, 0.10135727776692341, 9.417755428037787e-08], [4.1341142192704645e-11, 1.6737179102699607e-15, 0.9881387439557857, 0.011861256002871527], [0.4775616702336562, 1.9814983290418077e-08, 0.14726576784472087, 0.37517254210663953], [1.2151894331336473e-05, 0.9953343550642046, 0.003760530236373278, 0.0008929628050908934], [0.23592200209017736, 0.7640725493038334, 5.448605989273269e-06, 1.823716291241532e-18], [7.743130733630774e-12, 0.06185401319477165, 0.6771675606540577, 0.2609784261434276]]","[{""research"": 0, ""code_review"": 6, ""doc_processing"": 2, ""monitoring"": 0}, {""research"": 0, ""code_review"": 0, ""doc_processing"": 8, ""monitoring"": 0}, {""research"": 4, ""code_review"": 0, ""doc_processing"": 3, ""monitoring"": 1}, {""research"": 0, ""code_review"": 8, ""doc_processing"": 0, ""monitoring"": 0}, {""research"": 1, ""code_review"": 7, ""doc_processing"": 0, ""monitoring"": 0}, {""research"": 0, ""code_review"": 0, ""doc_processing"": 5, ""monitoring"": 3}]","[2, 1, 3, 1, 2, 2]",0.0,0.3095763027344384,0.6833333333333333,0.053533029410347224,0.03583665827540022,"{""COMPUTE"": 808, ""MEMORY"": 637, ""API_CREDITS"": 395, ""DATASET"": 72}","{""COMPUTE"": 622, ""MEMORY"": 490, ""API_CREDITS"": 304, ""DATASET"": 55}","{""COMPUTE"": 1.2990353697749195, ""MEMORY"": 1.3, ""API_CREDITS"": 1.299342105263158, ""DATASET"": 1.309090909090909}",4
dirichlet_0.1__moderate,dirichlet_0.1,0.1,moderate,1.3,1401482818,9d1bccca228e6145,ba8d83aa10284bf4,exact_pending_queue,"[[0.004312529177467282, 0.0030874946220234194, 0.0031143813441488785, 0.9894855948563603], [0.12991374114223114, 0.19349900827782698, 0.6765872436496246, 6.930317245116258e-09], [0.04428379973853893, 4.971827966730186e-09, 3.7006116171280946e-11, 0.955716195252627], [0.014370388217253005, 0.9839243103206741, 2.6995245980969634e-05, 0.001678306216092116], [0.0988277080371211, 0.033164900166813865, 0.049391437706922184, 0.8186159540891429], [1.203990407354229e-07, 2.1159139030097095e-09, 0.0004399778358704842, 0.9995598996491748]]","[{""research"": 0, ""code_review"": 0, ""doc_processing"": 0, ""monitoring"": 8}, {""research"": 2, ""code_review"": 3, ""doc_processing"": 3, ""monitoring"": 0}, {""research"": 2, ""code_review"": 0, ""doc_processing"": 0, ""monitoring"": 6}, {""research"": 0, ""code_review"": 8, ""doc_processing"": 0, ""monitoring"": 0}, {""research"": 2, ""code_review"": 0, ""doc_processing"": 0, ""monitoring"": 6}, {""research"": 0, ""code_review"": 0, ""doc_processing"": 0, ""monitoring"": 8}]","[1, 3, 2, 1, 2, 1]",0.0,0.2653195311147832,0.6083333333333333,0.1633437990580848,0.1067007433186435,"{""COMPUTE"": 604, ""MEMORY"": 562, ""API_CREDITS"": 226, ""DATASET"": 272}","{""COMPUTE"": 465, ""MEMORY"": 432, ""API_CREDITS"": 174, ""DATASET"": 209}","{""COMPUTE"": 1.2989247311827956, ""MEMORY"": 1.3009259259259258, ""API_CREDITS"": 1.2988505747126438, ""DATASET"": 1.3014354066985645}",4
dirichlet_0.1__moderate,dirichlet_0.1,0.1,moderate,1.3,1401766844,e6d2d9b1e9df206a,92aa16b6a596e198,exact_pending_queue,"[[0.15638235989847107, 0.0010417444877236705, 0.6846949150114922, 0.1578809806023131], [0.004635033777436152, 5.0425577987668016e-20, 0.6135874433752778, 0.3817775228472861], [0.022351389425598073, 0.13124448876034692, 0.8063569684036045, 0.04004715341045052], [2.727306245031807e-05, 1.2475045095200002e-08, 0.016135455030040616, 0.983837259432464], [0.010438748424255812, 0.9844255739182923, 0.0051082675734897, 2.7410083962051545e-05], [0.010106640695634809, 0.9032192192487282, 0.08666961794210538, 4.522113531851891e-06]]","[{""research"": 1, ""code_review"": 0, ""doc_processing"": 7, ""monitoring"": 0}, {""research"": 0, ""code_review"": 0, ""doc_processing"": 7, ""monitoring"": 1}, {""research"": 0, ""code_review"": 1, ""doc_processing"": 7, ""monitoring"": 0}, {""research"": 0, ""code_review"": 0, ""doc_processing"": 1, ""monitoring"": 7}, {""research"": 0, ""code_review"": 8, ""doc_processing"": 0, ""monitoring"": 0}, {""research"": 0, ""code_review"": 5, ""doc_processing"": 3, ""monitoring"": 0}]","[2, 2, 2, 2, 1, 2]",0.0,0.26072431464361256,0.65,0.10061407970784826,0.06932456892667162,"{""COMPUTE"": 788, ""MEMORY"": 613, ""API_CREDITS"": 359, ""DATASET"": 72}","{""COMPUTE"": 606, ""MEMORY"": 472, ""API_CREDITS"": 276, ""DATASET"": 55}","{""COMPUTE"": 1.3003300330033003, ""MEMORY"": 1.298728813559322, ""API_CREDITS"": 1.3007246376811594, ""DATASET"": 1.309090909090909}",4
dirichlet_0.1__moderate,dirichlet_0.1,0.1,moderate,1.3,1460916399,cceee719007ea129,d43aecbc302d995e,exact_pending_queue,"[[0.9994583049863803, 0.00043127720727551846, 5.709734179649299e-05, 5.3320464547590355e-05], [0.894993758688701, 0.10500569983411183, 1.977689488802976e-12, 5.41475209561906e-07], [0.08331106057596363, 7.0571255742603334e-12, 2.585118910361786e-07, 0.9166886809050883], [0.5902765081301828, 0.36053320441592823, 0.04914003279591425, 5.025465797467075e-05], [3.200240554192894e-08, 0.13680972888475737, 4.691712512164284e-12, 0.8631902391081453], [0.00010309096151639594, 0.9982442605066698, 0.0016526479778955921, 5.539183084976904e-10]]","[{""research"": 8, ""code_review"": 0, ""doc_processing"": 0, ""monitoring"": 0}, {""research"": 8, ""code_review"": 0, ""doc_processing"": 0, ""monitoring"": 0}, {""research"": 2, ""code_review"": 0, ""doc_processing"": 0, ""monitoring"": 6}, {""research"": 5, ""code_review"": 3, ""doc_processing"": 0, ""monitoring"": 0}, {""research"": 0, ""code_review"": 1, ""doc_processing"": 0, ""monitoring"": 7}, {""research"": 0, ""code_review"": 8, ""doc_processing"": 0, ""monitoring"": 0}]","[1, 1, 2, 2, 2, 1]",0.0,0.19243971421530784,0.7083333333333334,0.11956706551862052,0.07897834703898461,"{""COMPUTE"": 1006, ""MEMORY"": 880, ""API_CREDITS"": 476, ""DATASET"": 288}","{""COMPUTE"": 774, ""MEMORY"": 677, ""API_CREDITS"": 366, ""DATASET"": 222}","{""COMPUTE"": 1.2997416020671835, ""MEMORY"": 1.2998522895125555, ""API_CREDITS"": 1.3005464480874316, ""DATASET"": 1.2972972972972974}",4
dirichlet_0.1__moderate,dirichlet_0.1,0.1,moderate,1.3,1485902931,6f02703debe207b3,95c962d71edebd13,exact_pending_queue,"[[0.7024095048569616, 0.2952368175824841, 2.0119390911769014e-05, 0.0023335581696426935], [0.13791456554026232, 0.8599711107772111, 5.038516424522832e-09, 0.002114318644009955], [0.9725687127641944, 0.0011908679950915662, 0.008171140557919784, 0.01806927868279421], [0.014023468147256727, 0.12519958131726336, 0.8588572272516415, 0.0019197232838384065], [1.4395955814317052e-07, 0.006659698876636177, 0.9933401571580063, 5.7994931652174795e-12], [0.032200073307788284, 0.5058680330829294, 1.7052999075717233e-07, 0.46193172307929165]]","[{""research"": 6, ""code_review"": 2, ""doc_processing"": 0, ""monitoring"": 0}, {""research"": 0, ""code_review"": 8, ""doc_processing"": 0, ""monitoring"": 0}, {""research"": 8, ""code_review"": 0, ""doc_processing"": 0, ""monitoring"": 0}, {""research"": 0, ""code_review"": 1, ""doc_processing"": 7, ""monitoring"": 0}, {""research"": 0, ""code_review"": 0, ""doc_processing"": 8, ""monitoring"": 0}, {""research"": 1, ""code_review"": 5, ""doc_processing"": 0, ""monitoring"": 2}]","[2, 1, 1, 2, 1, 3]",0.0,0.22113645902951065,0.775,0.060973517223517223,0.04480475157558491,"{""COMPUTE"": 1016, ""MEMORY"": 821, ""API_CREDITS"": 503, ""DATASET"": 136}","{""COMPUTE"": 782, ""MEMORY"": 632, ""API_CREDITS"": 387, ""DATASET"": 105}","{""COMPUTE"": 1.29923273657289, ""MEMORY"": 1.2990506329113924, ""API_CREDITS"": 1.2997416020671835, ""DATASET"": 1.2952380952380953}",4
dirichlet_0.1__moderate,dirichlet_0.1,0.1,moderate,1.3,1558010803,2994faaef37a0fa4,c383edc1fb27eb53,exact_pending_queue,"[[0.4935798691864737, 1.5149600756099684e-12, 0.506204355402579, 0.00021577540943227771], [0.026790975822574985, 9.772389251103324e-08, 0.027001897660488043, 0.9462070287930444], [5.769599574990567e-07, 0.034425567853486355, 0.9400607462760717, 0.02551310891048445], [0.0868406789681878, 0.00031635937979772864, 0.028476809047100156, 0.8843661526049144], [2.0451781581559158e-05, 0.013434159044379924, 0.9849930361807904, 0.0015523529932480807], [0.9937870641192245, 0.006154632544161329, 5.8303336606662506e-05, 7.4835878900363e-15]]","[{""research"": 3, ""code_review"": 0, ""doc_processing"": 5, ""monitoring"": 0}, {""research"": 0, ""code_review"": 0, ""doc_processing"": 0, ""monitoring"": 8}, {""research"": 0, ""code_review"": 0, ""doc_processing"": 7, ""monitoring"": 1}, {""research"": 1, ""code_review"": 0, ""doc_processing"": 0, ""monitoring"": 7}, {""research"": 0, ""code_review"": 0, ""doc_processing"": 8, ""monitoring"": 0}, {""research"": 8, ""code_review"": 0, ""doc_processing"": 0, ""monitoring"": 0}]","[2, 1, 2, 2, 1, 1]",0.0,0.17013024077701314,0.7416666666666667,0.1551851044392481,0.10922894674045687,"{""COMPUTE"": 976, ""MEMORY"": 812, ""API_CREDITS"": 420, ""DATASET"": 224}","{""COMPUTE"": 751, ""MEMORY"": 625, ""API_CREDITS"": 323, ""DATASET"": 172}","{""COMPUTE"": 1.2996005326231692, ""MEMORY"": 1.2992, ""API_CREDITS"": 1.3003095975232197, ""DATASET"": 1.302325581395349}",4
dirichlet_0.1__moderate,dirichlet_0.1,0.1,moderate,1.3,1565117557,078947e4c702d138,4547822ebd3d5f0b,exact_pending_queue,"[[0.05842383303096225, 1.7214111235965267e-07, 0.019095479942919213, 0.9224805148850062], [0.9481648831338781, 0.0011684546258746602, 0.050666662134148145, 1.0609909949843663e-10], [4.4845813799653986e-11, 5.5472381868743894e-11, 2.681246422470778e-13, 0.9999999998994138], [0.9927790447895284, 2.740631715932458e-12, 0.007175146484271427, 4.580872345953054e-05], [0.5806077828808867, 0.20147908349397314, 0.21791313362514014, 1.1812402529936045e-23], [0.017420752176142158, 1.3223383809571448e-12, 0.6996263134619337, 0.28295293436060176]]","[{""research"": 0, ""code_review"": 0, ""doc_processing"": 0, ""monitoring"": 8}, {""research"": 8, ""code_review"": 0, ""doc_processing"": 0, ""monitoring"": 0}, {""research"": 0, ""code_review"": 0, ""doc_processing"": 0, ""monitoring"": 8}, {""research"": 8, ""code_review"": 0, ""doc_processing"": 0, ""monitoring"": 0}, {""research"": 6, ""code_review"": 1, ""doc_processing"": 1, ""monitoring"": 0}, {""research"": 0, ""code_review"": 0, ""doc_processing"": 7, ""monitoring"": 1}]","[1, 1, 1, 1, 3, 2]",0.0,0.13373688063822745,0.7416666666666667,0.14894106384714118,0.11201354814614484,"{""COMPUTE"": 1070, ""MEMORY"": 927, ""API_CREDITS"": 477, ""DATASET"": 312}","{""COMPUTE"": 823, ""MEMORY"": 713, ""API_CREDITS"": 367, ""DATASET"": 240}","{""COMPUTE"": 1.3001215066828675, ""MEMORY"": 1.3001402524544179, ""API_CREDITS"": 1.2997275204359673, ""DATASET"": 1.3}",4
dirichlet_0.1__moderate,dirichlet_0.1,0.1,moderate,1.3,1569126949,8422173f63fe103d,4cfc4859f2ea3846,exact_pending_queue,"[[8.845232458192468e-06, 0.4805873883407351, 0.15574776731975012, 0.3636559991070565], [0.707453293611714, 0.22447270640589176, 0.06722837079727015, 0.0008456291851238357], [1.2592106438898532e-14, 0.9741720003758513, 0.025825774470191337, 2.225153944680302e-06], [0.45678667103114445, 2.6584408913011983e-14, 0.5317960315763414, 0.011417297392487685], [0.16905517123919853, 0.5284677221699418, 0.3024771056044128, 9.864468523568548e-10], [0.9999879434110306, 3.989735848744333e-10, 1.134711033496062e-05, 7.090796608409441e-07]]","[{""research"": 0, ""code_review"": 2, ""doc_processing"": 3, ""monitoring"": 3}, {""research"": 5, ""code_review"": 2, ""doc_processing"": 1, ""monitoring"": 0}, {""research"": 0, ""code_review"": 8, ""doc_processing"": 0, ""monitoring"": 0}, {""research"": 2, ""code_review"": 0, ""doc_processing"": 5, ""monitoring"": 1}, {""research"": 2, ""code_review"": 4, ""doc_processing"": 2, ""monitoring"": 0}, {""research"": 8, ""code_review"": 0, ""doc_processing"": 0, ""monitoring"": 0}]","[3, 3, 1, 3, 3, 1]",0.0,0.4715723338208275,0.6666666666666666,0.046077686809831715,0.02881942329459115,"{""COMPUTE"": 1012, ""MEMORY"": 833, ""API_CREDITS"": 499, ""DATASET"": 168}","{""COMPUTE"": 778, ""MEMORY"": 641, ""API_CREDITS"": 384, ""DATASET"": 129}","{""COMPUTE"": 1.300771208226221, ""MEMORY"": 1.2995319812792512, ""API_CREDITS"": 1.2994791666666667, ""DATASET"": 1.302325581395349}",4
dirichlet_0.1__moderate,dirichlet_0.1,0.1,moderate,1.3,1570946556,2dd502610ba9a107,cd7630f11ae89b2d,exact_pending_queue,"[[0.03996879255088814, 0.947184989673058, 6.702332620432321e-10, 0.01284621710582044], [0.14109965734398539, 1.456018233823865e-06, 0.04070766055488661, 0.8181912260828941], [0.9395171735644674, 0.060436526512713605, 4.629894425590184e-05, 9.785630944065047e-10], [0.007166135791456932, 0.9928338638111993, 4.349631489925629e-16, 3.973434211382072e-10], [0.0395593048402685, 0.4903127947530936, 0.4621452642084203, 0.007982636198217785], [0.013850138821137054, 0.01454102752595015, 0.9688854146094072, 0.0027234190435054136]]","[{""research"": 0, ""code_review"": 8, ""doc_processing"": 0, ""monitoring"": 0}, {""research"": 3, ""code_review"": 0, ""doc_processing"": 0, ""monitoring"": 5}, {""research"": 8, ""code_review"": 0, ""doc_processing"": 0, ""monitoring"": 0}, {""research"": 0, ""code_review"": 8, ""doc_processing"": 0, ""monitoring"": 0}, {""research"": 1, ""code_review"": 1, ""doc_processing"": 6, ""monitoring"": 0}, {""research"": 0, ""code_review"": 0, ""doc_processing"": 8, ""monitoring"": 0}]","[1, 2, 1, 1, 3, 1]",0.0,0.1679760106153415,0.825,0.08319943085679125,0.054700323881795965,"{""COMPUTE"": 926, ""MEMORY"": 753, ""API_CREDITS"": 451, ""DATASET"": 136}","{""COMPUTE"": 712, ""MEMORY"": 579, ""API_CREDITS"": 347, ""DATASET"": 105}","{""COMPUTE"": 1.300561797752809, ""MEMORY"": 1.3005181347150259, ""API_CREDITS"": 1.2997118155619596, ""DATASET"": 1.2952380952380953}",4
dirichlet_0.1__moderate,dirichlet_0.1,0.1,moderate,1.3,1586776797,f8525ab7a4d3e0e2,c11161e45f6f496b,exact_pending_queue,"[[0.6100436453312732, 0.3899556822001511, 6.704249517976117e-07, 2.0436238417440865e-09], [0.0036365594832138536, 7.516008339636212e-15, 0.9960053868266276, 0.0003580536901509485], [0.8964927906920834, 0.10327503988866674, 1.3137779962525025e-05, 0.00021903163928745824], [0.8047500922526537, 0.19524979637343506, 1.1137391026555889e-07, 8.668141326153506e-16], [0.5593156632107447, 0.0011608372721624604, 7.636692228654911e-05, 0.43944713259480633], [0.0004650809361607481, 9.670732225350566e-13, 0.9518807264937349, 0.04765419256913731]]","[{""research"": 7, ""code_review"": 1, ""doc_processing"": 0, ""monitoring"": 0}, {""research"": 0, ""code_review"": 0, ""doc_processing"": 8, ""monitoring"": 0}, {""research"": 7, ""code_review"": 1, ""doc_processing"": 0, ""monitoring"": 0}, {""research"": 4, ""code_review"": 4, ""doc_processing"": 0, ""monitoring"": 0}, {""research"": 5, ""code_review"": 0, ""doc_processing"": 0, ""monitoring"": 3}, {""research"": 0, ""code_review"": 0, ""doc_processing"": 8, ""monitoring"": 0}]","[2, 1, 2, 2, 2, 1]",0.0,0.2534635741103465,0.6666666666666666,0.0601825933075933,0.042593486343486336,"{""COMPUTE"": 1218, ""MEMORY"": 998, ""API_CREDITS"": 590, ""DATASET"": 208}","{""COMPUTE"": 937, ""MEMORY"": 768, ""API_CREDITS"": 454, ""DATASET"": 160}","{""COMPUTE"": 1.2998932764140876, ""MEMORY"": 1.2994791666666667, ""API_CREDITS"": 1.2995594713656389, ""DATASET"": 1.3}",4
dirichlet_0.1__moderate,dirichlet_0.1,0.1,moderate,1.3,1671186386,db5ea48f0c185798,06481d058ca43d96,exact_pending_queue,"[[3.837449372334615e-05, 7.496050967000188e-06, 0.9999541294553096, 2.7644062662284864e-20], [6.102050095657487e-12, 0.9634684032917651, 0.010085665660185006, 0.026445931041947764], [0.939845435129247, 0.06014931986431568, 5.2443605483833414e-06, 6.458889205548126e-10], [0.09947867932063233, 0.0012720516439063538, 0.11359821348402244, 0.7856510555514389], [3.1449842816878073e-06, 2.3364589004763625e-05, 0.8531250195697688, 0.14684847085694477], [6.0440200807071794e-05, 0.3335772187633358, 3.4334094426531855e-10, 0.6663623406925163]]","[{""research"": 0, ""code_review"": 0, ""doc_processing"": 8, ""monitoring"": 0}, {""research"": 0, ""code_review"": 7, ""doc_processing"": 0, ""monitoring"": 1}, {""research"": 8, ""code_review"": 0, ""doc_processing"": 0, ""monitoring"": 0}, {""research"": 1, ""code_review"": 0, ""doc_processing"": 0, ""monitoring"": 7}, {""research"": 0, ""code_review"": 0, ""doc_processing"": 8, ""monitoring"": 0}, {""research"": 0, ""code_review"": 2, ""doc_processing"": 0, ""monitoring"": 6}]","[1, 2, 1, 2, 1, 2]",0.0,0.1582005842381938,0.8416666666666667,0.13629643241933517,0.09582252005943133,"{""COMPUTE"": 860, ""MEMORY"": 715, ""API_CREDITS"": 381, ""DATASET"": 184}","{""COMPUTE"": 662, ""MEMORY"": 550, ""API_CREDITS"": 293, ""DATASET"": 142}","{""COMPUTE"": 1.299093655589124, ""MEMORY"": 1.3, ""API_CREDITS"": 1.3003412969283277, ""DATASET"": 1.295774647887324}",4
dirichlet_0.1__moderate,dirichlet_0.1,0.1,moderate,1.3,1727465094,52879857f5e23136,160bfdad1c5c3c7c,exact_pending_queue,"[[0.16632528757664575, 0.00012788318366013213, 0.5753813119756463, 0.2581655172640478], [0.3426507160849265, 4.973162163367491e-06, 0.03215438501417068, 0.6251899257387395], [0.2109660877631976, 0.7889727466963299, 1.8707897447743912e-10, 6.116535339347976e-05], [0.22187146477925296, 1.920033267493397e-14, 0.08201823883740318, 0.6961102963833246], [5.3601284069786285e-06, 1.6687031760708887e-11, 1.218251606959907e-06, 0.9999934216032991], [0.0027942781383492412, 0.9841661632633044, 0.010475742076388624, 0.0025638165219577453]]","[{""research"": 1, ""code_review"": 0, ""doc_processing"": 5, ""monitoring"": 2}, {""research"": 1, ""code_review"": 0, ""doc_processing"": 0, ""monitoring"": 7}, {""research"": 1, ""code_review"": 7, ""doc_processing"": 0, ""monitoring"": 0}, {""research"": 0, ""code_review"": 0, ""doc_processing"": 0, ""monitoring"": 8}, {""research"": 0, ""code_review"": 0, ""doc_processing"": 0, ""monitoring"": 8}, {""research"": 0, ""code_review"": 8, ""doc_processing"": 0, ""monitoring"": 0}]","[3, 2, 2, 1, 1, 1]",0.0,0.19882698559121595,0.6833333333333333,0.17834392337681812,0.1319145135140201,"{""COMPUTE"": 562, ""MEMORY"": 512, ""API_CREDITS"": 216, ""DATASET"": 224}","{""COMPUTE"": 432, ""MEMORY"": 394, ""API_CREDITS"": 166, ""DATASET"": 172}","{""COMPUTE"": 1.3009259259259258, ""MEMORY"": 1.299492385786802, ""API_CREDITS"": 1.3012048192771084, ""DATASET"": 1.302325581395349}",4
dirichlet_0.1__moderate,dirichlet_0.1,0.1,moderate,1.3,1730566430,62657a5fdb3341f1,aed87b5c6cdc497c,exact_pending_queue,"[[0.3461772349016665, 3.4185519943524255e-08, 1.3078911616622055e-08, 0.653822717833902], [0.00626959178769606, 9.245957007406012e-11, 0.193798001775324, 0.7999324063445205], [0.0001905871850837067, 0.8343578735239308, 0.16543743334460803, 1.4105946377516927e-05], [0.05464884430486796, 0.8273993099257401, 2.5089164713596205e-06, 0.11794933685292062], [0.9248999791224891, 0.07510000797688246, 1.2900628460729789e-08, 1.5004087338966263e-18], [7.450429597801394e-08, 0.9999999251010958, 5.280238950631348e-16, 3.946075690969066e-10]]","[{""research"": 5, ""code_review"": 0, ""doc_processing"": 0, ""monitoring"": 3}, {""research"": 0, ""code_review"": 0, ""doc_processing"": 1, ""monitoring"": 7}, {""research"": 0, ""code_review"": 7, ""doc_processing"": 1, ""monitoring"": 0}, {""research"": 0, ""code_review"": 7, ""doc_processing"": 0, ""monitoring"": 1}, {""research"": 7, ""code_review"": 1, ""doc_processing"": 0, ""monitoring"": 0}, {""research"": 0, ""code_review"": 8, ""doc_processing"": 0, ""monitoring"": 0}]","[2, 2, 2, 2, 2, 1]",0.0,0.26072431464361256,0.7083333333333334,0.11355362255117597,0.0713315155186171,"{""COMPUTE"": 770, ""MEMORY"": 663, ""API_CREDITS"": 373, ""DATASET"": 184}","{""COMPUTE"": 592, ""MEMORY"": 510, ""API_CREDITS"": 287, ""DATASET"": 142}","{""COMPUTE"": 1.3006756756756757, ""MEMORY"": 1.3, ""API_CREDITS"": 1.2996515679442509, ""DATASET"": 1.295774647887324}",4
dirichlet_0.1__moderate,dirichlet_0.1,0.1,moderate,1.3,1741845543,d70b72ef585f2e59,88acc728c4dbc86b,exact_pending_queue,"[[0.9915274693201571, 0.0008031693466950054, 0.005462513030337514, 0.0022068483028102417], [0.21484581001025943, 0.5662457640130548, 0.21890842597668578, 2.9477943259093614e-21], [0.7273778204539144, 1.0077940044526611e-22, 0.011336456338656197, 0.2612857232074293], [0.040809226317156014, 0.0021389535598268987, 1.1476592703913871e-11, 0.9570518201115406], [3.4642642269251736e-13, 4.834308843994037e-07, 0.9999995165686818, 8.742616371781969e-14], [0.16352846405987914, 0.8317219655975717, 0.004749554953678277, 1.5388870921969222e-08]]","[{""research"": 8, ""code_review"": 0, ""doc_processing"": 0, ""monitoring"": 0}, {""research"": 2, ""code_review"": 4, ""doc_processing"": 2, ""monitoring"": 0}, {""research"": 7, ""code_review"": 0, ""doc_processing"": 0, ""monitoring"": 1}, {""research"": 0, ""code_review"": 0, ""doc_processing"": 0, ""monitoring"": 8}, {""research"": 0, ""code_review"": 0, ""doc_processing"": 8, ""monitoring"": 0}, {""research"": 1, ""code_review"": 7, ""doc_processing"": 0, ""monitoring"": 0}]","[1, 3, 2, 1, 1, 2]",0.0,0.21559407386659943,0.825,0.12657012477397991,0.07811378660134882,"{""COMPUTE"": 1014, ""MEMORY"": 851, ""API_CREDITS"": 481, ""DATASET"": 216}","{""COMPUTE"": 780, ""MEMORY"": 655, ""API_CREDITS"": 370, ""DATASET"": 166}","{""COMPUTE"": 1.3, ""MEMORY"": 1.299236641221374, ""API_CREDITS"": 1.3, ""DATASET"": 1.3012048192771084}",4
dirichlet_0.1__moderate,dirichlet_0.1,0.1,moderate,1.3,1773063828,60a8470a647d74c5,0b5d77ee4c0cf594,exact_pending_queue,"[[1.8484597183235684e-11, 2.030170154815993e-10, 0.9999998133001515, 1.8647834679220926e-07], [1.5181967107733725e-06, 0.9999164467287213, 2.5381919830137188e-05, 5.6653154737943116e-05], [0.9974059291349157, 8.285243299341041e-05, 0.00013608682217307333, 0.002375131609917686], [0.0010254779056805884, 0.0001808990620958427, 0.19941586616989976, 0.7993777568623239], [4.376181280928127e-09, 0.002238159374952078, 0.9960499065698566, 0.0017119296790100724], [0.988709316189746, 0.011231511639507693, 2.563626097865959e-08, 5.914653448524837e-05]]","[{""research"": 0, ""code_review"": 0, ""doc_processing"": 8, ""monitoring"": 0}, {""research"": 0, ""code_review"": 8, ""doc_processing"": 0, ""monitoring"": 0}, {""research"": 8, ""code_review"": 0, ""doc_processing"": 0, ""monitoring"": 0}, {""research"": 0, ""code_review"": 0, ""doc_processing"": 2, ""monitoring"": 6}, {""research"": 0, ""code_review"": 0, ""doc_processing"": 8, ""monitoring"": 0}, {""research"": 8, ""code_review"": 0, ""doc_processing"": 0, ""monitoring"": 0}]","[1, 1, 1, 2, 1, 1]",0.0,0.0676065103715944,0.8333333333333334,0.09644059644059642,0.06355218855218854,"{""COMPUTE"": 1068, ""MEMORY"": 870, ""API_CREDITS"": 506, ""DATASET"": 176}","{""COMPUTE"": 822, ""MEMORY"": 669, ""API_CREDITS"": 389, ""DATASET"": 135}","{""COMPUTE"": 1.2992700729927007, ""MEMORY"": 1.3004484304932735, ""API_CREDITS"": 1.300771208226221, ""DATASET"": 1.3037037037037038}",4
dirichlet_0.1__moderate,dirichlet_0.1,0.1,moderate,1.3,1783677345,769f34fc02500602,bd8ef3bba9e89661,exact_pending_queue,"[[9.799044749046451e-05, 0.01897428911227605, 0.9809277192474785, 1.1927550964795311e-09], [0.9697272093125094, 0.014549505425387854, 0.00045416840616301757, 0.01526911685593976], [2.2750195872240053e-06, 7.119272836054799e-14, 0.9999975672941034, 1.5768623822834313e-07], [0.8528475690751753, 2.125874665273409e-07, 0.0753062401023493, 0.07184597823500875], [0.03331958700682632, 3.868431052142913e-09, 0.04524887640006439, 0.9214315327246781], [0.034795314925990826, 0.959407680807569, 8.445293829241346e-08, 0.005796919813501765]]","[{""research"": 0, ""code_review"": 0, ""doc_processing"": 8, ""monitoring"": 0}, {""research"": 8, ""code_review"": 0, ""doc_processing"": 0, ""monitoring"": 0}, {""research"": 0, ""code_review"": 0, ""doc_processing"": 8, ""monitoring"": 0}, {""research"": 5, ""code_review"": 0, ""doc_processing"": 2, ""monitoring"": 1}, {""research"": 0, ""code_review"": 0, ""doc_processing"": 1, ""monitoring"": 7}, {""research"": 2, ""code_review"": 6, ""doc_processing"": 0, ""monitoring"": 0}]","[1, 1, 1, 3, 2, 2]",0.0,0.22113645902951065,0.7916666666666666,0.1073266140438893,0.06782351240758715,"{""COMPUTE"": 1052, ""MEMORY"": 859, ""API_CREDITS"": 489, ""DATASET"": 184}","{""COMPUTE"": 809, ""MEMORY"": 661, ""API_CREDITS"": 376, ""DATASET"": 142}","{""COMPUTE"": 1.3003708281829418, ""MEMORY"": 1.2995461422087746, ""API_CREDITS"": 1.300531914893617, ""DATASET"": 1.295774647887324}",4
dirichlet_0.1__moderate,dirichlet_0.1,0.1,moderate,1.3,1788325787,c5349b9a3e93454a,2427d7fecff95020,exact_pending_queue,"[[1.5057531977603974e-10, 2.738109701394739e-20, 0.0975039874765342, 0.9024960123728906], [0.8581526459837743, 1.5756826016511257e-11, 0.09959958574376611, 0.0422477682567029], [1.7374432776443156e-06, 0.7975875107396002, 0.03134522243982072, 0.1710655293773015], [5.66416751374478e-06, 2.3757936529861142e-05, 0.00868247385342129, 0.9912881040425351], [0.1751527951259562, 0.018431258339741706, 0.8064159465325682, 1.7340321011431703e-12], [0.0002970989692590583, 0.0008925799873835178, 0.9986410213726425, 0.00016929967071484432]]","[{""research"": 0, ""code_review"": 0, ""doc_processing"": 1, ""monitoring"": 7}, {""research"": 7, ""code_review"": 0, ""doc_processing"": 1, ""monitoring"": 0}, {""research"": 0, ""code_review"": 6, ""doc_processing"": 0, ""monitoring"": 2}, {""research"": 0, ""code_review"": 0, ""doc_processing"": 0, ""monitoring"": 8}, {""research"": 1, ""code_review"": 0, ""doc_processing"": 7, ""monitoring"": 0}, {""research"": 0, ""code_review"": 0, ""doc_processing"": 8, ""monitoring"": 0}]","[2, 2, 2, 1, 2, 1]",0.0,0.2034976211714935,0.8,0.1548754609321028,0.10718541270252098,"{""COMPUTE"": 842, ""MEMORY"": 705, ""API_CREDITS"": 359, ""DATASET"": 200}","{""COMPUTE"": 648, ""MEMORY"": 542, ""API_CREDITS"": 276, ""DATASET"": 154}","{""COMPUTE"": 1.2993827160493827, ""MEMORY"": 1.3007380073800738, ""API_CREDITS"": 1.3007246376811594, ""DATASET"": 1.2987012987012987}",4
dirichlet_0.1__moderate,dirichlet_0.1,0.1,moderate,1.3,1798126248,8fac92486f5428a7,1df9c96b4385cfd4,exact_pending_queue,"[[7.38140586922216e-07, 0.963171838123329, 2.5656569370520542e-05, 0.03680176716671355], [0.7274064982818822, 0.2282538544522605, 0.044339647265856756, 5.469822641484146e-16], [0.0012932965652419524, 3.7940433777580455e-07, 0.007589666749382106, 0.9911166572810381], [0.34546770151021866, 0.14482714683678966, 0.5097041777373233, 9.7391566843819e-07], [0.3543905979896863, 1.1934477919347557e-13, 0.6456033338597597, 6.068150434653127e-06], [0.8172566201707789, 0.005206824539478015, 0.0035093614549905946, 0.17402719383475249]]","[{""research"": 0, ""code_review"": 8, ""doc_processing"": 0, ""monitoring"": 0}, {""research"": 6, ""code_review"": 2, ""doc_processing"": 0, ""monitoring"": 0}, {""research"": 0, ""code_review"": 0, ""doc_processing"": 0, ""monitoring"": 8}, {""research"": 2, ""code_review"": 0, ""doc_processing"": 6, ""monitoring"": 0}, {""research"": 4, ""code_review"": 0, ""doc_processing"": 4, ""monitoring"": 0}, {""research"": 6, ""code_review"": 0, ""doc_processing"": 0, ""monitoring"": 2}]","[1, 2, 1, 2, 2, 2]",0.0,0.28615286444811655,0.7666666666666667,0.12533415104916118,0.07720523824521457,"{""COMPUTE"": 1012, ""MEMORY"": 852, ""API_CREDITS"": 476, ""DATASET"": 224}","{""COMPUTE"": 778, ""MEMORY"": 655, ""API_CREDITS"": 366, ""DATASET"": 172}","{""COMPUTE"": 1.300771208226221, ""MEMORY"": 1.300763358778626, ""API_CREDITS"": 1.3005464480874316, ""DATASET"": 1.302325581395349}",4
dirichlet_0.1__moderate,dirichlet_0.1,0.1,moderate,1.3,1812991878,d7a5fbc635fa57a5,12f11744419579f3,exact_pending_queue,"[[0.960002461547033, 0.00012565920557633183, 5.210845615158012e-12, 0.03987187924218], [0.0017688188099412576, 0.998231179526675, 9.981710957557686e-10, 6.65212658589956e-10], [0.005878579507209096, 2.6534338332045533e-05, 0.019911949540426944, 0.974182936614032], [8.56360278775718e-05, 3.4830569145389885e-05, 5.015525515154366e-07, 0.9998790318504254], [6.720346347291972e-06, 0.016650093306608837, 0.9833431860024185, 3.446253165494928e-10], [0.00010727039268619646, 1.1810737092985807e-09, 7.941897164240722e-09, 0.9998927204843427]]","[{""research"": 8, ""code_review"": 0, ""doc_processing"": 0, ""monitoring"": 0}, {""research"": 0, ""code_review"": 8, ""doc_processing"": 0, ""monitoring"": 0}, {""research"": 0, ""code_review"": 0, ""doc_processing"": 0, ""monitoring"": 8}, {""research"": 0, ""code_review"": 0, ""doc_processing"": 0, ""monitoring"": 8}, {""research"": 0, ""code_review"": 0, ""doc_processing"": 8, ""monitoring"": 0}, {""research"": 0, ""code_review"": 0, ""doc_processing"": 0, ""monitoring"": 8}]","[1, 1, 1, 1, 1, 1]",0.0,0.0,0.8,0.18978243978243975,0.14573620823620823,"{""COMPUTE"": 720, ""MEMORY"": 640, ""API_CREDITS"": 288, ""DATASET"": 256}","{""COMPUTE"": 554, ""MEMORY"": 492, ""API_CREDITS"": 222, ""DATASET"": 197}","{""COMPUTE"": 1.2996389891696751, ""MEMORY"": 1.3008130081300813, ""API_CREDITS"": 1.2972972972972974, ""DATASET"": 1.299492385786802}",4
dirichlet_0.1__moderate,dirichlet_0.1,0.1,moderate,1.3,1879903616,080570d257f9f881,758f7877da8acca3,exact_pending_queue,"[[0.8393871137064439, 0.15737086688995813, 0.0032420194035866243, 1.1372685582097019e-14], [1.8996987629156743e-05, 0.08201428837978515, 0.9179453713757181, 2.1343256867444645e-05], [5.502180219658783e-06, 2.0725395712755206e-05, 0.9999737724237183, 3.493181992535171e-13], [0.004942507228373983, 3.43260805807659e-11, 0.10869353603897708, 0.8863639566983228], [3.7546555136271885e-07, 1.552850432095548e-09, 0.02447621113527232, 0.9755234118463258], [0.008029842363741132, 0.009558027473180438, 0.918793923761207, 0.0636182064018713]]","[{""research"": 7, ""code_review"": 1, ""doc_processing"": 0, ""monitoring"": 0}, {""research"": 0, ""code_review"": 2, ""doc_processing"": 6, ""monitoring"": 0}, {""research"": 0, ""code_review"": 0, ""doc_processing"": 8, ""monitoring"": 0}, {""research"": 0, ""code_review"": 0, ""doc_processing"": 1, ""monitoring"": 7}, {""research"": 0, ""code_review"": 0, ""doc_processing"": 0, ""monitoring"": 8}, {""research"": 0, ""code_review"": 0, ""doc_processing"": 7, ""monitoring"": 1}]","[2, 2, 1, 2, 1, 2]",0.0,0.2034976211714935,0.7333333333333333,0.1628052178591153,0.11758725593662839,"{""COMPUTE"": 880, ""MEMORY"": 723, ""API_CREDITS"": 373, ""DATASET"": 184}","{""COMPUTE"": 677, ""MEMORY"": 556, ""API_CREDITS"": 287, ""DATASET"": 142}","{""COMPUTE"": 1.2998522895125555, ""MEMORY"": 1.3003597122302157, ""API_CREDITS"": 1.2996515679442509, ""DATASET"": 1.295774647887324}",4
dirichlet_0.1__moderate,dirichlet_0.1,0.1,moderate,1.3,1968360483,424a0cbf9d4007f3,83bf859362cd48be,exact_pending_queue,"[[0.6943804326749745, 0.26479532734717603, 2.3457056117309438e-12, 0.04082423997550377], [6.28271080189029e-25, 0.909701478743148, 0.00016881312587662344, 0.09012970813097546], [0.663978998771097, 0.33602095769985996, 4.352904161374186e-08, 1.4553379604582476e-15], [0.8651042339423124, 0.10909209737775842, 0.01239454848332757, 0.01340912019660142], [0.028852083659038998, 0.8890125434346037, 5.374919235613597e-09, 0.08213536753143816], [0.09161215802862505, 0.18084107607326738, 0.7239414322318911, 0.0036053336662163244]]","[{""research"": 8, ""code_review"": 0, ""doc_processing"": 0, ""monitoring"": 0}, {""research"": 0, ""code_review"": 7, ""doc_processing"": 0, ""monitoring"": 1}, {""research"": 6, ""code_review"": 2, ""doc_processing"": 0, ""monitoring"": 0}, {""research"": 7, ""code_review"": 1, ""doc_processing"": 0, ""monitoring"": 0}, {""research"": 0, ""code_review"": 8, ""doc_processing"": 0, ""monitoring"": 0}, {""research"": 1, ""code_review"": 5, ""doc_processing"": 2, ""monitoring"": 0}]","[1, 2, 2, 2, 1, 3]",0.0,0.26643349596281035,0.5916666666666667,0.046024529067122656,0.032364920227779696,"{""COMPUTE"": 1030, ""MEMORY"": 863, ""API_CREDITS"": 533, ""DATASET"": 184}","{""COMPUTE"": 792, ""MEMORY"": 664, ""API_CREDITS"": 410, ""DATASET"": 142}","{""COMPUTE"": 1.3005050505050506, ""MEMORY"": 1.2996987951807228, ""API_CREDITS"": 1.3, ""DATASET"": 1.295774647887324}",4
dirichlet_0.1__moderate,dirichlet_0.1,0.1,moderate,1.3,1969315355,de89fc0f2ec658e0,453b0718e0884468,exact_pending_queue,"[[0.2986801493765078, 1.199044653525939e-09, 0.6222727356136415, 0.07904711381080606], [0.9977139736772568, 1.6977873193274187e-10, 0.0022858662331555002, 1.5991980898987797e-07], [0.41729187754130526, 0.003357215229420871, 0.50354669948943, 0.07580420773984405], [4.294058646966452e-11, 0.9996351787833143, 6.988885721198331e-15, 0.0003648211737379288], [0.3828006306398671, 0.5910514533376964, 9.952032178368655e-11, 0.026147915922916126], [0.014888876130193815, 0.059288536225060216, 0.8896316683426293, 0.03619091930211652]]","[{""research"": 2, ""code_review"": 0, ""doc_processing"": 6, ""monitoring"": 0}, {""research"": 8, ""code_review"": 0, ""doc_processing"": 0, ""monitoring"": 0}, {""research"": 5, ""code_review"": 0, ""doc_processing"": 3, ""monitoring"": 0}, {""research"": 0, ""code_review"": 8, ""doc_processing"": 0, ""monitoring"": 0}, {""research"": 3, ""code_review"": 4, ""doc_processing"": 0, ""monitoring"": 1}, {""research"": 0, ""code_review"": 0, ""doc_processing"": 8, ""monitoring"": 0}]","[2, 1, 2, 1, 3, 1]",0.0,0.2642792658011387,0.725,0.05296145054283587,0.035536648367396735,"{""COMPUTE"": 1114, ""MEMORY"": 899, ""API_CREDITS"": 549, ""DATASET"": 152}","{""COMPUTE"": 857, ""MEMORY"": 692, ""API_CREDITS"": 422, ""DATASET"": 117}","{""COMPUTE"": 1.2998833138856476, ""MEMORY"": 1.2991329479768785, ""API_CREDITS"": 1.3009478672985781, ""DATASET"": 1.2991452991452992}",4
dirichlet_0.1__moderate,dirichlet_0.1,0.1,moderate,1.3,2027057364,c829a0fa3a115ca5,6e82723427deb6dc,exact_pending_queue,"[[2.3709670194498792e-11, 0.8822824975033572, 0.11771750247254842, 3.848303387105702e-13], [0.034776806239723644, 0.8914577225660555, 0.07376335981960763, 2.111374613133825e-06], [0.0035845084346216903, 0.009070388053704718, 0.014643458752615364, 0.9727016447590583], [0.12311255973345865, 0.00589862909737132, 0.7292923983641157, 0.14169641280505413], [0.0007749707633591413, 2.9816690167624714e-10, 0.07231513588160828, 0.9269098930568656], [0.004564089332999231, 0.05555881509581824, 5.394622911808624e-08, 0.9398770416249534]]","[{""research"": 0, ""code_review"": 5, ""doc_processing"": 3, ""monitoring"": 0}, {""research"": 1, ""code_review"": 7, ""doc_processing"": 0, ""monitoring"": 0}, {""research"": 0, ""code_review"": 0, ""doc_processing"": 0, ""monitoring"": 8}, {""research"": 1, ""code_review"": 0, ""doc_processing"": 7, ""monitoring"": 0}, {""research"": 0, ""code_review"": 0, ""doc_processing"": 1, ""monitoring"": 7}, {""research"": 0, ""code_review"": 0, ""doc_processing"": 0, ""monitoring"": 8}]","[2, 2, 1, 2, 2, 1]",0.0,0.21542727771031286,0.725,0.18457433999950915,0.14110319195974705,"{""COMPUTE"": 614, ""MEMORY"": 537, ""API_CREDITS"": 239, ""DATASET"": 200}","{""COMPUTE"": 472, ""MEMORY"": 413, ""API_CREDITS"": 184, ""DATASET"": 154}","{""COMPUTE"": 1.3008474576271187, ""MEMORY"": 1.3002421307506054, ""API_CREDITS"": 1.298913043478261, ""DATASET"": 1.2987012987012987}",4
dirichlet_0.1__moderate,dirichlet_0.1,0.1,moderate,1.3,2053772871,75e58f1a47d2b059,93c3dbbb49c60d72,exact_pending_queue,"[[0.00011115786286939481, 0.9577578641469617, 0.00012615265212001102, 0.04200482533804892], [3.13215860994605e-08, 2.4238707961285495e-07, 0.6245920631236007, 0.3754076631677335], [0.029015651373349938, 0.0034927391041355907, 2.4459300504997833e-10, 0.9674916092779214], [0.3242783662932116, 5.3776739028001904e-11, 0.1653267692254785, 0.5103948644275331], [0.37529670491070166, 1.0451569210316494e-08, 0.005032620349324174, 0.6196706642884049], [0.060421182899697785, 5.844889468676302e-16, 0.9395783284338917, 4.886664098756455e-07]]","[{""research"": 0, ""code_review"": 8, ""doc_processing"": 0, ""monitoring"": 0}, {""research"": 0, ""code_review"": 0, ""doc_processing"": 4, ""monitoring"": 4}, {""research"": 0, ""code_review"": 0, ""doc_processing"": 0, ""monitoring"": 8}, {""research"": 4, ""code_review"": 0, ""doc_processing"": 0, ""monitoring"": 4}, {""research"": 4, ""code_review"": 0, ""doc_processing"": 0, ""monitoring"": 4}, {""research"": 0, ""code_review"": 0, ""doc_processing"": 8, ""monitoring"": 0}]","[1, 2, 1, 2, 2, 1]",0.0,0.25,0.7333333333333333,0.14136819005240056,0.08459180334180337,"{""COMPUTE"": 776, ""MEMORY"": 668, ""API_CREDITS"": 324, ""DATASET"": 224}","{""COMPUTE"": 597, ""MEMORY"": 514, ""API_CREDITS"": 249, ""DATASET"": 172}","{""COMPUTE"": 1.2998324958123952, ""MEMORY"": 1.2996108949416343, ""API_CREDITS"": 1.3012048192771084, ""DATASET"": 1.302325581395349}",4
dirichlet_0.1__moderate,dirichlet_0.1,0.1,moderate,1.3,2062822218,13ef260116df0dd7,f25ebb9f490adf90,exact_pending_queue,"[[0.07936090672700903, 0.9184350237027583, 2.0215619741231467e-05, 0.0021838539504913505], [0.2973061559957534, 0.058914991028452546, 0.03315024917880881, 0.6106286037969851], [2.9384025035455858e-08, 7.081191424099798e-06, 0.886774814052929, 0.11321807537162187], [0.06297809773028351, 0.016039425399889704, 0.9209805950102979, 1.8818595290040818e-06], [1.262188188964009e-10, 0.9085049766031653, 0.005506047806288839, 0.08598897546432703], [0.9984074364050748, 0.001514367928525599, 7.819559789319068e-05, 6.850636921637479e-11]]","[{""research"": 1, ""code_review"": 7, ""doc_processing"": 0, ""monitoring"": 0}, {""research"": 3, ""code_review"": 1, ""doc_processing"": 0, ""monitoring"": 4}, {""research"": 0, ""code_review"": 0, ""doc_processing"": 7, ""monitoring"": 1}, {""research"": 1, ""code_review"": 0, ""doc_processing"": 7, ""monitoring"": 0}, {""research"": 0, ""code_review"": 7, ""doc_processing"": 0, ""monitoring"": 1}, {""research"": 8, ""code_review"": 0, ""doc_processing"": 0, ""monitoring"": 0}]","[2, 3, 2, 2, 2, 1]",0.0,0.29832473625232936,0.775,0.06390198891914281,0.04202745795386342,"{""COMPUTE"": 948, ""MEMORY"": 775, ""API_CREDITS"": 457, ""DATASET"": 152}","{""COMPUTE"": 729, ""MEMORY"": 596, ""API_CREDITS"": 352, ""DATASET"": 117}","{""COMPUTE"": 1.300411522633745, ""MEMORY"": 1.3003355704697988, ""API_CREDITS"": 1.2982954545454546, ""DATASET"": 1.2991452991452992}",4
dirichlet_0.1__moderate,dirichlet_0.1,0.1,moderate,1.3,2068762575,40b2ba85f839ae1f,2c5a2c7dd170f314,exact_pending_queue,"[[3.3929377115559584e-06, 1.6323870570522016e-07, 9.426069880683323e-14, 0.9999964438234884], [1.4317894362583955e-08, 0.0037150195644308007, 6.684109212498977e-05, 0.9962181250255497], [0.26560238063458086, 0.04545972316709471, 0.6889378961982082, 1.1616742336630958e-13], [1.3796778183515967e-06, 7.847753282089779e-08, 0.01028157691078997, 0.9897169649338589], [0.3817179512072794, 0.017947375924246167, 0.00022523916693396957, 0.6001094337015405], [2.0985834577521546e-09, 0.8714525095288962, 0.12415747893147026, 0.004390009441049912]]","[{""research"": 0, ""code_review"": 0, ""doc_processing"": 0, ""monitoring"": 8}, {""research"": 0, ""code_review"": 0, ""doc_processing"": 0, ""monitoring"": 8}, {""research"": 2, ""code_review"": 0, ""doc_processing"": 6, ""monitoring"": 0}, {""research"": 0, ""code_review"": 0, ""doc_processing"": 0, ""monitoring"": 8}, {""research"": 5, ""code_review"": 0, ""doc_processing"": 0, ""monitoring"": 3}, {""research"": 0, ""code_review"": 6, ""doc_processing"": 2, ""monitoring"": 0}]","[1, 1, 2, 1, 2, 2]",0.0,0.21474918765360254,0.6916666666666667,0.1777290742807984,0.13437122704364082,"{""COMPUTE"": 690, ""MEMORY"": 622, ""API_CREDITS"": 262, ""DATASET"": 272}","{""COMPUTE"": 531, ""MEMORY"": 478, ""API_CREDITS"": 202, ""DATASET"": 209}","{""COMPUTE"": 1.2994350282485876, ""MEMORY"": 1.301255230125523, ""API_CREDITS"": 1.297029702970297, ""DATASET"": 1.3014354066985645}",4
dirichlet_0.1__moderate,dirichlet_0.1,0.1,moderate,1.3,2090014340,93cb985fb85f2998,c2daa1a7e3030dfc,exact_pending_queue,"[[0.054401363660368726, 0.03706298462922527, 0.9085356516496506, 6.07554325634894e-11], [1.9188252949417075e-11, 0.001971338139335969, 0.02169518542255189, 0.9763334764189239], [0.0956591220476113, 0.0001393326951045184, 0.9042015452572278, 5.641047029898066e-14], [0.9927562967440129, 1.6093080145277063e-22, 1.2793704282864232e-06, 0.0072424238855588775], [1.8117228141259556e-05, 1.051686333886401e-07, 1.584716115206349e-08, 0.9999817617560641], [0.9768714878686393, 4.791882111171532e-09, 3.608046140762169e-19, 0.023128507339478667]]","[{""research"": 0, ""code_review"": 0, ""doc_processing"": 8, ""monitoring"": 0}, {""research"": 0, ""code_review"": 0, ""doc_processing"": 0, ""monitoring"": 8}, {""research"": 0, ""code_review"": 0, ""doc_processing"": 8, ""monitoring"": 0}, {""research"": 8, ""code_review"": 0, ""doc_processing"": 0, ""monitoring"": 0}, {""research"": 0, ""code_review"": 0, ""doc_processing"": 0, ""monitoring"": 8}, {""research"": 8, ""code_review"": 0, ""doc_processing"": 0, ""monitoring"": 0}]","[1, 1, 1, 1, 1, 1]",0.0,0.0,0.8,0.1719502719502719,0.12308987308987307,"{""COMPUTE"": 1024, ""MEMORY"": 864, ""API_CREDITS"": 448, ""DATASET"": 256}","{""COMPUTE"": 788, ""MEMORY"": 665, ""API_CREDITS"": 345, ""DATASET"": 197}","{""COMPUTE"": 1.299492385786802, ""MEMORY"": 1.299248120300752, ""API_CREDITS"": 1.298550724637681, ""DATASET"": 1.299492385786802}",4
dirichlet_0.1__moderate,dirichlet_0.1,0.1,moderate,1.3,2104367538,360c8a448937fdda,8fc89b11d8e84fed,exact_pending_queue,"[[1.6574248206680125e-08, 1.3802161778200632e-11, 0.5132737048319409, 0.4867262785800087], [0.8508857166385573, 0.004185359145730325, 0.11630969451527771, 0.028619229700434578], [0.9952947368927243, 1.7206974301599873e-08, 0.00013495807061343566, 0.004570287829687982], [0.8113146979532689, 0.001032994153193464, 0.00046015435085266647, 0.1871921535426848], [0.005287008477028323, 5.9888004589505845e-05, 0.9342579816932247, 0.06039512182515749], [0.0799452401240081, 0.9199443502148139, 1.7964583000781875e-16, 0.00011040966117783917]]","[{""research"": 0, ""code_review"": 0, ""doc_processing"": 4, ""monitoring"": 4}, {""research"": 8, ""code_review"": 0, ""doc_processing"": 0, ""monitoring"": 0}, {""research"": 8, ""code_review"": 0, ""doc_processing"": 0, ""monitoring"": 0}, {""research"": 7, ""code_review"": 0, ""doc_processing"": 0, ""monitoring"": 1}, {""research"": 0, ""code_review"": 0, ""doc_processing"": 7, ""monitoring"": 1}, {""research"": 2, ""code_review"": 6, ""doc_processing"": 0, ""monitoring"": 0}]","[2, 1, 1, 2, 2, 2]",0.0,0.24153391757152712,0.7083333333333334,0.046877613436321554,0.030505089228368528,"{""COMPUTE"": 1200, ""MEMORY"": 1003, ""API_CREDITS"": 577, ""DATASET"": 248}","{""COMPUTE"": 923, ""MEMORY"": 772, ""API_CREDITS"": 444, ""DATASET"": 191}","{""COMPUTE"": 1.3001083423618636, ""MEMORY"": 1.299222797927461, ""API_CREDITS"": 1.2995495495495495, ""DATASET"": 1.2984293193717278}",4
dirichlet_0.1__moderate,dirichlet_0.1,0.1,moderate,1.3,2143652743,c639e82a4671cff0,d45263176910aa86,exact_pending_queue,"[[0.01967618197822628, 0.2638115260439819, 0.7161270455956982, 0.00038524638209361153], [2.1423511898284244e-05, 0.07264441023314244, 0.8635112483762364, 0.06382291787872299], [0.6442087893651278, 0.16872897523225497, 0.008640903720902846, 0.17842133168171434], [0.10572570622457589, 1.9107567217224964e-14, 0.8937930930801815, 0.0004812006952234714], [0.04911297888859394, 0.07025108524388443, 0.880524487929014, 0.00011144793850754345], [0.011883413885307465, 0.014515145468294844, 3.1139023732122845e-09, 0.9736014375324953]]","[{""research"": 2, ""code_review"": 0, ""doc_processing"": 6, ""monitoring"": 0}, {""research"": 0, ""code_review"": 0, ""doc_processing"": 7, ""monitoring"": 1}, {""research"": 6, ""code_review"": 1, ""doc_processing"": 0, ""monitoring"": 1}, {""research"": 2, ""code_review"": 0, ""doc_processing"": 6, ""monitoring"": 0}, {""research"": 2, ""code_review"": 1, ""doc_processing"": 5, ""monitoring"": 0}, {""research"": 0, ""code_review"": 0, ""doc_processing"": 0, ""monitoring"": 8}]","[2, 2, 3, 2, 3, 1]",0.0,0.3771828131060328,0.5916666666666667,0.11418312604450546,0.08174008174382277,"{""COMPUTE"": 1036, ""MEMORY"": 838, ""API_CREDITS"": 466, ""DATASET"": 176}","{""COMPUTE"": 797, ""MEMORY"": 645, ""API_CREDITS"": 358, ""DATASET"": 135}","{""COMPUTE"": 1.299874529485571, ""MEMORY"": 1.2992248062015503, ""API_CREDITS"": 1.3016759776536313, ""DATASET"": 1.3037037037037038}",4
dirichlet_0.1__moderate,dirichlet_0.1,0.1,moderate,1.3,2159859472,e192cabe4fec8696,ba665dda47f2ddc6,exact_pending_queue,"[[0.006541932894664444, 2.535287784234104e-05, 0.9934326925711428, 2.1656350356682813e-08], [0.00023756165175914696, 0.12749388886984453, 0.8722685242264279, 2.5251968337972135e-08], [0.02711449646395986, 0.09486504913390749, 0.008721275674485577, 0.869299178727647], [0.001992192928581123, 0.9980032488362773, 2.5811245598972778e-08, 4.532423895879842e-06], [0.8967724327539104, 4.782841457900229e-06, 3.929326744281217e-09, 0.10322278047530507], [0.00012501332015578179, 1.7703650214652417e-05, 8.394361049495355e-07, 0.9998564435935247]]","[{""research"": 0, ""code_review"": 0, ""doc_processing"": 8, ""monitoring"": 0}, {""research"": 0, ""code_review"": 1, ""doc_processing"": 7, ""monitoring"": 0}, {""research"": 0, ""code_review"": 0, ""doc_processing"": 1, ""monitoring"": 7}, {""research"": 0, ""code_review"": 8, ""doc_processing"": 0, ""monitoring"": 0}, {""research"": 7, ""code_review"": 0, ""doc_processing"": 0, ""monitoring"": 1}, {""research"": 0, ""code_review"": 0, ""doc_processing"": 0, ""monitoring"": 8}]","[1, 2, 2, 1, 2, 1]",0.0,0.1358911107998991,0.8416666666666667,0.17017906694867282,0.11856349122280994,"{""COMPUTE"": 808, ""MEMORY"": 675, ""API_CREDITS"": 349, ""DATASET"": 184}","{""COMPUTE"": 622, ""MEMORY"": 519, ""API_CREDITS"": 268, ""DATASET"": 142}","{""COMPUTE"": 1.2990353697749195, ""MEMORY"": 1.300578034682081, ""API_CREDITS"": 1.3022388059701493, ""DATASET"": 1.295774647887324}",4
dirichlet_0.1__moderate,dirichlet_0.1,0.1,moderate,1.3,2187540509,40f3b1a8b7e5e578,8222c5bf8644f3dc,exact_pending_queue,"[[0.00011798684976124385, 0.0003445146102698896, 0.9995374985344581, 5.510968813670187e-12], [0.0026553979176931882, 0.9828532830106347, 0.014336587111100746, 0.00015473196057149026], [0.7665138520419363, 0.11016794708039222, 0.1224949146463943, 0.0008232862312770797], [0.9166385296543351, 2.2941780709384963e-05, 1.952873834633545e-06, 0.08333657569112071], [0.7947264793864803, 2.6983682564421794e-08, 0.205273493629809, 2.8034415557059343e-14], [1.1786883702570645e-08, 1.0008388310398698e-08, 0.9631070096564046, 0.036892968548323406]]","[{""research"": 0, ""code_review"": 0, ""doc_processing"": 8, ""monitoring"": 0}, {""research"": 0, ""code_review"": 8, ""doc_processing"": 0, ""monitoring"": 0}, {""research"": 6, ""code_review"": 2, ""doc_processing"": 0, ""monitoring"": 0}, {""research"": 6, ""code_review"": 0, ""doc_processing"": 0, ""monitoring"": 2}, {""research"": 7, ""code_review"": 0, ""doc_processing"": 1, ""monitoring"": 0}, {""research"": 0, ""code_review"": 0, ""doc_processing"": 7, ""monitoring"": 1}]","[1, 1, 2, 2, 2, 2]",0.0,0.2258070946097882,0.75,0.06314503521165375,0.044018634629328264,"{""COMPUTE"": 1122, ""MEMORY"": 914, ""API_CREDITS"": 546, ""DATASET"": 176}","{""COMPUTE"": 863, ""MEMORY"": 703, ""API_CREDITS"": 420, ""DATASET"": 135}","{""COMPUTE"": 1.3001158748551565, ""MEMORY"": 1.3001422475106685, ""API_CREDITS"": 1.3, ""DATASET"": 1.3037037037037038}",4
dirichlet_0.1__moderate,dirichlet_0.1,0.1,moderate,1.3,2212622024,2e99c6cdc6ca0cdb,7a31976208075890,exact_pending_queue,"[[4.947294546189669e-10, 2.481496659831726e-06, 4.729003244986121e-07, 0.9999970451082861], [0.8709011070120053, 0.12909718276783247, 1.6909625762843227e-06, 1.925758607238513e-08], [0.9803788930437044, 0.01962040412050208, 7.028054678858158e-07, 3.032559784148976e-11], [0.8355251831879226, 0.16446108897924927, 1.340188859224569e-05, 3.259442358759355e-07], [0.28127052940267716, 0.0014149327080595245, 0.07759233590076861, 0.6397222019884946], [1.129913353729145e-13, 2.435006052159622e-07, 0.9999914924073362, 8.264091945600557e-06]]","[{""research"": 0, ""code_review"": 0, ""doc_processing"": 0, ""monitoring"": 8}, {""research"": 7, ""code_review"": 1, ""doc_processing"": 0, ""monitoring"": 0}, {""research"": 8, ""code_review"": 0, ""doc_processing"": 0, ""monitoring"": 0}, {""research"": 8, ""code_review"": 0, ""doc_processing"": 0, ""monitoring"": 0}, {""research"": 1, ""code_review"": 0, ""doc_processing"": 0, ""monitoring"": 7}, {""research"": 0, ""code_review"": 0, ""doc_processing"": 8, ""monitoring"": 0}]","[1, 2, 1, 1, 2, 1]",0.0,0.0905940738665994,0.7333333333333333,0.13972270784770782,0.09686865988949322,"{""COMPUTE"": 1122, ""MEMORY"": 967, ""API_CREDITS"": 509, ""DATASET"": 312}","{""COMPUTE"": 863, ""MEMORY"": 744, ""API_CREDITS"": 392, ""DATASET"": 240}","{""COMPUTE"": 1.3001158748551565, ""MEMORY"": 1.299731182795699, ""API_CREDITS"": 1.2984693877551021, ""DATASET"": 1.3}",4
dirichlet_0.1__moderate,dirichlet_0.1,0.1,moderate,1.3,2222055010,ed3b44d6405ced84,3662ed16de2d5aa7,exact_pending_queue,"[[0.40924812108149244, 0.5904603762668004, 0.00028070178998070597, 1.080086172640378e-05], [0.48545807667163315, 0.5136442051523458, 0.0008977179210526525, 2.549686413329902e-10], [1.0089260242186292e-07, 3.107440640304864e-05, 1.635497789920288e-08, 0.9999688083460166], [0.004111599183744254, 0.00020097726653325214, 3.760506395507826e-09, 0.9956874197892162], [0.07829550520201053, 0.7365705085692712, 0.1822414706050033, 0.002892515623714864], [0.00659182555012011, 1.2279790803930233e-11, 0.00285437963139822, 0.9905537948062019]]","[{""research"": 1, ""code_review"": 7, ""doc_processing"": 0, ""monitoring"": 0}, {""research"": 1, ""code_review"": 7, ""doc_processing"": 0, ""monitoring"": 0}, {""research"": 0, ""code_review"": 0, ""doc_processing"": 0, ""monitoring"": 8}, {""research"": 0, ""code_review"": 0, ""doc_processing"": 0, ""monitoring"": 8}, {""research"": 0, ""code_review"": 7, ""doc_processing"": 1, ""monitoring"": 0}, {""research"": 1, ""code_review"": 0, ""doc_processing"": 0, ""monitoring"": 7}]","[2, 2, 1, 1, 2, 2]",0.0,0.1811881477331988,0.6166666666666667,0.17942396723646725,0.13759570868945867,"{""COMPUTE"": 518, ""MEMORY"": 478, ""API_CREDITS"": 210, ""DATASET"": 208}","{""COMPUTE"": 398, ""MEMORY"": 368, ""API_CREDITS"": 162, ""DATASET"": 160}","{""COMPUTE"": 1.3015075376884422, ""MEMORY"": 1.298913043478261, ""API_CREDITS"": 1.2962962962962963, ""DATASET"": 1.3}",4
dirichlet_0.1__moderate,dirichlet_0.1,0.1,moderate,1.3,2225355892,6507c26e6e6f816b,d8b65351d5a56dd6,exact_pending_queue,"[[5.862440229298744e-05, 1.7193382358348352e-07, 0.17693203239563798, 0.8230091712682454], [0.01074141232631539, 0.014821462148669527, 5.200597181867207e-05, 0.9743851195531965], [0.08795845244471379, 0.0002861187028939669, 0.9117461303608208, 9.298491571336848e-06], [0.027936776946785973, 0.9668292587525621, 0.005233964300651876, 1.0186274215851071e-17], [0.31760009886532664, 1.1743077154244694e-10, 0.0010886176096026635, 0.6813112834076398], [0.00018038104832142143, 0.9820973853343374, 0.011268744530675915, 0.006453489086665379]]","[{""research"": 0, ""code_review"": 0, ""doc_processing"": 4, ""monitoring"": 4}, {""research"": 0, ""code_review"": 0, ""doc_processing"": 0, ""monitoring"": 8}, {""research"": 1, ""code_review"": 0, ""doc_processing"": 7, ""monitoring"": 0}, {""research"": 0, ""code_review"": 8, ""doc_processing"": 0, ""monitoring"": 0}, {""research"": 1, ""code_review"": 0, ""doc_processing"": 0, ""monitoring"": 7}, {""research"": 0, ""code_review"": 8, ""doc_processing"": 0, ""monitoring"": 0}]","[2, 1, 2, 1, 2, 1]",0.0,0.17392740719993274,0.7666666666666667,0.165697315602976,0.11359047928754429,"{""COMPUTE"": 622, ""MEMORY"": 533, ""API_CREDITS"": 259, ""DATASET"": 168}","{""COMPUTE"": 478, ""MEMORY"": 410, ""API_CREDITS"": 199, ""DATASET"": 129}","{""COMPUTE"": 1.301255230125523, ""MEMORY"": 1.3, ""API_CREDITS"": 1.3015075376884422, ""DATASET"": 1.302325581395349}",4
dirichlet_0.1__moderate,dirichlet_0.1,0.1,moderate,1.3,2268749908,c6a0bab283522d5c,4e3d0d205d363f88,exact_pending_queue,"[[0.17384061083169716, 0.8261583710273729, 1.0181337315796832e-06, 7.1984974297701836e-12], [0.029131058180302004, 0.004103925848069644, 0.2835845597233066, 0.6831804562483218], [0.011547690900527294, 0.5303038166556291, 0.04638494652938863, 0.4117635459144548], [0.997084116262448, 0.0017724939265264395, 0.001143388712459856, 1.0985657933980182e-09], [6.826586805059182e-08, 0.10448549174303465, 0.8820554256300789, 0.013459014361018522], [9.249183575321726e-09, 0.3349366734837576, 0.6634071650387393, 0.0016561522283194976]]","[{""research"": 0, ""code_review"": 8, ""doc_processing"": 0, ""monitoring"": 0}, {""research"": 1, ""code_review"": 0, ""doc_processing"": 3, ""monitoring"": 4}, {""research"": 0, ""code_review"": 1, ""doc_processing"": 0, ""monitoring"": 7}, {""research"": 8, ""code_review"": 0, ""doc_processing"": 0, ""monitoring"": 0}, {""research"": 0, ""code_review"": 1, ""doc_processing"": 7, ""monitoring"": 0}, {""research"": 0, ""code_review"": 2, ""doc_processing"": 6, ""monitoring"": 0}]","[1, 3, 2, 1, 2, 2]",0.0,0.27533717275732433,0.8,0.1309790111003703,0.0850767071236327,"{""COMPUTE"": 866, ""MEMORY"": 712, ""API_CREDITS"": 396, ""DATASET"": 160}","{""COMPUTE"": 666, ""MEMORY"": 548, ""API_CREDITS"": 305, ""DATASET"": 123}","{""COMPUTE"": 1.3003003003003002, ""MEMORY"": 1.2992700729927007, ""API_CREDITS"": 1.298360655737705, ""DATASET"": 1.3008130081300813}",4
dirichlet_0.1__moderate,dirichlet_0.1,0.1,moderate,1.3,2269193850,876e18d704a269c5,c1899da40403c62d,exact_pending_queue,"[[0.11628934526738806, 2.6562856472774024e-09, 1.2398538636740752e-05, 0.8836982535376895], [1.4718778010102338e-10, 0.84340755568376, 0.12602142082516588, 0.030571023343886197], [0.2277211946221042, 0.3262979905140326, 0.44246755598476634, 0.003513258879096903], [0.0005501754855204451, 0.8159826403001625, 0.18313696444780042, 0.00033021976651658456], [1.902227604135919e-10, 0.999126723315539, 0.0004175934791728078, 0.00045568301506555576], [2.1206175077887979e-16, 0.9966635616778314, 0.0014537227942685396, 0.0018827155278999114]]","[{""research"": 0, ""code_review"": 0, ""doc_processing"": 0, ""monitoring"": 8}, {""research"": 0, ""code_review"": 7, ""doc_processing"": 1, ""monitoring"": 0}, {""research"": 1, ""code_review"": 3, ""doc_processing"": 4, ""monitoring"": 0}, {""research"": 0, ""code_review"": 6, ""doc_processing"": 2, ""monitoring"": 0}, {""research"": 0, ""code_review"": 8, ""doc_processing"": 0, ""monitoring"": 0}, {""research"": 0, ""code_review"": 8, ""doc_processing"": 0, ""monitoring"": 0}]","[1, 2, 3, 2, 1, 1]",0.0,0.23004013582402463,0.5333333333333333,0.11780982905982904,0.0878213221963222,"{""COMPUTE"": 572, ""MEMORY"": 469, ""API_CREDITS"": 287, ""DATASET"": 72}","{""COMPUTE"": 440, ""MEMORY"": 361, ""API_CREDITS"": 221, ""DATASET"": 55}","{""COMPUTE"": 1.3, ""MEMORY"": 1.299168975069252, ""API_CREDITS"": 1.2986425339366516, ""DATASET"": 1.309090909090909}",4
dirichlet_0.1__moderate,dirichlet_0.1,0.1,moderate,1.3,2321257153,0602c554d6117873,badfcdc40187edf2,exact_pending_queue,"[[0.0048750213139552995, 4.2421423091217685e-08, 0.9951247472674835, 1.8899713820456267e-07], [0.0008347018776598485, 0.0006695188475191881, 5.161250034281971e-07, 0.9984952631498176], [0.005406468576047479, 5.151272304366088e-05, 0.9928925804567812, 0.0016494382441276689], [3.544605924028523e-06, 0.999920595847897, 5.058845509788616e-05, 2.5271091081087333e-05], [0.6346297294000165, 0.36473519021214224, 0.0006350803134308362, 7.44103645826316e-11], [7.765839145422628e-07, 0.39030034757698734, 2.209636840360919e-22, 0.6096988758390982]]","[{""research"": 0, ""code_review"": 0, ""doc_processing"": 8, ""monitoring"": 0}, {""research"": 0, ""code_review"": 0, ""doc_processing"": 0, ""monitoring"": 8}, {""research"": 0, ""code_review"": 0, ""doc_processing"": 8, ""monitoring"": 0}, {""research"": 0, ""code_review"": 8, ""doc_processing"": 0, ""monitoring"": 0}, {""research"": 6, ""code_review"": 2, ""doc_processing"": 0, ""monitoring"": 0}, {""research"": 0, ""code_review"": 1, ""doc_processing"": 0, ""monitoring"": 7}]","[1, 1, 1, 1, 2, 2]",0.0,0.1129035473048941,0.8416666666666667,0.17504598511880068,0.12574999538996304,"{""COMPUTE"": 786, ""MEMORY"": 653, ""API_CREDITS"": 343, ""DATASET"": 168}","{""COMPUTE"": 605, ""MEMORY"": 502, ""API_CREDITS"": 264, ""DATASET"": 129}","{""COMPUTE"": 1.2991735537190083, ""MEMORY"": 1.300796812749004, ""API_CREDITS"": 1.2992424242424243, ""DATASET"": 1.302325581395349}",4
dirichlet_0.1__moderate,dirichlet_0.1,0.1,moderate,1.3,2367693741,601db852a546afec,f1613ee937233c06,exact_pending_queue,"[[0.001261265150673167, 0.9854499436163285, 0.013288791232971539, 2.6975431195374705e-14], [5.9607201191501725e-05, 3.4979287097189264e-07, 0.9973992076855313, 0.0025408353204062705], [0.228761421523598, 1.5636185503395235e-05, 0.7229715796888007, 0.04825136260209797], [1.0338420326930496e-16, 0.8599289900301981, 2.4119492673398495e-14, 0.14007100996977764], [0.23485925488580925, 8.329997708665973e-07, 0.7323914210591742, 0.03274849105524596], [0.04733412913989726, 0.0014716494724071087, 0.9509489161818923, 0.00024530520580348295]]","[{""research"": 0, ""code_review"": 8, ""doc_processing"": 0, ""monitoring"": 0}, {""research"": 0, ""code_review"": 0, ""doc_processing"": 8, ""monitoring"": 0}, {""research"": 1, ""code_review"": 0, ""doc_processing"": 7, ""monitoring"": 0}, {""research"": 0, ""code_review"": 7, ""doc_processing"": 0, ""monitoring"": 1}, {""research"": 0, ""code_review"": 0, ""doc_processing"": 8, ""monitoring"": 0}, {""research"": 0, ""code_review"": 0, ""doc_processing"": 8, ""monitoring"": 0}]","[1, 1, 2, 2, 1, 1]",0.0,0.0905940738665994,0.5666666666666667,0.032020359203786534,0.02327489787978991,"{""COMPUTE"": 874, ""MEMORY"": 654, ""API_CREDITS"": 418, ""DATASET"": 16}","{""COMPUTE"": 672, ""MEMORY"": 503, ""API_CREDITS"": 322, ""DATASET"": 12}","{""COMPUTE"": 1.3005952380952381, ""MEMORY"": 1.3001988071570576, ""API_CREDITS"": 1.2981366459627328, ""DATASET"": 1.3333333333333333}",4
dirichlet_0.1__moderate,dirichlet_0.1,0.1,moderate,1.3,2379132744,d8a2fc0a30aae38f,729958e00f814d62,exact_pending_queue,"[[0.7622325231506131, 0.09674894384972928, 0.045160546249575134, 0.09585798675008263], [0.28613717251308474, 2.741661049527841e-05, 0.6943716531485788, 0.019463757727841067], [0.0034191843568859752, 1.9696624135453996e-10, 4.9545072258057814e-33, 0.9965808154461478], [0.0005691349538530399, 1.0068586353720026e-07, 0.9994302187474376, 5.456128456958839e-07], [0.0013190081469314013, 5.7023390688315635e-08, 0.9832693668731892, 0.01541156795648878], [0.0060216851882146, 0.06852183865570521, 0.925455909585191, 5.665708892472392e-07]]","[{""research"": 5, ""code_review"": 2, ""doc_processing"": 1, ""monitoring"": 0}, {""research"": 3, ""code_review"": 0, ""doc_processing"": 5, ""monitoring"": 0}, {""research"": 0, ""code_review"": 0, ""doc_processing"": 0, ""monitoring"": 8}, {""research"": 0, ""code_review"": 0, ""doc_processing"": 8, ""monitoring"": 0}, {""research"": 0, ""code_review"": 0, ""doc_processing"": 8, ""monitoring"": 0}, {""research"": 0, ""code_review"": 0, ""doc_processing"": 8, ""monitoring"": 0}]","[3, 2, 1, 1, 1, 1]",0.0,0.1877690786350303,0.6166666666666667,0.12527715512790139,0.0865100499739803,"{""COMPUTE"": 1016, ""MEMORY"": 800, ""API_CREDITS"": 456, ""DATASET"": 128}","{""COMPUTE"": 782, ""MEMORY"": 615, ""API_CREDITS"": 351, ""DATASET"": 98}","{""COMPUTE"": 1.29923273657289, ""MEMORY"": 1.3008130081300813, ""API_CREDITS"": 1.2991452991452992, ""DATASET"": 1.3061224489795917}",4
dirichlet_0.1__moderate,dirichlet_0.1,0.1,moderate,1.3,2399786552,46b96033728142f7,3bf7958b721a6075,exact_pending_queue,"[[1.230192393871073e-07, 0.007646111795407586, 0.9573452910291226, 0.035008474156230394], [0.6890829887157439, 0.3044177152667379, 0.0006901766562505013, 0.005809119361267804], [0.18799448464102514, 0.8102066631505545, 5.242698127108157e-07, 0.0017983279386076748], [0.7249371522268383, 0.044792433529444155, 0.23026924386583383, 1.1703778835750593e-06], [0.13523625512010282, 1.9116238926941512e-29, 0.5273251480513328, 0.3374385968285644], [4.3668535900461065e-12, 0.21384969928531414, 0.7861503007103178, 1.1948709972516333e-15]]","[{""research"": 0, ""code_review"": 0, ""doc_processing"": 8, ""monitoring"": 0}, {""research"": 5, ""code_review"": 3, ""doc_processing"": 0, ""monitoring"": 0}, {""research"": 2, ""code_review"": 6, ""doc_processing"": 0, ""monitoring"": 0}, {""research"": 5, ""code_review"": 2, ""doc_processing"": 1, ""monitoring"": 0}, {""research"": 1, ""code_review"": 0, ""doc_processing"": 5, ""monitoring"": 2}, {""research"": 0, ""code_review"": 2, ""doc_processing"": 6, ""monitoring"": 0}]","[1, 2, 2, 3, 3, 2]",0.0,0.43121501110283567,0.6333333333333333,0.04756334828052718,0.032600770816967786,"{""COMPUTE"": 1028, ""MEMORY"": 819, ""API_CREDITS"": 501, ""DATASET"": 120}","{""COMPUTE"": 791, ""MEMORY"": 630, ""API_CREDITS"": 385, ""DATASET"": 92}","{""COMPUTE"": 1.299620733249052, ""MEMORY"": 1.3, ""API_CREDITS"": 1.3012987012987014, ""DATASET"": 1.3043478260869565}",4
dirichlet_0.1__moderate,dirichlet_0.1,0.1,moderate,1.3,2417511538,c2dd86511bce36dd,975fd63ce1b65496,exact_pending_queue,"[[0.018643929022277832, 0.8298231181224359, 5.1847108294297315e-09, 0.15153294767057549], [0.01053421730929595, 0.9893856271632735, 8.010714482623909e-05, 4.838260427366467e-08], [2.7316641638474093e-08, 7.003295092674987e-05, 0.00040612834768764296, 0.9995238113847439], [1.2871872218239998e-05, 3.792781439152396e-05, 0.000252312489760304, 0.99969688782363], [9.734704740576706e-06, 0.41133586507620534, 0.47228935466988664, 0.11636504554916756], [0.0015957161589611368, 0.2837330867904357, 3.7198923027534165e-05, 0.7146339981275757]]","[{""research"": 0, ""code_review"": 6, ""doc_processing"": 0, ""monitoring"": 2}, {""research"": 0, ""code_review"": 8, ""doc_processing"": 0, ""monitoring"": 0}, {""research"": 0, ""code_review"": 0, ""doc_processing"": 0, ""monitoring"": 8}, {""research"": 0, ""code_review"": 0, ""doc_processing"": 0, ""monitoring"": 8}, {""research"": 0, ""code_review"": 3, ""doc_processing"": 5, ""monitoring"": 0}, {""research"": 0, ""code_review"": 1, ""doc_processing"": 0, ""monitoring"": 7}]","[2, 1, 1, 1, 2, 2]",0.0,0.19243971421530784,0.6416666666666667,0.1862860902389335,0.13986052474263294,"{""COMPUTE"": 490, ""MEMORY"": 449, ""API_CREDITS"": 183, ""DATASET"": 200}","{""COMPUTE"": 377, ""MEMORY"": 345, ""API_CREDITS"": 141, ""DATASET"": 154}","{""COMPUTE"": 1.29973474801061, ""MEMORY"": 1.3014492753623188, ""API_CREDITS"": 1.297872340425532, ""DATASET"": 1.2987012987012987}",4
dirichlet_0.1__moderate,dirichlet_0.1,0.1,moderate,1.3,2429613199,55114f655b18127e,f7acbc9a63ff34fc,exact_pending_queue,"[[0.6586479094569072, 0.1886325172326236, 6.052389220021442e-05, 0.1526590494182688], [0.927104238407644, 0.07289538134937941, 2.6058512132894637e-07, 1.1965785530477725e-07], [0.9999939761421454, 2.598052093069162e-08, 5.9976370203381025e-06, 2.403135557760989e-10], [0.9970779834163851, 0.00030456196459476643, 4.915536274365847e-08, 0.002617405463657494], [2.274664094379914e-06, 0.00047526339919545693, 5.437186822363222e-05, 0.9994680900684865], [0.15494075568256183, 0.370922645044363, 0.0009624819647185122, 0.4731741173083566]]","[{""research"": 4, ""code_review"": 3, ""doc_processing"": 0, ""monitoring"": 1}, {""research"": 8, ""code_review"": 0, ""doc_processing"": 0, ""monitoring"": 0}, {""research"": 8, ""code_review"": 0, ""doc_processing"": 0, ""monitoring"": 0}, {""research"": 8, ""code_review"": 0, ""doc_processing"": 0, ""monitoring"": 0}, {""research"": 0, ""code_review"": 0, ""doc_processing"": 0, ""monitoring"": 8}, {""research"": 1, ""code_review"": 4, ""doc_processing"": 0, ""monitoring"": 3}]","[3, 1, 1, 1, 1, 3]",0.0,0.2342731770382611,0.6,0.08577399360605467,0.06314421454052499,"{""COMPUTE"": 1152, ""MEMORY"": 1005, ""API_CREDITS"": 547, ""DATASET"": 328}","{""COMPUTE"": 886, ""MEMORY"": 773, ""API_CREDITS"": 421, ""DATASET"": 252}","{""COMPUTE"": 1.3002257336343115, ""MEMORY"": 1.3001293661060802, ""API_CREDITS"": 1.299287410926366, ""DATASET"": 1.3015873015873016}",4
dirichlet_0.1__moderate,dirichlet_0.1,0.1,moderate,1.3,2450099792,026eda74c62b7908,c02776c07227c2fe,exact_pending_queue,"[[5.911110233080987e-06, 0.6508462598273028, 0.0006244331057691706, 0.34852339595669496], [3.133189188743083e-10, 0.9942463210107886, 0.005749615553517456, 4.063122375056866e-06], [9.687148060466457e-05, 0.013707890053867142, 4.22775350997716e-11, 0.9861952384232505], [2.0743886383483827e-18, 3.4238834315940645e-06, 0.7550492382862805, 0.2449473378302879], [0.008929118975106985, 0.00036302553065568996, 0.0004956835349720344, 0.9902121719592654], [1.182100747271724e-13, 0.00023079576914474957, 0.023699878043281858, 0.9760693261874552]]","[{""research"": 0, ""code_review"": 5, ""doc_processing"": 0, ""monitoring"": 3}, {""research"": 0, ""code_review"": 8, ""doc_processing"": 0, ""monitoring"": 0}, {""research"": 0, ""code_review"": 0, ""doc_processing"": 0, ""monitoring"": 8}, {""research"": 0, ""code_review"": 0, ""doc_processing"": 4, ""monitoring"": 4}, {""research"": 0, ""code_review"": 0, ""doc_processing"": 0, ""monitoring"": 8}, {""research"": 0, ""code_review"": 0, ""doc_processing"": 0, ""monitoring"": 8}]","[2, 1, 1, 2, 1, 1]",0.0,0.1628695002437471,0.5583333333333333,0.16256886256886252,0.12044387044387045,"{""COMPUTE"": 466, ""MEMORY"": 447, ""API_CREDITS"": 149, ""DATASET"": 248}","{""COMPUTE"": 358, ""MEMORY"": 344, ""API_CREDITS"": 115, ""DATASET"": 191}","{""COMPUTE"": 1.3016759776536313, ""MEMORY"": 1.2994186046511629, ""API_CREDITS"": 1.2956521739130435, ""DATASET"": 1.2984293193717278}",4
dirichlet_0.1__moderate,dirichlet_0.1,0.1,moderate,1.3,2458392116,3bf935e3bc5d1576,d39f2cd6fa1f55dd,exact_pending_queue,"[[8.660016591620716e-09, 0.0626472149811075, 0.9373527580751804, 1.8283695562424393e-08], [0.0012262402096827137, 2.740064309243223e-13, 0.9987470222940579, 2.6737495985473394e-05], [0.9999619447812315, 5.51850542407017e-11, 3.805516332649313e-05, 2.570097520224509e-13], [0.9998444055212415, 2.5123365831072733e-14, 0.00013316074557876675, 2.243373315472587e-05], [7.14703768082776e-05, 0.9961200655084228, 0.0030469354533455085, 0.000761528661423545], [0.6502395332833013, 0.3497600794998874, 7.755586903119452e-10, 3.864412527184749e-07]]","[{""research"": 0, ""code_review"": 0, ""doc_processing"": 8, ""monitoring"": 0}, {""research"": 0, ""code_review"": 0, ""doc_processing"": 8, ""monitoring"": 0}, {""research"": 8, ""code_review"": 0, ""doc_processing"": 0, ""monitoring"": 0}, {""research"": 8, ""code_review"": 0, ""doc_processing"": 0, ""monitoring"": 0}, {""research"": 0, ""code_review"": 8, ""doc_processing"": 0, ""monitoring"": 0}, {""research"": 2, ""code_review"": 6, ""doc_processing"": 0, ""monitoring"": 0}]","[1, 1, 1, 1, 1, 2]",0.0,0.0676065103715944,0.7833333333333333,0.058762626262626266,0.04114583333333332,"{""COMPUTE"": 1104, ""MEMORY"": 890, ""API_CREDITS"": 550, ""DATASET"": 144}","{""COMPUTE"": 849, ""MEMORY"": 685, ""API_CREDITS"": 423, ""DATASET"": 111}","{""COMPUTE"": 1.3003533568904593, ""MEMORY"": 1.2992700729927007, ""API_CREDITS"": 1.3002364066193854, ""DATASET"": 1.2972972972972974}",4
dirichlet_0.1__moderate,dirichlet_0.1,0.1,moderate,1.3,2463410529,c5359a21cdfd4bd5,b93208c2ce00e143,exact_pending_queue,"[[0.772891692571638, 0.01012981199190907, 0.21614989454496092, 0.0008286008914921071], [0.9306362900171179, 0.010691542111851237, 0.058615577145267724, 5.659072576307106e-05], [0.16621796114377432, 5.7328610843489945e-12, 0.8321382434157143, 0.0016437954347785558], [0.0005292876599478911, 0.8891402306608089, 1.9738017896274257e-10, 0.11033048148186295], [0.4190379091855704, 0.007814433914801312, 0.5685811743850346, 0.00456648251459393], [2.255975276705757e-13, 7.900517474603827e-07, 0.9999992055535906, 4.394436368200402e-09]]","[{""research"": 6, ""code_review"": 0, ""doc_processing"": 2, ""monitoring"": 0}, {""research"": 6, ""code_review"": 0, ""doc_processing"": 2, ""monitoring"": 0}, {""research"": 1, ""code_review"": 0, ""doc_processing"": 7, ""monitoring"": 0}, {""research"": 0, ""code_review"": 6, ""doc_processing"": 0, ""monitoring"": 2}, {""research"": 4, ""code_review"": 0, ""doc_processing"": 4, ""monitoring"": 0}, {""research"": 0, ""code_review"": 0, ""doc_processing"": 8, ""monitoring"": 0}]","[2, 2, 2, 2, 2, 1]",0.0,0.3314499013814162,0.6166666666666667,0.0418054982031516,0.02924778200265754,"{""COMPUTE"": 1160, ""MEMORY"": 927, ""API_CREDITS"": 557, ""DATASET"": 152}","{""COMPUTE"": 892, ""MEMORY"": 713, ""API_CREDITS"": 428, ""DATASET"": 117}","{""COMPUTE"": 1.3004484304932735, ""MEMORY"": 1.3001402524544179, ""API_CREDITS"": 1.3014018691588785, ""DATASET"": 1.2991452991452992}",4
dirichlet_0.1__moderate,dirichlet_0.1,0.1,moderate,1.3,2464146756,8aaefc40d7f1e7b9,0780cc2f39b0dd34,exact_pending_queue,"[[0.9996652296819265, 2.8151763060477647e-11, 7.40639430805031e-05, 0.00026070634684142996], [0.001331564911540078, 0.00546580258207495, 0.002453242840578882, 0.9907493896658062], [0.00011520959379795152, 4.791960187628898e-05, 0.06322532040186622, 0.9366115504024597], [2.5507990867431756e-08, 5.093368781878928e-05, 0.9999278099856463, 2.1230818543955532e-05], [1.5383473168273906e-09, 0.1000285721907825, 0.8999713967556887, 2.9515181386292474e-08], [0.18677867508759893, 0.19477757592776193, 0.03915191606427867, 0.5792918329203602]]","[{""research"": 8, ""code_review"": 0, ""doc_processing"": 0, ""monitoring"": 0}, {""research"": 0, ""code_review"": 0, ""doc_processing"": 0, ""monitoring"": 8}, {""research"": 0, ""code_review"": 0, ""doc_processing"": 0, ""monitoring"": 8}, {""research"": 0, ""code_review"": 0, ""doc_processing"": 8, ""monitoring"": 0}, {""research"": 0, ""code_review"": 0, ""doc_processing"": 8, ""monitoring"": 0}, {""research"": 1, ""code_review"": 1, ""doc_processing"": 0, ""monitoring"": 6}]","[1, 1, 1, 1, 1, 3]",0.0,0.08843984370492775,0.7583333333333333,0.17998208259402285,0.12817975970961046,"{""COMPUTE"": 844, ""MEMORY"": 723, ""API_CREDITS"": 341, ""DATASET"": 248}","{""COMPUTE"": 649, ""MEMORY"": 556, ""API_CREDITS"": 262, ""DATASET"": 191}","{""COMPUTE"": 1.300462249614792, ""MEMORY"": 1.3003597122302157, ""API_CREDITS"": 1.3015267175572518, ""DATASET"": 1.2984293193717278}",4
dirichlet_0.1__moderate,dirichlet_0.1,0.1,moderate,1.3,2501632677,4ec8c3169de35c2b,607b8debfdaff414,exact_pending_queue,"[[0.0002990932391377224, 0.9996881145834772, 1.2792177385140517e-05, 2.404316917026838e-21], [0.00011977000452815448, 0.04224720851228716, 0.03391469654891465, 0.9237183249342701], [0.9532525553921003, 1.8621028111713414e-17, 0.04634838077307633, 0.0003990638348233618], [9.985549970531203e-13, 2.426420679790798e-05, 7.982785425905478e-07, 0.999974937513661], [0.06356802595106427, 0.034866362145603534, 0.8308265550347204, 0.0707390568686117], [0.9962168501464579, 7.849245902921381e-06, 3.159883721115761e-05, 0.003743701770428052]]","[{""research"": 0, ""code_review"": 8, ""doc_processing"": 0, ""monitoring"": 0}, {""research"": 0, ""code_review"": 0, ""doc_processing"": 0, ""monitoring"": 8}, {""research"": 8, ""code_review"": 0, ""doc_processing"": 0, ""monitoring"": 0}, {""research"": 0, ""code_review"": 0, ""doc_processing"": 0, ""monitoring"": 8}, {""research"": 0, ""code_review"": 0, ""doc_processing"": 8, ""monitoring"": 0}, {""research"": 8, ""code_review"": 0, ""doc_processing"": 0, ""monitoring"": 0}]","[1, 1, 1, 1, 1, 1]",0.0,0.0,0.8666666666666667,0.1747280497280497,0.12308987308987307,"{""COMPUTE"": 928, ""MEMORY"": 800, ""API_CREDITS"": 416, ""DATASET"": 256}","{""COMPUTE"": 714, ""MEMORY"": 615, ""API_CREDITS"": 320, ""DATASET"": 197}","{""COMPUTE"": 1.2997198879551821, ""MEMORY"": 1.3008130081300813, ""API_CREDITS"": 1.3, ""DATASET"": 1.299492385786802}",4
dirichlet_0.1__moderate,dirichlet_0.1,0.1,moderate,1.3,2503513465,db4e9f0fb10a60f0,846cca62b2d251dc,exact_pending_queue,"[[0.3705507188858441, 3.739498204698324e-15, 1.6995008231816454e-08, 0.629449264119144], [0.015128817742658358, 0.6670134242124688, 0.0013191756892868326, 0.31653858235558585], [0.9999989621618607, 6.74021518038928e-07, 3.186960654346974e-07, 4.5120555829136635e-08], [0.0026190280346993717, 0.0016878327597186684, 0.9953458835052555, 0.0003472557003262162], [0.996475670130748, 0.00020169903070981458, 0.003322630676348453, 1.621937688923152e-10], [2.4891957749910636e-05, 0.00375147686638418, 0.8535788844410861, 0.14264474673477984]]","[{""research"": 3, ""code_review"": 0, ""doc_processing"": 0, ""monitoring"": 5}, {""research"": 0, ""code_review"": 7, ""doc_processing"": 0, ""monitoring"": 1}, {""research"": 8, ""code_review"": 0, ""doc_processing"": 0, ""monitoring"": 0}, {""research"": 0, ""code_review"": 0, ""doc_processing"": 8, ""monitoring"": 0}, {""research"": 8, ""code_review"": 0, ""doc_processing"": 0, ""monitoring"": 0}, {""research"": 0, ""code_review"": 0, ""doc_processing"": 7, ""monitoring"": 1}]","[2, 2, 1, 1, 1, 2]",0.0,0.17013024077701314,0.8,0.07493175005014614,0.04823713816763539,"{""COMPUTE"": 1102, ""MEMORY"": 910, ""API_CREDITS"": 522, ""DATASET"": 208}","{""COMPUTE"": 848, ""MEMORY"": 700, ""API_CREDITS"": 402, ""DATASET"": 160}","{""COMPUTE"": 1.2995283018867925, ""MEMORY"": 1.3, ""API_CREDITS"": 1.2985074626865671, ""DATASET"": 1.3}",4
dirichlet_0.1__moderate,dirichlet_0.1,0.1,moderate,1.3,2508126195,8d5158280aca5974,02298e748cbe0f1c,exact_pending_queue,"[[0.029092706476967965, 0.11600762745032529, 0.854896390647776, 3.2754249305859414e-06], [0.9999999504417786, 3.348420258965777e-10, 4.131173563416182e-08, 7.911643656758881e-09], [5.012770818089328e-06, 0.09807267324226407, 0.8991524258955603, 0.00276988809135757], [1.5083257291104828e-06, 0.38288662793587747, 1.918940586195079e-12, 0.6171118637364744], [0.005504999759887593, 0.19870702222480618, 4.147061293509618e-06, 0.7957838309540127], [0.13971737959864672, 0.044248295827987685, 0.03914883502880402, 0.7768854895445615]]","[{""research"": 0, ""code_review"": 0, ""doc_processing"": 8, ""monitoring"": 0}, {""research"": 8, ""code_review"": 0, ""doc_processing"": 0, ""monitoring"": 0}, {""research"": 0, ""code_review"": 1, ""doc_processing"": 7, ""monitoring"": 0}, {""research"": 0, ""code_review"": 3, ""doc_processing"": 0, ""monitoring"": 5}, {""research"": 0, ""code_review"": 0, ""doc_processing"": 0, ""monitoring"": 8}, {""research"": 2, ""code_review"": 0, ""doc_processing"": 0, ""monitoring"": 6}]","[1, 1, 2, 2, 1, 2]",0.0,0.19243971421530784,0.7833333333333333,0.15609303037192815,0.1060748973414487,"{""COMPUTE"": 862, ""MEMORY"": 733, ""API_CREDITS"": 363, ""DATASET"": 232}","{""COMPUTE"": 663, ""MEMORY"": 564, ""API_CREDITS"": 279, ""DATASET"": 178}","{""COMPUTE"": 1.3001508295625943, ""MEMORY"": 1.299645390070922, ""API_CREDITS"": 1.3010752688172043, ""DATASET"": 1.303370786516854}",4
dirichlet_0.1__moderate,dirichlet_0.1,0.1,moderate,1.3,2524586228,ed4166c085411dd9,848bc70e5e8b42c5,exact_pending_queue,"[[0.010556427056897081, 0.45850909188544225, 0.24364725477016913, 0.2872872262874914], [0.0020804138062921838, 2.674963223591962e-06, 0.9979169112297639, 7.20343677107021e-13], [0.006690443211925908, 0.08496089447700253, 0.8808132916926799, 0.027535370618391702], [0.0021770893125659953, 9.721576915889237e-07, 0.9029217402151937, 0.09490019831454881], [2.89613034471451e-06, 9.237254683965914e-12, 1.5835889116819611e-06, 0.9999955202715063], [0.0007284980324428353, 0.009418282406630165, 0.9898532195609269, 1.4762334160879096e-18]]","[{""research"": 0, ""code_review"": 4, ""doc_processing"": 1, ""monitoring"": 3}, {""research"": 0, ""code_review"": 0, ""doc_processing"": 8, ""monitoring"": 0}, {""research"": 0, ""code_review"": 1, ""doc_processing"": 7, ""monitoring"": 0}, {""research"": 0, ""code_review"": 0, ""doc_processing"": 6, ""monitoring"": 2}, {""research"": 0, ""code_review"": 0, ""doc_processing"": 0, ""monitoring"": 8}, {""research"": 0, ""code_review"": 0, ""doc_processing"": 8, ""monitoring"": 0}]","[3, 1, 2, 2, 1, 1]",0.0,0.23004013582402463,0.5666666666666667,0.13299847358670888,0.09080347315641435,"{""COMPUTE"": 814, ""MEMORY"": 637, ""API_CREDITS"": 343, ""DATASET"": 104}","{""COMPUTE"": 626, ""MEMORY"": 490, ""API_CREDITS"": 264, ""DATASET"": 80}","{""COMPUTE"": 1.3003194888178913, ""MEMORY"": 1.3, ""API_CREDITS"": 1.2992424242424243, ""DATASET"": 1.3}",4
dirichlet_0.1__moderate,dirichlet_0.1,0.1,moderate,1.3,2526189608,aafc32edd46bc8b5,f6da7680ca5e34ca,exact_pending_queue,"[[1.3460510160858958e-06, 0.006902066225085804, 0.0022108174699218275, 0.9908857702539763], [0.001448233052579615, 0.9971708920497635, 0.0004028007190017592, 0.0009780741786551666], [0.007433236246198739, 0.0072272223740639996, 0.025512377355343546, 0.9598271640243937], [0.9999987171873803, 3.225934004792938e-13, 8.448331394537432e-08, 1.1983289831535519e-06], [0.0005803355811028381, 0.00010182327560025963, 0.09242942829851909, 0.9068884128447777], [0.00027412918226557597, 0.11355947009172235, 0.034237828824811724, 0.8519285719012002]]","[{""research"": 0, ""code_review"": 0, ""doc_processing"": 0, ""monitoring"": 8}, {""research"": 0, ""code_review"": 8, ""doc_processing"": 0, ""monitoring"": 0}, {""research"": 0, ""code_review"": 0, ""doc_processing"": 0, ""monitoring"": 8}, {""research"": 8, ""code_review"": 0, ""doc_processing"": 0, ""monitoring"": 0}, {""research"": 0, ""code_review"": 0, ""doc_processing"": 1, ""monitoring"": 7}, {""research"": 0, ""code_review"": 2, ""doc_processing"": 0, ""monitoring"": 6}]","[1, 1, 1, 1, 2, 2]",0.0,0.1129035473048941,0.65,0.15472327047774617,0.10727827160052227,"{""COMPUTE"": 626, ""MEMORY"": 589, ""API_CREDITS"": 235, ""DATASET"": 296}","{""COMPUTE"": 482, ""MEMORY"": 453, ""API_CREDITS"": 181, ""DATASET"": 228}","{""COMPUTE"": 1.2987551867219918, ""MEMORY"": 1.3002207505518764, ""API_CREDITS"": 1.298342541436464, ""DATASET"": 1.2982456140350878}",4
dirichlet_0.1__moderate,dirichlet_0.1,0.1,moderate,1.3,2566648724,0183136d53505e98,7fb338752ddfee52,exact_pending_queue,"[[7.786803840897675e-06, 0.1711013279871443, 0.8288907518012668, 1.3340774803588e-07], [0.28212162605798524, 1.2487220427148197e-12, 0.0015834684777578298, 0.7162949054630082], [0.09013857100443085, 0.1811320099757679, 0.47700999755970885, 0.25171942146009246], [0.0030155382302795974, 0.0893417299818496, 0.9072370160995972, 0.0004057156882737535], [0.004090732599454993, 0.8624823218282954, 1.2666252331091464e-05, 0.13341427931991848], [0.0035284470523184283, 0.03133742273435953, 7.351643046789465e-19, 0.965134130213322]]","[{""research"": 0, ""code_review"": 1, ""doc_processing"": 7, ""monitoring"": 0}, {""research"": 2, ""code_review"": 0, ""doc_processing"": 0, ""monitoring"": 6}, {""research"": 1, ""code_review"": 3, ""doc_processing"": 2, ""monitoring"": 2}, {""research"": 0, ""code_review"": 2, ""doc_processing"": 6, ""monitoring"": 0}, {""research"": 0, ""code_review"": 7, ""doc_processing"": 0, ""monitoring"": 1}, {""research"": 0, ""code_review"": 1, ""doc_processing"": 0, ""monitoring"": 7}]","[2, 2, 4, 2, 2, 2]",0.16666666666666666,0.4299073867288851,0.6833333333333333,0.13763442061722564,0.09310640931057136,"{""COMPUTE"": 700, ""MEMORY"": 583, ""API_CREDITS"": 301, ""DATASET"": 152}","{""COMPUTE"": 538, ""MEMORY"": 448, ""API_CREDITS"": 232, ""DATASET"": 117}","{""COMPUTE"": 1.3011152416356877, ""MEMORY"": 1.3013392857142858, ""API_CREDITS"": 1.2974137931034482, ""DATASET"": 1.2991452991452992}",4
dirichlet_0.1__moderate,dirichlet_0.1,0.1,moderate,1.3,2568720644,174ab3f5ab94ecfc,936eb4e086537937,exact_pending_queue,"[[0.009681249802281813, 0.48134112641591104, 0.13903784231876937, 0.36993978146303774], [2.929521412127818e-07, 0.13248320778684405, 0.8675164924111222, 6.849892584916909e-09], [0.0056196534453390725, 0.9910065866349038, 0.0014290421086128426, 0.001944717811144215], [3.1771246158374908e-06, 0.9999824867709404, 1.4335947383490451e-05, 1.5706025815885782e-10], [2.4559121137679703e-13, 0.8161574620479791, 1.8887116785772068e-06, 0.18384064924009672], [7.237217231438225e-11, 0.9725271710095585, 9.27282672637938e-12, 0.027472828908796425]]","[{""research"": 0, ""code_review"": 4, ""doc_processing"": 1, ""monitoring"": 3}, {""research"": 0, ""code_review"": 1, ""doc_processing"": 7, ""monitoring"": 0}, {""research"": 0, ""code_review"": 8, ""doc_processing"": 0, ""monitoring"": 0}, {""research"": 0, ""code_review"": 8, ""doc_processing"": 0, ""monitoring"": 0}, {""research"": 0, ""code_review"": 8, ""doc_processing"": 0, ""monitoring"": 0}, {""research"": 0, ""code_review"": 8, ""doc_processing"": 0, ""monitoring"": 0}]","[3, 2, 1, 1, 1, 1]",0.0,0.16243362545243023,0.4166666666666667,0.04790790790790791,0.035435435435435425,"{""COMPUTE"": 570, ""MEMORY"": 451, ""API_CREDITS"": 305, ""DATASET"": 24}","{""COMPUTE"": 438, ""MEMORY"": 347, ""API_CREDITS"": 235, ""DATASET"": 18}","{""COMPUTE"": 1.3013698630136987, ""MEMORY"": 1.2997118155619596, ""API_CREDITS"": 1.297872340425532, ""DATASET"": 1.3333333333333333}",4
dirichlet_0.1__moderate,dirichlet_0.1,0.1,moderate,1.3,2577147738,ac4b3a787b3ac9a9,fe4294866c3ef839,exact_pending_queue,"[[0.019294567228850396, 0.003616493507424466, 0.9631663637736176, 0.013922575490107518], [5.388911670395202e-06, 3.7923338804894974e-08, 0.9999945622678826, 1.0897108063252067e-08], [0.5611198327779378, 0.0011718184252933507, 0.43696588207959336, 0.0007424667171755611], [1.8520494379497669e-07, 0.5711789155010389, 4.990696078407422e-11, 0.42882089924411027], [3.74725195345373e-05, 0.09312255013024011, 0.906508173792452, 0.00033180355777317734], [0.0006322797207508543, 0.9035959734686501, 0.04037315625945795, 0.05539859055114118]]","[{""research"": 0, ""code_review"": 0, ""doc_processing"": 8, ""monitoring"": 0}, {""research"": 0, ""code_review"": 0, ""doc_processing"": 8, ""monitoring"": 0}, {""research"": 5, ""code_review"": 0, ""doc_processing"": 3, ""monitoring"": 0}, {""research"": 0, ""code_review"": 3, ""doc_processing"": 0, ""monitoring"": 5}, {""research"": 0, ""code_review"": 1, ""doc_processing"": 7, ""monitoring"": 0}, {""research"": 0, ""code_review"": 6, ""doc_processing"": 1, ""monitoring"": 1}]","[1, 1, 2, 2, 2, 3]",0.0,0.29280921445905495,0.6583333333333333,0.08693390592881918,0.05929642779779354,"{""COMPUTE"": 912, ""MEMORY"": 711, ""API_CREDITS"": 421, ""DATASET"": 88}","{""COMPUTE"": 702, ""MEMORY"": 547, ""API_CREDITS"": 324, ""DATASET"": 68}","{""COMPUTE"": 1.2991452991452992, ""MEMORY"": 1.29981718464351, ""API_CREDITS"": 1.2993827160493827, ""DATASET"": 1.2941176470588236}",4
dirichlet_0.1__moderate,dirichlet_0.1,0.1,moderate,1.3,2598968052,33727290686f8e93,3eacb357d6891680,exact_pending_queue,"[[0.03003260488244832, 0.9249994912743456, 0.04344741909771361, 0.0015204847454925415], [4.6954228880057514e-07, 1.8188364843133913e-08, 0.8742537856330765, 0.12574572663626984], [7.367125763893352e-14, 0.00019293763259991298, 0.05687000487482739, 0.942937057492499], [0.0026187533981582214, 0.032159134206739125, 2.519667830016183e-12, 0.9652221123925829], [3.513504954301725e-09, 1.9922338807135162e-05, 4.4238102306646495e-07, 0.9999796317666649], [0.9984455067322271, 2.0731337895052507e-07, 0.001467518171768114, 8.676778262578969e-05]]","[{""research"": 0, ""code_review"": 8, ""doc_processing"": 0, ""monitoring"": 0}, {""research"": 0, ""code_review"": 0, ""doc_processing"": 7, ""monitoring"": 1}, {""research"": 0, ""code_review"": 0, ""doc_processing"": 1, ""monitoring"": 7}, {""research"": 0, ""code_review"": 0, ""doc_processing"": 0, ""monitoring"": 8}, {""research"": 0, ""code_review"": 0, ""doc_processing"": 0, ""monitoring"": 8}, {""research"": 8, ""code_review"": 0, ""doc_processing"": 0, ""monitoring"": 0}]","[1, 2, 2, 1, 1, 1]",0.0,0.0905940738665994,0.7833333333333333,0.18005916535222324,0.1307512265805564,"{""COMPUTE"": 720, ""MEMORY"": 640, ""API_CREDITS"": 288, ""DATASET"": 256}","{""COMPUTE"": 554, ""MEMORY"": 492, ""API_CREDITS"": 222, ""DATASET"": 197}","{""COMPUTE"": 1.2996389891696751, ""MEMORY"": 1.3008130081300813, ""API_CREDITS"": 1.2972972972972974, ""DATASET"": 1.299492385786802}",4
dirichlet_0.1__moderate,dirichlet_0.1,0.1,moderate,1.3,2600011987,f16701c7d1693a0f,d668cd851d06f179,exact_pending_queue,"[[2.1171305719415776e-06, 1.655292606509462e-06, 1.1077674241631618e-12, 0.9999962275757137], [3.985824853193007e-11, 0.8786070457430096, 0.12139292319163628, 3.1025495802123516e-08], [5.997197536581313e-07, 4.989722532125713e-08, 0.9938074848158184, 0.006191865567202674], [0.00029402592898035255, 0.017470893696909635, 0.0003877131752149217, 0.9818473671988951], [0.33200050013872445, 5.757985618933756e-06, 0.12529604585210558, 0.5426976960235511], [0.5137531550685797, 0.0007452895797186467, 7.70709457495611e-18, 0.48550155535170175]]","[{""research"": 0, ""code_review"": 0, ""doc_processing"": 0, ""monitoring"": 8}, {""research"": 0, ""code_review"": 8, ""doc_processing"": 0, ""monitoring"": 0}, {""research"": 0, ""code_review"": 0, ""doc_processing"": 8, ""monitoring"": 0}, {""research"": 0, ""code_review"": 0, ""doc_processing"": 0, ""monitoring"": 8}, {""research"": 3, ""code_review"": 0, ""doc_processing"": 1, ""monitoring"": 4}, {""research"": 1, ""code_review"": 0, ""doc_processing"": 0, ""monitoring"": 7}]","[1, 1, 1, 1, 3, 2]",0.0,0.16243362545243023,0.7,0.18098646723646725,0.12500890313390314,"{""COMPUTE"": 630, ""MEMORY"": 567, ""API_CREDITS"": 233, ""DATASET"": 248}","{""COMPUTE"": 485, ""MEMORY"": 436, ""API_CREDITS"": 179, ""DATASET"": 191}","{""COMPUTE"": 1.2989690721649485, ""MEMORY"": 1.3004587155963303, ""API_CREDITS"": 1.3016759776536313, ""DATASET"": 1.2984293193717278}",4
dirichlet_0.1__moderate,dirichlet_0.1,0.1,moderate,1.3,2652099947,4d3521bcc91c4ce3,fb00c3fc88ea9ebe,exact_pending_queue,"[[0.0016417714413702305, 0.1830727490068422, 0.786810592199521, 0.028474887352266463], [0.8381664121148211, 0.15228284643926565, 1.4957142328233344e-05, 0.009535784303584984], [0.5156611397674057, 0.30648220534641424, 0.177845657961949, 1.099692423099629e-05], [1.4718014650156146e-06, 0.0021272878876929953, 0.4973852383582819, 0.5004860019525602], [0.0001011338186022187, 0.0627735804531949, 0.8880667609654644, 0.04905852476273854], [4.504681425964899e-15, 0.9999999961542757, 4.5826001408533894e-20, 3.845719715323377e-09]]","[{""research"": 0, ""code_review"": 2, ""doc_processing"": 6, ""monitoring"": 0}, {""research"": 7, ""code_review"": 1, ""doc_processing"": 0, ""monitoring"": 0}, {""research"": 3, ""code_review"": 3, ""doc_processing"": 2, ""monitoring"": 0}, {""research"": 0, ""code_review"": 0, ""doc_processing"": 4, ""monitoring"": 4}, {""research"": 0, ""code_review"": 1, ""doc_processing"": 6, ""monitoring"": 1}, {""research"": 0, ""code_review"": 8, ""doc_processing"": 0, ""monitoring"": 0}]","[2, 2, 3, 2, 3, 1]",0.0,0.4147832347147496,0.6833333333333333,0.06352869961043037,0.040343792717590775,"{""COMPUTE"": 926, ""MEMORY"": 743, ""API_CREDITS"": 445, ""DATASET"": 120}","{""COMPUTE"": 712, ""MEMORY"": 572, ""API_CREDITS"": 342, ""DATASET"": 92}","{""COMPUTE"": 1.300561797752809, ""MEMORY"": 1.298951048951049, ""API_CREDITS"": 1.3011695906432748, ""DATASET"": 1.3043478260869565}",4
dirichlet_0.1__moderate,dirichlet_0.1,0.1,moderate,1.3,2677882682,21ab65189f0b295e,e81099e9a671cb87,exact_pending_queue,"[[0.9996119436238748, 0.00016071394398123106, 5.043017040888927e-18, 0.0002273424321438954], [0.5942607682185705, 6.532122075761121e-09, 0.39640184871807027, 0.009337376531237314], [2.7366330940857805e-06, 1.2259987811795723e-07, 0.9937822454522817, 0.0062148953147461335], [0.003985939671948043, 0.00042767212310835265, 6.529682033934053e-07, 0.9955857352367403], [0.5912043742222738, 0.04036597532261436, 0.012584064746498053, 0.3558455857086138], [0.9992397400184374, 1.7706840605437484e-05, 6.113996421927232e-06, 0.0007364391445353634]]","[{""research"": 8, ""code_review"": 0, ""doc_processing"": 0, ""monitoring"": 0}, {""research"": 6, ""code_review"": 0, ""doc_processing"": 2, ""monitoring"": 0}, {""research"": 0, ""code_review"": 0, ""doc_processing"": 8, ""monitoring"": 0}, {""research"": 0, ""code_review"": 0, ""doc_processing"": 0, ""monitoring"": 8}, {""research"": 3, ""code_review"": 0, ""doc_processing"": 0, ""monitoring"": 5}, {""research"": 8, ""code_review"": 0, ""doc_processing"": 0, ""monitoring"": 0}]","[1, 2, 1, 1, 2, 1]",0.0,0.14714267728200817,0.7,0.12571616201057823,0.08014693991851352,"{""COMPUTE"": 1174, ""MEMORY"": 1002, ""API_CREDITS"": 538, ""DATASET"": 304}","{""COMPUTE"": 903, ""MEMORY"": 771, ""API_CREDITS"": 414, ""DATASET"": 234}","{""COMPUTE"": 1.300110741971207, ""MEMORY"": 1.2996108949416343, ""API_CREDITS"": 1.2995169082125604, ""DATASET"": 1.2991452991452992}",4
dirichlet_0.1__moderate,dirichlet_0.1,0.1,moderate,1.3,2714253060,ea0f3af753f4b4a4,db51ad9b1b5fed30,exact_pending_queue,"[[0.38374908557086507, 0.6161980540487021, 5.284214379697824e-05, 1.8236636001913768e-08], [0.02617706997310277, 0.9679832593767669, 0.005839670650124231, 6.230147431865963e-15], [2.7726657808913976e-16, 0.9022434635913459, 0.0931958382535568, 0.004560698155096897], [0.11177537550941143, 0.40387096961873015, 0.05453974810454666, 0.4298139067673119], [0.18759112854252494, 4.41071150772634e-11, 0.00016462662032275366, 0.8122442447930452], [0.5880525122240121, 0.07828896255714596, 0.29164819229996036, 0.042010332918881704]]","[{""research"": 3, ""code_review"": 5, ""doc_processing"": 0, ""monitoring"": 0}, {""research"": 0, ""code_review"": 8, ""doc_processing"": 0, ""monitoring"": 0}, {""research"": 0, ""code_review"": 6, ""doc_processing"": 1, ""monitoring"": 1}, {""research"": 0, ""code_review"": 3, ""doc_processing"": 1, ""monitoring"": 4}, {""research"": 1, ""code_review"": 0, ""doc_processing"": 0, ""monitoring"": 7}, {""research"": 7, ""code_review"": 0, ""doc_processing"": 1, ""monitoring"": 0}]","[2, 1, 3, 3, 2, 2]",0.0,0.3757066730010714,0.675,0.10607358624829887,0.06751815932504186,"{""COMPUTE"": 756, ""MEMORY"": 651, ""API_CREDITS"": 361, ""DATASET"": 184}","{""COMPUTE"": 582, ""MEMORY"": 501, ""API_CREDITS"": 278, ""DATASET"": 142}","{""COMPUTE"": 1.2989690721649485, ""MEMORY"": 1.2994011976047903, ""API_CREDITS"": 1.2985611510791366, ""DATASET"": 1.295774647887324}",4
dirichlet_0.1__moderate,dirichlet_0.1,0.1,moderate,1.3,2730197715,682e1807f37b52f8,5b341b3a4693240e,exact_pending_queue,"[[0.03707270024908438, 5.637151015368063e-05, 2.05351189459226e-06, 0.9628688747288674], [1.7542002188656832e-08, 0.9950522471888724, 0.0037291673043194275, 0.0012185679648059873], [0.2055718666359388, 0.7944252847293294, 1.7749572455510446e-08, 2.8308851593666394e-06], [0.00038133803012744085, 0.3413104223644881, 0.08559028975904517, 0.5727179498463392], [4.777870954041734e-09, 8.011562450562092e-06, 0.9998477053850908, 0.00014427827458776807], [0.6858251448154135, 2.3789941059497464e-06, 0.014932831292058982, 0.29923964489842136]]","[{""research"": 0, ""code_review"": 0, ""doc_processing"": 0, ""monitoring"": 8}, {""research"": 0, ""code_review"": 8, ""doc_processing"": 0, ""monitoring"": 0}, {""research"": 2, ""code_review"": 6, ""doc_processing"": 0, ""monitoring"": 0}, {""research"": 0, ""code_review"": 4, ""doc_processing"": 0, ""monitoring"": 4}, {""research"": 0, ""code_review"": 0, ""doc_processing"": 8, ""monitoring"": 0}, {""research"": 5, ""code_review"": 0, ""doc_processing"": 0, ""monitoring"": 3}]","[1, 1, 2, 2, 1, 2]",0.0,0.23047601061534148,0.7833333333333333,0.14904910404910407,0.09425018081268083,"{""COMPUTE"": 714, ""MEMORY"": 610, ""API_CREDITS"": 322, ""DATASET"": 176}","{""COMPUTE"": 549, ""MEMORY"": 469, ""API_CREDITS"": 248, ""DATASET"": 135}","{""COMPUTE"": 1.3005464480874316, ""MEMORY"": 1.300639658848614, ""API_CREDITS"": 1.2983870967741935, ""DATASET"": 1.3037037037037038}",4
dirichlet_0.1__moderate,dirichlet_0.1,0.1,moderate,1.3,2735928750,ce1765d745e91514,23cb66810ae49546,exact_pending_queue,"[[0.2909844418474882, 0.13391771363131336, 3.0624643158240668e-09, 0.5750978414587342], [0.986724144173469, 0.013275808969760173, 4.5345150884198895e-08, 1.5116200459700048e-09], [0.5670899280293977, 0.010132822021724332, 0.16733064558671934, 0.2554466043621587], [0.12185603390396822, 2.6646397797690956e-06, 0.876223120409902, 0.0019181810463501099], [0.0006595836769103415, 0.005997154759403841, 0.9755570975252873, 0.017786164038398767], [1.208834423089445e-06, 1.707202027536622e-14, 0.9867727755147787, 0.013226015650781226]]","[{""research"": 4, ""code_review"": 0, ""doc_processing"": 0, ""monitoring"": 4}, {""research"": 8, ""code_review"": 0, ""doc_processing"": 0, ""monitoring"": 0}, {""research"": 5, ""code_review"": 0, ""doc_processing"": 1, ""monitoring"": 2}, {""research"": 1, ""code_review"": 0, ""doc_processing"": 7, ""monitoring"": 0}, {""research"": 0, ""code_review"": 0, ""doc_processing"": 8, ""monitoring"": 0}, {""research"": 0, ""code_review"": 0, ""doc_processing"": 8, ""monitoring"": 0}]","[2, 1, 3, 2, 1, 1]",0.0,0.2368632819912496,0.6416666666666667,0.07288457230363884,0.05304249323200002,"{""COMPUTE"": 1188, ""MEMORY"": 960, ""API_CREDITS"": 552, ""DATASET"": 192}","{""COMPUTE"": 914, ""MEMORY"": 738, ""API_CREDITS"": 425, ""DATASET"": 148}","{""COMPUTE"": 1.299781181619256, ""MEMORY"": 1.3008130081300813, ""API_CREDITS"": 1.2988235294117647, ""DATASET"": 1.2972972972972974}",4
dirichlet_0.1__moderate,dirichlet_0.1,0.1,moderate,1.3,2736850591,158af3776ad2d09f,2832bf50e45b7ea5,exact_pending_queue,"[[9.190520528795063e-05, 0.3512762572651266, 1.8615785287380382e-08, 0.6486318189138002], [6.175381619079046e-06, 0.999438363022318, 0.0004093408011387625, 0.00014612079492402726], [0.43687470769811093, 0.4985663711343005, 0.06346384888269256, 0.0010950722848959448], [0.0001489719098440303, 4.5574689926568863e-07, 0.9998505718601747, 4.830820036291629e-10], [0.45494456024280455, 0.5449905481731833, 4.760814244055895e-08, 6.48439758696846e-05], [0.568032530267587, 0.06444446727099847, 0.3675230024613329, 8.163030384037969e-14]]","[{""research"": 0, ""code_review"": 2, ""doc_processing"": 0, ""monitoring"": 6}, {""research"": 0, ""code_review"": 8, ""doc_processing"": 0, ""monitoring"": 0}, {""research"": 4, ""code_review"": 4, ""doc_processing"": 0, ""monitoring"": 0}, {""research"": 0, ""code_review"": 0, ""doc_processing"": 8, ""monitoring"": 0}, {""research"": 5, ""code_review"": 3, ""doc_processing"": 0, ""monitoring"": 0}, {""research"": 6, ""code_review"": 0, ""doc_processing"": 2, ""monitoring"": 0}]","[2, 1, 2, 1, 2, 2]",0.0,0.2980825209869359,0.7416666666666667,0.1017800469546793,0.058503479516806726,"{""COMPUTE"": 948, ""MEMORY"": 785, ""API_CREDITS"": 463, ""DATASET"": 168}","{""COMPUTE"": 729, ""MEMORY"": 604, ""API_CREDITS"": 356, ""DATASET"": 129}","{""COMPUTE"": 1.300411522633745, ""MEMORY"": 1.2996688741721854, ""API_CREDITS"": 1.300561797752809, ""DATASET"": 1.302325581395349}",4
dirichlet_0.1__moderate,dirichlet_0.1,0.1,moderate,1.3,2792985194,5c885970dd6aed12,7732abceaac33b63,exact_pending_queue,"[[0.0006229198372515583, 0.2061402658164108, 2.8049139450914737e-06, 0.7932340094323925], [0.9073457479345567, 9.638061726642571e-07, 0.010658652472067603, 0.08199463578720301], [1.1643882760832825e-06, 6.471204079999952e-06, 0.7860924514771236, 0.21389991293052024], [0.8342494163006474, 0.16575057696181766, 6.737534882694462e-09, 9.655526445897915e-20], [0.9628458733367352, 0.0030434610554164114, 0.0336166842305387, 0.0004939813773096926], [0.0037706418549060664, 1.3048065085774136e-05, 0.019433371860611757, 0.9767829382193963]]","[{""research"": 0, ""code_review"": 2, ""doc_processing"": 0, ""monitoring"": 6}, {""research"": 6, ""code_review"": 0, ""doc_processing"": 0, ""monitoring"": 2}, {""research"": 0, ""code_review"": 0, ""doc_processing"": 7, ""monitoring"": 1}, {""research"": 6, ""code_review"": 2, ""doc_processing"": 0, ""monitoring"": 0}, {""research"": 8, ""code_review"": 0, ""doc_processing"": 0, ""monitoring"": 0}, {""research"": 0, ""code_review"": 0, ""doc_processing"": 1, ""monitoring"": 7}]","[2, 2, 2, 2, 1, 2]",0.0,0.29341360498138264,0.7166666666666667,0.11265789417460739,0.07771043301914017,"{""COMPUTE"": 1024, ""MEMORY"": 884, ""API_CREDITS"": 460, ""DATASET"": 288}","{""COMPUTE"": 788, ""MEMORY"": 680, ""API_CREDITS"": 354, ""DATASET"": 222}","{""COMPUTE"": 1.299492385786802, ""MEMORY"": 1.3, ""API_CREDITS"": 1.2994350282485876, ""DATASET"": 1.2972972972972974}",4
dirichlet_0.1__moderate,dirichlet_0.1,0.1,moderate,1.3,2810498306,94c62ef9252e78f5,0c1cdc0a24cf5057,exact_pending_queue,"[[0.7513603762160819, 2.887722630769026e-05, 3.6111004067088834e-07, 0.24861038544756983], [0.10490540848395084, 2.041195466934828e-15, 0.004625289535431556, 0.8904693019806156], [0.3142723984661098, 0.0171267548985585, 0.05528534509719913, 0.6133155015381325], [0.10526961472676324, 0.8935182466969306, 0.0012121385763061863, 3.737458291348391e-18], [0.13799868130109025, 0.8617622854484519, 1.3230128927815914e-06, 0.00023771023756517662], [1.5393173577724243e-10, 1.6305005291140624e-05, 0.008393985534959111, 0.9915897093058181]]","[{""research"": 5, ""code_review"": 0, ""doc_processing"": 0, ""monitoring"": 3}, {""research"": 0, ""code_review"": 0, ""doc_processing"": 0, ""monitoring"": 8}, {""research"": 4, ""code_review"": 0, ""doc_processing"": 0, ""monitoring"": 4}, {""research"": 1, ""code_review"": 7, ""doc_processing"": 0, ""monitoring"": 0}, {""research"": 0, ""code_review"": 8, ""doc_processing"": 0, ""monitoring"": 0}, {""research"": 0, ""code_review"": 0, ""doc_processing"": 0, ""monitoring"": 8}]","[2, 1, 2, 2, 1, 1]",0.0,0.20816653717704678,0.6833333333333333,0.16632891024338392,0.10994304065850118,"{""COMPUTE"": 674, ""MEMORY"": 617, ""API_CREDITS"": 283, ""DATASET"": 264}","{""COMPUTE"": 518, ""MEMORY"": 475, ""API_CREDITS"": 218, ""DATASET"": 203}","{""COMPUTE"": 1.3011583011583012, ""MEMORY"": 1.2989473684210526, ""API_CREDITS"": 1.298165137614679, ""DATASET"": 1.3004926108374384}",4
dirichlet_0.1__moderate,dirichlet_0.1,0.1,moderate,1.3,2817000645,d1be6b8e8b2c2a06,3b4d340577c05608,exact_pending_queue,"[[0.01059471438577827, 0.8052671225340887, 0.18413785427440096, 3.088057320927331e-07], [0.7498160708200059, 0.05280905155762378, 0.19737487762236075, 9.499751936143244e-15], [4.4626725465548253e-05, 0.9409717199608296, 0.05898362899970843, 2.4313996360061233e-08], [0.7907893541174189, 3.4559429739753624e-06, 0.10375511548207163, 0.10545207445753542], [0.3633393958235698, 1.1856192292244437e-06, 0.017050096612149564, 0.6196093219450514], [0.004132400426617382, 0.0274814020625552, 0.002178487842166414, 0.966207709668661]]","[{""research"": 0, ""code_review"": 8, ""doc_processing"": 0, ""monitoring"": 0}, {""research"": 8, ""code_review"": 0, ""doc_processing"": 0, ""monitoring"": 0}, {""research"": 0, ""code_review"": 8, ""doc_processing"": 0, ""monitoring"": 0}, {""research"": 6, ""code_review"": 0, ""doc_processing"": 0, ""monitoring"": 2}, {""research"": 3, ""code_review"": 0, ""doc_processing"": 0, ""monitoring"": 5}, {""research"": 0, ""code_review"": 0, ""doc_processing"": 0, ""monitoring"": 8}]","[1, 1, 1, 2, 2, 1]",0.0,0.14714267728200817,0.7583333333333333,0.1418698741987732,0.0860128492326987,"{""COMPUTE"": 858, ""MEMORY"": 756, ""API_CREDITS"": 400, ""DATASET"": 256}","{""COMPUTE"": 660, ""MEMORY"": 582, ""API_CREDITS"": 308, ""DATASET"": 197}","{""COMPUTE"": 1.3, ""MEMORY"": 1.2989690721649485, ""API_CREDITS"": 1.2987012987012987, ""DATASET"": 1.299492385786802}",4
dirichlet_0.1__moderate,dirichlet_0.1,0.1,moderate,1.3,2825972968,eeb589c88892dd3f,853efc42a1961663,exact_pending_queue,"[[0.9967824120805027, 0.0023840865584892888, 0.0008335013609158987, 9.2101761628667e-14], [0.02430295149792863, 0.005107876920522292, 0.9705885811899148, 5.903916344967413e-07], [0.8490249530099827, 0.07812870208230645, 0.07276838262856024, 7.796227915063774e-05], [0.009649873957995492, 0.6522992611083378, 0.15901826120215817, 0.17903260373150856], [0.731614729209614, 0.14098339962216758, 0.12740131433441432, 5.568338041754335e-07], [0.8430719576950064, 0.14013477821073425, 4.222727509251336e-06, 0.01678904136674998]]","[{""research"": 8, ""code_review"": 0, ""doc_processing"": 0, ""monitoring"": 0}, {""research"": 0, ""code_review"": 0, ""doc_processing"": 8, ""monitoring"": 0}, {""research"": 7, ""code_review"": 1, ""doc_processing"": 0, ""monitoring"": 0}, {""research"": 0, ""code_review"": 5, ""doc_processing"": 3, ""monitoring"": 0}, {""research"": 6, ""code_review"": 0, ""doc_processing"": 2, ""monitoring"": 0}, {""research"": 7, ""code_review"": 1, ""doc_processing"": 0, ""monitoring"": 0}]","[1, 1, 2, 2, 2, 2]",0.0,0.23773675114860757,0.5916666666666667,0.04977078477078476,0.03809246309246309,"{""COMPUTE"": 1308, ""MEMORY"": 1076, ""API_CREDITS"": 648, ""DATASET"": 224}","{""COMPUTE"": 1006, ""MEMORY"": 828, ""API_CREDITS"": 498, ""DATASET"": 172}","{""COMPUTE"": 1.3001988071570576, ""MEMORY"": 1.2995169082125604, ""API_CREDITS"": 1.3012048192771084, ""DATASET"": 1.302325581395349}",4
dirichlet_0.1__moderate,dirichlet_0.1,0.1,moderate,1.3,2843249206,973a4295be56be33,1cc7c28b366933fa,exact_pending_queue,"[[0.9695711932587375, 0.029233955544089203, 0.0011948511971731366, 1.1136366547615576e-16], [0.001665372532838046, 0.9950005295267376, 0.003256501147178178, 7.75967932462786e-05], [0.9292368583866342, 1.170421737407412e-05, 0.06714201728955653, 0.003609420106435396], [8.21393354533904e-06, 0.953705557441972, 0.046286226862403156, 1.7620794310825027e-09], [0.8303774188125631, 0.01859173594606827, 2.8725013640898886e-05, 0.1510021202277278], [0.7995517603913649, 4.972988163400191e-08, 0.0004955371918448838, 0.1999526526869087]]","[{""research"": 7, ""code_review"": 1, ""doc_processing"": 0, ""monitoring"": 0}, {""research"": 0, ""code_review"": 8, ""doc_processing"": 0, ""monitoring"": 0}, {""research"": 8, ""code_review"": 0, ""doc_processing"": 0, ""monitoring"": 0}, {""research"": 0, ""code_review"": 8, ""doc_processing"": 0, ""monitoring"": 0}, {""research"": 8, ""code_review"": 0, ""doc_processing"": 0, ""monitoring"": 0}, {""research"": 7, ""code_review"": 0, ""doc_processing"": 0, ""monitoring"": 1}]","[2, 1, 1, 1, 1, 2]",0.0,0.0905940738665994,0.5583333333333333,0.05176363518361182,0.0410007394820479,"{""COMPUTE"": 1198, ""MEMORY"": 1015, ""API_CREDITS"": 613, ""DATASET"": 248}","{""COMPUTE"": 922, ""MEMORY"": 781, ""API_CREDITS"": 472, ""DATASET"": 191}","{""COMPUTE"": 1.299349240780911, ""MEMORY"": 1.2996158770806658, ""API_CREDITS"": 1.298728813559322, ""DATASET"": 1.2984293193717278}",4
dirichlet_0.1__moderate,dirichlet_0.1,0.1,moderate,1.3,2870079691,b1d72667ddd3e453,becfa381665eab0a,exact_pending_queue,"[[0.8001031967342964, 4.739901895184055e-11, 0.02401738268495979, 0.17587942053334474], [0.8527609099485797, 1.295826902010754e-08, 0.14723907696203925, 1.311119838134182e-10], [2.0377270957400507e-06, 5.737348932796502e-10, 0.9999979437434054, 1.795576397222373e-08], [0.002129558536321158, 0.06310599659744638, 7.521126415098145e-05, 0.9346892336020813], [0.004759470920453624, 0.992188888520854, 0.003051512129752426, 1.2842894007358536e-07], [0.4513604806157436, 0.04332240312976172, 0.27113760811924703, 0.23417950813524774]]","[{""research"": 8, ""code_review"": 0, ""doc_processing"": 0, ""monitoring"": 0}, {""research"": 7, ""code_review"": 0, ""doc_processing"": 1, ""monitoring"": 0}, {""research"": 0, ""code_review"": 0, ""doc_processing"": 8, ""monitoring"": 0}, {""research"": 0, ""code_review"": 0, ""doc_processing"": 0, ""monitoring"": 8}, {""research"": 0, ""code_review"": 8, ""doc_processing"": 0, ""monitoring"": 0}, {""research"": 3, ""code_review"": 1, ""doc_processing"": 2, ""monitoring"": 2}]","[1, 2, 1, 1, 1, 4]",0.16666666666666666,0.2041002921190969,0.8333333333333334,0.1300621424557536,0.0758316067603677,"{""COMPUTE"": 1024, ""MEMORY"": 860, ""API_CREDITS"": 480, ""DATASET"": 224}","{""COMPUTE"": 788, ""MEMORY"": 662, ""API_CREDITS"": 369, ""DATASET"": 172}","{""COMPUTE"": 1.299492385786802, ""MEMORY"": 1.299093655589124, ""API_CREDITS"": 1.3008130081300813, ""DATASET"": 1.302325581395349}",4
dirichlet_0.1__moderate,dirichlet_0.1,0.1,moderate,1.3,2882304442,84a0163605792ae5,b303520637311198,exact_pending_queue,"[[1.2497981373787584e-05, 1.8873487822208482e-08, 0.17296951842565095, 0.8270179647194875], [3.946639731276413e-11, 0.43684459454093993, 0.2777352231459715, 0.2854201822736222], [0.10875955923882759, 0.00010443356148804983, 6.553368071609547e-07, 0.8911353518628773], [0.931413213415775, 0.00029758577983871114, 0.06777535382844443, 0.0005138469759419251], [0.01930656660759846, 0.09604862083864749, 3.434742320349301e-05, 0.8846104651305505], [0.0033009882824680597, 0.0007861232928212693, 0.9959128884247107, 8.887329842398349e-21]]","[{""research"": 0, ""code_review"": 0, ""doc_processing"": 3, ""monitoring"": 5}, {""research"": 0, ""code_review"": 3, ""doc_processing"": 3, ""monitoring"": 2}, {""research"": 0, ""code_review"": 0, ""doc_processing"": 0, ""monitoring"": 8}, {""research"": 8, ""code_review"": 0, ""doc_processing"": 0, ""monitoring"": 0}, {""research"": 0, ""code_review"": 0, ""doc_processing"": 0, ""monitoring"": 8}, {""research"": 0, ""code_review"": 0, ""doc_processing"": 8, ""monitoring"": 0}]","[2, 3, 1, 1, 1, 1]",0.0,0.20964267728200817,0.725,0.16397719770636207,0.1098634370062358,"{""COMPUTE"": 794, ""MEMORY"": 687, ""API_CREDITS"": 317, ""DATASET"": 248}","{""COMPUTE"": 611, ""MEMORY"": 528, ""API_CREDITS"": 244, ""DATASET"": 191}","{""COMPUTE"": 1.2995090016366613, ""MEMORY"": 1.3011363636363635, ""API_CREDITS"": 1.2991803278688525, ""DATASET"": 1.2984293193717278}",4
dirichlet_0.1__moderate,dirichlet_0.1,0.1,moderate,1.3,2891712906,2eee45d4bdea6dd8,f17149ca4e86859f,exact_pending_queue,"[[0.9721300727063742, 0.00728555617476073, 0.008728317215634137, 0.011856053903230879], [3.677789029820965e-10, 0.9968139786696742, 0.0018334071696664534, 0.0013526137928804591], [0.03745554567565147, 0.8842204076717204, 2.3784965633264527e-07, 0.07832380880297185], [0.9895968967030575, 6.618973755471616e-08, 0.010402639853705138, 3.97253499817033e-07], [0.5419856607385886, 2.9942707209268463e-06, 0.0032623654951750036, 0.4547489794955155], [0.48183822786800107, 0.5168469721233209, 0.001301463103445433, 1.3336905232693496e-05]]","[{""research"": 8, ""code_review"": 0, ""doc_processing"": 0, ""monitoring"": 0}, {""research"": 0, ""code_review"": 8, ""doc_processing"": 0, ""monitoring"": 0}, {""research"": 2, ""code_review"": 6, ""doc_processing"": 0, ""monitoring"": 0}, {""research"": 8, ""code_review"": 0, ""doc_processing"": 0, ""monitoring"": 0}, {""research"": 8, ""code_review"": 0, ""doc_processing"": 0, ""monitoring"": 0}, {""research"": 7, ""code_review"": 1, ""doc_processing"": 0, ""monitoring"": 0}]","[1, 1, 2, 1, 1, 2]",0.0,0.1129035473048941,0.49166666666666664,0.03871212121212122,0.02891414141414142,"{""COMPUTE"": 1272, ""MEMORY"": 1077, ""API_CREDITS"": 651, ""DATASET"": 264}","{""COMPUTE"": 978, ""MEMORY"": 828, ""API_CREDITS"": 501, ""DATASET"": 203}","{""COMPUTE"": 1.3006134969325154, ""MEMORY"": 1.3007246376811594, ""API_CREDITS"": 1.2994011976047903, ""DATASET"": 1.3004926108374384}",4
dirichlet_0.1__moderate,dirichlet_0.1,0.1,moderate,1.3,2905932246,6933d467eb1b255f,0f8c9c441c49a195,exact_pending_queue,"[[0.9999996033038853, 3.672013984264987e-07, 2.9408101000634666e-08, 8.661532808940177e-11], [0.007343460912268899, 3.343516467930338e-12, 0.0010546218183529132, 0.9916019172660347], [0.0021073982018015255, 0.9965518386675347, 5.0316412455187965e-06, 0.0013357314894182446], [0.2336330071586879, 0.7663668168603833, 2.6734006963996933e-08, 1.4924692178809999e-07], [0.949805890701954, 0.013915923907771088, 0.026970043172715282, 0.009308142217559786], [0.0005860756474486352, 1.813629041299282e-05, 0.07834072687925744, 0.9210550611828809]]","[{""research"": 8, ""code_review"": 0, ""doc_processing"": 0, ""monitoring"": 0}, {""research"": 0, ""code_review"": 0, ""doc_processing"": 0, ""monitoring"": 8}, {""research"": 0, ""code_review"": 8, ""doc_processing"": 0, ""monitoring"": 0}, {""research"": 2, ""code_review"": 6, ""doc_processing"": 0, ""monitoring"": 0}, {""research"": 8, ""code_review"": 0, ""doc_processing"": 0, ""monitoring"": 0}, {""research"": 0, ""code_review"": 0, ""doc_processing"": 0, ""monitoring"": 8}]","[1, 1, 1, 2, 1, 1]",0.0,0.0676065103715944,0.7833333333333333,0.16222804972804974,0.11776579901579902,"{""COMPUTE"": 880, ""MEMORY"": 778, ""API_CREDITS"": 406, ""DATASET"": 272}","{""COMPUTE"": 677, ""MEMORY"": 598, ""API_CREDITS"": 312, ""DATASET"": 209}","{""COMPUTE"": 1.2998522895125555, ""MEMORY"": 1.3010033444816054, ""API_CREDITS"": 1.3012820512820513, ""DATASET"": 1.3014354066985645}",4
dirichlet_0.1__moderate,dirichlet_0.1,0.1,moderate,1.3,2942686094,9e293251f4f6733a,9db643fa7f0dd12e,exact_pending_queue,"[[0.8763567075314072, 0.06001744240959782, 0.02972311641419166, 0.033902733644803576], [0.006821418951453657, 0.41726473182261437, 0.5759138492259319, 4.730444469295269e-20], [0.00011782332928239254, 0.41145380818881233, 0.5884258634610141, 2.5050208912771625e-06], [0.019382859665232663, 0.9806124369354823, 2.0371809306628532e-14, 4.703399264684612e-06], [0.002651503234111286, 0.40066445520364274, 0.160462928995328, 0.43622111256691803], [0.06053999355061129, 0.005676464439165795, 0.9337835343956412, 7.61458166617892e-09]]","[{""research"": 7, ""code_review"": 1, ""doc_processing"": 0, ""monitoring"": 0}, {""research"": 0, ""code_review"": 3, ""doc_processing"": 5, ""monitoring"": 0}, {""research"": 0, ""code_review"": 5, ""doc_processing"": 3, ""monitoring"": 0}, {""research"": 0, ""code_review"": 8, ""doc_processing"": 0, ""monitoring"": 0}, {""research"": 0, ""code_review"": 3, ""doc_processing"": 1, ""monitoring"": 4}, {""research"": 1, ""code_review"": 0, ""doc_processing"": 7, ""monitoring"": 0}]","[2, 2, 2, 1, 3, 2]",0.0,0.3668029962065575,0.675,0.0749787967535609,0.05084723158131179,"{""COMPUTE"": 856, ""MEMORY"": 684, ""API_CREDITS"": 420, ""DATASET"": 96}","{""COMPUTE"": 658, ""MEMORY"": 526, ""API_CREDITS"": 323, ""DATASET"": 74}","{""COMPUTE"": 1.3009118541033435, ""MEMORY"": 1.3003802281368821, ""API_CREDITS"": 1.3003095975232197, ""DATASET"": 1.2972972972972974}",4
dirichlet_0.1__moderate,dirichlet_0.1,0.1,moderate,1.3,2956068456,41790403d2b10ba2,b04eb342cfca540d,exact_pending_queue,"[[2.4392991160678505e-05, 2.9136241841733686e-07, 0.3720299377611269, 0.627945377885294], [0.2021701340218667, 0.7549293983007405, 8.701417382577342e-10, 0.04290046680725136], [0.11146511619912992, 0.7596620625806833, 0.04938309816930422, 0.07948972305088259], [0.9711910670450236, 0.017125898176177403, 1.0072351066385774e-10, 0.011683034678075405], [0.040803681531798044, 1.4341868121788201e-05, 0.3109444017517521, 0.648237574848328], [0.003969247359708403, 0.9960293380376835, 1.267663097595205e-06, 1.4693951032964128e-07]]","[{""research"": 0, ""code_review"": 0, ""doc_processing"": 2, ""monitoring"": 6}, {""research"": 0, ""code_review"": 7, ""doc_processing"": 0, ""monitoring"": 1}, {""research"": 0, ""code_review"": 8, ""doc_processing"": 0, ""monitoring"": 0}, {""research"": 8, ""code_review"": 0, ""doc_processing"": 0, ""monitoring"": 0}, {""research"": 0, ""code_review"": 0, ""doc_processing"": 3, ""monitoring"": 5}, {""research"": 0, ""code_review"": 8, ""doc_processing"": 0, ""monitoring"": 0}]","[2, 2, 1, 1, 2, 1]",0.0,0.19243971421530784,0.7416666666666667,0.10040088561421996,0.06710846890224571,"{""COMPUTE"": 708, ""MEMORY"": 604, ""API_CREDITS"": 336, ""DATASET"": 160}","{""COMPUTE"": 545, ""MEMORY"": 465, ""API_CREDITS"": 258, ""DATASET"": 123}","{""COMPUTE"": 1.2990825688073395, ""MEMORY"": 1.2989247311827956, ""API_CREDITS"": 1.302325581395349, ""DATASET"": 1.3008130081300813}",4
dirichlet_0.1__moderate,dirichlet_0.1,0.1,moderate,1.3,2976004693,592d8ccfa0707379,1c654897a5563a37,exact_pending_queue,"[[0.8364135798055514, 2.513529747741019e-06, 0.036065578567974134, 0.12751832809672659], [3.519227357545048e-22, 1.6181816314099832e-13, 0.999969304791586, 3.0695208252222186e-05], [2.4489265476769985e-07, 1.9342572236066023e-08, 3.347455062083948e-11, 0.9999997357312984], [0.018604030892219205, 1.6541239617395504e-17, 0.8670947841284472, 0.11430118497933366], [0.004116263434982143, 0.9925778156460173, 0.0033045478735482907, 1.3730454521294312e-06], [0.005138535320208204, 0.7569263068408764, 4.1865378264309286e-18, 0.23793515783891547]]","[{""research"": 8, ""code_review"": 0, ""doc_processing"": 0, ""monitoring"": 0}, {""research"": 0, ""code_review"": 0, ""doc_processing"": 8, ""monitoring"": 0}, {""research"": 0, ""code_review"": 0, ""doc_processing"": 0, ""monitoring"": 8}, {""research"": 0, ""code_review"": 0, ""doc_processing"": 6, ""monitoring"": 2}, {""research"": 0, ""code_review"": 7, ""doc_processing"": 1, ""monitoring"": 0}, {""research"": 0, ""code_review"": 6, ""doc_processing"": 0, ""monitoring"": 2}]","[1, 1, 1, 2, 2, 2]",0.0,0.1805100576764885,0.8333333333333334,0.1323056593784885,0.08180472245014729,"{""COMPUTE"": 828, ""MEMORY"": 684, ""API_CREDITS"": 376, ""DATASET"": 160}","{""COMPUTE"": 637, ""MEMORY"": 526, ""API_CREDITS"": 289, ""DATASET"": 123}","{""COMPUTE"": 1.2998430141287285, ""MEMORY"": 1.3003802281368821, ""API_CREDITS"": 1.301038062283737, ""DATASET"": 1.3008130081300813}",4
dirichlet_0.1__moderate,dirichlet_0.1,0.1,moderate,1.3,3043575286,8d22b806e73a4d4b,978904046fef5e66,exact_pending_queue,"[[0.08609129397881446, 0.0020265382304125203, 0.911657212151683, 0.00022495563908997204], [0.8943138326608514, 4.991648985870648e-06, 0.1056811754433196, 2.4684309110125984e-10], [0.9930452788758539, 0.006954721034315064, 5.459489859154313e-11, 3.523613819696929e-11], [0.1591214348922519, 9.721041459924433e-06, 0.8408348652930263, 3.3978773261737585e-05], [0.8780451593102745, 0.09713661654425283, 0.024818201772049707, 2.2373423070121127e-08], [4.53213785862148e-08, 0.002410708307899063, 0.9974753313343693, 0.0001139150363530783]]","[{""research"": 0, ""code_review"": 0, ""doc_processing"": 8, ""monitoring"": 0}, {""research"": 7, ""code_review"": 0, ""doc_processing"": 1, ""monitoring"": 0}, {""research"": 8, ""code_review"": 0, ""doc_processing"": 0, ""monitoring"": 0}, {""research"": 1, ""code_review"": 0, ""doc_processing"": 7, ""monitoring"": 0}, {""research"": 6, ""code_review"": 2, ""doc_processing"": 0, ""monitoring"": 0}, {""research"": 0, ""code_review"": 0, ""doc_processing"": 8, ""monitoring"": 0}]","[1, 2, 1, 2, 2, 1]",0.0,0.1582005842381938,0.6083333333333333,0.051646685847640615,0.03995197485195212,"{""COMPUTE"": 1296, ""MEMORY"": 1038, ""API_CREDITS"": 626, ""DATASET"": 176}","{""COMPUTE"": 997, ""MEMORY"": 798, ""API_CREDITS"": 482, ""DATASET"": 135}","{""COMPUTE"": 1.299899699097292, ""MEMORY"": 1.300751879699248, ""API_CREDITS"": 1.2987551867219918, ""DATASET"": 1.3037037037037038}",4
dirichlet_0.1__moderate,dirichlet_0.1,0.1,moderate,1.3,3053626668,5d54b51dccbfad43,a09fb690716afe35,exact_pending_queue,"[[4.2864422734471994e-11, 0.9647505732945841, 1.1764525474091162e-05, 0.03523766213707733], [0.9914121035409091, 5.02334687783948e-05, 3.39822017751282e-07, 0.008537323168294777], [0.9353111353668513, 0.05749562901438269, 0.0013624619190884793, 0.005830773699677551], [0.004844785410333765, 0.00011079070036365638, 1.160021579410257e-07, 0.9950443078871446], [6.089842774972522e-06, 0.0409757796973092, 0.004862840052512596, 0.9541552904074032], [0.19972546010797643, 0.32792059634345805, 0.3335965970212338, 0.13875734652733193]]","[{""research"": 0, ""code_review"": 8, ""doc_processing"": 0, ""monitoring"": 0}, {""research"": 8, ""code_review"": 0, ""doc_processing"": 0, ""monitoring"": 0}, {""research"": 6, ""code_review"": 2, ""doc_processing"": 0, ""monitoring"": 0}, {""research"": 0, ""code_review"": 0, ""doc_processing"": 0, ""monitoring"": 8}, {""research"": 0, ""code_review"": 0, ""doc_processing"": 0, ""monitoring"": 8}, {""research"": 0, ""code_review"": 5, ""doc_processing"": 3, ""monitoring"": 0}]","[1, 1, 2, 1, 1, 2]",0.0,0.14714267728200817,0.8083333333333333,0.17392838642838637,0.12389655097988429,"{""COMPUTE"": 820, ""MEMORY"": 718, ""API_CREDITS"": 374, ""DATASET"": 240}","{""COMPUTE"": 631, ""MEMORY"": 552, ""API_CREDITS"": 288, ""DATASET"": 185}","{""COMPUTE"": 1.299524564183835, ""MEMORY"": 1.3007246376811594, ""API_CREDITS"": 1.2986111111111112, ""DATASET"": 1.2972972972972974}",4
dirichlet_0.1__moderate,dirichlet_0.1,0.1,moderate,1.3,3059548316,d27803f6200d7770,224ac7a8a4793f6f,exact_pending_queue,"[[0.801924817637128, 7.36346427103969e-07, 2.189994709737062e-05, 0.19805254606934786], [0.9906796314100403, 1.8207933076772578e-15, 3.245380967510884e-11, 0.009320368557503898], [8.093680614485848e-08, 1.6715077555264343e-05, 4.0914114843308366e-07, 0.9999827948444902], [0.9978068164170107, 2.610487284870132e-07, 0.0021929225342607597, 2.6838413081592696e-17], [6.147277492040859e-13, 0.017032147875130157, 0.9829678521051275, 1.9127617336781284e-11], [0.20970702966976615, 4.955137288218803e-08, 0.7900564718798322, 0.0002364488990289581]]","[{""research"": 5, ""code_review"": 0, ""doc_processing"": 0, ""monitoring"": 3}, {""research"": 8, ""code_review"": 0, ""doc_processing"": 0, ""monitoring"": 0}, {""research"": 0, ""code_review"": 0, ""doc_processing"": 0, ""monitoring"": 8}, {""research"": 8, ""code_review"": 0, ""doc_processing"": 0, ""monitoring"": 0}, {""research"": 0, ""code_review"": 0, ""doc_processing"": 8, ""monitoring"": 0}, {""research"": 2, ""code_review"": 0, ""doc_processing"": 6, ""monitoring"": 0}]","[2, 1, 1, 1, 1, 2]",0.0,0.14714267728200817,0.725,0.1256815515436205,0.07747874881495573,"{""COMPUTE"": 1178, ""MEMORY"": 990, ""API_CREDITS"": 542, ""DATASET"": 272}","{""COMPUTE"": 906, ""MEMORY"": 762, ""API_CREDITS"": 417, ""DATASET"": 209}","{""COMPUTE"": 1.3002207505518764, ""MEMORY"": 1.2992125984251968, ""API_CREDITS"": 1.2997601918465227, ""DATASET"": 1.3014354066985645}",4
dirichlet_0.1__moderate,dirichlet_0.1,0.1,moderate,1.3,3066518355,e498ab18f6348c60,c5e8e080abfd0973,exact_pending_queue,"[[0.5191403520352234, 0.2989469262829596, 0.01722923263420235, 0.16468348904761473], [0.3305872099136393, 0.6636824137430126, 0.004533154979067553, 0.0011972213642806877], [0.9772847100064251, 0.0035474394633000675, 0.019163880211885274, 3.970318389466439e-06], [0.0073313554041639075, 2.985324851792579e-05, 2.290383214302423e-06, 0.9926365009641039], [0.00011456746404241998, 2.212187663271519e-07, 0.0016240041362604962, 0.9982612071809308], [0.6391221788220283, 0.04470917489743133, 0.23798639703892507, 0.07818224924161535]]","[{""research"": 4, ""code_review"": 2, ""doc_processing"": 0, ""monitoring"": 2}, {""research"": 2, ""code_review"": 6, ""doc_processing"": 0, ""monitoring"": 0}, {""research"": 8, ""code_review"": 0, ""doc_processing"": 0, ""monitoring"": 0}, {""research"": 0, ""code_review"": 0, ""doc_processing"": 0, ""monitoring"": 8}, {""research"": 0, ""code_review"": 0, ""doc_processing"": 0, ""monitoring"": 8}, {""research"": 7, ""code_review"": 0, ""doc_processing"": 1, ""monitoring"": 0}]","[3, 2, 1, 1, 1, 2]",0.0,0.23790354730489413,0.7083333333333334,0.1402037996033891,0.10683003845321255,"{""COMPUTE"": 960, ""MEMORY"": 851, ""API_CREDITS"": 433, ""DATASET"": 312}","{""COMPUTE"": 738, ""MEMORY"": 655, ""API_CREDITS"": 333, ""DATASET"": 240}","{""COMPUTE"": 1.3008130081300813, ""MEMORY"": 1.299236641221374, ""API_CREDITS"": 1.3003003003003002, ""DATASET"": 1.3}",4
dirichlet_0.1__moderate,dirichlet_0.1,0.1,moderate,1.3,3104103606,b7b49e448ff5c544,c1af2fa471af29e9,exact_pending_queue,"[[0.07642290988833732, 7.730726846011745e-10, 0.9218427321415441, 0.0017343571970459286], [0.6669798818855955, 0.03579607074257059, 0.2972240382182947, 9.15353915859556e-09], [0.0001684274229072413, 0.00011073960269278393, 0.9997208259693934, 7.005006517412309e-09], [8.665601911079872e-16, 0.0094997693862354, 0.008485950525507052, 0.9820142800882566], [3.165830417929297e-11, 0.9999786493130157, 7.997525939204013e-08, 2.1270680066523194e-05], [7.964120091095421e-07, 0.9968412663229745, 1.831396926639526e-06, 0.0031561058680896477]]","[{""research"": 1, ""code_review"": 0, ""doc_processing"": 7, ""monitoring"": 0}, {""research"": 6, ""code_review"": 0, ""doc_processing"": 2, ""monitoring"": 0}, {""research"": 0, ""code_review"": 0, ""doc_processing"": 8, ""monitoring"": 0}, {""research"": 0, ""code_review"": 0, ""doc_processing"": 0, ""monitoring"": 8}, {""research"": 0, ""code_review"": 8, ""doc_processing"": 0, ""monitoring"": 0}, {""research"": 0, ""code_review"": 8, ""doc_processing"": 0, ""monitoring"": 0}]","[2, 2, 1, 1, 1, 1]",0.0,0.1129035473048941,0.8333333333333334,0.132865666827931,0.08708776810191905,"{""COMPUTE"": 836, ""MEMORY"": 675, ""API_CREDITS"": 393, ""DATASET"": 120}","{""COMPUTE"": 643, ""MEMORY"": 519, ""API_CREDITS"": 302, ""DATASET"": 92}","{""COMPUTE"": 1.3001555209953344, ""MEMORY"": 1.300578034682081, ""API_CREDITS"": 1.3013245033112584, ""DATASET"": 1.3043478260869565}",4
dirichlet_0.1__moderate,dirichlet_0.1,0.1,moderate,1.3,3166858978,b307827e1ab6c5ec,57745b4c03276a92,exact_pending_queue,"[[0.0030786503999919823, 0.7298338130814187, 0.03880472525191487, 0.22828281126667457], [1.1401261350505824e-06, 0.003242625246842871, 0.0002565774434899276, 0.9964996571835322], [0.039052983607483084, 5.470226744674316e-05, 0.9486752372365937, 0.012217076888476446], [8.58544417102732e-05, 0.10722291321223862, 0.8926912322621591, 8.389200440348459e-11], [1.6914835104379994e-05, 0.9998940248865, 2.014364991825501e-09, 8.905826403057716e-05], [0.07205575436235842, 5.5859722322195e-07, 0.5992822048133151, 0.3286614822271032]]","[{""research"": 0, ""code_review"": 4, ""doc_processing"": 2, ""monitoring"": 2}, {""research"": 0, ""code_review"": 0, ""doc_processing"": 0, ""monitoring"": 8}, {""research"": 0, ""code_review"": 0, ""doc_processing"": 8, ""monitoring"": 0}, {""research"": 0, ""code_review"": 0, ""doc_processing"": 8, ""monitoring"": 0}, {""research"": 0, ""code_review"": 8, ""doc_processing"": 0, ""monitoring"": 0}, {""research"": 0, ""code_review"": 0, ""doc_processing"": 6, ""monitoring"": 2}]","[3, 1, 1, 1, 1, 2]",0.0,0.1926065103715944,0.7,0.13097561176635428,0.08326712217744041,"{""COMPUTE"": 744, ""MEMORY"": 588, ""API_CREDITS"": 324, ""DATASET"": 96}","{""COMPUTE"": 572, ""MEMORY"": 452, ""API_CREDITS"": 249, ""DATASET"": 74}","{""COMPUTE"": 1.3006993006993006, ""MEMORY"": 1.3008849557522124, ""API_CREDITS"": 1.3012048192771084, ""DATASET"": 1.2972972972972974}",4
dirichlet_0.1__moderate,dirichlet_0.1,0.1,moderate,1.3,3186016859,2e8cc3a03454fe5c,496c2a5963fc40ea,exact_pending_queue,"[[1.934932470867132e-18, 5.027933644882429e-05, 0.09629143814394488, 0.9036582825196063], [0.29260611709099804, 0.004968251956858464, 0.3388037037529786, 0.363621927199165], [0.3738158931796471, 0.4109464404758823, 0.21164726424484212, 0.003590402099628444], [1.845427419182697e-06, 0.00011982412047999685, 6.855969987723403e-05, 0.9998097707522235], [0.009510063581152169, 0.0012336271196285561, 1.5660317242861183e-10, 0.9892563091426161], [0.9934729205981634, 2.1082556567630842e-05, 0.0034607151382065257, 0.003045281707062296]]","[{""research"": 0, ""code_review"": 0, ""doc_processing"": 0, ""monitoring"": 8}, {""research"": 4, ""code_review"": 0, ""doc_processing"": 4, ""monitoring"": 0}, {""research"": 6, ""code_review"": 1, ""doc_processing"": 1, ""monitoring"": 0}, {""research"": 0, ""code_review"": 0, ""doc_processing"": 0, ""monitoring"": 8}, {""research"": 0, ""code_review"": 0, ""doc_processing"": 0, ""monitoring"": 8}, {""research"": 8, ""code_review"": 0, ""doc_processing"": 0, ""monitoring"": 0}]","[1, 2, 3, 1, 1, 1]",0.0,0.1717731770382611,0.675,0.15255368161250513,0.12356300562182915,"{""COMPUTE"": 924, ""MEMORY"": 826, ""API_CREDITS"": 386, ""DATASET"": 336}","{""COMPUTE"": 711, ""MEMORY"": 635, ""API_CREDITS"": 297, ""DATASET"": 258}","{""COMPUTE"": 1.2995780590717299, ""MEMORY"": 1.300787401574803, ""API_CREDITS"": 1.2996632996632997, ""DATASET"": 1.302325581395349}",4
dirichlet_0.1__moderate,dirichlet_0.1,0.1,moderate,1.3,3191323320,3e79e4888d841998,bd369c766019e634,exact_pending_queue,"[[0.15084956378054792, 0.8488303392277804, 1.1283396131565093e-05, 0.00030881359554004194], [0.048777008121942314, 9.072648519912281e-11, 0.9512229748313765, 1.6955954782802315e-08], [0.6820327772907175, 0.12067088710553955, 0.19717067504507194, 0.00012566055867115463], [0.9795576412728448, 0.004023141092563562, 2.0989617030033664e-06, 0.016417118672888496], [0.9996331166655581, 1.0238597157545811e-05, 1.962101929503251e-13, 0.00035664473708804943], [0.19415581990822248, 0.7932574454273722, 0.0023544486724236258, 0.010232285991981739]]","[{""research"": 1, ""code_review"": 7, ""doc_processing"": 0, ""monitoring"": 0}, {""research"": 0, ""code_review"": 0, ""doc_processing"": 8, ""monitoring"": 0}, {""research"": 7, ""code_review"": 0, ""doc_processing"": 1, ""monitoring"": 0}, {""research"": 8, ""code_review"": 0, ""doc_processing"": 0, ""monitoring"": 0}, {""research"": 8, ""code_review"": 0, ""doc_processing"": 0, ""monitoring"": 0}, {""research"": 2, ""code_review"": 6, ""doc_processing"": 0, ""monitoring"": 0}]","[2, 1, 2, 1, 1, 2]",0.0,0.1582005842381938,0.675,0.046694144000243396,0.031619723844874444,"{""COMPUTE"": 1212, ""MEMORY"": 1002, ""API_CREDITS"": 610, ""DATASET"": 208}","{""COMPUTE"": 932, ""MEMORY"": 771, ""API_CREDITS"": 469, ""DATASET"": 160}","{""COMPUTE"": 1.3004291845493563, ""MEMORY"": 1.2996108949416343, ""API_CREDITS"": 1.300639658848614, ""DATASET"": 1.3}",4
dirichlet_0.1__moderate,dirichlet_0.1,0.1,moderate,1.3,3192870723,a347e7d19708d5d5,298d316e5a979e8d,exact_pending_queue,"[[3.0278369016747436e-07, 0.003069676497765809, 0.011146783295630838, 0.9857832374229133], [0.4825113831294707, 0.00031261654784200753, 0.4902930309224494, 0.026882969400238026], [0.005564687484723045, 1.556088708617902e-10, 0.9944214626688312, 1.3849690836960445e-05], [5.097936416256338e-08, 0.00012638319827430777, 0.9986434989122808, 0.001230066910080798], [0.003679159943432711, 0.9963207152972413, 1.6229894077737698e-10, 1.2459702697137635e-07], [0.9996235764103119, 0.00037629002600191784, 1.3346928101985525e-07, 9.440509600610671e-11]]","[{""research"": 0, ""code_review"": 0, ""doc_processing"": 0, ""monitoring"": 8}, {""research"": 4, ""code_review"": 0, ""doc_processing"": 4, ""monitoring"": 0}, {""research"": 0, ""code_review"": 0, ""doc_processing"": 8, ""monitoring"": 0}, {""research"": 0, ""code_review"": 0, ""doc_processing"": 8, ""monitoring"": 0}, {""research"": 0, ""code_review"": 8, ""doc_processing"": 0, ""monitoring"": 0}, {""research"": 8, ""code_review"": 0, ""doc_processing"": 0, ""monitoring"": 0}]","[1, 2, 1, 1, 1, 1]",0.0,0.08333333333333333,0.8333333333333334,0.13491247314776725,0.08686506848271552,"{""COMPUTE"": 992, ""MEMORY"": 804, ""API_CREDITS"": 460, ""DATASET"": 160}","{""COMPUTE"": 763, ""MEMORY"": 618, ""API_CREDITS"": 354, ""DATASET"": 123}","{""COMPUTE"": 1.3001310615989514, ""MEMORY"": 1.3009708737864079, ""API_CREDITS"": 1.2994350282485876, ""DATASET"": 1.3008130081300813}",4
dirichlet_0.1__moderate,dirichlet_0.1,0.1,moderate,1.3,3195559325,bf2409907125dbd7,9036f7090e01fa80,exact_pending_queue,"[[0.810925372445701, 1.25675070829524e-05, 0.18898820248681847, 7.385756039742436e-05], [2.510402133906848e-06, 1.1888985741637947e-06, 0.9999924386022134, 3.862097078471209e-06], [0.0103756661690891, 1.4543851851990965e-19, 0.0026829243571099893, 0.9869414094738009], [0.1972407714007378, 0.00011018814292530004, 4.645966891063229e-15, 0.8026490404563322], [1.566259057818161e-11, 0.8574679166399859, 0.14253208334435147, 5.300505869202253e-21], [0.15769125826583769, 5.396712998844543e-05, 0.838447356393226, 0.0038074182109477266]]","[{""research"": 7, ""code_review"": 0, ""doc_processing"": 1, ""monitoring"": 0}, {""research"": 0, ""code_review"": 0, ""doc_processing"": 8, ""monitoring"": 0}, {""research"": 0, ""code_review"": 0, ""doc_processing"": 0, ""monitoring"": 8}, {""research"": 2, ""code_review"": 0, ""doc_processing"": 0, ""monitoring"": 6}, {""research"": 0, ""code_review"": 7, ""doc_processing"": 1, ""monitoring"": 0}, {""research"": 1, ""code_review"": 0, ""doc_processing"": 7, ""monitoring"": 0}]","[2, 1, 1, 2, 2, 2]",0.0,0.2034976211714935,0.8166666666666667,0.15445820804046156,0.10471371096023795,"{""COMPUTE"": 896, ""MEMORY"": 744, ""API_CREDITS"": 396, ""DATASET"": 192}","{""COMPUTE"": 689, ""MEMORY"": 572, ""API_CREDITS"": 305, ""DATASET"": 148}","{""COMPUTE"": 1.3004354136429608, ""MEMORY"": 1.3006993006993006, ""API_CREDITS"": 1.298360655737705, ""DATASET"": 1.2972972972972974}",4
dirichlet_0.1__moderate,dirichlet_0.1,0.1,moderate,1.3,3199293997,55c030d6841c5558,0a1e9ec5d34e7830,exact_pending_queue,"[[0.471301674905355, 0.026117204039905178, 0.5025811210547398, 3.486791083552378e-17], [0.021425198413677016, 0.9372814890682106, 0.04128823513905802, 5.077379054412962e-06], [0.972667475449668, 0.027326858902873213, 8.079835500744723e-08, 5.5848491038937835e-06], [0.00201740381240345, 0.10759475128536142, 0.625172774971049, 0.26521506993118626], [0.8118562030258704, 4.283341221365486e-06, 0.18813866539966584, 8.482332425212283e-07], [0.014468768694585589, 3.187327439503798e-16, 0.9855312312550205, 5.039350802689264e-11]]","[{""research"": 2, ""code_review"": 0, ""doc_processing"": 6, ""monitoring"": 0}, {""research"": 0, ""code_review"": 8, ""doc_processing"": 0, ""monitoring"": 0}, {""research"": 7, ""code_review"": 1, ""doc_processing"": 0, ""monitoring"": 0}, {""research"": 0, ""code_review"": 0, ""doc_processing"": 5, ""monitoring"": 3}, {""research"": 6, ""code_review"": 0, ""doc_processing"": 2, ""monitoring"": 0}, {""research"": 0, ""code_review"": 0, ""doc_processing"": 8, ""monitoring"": 0}]","[2, 1, 2, 2, 2, 1]",0.0,0.26004622458690224,0.725,0.05589149101368521,0.03586546904165438,"{""COMPUTE"": 1086, ""MEMORY"": 870, ""API_CREDITS"": 522, ""DATASET"": 144}","{""COMPUTE"": 835, ""MEMORY"": 669, ""API_CREDITS"": 402, ""DATASET"": 111}","{""COMPUTE"": 1.3005988023952095, ""MEMORY"": 1.3004484304932735, ""API_CREDITS"": 1.2985074626865671, ""DATASET"": 1.2972972972972974}",4
dirichlet_0.1__moderate,dirichlet_0.1,0.1,moderate,1.3,3214303852,6a1c59112b80c254,9ec8d289adf4199a,exact_pending_queue,"[[0.0004938432848620285, 0.8000146308402215, 0.19845482097516576, 0.0010367048997505523], [0.27853473710175214, 3.379010787354446e-11, 0.4936862859339736, 0.22777897693048424], [5.6604317144202226e-05, 5.552375667079441e-18, 0.9999421640251029, 1.2316577527326977e-06], [5.375008081457675e-07, 0.6573286355575545, 0.2951203966932915, 0.04755043024834584], [0.0040536865537397345, 1.464175762090949e-07, 0.9873542326218244, 0.008591934406859614], [0.372639253671275, 0.09110091376466796, 0.5282978798034366, 0.00796195276062047]]","[{""research"": 0, ""code_review"": 5, ""doc_processing"": 3, ""monitoring"": 0}, {""research"": 2, ""code_review"": 0, ""doc_processing"": 4, ""monitoring"": 2}, {""research"": 0, ""code_review"": 0, ""doc_processing"": 8, ""monitoring"": 0}, {""research"": 0, ""code_review"": 4, ""doc_processing"": 3, ""monitoring"": 1}, {""research"": 0, ""code_review"": 0, ""doc_processing"": 8, ""monitoring"": 0}, {""research"": 3, ""code_review"": 0, ""doc_processing"": 5, ""monitoring"": 0}]","[2, 3, 1, 3, 1, 2]",0.0,0.40120892233995803,0.4666666666666667,0.03983380167590694,0.026134306726411993,"{""COMPUTE"": 966, ""MEMORY"": 740, ""API_CREDITS"": 452, ""DATASET"": 64}","{""COMPUTE"": 743, ""MEMORY"": 569, ""API_CREDITS"": 348, ""DATASET"": 49}","{""COMPUTE"": 1.3001345895020189, ""MEMORY"": 1.3005272407732864, ""API_CREDITS"": 1.2988505747126438, ""DATASET"": 1.3061224489795917}",4
dirichlet_0.1__moderate,dirichlet_0.1,0.1,moderate,1.3,3215523777,1a939d0f529af206,dd4ad5701ad838a7,exact_pending_queue,"[[0.9616624298519196, 0.017395891601634537, 0.02094167854644584, 1.3405542068835911e-17], [0.09089397730709121, 0.048908525603236115, 0.8597623671378336, 0.0004351299518390128], [0.6634252536367964, 0.0004456142335441349, 0.3361282355464212, 8.965832383870306e-07], [0.10070763338370003, 0.014625528400221788, 0.37505153931273166, 0.5096152989033464], [9.636654956065322e-06, 0.9989445953394707, 0.00104576768240294, 3.2317033699719675e-10], [0.03144312843201745, 0.9649730723854734, 5.7881605023244746e-08, 0.003583741300904163]]","[{""research"": 8, ""code_review"": 0, ""doc_processing"": 0, ""monitoring"": 0}, {""research"": 0, ""code_review"": 1, ""doc_processing"": 7, ""monitoring"": 0}, {""research"": 5, ""code_review"": 0, ""doc_processing"": 3, ""monitoring"": 0}, {""research"": 1, ""code_review"": 0, ""doc_processing"": 3, ""monitoring"": 4}, {""research"": 0, ""code_review"": 8, ""doc_processing"": 0, ""monitoring"": 0}, {""research"": 1, ""code_review"": 7, ""doc_processing"": 0, ""monitoring"": 0}]","[1, 2, 2, 3, 1, 2]",0.0,0.2872668292961437,0.7666666666666667,0.06618488991348583,0.04258809436641914,"{""COMPUTE"": 988, ""MEMORY"": 807, ""API_CREDITS"": 485, ""DATASET"": 152}","{""COMPUTE"": 760, ""MEMORY"": 621, ""API_CREDITS"": 373, ""DATASET"": 117}","{""COMPUTE"": 1.3, ""MEMORY"": 1.2995169082125604, ""API_CREDITS"": 1.3002680965147453, ""DATASET"": 1.2991452991452992}",4
dirichlet_0.1__moderate,dirichlet_0.1,0.1,moderate,1.3,3232559368,758993d232d3610b,50e0a3cd1564736a,exact_pending_queue,"[[0.019778108303726387, 0.0007057735126356277, 0.9789995160285149, 0.0005166021551231535], [0.9932534906847015, 1.0946398064361734e-05, 0.00673552491156368, 3.800567058239772e-08], [0.9812090409139894, 0.018779316090768338, 3.1701235523867623e-24, 1.164299524214895e-05], [0.11366368455761079, 6.9772966553848815e-16, 0.8862818915566095, 5.4423885778997396e-05], [0.9988907455942305, 1.7211299581747276e-11, 0.000777004950705224, 0.0003322494378530697], [0.0030348511669394443, 0.010023501731393181, 0.12706668988789266, 0.8598749572137747]]","[{""research"": 0, ""code_review"": 0, ""doc_processing"": 8, ""monitoring"": 0}, {""research"": 8, ""code_review"": 0, ""doc_processing"": 0, ""monitoring"": 0}, {""research"": 8, ""code_review"": 0, ""doc_processing"": 0, ""monitoring"": 0}, {""research"": 1, ""code_review"": 0, ""doc_processing"": 7, ""monitoring"": 0}, {""research"": 8, ""code_review"": 0, ""doc_processing"": 0, ""monitoring"": 0}, {""research"": 0, ""code_review"": 0, ""doc_processing"": 0, ""monitoring"": 8}]","[1, 1, 1, 2, 1, 1]",0.0,0.0452970369332997,0.7166666666666667,0.1220558267728079,0.07770084126216202,"{""COMPUTE"": 1244, ""MEMORY"": 1037, ""API_CREDITS"": 583, ""DATASET"": 264}","{""COMPUTE"": 957, ""MEMORY"": 798, ""API_CREDITS"": 448, ""DATASET"": 203}","{""COMPUTE"": 1.2998955067920586, ""MEMORY"": 1.299498746867168, ""API_CREDITS"": 1.3013392857142858, ""DATASET"": 1.3004926108374384}",4
dirichlet_0.1__moderate,dirichlet_0.1,0.1,moderate,1.3,3265785232,7ebfb45049eef583,6cca8ae75e603060,exact_pending_queue,"[[0.29528063389982834, 0.15811629621043138, 5.757399940979645e-08, 0.546603012315741], [0.0013033358336932783, 0.013072460083780813, 0.008769436079294883, 0.9768547680032309], [0.9285947274127699, 0.0006278826754379782, 0.0008553309062129305, 0.06992205900557913], [0.4565883343656552, 3.6119044017548676e-06, 0.14340552054811886, 0.40000253318182416], [0.026962224577829225, 0.009067659152188672, 0.963970116263935, 6.047138240422187e-12], [0.7286215224238578, 0.00042707701437376974, 0.2709511053530976, 2.9520867090377367e-07]]","[{""research"": 3, ""code_review"": 1, ""doc_processing"": 0, ""monitoring"": 4}, {""research"": 0, ""code_review"": 0, ""doc_processing"": 0, ""monitoring"": 8}, {""research"": 7, ""code_review"": 0, ""doc_processing"": 0, ""monitoring"": 1}, {""research"": 3, ""code_review"": 0, ""doc_processing"": 0, ""monitoring"": 5}, {""research"": 1, ""code_review"": 0, ""doc_processing"": 7, ""monitoring"": 0}, {""research"": 5, ""code_review"": 0, ""doc_processing"": 3, ""monitoring"": 0}]","[3, 1, 2, 2, 2, 2]",0.0,0.3668029962065575,0.6416666666666667,0.12396105019579697,0.07500774557680646,"{""COMPUTE"": 1020, ""MEMORY"": 881, ""API_CREDITS"": 447, ""DATASET"": 296}","{""COMPUTE"": 785, ""MEMORY"": 678, ""API_CREDITS"": 344, ""DATASET"": 228}","{""COMPUTE"": 1.2993630573248407, ""MEMORY"": 1.2994100294985251, ""API_CREDITS"": 1.2994186046511629, ""DATASET"": 1.2982456140350878}",4
dirichlet_0.1__moderate,dirichlet_0.1,0.1,moderate,1.3,3305966842,afeda738461e44ca,1e6c3ec46bf0a569,exact_pending_queue,"[[0.06885638179179321, 0.8539791213531187, 0.0011736779109077734, 0.07599081894418015], [0.09273333664348148, 0.0027218879716391594, 0.7421085529067644, 0.16243622247811507], [0.005519368160729817, 0.0009096319094717998, 0.6981469780927382, 0.2954240218370602], [0.0023149917448465856, 0.0013651295391522125, 0.15744800839325912, 0.8388718703227421], [0.043229655332787824, 0.41717729786022884, 0.5035552771864956, 0.0360377696204878], [0.997667304126371, 9.838087773385813e-05, 0.0022343149958952793, 3.412258138787838e-19]]","[{""research"": 2, ""code_review"": 5, ""doc_processing"": 0, ""monitoring"": 1}, {""research"": 0, ""code_review"": 0, ""doc_processing"": 7, ""monitoring"": 1}, {""research"": 0, ""code_review"": 0, ""doc_processing"": 8, ""monitoring"": 0}, {""research"": 0, ""code_review"": 0, ""doc_processing"": 2, ""monitoring"": 6}, {""research"": 0, ""code_review"": 3, ""doc_processing"": 5, ""monitoring"": 0}, {""research"": 8, ""code_review"": 0, ""doc_processing"": 0, ""monitoring"": 0}]","[3, 2, 1, 2, 2, 1]",0.0,0.30067262593992444,0.7416666666666667,0.0892210337682353,0.06065487358775453,"{""COMPUTE"": 968, ""MEMORY"": 778, ""API_CREDITS"": 446, ""DATASET"": 144}","{""COMPUTE"": 745, ""MEMORY"": 598, ""API_CREDITS"": 343, ""DATASET"": 111}","{""COMPUTE"": 1.2993288590604026, ""MEMORY"": 1.3010033444816054, ""API_CREDITS"": 1.3002915451895043, ""DATASET"": 1.2972972972972974}",4
dirichlet_0.1__moderate,dirichlet_0.1,0.1,moderate,1.3,3329658473,5f872ac32c46dedb,9d5fed88d60e9cd8,exact_pending_queue,"[[4.672390670534751e-06, 0.748048418501327, 0.2518713463585947, 7.556274940783899e-05], [3.1923562854729174e-06, 0.00026872020941937346, 4.5378945046254264e-08, 0.9997280420553502], [0.059669764400610045, 1.4707598638917145e-06, 0.9403250771580507, 3.6876814753204822e-06], [0.667479927893446, 1.155899258106847e-05, 0.2384967062997838, 0.09401180681418919], [0.13295981629149994, 0.0038792188853101293, 0.5722122823350866, 0.2909486824881034], [0.14629989914357241, 0.5130822201133768, 0.07546022686020513, 0.2651576538828457]]","[{""research"": 0, ""code_review"": 6, ""doc_processing"": 2, ""monitoring"": 0}, {""research"": 0, ""code_review"": 0, ""doc_processing"": 0, ""monitoring"": 8}, {""research"": 1, ""code_review"": 0, ""doc_processing"": 7, ""monitoring"": 0}, {""research"": 6, ""code_review"": 0, ""doc_processing"": 2, ""monitoring"": 0}, {""research"": 1, ""code_review"": 0, ""doc_processing"": 5, ""monitoring"": 2}, {""research"": 0, ""code_review"": 6, ""doc_processing"": 0, ""monitoring"": 2}]","[2, 1, 2, 2, 3, 2]",0.0,0.35634947977269943,0.75,0.12399277792241332,0.07780211032800052,"{""COMPUTE"": 840, ""MEMORY"": 692, ""API_CREDITS"": 380, ""DATASET"": 160}","{""COMPUTE"": 646, ""MEMORY"": 532, ""API_CREDITS"": 292, ""DATASET"": 123}","{""COMPUTE"": 1.3003095975232197, ""MEMORY"": 1.300751879699248, ""API_CREDITS"": 1.3013698630136987, ""DATASET"": 1.3008130081300813}",4
dirichlet_0.1__moderate,dirichlet_0.1,0.1,moderate,1.3,3351763171,d153bfa23b3d8594,41181ea4c6cea100,exact_pending_queue,"[[6.414875898607126e-09, 0.0003703839856520927, 0.9842584591005547, 0.015371150498917314], [0.029436579118168726, 6.838662604979998e-07, 7.264703161579008e-05, 0.9704900899839549], [0.16670229693764466, 0.8332977026875252, 3.711301349277802e-10, 3.700188143621721e-12], [0.24765579041116267, 6.130672579741275e-07, 0.7523435936868724, 2.8347068232263286e-09], [1.6115516037267528e-09, 1.9576507468057332e-05, 3.264611637758471e-05, 0.9999477757646027], [0.6515744164198979, 0.280490744868046, 7.29779157134782e-07, 0.067934108932899]]","[{""research"": 0, ""code_review"": 0, ""doc_processing"": 8, ""monitoring"": 0}, {""research"": 0, ""code_review"": 0, ""doc_processing"": 0, ""monitoring"": 8}, {""research"": 1, ""code_review"": 7, ""doc_processing"": 0, ""monitoring"": 0}, {""research"": 3, ""code_review"": 0, ""doc_processing"": 5, ""monitoring"": 0}, {""research"": 0, ""code_review"": 0, ""doc_processing"": 0, ""monitoring"": 8}, {""research"": 4, ""code_review"": 2, ""doc_processing"": 0, ""monitoring"": 2}]","[1, 1, 2, 2, 1, 3]",0.0,0.24983320384371344,0.8,0.171698667861555,0.12241652008198838,"{""COMPUTE"": 792, ""MEMORY"": 674, ""API_CREDITS"": 338, ""DATASET"": 208}","{""COMPUTE"": 609, ""MEMORY"": 518, ""API_CREDITS"": 260, ""DATASET"": 160}","{""COMPUTE"": 1.3004926108374384, ""MEMORY"": 1.3011583011583012, ""API_CREDITS"": 1.3, ""DATASET"": 1.3}",4
dirichlet_0.1__moderate,dirichlet_0.1,0.1,moderate,1.3,3356704017,9cee0784ec30880a,2213be2a71a323df,exact_pending_queue,"[[1.4688361296589176e-06, 6.318133458933222e-06, 1.1208814703062994e-06, 0.999991092148941], [5.139013087910689e-06, 3.061702891984646e-12, 7.291289392022802e-25, 0.9999948609838504], [6.615955891563242e-09, 0.002058817477866797, 5.0675275270241356e-09, 0.9979411708386499], [0.9384222275522999, 5.6173790952758954e-09, 0.06157776681546568, 1.4855474457544327e-11], [0.999886084140318, 0.00011361627331108883, 2.898016887714488e-07, 9.784682124585251e-09], [0.00013673099641118587, 5.9021101617816566e-08, 0.999863196770471, 1.3212016294536404e-08]]","[{""research"": 0, ""code_review"": 0, ""doc_processing"": 0, ""monitoring"": 8}, {""research"": 0, ""code_review"": 0, ""doc_processing"": 0, ""monitoring"": 8}, {""research"": 0, ""code_review"": 0, ""doc_processing"": 0, ""monitoring"": 8}, {""research"": 6, ""code_review"": 0, ""doc_processing"": 2, ""monitoring"": 0}, {""research"": 8, ""code_review"": 0, ""doc_processing"": 0, ""monitoring"": 0}, {""research"": 0, ""code_review"": 0, ""doc_processing"": 8, ""monitoring"": 0}]","[1, 1, 1, 2, 1, 1]",0.0,0.0676065103715944,0.7333333333333333,0.17226107226107226,0.13344988344988343,"{""COMPUTE"": 888, ""MEMORY"": 782, ""API_CREDITS"": 362, ""DATASET"": 304}","{""COMPUTE"": 683, ""MEMORY"": 602, ""API_CREDITS"": 278, ""DATASET"": 234}","{""COMPUTE"": 1.3001464128843339, ""MEMORY"": 1.2990033222591362, ""API_CREDITS"": 1.3021582733812949, ""DATASET"": 1.2991452991452992}",4
dirichlet_0.1__moderate,dirichlet_0.1,0.1,moderate,1.3,3411174439,759493f70ad1a650,9aa5d60672986f06,exact_pending_queue,"[[0.015313503967578003, 5.333534106833543e-11, 0.00011319892810453522, 0.9845732970509821], [2.089382119991319e-07, 5.900109203475457e-07, 4.5852515780728766e-11, 0.999999201005015], [2.3270335616704955e-11, 0.14746239878559803, 0.0001322599747866329, 0.852405341216345], [0.5782394987665158, 0.0025962598013337, 0.4191641869587928, 5.447335750499109e-08], [7.169173587614707e-08, 0.03855899028437016, 1.7526042496117453e-05, 0.9614234119813977], [0.8786907672969414, 0.0014391520122359195, 0.0002638255241753631, 0.11960625516664733]]","[{""research"": 0, ""code_review"": 0, ""doc_processing"": 0, ""monitoring"": 8}, {""research"": 0, ""code_review"": 0, ""doc_processing"": 0, ""monitoring"": 8}, {""research"": 0, ""code_review"": 0, ""doc_processing"": 0, ""monitoring"": 8}, {""research"": 6, ""code_review"": 0, ""doc_processing"": 2, ""monitoring"": 0}, {""research"": 0, ""code_review"": 0, ""doc_processing"": 0, ""monitoring"": 8}, {""research"": 7, ""code_review"": 0, ""doc_processing"": 0, ""monitoring"": 1}]","[1, 1, 1, 2, 1, 2]",0.0,0.1129035473048941,0.5166666666666667,0.1270528796229731,0.10460766301887799,"{""COMPUTE"": 750, ""MEMORY"": 706, ""API_CREDITS"": 274, ""DATASET"": 368}","{""COMPUTE"": 577, ""MEMORY"": 543, ""API_CREDITS"": 211, ""DATASET"": 283}","{""COMPUTE"": 1.2998266897746966, ""MEMORY"": 1.3001841620626151, ""API_CREDITS"": 1.2985781990521328, ""DATASET"": 1.3003533568904593}",4
dirichlet_0.1__moderate,dirichlet_0.1,0.1,moderate,1.3,3414689543,9ce3e2b32819fec5,a1f0a43b3eedbbdc,exact_pending_queue,"[[6.741693563257783e-07, 0.5773181151809476, 0.0003104931279779408, 0.4223707175217183], [2.107036746668652e-06, 0.005480042675466332, 0.9652201110906858, 0.029297739197101134], [2.8538021809472097e-07, 4.848415291677758e-10, 0.8900631577414594, 0.1099365563934809], [5.98117956828445e-08, 0.2888330577736839, 0.7111668470108505, 3.540366994288315e-08], [7.832867712248188e-08, 0.9894117199139136, 0.010229722604649341, 0.0003584791527599488], [2.931778441212197e-05, 0.43314939384795703, 0.001190504873848233, 0.5656307834937826]]","[{""research"": 0, ""code_review"": 6, ""doc_processing"": 0, ""monitoring"": 2}, {""research"": 0, ""code_review"": 0, ""doc_processing"": 8, ""monitoring"": 0}, {""research"": 0, ""code_review"": 0, ""doc_processing"": 7, ""monitoring"": 1}, {""research"": 0, ""code_review"": 0, ""doc_processing"": 8, ""monitoring"": 0}, {""research"": 0, ""code_review"": 8, ""doc_processing"": 0, ""monitoring"": 0}, {""research"": 0, ""code_review"": 3, ""doc_processing"": 0, ""monitoring"": 5}]","[2, 1, 2, 1, 1, 2]",0.0,0.19243971421530784,0.6833333333333333,0.09491039418520725,0.06259702763977303,"{""COMPUTE"": 740, ""MEMORY"": 576, ""API_CREDITS"": 340, ""DATASET"": 64}","{""COMPUTE"": 569, ""MEMORY"": 443, ""API_CREDITS"": 262, ""DATASET"": 49}","{""COMPUTE"": 1.3005272407732864, ""MEMORY"": 1.3002257336343115, ""API_CREDITS"": 1.297709923664122, ""DATASET"": 1.3061224489795917}",4
dirichlet_0.1__moderate,dirichlet_0.1,0.1,moderate,1.3,3424619266,245e619e94ee7104,4213e1bd04afc91c,exact_pending_queue,"[[0.8391024786039094, 0.1574960466248097, 0.0016916832829017073, 0.0017097914883792704], [0.00012678822472476922, 0.9979408717049861, 1.3965947883102206e-06, 0.0019309434755008241], [0.006799232612222776, 0.9151694177800554, 0.007513576579148265, 0.0705177730285735], [0.1750935990580365, 0.2900975039430901, 3.9989745951400163e-05, 0.534768907252922], [7.104494813940718e-08, 0.18584579166093546, 0.591111351925714, 0.22304278536840247], [0.181308702626015, 0.8186911320611401, 1.8722092660428597e-10, 1.65125623768566e-07]]","[{""research"": 6, ""code_review"": 2, ""doc_processing"": 0, ""monitoring"": 0}, {""research"": 0, ""code_review"": 8, ""doc_processing"": 0, ""monitoring"": 0}, {""research"": 0, ""code_review"": 7, ""doc_processing"": 0, ""monitoring"": 1}, {""research"": 2, ""code_review"": 1, ""doc_processing"": 0, ""monitoring"": 5}, {""research"": 0, ""code_review"": 1, ""doc_processing"": 5, ""monitoring"": 2}, {""research"": 2, ""code_review"": 6, ""doc_processing"": 0, ""monitoring"": 0}]","[2, 1, 2, 3, 3, 2]",0.0,0.39697588112572163,0.6333333333333333,0.0724987400649674,0.04432514102777599,"{""COMPUTE"": 764, ""MEMORY"": 642, ""API_CREDITS"": 378, ""DATASET"": 144}","{""COMPUTE"": 588, ""MEMORY"": 494, ""API_CREDITS"": 291, ""DATASET"": 111}","{""COMPUTE"": 1.2993197278911566, ""MEMORY"": 1.2995951417004048, ""API_CREDITS"": 1.2989690721649485, ""DATASET"": 1.2972972972972974}",4
dirichlet_0.1__moderate,dirichlet_0.1,0.1,moderate,1.3,3447467374,51db96bdeb384e5e,d5d781304f787c9a,exact_pending_queue,"[[0.03525776973889922, 0.0004655515875465061, 0.004856395555309995, 0.9594202831182442], [0.000543777432899623, 9.805602892478924e-13, 0.012312220332045508, 0.9871440022340743], [0.00047670483688596227, 1.2358956872173123e-05, 4.1513251534653615e-08, 0.9995108946929903], [0.23988260158407018, 0.0012693490120414786, 0.08774180673332006, 0.6711062426705683], [0.8888162955009727, 1.4479609904657742e-06, 0.004785987119551414, 0.1063962694184853], [0.9993959583571507, 0.0005719757869058637, 3.114686631931338e-05, 9.189896240864946e-07]]","[{""research"": 0, ""code_review"": 0, ""doc_processing"": 0, ""monitoring"": 8}, {""research"": 1, ""code_review"": 0, ""doc_processing"": 0, ""monitoring"": 7}, {""research"": 0, ""code_review"": 0, ""doc_processing"": 0, ""monitoring"": 8}, {""research"": 1, ""code_review"": 0, ""doc_processing"": 0, ""monitoring"": 7}, {""research"": 8, ""code_review"": 0, ""doc_processing"": 0, ""monitoring"": 0}, {""research"": 8, ""code_review"": 0, ""doc_processing"": 0, ""monitoring"": 0}]","[1, 2, 1, 2, 1, 1]",0.0,0.0905940738665994,0.5333333333333333,0.12447552447552446,0.08682552015885349,"{""COMPUTE"": 852, ""MEMORY"": 792, ""API_CREDITS"": 336, ""DATASET"": 384}","{""COMPUTE"": 655, ""MEMORY"": 609, ""API_CREDITS"": 258, ""DATASET"": 295}","{""COMPUTE"": 1.300763358778626, ""MEMORY"": 1.3004926108374384, ""API_CREDITS"": 1.302325581395349, ""DATASET"": 1.3016949152542372}",4
dirichlet_0.1__moderate,dirichlet_0.1,0.1,moderate,1.3,3506619616,89811416a5e9e37f,4ddbb9aca82daa11,exact_pending_queue,"[[0.00042170209239068916, 0.9991792614533256, 0.00019436148216354484, 0.00020467497212024624], [0.0004814285858396546, 0.8368576106996738, 0.0004217034056240533, 0.16223925730886252], [3.3742437081676e-07, 0.9995015674624211, 1.9866178317686625e-05, 0.0004782289348904877], [0.6764701510013482, 0.3223522881425713, 0.00034382321020119585, 0.0008337376458793661], [8.058081526312907e-06, 5.832617237968804e-07, 0.0021518319408271465, 0.9978395267159229], [0.00779224559108116, 0.9807350723781799, 0.0024971984745041816, 0.008975483556234759]]","[{""research"": 0, ""code_review"": 8, ""doc_processing"": 0, ""monitoring"": 0}, {""research"": 0, ""code_review"": 5, ""doc_processing"": 1, ""monitoring"": 2}, {""research"": 0, ""code_review"": 8, ""doc_processing"": 0, ""monitoring"": 0}, {""research"": 6, ""code_review"": 2, ""doc_processing"": 0, ""monitoring"": 0}, {""research"": 0, ""code_review"": 0, ""doc_processing"": 0, ""monitoring"": 8}, {""research"": 0, ""code_review"": 8, ""doc_processing"": 0, ""monitoring"": 0}]","[1, 3, 1, 2, 1, 1]",0.0,0.17583942209621095,0.5916666666666667,0.12945545195545197,0.08280615988949322,"{""COMPUTE"": 616, ""MEMORY"": 528, ""API_CREDITS"": 308, ""DATASET"": 128}","{""COMPUTE"": 474, ""MEMORY"": 406, ""API_CREDITS"": 237, ""DATASET"": 98}","{""COMPUTE"": 1.2995780590717299, ""MEMORY"": 1.3004926108374384, ""API_CREDITS"": 1.2995780590717299, ""DATASET"": 1.3061224489795917}",4
dirichlet_0.1__moderate,dirichlet_0.1,0.1,moderate,1.3,3522565390,809c397e3c29c6f8,db085d2ff63045ee,exact_pending_queue,"[[0.9989877244872976, 0.0006723244413239147, 0.0002006364339785016, 0.00013931463739992272], [0.6640140918713424, 2.2181995889675558e-11, 0.23855871229731113, 0.09742719580916456], [0.05583075207486258, 0.9432349847871282, 2.364775738553361e-06, 0.0009318983622707554], [0.029445470936732103, 0.9705412914223001, 1.1539696228344167e-12, 1.3237639814075526e-05], [0.9797239860827515, 0.019756885243895767, 0.0005191266555182558, 2.017834522844488e-09], [0.9460971162813809, 1.3707586126849496e-10, 4.168370634105389e-06, 0.053898715210909054]]","[{""research"": 8, ""code_review"": 0, ""doc_processing"": 0, ""monitoring"": 0}, {""research"": 3, ""code_review"": 0, ""doc_processing"": 4, ""monitoring"": 1}, {""research"": 1, ""code_review"": 7, ""doc_processing"": 0, ""monitoring"": 0}, {""research"": 0, ""code_review"": 8, ""doc_processing"": 0, ""monitoring"": 0}, {""research"": 8, ""code_review"": 0, ""doc_processing"": 0, ""monitoring"": 0}, {""research"": 6, ""code_review"": 0, ""doc_processing"": 0, ""monitoring"": 2}]","[1, 3, 2, 1, 1, 2]",0.0,0.23004013582402463,0.6583333333333333,0.0511571864011412,0.03520724695128782,"{""COMPUTE"": 1146, ""MEMORY"": 965, ""API_CREDITS"": 575, ""DATASET"": 232}","{""COMPUTE"": 882, ""MEMORY"": 742, ""API_CREDITS"": 442, ""DATASET"": 178}","{""COMPUTE"": 1.2993197278911566, ""MEMORY"": 1.3005390835579516, ""API_CREDITS"": 1.3009049773755657, ""DATASET"": 1.303370786516854}",4
dirichlet_0.1__moderate,dirichlet_0.1,0.1,moderate,1.3,3560321021,0d3d446752c86f59,d2b2105bca4d7bf0,exact_pending_queue,"[[0.0020587557015425088, 0.00012220342542583495, 0.31009820006810124, 0.6877208408049303], [0.02024446389621931, 0.0010581838992449186, 5.182933317219208e-07, 0.978696833911204], [0.911947306418617, 4.05240402303799e-08, 1.230652069617843e-07, 0.08805252999213578], [0.0037878286242490357, 0.0009120346134775254, 0.02043337689532395, 0.9748667598669496], [0.689351335137603, 0.002027147483067366, 0.18704354595133982, 0.12157797142798965], [0.13920618337975502, 0.8592418699413878, 0.0015504323138757947, 1.5143649813461084e-06]]","[{""research"": 0, ""code_review"": 0, ""doc_processing"": 0, ""monitoring"": 8}, {""research"": 0, ""code_review"": 0, ""doc_processing"": 0, ""monitoring"": 8}, {""research"": 8, ""code_review"": 0, ""doc_processing"": 0, ""monitoring"": 0}, {""research"": 0, ""code_review"": 0, ""doc_processing"": 0, ""monitoring"": 8}, {""research"": 3, ""code_review"": 0, ""doc_processing"": 1, ""monitoring"": 4}, {""research"": 1, ""code_review"": 7, ""doc_processing"": 0, ""monitoring"": 0}]","[1, 1, 1, 1, 3, 2]",0.0,0.16243362545243023,0.6583333333333333,0.15603875291375288,0.11817544434731934,"{""COMPUTE"": 724, ""MEMORY"": 672, ""API_CREDITS"": 284, ""DATASET"": 320}","{""COMPUTE"": 557, ""MEMORY"": 517, ""API_CREDITS"": 218, ""DATASET"": 246}","{""COMPUTE"": 1.2998204667863555, ""MEMORY"": 1.299806576402321, ""API_CREDITS"": 1.3027522935779816, ""DATASET"": 1.3008130081300813}",4
dirichlet_0.1__moderate,dirichlet_0.1,0.1,moderate,1.3,3564430434,08ceb1e2cf87338f,a512d4aeade0b381,exact_pending_queue,"[[5.589126817142235e-06, 0.9999898098633041, 2.44562395498001e-08, 4.576553639138034e-06], [1.3941640597332421e-12, 0.09935215856659832, 0.0035985890393495402, 0.8970492523926581], [0.01880338661004291, 2.1944794574519864e-10, 0.00010146170330530718, 0.9810951514672038], [9.84308797961398e-06, 0.0016772579556345168, 0.998312867585168, 3.1371217786466336e-08], [0.01470014929687496, 0.45125615291385945, 6.068338832121567e-14, 0.5340436977892049], [0.6204422523952177, 0.3795547268474558, 2.691356558080944e-06, 3.2940076837920226e-07]]","[{""research"": 0, ""code_review"": 8, ""doc_processing"": 0, ""monitoring"": 0}, {""research"": 0, ""code_review"": 0, ""doc_processing"": 0, ""monitoring"": 8}, {""research"": 0, ""code_review"": 0, ""doc_processing"": 0, ""monitoring"": 8}, {""research"": 0, ""code_review"": 0, ""doc_processing"": 8, ""monitoring"": 0}, {""research"": 0, ""code_review"": 3, ""doc_processing"": 0, ""monitoring"": 5}, {""research"": 5, ""code_review"": 3, ""doc_processing"": 0, ""monitoring"": 0}]","[1, 1, 1, 1, 2, 2]",0.0,0.1590723338208275,0.775,0.1829120321887958,0.1287377460702801,"{""COMPUTE"": 654, ""MEMORY"": 574, ""API_CREDITS"": 270, ""DATASET"": 208}","{""COMPUTE"": 503, ""MEMORY"": 442, ""API_CREDITS"": 208, ""DATASET"": 160}","{""COMPUTE"": 1.3001988071570576, ""MEMORY"": 1.2986425339366516, ""API_CREDITS"": 1.2980769230769231, ""DATASET"": 1.3}",4
dirichlet_0.1__moderate,dirichlet_0.1,0.1,moderate,1.3,3569961091,61d4c4ab2718fb72,d718f7bc0ff12ca5,exact_pending_queue,"[[0.047972821860493425, 0.7646236281993075, 0.0005724625067007812, 0.1868310874334985], [0.9999998328455778, 1.4915742897165892e-07, 1.4556124410299952e-08, 3.4408687577837923e-09], [0.951831019949377, 0.048136023738929924, 1.4559794143820412e-09, 3.2954855713677566e-05], [0.00040002998346415, 0.003974317779296693, 0.045877009419402925, 0.9497486428178361], [1.0647100242129491e-14, 0.3813152396778742, 7.716884974141778e-05, 0.6186075914723738], [0.2679812820184567, 0.5368055994686692, 0.1952131185128739, 1.7184439655540044e-17]]","[{""research"": 0, ""code_review"": 7, ""doc_processing"": 0, ""monitoring"": 1}, {""research"": 8, ""code_review"": 0, ""doc_processing"": 0, ""monitoring"": 0}, {""research"": 7, ""code_review"": 1, ""doc_processing"": 0, ""monitoring"": 0}, {""research"": 0, ""code_review"": 0, ""doc_processing"": 0, ""monitoring"": 8}, {""research"": 0, ""code_review"": 1, ""doc_processing"": 0, ""monitoring"": 7}, {""research"": 2, ""code_review"": 4, ""doc_processing"": 2, ""monitoring"": 0}]","[2, 1, 2, 1, 2, 3]",0.0,0.2608911107998991,0.7583333333333333,0.1429935477388756,0.1057523679090902,"{""COMPUTE"": 880, ""MEMORY"": 773, ""API_CREDITS"": 403, ""DATASET"": 264}","{""COMPUTE"": 677, ""MEMORY"": 595, ""API_CREDITS"": 310, ""DATASET"": 203}","{""COMPUTE"": 1.2998522895125555, ""MEMORY"": 1.2991596638655463, ""API_CREDITS"": 1.3, ""DATASET"": 1.3004926108374384}",4
dirichlet_0.1__moderate,dirichlet_0.1,0.1,moderate,1.3,3633027796,ec6e35557c0c8150,0f8aed471f4246a6,exact_pending_queue,"[[1.2591639626351859e-05, 0.019254688538486754, 0.9797220919649337, 0.0010106278569532922], [0.0001436529979320558, 0.9998562473601476, 5.497697699093629e-08, 4.466494325255516e-08], [7.53065158228602e-06, 0.7448211105195628, 3.20547247550992e-06, 0.2551681533563794], [1.607083378924158e-11, 0.8172905668920706, 0.18270672940667576, 2.703685182821626e-06], [0.001474352974966054, 0.01904779764644538, 4.635484966996085e-11, 0.9794778493322337], [0.9845159192539327, 0.014646922272433029, 0.0007895889656213788, 4.7569508012866655e-05]]","[{""research"": 0, ""code_review"": 0, ""doc_processing"": 8, ""monitoring"": 0}, {""research"": 0, ""code_review"": 8, ""doc_processing"": 0, ""monitoring"": 0}, {""research"": 0, ""code_review"": 8, ""doc_processing"": 0, ""monitoring"": 0}, {""research"": 0, ""code_review"": 8, ""doc_processing"": 0, ""monitoring"": 0}, {""research"": 0, ""code_review"": 0, ""doc_processing"": 0, ""monitoring"": 8}, {""research"": 7, ""code_review"": 1, ""doc_processing"": 0, ""monitoring"": 0}]","[1, 1, 1, 1, 1, 2]",0.0,0.0452970369332997,0.775,0.1329139957264957,0.09072182158119656,"{""COMPUTE"": 728, ""MEMORY"": 603, ""API_CREDITS"": 357, ""DATASET"": 120}","{""COMPUTE"": 560, ""MEMORY"": 464, ""API_CREDITS"": 275, ""DATASET"": 92}","{""COMPUTE"": 1.3, ""MEMORY"": 1.2995689655172413, ""API_CREDITS"": 1.298181818181818, ""DATASET"": 1.3043478260869565}",4
dirichlet_0.1__moderate,dirichlet_0.1,0.1,moderate,1.3,3636324181,eb243de736ef830c,f22e51adc79ddf32,exact_pending_queue,"[[0.40518511495807313, 0.008111508837062622, 0.5866950081360449, 8.368068819373516e-06], [0.1822602270278681, 0.4193209625684162, 0.004569940671474673, 0.3938488697322409], [0.0046245977151554585, 0.7593190046494173, 0.0003299010200420247, 0.2357264966153854], [0.0027656542794850373, 7.06177987870873e-21, 0.018084348504974194, 0.9791499972155407], [0.7681227976401463, 0.0006740173101538162, 0.22283614227182214, 0.008367042777877575], [3.7674587997094894e-05, 0.8092815035159038, 0.02928185495118422, 0.16139896694491498]]","[{""research"": 2, ""code_review"": 0, ""doc_processing"": 6, ""monitoring"": 0}, {""research"": 1, ""code_review"": 3, ""doc_processing"": 0, ""monitoring"": 4}, {""research"": 0, ""code_review"": 6, ""doc_processing"": 0, ""monitoring"": 2}, {""research"": 0, ""code_review"": 0, ""doc_processing"": 0, ""monitoring"": 8}, {""research"": 7, ""code_review"": 0, ""doc_processing"": 1, ""monitoring"": 0}, {""research"": 0, ""code_review"": 6, ""doc_processing"": 0, ""monitoring"": 2}]","[2, 3, 2, 1, 2, 2]",0.0,0.36525315656721347,0.7416666666666667,0.11121733974573904,0.07429648315976882,"{""COMPUTE"": 772, ""MEMORY"": 666, ""API_CREDITS"": 346, ""DATASET"": 208}","{""COMPUTE"": 594, ""MEMORY"": 512, ""API_CREDITS"": 266, ""DATASET"": 160}","{""COMPUTE"": 1.2996632996632997, ""MEMORY"": 1.30078125, ""API_CREDITS"": 1.300751879699248, ""DATASET"": 1.3}",4
dirichlet_0.1__moderate,dirichlet_0.1,0.1,moderate,1.3,3676968117,13e94f37b247d4e9,e5bc24172fabf991,exact_pending_queue,"[[1.4704735487477701e-06, 0.997488630197985, 0.0024921393179816093, 1.776001048468302e-05], [0.9165883882670736, 3.7635913919530384e-10, 0.07669485586132292, 0.006716755495244332], [0.004038240802945024, 4.333518134104942e-08, 0.5217674713686287, 0.474194244493245], [0.6439568553298168, 3.456645344137909e-05, 0.3553843358123623, 0.0006242424043794472], [8.43140229259725e-05, 0.0050988023592467005, 0.944662570501285, 0.050154313116542254], [0.9856915669104819, 2.8090255558575855e-05, 0.014280232893482219, 1.0994047746645428e-07]]","[{""research"": 0, ""code_review"": 8, ""doc_processing"": 0, ""monitoring"": 0}, {""research"": 7, ""code_review"": 0, ""doc_processing"": 1, ""monitoring"": 0}, {""research"": 0, ""code_review"": 0, ""doc_processing"": 3, ""monitoring"": 5}, {""research"": 6, ""code_review"": 0, ""doc_processing"": 2, ""monitoring"": 0}, {""research"": 0, ""code_review"": 0, ""doc_processing"": 8, ""monitoring"": 0}, {""research"": 8, ""code_review"": 0, ""doc_processing"": 0, ""monitoring"": 0}]","[1, 2, 2, 2, 1, 1]",0.0,0.19243971421530784,0.7583333333333333,0.07287690567964948,0.0454881938782871,"{""COMPUTE"": 1142, ""MEMORY"": 942, ""API_CREDITS"": 550, ""DATASET"": 208}","{""COMPUTE"": 878, ""MEMORY"": 725, ""API_CREDITS"": 423, ""DATASET"": 160}","{""COMPUTE"": 1.3006833712984054, ""MEMORY"": 1.2993103448275862, ""API_CREDITS"": 1.3002364066193854, ""DATASET"": 1.3}",4
dirichlet_0.1__moderate,dirichlet_0.1,0.1,moderate,1.3,3696784942,e3d5073fab10c723,b096ad5e8327d27b,exact_pending_queue,"[[2.6666913062412285e-08, 0.3878564423399199, 0.04450425095072464, 0.5676392800424424], [3.92634053823785e-05, 0.19725514797747146, 0.8027055886167991, 3.470398967719871e-13], [0.23616672950807635, 0.00013560019684852342, 2.6242078496808957e-06, 0.7636950460872254], [5.311994760056027e-07, 2.6420418206183713e-06, 8.168201403582755e-05, 0.9999151447446676], [0.23630063987353261, 0.39448669810402637, 0.030480524430608603, 0.33873213759183235], [0.9972988999343931, 0.001227543938947718, 1.5204445751474452e-06, 0.0014720356820841563]]","[{""research"": 0, ""code_review"": 4, ""doc_processing"": 0, ""monitoring"": 4}, {""research"": 0, ""code_review"": 2, ""doc_processing"": 6, ""monitoring"": 0}, {""research"": 1, ""code_review"": 0, ""doc_processing"": 0, ""monitoring"": 7}, {""research"": 0, ""code_review"": 0, ""doc_processing"": 0, ""monitoring"": 8}, {""research"": 1, ""code_review"": 3, ""doc_processing"": 1, ""monitoring"": 3}, {""research"": 8, ""code_review"": 0, ""doc_processing"": 0, ""monitoring"": 0}]","[2, 2, 2, 1, 4, 1]",0.16666666666666666,0.34717672434315516,0.7083333333333334,0.14205128205128206,0.08838060088060089,"{""COMPUTE"": 760, ""MEMORY"": 672, ""API_CREDITS"": 316, ""DATASET"": 256}","{""COMPUTE"": 585, ""MEMORY"": 517, ""API_CREDITS"": 243, ""DATASET"": 197}","{""COMPUTE"": 1.2991452991452992, ""MEMORY"": 1.299806576402321, ""API_CREDITS"": 1.300411522633745, ""DATASET"": 1.299492385786802}",4
dirichlet_0.1__moderate,dirichlet_0.1,0.1,moderate,1.3,3714643568,519959aa4c117ba0,16ab056e3ff97fc9,exact_pending_queue,"[[5.36463538970599e-13, 0.9957330002706406, 4.781625127586493e-07, 0.004266521566310325], [0.6333682427961795, 0.3666317571282204, 4.65081069664079e-11, 2.9091917127477167e-11], [0.9298385041744032, 7.384405001471696e-29, 0.07016149582526401, 3.3282037146827306e-13], [0.00015574092330217093, 5.343490033800273e-05, 0.9997908241763599, 6.3519364578125e-18], [0.00013340168619298723, 0.9998185753965092, 2.028572087941721e-05, 2.7737196418388474e-05], [0.965594151113672, 0.00028241582195961485, 1.9896711195272104e-06, 0.034121443393248956]]","[{""research"": 0, ""code_review"": 8, ""doc_processing"": 0, ""monitoring"": 0}, {""research"": 5, ""code_review"": 3, ""doc_processing"": 0, ""monitoring"": 0}, {""research"": 8, ""code_review"": 0, ""doc_processing"": 0, ""monitoring"": 0}, {""research"": 0, ""code_review"": 0, ""doc_processing"": 8, ""monitoring"": 0}, {""research"": 0, ""code_review"": 8, ""doc_processing"": 0, ""monitoring"": 0}, {""research"": 6, ""code_review"": 0, ""doc_processing"": 0, ""monitoring"": 2}]","[1, 2, 1, 1, 1, 2]",0.0,0.14714267728200817,0.75,0.06589034199756183,0.04745196895318124,"{""COMPUTE"": 1028, ""MEMORY"": 849, ""API_CREDITS"": 519, ""DATASET"": 168}","{""COMPUTE"": 791, ""MEMORY"": 653, ""API_CREDITS"": 399, ""DATASET"": 129}","{""COMPUTE"": 1.299620733249052, ""MEMORY"": 1.3001531393568146, ""API_CREDITS"": 1.300751879699248, ""DATASET"": 1.302325581395349}",4
dirichlet_0.1__moderate,dirichlet_0.1,0.1,moderate,1.3,3794604293,c977bf056fbff9ae,c77147d18fdb5555,exact_pending_queue,"[[3.075321616488971e-15, 0.008145931246407669, 6.110051189289391e-06, 0.9918479587023998], [1.0364938219871056e-08, 7.098401997412747e-06, 0.005516933264382561, 0.9944759579686818], [0.06367250289026062, 0.896203341288998, 0.0006583441411809861, 0.03946581167956036], [0.9992200238776613, 3.4553745291747465e-05, 1.5802113057984122e-06, 0.0007438421657411702], [0.75072755960313, 0.02262918906712976, 5.626898152612057e-10, 0.22664325076705036], [0.6579421593732865, 0.04260938844799705, 0.28315381114484167, 0.016294641033874804]]","[{""research"": 0, ""code_review"": 0, ""doc_processing"": 0, ""monitoring"": 8}, {""research"": 0, ""code_review"": 0, ""doc_processing"": 0, ""monitoring"": 8}, {""research"": 1, ""code_review"": 6, ""doc_processing"": 0, ""monitoring"": 1}, {""research"": 8, ""code_review"": 0, ""doc_processing"": 0, ""monitoring"": 0}, {""research"": 8, ""code_review"": 0, ""doc_processing"": 0, ""monitoring"": 0}, {""research"": 6, ""code_review"": 0, ""doc_processing"": 2, ""monitoring"": 0}]","[1, 1, 3, 1, 1, 2]",0.0,0.15604635407652215,0.725,0.13646030971612372,0.10800837835721559,"{""COMPUTE"": 1022, ""MEMORY"": 900, ""API_CREDITS"": 464, ""DATASET"": 320}","{""COMPUTE"": 786, ""MEMORY"": 692, ""API_CREDITS"": 357, ""DATASET"": 246}","{""COMPUTE"": 1.3002544529262086, ""MEMORY"": 1.300578034682081, ""API_CREDITS"": 1.2997198879551821, ""DATASET"": 1.3008130081300813}",4
dirichlet_0.1__moderate,dirichlet_0.1,0.1,moderate,1.3,3885192991,a3398d48ee237d0a,966472e7390b5114,exact_pending_queue,"[[3.6876628649248637e-13, 0.39491762032671435, 1.0666375754074103e-06, 0.6050813130353414], [0.9968158639724125, 0.00034415193186257897, 0.0028399817358479625, 2.3598768905456025e-09], [4.252955376128098e-11, 0.9999897063479998, 4.909855998800156e-07, 9.802623870884443e-06], [7.975107448742374e-15, 6.661793666732527e-05, 0.9990870002725024, 0.0008463817908221462], [6.330619748567567e-13, 0.00041131741122863607, 0.9990776288130837, 0.0005110537750546126], [0.003017393331297677, 0.9968925862250592, 9.002037696369497e-05, 6.667947425946646e-11]]","[{""research"": 0, ""code_review"": 5, ""doc_processing"": 0, ""monitoring"": 3}, {""research"": 8, ""code_review"": 0, ""doc_processing"": 0, ""monitoring"": 0}, {""research"": 0, ""code_review"": 8, ""doc_processing"": 0, ""monitoring"": 0}, {""research"": 0, ""code_review"": 0, ""doc_processing"": 8, ""monitoring"": 0}, {""research"": 0, ""code_review"": 0, ""doc_processing"": 8, ""monitoring"": 0}, {""research"": 0, ""code_review"": 8, ""doc_processing"": 0, ""monitoring"": 0}]","[2, 1, 1, 1, 1, 1]",0.0,0.07953616691041375,0.7833333333333333,0.07163299663299666,0.0501192480359147,"{""COMPUTE"": 858, ""MEMORY"": 683, ""API_CREDITS"": 425, ""DATASET"": 88}","{""COMPUTE"": 660, ""MEMORY"": 525, ""API_CREDITS"": 327, ""DATASET"": 68}","{""COMPUTE"": 1.3, ""MEMORY"": 1.3009523809523809, ""API_CREDITS"": 1.2996941896024465, ""DATASET"": 1.2941176470588236}",4
dirichlet_0.1__moderate,dirichlet_0.1,0.1,moderate,1.3,3885443111,cad30be3623423ac,f92b0ee4186e7de6,exact_pending_queue,"[[4.595523382281989e-05, 0.8853519184749816, 0.0012327263482463042, 0.11336939994294908], [0.14764106939150545, 0.8411255235088283, 0.011166448431755387, 6.695866791099739e-05], [0.5289426377847455, 0.18925137683842988, 0.002174144112571135, 0.2796318412642535], [1.6364457791303722e-10, 0.6536288880135916, 0.04125539211420906, 0.3051157197085548], [0.9929531597865129, 0.0013295433193477354, 8.82671383837143e-10, 0.005717296011468196], [0.060203844258032095, 0.550224820226633, 0.1710750303303147, 0.2184963051850204]]","[{""research"": 0, ""code_review"": 5, ""doc_processing"": 0, ""monitoring"": 3}, {""research"": 1, ""code_review"": 6, ""doc_processing"": 1, ""monitoring"": 0}, {""research"": 6, ""code_review"": 0, ""doc_processing"": 0, ""monitoring"": 2}, {""research"": 0, ""code_review"": 7, ""doc_processing"": 0, ""monitoring"": 1}, {""research"": 8, ""code_review"": 0, ""doc_processing"": 0, ""monitoring"": 0}, {""research"": 0, ""code_review"": 4, ""doc_processing"": 2, ""monitoring"": 2}]","[2, 3, 2, 2, 1, 3]",0.0,0.4058795579202356,0.6166666666666667,0.049713806858212535,0.03342037817475336,"{""COMPUTE"": 860, ""MEMORY"": 731, ""API_CREDITS"": 425, ""DATASET"": 184}","{""COMPUTE"": 662, ""MEMORY"": 562, ""API_CREDITS"": 327, ""DATASET"": 142}","{""COMPUTE"": 1.299093655589124, ""MEMORY"": 1.300711743772242, ""API_CREDITS"": 1.2996941896024465, ""DATASET"": 1.295774647887324}",4
dirichlet_0.1__moderate,dirichlet_0.1,0.1,moderate,1.3,3893939786,b08752318f72bbcc,abfe80da4dfa4b76,exact_pending_queue,"[[0.0005210123253157091, 0.06381583270367924, 0.9338446661314128, 0.0018184888395923206], [0.31996286638004673, 0.61561382584279, 0.017120306353909293, 0.04730300142325408], [0.0879365483973058, 0.008265655483295282, 0.9037977961193836, 1.5357900003111485e-14], [0.8301681025787094, 6.758813323779176e-08, 0.1698318298331573, 1.0849623179193638e-20], [1.2133984297445415e-16, 0.9559310147172713, 0.044011782129784884, 5.7203152943836206e-05], [0.22417072310174854, 2.4243168620427345e-05, 0.4129570237509872, 0.3628480099786439]]","[{""research"": 0, ""code_review"": 0, ""doc_processing"": 8, ""monitoring"": 0}, {""research"": 2, ""code_review"": 6, ""doc_processing"": 0, ""monitoring"": 0}, {""research"": 2, ""code_review"": 0, ""doc_processing"": 6, ""monitoring"": 0}, {""research"": 8, ""code_review"": 0, ""doc_processing"": 0, ""monitoring"": 0}, {""research"": 0, ""code_review"": 8, ""doc_processing"": 0, ""monitoring"": 0}, {""research"": 0, ""code_review"": 0, ""doc_processing"": 5, ""monitoring"": 3}]","[1, 2, 2, 1, 1, 2]",0.0,0.21474918765360254,0.7666666666666667,0.05652048296892149,0.034560040055729706,"{""COMPUTE"": 990, ""MEMORY"": 791, ""API_CREDITS"": 481, ""DATASET"": 120}","{""COMPUTE"": 762, ""MEMORY"": 608, ""API_CREDITS"": 370, ""DATASET"": 92}","{""COMPUTE"": 1.2992125984251968, ""MEMORY"": 1.300986842105263, ""API_CREDITS"": 1.3, ""DATASET"": 1.3043478260869565}",4
dirichlet_0.1__moderate,dirichlet_0.1,0.1,moderate,1.3,3950032071,79172b639e65b3aa,b5d5333bfd97f905,exact_pending_queue,"[[2.1969352360671443e-07, 0.742432726430192, 0.08782564334344943, 0.16974141053283506], [0.9998319581182542, 1.1583297565284128e-09, 0.00016224951110851722, 5.791212307494899e-06], [4.962583357072045e-06, 0.9625500133526894, 1.809252678870651e-21, 0.037445024063953586], [0.7346368480887495, 2.616624450834851e-13, 0.06531252803907214, 0.20005062387191658], [0.07976081321278486, 8.263415748245208e-16, 0.9170569808902165, 0.0031822058969979412], [0.27029514205230853, 0.4322788897779513, 0.07558234671621356, 0.2218436214535268]]","[{""research"": 0, ""code_review"": 7, ""doc_processing"": 0, ""monitoring"": 1}, {""research"": 8, ""code_review"": 0, ""doc_processing"": 0, ""monitoring"": 0}, {""research"": 0, ""code_review"": 7, ""doc_processing"": 0, ""monitoring"": 1}, {""research"": 7, ""code_review"": 0, ""doc_processing"": 0, ""monitoring"": 1}, {""research"": 0, ""code_review"": 0, ""doc_processing"": 8, ""monitoring"": 0}, {""research"": 3, ""code_review"": 3, ""doc_processing"": 1, ""monitoring"": 1}]","[2, 1, 2, 2, 1, 4]",0.16666666666666666,0.2868309545048268,0.725,0.04766742064805227,0.03184807903714395,"{""COMPUTE"": 1012, ""MEMORY"": 838, ""API_CREDITS"": 502, ""DATASET"": 176}","{""COMPUTE"": 778, ""MEMORY"": 645, ""API_CREDITS"": 386, ""DATASET"": 135}","{""COMPUTE"": 1.300771208226221, ""MEMORY"": 1.2992248062015503, ""API_CREDITS"": 1.3005181347150259, ""DATASET"": 1.3037037037037038}",4
dirichlet_0.1__moderate,dirichlet_0.1,0.1,moderate,1.3,3955522292,7c769d86a41ab5c9,47b10076a22d8e99,exact_pending_queue,"[[0.012747318995877492, 0.5736240186062258, 0.3891550159276091, 0.024473646470287713], [1.3767441413241672e-06, 3.3696073968207655e-05, 0.36678113134155627, 0.6331837958403341], [0.0026587152842341903, 0.001305904879328699, 0.9640622285684944, 0.031973151267942646], [0.9774816158230173, 1.1603391586653868e-06, 0.02196920404366909, 0.0005480197941549596], [0.010418838148474984, 4.8943056391187935e-06, 0.0003308610151813066, 0.9892454065307046], [0.011213942283925745, 1.4518124475145695e-07, 0.8362188643053661, 0.15256704822946335]]","[{""research"": 0, ""code_review"": 4, ""doc_processing"": 4, ""monitoring"": 0}, {""research"": 0, ""code_review"": 0, ""doc_processing"": 3, ""monitoring"": 5}, {""research"": 0, ""code_review"": 0, ""doc_processing"": 8, ""monitoring"": 0}, {""research"": 8, ""code_review"": 0, ""doc_processing"": 0, ""monitoring"": 0}, {""research"": 0, ""code_review"": 0, ""doc_processing"": 0, ""monitoring"": 8}, {""research"": 0, ""code_review"": 0, ""doc_processing"": 6, ""monitoring"": 2}]","[2, 2, 1, 1, 1, 2]",0.0,0.23047601061534148,0.7333333333333333,0.14236066336538641,0.09269143421050534,"{""COMPUTE"": 894, ""MEMORY"": 735, ""API_CREDITS"": 385, ""DATASET"": 184}","{""COMPUTE"": 688, ""MEMORY"": 565, ""API_CREDITS"": 296, ""DATASET"": 142}","{""COMPUTE"": 1.2994186046511629, ""MEMORY"": 1.3008849557522124, ""API_CREDITS"": 1.3006756756756757, ""DATASET"": 1.295774647887324}",4
dirichlet_0.1__moderate,dirichlet_0.1,0.1,moderate,1.3,4026759651,61c95011cf09028d,cab6f9cdb4a42c7b,exact_pending_queue,"[[1.0411437795576946e-08, 0.0011915830393983088, 0.9988084064725832, 7.658069339727619e-11], [0.13108005928660402, 0.13013679843891132, 0.7387831422361992, 3.8285485226215566e-11], [0.014837900412351553, 0.6497281624911829, 1.811070748167749e-06, 0.33543212602571737], [0.007730217238852556, 4.655306230516061e-06, 0.003506023952508843, 0.988759103502408], [0.42715631570901275, 0.0651821365105577, 0.1905023604462836, 0.317159187334146], [3.1028667181843325e-08, 0.0070342091601934865, 0.001161926024189194, 0.9918038337869503]]","[{""research"": 0, ""code_review"": 0, ""doc_processing"": 8, ""monitoring"": 0}, {""research"": 3, ""code_review"": 1, ""doc_processing"": 4, ""monitoring"": 0}, {""research"": 0, ""code_review"": 6, ""doc_processing"": 0, ""monitoring"": 2}, {""research"": 0, ""code_review"": 0, ""doc_processing"": 0, ""monitoring"": 8}, {""research"": 4, ""code_review"": 1, ""doc_processing"": 0, ""monitoring"": 3}, {""research"": 0, ""code_review"": 0, ""doc_processing"": 0, ""monitoring"": 8}]","[1, 3, 2, 1, 3, 1]",0.0,0.3018796874098555,0.75,0.1643256984257614,0.11421778376624192,"{""COMPUTE"": 750, ""MEMORY"": 648, ""API_CREDITS"": 308, ""DATASET"": 224}","{""COMPUTE"": 577, ""MEMORY"": 498, ""API_CREDITS"": 237, ""DATASET"": 172}","{""COMPUTE"": 1.2998266897746966, ""MEMORY"": 1.3012048192771084, ""API_CREDITS"": 1.2995780590717299, ""DATASET"": 1.302325581395349}",4
dirichlet_0.1__moderate,dirichlet_0.1,0.1,moderate,1.3,4031711447,3c62ca5db94ed47d,c576526282f8257e,exact_pending_queue,"[[0.9597317345767753, 0.003943767541711056, 0.018813009205306593, 0.017511488676207037], [1.0186941164330665e-06, 0.0001504048001632527, 4.445634373460856e-08, 0.9998485320493765], [0.0034960430892938574, 0.9965034176441155, 1.588906966391148e-09, 5.376776835650252e-07], [1.7497652194318376e-06, 6.865675930398074e-06, 0.15640497846907056, 0.8435864060897796], [0.10712379107516369, 0.04359067907948194, 0.26815283048623606, 0.5811326993591182], [0.10687278419023549, 8.863794406918091e-19, 4.5600510957397716e-10, 0.8931272153537595]]","[{""research"": 8, ""code_review"": 0, ""doc_processing"": 0, ""monitoring"": 0}, {""research"": 0, ""code_review"": 0, ""doc_processing"": 0, ""monitoring"": 8}, {""research"": 0, ""code_review"": 8, ""doc_processing"": 0, ""monitoring"": 0}, {""research"": 0, ""code_review"": 0, ""doc_processing"": 3, ""monitoring"": 5}, {""research"": 0, ""code_review"": 1, ""doc_processing"": 6, ""monitoring"": 1}, {""research"": 1, ""code_review"": 0, ""doc_processing"": 0, ""monitoring"": 7}]","[1, 1, 1, 2, 3, 2]",0.0,0.2132730475486412,0.7916666666666666,0.1575373198141306,0.10216554791933792,"{""COMPUTE"": 762, ""MEMORY"": 666, ""API_CREDITS"": 318, ""DATASET"": 240}","{""COMPUTE"": 586, ""MEMORY"": 512, ""API_CREDITS"": 245, ""DATASET"": 185}","{""COMPUTE"": 1.3003412969283277, ""MEMORY"": 1.30078125, ""API_CREDITS"": 1.2979591836734694, ""DATASET"": 1.2972972972972974}",4
dirichlet_0.1__moderate,dirichlet_0.1,0.1,moderate,1.3,4037661888,cdaebcf1e9375d39,2370bb4a43d8b609,exact_pending_queue,"[[0.03830965444637831, 0.8563886161492378, 2.6278180289902744e-08, 0.1053017031262038], [0.25170873254547516, 0.1620150751429915, 0.5619497785950115, 0.024326413716521816], [0.027606175639548574, 0.09019658121794734, 4.0255692675288107e-16, 0.8821972431425036], [0.24424801556842773, 0.400795297182906, 1.063389057928862e-08, 0.3549566766147758], [0.005115554565124114, 6.460359365199746e-06, 0.9948779821365767, 2.938933930263944e-09], [0.7987235231867614, 0.0017295930088377968, 1.921984564565254e-06, 0.19954496181983616]]","[{""research"": 0, ""code_review"": 8, ""doc_processing"": 0, ""monitoring"": 0}, {""research"": 1, ""code_review"": 2, ""doc_processing"": 5, ""monitoring"": 0}, {""research"": 0, ""code_review"": 0, ""doc_processing"": 0, ""monitoring"": 8}, {""research"": 2, ""code_review"": 3, ""doc_processing"": 0, ""monitoring"": 3}, {""research"": 0, ""code_review"": 0, ""doc_processing"": 8, ""monitoring"": 0}, {""research"": 8, ""code_review"": 0, ""doc_processing"": 0, ""monitoring"": 0}]","[1, 3, 1, 3, 1, 1]",0.0,0.23833942209621095,0.8416666666666667,0.14104362076885246,0.08863946527518517,"{""COMPUTE"": 878, ""MEMORY"": 730, ""API_CREDITS"": 406, ""DATASET"": 176}","{""COMPUTE"": 675, ""MEMORY"": 562, ""API_CREDITS"": 312, ""DATASET"": 135}","{""COMPUTE"": 1.3007407407407408, ""MEMORY"": 1.298932384341637, ""API_CREDITS"": 1.3012820512820513, ""DATASET"": 1.3037037037037038}",4
dirichlet_0.1__moderate,dirichlet_0.1,0.1,moderate,1.3,4071416038,c474208427a3c5a4,fa8fedf5e2f1e624,exact_pending_queue,"[[0.9997983928492663, 4.91381841494329e-06, 0.00018101383314054228, 1.5679499178237127e-05], [0.09366125288033665, 0.0276326215149758, 1.2629250619227972e-05, 0.8786934963540682], [4.948666254432917e-08, 3.0014942087803617e-20, 0.9867400774994163, 0.013259873013921099], [0.044772393503089626, 0.6329730455612219, 0.32223567580575124, 1.8885129937047846e-05], [0.003124340953253232, 0.0022508671654395264, 9.369924690896366e-07, 0.9946238548888382], [2.106938407025427e-05, 0.09146878082612912, 0.14006475175944563, 0.7684453980303549]]","[{""research"": 8, ""code_review"": 0, ""doc_processing"": 0, ""monitoring"": 0}, {""research"": 0, ""code_review"": 0, ""doc_processing"": 0, ""monitoring"": 8}, {""research"": 0, ""code_review"": 0, ""doc_processing"": 8, ""monitoring"": 0}, {""research"": 0, ""code_review"": 7, ""doc_processing"": 1, ""monitoring"": 0}, {""research"": 0, ""code_review"": 0, ""doc_processing"": 0, ""monitoring"": 8}, {""research"": 0, ""code_review"": 0, ""doc_processing"": 1, ""monitoring"": 7}]","[1, 1, 1, 2, 1, 2]",0.0,0.0905940738665994,0.7916666666666666,0.18470584702468754,0.134587936218371,"{""COMPUTE"": 746, ""MEMORY"": 655, ""API_CREDITS"": 301, ""DATASET"": 248}","{""COMPUTE"": 574, ""MEMORY"": 504, ""API_CREDITS"": 232, ""DATASET"": 191}","{""COMPUTE"": 1.2996515679442509, ""MEMORY"": 1.2996031746031746, ""API_CREDITS"": 1.2974137931034482, ""DATASET"": 1.2984293193717278}",4
dirichlet_0.1__moderate,dirichlet_0.1,0.1,moderate,1.3,4085652262,8df1f46d75a790b0,8853edbe6f822b5a,exact_pending_queue,"[[0.044385030796302655, 0.009632365431187485, 0.9459820071479548, 5.966245550805204e-07], [7.017118322571747e-07, 0.7248933146153513, 0.01173433887877771, 0.26337164479403874], [0.1893191363889701, 6.943505815406452e-05, 0.8106099505076846, 1.4780451911627483e-06], [0.09489280065196394, 0.0003280707659048561, 0.3590700768116256, 0.5457090517705054], [0.19385406821352022, 7.85155156844454e-17, 0.8056994230691337, 0.00044650871734617213], [0.000296074783656822, 0.9944653328746227, 0.005182876481924172, 5.571585979624244e-05]]","[{""research"": 0, ""code_review"": 1, ""doc_processing"": 7, ""monitoring"": 0}, {""research"": 0, ""code_review"": 6, ""doc_processing"": 0, ""monitoring"": 2}, {""research"": 3, ""code_review"": 0, ""doc_processing"": 5, ""monitoring"": 0}, {""research"": 0, ""code_review"": 0, ""doc_processing"": 4, ""monitoring"": 4}, {""research"": 1, ""code_review"": 0, ""doc_processing"": 7, ""monitoring"": 0}, {""research"": 0, ""code_review"": 8, ""doc_processing"": 0, ""monitoring"": 0}]","[2, 2, 2, 2, 2, 1]",0.0,0.3210700844819409,0.6666666666666666,0.06264625426350492,0.03882369245127556,"{""COMPUTE"": 840, ""MEMORY"": 658, ""API_CREDITS"": 394, ""DATASET"": 80}","{""COMPUTE"": 646, ""MEMORY"": 506, ""API_CREDITS"": 303, ""DATASET"": 62}","{""COMPUTE"": 1.3003095975232197, ""MEMORY"": 1.300395256916996, ""API_CREDITS"": 1.3003300330033003, ""DATASET"": 1.2903225806451613}",4
dirichlet_0.1__moderate,dirichlet_0.1,0.1,moderate,1.3,4118709976,fbbf6f1142567eb9,9d4755334081a5e1,exact_pending_queue,"[[0.0009082381629489713, 0.005373606907451748, 0.9937181404354175, 1.4494181851301396e-08], [0.39112684281272103, 1.8576350687045484e-15, 0.0005695323334747036, 0.6083036248538025], [2.0949036994208704e-16, 0.9905302096572932, 0.009469790246627127, 9.607955184511495e-11], [0.4005572562336286, 0.5988414031782441, 0.0002720683156649007, 0.0003292722724622656], [0.952318410059813, 0.04746384435090423, 2.1170780679724727e-08, 0.00021772441850202191], [3.360496028141277e-06, 0.9942035574872169, 0.003457760081125075, 0.0023353219356298718]]","[{""research"": 0, ""code_review"": 0, ""doc_processing"": 8, ""monitoring"": 0}, {""research"": 4, ""code_review"": 0, ""doc_processing"": 0, ""monitoring"": 4}, {""research"": 0, ""code_review"": 8, ""doc_processing"": 0, ""monitoring"": 0}, {""research"": 2, ""code_review"": 6, ""doc_processing"": 0, ""monitoring"": 0}, {""research"": 8, ""code_review"": 0, ""doc_processing"": 0, ""monitoring"": 0}, {""research"": 0, ""code_review"": 8, ""doc_processing"": 0, ""monitoring"": 0}]","[1, 2, 1, 2, 1, 1]",0.0,0.15093984370492775,0.7666666666666667,0.0749401913875598,0.048775861687045896,"{""COMPUTE"": 904, ""MEMORY"": 746, ""API_CREDITS"": 454, ""DATASET"": 144}","{""COMPUTE"": 695, ""MEMORY"": 574, ""API_CREDITS"": 349, ""DATASET"": 111}","{""COMPUTE"": 1.3007194244604317, ""MEMORY"": 1.2996515679442509, ""API_CREDITS"": 1.3008595988538683, ""DATASET"": 1.2972972972972974}",4
dirichlet_0.1__moderate,dirichlet_0.1,0.1,moderate,1.3,4148675945,5f6bc888a85750c0,1792a32df9f2b620,exact_pending_queue,"[[1.7138320580869358e-18, 0.7057172172242663, 0.009352064903864313, 0.28493071787186947], [0.0015383970226971791, 0.198869506392862, 0.09627233659106822, 0.7033197599933727], [0.00167495954509442, 2.719149128942124e-15, 0.9717159012362951, 0.026609139218607594], [0.0005790611739706051, 4.3565271389899765e-08, 0.9381193424873958, 0.06130155277336216], [5.966983146614711e-08, 0.9121281139919822, 0.06132527282315192, 0.02654655351503444], [0.9591626076529177, 0.040837383346395154, 9.000519161225619e-09, 1.6795960790470383e-13]]","[{""research"": 0, ""code_review"": 6, ""doc_processing"": 0, ""monitoring"": 2}, {""research"": 0, ""code_review"": 4, ""doc_processing"": 1, ""monitoring"": 3}, {""research"": 1, ""code_review"": 0, ""doc_processing"": 7, ""monitoring"": 0}, {""research"": 0, ""code_review"": 0, ""doc_processing"": 8, ""monitoring"": 0}, {""research"": 0, ""code_review"": 6, ""doc_processing"": 1, ""monitoring"": 1}, {""research"": 8, ""code_review"": 0, ""doc_processing"": 0, ""monitoring"": 0}]","[2, 3, 2, 1, 3, 1]",0.0,0.3184799795289524,0.7416666666666667,0.0570510304665452,0.038962784735739074,"{""COMPUTE"": 888, ""MEMORY"": 715, ""API_CREDITS"": 425, ""DATASET"": 120}","{""COMPUTE"": 683, ""MEMORY"": 550, ""API_CREDITS"": 327, ""DATASET"": 92}","{""COMPUTE"": 1.3001464128843339, ""MEMORY"": 1.3, ""API_CREDITS"": 1.2996941896024465, ""DATASET"": 1.3043478260869565}",4
dirichlet_0.1__moderate,dirichlet_0.1,0.1,moderate,1.3,4169915556,2950d2226ac8c600,ff0e41ad338f5725,exact_pending_queue,"[[3.0819041603342586e-07, 2.4905589999467926e-06, 0.9999682794419822, 2.8921808601894084e-05], [0.012616760741525707, 4.13516200752808e-05, 0.33193646190283316, 0.6554054257355659], [6.092334236858093e-09, 6.142546768320267e-05, 1.0802265351501305e-05, 0.9999277661746311], [0.023249113628015284, 0.06924496858754475, 0.90750591778444, 2.8725810543990243e-17], [0.12174100305439663, 1.198099585090532e-11, 2.5034038715244445e-26, 0.8782589969336224], [0.881921191493626, 0.00010512120455029235, 0.01451932702654724, 0.10345436027527653]]","[{""research"": 0, ""code_review"": 0, ""doc_processing"": 8, ""monitoring"": 0}, {""research"": 1, ""code_review"": 0, ""doc_processing"": 3, ""monitoring"": 4}, {""research"": 0, ""code_review"": 0, ""doc_processing"": 0, ""monitoring"": 8}, {""research"": 0, ""code_review"": 1, ""doc_processing"": 7, ""monitoring"": 0}, {""research"": 1, ""code_review"": 0, ""doc_processing"": 0, ""monitoring"": 7}, {""research"": 8, ""code_review"": 0, ""doc_processing"": 0, ""monitoring"": 0}]","[1, 3, 1, 2, 2, 1]",0.0,0.20773066238572993,0.7416666666666667,0.1591764716764717,0.10275087566754232,"{""COMPUTE"": 898, ""MEMORY"": 757, ""API_CREDITS"": 375, ""DATASET"": 232}","{""COMPUTE"": 691, ""MEMORY"": 582, ""API_CREDITS"": 288, ""DATASET"": 178}","{""COMPUTE"": 1.2995658465991318, ""MEMORY"": 1.3006872852233677, ""API_CREDITS"": 1.3020833333333333, ""DATASET"": 1.303370786516854}",4
dirichlet_0.1__moderate,dirichlet_0.1,0.1,moderate,1.3,4209074295,7cb1b2c90f2edcd7,00d200fd1c9e8fe4,exact_pending_queue,"[[0.004403693525344812, 0.753317013013521, 0.2338807976432203, 0.008398495817913762], [4.347250700129299e-05, 6.984452508011192e-08, 2.0986308742581753e-06, 0.9999543590175993], [5.924811745294228e-10, 0.8791063142499858, 0.07554735863097845, 0.04534632652655466], [0.0005863582674358871, 0.9863110532615088, 6.110850794495761e-08, 0.013102527362547524], [0.9978120829298331, 0.002187917068920944, 2.4286138309627345e-16, 1.2457146237805934e-12], [0.9999964437208257, 4.989225979940363e-07, 2.985999139905822e-06, 7.135743624437418e-08]]","[{""research"": 0, ""code_review"": 5, ""doc_processing"": 3, ""monitoring"": 0}, {""research"": 0, ""code_review"": 0, ""doc_processing"": 0, ""monitoring"": 8}, {""research"": 0, ""code_review"": 7, ""doc_processing"": 1, ""monitoring"": 0}, {""research"": 0, ""code_review"": 8, ""doc_processing"": 0, ""monitoring"": 0}, {""research"": 8, ""code_review"": 0, ""doc_processing"": 0, ""monitoring"": 0}, {""research"": 8, ""code_review"": 0, ""doc_processing"": 0, ""monitoring"": 0}]","[2, 1, 2, 1, 1, 1]",0.0,0.12483320384371345,0.7833333333333333,0.13461538461538458,0.08491611269389045,"{""COMPUTE"": 896, ""MEMORY"": 760, ""API_CREDITS"": 440, ""DATASET"": 192}","{""COMPUTE"": 689, ""MEMORY"": 585, ""API_CREDITS"": 338, ""DATASET"": 148}","{""COMPUTE"": 1.3004354136429608, ""MEMORY"": 1.2991452991452992, ""API_CREDITS"": 1.301775147928994, ""DATASET"": 1.2972972972972974}",4
dirichlet_0.1__moderate,dirichlet_0.1,0.1,moderate,1.3,4215538721,1dec5d80336271d5,cc603c94fb0d95fe,exact_pending_queue,"[[0.05775559075796911, 0.04445585142394026, 0.5638719606336591, 0.3339165971844317], [6.47831926456415e-05, 6.914046554103588e-06, 0.02136134078434542, 0.9785669619764548], [0.14604653119453678, 1.572044081673975e-05, 4.917221651114245e-05, 0.8538885761481354], [0.09356088851693922, 0.8837141521701638, 0.02272495931182204, 1.0750131542223661e-12], [0.0934759701972736, 6.354544962905261e-23, 0.4651961750926981, 0.4413278547100284], [0.6354853718602697, 2.1672231115201166e-06, 0.019399436033937997, 0.3451130248826809]]","[{""research"": 2, ""code_review"": 1, ""doc_processing"": 3, ""monitoring"": 2}, {""research"": 0, ""code_review"": 0, ""doc_processing"": 0, ""monitoring"": 8}, {""research"": 1, ""code_review"": 0, ""doc_processing"": 0, ""monitoring"": 7}, {""research"": 0, ""code_review"": 8, ""doc_processing"": 0, ""monitoring"": 0}, {""research"": 0, ""code_review"": 0, ""doc_processing"": 4, ""monitoring"": 4}, {""research"": 6, ""code_review"": 0, ""doc_processing"": 1, ""monitoring"": 1}]","[4, 1, 2, 1, 2, 3]",0.16666666666666666,0.375873469157358,0.7083333333333334,0.14302158302158305,0.09426812995934443,"{""COMPUTE"": 748, ""MEMORY"": 659, ""API_CREDITS"": 309, ""DATASET"": 248}","{""COMPUTE"": 575, ""MEMORY"": 507, ""API_CREDITS"": 238, ""DATASET"": 191}","{""COMPUTE"": 1.3008695652173914, ""MEMORY"": 1.2998027613412229, ""API_CREDITS"": 1.2983193277310925, ""DATASET"": 1.2984293193717278}",4
dirichlet_0.1__moderate,dirichlet_0.1,0.1,moderate,1.3,4224506899,7fe0a4bf2b60253a,8f028809bb8f7ec5,exact_pending_queue,"[[0.35994841947265216, 4.0085288978049484e-05, 0.5485390076053995, 0.09147248763297028], [1.5276737175318627e-12, 0.9284183524830102, 0.06750199194936919, 0.00407965556609278], [0.00017636713089332266, 0.3264924295740952, 2.8473900562670663e-11, 0.6733312032665376], [0.9989648318561519, 0.0007960386856994639, 9.938828199660938e-05, 0.00013974117615200873], [4.803755716619189e-05, 0.8147026572717421, 6.51873115874891e-05, 0.18518411785950414], [5.728062289279631e-15, 0.9935307352288526, 0.002600580583428398, 0.003868684187713286]]","[{""research"": 4, ""code_review"": 0, ""doc_processing"": 4, ""monitoring"": 0}, {""research"": 0, ""code_review"": 8, ""doc_processing"": 0, ""monitoring"": 0}, {""research"": 0, ""code_review"": 3, ""doc_processing"": 0, ""monitoring"": 5}, {""research"": 8, ""code_review"": 0, ""doc_processing"": 0, ""monitoring"": 0}, {""research"": 0, ""code_review"": 7, ""doc_processing"": 0, ""monitoring"": 1}, {""research"": 0, ""code_review"": 8, ""doc_processing"": 0, ""monitoring"": 0}]","[2, 1, 2, 1, 2, 1]",0.0,0.20816653717704678,0.7,0.08928844976674746,0.0560807053517157,"{""COMPUTE"": 804, ""MEMORY"": 674, ""API_CREDITS"": 406, ""DATASET"": 144}","{""COMPUTE"": 618, ""MEMORY"": 518, ""API_CREDITS"": 312, ""DATASET"": 111}","{""COMPUTE"": 1.3009708737864079, ""MEMORY"": 1.3011583011583012, ""API_CREDITS"": 1.3012820512820513, ""DATASET"": 1.2972972972972974}",4
dirichlet_0.1__moderate,dirichlet_0.1,0.1,moderate,1.3,4230076829,e40fcb65337b1596,2a136f32e9aafe7d,exact_pending_queue,"[[0.9113283281885712, 0.08616281260346194, 2.0320710190602607e-05, 0.0024885384977760515], [0.0002703358728524857, 0.9275061086292955, 0.05288698837745505, 0.019336567120396823], [4.093457335897757e-05, 0.6239452915087884, 7.599950111178151e-10, 0.3760137731578578], [0.06155956007270473, 4.675650665539177e-18, 0.811706526967817, 0.12673391295947822], [0.02549732204971061, 0.9635859932395893, 0.0013595746973958688, 0.009557110013304258], [0.9828677422069723, 1.6281071071552782e-07, 7.728042940031616e-09, 0.01713208725427402]]","[{""research"": 7, ""code_review"": 1, ""doc_processing"": 0, ""monitoring"": 0}, {""research"": 0, ""code_review"": 8, ""doc_processing"": 0, ""monitoring"": 0}, {""research"": 0, ""code_review"": 6, ""doc_processing"": 0, ""monitoring"": 2}, {""research"": 0, ""code_review"": 0, ""doc_processing"": 7, ""monitoring"": 1}, {""research"": 1, ""code_review"": 7, ""doc_processing"": 0, ""monitoring"": 0}, {""research"": 8, ""code_review"": 0, ""doc_processing"": 0, ""monitoring"": 0}]","[2, 1, 2, 2, 2, 1]",0.0,0.2034976211714935,0.7333333333333333,0.05195027852091783,0.03751533549392049,"{""COMPUTE"": 942, ""MEMORY"": 779, ""API_CREDITS"": 477, ""DATASET"": 152}","{""COMPUTE"": 725, ""MEMORY"": 599, ""API_CREDITS"": 367, ""DATASET"": 117}","{""COMPUTE"": 1.2993103448275862, ""MEMORY"": 1.3005008347245408, ""API_CREDITS"": 1.2997275204359673, ""DATASET"": 1.2991452991452992}",4
dirichlet_0.1__moderate,dirichlet_0.1,0.1,moderate,1.3,4253299686,e44dc06ab5fcfc57,b5f2009e04900081,exact_pending_queue,"[[0.8171201152046371, 0.0011089061781487312, 0.1519010364037438, 0.02986994221347036], [2.1357787701466075e-12, 0.8998519824019966, 0.09981247795424227, 0.00033553964162523443], [0.000377142309826616, 0.9995471170860499, 6.878151156403063e-05, 6.959092559422275e-06], [0.04250490048001091, 0.0364896244778223, 0.9200767043545837, 0.0009287706875832119], [0.6867666021658528, 1.1258349446812652e-05, 9.41450885826207e-08, 0.31322204533961184], [0.00857333757644059, 0.0001588385643377252, 0.7813053930399119, 0.20996243081930976]]","[{""research"": 7, ""code_review"": 0, ""doc_processing"": 1, ""monitoring"": 0}, {""research"": 0, ""code_review"": 7, ""doc_processing"": 1, ""monitoring"": 0}, {""research"": 0, ""code_review"": 8, ""doc_processing"": 0, ""monitoring"": 0}, {""research"": 0, ""code_review"": 0, ""doc_processing"": 8, ""monitoring"": 0}, {""research"": 5, ""code_review"": 0, ""doc_processing"": 0, ""monitoring"": 3}, {""research"": 0, ""code_review"": 0, ""doc_processing"": 6, ""monitoring"": 2}]","[2, 2, 1, 1, 2, 2]",0.0,0.23773675114860757,0.7916666666666666,0.0699462693769332,0.04600165177326765,"{""COMPUTE"": 950, ""MEMORY"": 769, ""API_CREDITS"": 459, ""DATASET"": 136}","{""COMPUTE"": 731, ""MEMORY"": 592, ""API_CREDITS"": 353, ""DATASET"": 105}","{""COMPUTE"": 1.2995896032831737, ""MEMORY"": 1.2989864864864864, ""API_CREDITS"": 1.3002832861189801, ""DATASET"": 1.2952380952380953}",4
dirichlet_0.1__moderate,dirichlet_0.1,0.1,moderate,1.3,4259560605,594ffc4dc29c6996,d8f326008f33b0bc,exact_pending_queue,"[[3.205279554774433e-12, 0.18874657484569662, 0.2123673319584454, 0.5988860931926527], [0.8375449338120889, 0.16224880549500306, 0.00019083946614673996, 1.5421226761281742e-05], [0.009598740608104053, 7.308966674902938e-11, 0.6563817176019328, 0.3340195417168735], [2.980058822043727e-20, 0.026439241488057406, 1.2808910239571564e-05, 0.973547949601703], [0.7714974920514451, 0.22801794134256773, 0.000168026817483137, 0.0003165397885040211], [0.0010326241389774944, 0.011267152841325517, 0.9428815387803263, 0.04481868423937068]]","[{""research"": 0, ""code_review"": 2, ""doc_processing"": 0, ""monitoring"": 6}, {""research"": 8, ""code_review"": 0, ""doc_processing"": 0, ""monitoring"": 0}, {""research"": 0, ""code_review"": 0, ""doc_processing"": 4, ""monitoring"": 4}, {""research"": 0, ""code_review"": 0, ""doc_processing"": 0, ""monitoring"": 8}, {""research"": 4, ""code_review"": 4, ""doc_processing"": 0, ""monitoring"": 0}, {""research"": 0, ""code_review"": 0, ""doc_processing"": 8, ""monitoring"": 0}]","[2, 1, 2, 1, 2, 1]",0.0,0.2342731770382611,0.8,0.1464772178007472,0.09607789479113009,"{""COMPUTE"": 876, ""MEMORY"": 750, ""API_CREDITS"": 378, ""DATASET"": 240}","{""COMPUTE"": 674, ""MEMORY"": 577, ""API_CREDITS"": 291, ""DATASET"": 185}","{""COMPUTE"": 1.2997032640949555, ""MEMORY"": 1.2998266897746966, ""API_CREDITS"": 1.2989690721649485, ""DATASET"": 1.2972972972972974}",4
dirichlet_0.1__moderate,dirichlet_0.1,0.1,moderate,1.3,4283749312,7090ecf365d99528,d280dbb089d2ef15,exact_pending_queue,"[[0.007967800894944208, 6.686978675779378e-07, 0.9915783492701233, 0.00045318113706485673], [1.611889276898017e-05, 0.2145829589139613, 0.03053929784311488, 0.7548616243501548], [8.975632497460327e-11, 0.09297040701687219, 8.330452360438225e-07, 0.9070287598481355], [0.012023059346454066, 9.30438738300109e-07, 0.6486951193829337, 0.33928089083187407], [0.9712866661876277, 0.00016130842148881242, 0.004390747391176264, 0.024161277999707242], [0.7801906177096772, 0.004960611370919644, 4.413649424690109e-10, 0.21484877047803833]]","[{""research"": 0, ""code_review"": 0, ""doc_processing"": 8, ""monitoring"": 0}, {""research"": 0, ""code_review"": 1, ""doc_processing"": 1, ""monitoring"": 6}, {""research"": 0, ""code_review"": 1, ""doc_processing"": 0, ""monitoring"": 7}, {""research"": 0, ""code_review"": 0, ""doc_processing"": 6, ""monitoring"": 2}, {""research"": 8, ""code_review"": 0, ""doc_processing"": 0, ""monitoring"": 0}, {""research"": 5, ""code_review"": 0, ""doc_processing"": 0, ""monitoring"": 3}]","[1, 3, 2, 2, 1, 2]",0.0,0.2808795579202356,0.7333333333333333,0.1324491756278104,0.0853443418808323,"{""COMPUTE"": 936, ""MEMORY"": 795, ""API_CREDITS"": 401, ""DATASET"": 248}","{""COMPUTE"": 720, ""MEMORY"": 612, ""API_CREDITS"": 308, ""DATASET"": 191}","{""COMPUTE"": 1.3, ""MEMORY"": 1.2990196078431373, ""API_CREDITS"": 1.301948051948052, ""DATASET"": 1.2984293193717278}",4
