cell,delta,contention,contention_ratio,seed,task_workload_hash,capacity_by_resource,realized_contention_by_resource,active_resource_count,drift_source_total,changed_identities_total,task_mixture_tv_from_baseline_mean,mand_demand_tv_mean_pairwise,task_entropy_mean,cross_agent_dissimilarity,staleness_error_mean,calibration_error_mean,latent_oracle_error_mean
delta0.00__high,0.0,high,1.9,19063083,f65d4751b4e13447,"{""COMPUTE"": 429, ""MEMORY"": 330, ""API_CREDITS"": 192, ""DATASET"": 36}","{""COMPUTE"": 1.916083916083916, ""MEMORY"": 1.9181818181818182, ""API_CREDITS"": 1.890625, ""DATASET"": 2.0}",4,0,0,0.0,0.11977329657742028,0.1546307805479816,0.09011059816472188,4.232876650978956,7.150763304667355,6.9005870695547395
delta0.00__high,0.0,high,1.9,27327381,fe3b977025c0e7dc,"{""COMPUTE"": 480, ""MEMORY"": 378, ""API_CREDITS"": 239, ""DATASET"": 41}","{""COMPUTE"": 1.8166666666666667, ""MEMORY"": 1.7989417989417988, ""API_CREDITS"": 1.790794979079498, ""DATASET"": 1.5609756097560976}",4,0,0,0.0,0.053448275862068954,0.2095592761056878,0.038710826210826214,7.8223375821078465,9.585206436900569,31.985437293078707
delta0.00__high,0.0,high,1.9,73091972,a11c103769874aca,"{""COMPUTE"": 381, ""MEMORY"": 333, ""API_CREDITS"": 167, ""DATASET"": 113}","{""COMPUTE"": 1.994750656167979, ""MEMORY"": 2.033033033033033, ""API_CREDITS"": 1.910179640718563, ""DATASET"": 2.336283185840708}",4,0,0,0.0,0.17045216806410834,0.2917966325512606,0.12019364859849935,6.37648431043068,20.142012140900007,31.6332755243718
delta0.00__high,0.0,high,1.9,75104030,5d7097c1a631a5d0,"{""COMPUTE"": 274, ""MEMORY"": 250, ""API_CREDITS"": 104, ""DATASET"": 110}","{""COMPUTE"": 1.9781021897810218, ""MEMORY"": 1.936, ""API_CREDITS"": 2.0384615384615383, ""DATASET"": 1.7454545454545454}",4,0,0,0.0,0.19101776729203918,0.275006688705882,0.15040280983848944,7.486968628211108,5.978089962276459,22.338735664923107
delta0.00__high,0.0,high,1.9,75640271,82edf31ea0c2e288,"{""COMPUTE"": 491, ""MEMORY"": 428, ""API_CREDITS"": 225, ""DATASET"": 143}","{""COMPUTE"": 1.9226069246435846, ""MEMORY"": 1.9065420560747663, ""API_CREDITS"": 1.9377777777777778, ""DATASET"": 1.7902097902097902}",4,0,0,0.0,0.09819364916449685,0.2620901233833099,0.06854003295012868,8.976336235963105,13.55575552723237,12.061319069863293
delta0.00__high,0.0,high,1.9,87781505,0617a080e791f545,"{""COMPUTE"": 462, ""MEMORY"": 389, ""API_CREDITS"": 221, ""DATASET"": 98}","{""COMPUTE"": 2.0476190476190474, ""MEMORY"": 2.007712082262211, ""API_CREDITS"": 2.0588235294117645, ""DATASET"": 1.7142857142857142}",4,0,0,0.0,0.07604797268251037,0.3599372841177626,0.04754519735948317,14.6325221843517,20.15523161795844,38.36352231494229
delta0.00__high,0.0,high,1.9,94885586,53e72eab2e93d465,"{""COMPUTE"": 510, ""MEMORY"": 429, ""API_CREDITS"": 237, ""DATASET"": 113}","{""COMPUTE"": 2.011764705882353, ""MEMORY"": 2.0023310023310024, ""API_CREDITS"": 2.0464135021097047, ""DATASET"": 1.9115044247787611}",4,0,0,0.0,0.11103979582998551,0.3841231268985997,0.06672557249405127,17.27738247064164,8.545750747780977,37.84817264624331
delta0.00__high,0.0,high,1.9,101192955,462151e4bb9a0945,"{""COMPUTE"": 474, ""MEMORY"": 410, ""API_CREDITS"": 229, ""DATASET"": 121}","{""COMPUTE"": 1.738396624472574, ""MEMORY"": 1.7585365853658537, ""API_CREDITS"": 1.6899563318777293, ""DATASET"": 1.9173553719008265}",4,0,0,0.0,0.1305870512586822,0.33979609444730197,0.09463362019573106,18.5212894646872,21.24473627527482,40.63608713402645
delta0.00__high,0.0,high,1.9,108416726,60e32056a1a1c0b9,"{""COMPUTE"": 422, ""MEMORY"": 349, ""API_CREDITS"": 198, ""DATASET"": 76}","{""COMPUTE"": 1.9241706161137442, ""MEMORY"": 1.9025787965616046, ""API_CREDITS"": 1.9595959595959596, ""DATASET"": 1.6842105263157894}",4,0,0,0.0,0.11158493700510505,0.25137693588358256,0.07096852921432754,3.8398457823163916,7.385898061530881,10.09207984936072
delta0.00__high,0.0,high,1.9,112626036,787a2bacefa458f7,"{""COMPUTE"": 483, ""MEMORY"": 389, ""API_CREDITS"": 220, ""DATASET"": 73}","{""COMPUTE"": 2.008281573498965, ""MEMORY"": 1.9845758354755785, ""API_CREDITS"": 2.036363636363636, ""DATASET"": 1.7534246575342465}",4,0,0,0.0,0.11942207266843188,0.14485959164246123,0.08248194168628029,11.619588557056389,10.730699668167501,23.785842355386183
delta0.00__high,0.0,high,1.9,129877774,456131f78df7304a,"{""COMPUTE"": 625, ""MEMORY"": 514, ""API_CREDITS"": 308, ""DATASET"": 106}","{""COMPUTE"": 1.9328, ""MEMORY"": 1.933852140077821, ""API_CREDITS"": 1.9285714285714286, ""DATASET"": 1.9622641509433962}",4,0,0,0.0,0.0557574096225412,0.23964892668869653,0.03932077075580365,9.657774721546874,11.470218916829069,15.296994327903482
delta0.00__high,0.0,high,1.9,139216186,bc7811a4fe4a9cfb,"{""COMPUTE"": 365, ""MEMORY"": 309, ""API_CREDITS"": 158, ""DATASET"": 87}","{""COMPUTE"": 1.8465753424657534, ""MEMORY"": 1.838187702265372, ""API_CREDITS"": 1.8227848101265822, ""DATASET"": 1.839080459770115}",4,0,0,0.0,0.16028083028083032,0.3721744024822293,0.10810231435231436,10.399064679331628,14.498106388247486,21.926318550885465
delta0.00__high,0.0,high,1.9,139730805,a5515c8b010cbda9,"{""COMPUTE"": 546, ""MEMORY"": 430, ""API_CREDITS"": 261, ""DATASET"": 58}","{""COMPUTE"": 1.879120879120879, ""MEMORY"": 1.8837209302325582, ""API_CREDITS"": 1.8773946360153257, ""DATASET"": 1.9310344827586208}",4,0,0,0.0,0.06779331779331779,0.19003438637734515,0.04911292411292412,8.106611735870437,6.46065224193985,4.8917396088915295
delta0.00__high,0.0,high,1.9,147261721,a8fffd2c31b5ca96,"{""COMPUTE"": 450, ""MEMORY"": 364, ""API_CREDITS"": 210, ""DATASET"": 68}","{""COMPUTE"": 1.7866666666666666, ""MEMORY"": 1.8076923076923077, ""API_CREDITS"": 1.723809523809524, ""DATASET"": 2.1176470588235294}",4,0,0,0.0,0.13736926228854773,0.20359931584907484,0.09539611267890075,14.138596985817259,13.257023812836998,25.47472117221719
delta0.00__high,0.0,high,1.9,152599165,1aaf0a91e80939a3,"{""COMPUTE"": 523, ""MEMORY"": 429, ""API_CREDITS"": 258, ""DATASET"": 83}","{""COMPUTE"": 1.9617590822179731, ""MEMORY"": 1.9580419580419581, ""API_CREDITS"": 1.9689922480620154, ""DATASET"": 1.927710843373494}",4,0,0,0.0,0.06654905717405717,0.36184366229644754,0.04295910155285156,21.54059987844714,25.16807151869965,29.96062066264599
delta0.00__high,0.0,high,1.9,153676091,3983b8bcb5c5a230,"{""COMPUTE"": 488, ""MEMORY"": 407, ""API_CREDITS"": 246, ""DATASET"": 86}","{""COMPUTE"": 1.8770491803278688, ""MEMORY"": 1.8771498771498771, ""API_CREDITS"": 1.886178861788618, ""DATASET"": 1.8604651162790697}",4,0,0,0.0,0.0660584827251494,0.1803817756532856,0.04915711165711165,9.38927884361159,5.833723288056034,8.690696956202034
delta0.00__high,0.0,high,1.9,173143613,6ae6be4b7bbbd3d9,"{""COMPUTE"": 249, ""MEMORY"": 219, ""API_CREDITS"": 115, ""DATASET"": 67}","{""COMPUTE"": 1.8473895582329318, ""MEMORY"": 1.8630136986301369, ""API_CREDITS"": 1.8434782608695652, ""DATASET"": 1.9104477611940298}",4,0,0,0.0,0.1727920227920228,0.09627143529197048,0.14245014245014245,3.8851423920046035,3.4962535031157156,5.345113081669404
delta0.00__high,0.0,high,1.9,190642350,d0295d8d72966b39,"{""COMPUTE"": 511, ""MEMORY"": 429, ""API_CREDITS"": 227, ""DATASET"": 120}","{""COMPUTE"": 1.8630136986301369, ""MEMORY"": 1.878787878787879, ""API_CREDITS"": 1.841409691629956, ""DATASET"": 2.0}",4,0,0,0.0,0.10684813054443287,0.3716957520937805,0.06955322387201308,14.462227418744433,22.04236362111055,28.288039475355713
delta0.00__high,0.0,high,1.9,207766894,d7e3e8cf26104c96,"{""COMPUTE"": 636, ""MEMORY"": 527, ""API_CREDITS"": 298, ""DATASET"": 128}","{""COMPUTE"": 2.009433962264151, ""MEMORY"": 1.9696394686907022, ""API_CREDITS"": 2.046979865771812, ""DATASET"": 1.625}",4,0,0,0.0,0.05515109824661712,0.16119693710330768,0.04008317252715837,11.203077146790207,5.739486585441416,33.49181863004767
delta0.00__high,0.0,high,1.9,214952310,75de217369a1eb4c,"{""COMPUTE"": 509, ""MEMORY"": 433, ""API_CREDITS"": 228, ""DATASET"": 130}","{""COMPUTE"": 1.756385068762279, ""MEMORY"": 1.7551963048498844, ""API_CREDITS"": 1.7543859649122806, ""DATASET"": 1.7230769230769232}",4,0,0,0.0,0.12251927933623893,0.39091841210447503,0.07360508543992751,24.567645170144058,17.62855511891179,54.627178163768214
delta0.00__high,0.0,high,1.9,223200515,bd45dc832d75406d,"{""COMPUTE"": 414, ""MEMORY"": 358, ""API_CREDITS"": 177, ""DATASET"": 121}","{""COMPUTE"": 2.004830917874396, ""MEMORY"": 2.0027932960893855, ""API_CREDITS"": 2.073446327683616, ""DATASET"": 1.9173553719008265}",4,0,0,0.0,0.16202978124294012,0.26779751436578014,0.10634660835058425,17.263302404518317,9.256360749453233,24.019751357742578
delta0.00__high,0.0,high,1.9,271508238,a566f208207f3b71,"{""COMPUTE"": 419, ""MEMORY"": 361, ""API_CREDITS"": 185, ""DATASET"": 114}","{""COMPUTE"": 1.775656324582339, ""MEMORY"": 1.7645429362880887, ""API_CREDITS"": 1.7243243243243243, ""DATASET"": 1.7543859649122806}",4,0,0,0.0,0.17287763165734368,0.27156089018642143,0.11844122525826577,7.756317198796347,6.482212980633951,29.24168680454518
delta0.00__high,0.0,high,1.9,278611269,391dbdb3e4aa8f99,"{""COMPUTE"": 448, ""MEMORY"": 411, ""API_CREDITS"": 178, ""DATASET"": 191}","{""COMPUTE"": 1.8482142857142858, ""MEMORY"": 1.8759124087591241, ""API_CREDITS"": 1.8258426966292134, ""DATASET"": 1.968586387434555}",4,0,0,0.0,0.11440283660294347,0.3449097538648034,0.07974703604545975,15.532606859621426,21.246674675338863,39.771597911937626
delta0.00__high,0.0,high,1.9,279304908,a3654cc4c98f4d6c,"{""COMPUTE"": 419, ""MEMORY"": 356, ""API_CREDITS"": 183, ""DATASET"": 106}","{""COMPUTE"": 1.8711217183770883, ""MEMORY"": 1.8792134831460674, ""API_CREDITS"": 1.8961748633879782, ""DATASET"": 1.8867924528301887}",4,0,0,0.0,0.17683058444604632,0.26139773297571217,0.12814570246799162,9.370544828304569,9.774703811971142,30.253403940854025
delta0.00__high,0.0,high,1.9,284064978,ce4d3d169a546e2d,"{""COMPUTE"": 500, ""MEMORY"": 428, ""API_CREDITS"": 248, ""DATASET"": 115}","{""COMPUTE"": 2.084, ""MEMORY"": 2.0911214953271027, ""API_CREDITS"": 2.0846774193548385, ""DATASET"": 2.1565217391304348}",4,0,0,0.0,0.10182027342600763,0.2627846413418323,0.06155020510015199,5.995522671066091,6.606342242036295,45.44764748253857
delta0.00__high,0.0,high,1.9,322453867,280fec6698552fb2,"{""COMPUTE"": 508, ""MEMORY"": 405, ""API_CREDITS"": 246, ""DATASET"": 60}","{""COMPUTE"": 1.8976377952755905, ""MEMORY"": 1.9037037037037037, ""API_CREDITS"": 1.8902439024390243, ""DATASET"": 2.0}",4,0,0,0.0,0.07102106690426725,0.21276203666352952,0.0478523631458398,14.905084485661433,6.229478121879207,10.800672717273136
delta0.00__high,0.0,high,1.9,343457384,2880e9f776c6286c,"{""COMPUTE"": 610, ""MEMORY"": 493, ""API_CREDITS"": 296, ""DATASET"": 89}","{""COMPUTE"": 1.8786885245901639, ""MEMORY"": 1.8864097363083163, ""API_CREDITS"": 1.8716216216216217, ""DATASET"": 1.9775280898876404}",4,0,0,0.0,0.0670679396706794,0.13937917638921657,0.04877830819611643,6.147518360679382,10.943892868493352,6.354881147629126
delta0.00__high,0.0,high,1.9,386742898,c5188c3186f18047,"{""COMPUTE"": 466, ""MEMORY"": 417, ""API_CREDITS"": 202, ""DATASET"": 164}","{""COMPUTE"": 2.0, ""MEMORY"": 1.9832134292565948, ""API_CREDITS"": 2.0247524752475248, ""DATASET"": 1.9024390243902438}",4,0,0,0.0,0.14813939733231454,0.2916768281476901,0.10674495925669863,14.429177232871275,14.13274632328328,20.951534909570388
delta0.00__high,0.0,high,1.9,396660506,7c76a9d3b37e4b54,"{""COMPUTE"": 330, ""MEMORY"": 278, ""API_CREDITS"": 163, ""DATASET"": 61}","{""COMPUTE"": 1.793939393939394, ""MEMORY"": 1.7697841726618706, ""API_CREDITS"": 1.7668711656441718, ""DATASET"": 1.5737704918032787}",4,0,0,0.0,0.10630662381489477,0.2751353357350465,0.06828811278030754,7.896819101101808,11.179059874801323,41.108177316769904
delta0.00__high,0.0,high,1.9,421967079,81b58845216343c2,"{""COMPUTE"": 555, ""MEMORY"": 469, ""API_CREDITS"": 267, ""DATASET"": 123}","{""COMPUTE"": 1.9603603603603603, ""MEMORY"": 1.9466950959488274, ""API_CREDITS"": 1.9438202247191012, ""DATASET"": 1.886178861788618}",4,0,0,0.0,0.1276712032180782,0.2369387079878721,0.07846589897371148,11.783563730263813,11.51314760203934,25.158611556784635
delta0.00__high,0.0,high,1.9,433449607,2dad473c0befa480,"{""COMPUTE"": 579, ""MEMORY"": 499, ""API_CREDITS"": 261, ""DATASET"": 163}","{""COMPUTE"": 1.85146804835924, ""MEMORY"": 1.8557114228456915, ""API_CREDITS"": 1.8467432950191571, ""DATASET"": 1.8650306748466257}",4,0,0,0.0,0.1557465682465682,0.11216922048757844,0.11421641629974964,10.704621719168662,7.621541679771574,13.399319457549344
delta0.00__high,0.0,high,1.9,446926817,9c6129eef0126e72,"{""COMPUTE"": 477, ""MEMORY"": 385, ""API_CREDITS"": 222, ""DATASET"": 71}","{""COMPUTE"": 1.928721174004193, ""MEMORY"": 1.9246753246753248, ""API_CREDITS"": 1.9234234234234233, ""DATASET"": 1.9154929577464788}",4,0,0,0.0,0.13323450854700852,0.1777313943395754,0.08837918447293447,7.543770391370887,6.963317737101966,11.388818021168829
delta0.00__high,0.0,high,1.9,453512931,bd69bc61e4cb9834,"{""COMPUTE"": 481, ""MEMORY"": 409, ""API_CREDITS"": 231, ""DATASET"": 110}","{""COMPUTE"": 1.95010395010395, ""MEMORY"": 1.9682151589242054, ""API_CREDITS"": 1.9350649350649352, ""DATASET"": 2.109090909090909}",4,0,0,0.0,0.12358634421134422,0.3095987028759539,0.07496209423292757,9.047221329090952,17.958466342313837,22.431054953692364
delta0.00__high,0.0,high,1.9,469716932,33809de90aafe241,"{""COMPUTE"": 530, ""MEMORY"": 419, ""API_CREDITS"": 245, ""DATASET"": 64}","{""COMPUTE"": 1.9320754716981132, ""MEMORY"": 1.9236276849642004, ""API_CREDITS"": 1.9673469387755103, ""DATASET"": 1.75}",4,0,0,0.0,0.06824521813883515,0.2587017041763399,0.04925381673313115,6.403161338803443,7.856219490040801,26.87831251046136
delta0.00__high,0.0,high,1.9,484036427,82202691d32e8e30,"{""COMPUTE"": 485, ""MEMORY"": 406, ""API_CREDITS"": 249, ""DATASET"": 85}","{""COMPUTE"": 1.9010309278350515, ""MEMORY"": 1.8990147783251232, ""API_CREDITS"": 1.9477911646586346, ""DATASET"": 1.7882352941176471}",4,0,0,0.0,0.048965821000704714,0.27607948683548006,0.033258915462767207,8.065489405599363,9.188904775038935,25.858960204780164
delta0.00__high,0.0,high,1.9,496510537,5d119f3e806a1f03,"{""COMPUTE"": 710, ""MEMORY"": 578, ""API_CREDITS"": 342, ""DATASET"": 117}","{""COMPUTE"": 1.9070422535211267, ""MEMORY"": 1.9013840830449826, ""API_CREDITS"": 1.909356725146199, ""DATASET"": 1.8461538461538463}",4,0,0,0.0,0.054386994106620276,0.1723695292046951,0.03898126795323057,14.9052139491167,7.879263793797057,23.63362539659973
delta0.00__high,0.0,high,1.9,561058638,965ea104f0c88255,"{""COMPUTE"": 532, ""MEMORY"": 405, ""API_CREDITS"": 249, ""DATASET"": 31}","{""COMPUTE"": 1.913533834586466, ""MEMORY"": 1.9259259259259258, ""API_CREDITS"": 1.9437751004016064, ""DATASET"": 2.064516129032258}",4,0,0,0.0,0.04618415993848519,0.22392314091524582,0.031812873132974956,7.509434869746012,3.9193155018725907,37.72495342824026
delta0.00__high,0.0,high,1.9,572743071,be72a04f8e26460a,"{""COMPUTE"": 575, ""MEMORY"": 474, ""API_CREDITS"": 259, ""DATASET"": 116}","{""COMPUTE"": 1.8121739130434782, ""MEMORY"": 1.8122362869198312, ""API_CREDITS"": 1.77992277992278, ""DATASET"": 1.8620689655172413}",4,0,0,0.0,0.13081684678518943,0.2179171491470616,0.0793198250872056,5.011338209041805,6.869127984747897,22.55538073843122
delta0.00__high,0.0,high,1.9,584741180,c132d31f4e192699,"{""COMPUTE"": 448, ""MEMORY"": 399, ""API_CREDITS"": 196, ""DATASET"": 151}","{""COMPUTE"": 1.8348214285714286, ""MEMORY"": 1.844611528822055, ""API_CREDITS"": 1.816326530612245, ""DATASET"": 1.9072847682119205}",4,0,0,0.0,0.1522230855564189,0.28043213354877444,0.10820269055563174,7.764380724369175,9.795097631797256,18.041618258598763
delta0.00__high,0.0,high,1.9,585558921,319e72457b06b09d,"{""COMPUTE"": 384, ""MEMORY"": 327, ""API_CREDITS"": 158, ""DATASET"": 105}","{""COMPUTE"": 1.953125, ""MEMORY"": 1.966360856269113, ""API_CREDITS"": 1.9303797468354431, ""DATASET"": 2.057142857142857}",4,0,0,0.0,0.17121495813179383,0.35370980461529705,0.11892408967713226,16.932814524848737,20.334044399261174,43.075475110789704
delta0.00__high,0.0,high,1.9,602333967,d0a725506d6a4123,"{""COMPUTE"": 526, ""MEMORY"": 443, ""API_CREDITS"": 243, ""DATASET"": 120}","{""COMPUTE"": 1.9429657794676807, ""MEMORY"": 1.9435665914221218, ""API_CREDITS"": 1.954732510288066, ""DATASET"": 1.9333333333333333}",4,0,0,0.0,0.08550980414983488,0.31210386451462285,0.05637496103304785,20.43328024959226,19.14463963255051,21.91008166640678
delta0.00__high,0.0,high,1.9,608406825,17d0df8fb0414702,"{""COMPUTE"": 560, ""MEMORY"": 457, ""API_CREDITS"": 278, ""DATASET"": 84}","{""COMPUTE"": 1.8785714285714286, ""MEMORY"": 1.859956236323851, ""API_CREDITS"": 1.8633093525179856, ""DATASET"": 1.7142857142857142}",4,0,0,0.0,0.05902448710311741,0.282840406909635,0.04108706223084789,9.860835547618292,11.116465186563643,27.109253520263348
delta0.00__high,0.0,high,1.9,610357580,45e5bb0e520778e1,"{""COMPUTE"": 511, ""MEMORY"": 425, ""API_CREDITS"": 240, ""DATASET"": 102}","{""COMPUTE"": 2.0587084148727985, ""MEMORY"": 2.0564705882352943, ""API_CREDITS"": 2.075, ""DATASET"": 2.0392156862745097}",4,0,0,0.0,0.1329324634497048,0.3133760301955243,0.08234619254734198,17.70412149911462,7.859632605802601,38.61777887510129
delta0.00__high,0.0,high,1.9,616227400,d7b897e60c4d097c,"{""COMPUTE"": 407, ""MEMORY"": 350, ""API_CREDITS"": 181, ""DATASET"": 110}","{""COMPUTE"": 2.0147420147420148, ""MEMORY"": 2.0228571428571427, ""API_CREDITS"": 2.0331491712707184, ""DATASET"": 2.036363636363636}",4,0,0,0.0,0.172182845325534,0.24498146161087586,0.1241058306211608,20.46706948750411,16.790854583479224,40.06269559472653
delta0.00__high,0.0,high,1.9,638377088,9caff6f6ebbc89bc,"{""COMPUTE"": 279, ""MEMORY"": 259, ""API_CREDITS"": 101, ""DATASET"": 125}","{""COMPUTE"": 2.0, ""MEMORY"": 1.9652509652509653, ""API_CREDITS"": 2.00990099009901, ""DATASET"": 1.856}",4,0,0,0.0,0.16988722841696902,0.26830534072115275,0.11408996282095409,5.0811319138306414,6.775077167401506,15.93292939003854
delta0.00__high,0.0,high,1.9,659053096,a41784399e047db5,"{""COMPUTE"": 432, ""MEMORY"": 363, ""API_CREDITS"": 186, ""DATASET"": 104}","{""COMPUTE"": 1.9583333333333333, ""MEMORY"": 1.9366391184573002, ""API_CREDITS"": 1.9838709677419355, ""DATASET"": 1.7692307692307692}",4,0,0,0.0,0.14281174039806613,0.3469950950246122,0.09538222788746664,11.91208200199476,10.551325540455808,17.656715397202404
delta0.00__high,0.0,high,1.9,677637387,59e9f5f8ae8fd897,"{""COMPUTE"": 554, ""MEMORY"": 466, ""API_CREDITS"": 264, ""DATASET"": 121}","{""COMPUTE"": 1.9169675090252707, ""MEMORY"": 1.9163090128755365, ""API_CREDITS"": 1.9053030303030303, ""DATASET"": 1.9173553719008265}",4,0,0,0.0,0.10099191405161553,0.26557342797415084,0.06026317173705233,6.18762301816754,7.45880606345916,30.443468499203295
delta0.00__high,0.0,high,1.9,687585327,06f033405bf1410d,"{""COMPUTE"": 418, ""MEMORY"": 323, ""API_CREDITS"": 210, ""DATASET"": 20}","{""COMPUTE"": 1.7129186602870814, ""MEMORY"": 1.7058823529411764, ""API_CREDITS"": 1.7190476190476192, ""DATASET"": 1.2}",4,0,0,0.0,0.04241939258247317,0.3592012339041824,0.030004943752951495,6.898383438332163,9.47489444127712,36.60649851264707
delta0.00__high,0.0,high,1.9,705933680,559a07bd0ae04950,"{""COMPUTE"": 454, ""MEMORY"": 364, ""API_CREDITS"": 213, ""DATASET"": 62}","{""COMPUTE"": 1.894273127753304, ""MEMORY"": 1.9120879120879122, ""API_CREDITS"": 1.8967136150234742, ""DATASET"": 2.064516129032258}",4,0,0,0.0,0.1136227017822822,0.17848444073074773,0.07399664735270069,11.79554679974396,2.9429362812575035,9.19616422788654
delta0.00__high,0.0,high,1.9,713663764,5cdfb6f6951b3fc1,"{""COMPUTE"": 331, ""MEMORY"": 283, ""API_CREDITS"": 169, ""DATASET"": 65}","{""COMPUTE"": 1.836858006042296, ""MEMORY"": 1.8303886925795052, ""API_CREDITS"": 1.8579881656804733, ""DATASET"": 1.7230769230769232}",4,0,0,0.0,0.12484975961538461,0.20292855245368532,0.08530732505341881,13.883678344214625,17.893189859538868,17.430951463157978
delta0.00__high,0.0,high,1.9,756150979,62dd7b3c13faf5ec,"{""COMPUTE"": 336, ""MEMORY"": 268, ""API_CREDITS"": 161, ""DATASET"": 35}","{""COMPUTE"": 1.9166666666666667, ""MEMORY"": 1.9104477611940298, ""API_CREDITS"": 1.9130434782608696, ""DATASET"": 1.8285714285714285}",4,0,0,0.0,0.12148148148148147,0.23769704897433383,0.08903133903133904,9.230669159766547,6.4923959642761355,7.284937959187488
delta0.00__high,0.0,high,1.9,759787730,2a3c1e8d79f23377,"{""COMPUTE"": 567, ""MEMORY"": 469, ""API_CREDITS"": 273, ""DATASET"": 104}","{""COMPUTE"": 1.8800705467372134, ""MEMORY"": 1.8891257995735609, ""API_CREDITS"": 1.8681318681318682, ""DATASET"": 2.0}",4,0,0,0.0,0.07259649752334349,0.4027796569496151,0.04584556010316662,14.617536220726633,15.64245126893576,47.2091119941046
delta0.00__high,0.0,high,1.9,779334002,f30a09b2e01abbe9,"{""COMPUTE"": 656, ""MEMORY"": 523, ""API_CREDITS"": 314, ""DATASET"": 87}","{""COMPUTE"": 1.9359756097560976, ""MEMORY"": 1.9464627151051626, ""API_CREDITS"": 1.9426751592356688, ""DATASET"": 2.0229885057471266}",4,0,0,0.0,0.051428143565982555,0.27371814208340095,0.03752815304846229,5.271714567215084,12.56534065547536,16.06716136011497
delta0.00__high,0.0,high,1.9,786766500,8f60a8d98d2bd3ad,"{""COMPUTE"": 420, ""MEMORY"": 364, ""API_CREDITS"": 179, ""DATASET"": 125}","{""COMPUTE"": 1.938095238095238, ""MEMORY"": 1.9258241758241759, ""API_CREDITS"": 1.9385474860335195, ""DATASET"": 1.856}",4,0,0,0.0,0.13412020662450957,0.2865729830445863,0.08640989675843375,11.794502915851941,7.158400125295516,18.023080155909874
delta0.00__high,0.0,high,1.9,891045433,dbc10090041fc8e8,"{""COMPUTE"": 348, ""MEMORY"": 309, ""API_CREDITS"": 154, ""DATASET"": 110}","{""COMPUTE"": 1.8908045977011494, ""MEMORY"": 1.8996763754045307, ""API_CREDITS"": 1.8766233766233766, ""DATASET"": 1.9636363636363636}",4,0,0,0.0,0.16398760927746434,0.23392729474328053,0.10894691057734536,8.56653545928362,5.778594814876112,14.457812457584005
delta0.00__high,0.0,high,1.9,898744256,09a2ddd882d46183,"{""COMPUTE"": 499, ""MEMORY"": 385, ""API_CREDITS"": 245, ""DATASET"": 30}","{""COMPUTE"": 1.8997995991983967, ""MEMORY"": 1.8987012987012988, ""API_CREDITS"": 1.8979591836734695, ""DATASET"": 1.8666666666666667}",4,0,0,0.0,0.04477911646586343,0.05543804113165646,0.03475011155734046,3.3770962517206002,0.28703583292476337,1.8215406961650427
delta0.00__high,0.0,high,1.9,921012401,235a6de57b5bc621,"{""COMPUTE"": 582, ""MEMORY"": 468, ""API_CREDITS"": 267, ""DATASET"": 92}","{""COMPUTE"": 1.9312714776632303, ""MEMORY"": 1.938034188034188, ""API_CREDITS"": 1.9213483146067416, ""DATASET"": 2.0}",4,0,0,0.0,0.13112871064678294,0.18767301586324506,0.08912514861310043,10.467010332945806,7.0388127110683625,14.163117883166839
delta0.00__high,0.0,high,1.9,928131396,9a62e26a646e3252,"{""COMPUTE"": 515, ""MEMORY"": 444, ""API_CREDITS"": 241, ""DATASET"": 135}","{""COMPUTE"": 2.042718446601942, ""MEMORY"": 1.990990990990991, ""API_CREDITS"": 2.091286307053942, ""DATASET"": 1.6592592592592592}",4,0,0,0.0,0.10187613692144742,0.2874483072837122,0.05945423542119677,14.984006301324158,18.316592705886663,33.934532551707186
delta0.00__high,0.0,high,1.9,986685360,0c3e530a0542b63f,"{""COMPUTE"": 424, ""MEMORY"": 355, ""API_CREDITS"": 190, ""DATASET"": 93}","{""COMPUTE"": 2.0, ""MEMORY"": 2.0056338028169014, ""API_CREDITS"": 2.0, ""DATASET"": 2.064516129032258}",4,0,0,0.0,0.11720370140207095,0.3489964024083214,0.07086631599199535,10.769267179927716,18.460454124107127,25.308775869760485
delta0.00__high,0.0,high,1.9,1040871164,b9ecc7e3ae45d3f5,"{""COMPUTE"": 539, ""MEMORY"": 459, ""API_CREDITS"": 265, ""DATASET"": 122}","{""COMPUTE"": 1.9851576994434137, ""MEMORY"": 1.9694989106753813, ""API_CREDITS"": 2.0075471698113208, ""DATASET"": 1.8360655737704918}",4,0,0,0.0,0.06229840715822025,0.17364245084380978,0.04526281804319188,4.094069629907282,11.42916635005795,20.060380032360687
delta0.00__high,0.0,high,1.9,1109034924,10a6bf126c712e0c,"{""COMPUTE"": 610, ""MEMORY"": 479, ""API_CREDITS"": 283, ""DATASET"": 71}","{""COMPUTE"": 1.8983606557377048, ""MEMORY"": 1.895615866388309, ""API_CREDITS"": 1.9081272084805654, ""DATASET"": 1.8028169014084507}",4,0,0,0.0,0.06008814008814009,0.1759141429086465,0.04765804765804766,14.672234689909784,12.749368962666836,19.437044961030377
delta0.00__high,0.0,high,1.9,1154819737,75101af3855f90ec,"{""COMPUTE"": 455, ""MEMORY"": 362, ""API_CREDITS"": 209, ""DATASET"": 58}","{""COMPUTE"": 1.9648351648351647, ""MEMORY"": 1.977900552486188, ""API_CREDITS"": 1.9521531100478469, ""DATASET"": 2.206896551724138}",4,0,0,0.0,0.13118845487108804,0.25149729426882783,0.08778796761082021,12.330630128159333,20.08289243932195,33.45257162984516
delta0.00__high,0.0,high,1.9,1158762883,4c0cb32471f9a719,"{""COMPUTE"": 444, ""MEMORY"": 360, ""API_CREDITS"": 208, ""DATASET"": 68}","{""COMPUTE"": 1.882882882882883, ""MEMORY"": 1.875, ""API_CREDITS"": 1.8894230769230769, ""DATASET"": 1.7647058823529411}",4,0,0,0.0,0.13505045824322934,0.10537036334722967,0.09048158445748807,1.8489487103650193,6.309471158657593,8.711114732157126
delta0.00__high,0.0,high,1.9,1164103101,f817f2ccb5f509ed,"{""COMPUTE"": 390, ""MEMORY"": 337, ""API_CREDITS"": 173, ""DATASET"": 106}","{""COMPUTE"": 1.8615384615384616, ""MEMORY"": 1.8338278931750742, ""API_CREDITS"": 1.884393063583815, ""DATASET"": 1.6603773584905661}",4,0,0,0.0,0.13395809680035867,0.3091152694922222,0.08166780248873502,10.87610297958797,10.25611975656616,27.9709313228993
delta0.00__high,0.0,high,1.9,1175015440,0536755a10850fe1,"{""COMPUTE"": 470, ""MEMORY"": 411, ""API_CREDITS"": 206, ""DATASET"": 144}","{""COMPUTE"": 1.8893617021276596, ""MEMORY"": 1.880778588807786, ""API_CREDITS"": 1.8980582524271845, ""DATASET"": 1.8333333333333333}",4,0,0,0.0,0.15550824347642792,0.21031172496355624,0.10130300921721509,13.236436471604629,21.115359667815273,39.94435156240375
delta0.00__high,0.0,high,1.9,1223536910,d50984950c6e00af,"{""COMPUTE"": 292, ""MEMORY"": 256, ""API_CREDITS"": 120, ""DATASET"": 89}","{""COMPUTE"": 2.041095890410959, ""MEMORY"": 2.04296875, ""API_CREDITS"": 2.075, ""DATASET"": 2.067415730337079}",4,0,0,0.0,0.15766260342856597,0.21193216432355055,0.11047566995480808,4.703662972867055,5.617956696034336,24.920585800330873
delta0.00__high,0.0,high,1.9,1272846855,4bc2717d8d8e1130,"{""COMPUTE"": 445, ""MEMORY"": 379, ""API_CREDITS"": 197, ""DATASET"": 113}","{""COMPUTE"": 1.9280898876404495, ""MEMORY"": 1.928759894459103, ""API_CREDITS"": 1.9543147208121827, ""DATASET"": 1.9115044247787611}",4,0,0,0.0,0.16276255268517614,0.1817896305745368,0.1106865615892882,4.200954673083397,10.008740010179377,11.973330472037693
delta0.00__high,0.0,high,1.9,1329904169,450a6edb9136fd21,"{""COMPUTE"": 358, ""MEMORY"": 294, ""API_CREDITS"": 150, ""DATASET"": 72}","{""COMPUTE"": 1.9553072625698324, ""MEMORY"": 1.9319727891156462, ""API_CREDITS"": 1.9466666666666668, ""DATASET"": 1.7777777777777777}",4,0,0,0.0,0.13885825127753673,0.3255583688617063,0.09564075483145652,12.954128556740173,7.3801257504209365,20.15520638212394
delta0.00__high,0.0,high,1.9,1393164231,da22af69a180f92d,"{""COMPUTE"": 332, ""MEMORY"": 297, ""API_CREDITS"": 139, ""DATASET"": 115}","{""COMPUTE"": 2.0301204819277108, ""MEMORY"": 2.0606060606060606, ""API_CREDITS"": 2.014388489208633, ""DATASET"": 2.226086956521739}",4,0,0,0.0,0.16783350254817644,0.24585016047656505,0.1255776322861921,7.551295205072655,10.38684664544518,40.70849055580588
delta0.00__high,0.0,high,1.9,1397601319,c92f0e5097e7bcb0,"{""COMPUTE"": 537, ""MEMORY"": 414, ""API_CREDITS"": 256, ""DATASET"": 39}","{""COMPUTE"": 2.0297951582867784, ""MEMORY"": 2.0603864734299515, ""API_CREDITS"": 2.04296875, ""DATASET"": 2.6666666666666665}",4,0,0,0.0,0.05053499724606007,0.24515656920386955,0.037567802814941154,8.555053192562442,10.994032614133717,33.77728380002517
delta0.00__high,0.0,high,1.9,1414408149,364a714a684e7ad1,"{""COMPUTE"": 313, ""MEMORY"": 280, ""API_CREDITS"": 122, ""DATASET"": 113}","{""COMPUTE"": 2.0638977635782747, ""MEMORY"": 2.0642857142857145, ""API_CREDITS"": 2.0491803278688523, ""DATASET"": 2.1238938053097347}",4,0,0,0.0,0.16479312068037835,0.23796145042741243,0.11838308105842356,10.455095074485936,4.373951514224341,27.794881846102566
delta0.00__high,0.0,high,1.9,1443238425,b669e83cc93c4339,"{""COMPUTE"": 380, ""MEMORY"": 320, ""API_CREDITS"": 165, ""DATASET"": 90}","{""COMPUTE"": 1.8421052631578947, ""MEMORY"": 1.8375, ""API_CREDITS"": 1.8424242424242425, ""DATASET"": 1.7777777777777777}",4,0,0,0.0,0.17794661935286937,0.24952497739297105,0.13405204941663273,13.783330396254927,10.89955200631514,12.289175776743873
delta0.00__high,0.0,high,1.9,1446854669,2eccbea6ea93e319,"{""COMPUTE"": 280, ""MEMORY"": 249, ""API_CREDITS"": 107, ""DATASET"": 100}","{""COMPUTE"": 1.8714285714285714, ""MEMORY"": 1.9036144578313252, ""API_CREDITS"": 1.7757009345794392, ""DATASET"": 2.08}",4,0,0,0.0,0.17371794871794868,0.1622420076604725,0.11706298835011708,4.701017009358911,4.103699126599934,10.030065623297455
delta0.00__high,0.0,high,1.9,1474233831,0b0ddc58330e69c2,"{""COMPUTE"": 382, ""MEMORY"": 327, ""API_CREDITS"": 166, ""DATASET"": 101}","{""COMPUTE"": 1.9476439790575917, ""MEMORY"": 1.9785932721712538, ""API_CREDITS"": 1.9578313253012047, ""DATASET"": 2.1386138613861387}",4,0,0,0.0,0.15033039025963557,0.2870051846034835,0.10331772391848387,13.912443994803036,20.9815891390505,25.319722981334408
delta0.00__high,0.0,high,1.9,1476169622,359e479d2bc24d0d,"{""COMPUTE"": 253, ""MEMORY"": 217, ""API_CREDITS"": 126, ""DATASET"": 49}","{""COMPUTE"": 1.9130434782608696, ""MEMORY"": 1.8894009216589862, ""API_CREDITS"": 1.9523809523809523, ""DATASET"": 1.6326530612244898}",4,0,0,0.0,0.1271777428920286,0.23135682614459208,0.09012151869294727,6.00287276813039,5.348764121283178,10.408356402637503
delta0.00__high,0.0,high,1.9,1515534678,89743eb7089b3242,"{""COMPUTE"": 435, ""MEMORY"": 359, ""API_CREDITS"": 218, ""DATASET"": 67}","{""COMPUTE"": 1.9448275862068964, ""MEMORY"": 1.9220055710306407, ""API_CREDITS"": 1.9724770642201834, ""DATASET"": 1.671641791044776}",4,0,0,0.0,0.05059186301847751,0.2744008367197374,0.039128987269887464,6.728787178760041,7.664894288646139,20.423287420547297
delta0.00__high,0.0,high,1.9,1538028730,c89893259ebf6adb,"{""COMPUTE"": 436, ""MEMORY"": 368, ""API_CREDITS"": 211, ""DATASET"": 90}","{""COMPUTE"": 1.9495412844036697, ""MEMORY"": 1.921195652173913, ""API_CREDITS"": 1.9763033175355451, ""DATASET"": 1.6888888888888889}",4,0,0,0.0,0.060203638323838286,0.27780986597410434,0.03985592072483212,6.483112377760662,13.014020601648857,17.159087600263984
delta0.00__high,0.0,high,1.9,1607564961,161765daa4fb1a1b,"{""COMPUTE"": 390, ""MEMORY"": 339, ""API_CREDITS"": 168, ""DATASET"": 115}","{""COMPUTE"": 1.882051282051282, ""MEMORY"": 1.8820058997050146, ""API_CREDITS"": 1.9404761904761905, ""DATASET"": 1.808695652173913}",4,0,0,0.0,0.14732748866021897,0.3505847530802379,0.092560983538574,11.189337176247918,14.753394838110973,29.090667956661477
delta0.00__high,0.0,high,1.9,1647295192,0fbdfb51c427a5c5,"{""COMPUTE"": 531, ""MEMORY"": 451, ""API_CREDITS"": 231, ""DATASET"": 141}","{""COMPUTE"": 1.8267419962335216, ""MEMORY"": 1.8403547671840355, ""API_CREDITS"": 1.7922077922077921, ""DATASET"": 1.929078014184397}",4,0,0,0.0,0.16726475347164999,0.14029543332022737,0.11602791882964297,4.600636475235647,11.228769706288938,25.595835432628878
delta0.00__high,0.0,high,1.9,1680529007,f4fc0234dbfb2d57,"{""COMPUTE"": 427, ""MEMORY"": 340, ""API_CREDITS"": 190, ""DATASET"": 60}","{""COMPUTE"": 1.9672131147540983, ""MEMORY"": 1.9911764705882353, ""API_CREDITS"": 1.9526315789473685, ""DATASET"": 2.2666666666666666}",4,0,0,0.0,0.10326049244373207,0.3618165213379989,0.06944437653805394,5.62788465028688,14.197301637303823,20.169993366791346
delta0.00__high,0.0,high,1.9,1683037842,d5968897b2c2f195,"{""COMPUTE"": 332, ""MEMORY"": 293, ""API_CREDITS"": 147, ""DATASET"": 101}","{""COMPUTE"": 1.8795180722891567, ""MEMORY"": 1.8839590443686007, ""API_CREDITS"": 1.8775510204081634, ""DATASET"": 1.900990099009901}",4,0,0,0.0,0.15316369337177171,0.281155119048505,0.10297320979185526,10.426282215812403,13.414088765222735,16.463615858360587
delta0.00__high,0.0,high,1.9,1684113726,2bbc1e588b1b8775,"{""COMPUTE"": 532, ""MEMORY"": 473, ""API_CREDITS"": 232, ""DATASET"": 182}","{""COMPUTE"": 2.026315789473684, ""MEMORY"": 2.0126849894291756, ""API_CREDITS"": 2.0689655172413794, ""DATASET"": 1.934065934065934}",4,0,0,0.0,0.09580465772321654,0.3544662619426094,0.061685286327836535,18.055733777862848,30.46952347934351,48.61604030141461
delta0.00__high,0.0,high,1.9,1723470144,74106c5dbfff9ba2,"{""COMPUTE"": 543, ""MEMORY"": 475, ""API_CREDITS"": 252, ""DATASET"": 159}","{""COMPUTE"": 1.8968692449355433, ""MEMORY"": 1.8968421052631579, ""API_CREDITS"": 1.9325396825396826, ""DATASET"": 1.8616352201257862}",4,0,0,0.0,0.1056288107224239,0.2182243880065081,0.06846908756772303,14.536902575847733,12.63867868510188,30.463258902008366
delta0.00__high,0.0,high,1.9,1746522117,f576d5bffb6b549f,"{""COMPUTE"": 374, ""MEMORY"": 316, ""API_CREDITS"": 172, ""DATASET"": 82}","{""COMPUTE"": 1.9518716577540107, ""MEMORY"": 1.9493670886075949, ""API_CREDITS"": 1.9534883720930232, ""DATASET"": 1.951219512195122}",4,0,0,0.0,0.14324830965613106,0.3317791596841355,0.09392141719983078,23.276238229260702,8.573091654042246,54.31801902390284
delta0.00__high,0.0,high,1.9,1761268421,3a542172957ffc34,"{""COMPUTE"": 512, ""MEMORY"": 431, ""API_CREDITS"": 235, ""DATASET"": 116}","{""COMPUTE"": 2.0703125, ""MEMORY"": 2.08584686774942, ""API_CREDITS"": 2.1319148936170214, ""DATASET"": 2.1379310344827585}",4,0,0,0.0,0.1310575843909177,0.31434895131122,0.07633205272094162,14.602956721783974,6.436801788796511,49.14548774407209
delta0.00__high,0.0,high,1.9,1851037281,6725a029a774673a,"{""COMPUTE"": 532, ""MEMORY"": 443, ""API_CREDITS"": 247, ""DATASET"": 111}","{""COMPUTE"": 1.9511278195488722, ""MEMORY"": 1.945823927765237, ""API_CREDITS"": 1.9676113360323886, ""DATASET"": 1.8738738738738738}",4,0,0,0.0,0.1306173620673777,0.1854825062100949,0.08178241893255446,7.061829223536594,7.059972716083155,13.110368361813416
delta0.00__high,0.0,high,1.9,1867081647,32971aab6a2e9f63,"{""COMPUTE"": 407, ""MEMORY"": 369, ""API_CREDITS"": 169, ""DATASET"": 157}","{""COMPUTE"": 1.9164619164619165, ""MEMORY"": 1.924119241192412, ""API_CREDITS"": 1.9289940828402368, ""DATASET"": 1.9363057324840764}",4,0,0,0.0,0.16509007612776408,0.18317836131984855,0.11903690900700502,18.030908250850818,9.761851096424397,25.815084388327467
delta0.00__high,0.0,high,1.9,1880620535,292c1cc471222d44,"{""COMPUTE"": 488, ""MEMORY"": 411, ""API_CREDITS"": 232, ""DATASET"": 105}","{""COMPUTE"": 1.9918032786885247, ""MEMORY"": 1.9610705596107056, ""API_CREDITS"": 2.043103448275862, ""DATASET"": 1.6761904761904762}",4,0,0,0.0,0.09644059644059642,0.26697968244730935,0.06339185505852173,10.188875474780707,18.478381505159707,48.52530785850064
delta0.00__high,0.0,high,1.9,1935876427,0e51a9c592fb7776,"{""COMPUTE"": 449, ""MEMORY"": 408, ""API_CREDITS"": 183, ""DATASET"": 178}","{""COMPUTE"": 2.1826280623608016, ""MEMORY"": 2.1176470588235294, ""API_CREDITS"": 2.33879781420765, ""DATASET"": 1.797752808988764}",4,0,0,0.0,0.12854145999830413,0.3490038397748352,0.09140511506904807,20.38024687034019,13.546279763502744,89.76317451383453
delta0.00__high,0.0,high,1.9,1943200581,d27b7af693bb9b8f,"{""COMPUTE"": 340, ""MEMORY"": 298, ""API_CREDITS"": 150, ""DATASET"": 99}","{""COMPUTE"": 2.0176470588235293, ""MEMORY"": 2.033557046979866, ""API_CREDITS"": 2.066666666666667, ""DATASET"": 2.101010101010101}",4,0,0,0.0,0.1579610865325151,0.23685448185705382,0.10643344383423749,6.7883959783087136,2.9228075192692518,24.07428394960526
delta0.00__high,0.0,high,1.9,1957258698,b25d55ba066a704a,"{""COMPUTE"": 361, ""MEMORY"": 317, ""API_CREDITS"": 149, ""DATASET"": 115}","{""COMPUTE"": 1.8670360110803323, ""MEMORY"": 1.8832807570977919, ""API_CREDITS"": 1.8187919463087248, ""DATASET"": 2.017391304347826}",4,0,0,0.0,0.18417546505781804,0.2167670847013434,0.13202022890604206,10.635022334578423,3.667668915820086,8.09055351056522
delta0.00__high,0.0,high,1.9,2000676221,9db9a9601389c385,"{""COMPUTE"": 606, ""MEMORY"": 500, ""API_CREDITS"": 292, ""DATASET"": 111}","{""COMPUTE"": 1.8184818481848184, ""MEMORY"": 1.84, ""API_CREDITS"": 1.8082191780821917, ""DATASET"": 2.018018018018018}",4,0,0,0.0,0.08781226819488815,0.2708870214617561,0.05519166637033044,16.936910425296144,15.775913806198446,20.696253710896
delta0.00__high,0.0,high,1.9,2071520222,20aab4cdd53bce42,"{""COMPUTE"": 423, ""MEMORY"": 365, ""API_CREDITS"": 201, ""DATASET"": 107}","{""COMPUTE"": 1.900709219858156, ""MEMORY"": 1.884931506849315, ""API_CREDITS"": 1.890547263681592, ""DATASET"": 1.794392523364486}",4,0,0,0.0,0.13957039692333809,0.2129290950124982,0.0883501030559854,5.0301288867036,5.638190332788446,8.64901626575783
delta0.00__high,0.0,high,1.9,2104789822,52d75fe57ef56e05,"{""COMPUTE"": 496, ""MEMORY"": 418, ""API_CREDITS"": 228, ""DATASET"": 113}","{""COMPUTE"": 1.8629032258064515, ""MEMORY"": 1.861244019138756, ""API_CREDITS"": 1.868421052631579, ""DATASET"": 1.8407079646017699}",4,0,0,0.0,0.1429066304066304,0.23653047583498668,0.0905371017871018,5.79672550703759,7.757098158937346,11.857300930536367
delta0.00__high,0.0,high,1.9,2175919960,f50cb6c8d4314152,"{""COMPUTE"": 605, ""MEMORY"": 509, ""API_CREDITS"": 290, ""DATASET"": 131}","{""COMPUTE"": 1.9173553719008265, ""MEMORY"": 1.917485265225933, ""API_CREDITS"": 1.903448275862069, ""DATASET"": 1.9541984732824427}",4,0,0,0.0,0.12744366744366745,0.1339689183383312,0.07786680911680911,7.323771891107629,2.7968831973767023,6.785562108935978
delta0.00__high,0.0,high,1.9,2187181276,e854358d4d777be0,"{""COMPUTE"": 329, ""MEMORY"": 293, ""API_CREDITS"": 144, ""DATASET"": 106}","{""COMPUTE"": 1.939209726443769, ""MEMORY"": 1.9078498293515358, ""API_CREDITS"": 1.9791666666666667, ""DATASET"": 1.7358490566037736}",4,0,0,0.0,0.10960054573499953,0.26667764117994747,0.06857392983093263,12.82097406760451,6.1938145103587585,22.183514483376527
delta0.00__high,0.0,high,1.9,2201730498,6faa4aa59112c4f4,"{""COMPUTE"": 477, ""MEMORY"": 413, ""API_CREDITS"": 229, ""DATASET"": 124}","{""COMPUTE"": 1.7945492662473794, ""MEMORY"": 1.7869249394673123, ""API_CREDITS"": 1.8253275109170306, ""DATASET"": 1.6774193548387097}",4,0,0,0.0,0.11069588391381455,0.19637530347059173,0.0651711288820275,11.399245763583446,5.719188426779834,28.569376166454987
delta0.00__high,0.0,high,1.9,2207070483,c1fa3c1373362ff3,"{""COMPUTE"": 482, ""MEMORY"": 393, ""API_CREDITS"": 236, ""DATASET"": 72}","{""COMPUTE"": 1.979253112033195, ""MEMORY"": 1.9770992366412214, ""API_CREDITS"": 2.01271186440678, ""DATASET"": 1.8888888888888888}",4,0,0,0.0,0.05334637817526975,0.3656707640820816,0.0347621763296727,14.615045225610274,9.360306952740887,25.642195710623355
delta0.00__high,0.0,high,1.9,2218791610,78b71f566af69879,"{""COMPUTE"": 545, ""MEMORY"": 421, ""API_CREDITS"": 258, ""DATASET"": 42}","{""COMPUTE"": 1.8935779816513763, ""MEMORY"": 1.8812351543942993, ""API_CREDITS"": 1.9224806201550388, ""DATASET"": 1.5238095238095237}",4,0,0,0.0,0.04220779220779221,0.2366353229991379,0.031580687830687834,6.583941051876974,5.762662151059483,20.83350043945106
delta0.00__high,0.0,high,1.9,2245371449,3e7135d594ff419b,"{""COMPUTE"": 452, ""MEMORY"": 388, ""API_CREDITS"": 196, ""DATASET"": 124}","{""COMPUTE"": 1.8539823008849559, ""MEMORY"": 1.8608247422680413, ""API_CREDITS"": 1.8265306122448979, ""DATASET"": 1.935483870967742}",4,0,0,0.0,0.13501351854342766,0.33103716464717675,0.09556810442194082,10.179416336733494,14.750791692397385,13.414040504596713
delta0.00__high,0.0,high,1.9,2264376108,ed01d2fa80af0d07,"{""COMPUTE"": 545, ""MEMORY"": 437, ""API_CREDITS"": 250, ""DATASET"": 81}","{""COMPUTE"": 2.003669724770642, ""MEMORY"": 1.9931350114416475, ""API_CREDITS"": 2.02, ""DATASET"": 1.876543209876543}",4,0,0,0.0,0.0899972567941318,0.1572478630790923,0.06465369844276096,9.897001479362194,13.338607088302888,27.372467214902287
delta0.00__high,0.0,high,1.9,2278610062,9176957140cb252e,"{""COMPUTE"": 597, ""MEMORY"": 510, ""API_CREDITS"": 291, ""DATASET"": 141}","{""COMPUTE"": 2.023450586264657, ""MEMORY"": 2.0254901960784313, ""API_CREDITS"": 2.0034364261168385, ""DATASET"": 2.099290780141844}",4,0,0,0.0,0.08682293633374241,0.32426723045733463,0.04996023255825388,18.593584621581126,20.784798156844392,42.59410691136036
delta0.00__high,0.0,high,1.9,2305903047,e45d2c5eaf1ba9d9,"{""COMPUTE"": 445, ""MEMORY"": 371, ""API_CREDITS"": 192, ""DATASET"": 101}","{""COMPUTE"": 1.9910112359550562, ""MEMORY"": 1.954177897574124, ""API_CREDITS"": 2.0364583333333335, ""DATASET"": 1.6633663366336633}",4,0,0,0.0,0.14817105486205243,0.2115075793235243,0.09828773626421639,10.771403529215435,7.771255069467776,22.26399101518823
delta0.00__high,0.0,high,1.9,2313044508,b992acd8d14a7a15,"{""COMPUTE"": 420, ""MEMORY"": 348, ""API_CREDITS"": 178, ""DATASET"": 92}","{""COMPUTE"": 1.7380952380952381, ""MEMORY"": 1.7528735632183907, ""API_CREDITS"": 1.6741573033707866, ""DATASET"": 1.9130434782608696}",4,0,0,0.0,0.17187313241697258,0.2143294303621647,0.12904504649787668,7.673789867084186,14.094736870127612,35.712140960742225
delta0.00__high,0.0,high,1.9,2313893183,f5546446022f98d3,"{""COMPUTE"": 570, ""MEMORY"": 455, ""API_CREDITS"": 274, ""DATASET"": 73}","{""COMPUTE"": 1.8596491228070176, ""MEMORY"": 1.8571428571428572, ""API_CREDITS"": 1.8357664233576643, ""DATASET"": 1.8630136986301369}",4,0,0,0.0,0.062450632695042814,0.3338929044264927,0.04357561915852722,13.049628410254007,10.668962596079346,46.03104468948703
delta0.00__high,0.0,high,1.9,2323336231,afe9473d1f02d1a1,"{""COMPUTE"": 460, ""MEMORY"": 381, ""API_CREDITS"": 192, ""DATASET"": 104}","{""COMPUTE"": 1.8695652173913044, ""MEMORY"": 1.900262467191601, ""API_CREDITS"": 1.8333333333333333, ""DATASET"": 2.1538461538461537}",4,0,0,0.0,0.16337032532684706,0.26738609496723104,0.10916000022521764,10.758223169557567,13.840843734965242,43.04643564962768
delta0.00__high,0.0,high,1.9,2340911682,4e9b0091426d74d7,"{""COMPUTE"": 379, ""MEMORY"": 308, ""API_CREDITS"": 158, ""DATASET"": 72}","{""COMPUTE"": 1.9050131926121372, ""MEMORY"": 1.9155844155844155, ""API_CREDITS"": 1.8860759493670887, ""DATASET"": 2.0}",4,0,0,0.0,0.16571243102888675,0.15159185800474154,0.11968576820897496,3.2756111125194196,6.4433826545749895,8.140261915702924
delta0.00__high,0.0,high,1.9,2341361004,bfa5b906c18ef27a,"{""COMPUTE"": 558, ""MEMORY"": 453, ""API_CREDITS"": 267, ""DATASET"": 87}","{""COMPUTE"": 1.881720430107527, ""MEMORY"": 1.8675496688741722, ""API_CREDITS"": 1.9101123595505618, ""DATASET"": 1.6551724137931034}",4,0,0,0.0,0.05680990530146855,0.27232198338522967,0.03838992380270366,9.739286133635803,10.512068772400736,19.13738413936892
delta0.00__high,0.0,high,1.9,2359336968,9637eb97104b002c,"{""COMPUTE"": 482, ""MEMORY"": 399, ""API_CREDITS"": 241, ""DATASET"": 80}","{""COMPUTE"": 1.6597510373443984, ""MEMORY"": 1.669172932330827, ""API_CREDITS"": 1.6182572614107884, ""DATASET"": 1.8}",4,0,0,0.0,0.10967034687964923,0.19181273182631328,0.06848415246348065,13.536906601033913,19.238616375537728,47.40355262337337
delta0.00__high,0.0,high,1.9,2364012430,112bb3a7faf03d4a,"{""COMPUTE"": 546, ""MEMORY"": 441, ""API_CREDITS"": 250, ""DATASET"": 87}","{""COMPUTE"": 1.8388278388278387, ""MEMORY"": 1.81859410430839, ""API_CREDITS"": 1.832, ""DATASET"": 1.6551724137931034}",4,0,0,0.0,0.09229522687321341,0.35081290368025453,0.06570911581120932,21.715203902255684,12.841466710353432,36.74520788333955
delta0.00__high,0.0,high,1.9,2387674784,0b37959ceb2f03dd,"{""COMPUTE"": 443, ""MEMORY"": 367, ""API_CREDITS"": 202, ""DATASET"": 87}","{""COMPUTE"": 2.0225733634311513, ""MEMORY"": 1.9754768392370572, ""API_CREDITS"": 2.0742574257425743, ""DATASET"": 1.5632183908045978}",4,0,0,0.0,0.09646020616212567,0.2761404090932176,0.061134071158385796,8.91531457583888,6.375556440575259,27.005445017215532
delta0.00__high,0.0,high,1.9,2460794327,58f99c2879055af8,"{""COMPUTE"": 527, ""MEMORY"": 414, ""API_CREDITS"": 240, ""DATASET"": 62}","{""COMPUTE"": 1.935483870967742, ""MEMORY"": 1.9275362318840579, ""API_CREDITS"": 1.9416666666666667, ""DATASET"": 1.8064516129032258}",4,0,0,0.0,0.07569789331205697,0.281470088526537,0.05044189583590251,7.252284012930396,10.088558529237131,14.396139250990805
delta0.00__high,0.0,high,1.9,2465060907,bb7c9d10363e827f,"{""COMPUTE"": 288, ""MEMORY"": 259, ""API_CREDITS"": 108, ""DATASET"": 108}","{""COMPUTE"": 1.9166666666666667, ""MEMORY"": 1.9034749034749034, ""API_CREDITS"": 1.9537037037037037, ""DATASET"": 1.8518518518518519}",4,0,0,0.0,0.19473824786324787,0.1026247867571261,0.15526509081196582,7.238449175639485,9.558140895605268,5.308741608068691
delta0.00__high,0.0,high,1.9,2479492459,28faa378494447b7,"{""COMPUTE"": 512, ""MEMORY"": 415, ""API_CREDITS"": 235, ""DATASET"": 82}","{""COMPUTE"": 1.9609375, ""MEMORY"": 1.9566265060240964, ""API_CREDITS"": 1.974468085106383, ""DATASET"": 1.951219512195122}",4,0,0,0.0,0.09068225765012913,0.3450078890729404,0.060696841800422785,9.403575898477655,14.841113507641785,44.89159548442522
delta0.00__high,0.0,high,1.9,2555635641,26b8e05277f3e25f,"{""COMPUTE"": 411, ""MEMORY"": 359, ""API_CREDITS"": 185, ""DATASET"": 120}","{""COMPUTE"": 1.683698296836983, ""MEMORY"": 1.7186629526462396, ""API_CREDITS"": 1.6162162162162161, ""DATASET"": 1.9333333333333333}",4,0,0,0.0,0.14977674836117708,0.4098473254233441,0.09620532662255503,24.607256685336125,7.070714205523088,39.01494728549334
delta0.00__high,0.0,high,1.9,2557315479,59a9638f858d6f01,"{""COMPUTE"": 478, ""MEMORY"": 389, ""API_CREDITS"": 215, ""DATASET"": 84}","{""COMPUTE"": 1.9079497907949792, ""MEMORY"": 1.9151670951156812, ""API_CREDITS"": 1.8930232558139535, ""DATASET"": 2.0}",4,0,0,0.0,0.12259518983872365,0.23500514068843467,0.0813382230548904,10.173933081623739,8.169754138061553,34.02941855899541
delta0.00__high,0.0,high,1.9,2582895085,6ca4236cf529b43a,"{""COMPUTE"": 299, ""MEMORY"": 263, ""API_CREDITS"": 117, ""DATASET"": 99}","{""COMPUTE"": 1.765886287625418, ""MEMORY"": 1.7946768060836502, ""API_CREDITS"": 1.7094017094017093, ""DATASET"": 1.9393939393939394}",4,0,0,0.0,0.19042665237716885,0.16359554989456399,0.14527142860075842,5.307956463460734,8.388332640166558,16.0025109499406
delta0.00__high,0.0,high,1.9,2615816904,a4b09c14ba26c277,"{""COMPUTE"": 402, ""MEMORY"": 336, ""API_CREDITS"": 201, ""DATASET"": 71}","{""COMPUTE"": 1.8756218905472637, ""MEMORY"": 1.8839285714285714, ""API_CREDITS"": 1.8855721393034826, ""DATASET"": 1.9154929577464788}",4,0,0,0.0,0.10866985068072026,0.26535320924886413,0.07118637563232974,6.090483481387813,13.308333227713414,12.097309622273833
delta0.00__high,0.0,high,1.9,2641268422,e1590c185ad71d6f,"{""COMPUTE"": 401, ""MEMORY"": 350, ""API_CREDITS"": 179, ""DATASET"": 116}","{""COMPUTE"": 1.860349127182045, ""MEMORY"": 1.86, ""API_CREDITS"": 1.8603351955307263, ""DATASET"": 1.8620689655172413}",4,0,0,0.0,0.17459778783308194,0.2095299209497069,0.12682061946767828,11.545021286881722,12.17894151345502,17.7116879535484
delta0.00__high,0.0,high,1.9,2650780455,12aae9a97f30c600,"{""COMPUTE"": 341, ""MEMORY"": 289, ""API_CREDITS"": 157, ""DATASET"": 74}","{""COMPUTE"": 1.8357771260997067, ""MEMORY"": 1.8408304498269896, ""API_CREDITS"": 1.9363057324840764, ""DATASET"": 1.7297297297297298}",4,0,0,0.0,0.0749382398866935,0.36101705900117503,0.05473662733112905,6.464157192313618,8.155711812065599,38.2278076257719
delta0.00__high,0.0,high,1.9,2659608022,f6e2b7fb5ff46ec5,"{""COMPUTE"": 461, ""MEMORY"": 394, ""API_CREDITS"": 211, ""DATASET"": 116}","{""COMPUTE"": 1.8655097613882863, ""MEMORY"": 1.865482233502538, ""API_CREDITS"": 1.8625592417061612, ""DATASET"": 1.8620689655172413}",4,0,0,0.0,0.1604263434686229,0.171448405105203,0.107692301741015,6.563869850003982,3.037903471028775,7.572995608428218
delta0.00__high,0.0,high,1.9,2662675958,bbc8755d0e95ba24,"{""COMPUTE"": 474, ""MEMORY"": 393, ""API_CREDITS"": 245, ""DATASET"": 74}","{""COMPUTE"": 1.9409282700421941, ""MEMORY"": 1.9389312977099236, ""API_CREDITS"": 1.9346938775510205, ""DATASET"": 1.945945945945946}",4,0,0,0.0,0.0543938962810852,0.23181744724557815,0.03688212094460043,5.87700877455861,4.824835669679328,12.396215305897151
delta0.00__high,0.0,high,1.9,2673731007,219b149bead9527b,"{""COMPUTE"": 462, ""MEMORY"": 373, ""API_CREDITS"": 240, ""DATASET"": 50}","{""COMPUTE"": 1.7662337662337662, ""MEMORY"": 1.7640750670241288, ""API_CREDITS"": 1.7916666666666667, ""DATASET"": 1.6}",4,0,0,0.0,0.04933080808080808,0.16523411212647485,0.034653829966329965,13.518431266192069,2.5746725590140596,26.024725816439258
delta0.00__high,0.0,high,1.9,2689934569,617b9837b8aca85f,"{""COMPUTE"": 437, ""MEMORY"": 357, ""API_CREDITS"": 201, ""DATASET"": 74}","{""COMPUTE"": 1.8077803203661327, ""MEMORY"": 1.8235294117647058, ""API_CREDITS"": 1.756218905472637, ""DATASET"": 2.054054054054054}",4,0,0,0.0,0.15209734709734712,0.26372245310835524,0.10295630295630297,11.026067721850355,5.87799799933908,27.365503596467132
delta0.00__high,0.0,high,1.9,2709531232,f255ef60efd7261e,"{""COMPUTE"": 503, ""MEMORY"": 427, ""API_CREDITS"": 228, ""DATASET"": 123}","{""COMPUTE"": 1.8767395626242545, ""MEMORY"": 1.8758782201405153, ""API_CREDITS"": 1.8728070175438596, ""DATASET"": 1.886178861788618}",4,0,0,0.0,0.15070963173372812,0.17642801436389788,0.09686516350672979,8.082022266672025,3.5617534244754885,13.685647230208673
delta0.00__high,0.0,high,1.9,2732825905,53c2cd63eecc92a9,"{""COMPUTE"": 489, ""MEMORY"": 408, ""API_CREDITS"": 230, ""DATASET"": 98}","{""COMPUTE"": 1.901840490797546, ""MEMORY"": 1.8872549019607843, ""API_CREDITS"": 1.9043478260869566, ""DATASET"": 1.7959183673469388}",4,0,0,0.0,0.08760134732157687,0.34279763472892943,0.05729527227913168,9.110744840638674,8.118071204434065,18.00951367665481
delta0.00__high,0.0,high,1.9,2788397956,8283ddcc280bf6d9,"{""COMPUTE"": 422, ""MEMORY"": 339, ""API_CREDITS"": 222, ""DATASET"": 39}","{""COMPUTE"": 1.90521327014218, ""MEMORY"": 1.9026548672566372, ""API_CREDITS"": 1.9054054054054055, ""DATASET"": 1.8461538461538463}",4,0,0,0.0,0.04697934203142536,0.12487410625707195,0.031402713477366236,8.446620573208339,11.160436997227775,8.891065017652783
delta0.00__high,0.0,high,1.9,2790330942,4c370be263dc28c2,"{""COMPUTE"": 474, ""MEMORY"": 391, ""API_CREDITS"": 211, ""DATASET"": 95}","{""COMPUTE"": 1.7890295358649788, ""MEMORY"": 1.8081841432225063, ""API_CREDITS"": 1.7867298578199051, ""DATASET"": 1.936842105263158}",4,0,0,0.0,0.14187110695262867,0.3839185795089886,0.0926684336530351,19.29900624208274,6.25480388307916,28.185087253162845
delta0.00__high,0.0,high,1.9,2803227013,a7ef089024b2b2a7,"{""COMPUTE"": 467, ""MEMORY"": 363, ""API_CREDITS"": 219, ""DATASET"": 39}","{""COMPUTE"": 1.785867237687366, ""MEMORY"": 1.7685950413223142, ""API_CREDITS"": 1.8356164383561644, ""DATASET"": 1.2307692307692308}",4,0,0,0.0,0.051505055734519606,0.3300328101363381,0.032933264117920275,13.543559591356042,15.273651706321422,38.762906666104314
delta0.00__high,0.0,high,1.9,2834917450,f27b1702f50ffcbd,"{""COMPUTE"": 447, ""MEMORY"": 371, ""API_CREDITS"": 194, ""DATASET"": 96}","{""COMPUTE"": 1.8747203579418346, ""MEMORY"": 1.8544474393530996, ""API_CREDITS"": 1.9175257731958764, ""DATASET"": 1.6666666666666667}",4,0,0,0.0,0.15504144977829187,0.20028496432778745,0.10444915708073603,6.8582164650415285,5.145518891307712,16.85634625102175
delta0.00__high,0.0,high,1.9,2884304410,b05a71d9cd00eace,"{""COMPUTE"": 642, ""MEMORY"": 547, ""API_CREDITS"": 314, ""DATASET"": 151}","{""COMPUTE"": 1.884735202492212, ""MEMORY"": 1.8957952468007313, ""API_CREDITS"": 1.8821656050955413, ""DATASET"": 1.9602649006622517}",4,0,0,0.0,0.08713408641152223,0.2213425129905612,0.05174952320811573,10.034855395794668,14.789265902780807,27.497560538601466
delta0.00__high,0.0,high,1.9,2899573342,2a4f321e1be9729e,"{""COMPUTE"": 409, ""MEMORY"": 360, ""API_CREDITS"": 164, ""DATASET"": 140}","{""COMPUTE"": 1.7163814180929096, ""MEMORY"": 1.75, ""API_CREDITS"": 1.6219512195121952, ""DATASET"": 1.9428571428571428}",4,0,0,0.0,0.1459314639492169,0.3962247338200367,0.09333880594947795,10.555502794488769,8.778460706014961,41.76638413777211
delta0.00__high,0.0,high,1.9,2933419437,b99e6a6415d5f92e,"{""COMPUTE"": 434, ""MEMORY"": 362, ""API_CREDITS"": 209, ""DATASET"": 81}","{""COMPUTE"": 1.9262672811059909, ""MEMORY"": 1.919889502762431, ""API_CREDITS"": 1.937799043062201, ""DATASET"": 1.876543209876543}",4,0,0,0.0,0.10759103931121121,0.2429778254215863,0.06507188288343496,15.344885682015038,11.09112019395061,18.315152843968413
delta0.00__high,0.0,high,1.9,2952553515,9500ab9e69e3addf,"{""COMPUTE"": 496, ""MEMORY"": 396, ""API_CREDITS"": 213, ""DATASET"": 79}","{""COMPUTE"": 1.8548387096774193, ""MEMORY"": 1.856060606060606, ""API_CREDITS"": 1.8262910798122065, ""DATASET"": 1.9240506329113924}",4,0,0,0.0,0.13786863786863787,0.24352060324126437,0.0922912763190541,10.554248968657344,15.787406481935763,19.630087809782086
delta0.00__high,0.0,high,1.9,2955940172,096d5f671038daac,"{""COMPUTE"": 477, ""MEMORY"": 403, ""API_CREDITS"": 215, ""DATASET"": 114}","{""COMPUTE"": 1.979035639412998, ""MEMORY"": 2.0, ""API_CREDITS"": 2.0, ""DATASET"": 2.1052631578947367}",4,0,0,0.0,0.14982859435670678,0.2842782956003081,0.0964019572202303,9.031693186303068,7.536394678180328,22.314818558977482
delta0.00__high,0.0,high,1.9,2981583208,b4b38cbe71dc2adb,"{""COMPUTE"": 592, ""MEMORY"": 491, ""API_CREDITS"": 300, ""DATASET"": 101}","{""COMPUTE"": 1.9256756756756757, ""MEMORY"": 1.9124236252545825, ""API_CREDITS"": 1.9233333333333333, ""DATASET"": 1.8217821782178218}",4,0,0,0.0,0.05987373737373738,0.1449004587244421,0.045740536148522255,6.4480444919920865,2.7305257921557957,18.41572336501632
delta0.00__high,0.0,high,1.9,2985129291,e495da302bb06ee2,"{""COMPUTE"": 423, ""MEMORY"": 343, ""API_CREDITS"": 186, ""DATASET"": 72}","{""COMPUTE"": 2.0141843971631204, ""MEMORY"": 2.0262390670553936, ""API_CREDITS"": 2.0483870967741935, ""DATASET"": 2.111111111111111}",4,0,0,0.0,0.1408293626308332,0.38885405986972227,0.09263708445693741,7.920972450453242,13.335717357792163,51.90499183950872
delta0.00__high,0.0,high,1.9,2999756299,80825ce02207577a,"{""COMPUTE"": 457, ""MEMORY"": 366, ""API_CREDITS"": 219, ""DATASET"": 57}","{""COMPUTE"": 1.947483588621444, ""MEMORY"": 1.9371584699453552, ""API_CREDITS"": 1.9497716894977168, ""DATASET"": 1.8245614035087718}",4,0,0,0.0,0.06850591173795594,0.23176951578576185,0.04626226553022133,19.023473188688214,11.465588930274402,18.13258355090932
delta0.00__high,0.0,high,1.9,3033509426,305b3d08ebde0e82,"{""COMPUTE"": 446, ""MEMORY"": 357, ""API_CREDITS"": 227, ""DATASET"": 46}","{""COMPUTE"": 2.013452914798206, ""MEMORY"": 2.0168067226890756, ""API_CREDITS"": 2.0088105726872247, ""DATASET"": 2.0869565217391304}",4,0,0,0.0,0.05151679662249515,0.3446386747276595,0.036435210435669996,7.135715002918194,14.876538491553271,31.16199557030121
delta0.00__high,0.0,high,1.9,3038190311,804a7cf740b25ca9,"{""COMPUTE"": 538, ""MEMORY"": 477, ""API_CREDITS"": 243, ""DATASET"": 176}","{""COMPUTE"": 1.8921933085501859, ""MEMORY"": 1.90146750524109, ""API_CREDITS"": 1.8806584362139918, ""DATASET"": 1.9545454545454546}",4,0,0,0.0,0.12231029488311042,0.18004184132921522,0.0871639754528104,4.001736704237506,6.246329754494738,5.077886030811737
delta0.00__high,0.0,high,1.9,3054276103,60a72024edb9f590,"{""COMPUTE"": 557, ""MEMORY"": 480, ""API_CREDITS"": 252, ""DATASET"": 154}","{""COMPUTE"": 1.9245960502692998, ""MEMORY"": 1.91875, ""API_CREDITS"": 1.9007936507936507, ""DATASET"": 1.922077922077922}",4,0,0,0.0,0.14903347193001223,0.26022253780847465,0.10546098755874617,15.83867647544254,9.605649320830393,39.08348466696826
delta0.00__high,0.0,high,1.9,3070189897,375c5d812f609c6b,"{""COMPUTE"": 488, ""MEMORY"": 400, ""API_CREDITS"": 234, ""DATASET"": 81}","{""COMPUTE"": 1.9139344262295082, ""MEMORY"": 1.92, ""API_CREDITS"": 1.9145299145299146, ""DATASET"": 1.9753086419753085}",4,0,0,0.0,0.11657966045101968,0.3036774708626809,0.07151819960274652,29.327131672597062,7.825618850711403,16.2216545351921
delta0.00__high,0.0,high,1.9,3099722351,8125cdeca6122605,"{""COMPUTE"": 513, ""MEMORY"": 455, ""API_CREDITS"": 233, ""DATASET"": 167}","{""COMPUTE"": 1.9337231968810915, ""MEMORY"": 1.9494505494505494, ""API_CREDITS"": 1.8927038626609443, ""DATASET"": 2.059880239520958}",4,0,0,0.0,0.12872651342779204,0.22055632401891848,0.09941931874506937,18.41448609014028,3.734416523410578,26.71911315050546
delta0.00__high,0.0,high,1.9,3116983969,62c282d42a65c86a,"{""COMPUTE"": 481, ""MEMORY"": 379, ""API_CREDITS"": 242, ""DATASET"": 40}","{""COMPUTE"": 1.970893970893971, ""MEMORY"": 1.9551451187335092, ""API_CREDITS"": 1.9462809917355373, ""DATASET"": 1.8}",4,0,0,0.0,0.04876059794734493,0.1372810449666829,0.03495718987059347,4.661143380953212,2.65942973469371,24.335605324610924
delta0.00__high,0.0,high,1.9,3153527322,6c10bbd72d0597ff,"{""COMPUTE"": 676, ""MEMORY"": 554, ""API_CREDITS"": 324, ""DATASET"": 120}","{""COMPUTE"": 1.9289940828402368, ""MEMORY"": 1.9277978339350181, ""API_CREDITS"": 1.9506172839506173, ""DATASET"": 1.8666666666666667}",4,0,0,0.0,0.04147127857393535,0.3671622767090268,0.02452232829697278,5.49828745661909,21.52091047443231,39.2522601275941
delta0.00__high,0.0,high,1.9,3164050495,69a0dd490ebc301e,"{""COMPUTE"": 542, ""MEMORY"": 454, ""API_CREDITS"": 255, ""DATASET"": 117}","{""COMPUTE"": 1.8856088560885609, ""MEMORY"": 1.89647577092511, ""API_CREDITS"": 1.8627450980392157, ""DATASET"": 1.982905982905983}",4,0,0,0.0,0.1199172389693084,0.3614127448418247,0.074034203940746,11.791046536029588,13.619458923067908,31.406782504334135
delta0.00__high,0.0,high,1.9,3166920227,345794a2ecd164da,"{""COMPUTE"": 519, ""MEMORY"": 444, ""API_CREDITS"": 224, ""DATASET"": 145}","{""COMPUTE"": 1.9499036608863198, ""MEMORY"": 1.927927927927928, ""API_CREDITS"": 1.9821428571428572, ""DATASET"": 1.7655172413793103}",4,0,0,0.0,0.1294124114878832,0.14377560676816029,0.08127005908137984,4.863764612752969,3.97402054778761,15.715012544809975
delta0.00__high,0.0,high,1.9,3175937812,5d155f5785713582,"{""COMPUTE"": 533, ""MEMORY"": 450, ""API_CREDITS"": 255, ""DATASET"": 118}","{""COMPUTE"": 1.8611632270168856, ""MEMORY"": 1.8533333333333333, ""API_CREDITS"": 1.8745098039215686, ""DATASET"": 1.7627118644067796}",4,0,0,0.0,0.1279667717903012,0.30184441404458795,0.0782468348644819,8.938044466887133,7.106950777228863,14.66078771374182
delta0.00__high,0.0,high,1.9,3192653688,910763cbf8a58dde,"{""COMPUTE"": 661, ""MEMORY"": 547, ""API_CREDITS"": 320, ""DATASET"": 124}","{""COMPUTE"": 1.9183055975794252, ""MEMORY"": 1.8994515539305301, ""API_CREDITS"": 1.928125, ""DATASET"": 1.7419354838709677}",4,0,0,0.0,0.04495153459043142,0.36923005894085975,0.03080628375213318,6.7462421619878805,10.26963333114463,31.995139008440677
delta0.00__high,0.0,high,1.9,3200726976,220f202f32f28fa3,"{""COMPUTE"": 451, ""MEMORY"": 356, ""API_CREDITS"": 207, ""DATASET"": 53}","{""COMPUTE"": 1.9334811529933482, ""MEMORY"": 1.949438202247191, ""API_CREDITS"": 1.9420289855072463, ""DATASET"": 2.1132075471698113}",4,0,0,0.0,0.07883307094127187,0.4017441598691,0.05210847734035053,12.207847273941274,17.744494336549163,29.590969245797268
delta0.00__high,0.0,high,1.9,3225980398,7c9415f285996d1c,"{""COMPUTE"": 528, ""MEMORY"": 432, ""API_CREDITS"": 245, ""DATASET"": 94}","{""COMPUTE"": 1.946969696969697, ""MEMORY"": 1.9513888888888888, ""API_CREDITS"": 1.963265306122449, ""DATASET"": 1.9574468085106382}",4,0,0,0.0,0.13668426620233848,0.1355370738303332,0.08681033379828561,10.706198936615683,6.681587684470572,13.849448133400491
delta0.00__high,0.0,high,1.9,3247708285,53fcd4282390a3ce,"{""COMPUTE"": 458, ""MEMORY"": 384, ""API_CREDITS"": 190, ""DATASET"": 114}","{""COMPUTE"": 1.9344978165938864, ""MEMORY"": 1.9505208333333333, ""API_CREDITS"": 1.9526315789473685, ""DATASET"": 2.0350877192982457}",4,0,0,0.0,0.1643598149920912,0.20643323790795418,0.11976020953339299,10.841226919948108,8.816379623703325,14.90820144938302
delta0.00__high,0.0,high,1.9,3275511066,5af3e279128cb3cf,"{""COMPUTE"": 478, ""MEMORY"": 391, ""API_CREDITS"": 236, ""DATASET"": 73}","{""COMPUTE"": 1.8368200836820083, ""MEMORY"": 1.8312020460358056, ""API_CREDITS"": 1.8305084745762712, ""DATASET"": 1.7534246575342465}",4,0,0,0.0,0.07879742031738596,0.21589871055341828,0.05064930289007146,3.218950262468184,11.97156473002771,17.240179115071406
delta0.00__high,0.0,high,1.9,3282615687,31c773e8bf3f2f3d,"{""COMPUTE"": 666, ""MEMORY"": 562, ""API_CREDITS"": 316, ""DATASET"": 153}","{""COMPUTE"": 1.921921921921922, ""MEMORY"": 1.9323843416370108, ""API_CREDITS"": 1.9303797468354431, ""DATASET"": 1.9869281045751634}",4,0,0,0.0,0.10934181559181556,0.14258249439279588,0.07013039044289045,6.965118790622345,3.402739851925453,17.142495440129768
delta0.00__high,0.0,high,1.9,3309075039,bb0847d1fc8edbe5,"{""COMPUTE"": 429, ""MEMORY"": 337, ""API_CREDITS"": 196, ""DATASET"": 46}","{""COMPUTE"": 2.1445221445221447, ""MEMORY"": 2.169139465875371, ""API_CREDITS"": 2.1479591836734695, ""DATASET"": 2.608695652173913}",4,0,0,0.0,0.1329139957264957,0.12410840272412653,0.09247462606837605,6.748409684901645,4.917469508488391,46.763965348948396
delta0.00__high,0.0,high,1.9,3334186716,335c8a76b42774cf,"{""COMPUTE"": 425, ""MEMORY"": 358, ""API_CREDITS"": 201, ""DATASET"": 89}","{""COMPUTE"": 1.755294117647059, ""MEMORY"": 1.7513966480446927, ""API_CREDITS"": 1.756218905472637, ""DATASET"": 1.7078651685393258}",4,0,0,0.0,0.12522786515698886,0.28716172308485954,0.07686327524573873,9.58507835235587,13.269655568782214,28.02952279680031
delta0.00__high,0.0,high,1.9,3439138492,07efc7346ce09317,"{""COMPUTE"": 514, ""MEMORY"": 428, ""API_CREDITS"": 248, ""DATASET"": 98}","{""COMPUTE"": 1.9805447470817121, ""MEMORY"": 1.97196261682243, ""API_CREDITS"": 1.967741935483871, ""DATASET"": 1.9591836734693877}",4,0,0,0.0,0.07206186556750983,0.33884184184595373,0.0463594942403106,12.318944383220819,16.254539355001764,23.949229939860988
delta0.00__high,0.0,high,1.9,3447205743,f0cd7c916e2552b9,"{""COMPUTE"": 561, ""MEMORY"": 472, ""API_CREDITS"": 250, ""DATASET"": 134}","{""COMPUTE"": 1.8288770053475936, ""MEMORY"": 1.8283898305084745, ""API_CREDITS"": 1.812, ""DATASET"": 1.8507462686567164}",4,0,0,0.0,0.16448201205482757,0.1199925092721552,0.11479180653937937,5.603905661353813,5.704466974649079,22.56913363595592
delta0.00__high,0.0,high,1.9,3460158696,be67035b9bf6ee90,"{""COMPUTE"": 596, ""MEMORY"": 485, ""API_CREDITS"": 297, ""DATASET"": 87}","{""COMPUTE"": 1.8288590604026846, ""MEMORY"": 1.8309278350515463, ""API_CREDITS"": 1.8316498316498318, ""DATASET"": 1.839080459770115}",4,0,0,0.0,0.04958626679252036,0.28978368146564987,0.03347300765521796,8.010464991578827,8.124451409426603,25.02774456358081
delta0.00__high,0.0,high,1.9,3460268087,9ccb07bdc39fdb2f,"{""COMPUTE"": 417, ""MEMORY"": 342, ""API_CREDITS"": 197, ""DATASET"": 68}","{""COMPUTE"": 2.062350119904077, ""MEMORY"": 2.0497076023391814, ""API_CREDITS"": 2.065989847715736, ""DATASET"": 2.0}",4,0,0,0.0,0.1332661314707305,0.31028030923336564,0.08655246717599312,9.835974674041632,13.337141989757072,47.22604280361613
delta0.00__high,0.0,high,1.9,3463781334,abdbbd7ad376da6a,"{""COMPUTE"": 421, ""MEMORY"": 364, ""API_CREDITS"": 166, ""DATASET"": 133}","{""COMPUTE"": 2.0285035629453683, ""MEMORY"": 2.0247252747252746, ""API_CREDITS"": 2.066265060240964, ""DATASET"": 1.9849624060150375}",4,0,0,0.0,0.17831708473217908,0.17346502102742756,0.13004451872376402,7.270552702180923,9.306039177126907,30.454713721260546
delta0.00__high,0.0,high,1.9,3467569127,cdf84b8ffb6e3568,"{""COMPUTE"": 527, ""MEMORY"": 426, ""API_CREDITS"": 251, ""DATASET"": 77}","{""COMPUTE"": 1.984819734345351, ""MEMORY"": 1.9788732394366197, ""API_CREDITS"": 1.9800796812749004, ""DATASET"": 1.974025974025974}",4,0,0,0.0,0.07831507851931391,0.40144073137318254,0.05544057886866024,20.427354215969924,23.86845236979302,27.85591645754363
delta0.00__high,0.0,high,1.9,3518403916,0a156c49e95c3f98,"{""COMPUTE"": 555, ""MEMORY"": 483, ""API_CREDITS"": 257, ""DATASET"": 159}","{""COMPUTE"": 1.9639639639639639, ""MEMORY"": 1.958592132505176, ""API_CREDITS"": 1.9844357976653697, ""DATASET"": 1.9119496855345912}",4,0,0,0.0,0.09763423077662443,0.31771305630760915,0.06587197826329666,13.677780516343043,10.949047100020543,25.35323708689377
delta0.00__high,0.0,high,1.9,3547154528,34f8db45634cea33,"{""COMPUTE"": 534, ""MEMORY"": 459, ""API_CREDITS"": 247, ""DATASET"": 140}","{""COMPUTE"": 1.951310861423221, ""MEMORY"": 1.9477124183006536, ""API_CREDITS"": 1.951417004048583, ""DATASET"": 1.9428571428571428}",4,0,0,0.0,0.09552053660964553,0.3668419070365234,0.061193553932827875,12.985606338700572,16.68061236982661,22.217797040117393
delta0.00__high,0.0,high,1.9,3556888763,0afe9b55449c1d60,"{""COMPUTE"": 607, ""MEMORY"": 510, ""API_CREDITS"": 289, ""DATASET"": 133}","{""COMPUTE"": 1.970345963756178, ""MEMORY"": 1.9803921568627452, ""API_CREDITS"": 1.972318339100346, ""DATASET"": 2.045112781954887}",4,0,0,0.0,0.11063789321037061,0.26625430286118695,0.07128538485803484,23.361675408570076,14.053355227898022,21.84767441664869
delta0.00__high,0.0,high,1.9,3585070197,e08e5b22d3329e9c,"{""COMPUTE"": 448, ""MEMORY"": 354, ""API_CREDITS"": 206, ""DATASET"": 53}","{""COMPUTE"": 1.7544642857142858, ""MEMORY"": 1.7485875706214689, ""API_CREDITS"": 1.733009708737864, ""DATASET"": 1.6603773584905661}",4,0,0,0.0,0.11195922116348696,0.3101532252135732,0.07523124776508697,8.993860275738344,10.140734496570582,31.770117756694603
delta0.00__high,0.0,high,1.9,3597312856,455ca4907dc593e6,"{""COMPUTE"": 448, ""MEMORY"": 361, ""API_CREDITS"": 213, ""DATASET"": 63}","{""COMPUTE"": 1.9285714285714286, ""MEMORY"": 1.922437673130194, ""API_CREDITS"": 1.943661971830986, ""DATASET"": 1.7777777777777777}",4,0,0,0.0,0.09227772292752184,0.12038020703773816,0.061040608071085946,10.509525271846359,5.423660543854729,21.607384348019053
delta0.00__high,0.0,high,1.9,3646743967,24ceea4874b0701a,"{""COMPUTE"": 628, ""MEMORY"": 520, ""API_CREDITS"": 314, ""DATASET"": 111}","{""COMPUTE"": 1.8885350318471337, ""MEMORY"": 1.8884615384615384, ""API_CREDITS"": 1.89171974522293, ""DATASET"": 1.8738738738738738}",4,0,0,0.0,0.04958109960857214,0.30428751443322916,0.03552041241344126,8.87558073972876,11.966656681423416,7.681421167014324
delta0.00__high,0.0,high,1.9,3702281959,68c10a60a7da3e85,"{""COMPUTE"": 352, ""MEMORY"": 279, ""API_CREDITS"": 191, ""DATASET"": 16}","{""COMPUTE"": 1.7727272727272727, ""MEMORY"": 1.7562724014336917, ""API_CREDITS"": 1.7905759162303665, ""DATASET"": 1.0}",4,0,0,0.0,0.02847222222222221,0.09413338111666048,0.021585648148148142,4.171220725961528,1.230226244850489,19.973602241160687
delta0.00__high,0.0,high,1.9,3703198363,c2caf66d71e84680,"{""COMPUTE"": 318, ""MEMORY"": 281, ""API_CREDITS"": 116, ""DATASET"": 114}","{""COMPUTE"": 1.9937106918238994, ""MEMORY"": 1.99288256227758, ""API_CREDITS"": 2.0689655172413794, ""DATASET"": 1.9649122807017543}",4,0,0,0.0,0.17670391467793678,0.27415440045900147,0.11516829767613583,11.38740017016631,7.965889990110817,38.191325443824844
delta0.00__high,0.0,high,1.9,3722197476,871e3d54745e987f,"{""COMPUTE"": 567, ""MEMORY"": 463, ""API_CREDITS"": 277, ""DATASET"": 90}","{""COMPUTE"": 1.9788359788359788, ""MEMORY"": 1.9848812095032398, ""API_CREDITS"": 1.9819494584837545, ""DATASET"": 2.0444444444444443}",4,0,0,0.0,0.06543130900800898,0.3011471278885862,0.04556110573996491,16.131568243785296,15.882056491020952,20.385786240104114
delta0.00__high,0.0,high,1.9,3732653027,60805a384d7661a7,"{""COMPUTE"": 568, ""MEMORY"": 464, ""API_CREDITS"": 255, ""DATASET"": 107}","{""COMPUTE"": 2.038732394366197, ""MEMORY"": 2.0517241379310347, ""API_CREDITS"": 2.0862745098039217, ""DATASET"": 2.0934579439252334}",4,0,0,0.0,0.08887636098386324,0.3810676776420243,0.05547892576564694,5.797733226862757,13.14406379376043,38.35019372979403
delta0.00__high,0.0,high,1.9,3755261675,93885f99684a848c,"{""COMPUTE"": 379, ""MEMORY"": 336, ""API_CREDITS"": 154, ""DATASET"": 130}","{""COMPUTE"": 1.9050131926121372, ""MEMORY"": 1.9017857142857142, ""API_CREDITS"": 1.9025974025974026, ""DATASET"": 1.9076923076923078}",4,0,0,0.0,0.18729301981729166,0.09630541692171331,0.13951265832333795,3.9402439593189875,2.6755303431244655,5.029782019604887
delta0.00__high,0.0,high,1.9,3819244249,1965754dc58c669d,"{""COMPUTE"": 541, ""MEMORY"": 436, ""API_CREDITS"": 270, ""DATASET"": 69}","{""COMPUTE"": 1.8817005545286507, ""MEMORY"": 1.8807339449541285, ""API_CREDITS"": 1.8814814814814815, ""DATASET"": 1.855072463768116}",4,0,0,0.0,0.059128997153859025,0.09993143739399957,0.04233578010770689,9.076103980355816,11.602508573615735,5.101600924590777
delta0.00__high,0.0,high,1.9,3825070817,9ac6320f2dbb1b32,"{""COMPUTE"": 261, ""MEMORY"": 232, ""API_CREDITS"": 110, ""DATASET"": 82}","{""COMPUTE"": 1.8544061302681993, ""MEMORY"": 1.8275862068965518, ""API_CREDITS"": 2.0, ""DATASET"": 1.5609756097560976}",4,0,0,0.0,0.14005647795140716,0.35917794338656245,0.09089317185030076,8.29403009612606,6.584792679173951,15.877624069872416
delta0.00__high,0.0,high,1.9,3829285020,86d8b14317e206e0,"{""COMPUTE"": 422, ""MEMORY"": 345, ""API_CREDITS"": 202, ""DATASET"": 66}","{""COMPUTE"": 1.838862559241706, ""MEMORY"": 1.826086956521739, ""API_CREDITS"": 1.8316831683168318, ""DATASET"": 1.696969696969697}",4,0,0,0.0,0.13025351192017856,0.22160334653876343,0.08564496203385091,4.858868783428508,5.996629008616872,23.358338372806987
delta0.00__high,0.0,high,1.9,3829736852,84fa6c387bc25a61,"{""COMPUTE"": 416, ""MEMORY"": 361, ""API_CREDITS"": 165, ""DATASET"": 133}","{""COMPUTE"": 1.9375, ""MEMORY"": 1.925207756232687, ""API_CREDITS"": 1.9454545454545455, ""DATASET"": 1.8646616541353382}",4,0,0,0.0,0.18254535319752707,0.14655849076336977,0.134587936218371,4.252265383294762,4.481674869818472,7.68621458035059
delta0.00__high,0.0,high,1.9,3834605579,4d9f2e1d1e753487,"{""COMPUTE"": 453, ""MEMORY"": 391, ""API_CREDITS"": 205, ""DATASET"": 125}","{""COMPUTE"": 2.013245033112583, ""MEMORY"": 1.9948849104859334, ""API_CREDITS"": 2.0878048780487806, ""DATASET"": 1.792}",4,0,0,0.0,0.09755358696553802,0.38403337236343704,0.05882903839202224,9.00431848994983,12.954676718499421,29.876972000378554
delta0.00__high,0.0,high,1.9,3862073378,2c680955b94309f0,"{""COMPUTE"": 480, ""MEMORY"": 419, ""API_CREDITS"": 227, ""DATASET"": 136}","{""COMPUTE"": 1.9375, ""MEMORY"": 1.954653937947494, ""API_CREDITS"": 1.907488986784141, ""DATASET"": 2.0588235294117645}",4,0,0,0.0,0.1290271516264071,0.39975650471584706,0.08864841432090613,16.978877782201053,21.201100004423274,67.42641750849043
delta0.00__high,0.0,high,1.9,3896223086,d5077c5d6481233c,"{""COMPUTE"": 570, ""MEMORY"": 469, ""API_CREDITS"": 266, ""DATASET"": 107}","{""COMPUTE"": 1.9578947368421054, ""MEMORY"": 1.9232409381663114, ""API_CREDITS"": 1.962406015037594, ""DATASET"": 1.644859813084112}",4,0,0,0.0,0.07731468137301999,0.224422116544679,0.04950968146909809,5.135467566665011,7.825338881400293,30.93083252081496
delta0.00__high,0.0,high,1.9,3902540653,1a295e9aa8419218,"{""COMPUTE"": 566, ""MEMORY"": 457, ""API_CREDITS"": 255, ""DATASET"": 94}","{""COMPUTE"": 1.802120141342756, ""MEMORY"": 1.8096280087527352, ""API_CREDITS"": 1.7607843137254902, ""DATASET"": 1.9574468085106382}",4,0,0,0.0,0.12393243848772431,0.24512587182341042,0.08846884481540186,7.7190933754499325,9.763416151696209,28.833798743192755
delta0.00__high,0.0,high,1.9,3945030225,df824826c45031cc,"{""COMPUTE"": 466, ""MEMORY"": 399, ""API_CREDITS"": 206, ""DATASET"": 124}","{""COMPUTE"": 1.8068669527896997, ""MEMORY"": 1.8170426065162908, ""API_CREDITS"": 1.8009708737864079, ""DATASET"": 1.8709677419354838}",4,0,0,0.0,0.17077811368641063,0.26514178046825726,0.12303889018954521,14.96165781272911,12.514893965554064,31.22894819952184
delta0.00__high,0.0,high,1.9,3947356923,f84c7a0eb3e3a4ee,"{""COMPUTE"": 363, ""MEMORY"": 324, ""API_CREDITS"": 140, ""DATASET"": 135}","{""COMPUTE"": 1.7685950413223142, ""MEMORY"": 1.7901234567901234, ""API_CREDITS"": 1.7142857142857142, ""DATASET"": 1.8962962962962964}",4,0,0,0.0,0.17589518558419542,0.2939394191625126,0.11364268628159215,9.522977263896925,14.054495566827379,52.84304340317552
delta0.00__high,0.0,high,1.9,3981156840,3c05da75f75199ab,"{""COMPUTE"": 378, ""MEMORY"": 321, ""API_CREDITS"": 166, ""DATASET"": 92}","{""COMPUTE"": 1.8253968253968254, ""MEMORY"": 1.8348909657320873, ""API_CREDITS"": 1.8734939759036144, ""DATASET"": 1.826086956521739}",4,0,0,0.0,0.1611077405939206,0.31958890330368556,0.1116657555309221,4.11345404021457,13.836732464172377,35.09955313293994
delta0.00__high,0.0,high,1.9,3996589783,f21adaf3e522069e,"{""COMPUTE"": 505, ""MEMORY"": 450, ""API_CREDITS"": 226, ""DATASET"": 170}","{""COMPUTE"": 1.8732673267326734, ""MEMORY"": 1.8755555555555556, ""API_CREDITS"": 1.8761061946902655, ""DATASET"": 1.8823529411764706}",4,0,0,0.0,0.15644970644970646,0.13873569665190738,0.1095048595048595,7.28035463428494,6.991235050479426,14.048829939116311
delta0.00__high,0.0,high,1.9,4024888051,babc6c623f920f63,"{""COMPUTE"": 272, ""MEMORY"": 244, ""API_CREDITS"": 105, ""DATASET"": 100}","{""COMPUTE"": 1.7573529411764706, ""MEMORY"": 1.8278688524590163, ""API_CREDITS"": 1.7333333333333334, ""DATASET"": 2.08}",4,0,0,0.0,0.16330913212633644,0.2345026498876803,0.11260778367040226,5.987290757715002,9.457045027805906,31.097405951673498
delta0.00__high,0.0,high,1.9,4030503373,5a444fe144005373,"{""COMPUTE"": 342, ""MEMORY"": 290, ""API_CREDITS"": 143, ""DATASET"": 86}","{""COMPUTE"": 1.695906432748538, ""MEMORY"": 1.7310344827586206, ""API_CREDITS"": 1.5804195804195804, ""DATASET"": 2.046511627906977}",4,0,0,0.0,0.16406418162822017,0.40647491537558067,0.11768716478647297,17.465098485715952,8.050699937061195,34.24155709501069
delta0.00__high,0.0,high,1.9,4039868181,9d344e6114f01739,"{""COMPUTE"": 413, ""MEMORY"": 354, ""API_CREDITS"": 204, ""DATASET"": 93}","{""COMPUTE"": 1.8256658595641646, ""MEMORY"": 1.8022598870056497, ""API_CREDITS"": 1.8725490196078431, ""DATASET"": 1.5483870967741935}",4,0,0,0.0,0.08697765121260824,0.3944603628448415,0.05732788031040148,10.749207689045177,27.214124956566554,30.796896345983157
delta0.00__high,0.0,high,1.9,4070281976,f81ff9cacbf41ff0,"{""COMPUTE"": 576, ""MEMORY"": 503, ""API_CREDITS"": 266, ""DATASET"": 169}","{""COMPUTE"": 1.9965277777777777, ""MEMORY"": 1.9900596421471173, ""API_CREDITS"": 2.026315789473684, ""DATASET"": 1.9408284023668638}",4,0,0,0.0,0.08604415653277626,0.36605230997817784,0.06191793363209721,11.767974724983882,9.52331686098096,31.12609926209501
delta0.00__high,0.0,high,1.9,4074372378,d52b32dda14ffad1,"{""COMPUTE"": 594, ""MEMORY"": 484, ""API_CREDITS"": 295, ""DATASET"": 88}","{""COMPUTE"": 1.9562289562289563, ""MEMORY"": 1.975206611570248, ""API_CREDITS"": 1.9661016949152543, ""DATASET"": 2.1818181818181817}",4,0,0,0.0,0.05311232865153029,0.33139872395057457,0.03738486107641543,8.969361194370714,10.143593265457952,46.91499035523108
delta0.00__high,0.0,high,1.9,4082760487,4af17af44f803c04,"{""COMPUTE"": 537, ""MEMORY"": 451, ""API_CREDITS"": 258, ""DATASET"": 114}","{""COMPUTE"": 1.8472998137802608, ""MEMORY"": 1.8381374722838137, ""API_CREDITS"": 1.8410852713178294, ""DATASET"": 1.7543859649122806}",4,0,0,0.0,0.12967900155400156,0.11297185218288287,0.07820087898212898,7.451904222890974,5.896571105048885,16.162136794220462
delta0.00__high,0.0,high,1.9,4095462803,5c402a9da729b98d,"{""COMPUTE"": 449, ""MEMORY"": 361, ""API_CREDITS"": 233, ""DATASET"": 46}","{""COMPUTE"": 1.9510022271714922, ""MEMORY"": 1.9473684210526316, ""API_CREDITS"": 1.944206008583691, ""DATASET"": 1.9130434782608696}",4,0,0,0.0,0.05075416963437796,0.23241602265202496,0.037429176806346935,4.875280020553552,14.209714627362125,25.21871717729122
delta0.00__high,0.0,high,1.9,4099285905,07c8fa5569b3cc41,"{""COMPUTE"": 460, ""MEMORY"": 378, ""API_CREDITS"": 217, ""DATASET"": 81}","{""COMPUTE"": 1.9217391304347826, ""MEMORY"": 1.91005291005291, ""API_CREDITS"": 1.9262672811059909, ""DATASET"": 1.7777777777777777}",4,0,0,0.0,0.13395741934951838,0.1531012953853752,0.08700227778205373,4.417813700156301,3.092652203505897,8.372355672090375
delta0.00__high,0.0,high,1.9,4105600667,dec6616841ec398a,"{""COMPUTE"": 512, ""MEMORY"": 442, ""API_CREDITS"": 247, ""DATASET"": 132}","{""COMPUTE"": 1.8515625, ""MEMORY"": 1.8529411764705883, ""API_CREDITS"": 1.8178137651821862, ""DATASET"": 1.878787878787879}",4,0,0,0.0,0.1343256406405195,0.22232213405243417,0.07873700834340974,10.985712292940777,20.59486745574093,28.617502233192464
delta0.00__high,0.0,high,1.9,4163155962,0ddbd1717b365f7a,"{""COMPUTE"": 472, ""MEMORY"": 400, ""API_CREDITS"": 231, ""DATASET"": 101}","{""COMPUTE"": 1.7923728813559323, ""MEMORY"": 1.81, ""API_CREDITS"": 1.800865800865801, ""DATASET"": 1.900990099009901}",4,0,0,0.0,0.1355631803295355,0.22211531562576023,0.0857137605385269,8.09306542245144,16.126332349534348,23.481808159451134
delta0.00__high,0.0,high,1.9,4171035140,d5c962a453b9aa98,"{""COMPUTE"": 507, ""MEMORY"": 434, ""API_CREDITS"": 236, ""DATASET"": 128}","{""COMPUTE"": 1.913214990138067, ""MEMORY"": 1.9262672811059909, ""API_CREDITS"": 1.9152542372881356, ""DATASET"": 2.0}",4,0,0,0.0,0.10261847293097295,0.29650050660698324,0.06720390207119657,9.46687895009115,12.888790518788158,21.66330551703903
delta0.00__high,0.0,high,1.9,4184451528,cf6d8c24d8d348a5,"{""COMPUTE"": 536, ""MEMORY"": 444, ""API_CREDITS"": 254, ""DATASET"": 102}","{""COMPUTE"": 1.8917910447761195, ""MEMORY"": 1.8941441441441442, ""API_CREDITS"": 1.8700787401574803, ""DATASET"": 1.9607843137254901}",4,0,0,0.0,0.12017515083572575,0.22046533982808647,0.07400357029695821,9.992425123158819,10.153108469311512,10.447970077982239
delta0.00__high,0.0,high,1.9,4190426423,ff30c26f3bf4e2cf,"{""COMPUTE"": 383, ""MEMORY"": 340, ""API_CREDITS"": 163, ""DATASET"": 128}","{""COMPUTE"": 1.8694516971279374, ""MEMORY"": 1.8470588235294119, ""API_CREDITS"": 1.8650306748466257, ""DATASET"": 1.75}",4,0,0,0.0,0.16805849782994933,0.2915346378705927,0.11482690887428926,10.311149219455944,5.82078002033407,15.401292477751811
delta0.00__high,0.0,high,1.9,4202249207,08ee735488f3ba24,"{""COMPUTE"": 500, ""MEMORY"": 407, ""API_CREDITS"": 234, ""DATASET"": 82}","{""COMPUTE"": 1.92, ""MEMORY"": 1.8746928746928746, ""API_CREDITS"": 1.9188034188034189, ""DATASET"": 1.4634146341463414}",4,0,0,0.0,0.0842497254667066,0.3472469985716076,0.05599069082559651,11.950926142754769,12.342075687049695,59.3304064123326
delta0.00__high,0.0,high,1.9,4206761894,49dd52f67ba3651f,"{""COMPUTE"": 598, ""MEMORY"": 500, ""API_CREDITS"": 288, ""DATASET"": 123}","{""COMPUTE"": 2.076923076923077, ""MEMORY"": 2.068, ""API_CREDITS"": 2.1180555555555554, ""DATASET"": 1.951219512195122}",4,0,0,0.0,0.057502713977287984,0.29677948479001376,0.042838691490241214,2.518413822317942,19.536351709771996,43.015034359672576
delta0.00__moderate,0.0,moderate,1.3,19063083,7d9e3ca936075110,"{""COMPUTE"": 626, ""MEMORY"": 483, ""API_CREDITS"": 281, ""DATASET"": 52}","{""COMPUTE"": 1.3130990415335464, ""MEMORY"": 1.31055900621118, ""API_CREDITS"": 1.291814946619217, ""DATASET"": 1.3846153846153846}",4,0,0,0.0,0.11977329657742028,0.1546307805479816,0.09011059816472188,4.232876650978956,7.150763304667355,6.9005870695547395
delta0.00__moderate,0.0,moderate,1.3,27327381,7ae123ab06f2b616,"{""COMPUTE"": 701, ""MEMORY"": 552, ""API_CREDITS"": 350, ""DATASET"": 60}","{""COMPUTE"": 1.2439372325249642, ""MEMORY"": 1.2318840579710144, ""API_CREDITS"": 1.2228571428571429, ""DATASET"": 1.0666666666666667}",4,0,0,0.0,0.053448275862068954,0.2095592761056878,0.038710826210826214,7.8223375821078465,9.585206436900569,31.985437293078707
delta0.00__moderate,0.0,moderate,1.3,73091972,152b1cb418570065,"{""COMPUTE"": 556, ""MEMORY"": 487, ""API_CREDITS"": 245, ""DATASET"": 165}","{""COMPUTE"": 1.3669064748201438, ""MEMORY"": 1.3901437371663243, ""API_CREDITS"": 1.3020408163265307, ""DATASET"": 1.6}",4,0,0,0.0,0.17045216806410834,0.2917966325512606,0.12019364859849935,6.37648431043068,20.142012140900007,31.6332755243718
delta0.00__moderate,0.0,moderate,1.3,75104030,a924cebd1a8e2a7b,"{""COMPUTE"": 401, ""MEMORY"": 366, ""API_CREDITS"": 152, ""DATASET"": 161}","{""COMPUTE"": 1.3516209476309227, ""MEMORY"": 1.3224043715846994, ""API_CREDITS"": 1.394736842105263, ""DATASET"": 1.1925465838509317}",4,0,0,0.0,0.19101776729203918,0.275006688705882,0.15040280983848944,7.486968628211108,5.978089962276459,22.338735664923107
delta0.00__moderate,0.0,moderate,1.3,75640271,06618a5ca7d4fc80,"{""COMPUTE"": 717, ""MEMORY"": 626, ""API_CREDITS"": 328, ""DATASET"": 209}","{""COMPUTE"": 1.3165969316596933, ""MEMORY"": 1.3035143769968052, ""API_CREDITS"": 1.329268292682927, ""DATASET"": 1.2248803827751196}",4,0,0,0.0,0.09819364916449685,0.2620901233833099,0.06854003295012868,8.976336235963105,13.55575552723237,12.061319069863293
delta0.00__moderate,0.0,moderate,1.3,87781505,16ce8b86d4ef8525,"{""COMPUTE"": 675, ""MEMORY"": 569, ""API_CREDITS"": 323, ""DATASET"": 143}","{""COMPUTE"": 1.4014814814814816, ""MEMORY"": 1.3725834797891037, ""API_CREDITS"": 1.4086687306501549, ""DATASET"": 1.1748251748251748}",4,0,0,0.0,0.07604797268251037,0.3599372841177626,0.04754519735948317,14.6325221843517,20.15523161795844,38.36352231494229
delta0.00__moderate,0.0,moderate,1.3,94885586,a8a1dfd2c77a81f4,"{""COMPUTE"": 746, ""MEMORY"": 627, ""API_CREDITS"": 346, ""DATASET"": 165}","{""COMPUTE"": 1.3753351206434317, ""MEMORY"": 1.3700159489633175, ""API_CREDITS"": 1.4017341040462428, ""DATASET"": 1.309090909090909}",4,0,0,0.0,0.11103979582998551,0.3841231268985997,0.06672557249405127,17.27738247064164,8.545750747780977,37.84817264624331
delta0.00__moderate,0.0,moderate,1.3,101192955,39be4955dd95d0d6,"{""COMPUTE"": 693, ""MEMORY"": 599, ""API_CREDITS"": 335, ""DATASET"": 176}","{""COMPUTE"": 1.189033189033189, ""MEMORY"": 1.2036727879799667, ""API_CREDITS"": 1.155223880597015, ""DATASET"": 1.3181818181818181}",4,0,0,0.0,0.1305870512586822,0.33979609444730197,0.09463362019573106,18.5212894646872,21.24473627527482,40.63608713402645
delta0.00__moderate,0.0,moderate,1.3,108416726,f72de50bbc5cc614,"{""COMPUTE"": 617, ""MEMORY"": 510, ""API_CREDITS"": 289, ""DATASET"": 112}","{""COMPUTE"": 1.3160453808752026, ""MEMORY"": 1.3019607843137255, ""API_CREDITS"": 1.342560553633218, ""DATASET"": 1.1428571428571428}",4,0,0,0.0,0.11158493700510505,0.25137693588358256,0.07096852921432754,3.8398457823163916,7.385898061530881,10.09207984936072
delta0.00__moderate,0.0,moderate,1.3,112626036,4634f2ae1f2d1e47,"{""COMPUTE"": 706, ""MEMORY"": 568, ""API_CREDITS"": 321, ""DATASET"": 107}","{""COMPUTE"": 1.3739376770538243, ""MEMORY"": 1.3591549295774648, ""API_CREDITS"": 1.395638629283489, ""DATASET"": 1.1962616822429906}",4,0,0,0.0,0.11942207266843188,0.14485959164246123,0.08248194168628029,11.619588557056389,10.730699668167501,23.785842355386183
delta0.00__moderate,0.0,moderate,1.3,129877774,bc93fac92e8f3321,"{""COMPUTE"": 913, ""MEMORY"": 751, ""API_CREDITS"": 450, ""DATASET"": 155}","{""COMPUTE"": 1.3231106243154436, ""MEMORY"": 1.3235685752330226, ""API_CREDITS"": 1.32, ""DATASET"": 1.3419354838709678}",4,0,0,0.0,0.0557574096225412,0.23964892668869653,0.03932077075580365,9.657774721546874,11.470218916829069,15.296994327903482
delta0.00__moderate,0.0,moderate,1.3,139216186,02b65f7bb790df6d,"{""COMPUTE"": 534, ""MEMORY"": 451, ""API_CREDITS"": 232, ""DATASET"": 127}","{""COMPUTE"": 1.2621722846441947, ""MEMORY"": 1.2594235033259424, ""API_CREDITS"": 1.2413793103448276, ""DATASET"": 1.2598425196850394}",4,0,0,0.0,0.16028083028083032,0.3721744024822293,0.10810231435231436,10.399064679331628,14.498106388247486,21.926318550885465
delta0.00__moderate,0.0,moderate,1.3,139730805,b52c99c13c5e2245,"{""COMPUTE"": 798, ""MEMORY"": 629, ""API_CREDITS"": 381, ""DATASET"": 85}","{""COMPUTE"": 1.2857142857142858, ""MEMORY"": 1.287758346581876, ""API_CREDITS"": 1.2860892388451444, ""DATASET"": 1.3176470588235294}",4,0,0,0.0,0.06779331779331779,0.19003438637734515,0.04911292411292412,8.106611735870437,6.46065224193985,4.8917396088915295
delta0.00__moderate,0.0,moderate,1.3,147261721,b49018f810d2be6a,"{""COMPUTE"": 658, ""MEMORY"": 533, ""API_CREDITS"": 307, ""DATASET"": 100}","{""COMPUTE"": 1.221884498480243, ""MEMORY"": 1.2345215759849906, ""API_CREDITS"": 1.1791530944625408, ""DATASET"": 1.44}",4,0,0,0.0,0.13736926228854773,0.20359931584907484,0.09539611267890075,14.138596985817259,13.257023812836998,25.47472117221719
delta0.00__moderate,0.0,moderate,1.3,152599165,f32179e38f6e43a0,"{""COMPUTE"": 765, ""MEMORY"": 627, ""API_CREDITS"": 377, ""DATASET"": 122}","{""COMPUTE"": 1.3411764705882352, ""MEMORY"": 1.3397129186602872, ""API_CREDITS"": 1.3474801061007957, ""DATASET"": 1.3114754098360655}",4,0,0,0.0,0.06654905717405717,0.36184366229644754,0.04295910155285156,21.54059987844714,25.16807151869965,29.96062066264599
delta0.00__moderate,0.0,moderate,1.3,153676091,198fa9e0e6984a6d,"{""COMPUTE"": 714, ""MEMORY"": 595, ""API_CREDITS"": 359, ""DATASET"": 126}","{""COMPUTE"": 1.2829131652661065, ""MEMORY"": 1.2840336134453783, ""API_CREDITS"": 1.2924791086350975, ""DATASET"": 1.2698412698412698}",4,0,0,0.0,0.0660584827251494,0.1803817756532856,0.04915711165711165,9.38927884361159,5.833723288056034,8.690696956202034
delta0.00__moderate,0.0,moderate,1.3,173143613,35d261c1aa184965,"{""COMPUTE"": 363, ""MEMORY"": 321, ""API_CREDITS"": 168, ""DATASET"": 98}","{""COMPUTE"": 1.2672176308539944, ""MEMORY"": 1.2710280373831775, ""API_CREDITS"": 1.2619047619047619, ""DATASET"": 1.3061224489795917}",4,0,0,0.0,0.1727920227920228,0.09627143529197048,0.14245014245014245,3.8851423920046035,3.4962535031157156,5.345113081669404
delta0.00__moderate,0.0,moderate,1.3,190642350,be43de994cbb2031,"{""COMPUTE"": 747, ""MEMORY"": 627, ""API_CREDITS"": 332, ""DATASET"": 175}","{""COMPUTE"": 1.2744310575635878, ""MEMORY"": 1.2854864433811801, ""API_CREDITS"": 1.2590361445783131, ""DATASET"": 1.3714285714285714}",4,0,0,0.0,0.10684813054443287,0.3716957520937805,0.06955322387201308,14.462227418744433,22.04236362111055,28.288039475355713
delta0.00__moderate,0.0,moderate,1.3,207766894,cf552142c73a1f13,"{""COMPUTE"": 930, ""MEMORY"": 770, ""API_CREDITS"": 435, ""DATASET"": 187}","{""COMPUTE"": 1.3741935483870968, ""MEMORY"": 1.348051948051948, ""API_CREDITS"": 1.4022988505747127, ""DATASET"": 1.1122994652406417}",4,0,0,0.0,0.05515109824661712,0.16119693710330768,0.04008317252715837,11.203077146790207,5.739486585441416,33.49181863004767
delta0.00__moderate,0.0,moderate,1.3,214952310,5c276a9e776d9ce1,"{""COMPUTE"": 744, ""MEMORY"": 633, ""API_CREDITS"": 333, ""DATASET"": 190}","{""COMPUTE"": 1.2016129032258065, ""MEMORY"": 1.2006319115323856, ""API_CREDITS"": 1.2012012012012012, ""DATASET"": 1.1789473684210525}",4,0,0,0.0,0.12251927933623893,0.39091841210447503,0.07360508543992751,24.567645170144058,17.62855511891179,54.627178163768214
delta0.00__moderate,0.0,moderate,1.3,223200515,ee818632b0a344b0,"{""COMPUTE"": 605, ""MEMORY"": 524, ""API_CREDITS"": 258, ""DATASET"": 176}","{""COMPUTE"": 1.371900826446281, ""MEMORY"": 1.368320610687023, ""API_CREDITS"": 1.4224806201550388, ""DATASET"": 1.3181818181818181}",4,0,0,0.0,0.16202978124294012,0.26779751436578014,0.10634660835058425,17.263302404518317,9.256360749453233,24.019751357742578
delta0.00__moderate,0.0,moderate,1.3,271508238,ea01fd244342378d,"{""COMPUTE"": 612, ""MEMORY"": 527, ""API_CREDITS"": 270, ""DATASET"": 166}","{""COMPUTE"": 1.2156862745098038, ""MEMORY"": 1.2087286527514232, ""API_CREDITS"": 1.1814814814814816, ""DATASET"": 1.2048192771084338}",4,0,0,0.0,0.17287763165734368,0.27156089018642143,0.11844122525826577,7.756317198796347,6.482212980633951,29.24168680454518
delta0.00__moderate,0.0,moderate,1.3,278611269,ce1cb753727ee988,"{""COMPUTE"": 654, ""MEMORY"": 601, ""API_CREDITS"": 260, ""DATASET"": 279}","{""COMPUTE"": 1.2660550458715596, ""MEMORY"": 1.2828618968386023, ""API_CREDITS"": 1.25, ""DATASET"": 1.3476702508960574}",4,0,0,0.0,0.11440283660294347,0.3449097538648034,0.07974703604545975,15.532606859621426,21.246674675338863,39.771597911937626
delta0.00__moderate,0.0,moderate,1.3,279304908,77470d5f9fd4bd06,"{""COMPUTE"": 613, ""MEMORY"": 520, ""API_CREDITS"": 268, ""DATASET"": 155}","{""COMPUTE"": 1.2789559543230016, ""MEMORY"": 1.2865384615384616, ""API_CREDITS"": 1.294776119402985, ""DATASET"": 1.2903225806451613}",4,0,0,0.0,0.17683058444604632,0.26139773297571217,0.12814570246799162,9.370544828304569,9.774703811971142,30.253403940854025
delta0.00__moderate,0.0,moderate,1.3,284064978,632ec90279b1a8f3,"{""COMPUTE"": 731, ""MEMORY"": 626, ""API_CREDITS"": 362, ""DATASET"": 169}","{""COMPUTE"": 1.4254445964432285, ""MEMORY"": 1.4297124600638977, ""API_CREDITS"": 1.4281767955801106, ""DATASET"": 1.467455621301775}",4,0,0,0.0,0.10182027342600763,0.2627846413418323,0.06155020510015199,5.995522671066091,6.606342242036295,45.44764748253857
delta0.00__moderate,0.0,moderate,1.3,322453867,24f75412ec954f31,"{""COMPUTE"": 743, ""MEMORY"": 592, ""API_CREDITS"": 360, ""DATASET"": 87}","{""COMPUTE"": 1.297442799461642, ""MEMORY"": 1.302364864864865, ""API_CREDITS"": 1.2916666666666667, ""DATASET"": 1.3793103448275863}",4,0,0,0.0,0.07102106690426725,0.21276203666352952,0.0478523631458398,14.905084485661433,6.229478121879207,10.800672717273136
delta0.00__moderate,0.0,moderate,1.3,343457384,b67dc2d149460a5e,"{""COMPUTE"": 891, ""MEMORY"": 720, ""API_CREDITS"": 432, ""DATASET"": 130}","{""COMPUTE"": 1.2861952861952861, ""MEMORY"": 1.2916666666666667, ""API_CREDITS"": 1.2824074074074074, ""DATASET"": 1.353846153846154}",4,0,0,0.0,0.0670679396706794,0.13937917638921657,0.04877830819611643,6.147518360679382,10.943892868493352,6.354881147629126
delta0.00__moderate,0.0,moderate,1.3,386742898,31d8bfa6076bebc6,"{""COMPUTE"": 681, ""MEMORY"": 610, ""API_CREDITS"": 295, ""DATASET"": 240}","{""COMPUTE"": 1.368575624082232, ""MEMORY"": 1.3557377049180328, ""API_CREDITS"": 1.3864406779661016, ""DATASET"": 1.3}",4,0,0,0.0,0.14813939733231454,0.2916768281476901,0.10674495925669863,14.429177232871275,14.13274632328328,20.951534909570388
delta0.00__moderate,0.0,moderate,1.3,396660506,20fc86965d387fe5,"{""COMPUTE"": 482, ""MEMORY"": 407, ""API_CREDITS"": 238, ""DATASET"": 90}","{""COMPUTE"": 1.2282157676348548, ""MEMORY"": 1.2088452088452089, ""API_CREDITS"": 1.2100840336134453, ""DATASET"": 1.0666666666666667}",4,0,0,0.0,0.10630662381489477,0.2751353357350465,0.06828811278030754,7.896819101101808,11.179059874801323,41.108177316769904
delta0.00__moderate,0.0,moderate,1.3,421967079,4a0f85ae8fe72b10,"{""COMPUTE"": 811, ""MEMORY"": 686, ""API_CREDITS"": 390, ""DATASET"": 180}","{""COMPUTE"": 1.341553637484587, ""MEMORY"": 1.3309037900874636, ""API_CREDITS"": 1.3307692307692307, ""DATASET"": 1.288888888888889}",4,0,0,0.0,0.1276712032180782,0.2369387079878721,0.07846589897371148,11.783563730263813,11.51314760203934,25.158611556784635
delta0.00__moderate,0.0,moderate,1.3,433449607,6d8a43e9d8de68a8,"{""COMPUTE"": 846, ""MEMORY"": 730, ""API_CREDITS"": 381, ""DATASET"": 238}","{""COMPUTE"": 1.2671394799054374, ""MEMORY"": 1.2684931506849315, ""API_CREDITS"": 1.2650918635170603, ""DATASET"": 1.2773109243697478}",4,0,0,0.0,0.1557465682465682,0.11216922048757844,0.11421641629974964,10.704621719168662,7.621541679771574,13.399319457549344
delta0.00__moderate,0.0,moderate,1.3,446926817,88e9aa9790bf0cf1,"{""COMPUTE"": 697, ""MEMORY"": 562, ""API_CREDITS"": 324, ""DATASET"": 103}","{""COMPUTE"": 1.3199426111908177, ""MEMORY"": 1.3185053380782918, ""API_CREDITS"": 1.3179012345679013, ""DATASET"": 1.3203883495145632}",4,0,0,0.0,0.13323450854700852,0.1777313943395754,0.08837918447293447,7.543770391370887,6.963317737101966,11.388818021168829
delta0.00__moderate,0.0,moderate,1.3,453512931,64d3e9fe00f6afd2,"{""COMPUTE"": 703, ""MEMORY"": 598, ""API_CREDITS"": 338, ""DATASET"": 161}","{""COMPUTE"": 1.3342816500711236, ""MEMORY"": 1.3461538461538463, ""API_CREDITS"": 1.3224852071005917, ""DATASET"": 1.4409937888198758}",4,0,0,0.0,0.12358634421134422,0.3095987028759539,0.07496209423292757,9.047221329090952,17.958466342313837,22.431054953692364
delta0.00__moderate,0.0,moderate,1.3,469716932,db0655d4a9b42390,"{""COMPUTE"": 774, ""MEMORY"": 612, ""API_CREDITS"": 358, ""DATASET"": 93}","{""COMPUTE"": 1.322997416020672, ""MEMORY"": 1.3169934640522876, ""API_CREDITS"": 1.3463687150837989, ""DATASET"": 1.2043010752688172}",4,0,0,0.0,0.06824521813883515,0.2587017041763399,0.04925381673313115,6.403161338803443,7.856219490040801,26.87831251046136
delta0.00__moderate,0.0,moderate,1.3,484036427,a263548a89a481f9,"{""COMPUTE"": 709, ""MEMORY"": 593, ""API_CREDITS"": 363, ""DATASET"": 125}","{""COMPUTE"": 1.3004231311706629, ""MEMORY"": 1.300168634064081, ""API_CREDITS"": 1.3360881542699725, ""DATASET"": 1.216}",4,0,0,0.0,0.048965821000704714,0.27607948683548006,0.033258915462767207,8.065489405599363,9.188904775038935,25.858960204780164
delta0.00__moderate,0.0,moderate,1.3,496510537,2a22335b81688ee2,"{""COMPUTE"": 1038, ""MEMORY"": 845, ""API_CREDITS"": 500, ""DATASET"": 171}","{""COMPUTE"": 1.3044315992292872, ""MEMORY"": 1.3005917159763314, ""API_CREDITS"": 1.306, ""DATASET"": 1.263157894736842}",4,0,0,0.0,0.054386994106620276,0.1723695292046951,0.03898126795323057,14.9052139491167,7.879263793797057,23.63362539659973
delta0.00__moderate,0.0,moderate,1.3,561058638,3a1b162d35afd5e9,"{""COMPUTE"": 778, ""MEMORY"": 592, ""API_CREDITS"": 364, ""DATASET"": 45}","{""COMPUTE"": 1.3084832904884318, ""MEMORY"": 1.3175675675675675, ""API_CREDITS"": 1.3296703296703296, ""DATASET"": 1.4222222222222223}",4,0,0,0.0,0.04618415993848519,0.22392314091524582,0.031812873132974956,7.509434869746012,3.9193155018725907,37.72495342824026
delta0.00__moderate,0.0,moderate,1.3,572743071,afad32e5b7d385e0,"{""COMPUTE"": 841, ""MEMORY"": 693, ""API_CREDITS"": 379, ""DATASET"": 170}","{""COMPUTE"": 1.239001189060642, ""MEMORY"": 1.2395382395382395, ""API_CREDITS"": 1.2163588390501319, ""DATASET"": 1.2705882352941176}",4,0,0,0.0,0.13081684678518943,0.2179171491470616,0.0793198250872056,5.011338209041805,6.869127984747897,22.55538073843122
delta0.00__moderate,0.0,moderate,1.3,584741180,d5365f83091ca44e,"{""COMPUTE"": 655, ""MEMORY"": 583, ""API_CREDITS"": 286, ""DATASET"": 221}","{""COMPUTE"": 1.2549618320610687, ""MEMORY"": 1.2624356775300172, ""API_CREDITS"": 1.2447552447552448, ""DATASET"": 1.3031674208144797}",4,0,0,0.0,0.1522230855564189,0.28043213354877444,0.10820269055563174,7.764380724369175,9.795097631797256,18.041618258598763
delta0.00__moderate,0.0,moderate,1.3,585558921,fdfbbfc90f2df00d,"{""COMPUTE"": 561, ""MEMORY"": 478, ""API_CREDITS"": 231, ""DATASET"": 153}","{""COMPUTE"": 1.3368983957219251, ""MEMORY"": 1.3451882845188285, ""API_CREDITS"": 1.3203463203463204, ""DATASET"": 1.411764705882353}",4,0,0,0.0,0.17121495813179383,0.35370980461529705,0.11892408967713226,16.932814524848737,20.334044399261174,43.075475110789704
delta0.00__moderate,0.0,moderate,1.3,602333967,9bec926baeb446b8,"{""COMPUTE"": 769, ""MEMORY"": 648, ""API_CREDITS"": 355, ""DATASET"": 176}","{""COMPUTE"": 1.328998699609883, ""MEMORY"": 1.3287037037037037, ""API_CREDITS"": 1.3380281690140845, ""DATASET"": 1.3181818181818181}",4,0,0,0.0,0.08550980414983488,0.31210386451462285,0.05637496103304785,20.43328024959226,19.14463963255051,21.91008166640678
delta0.00__moderate,0.0,moderate,1.3,608406825,8381b7a0aaa6c1b1,"{""COMPUTE"": 819, ""MEMORY"": 668, ""API_CREDITS"": 406, ""DATASET"": 123}","{""COMPUTE"": 1.2844932844932846, ""MEMORY"": 1.2724550898203593, ""API_CREDITS"": 1.2758620689655173, ""DATASET"": 1.170731707317073}",4,0,0,0.0,0.05902448710311741,0.282840406909635,0.04108706223084789,9.860835547618292,11.116465186563643,27.109253520263348
delta0.00__moderate,0.0,moderate,1.3,610357580,15df93ffacedab68,"{""COMPUTE"": 747, ""MEMORY"": 622, ""API_CREDITS"": 351, ""DATASET"": 150}","{""COMPUTE"": 1.4082998661311914, ""MEMORY"": 1.405144694533762, ""API_CREDITS"": 1.4188034188034189, ""DATASET"": 1.3866666666666667}",4,0,0,0.0,0.1329324634497048,0.3133760301955243,0.08234619254734198,17.70412149911462,7.859632605802601,38.61777887510129
delta0.00__moderate,0.0,moderate,1.3,616227400,a8c5f6edf92507a8,"{""COMPUTE"": 594, ""MEMORY"": 512, ""API_CREDITS"": 265, ""DATASET"": 160}","{""COMPUTE"": 1.3804713804713804, ""MEMORY"": 1.3828125, ""API_CREDITS"": 1.3886792452830188, ""DATASET"": 1.4}",4,0,0,0.0,0.172182845325534,0.24498146161087586,0.1241058306211608,20.46706948750411,16.790854583479224,40.06269559472653
delta0.00__moderate,0.0,moderate,1.3,638377088,679d0b7bdbfa28fa,"{""COMPUTE"": 407, ""MEMORY"": 379, ""API_CREDITS"": 148, ""DATASET"": 183}","{""COMPUTE"": 1.371007371007371, ""MEMORY"": 1.3430079155672823, ""API_CREDITS"": 1.3716216216216217, ""DATASET"": 1.2677595628415301}",4,0,0,0.0,0.16988722841696902,0.26830534072115275,0.11408996282095409,5.0811319138306414,6.775077167401506,15.93292939003854
delta0.00__moderate,0.0,moderate,1.3,659053096,9b669d8ec63884d9,"{""COMPUTE"": 632, ""MEMORY"": 531, ""API_CREDITS"": 271, ""DATASET"": 152}","{""COMPUTE"": 1.3386075949367089, ""MEMORY"": 1.3239171374764596, ""API_CREDITS"": 1.3616236162361623, ""DATASET"": 1.2105263157894737}",4,0,0,0.0,0.14281174039806613,0.3469950950246122,0.09538222788746664,11.91208200199476,10.551325540455808,17.656715397202404
delta0.00__moderate,0.0,moderate,1.3,677637387,0d7f2144ddbfa710,"{""COMPUTE"": 809, ""MEMORY"": 682, ""API_CREDITS"": 386, ""DATASET"": 177}","{""COMPUTE"": 1.3127317676143386, ""MEMORY"": 1.3093841642228738, ""API_CREDITS"": 1.3031088082901554, ""DATASET"": 1.310734463276836}",4,0,0,0.0,0.10099191405161553,0.26557342797415084,0.06026317173705233,6.18762301816754,7.45880606345916,30.443468499203295
delta0.00__moderate,0.0,moderate,1.3,687585327,cc0818171f03bad7,"{""COMPUTE"": 611, ""MEMORY"": 472, ""API_CREDITS"": 307, ""DATASET"": 29}","{""COMPUTE"": 1.1718494271685762, ""MEMORY"": 1.1673728813559323, ""API_CREDITS"": 1.1758957654723128, ""DATASET"": 0.8275862068965517}",4,0,0,0.0,0.04241939258247317,0.3592012339041824,0.030004943752951495,6.898383438332163,9.47489444127712,36.60649851264707
delta0.00__moderate,0.0,moderate,1.3,705933680,cdfa00255a4e68e3,"{""COMPUTE"": 663, ""MEMORY"": 533, ""API_CREDITS"": 312, ""DATASET"": 90}","{""COMPUTE"": 1.297134238310709, ""MEMORY"": 1.3058161350844277, ""API_CREDITS"": 1.294871794871795, ""DATASET"": 1.4222222222222223}",4,0,0,0.0,0.1136227017822822,0.17848444073074773,0.07399664735270069,11.79554679974396,2.9429362812575035,9.19616422788654
delta0.00__moderate,0.0,moderate,1.3,713663764,b077aa1db13d217d,"{""COMPUTE"": 484, ""MEMORY"": 413, ""API_CREDITS"": 247, ""DATASET"": 95}","{""COMPUTE"": 1.256198347107438, ""MEMORY"": 1.2542372881355932, ""API_CREDITS"": 1.271255060728745, ""DATASET"": 1.1789473684210525}",4,0,0,0.0,0.12484975961538461,0.20292855245368532,0.08530732505341881,13.883678344214625,17.893189859538868,17.430951463157978
delta0.00__moderate,0.0,moderate,1.3,756150979,b247a54ea8ef10e0,"{""COMPUTE"": 490, ""MEMORY"": 392, ""API_CREDITS"": 236, ""DATASET"": 51}","{""COMPUTE"": 1.3142857142857143, ""MEMORY"": 1.3061224489795917, ""API_CREDITS"": 1.305084745762712, ""DATASET"": 1.2549019607843137}",4,0,0,0.0,0.12148148148148147,0.23769704897433383,0.08903133903133904,9.230669159766547,6.4923959642761355,7.284937959187488
delta0.00__moderate,0.0,moderate,1.3,759787730,4dd0aabf0cb8fa0c,"{""COMPUTE"": 828, ""MEMORY"": 685, ""API_CREDITS"": 400, ""DATASET"": 153}","{""COMPUTE"": 1.28743961352657, ""MEMORY"": 1.2934306569343066, ""API_CREDITS"": 1.275, ""DATASET"": 1.3594771241830066}",4,0,0,0.0,0.07259649752334349,0.4027796569496151,0.04584556010316662,14.617536220726633,15.64245126893576,47.2091119941046
delta0.00__moderate,0.0,moderate,1.3,779334002,620a24189d49e92b,"{""COMPUTE"": 959, ""MEMORY"": 765, ""API_CREDITS"": 459, ""DATASET"": 127}","{""COMPUTE"": 1.32429614181439, ""MEMORY"": 1.330718954248366, ""API_CREDITS"": 1.328976034858388, ""DATASET"": 1.3858267716535433}",4,0,0,0.0,0.051428143565982555,0.27371814208340095,0.03752815304846229,5.271714567215084,12.56534065547536,16.06716136011497
delta0.00__moderate,0.0,moderate,1.3,786766500,3a816c48049ff540,"{""COMPUTE"": 614, ""MEMORY"": 532, ""API_CREDITS"": 262, ""DATASET"": 182}","{""COMPUTE"": 1.3257328990228012, ""MEMORY"": 1.3176691729323309, ""API_CREDITS"": 1.3244274809160306, ""DATASET"": 1.2747252747252746}",4,0,0,0.0,0.13412020662450957,0.2865729830445863,0.08640989675843375,11.794502915851941,7.158400125295516,18.023080155909874
delta0.00__moderate,0.0,moderate,1.3,891045433,2b5d6ce930678204,"{""COMPUTE"": 509, ""MEMORY"": 451, ""API_CREDITS"": 225, ""DATASET"": 161}","{""COMPUTE"": 1.2927308447937131, ""MEMORY"": 1.3015521064301552, ""API_CREDITS"": 1.2844444444444445, ""DATASET"": 1.3416149068322982}",4,0,0,0.0,0.16398760927746434,0.23392729474328053,0.10894691057734536,8.56653545928362,5.778594814876112,14.457812457584005
delta0.00__moderate,0.0,moderate,1.3,898744256,c5115a94103aae7a,"{""COMPUTE"": 729, ""MEMORY"": 563, ""API_CREDITS"": 358, ""DATASET"": 44}","{""COMPUTE"": 1.300411522633745, ""MEMORY"": 1.2984014209591475, ""API_CREDITS"": 1.2988826815642458, ""DATASET"": 1.2727272727272727}",4,0,0,0.0,0.04477911646586343,0.05543804113165646,0.03475011155734046,3.3770962517206002,0.28703583292476337,1.8215406961650427
delta0.00__moderate,0.0,moderate,1.3,921012401,c44804818e747a18,"{""COMPUTE"": 851, ""MEMORY"": 684, ""API_CREDITS"": 390, ""DATASET"": 134}","{""COMPUTE"": 1.3207990599294948, ""MEMORY"": 1.3260233918128654, ""API_CREDITS"": 1.3153846153846154, ""DATASET"": 1.373134328358209}",4,0,0,0.0,0.13112871064678294,0.18767301586324506,0.08912514861310043,10.467010332945806,7.0388127110683625,14.163117883166839
delta0.00__moderate,0.0,moderate,1.3,928131396,03b1bd1d5a26c597,"{""COMPUTE"": 753, ""MEMORY"": 649, ""API_CREDITS"": 352, ""DATASET"": 198}","{""COMPUTE"": 1.3970783532536521, ""MEMORY"": 1.362095531587057, ""API_CREDITS"": 1.4318181818181819, ""DATASET"": 1.1313131313131313}",4,0,0,0.0,0.10187613692144742,0.2874483072837122,0.05945423542119677,14.984006301324158,18.316592705886663,33.934532551707186
delta0.00__moderate,0.0,moderate,1.3,986685360,06d1ffe2363b72d5,"{""COMPUTE"": 620, ""MEMORY"": 518, ""API_CREDITS"": 277, ""DATASET"": 135}","{""COMPUTE"": 1.367741935483871, ""MEMORY"": 1.3745173745173744, ""API_CREDITS"": 1.371841155234657, ""DATASET"": 1.4222222222222223}",4,0,0,0.0,0.11720370140207095,0.3489964024083214,0.07086631599199535,10.769267179927716,18.460454124107127,25.308775869760485
delta0.00__moderate,0.0,moderate,1.3,1040871164,519ab73a2af814e4,"{""COMPUTE"": 788, ""MEMORY"": 672, ""API_CREDITS"": 387, ""DATASET"": 179}","{""COMPUTE"": 1.3578680203045685, ""MEMORY"": 1.3452380952380953, ""API_CREDITS"": 1.3746770025839794, ""DATASET"": 1.2513966480446927}",4,0,0,0.0,0.06229840715822025,0.17364245084380978,0.04526281804319188,4.094069629907282,11.42916635005795,20.060380032360687
delta0.00__moderate,0.0,moderate,1.3,1109034924,31a6d08b7b124854,"{""COMPUTE"": 891, ""MEMORY"": 701, ""API_CREDITS"": 414, ""DATASET"": 104}","{""COMPUTE"": 1.2996632996632997, ""MEMORY"": 1.2952924393723253, ""API_CREDITS"": 1.3043478260869565, ""DATASET"": 1.2307692307692308}",4,0,0,0.0,0.06008814008814009,0.1759141429086465,0.04765804765804766,14.672234689909784,12.749368962666836,19.437044961030377
delta0.00__moderate,0.0,moderate,1.3,1154819737,7eeb9cf4a79e024f,"{""COMPUTE"": 666, ""MEMORY"": 529, ""API_CREDITS"": 305, ""DATASET"": 85}","{""COMPUTE"": 1.3423423423423424, ""MEMORY"": 1.3534971644612477, ""API_CREDITS"": 1.337704918032787, ""DATASET"": 1.5058823529411764}",4,0,0,0.0,0.13118845487108804,0.25149729426882783,0.08778796761082021,12.330630128159333,20.08289243932195,33.45257162984516
delta0.00__moderate,0.0,moderate,1.3,1158762883,fd31e979b939fcbe,"{""COMPUTE"": 649, ""MEMORY"": 526, ""API_CREDITS"": 304, ""DATASET"": 99}","{""COMPUTE"": 1.2881355932203389, ""MEMORY"": 1.2832699619771863, ""API_CREDITS"": 1.292763157894737, ""DATASET"": 1.2121212121212122}",4,0,0,0.0,0.13505045824322934,0.10537036334722967,0.09048158445748807,1.8489487103650193,6.309471158657593,8.711114732157126
delta0.00__moderate,0.0,moderate,1.3,1164103101,34fc47e4ebd57f1c,"{""COMPUTE"": 570, ""MEMORY"": 492, ""API_CREDITS"": 254, ""DATASET"": 155}","{""COMPUTE"": 1.2736842105263158, ""MEMORY"": 1.2560975609756098, ""API_CREDITS"": 1.2834645669291338, ""DATASET"": 1.135483870967742}",4,0,0,0.0,0.13395809680035867,0.3091152694922222,0.08166780248873502,10.87610297958797,10.25611975656616,27.9709313228993
delta0.00__moderate,0.0,moderate,1.3,1175015440,49234a050e81a9ed,"{""COMPUTE"": 687, ""MEMORY"": 601, ""API_CREDITS"": 301, ""DATASET"": 210}","{""COMPUTE"": 1.2925764192139737, ""MEMORY"": 1.286189683860233, ""API_CREDITS"": 1.2990033222591362, ""DATASET"": 1.2571428571428571}",4,0,0,0.0,0.15550824347642792,0.21031172496355624,0.10130300921721509,13.236436471604629,21.115359667815273,39.94435156240375
delta0.00__moderate,0.0,moderate,1.3,1223536910,5a4ec7e74639cbe6,"{""COMPUTE"": 427, ""MEMORY"": 374, ""API_CREDITS"": 176, ""DATASET"": 130}","{""COMPUTE"": 1.395784543325527, ""MEMORY"": 1.3983957219251337, ""API_CREDITS"": 1.4147727272727273, ""DATASET"": 1.4153846153846155}",4,0,0,0.0,0.15766260342856597,0.21193216432355055,0.11047566995480808,4.703662972867055,5.617956696034336,24.920585800330873
delta0.00__moderate,0.0,moderate,1.3,1272846855,fdb50029911c55c8,"{""COMPUTE"": 650, ""MEMORY"": 553, ""API_CREDITS"": 288, ""DATASET"": 165}","{""COMPUTE"": 1.32, ""MEMORY"": 1.321880650994575, ""API_CREDITS"": 1.3368055555555556, ""DATASET"": 1.309090909090909}",4,0,0,0.0,0.16276255268517614,0.1817896305745368,0.1106865615892882,4.200954673083397,10.008740010179377,11.973330472037693
delta0.00__moderate,0.0,moderate,1.3,1329904169,39b2c2cc99386451,"{""COMPUTE"": 523, ""MEMORY"": 429, ""API_CREDITS"": 219, ""DATASET"": 105}","{""COMPUTE"": 1.338432122370937, ""MEMORY"": 1.324009324009324, ""API_CREDITS"": 1.3333333333333333, ""DATASET"": 1.2190476190476192}",4,0,0,0.0,0.13885825127753673,0.3255583688617063,0.09564075483145652,12.954128556740173,7.3801257504209365,20.15520638212394
delta0.00__moderate,0.0,moderate,1.3,1393164231,19195f3421396361,"{""COMPUTE"": 486, ""MEMORY"": 435, ""API_CREDITS"": 204, ""DATASET"": 168}","{""COMPUTE"": 1.3868312757201646, ""MEMORY"": 1.4068965517241379, ""API_CREDITS"": 1.3725490196078431, ""DATASET"": 1.5238095238095237}",4,0,0,0.0,0.16783350254817644,0.24585016047656505,0.1255776322861921,7.551295205072655,10.38684664544518,40.70849055580588
delta0.00__moderate,0.0,moderate,1.3,1397601319,294b8622b684cc6f,"{""COMPUTE"": 784, ""MEMORY"": 606, ""API_CREDITS"": 374, ""DATASET"": 58}","{""COMPUTE"": 1.3903061224489797, ""MEMORY"": 1.4075907590759076, ""API_CREDITS"": 1.3983957219251337, ""DATASET"": 1.793103448275862}",4,0,0,0.0,0.05053499724606007,0.24515656920386955,0.037567802814941154,8.555053192562442,10.994032614133717,33.77728380002517
delta0.00__moderate,0.0,moderate,1.3,1414408149,0e68307a3c3d2706,"{""COMPUTE"": 458, ""MEMORY"": 409, ""API_CREDITS"": 178, ""DATASET"": 165}","{""COMPUTE"": 1.4104803493449782, ""MEMORY"": 1.41320293398533, ""API_CREDITS"": 1.404494382022472, ""DATASET"": 1.4545454545454546}",4,0,0,0.0,0.16479312068037835,0.23796145042741243,0.11838308105842356,10.455095074485936,4.373951514224341,27.794881846102566
delta0.00__moderate,0.0,moderate,1.3,1443238425,43ea2b1eaec076ac,"{""COMPUTE"": 556, ""MEMORY"": 468, ""API_CREDITS"": 241, ""DATASET"": 131}","{""COMPUTE"": 1.2589928057553956, ""MEMORY"": 1.2564102564102564, ""API_CREDITS"": 1.2614107883817427, ""DATASET"": 1.2213740458015268}",4,0,0,0.0,0.17794661935286937,0.24952497739297105,0.13405204941663273,13.783330396254927,10.89955200631514,12.289175776743873
delta0.00__moderate,0.0,moderate,1.3,1446854669,80fb9b1f3b7785ce,"{""COMPUTE"": 409, ""MEMORY"": 365, ""API_CREDITS"": 156, ""DATASET"": 146}","{""COMPUTE"": 1.2811735941320292, ""MEMORY"": 1.2986301369863014, ""API_CREDITS"": 1.2179487179487178, ""DATASET"": 1.4246575342465753}",4,0,0,0.0,0.17371794871794868,0.1622420076604725,0.11706298835011708,4.701017009358911,4.103699126599934,10.030065623297455
delta0.00__moderate,0.0,moderate,1.3,1474233831,237781fc05691811,"{""COMPUTE"": 558, ""MEMORY"": 478, ""API_CREDITS"": 242, ""DATASET"": 148}","{""COMPUTE"": 1.3333333333333333, ""MEMORY"": 1.3535564853556485, ""API_CREDITS"": 1.3429752066115703, ""DATASET"": 1.4594594594594594}",4,0,0,0.0,0.15033039025963557,0.2870051846034835,0.10331772391848387,13.912443994803036,20.9815891390505,25.319722981334408
delta0.00__moderate,0.0,moderate,1.3,1476169622,d5cece49c0e8cdab,"{""COMPUTE"": 370, ""MEMORY"": 317, ""API_CREDITS"": 184, ""DATASET"": 72}","{""COMPUTE"": 1.308108108108108, ""MEMORY"": 1.2933753943217665, ""API_CREDITS"": 1.3369565217391304, ""DATASET"": 1.1111111111111112}",4,0,0,0.0,0.1271777428920286,0.23135682614459208,0.09012151869294727,6.00287276813039,5.348764121283178,10.408356402637503
delta0.00__moderate,0.0,moderate,1.3,1515534678,24278c373e07c428,"{""COMPUTE"": 636, ""MEMORY"": 524, ""API_CREDITS"": 319, ""DATASET"": 98}","{""COMPUTE"": 1.330188679245283, ""MEMORY"": 1.316793893129771, ""API_CREDITS"": 1.347962382445141, ""DATASET"": 1.1428571428571428}",4,0,0,0.0,0.05059186301847751,0.2744008367197374,0.039128987269887464,6.728787178760041,7.664894288646139,20.423287420547297
delta0.00__moderate,0.0,moderate,1.3,1538028730,83b79d6bf500db9f,"{""COMPUTE"": 637, ""MEMORY"": 538, ""API_CREDITS"": 308, ""DATASET"": 132}","{""COMPUTE"": 1.3343799058084773, ""MEMORY"": 1.3141263940520447, ""API_CREDITS"": 1.353896103896104, ""DATASET"": 1.1515151515151516}",4,0,0,0.0,0.060203638323838286,0.27780986597410434,0.03985592072483212,6.483112377760662,13.014020601648857,17.159087600263984
delta0.00__moderate,0.0,moderate,1.3,1607564961,693dfcb24d84a93c,"{""COMPUTE"": 570, ""MEMORY"": 496, ""API_CREDITS"": 245, ""DATASET"": 169}","{""COMPUTE"": 1.287719298245614, ""MEMORY"": 1.2862903225806452, ""API_CREDITS"": 1.3306122448979592, ""DATASET"": 1.2307692307692308}",4,0,0,0.0,0.14732748866021897,0.3505847530802379,0.092560983538574,11.189337176247918,14.753394838110973,29.090667956661477
delta0.00__moderate,0.0,moderate,1.3,1647295192,fd95b2e238ecd99e,"{""COMPUTE"": 775, ""MEMORY"": 659, ""API_CREDITS"": 337, ""DATASET"": 206}","{""COMPUTE"": 1.2516129032258065, ""MEMORY"": 1.25948406676783, ""API_CREDITS"": 1.228486646884273, ""DATASET"": 1.3203883495145632}",4,0,0,0.0,0.16726475347164999,0.14029543332022737,0.11602791882964297,4.600636475235647,11.228769706288938,25.595835432628878
delta0.00__moderate,0.0,moderate,1.3,1680529007,d06e362cd6ea664c,"{""COMPUTE"": 624, ""MEMORY"": 497, ""API_CREDITS"": 278, ""DATASET"": 87}","{""COMPUTE"": 1.3461538461538463, ""MEMORY"": 1.3621730382293762, ""API_CREDITS"": 1.3345323741007193, ""DATASET"": 1.5632183908045978}",4,0,0,0.0,0.10326049244373207,0.3618165213379989,0.06944437653805394,5.62788465028688,14.197301637303823,20.169993366791346
delta0.00__moderate,0.0,moderate,1.3,1683037842,9b81b9773c4c42c9,"{""COMPUTE"": 485, ""MEMORY"": 428, ""API_CREDITS"": 215, ""DATASET"": 148}","{""COMPUTE"": 1.28659793814433, ""MEMORY"": 1.2897196261682242, ""API_CREDITS"": 1.283720930232558, ""DATASET"": 1.2972972972972974}",4,0,0,0.0,0.15316369337177171,0.281155119048505,0.10297320979185526,10.426282215812403,13.414088765222735,16.463615858360587
delta0.00__moderate,0.0,moderate,1.3,1684113726,e61d4090dc359bff,"{""COMPUTE"": 778, ""MEMORY"": 692, ""API_CREDITS"": 340, ""DATASET"": 266}","{""COMPUTE"": 1.3856041131105399, ""MEMORY"": 1.3757225433526012, ""API_CREDITS"": 1.411764705882353, ""DATASET"": 1.3233082706766917}",4,0,0,0.0,0.09580465772321654,0.3544662619426094,0.061685286327836535,18.055733777862848,30.46952347934351,48.61604030141461
delta0.00__moderate,0.0,moderate,1.3,1723470144,a3570d742b392eaf,"{""COMPUTE"": 793, ""MEMORY"": 694, ""API_CREDITS"": 369, ""DATASET"": 232}","{""COMPUTE"": 1.2988650693568726, ""MEMORY"": 1.298270893371758, ""API_CREDITS"": 1.3197831978319783, ""DATASET"": 1.2758620689655173}",4,0,0,0.0,0.1056288107224239,0.2182243880065081,0.06846908756772303,14.536902575847733,12.63867868510188,30.463258902008366
delta0.00__moderate,0.0,moderate,1.3,1746522117,f057416ce97a9839,"{""COMPUTE"": 546, ""MEMORY"": 461, ""API_CREDITS"": 252, ""DATASET"": 119}","{""COMPUTE"": 1.336996336996337, ""MEMORY"": 1.3362255965292842, ""API_CREDITS"": 1.3333333333333333, ""DATASET"": 1.3445378151260505}",4,0,0,0.0,0.14324830965613106,0.3317791596841355,0.09392141719983078,23.276238229260702,8.573091654042246,54.31801902390284
delta0.00__moderate,0.0,moderate,1.3,1761268421,f10d173ca2c43dcc,"{""COMPUTE"": 748, ""MEMORY"": 630, ""API_CREDITS"": 344, ""DATASET"": 170}","{""COMPUTE"": 1.4171122994652405, ""MEMORY"": 1.426984126984127, ""API_CREDITS"": 1.4563953488372092, ""DATASET"": 1.4588235294117646}",4,0,0,0.0,0.1310575843909177,0.31434895131122,0.07633205272094162,14.602956721783974,6.436801788796511,49.14548774407209
delta0.00__moderate,0.0,moderate,1.3,1851037281,103518b28fe9dbb5,"{""COMPUTE"": 777, ""MEMORY"": 648, ""API_CREDITS"": 362, ""DATASET"": 162}","{""COMPUTE"": 1.335907335907336, ""MEMORY"": 1.3302469135802468, ""API_CREDITS"": 1.3425414364640884, ""DATASET"": 1.2839506172839505}",4,0,0,0.0,0.1306173620673777,0.1854825062100949,0.08178241893255446,7.061829223536594,7.059972716083155,13.110368361813416
delta0.00__moderate,0.0,moderate,1.3,1867081647,9a47cf33a5b2e5fc,"{""COMPUTE"": 594, ""MEMORY"": 540, ""API_CREDITS"": 247, ""DATASET"": 230}","{""COMPUTE"": 1.3131313131313131, ""MEMORY"": 1.3148148148148149, ""API_CREDITS"": 1.319838056680162, ""DATASET"": 1.3217391304347825}",4,0,0,0.0,0.16509007612776408,0.18317836131984855,0.11903690900700502,18.030908250850818,9.761851096424397,25.815084388327467
delta0.00__moderate,0.0,moderate,1.3,1880620535,808e5c06b50ea8fc,"{""COMPUTE"": 714, ""MEMORY"": 601, ""API_CREDITS"": 339, ""DATASET"": 153}","{""COMPUTE"": 1.361344537815126, ""MEMORY"": 1.341098169717138, ""API_CREDITS"": 1.3982300884955752, ""DATASET"": 1.1503267973856208}",4,0,0,0.0,0.09644059644059642,0.26697968244730935,0.06339185505852173,10.188875474780707,18.478381505159707,48.52530785850064
delta0.00__moderate,0.0,moderate,1.3,1935876427,bc8893293d2351d4,"{""COMPUTE"": 657, ""MEMORY"": 596, ""API_CREDITS"": 267, ""DATASET"": 260}","{""COMPUTE"": 1.491628614916286, ""MEMORY"": 1.4496644295302012, ""API_CREDITS"": 1.6029962546816479, ""DATASET"": 1.2307692307692308}",4,0,0,0.0,0.12854145999830413,0.3490038397748352,0.09140511506904807,20.38024687034019,13.546279763502744,89.76317451383453
delta0.00__moderate,0.0,moderate,1.3,1943200581,5c0470f8b564775f,"{""COMPUTE"": 498, ""MEMORY"": 436, ""API_CREDITS"": 220, ""DATASET"": 145}","{""COMPUTE"": 1.3775100401606426, ""MEMORY"": 1.389908256880734, ""API_CREDITS"": 1.4090909090909092, ""DATASET"": 1.4344827586206896}",4,0,0,0.0,0.1579610865325151,0.23685448185705382,0.10643344383423749,6.7883959783087136,2.9228075192692518,24.07428394960526
delta0.00__moderate,0.0,moderate,1.3,1957258698,105991944e8f76f5,"{""COMPUTE"": 527, ""MEMORY"": 463, ""API_CREDITS"": 218, ""DATASET"": 168}","{""COMPUTE"": 1.2789373814041747, ""MEMORY"": 1.2894168466522677, ""API_CREDITS"": 1.2431192660550459, ""DATASET"": 1.380952380952381}",4,0,0,0.0,0.18417546505781804,0.2167670847013434,0.13202022890604206,10.635022334578423,3.667668915820086,8.09055351056522
delta0.00__moderate,0.0,moderate,1.3,2000676221,c697a91d4d7f6089,"{""COMPUTE"": 885, ""MEMORY"": 730, ""API_CREDITS"": 427, ""DATASET"": 162}","{""COMPUTE"": 1.2451977401129943, ""MEMORY"": 1.2602739726027397, ""API_CREDITS"": 1.2365339578454333, ""DATASET"": 1.382716049382716}",4,0,0,0.0,0.08781226819488815,0.2708870214617561,0.05519166637033044,16.936910425296144,15.775913806198446,20.696253710896
delta0.00__moderate,0.0,moderate,1.3,2071520222,3e2c6a35f245d493,"{""COMPUTE"": 618, ""MEMORY"": 534, ""API_CREDITS"": 294, ""DATASET"": 156}","{""COMPUTE"": 1.3009708737864079, ""MEMORY"": 1.2883895131086143, ""API_CREDITS"": 1.2925170068027212, ""DATASET"": 1.2307692307692308}",4,0,0,0.0,0.13957039692333809,0.2129290950124982,0.0883501030559854,5.0301288867036,5.638190332788446,8.64901626575783
delta0.00__moderate,0.0,moderate,1.3,2104789822,2911d55c550b75ab,"{""COMPUTE"": 725, ""MEMORY"": 611, ""API_CREDITS"": 333, ""DATASET"": 166}","{""COMPUTE"": 1.2744827586206897, ""MEMORY"": 1.2733224222585924, ""API_CREDITS"": 1.2792792792792793, ""DATASET"": 1.2530120481927711}",4,0,0,0.0,0.1429066304066304,0.23653047583498668,0.0905371017871018,5.79672550703759,7.757098158937346,11.857300930536367
delta0.00__moderate,0.0,moderate,1.3,2175919960,4cabe49200cb1273,"{""COMPUTE"": 885, ""MEMORY"": 743, ""API_CREDITS"": 423, ""DATASET"": 191}","{""COMPUTE"": 1.310734463276836, ""MEMORY"": 1.3135935397039031, ""API_CREDITS"": 1.3049645390070923, ""DATASET"": 1.3403141361256545}",4,0,0,0.0,0.12744366744366745,0.1339689183383312,0.07786680911680911,7.323771891107629,2.7968831973767023,6.785562108935978
delta0.00__moderate,0.0,moderate,1.3,2187181276,5f8f64282801007f,"{""COMPUTE"": 481, ""MEMORY"": 428, ""API_CREDITS"": 211, ""DATASET"": 154}","{""COMPUTE"": 1.3264033264033264, ""MEMORY"": 1.3060747663551402, ""API_CREDITS"": 1.3507109004739337, ""DATASET"": 1.1948051948051948}",4,0,0,0.0,0.10960054573499953,0.26667764117994747,0.06857392983093263,12.82097406760451,6.1938145103587585,22.183514483376527
delta0.00__moderate,0.0,moderate,1.3,2201730498,ea3fbece559934b8,"{""COMPUTE"": 697, ""MEMORY"": 604, ""API_CREDITS"": 335, ""DATASET"": 181}","{""COMPUTE"": 1.2281205164992826, ""MEMORY"": 1.2218543046357615, ""API_CREDITS"": 1.2477611940298508, ""DATASET"": 1.149171270718232}",4,0,0,0.0,0.11069588391381455,0.19637530347059173,0.0651711288820275,11.399245763583446,5.719188426779834,28.569376166454987
delta0.00__moderate,0.0,moderate,1.3,2207070483,1a58f74762c29450,"{""COMPUTE"": 704, ""MEMORY"": 575, ""API_CREDITS"": 345, ""DATASET"": 105}","{""COMPUTE"": 1.3551136363636365, ""MEMORY"": 1.3513043478260869, ""API_CREDITS"": 1.3768115942028984, ""DATASET"": 1.2952380952380953}",4,0,0,0.0,0.05334637817526975,0.3656707640820816,0.0347621763296727,14.615045225610274,9.360306952740887,25.642195710623355
delta0.00__moderate,0.0,moderate,1.3,2218791610,93ce9cf291c1e0df,"{""COMPUTE"": 797, ""MEMORY"": 615, ""API_CREDITS"": 378, ""DATASET"": 61}","{""COMPUTE"": 1.2948557089084065, ""MEMORY"": 1.2878048780487805, ""API_CREDITS"": 1.312169312169312, ""DATASET"": 1.0491803278688525}",4,0,0,0.0,0.04220779220779221,0.2366353229991379,0.031580687830687834,6.583941051876974,5.762662151059483,20.83350043945106
delta0.00__moderate,0.0,moderate,1.3,2245371449,f5d11777c64721fe,"{""COMPUTE"": 661, ""MEMORY"": 567, ""API_CREDITS"": 287, ""DATASET"": 181}","{""COMPUTE"": 1.2677760968229954, ""MEMORY"": 1.27336860670194, ""API_CREDITS"": 1.2473867595818815, ""DATASET"": 1.3259668508287292}",4,0,0,0.0,0.13501351854342766,0.33103716464717675,0.09556810442194082,10.179416336733494,14.750791692397385,13.414040504596713
delta0.00__moderate,0.0,moderate,1.3,2264376108,a53fbf24f510aa23,"{""COMPUTE"": 796, ""MEMORY"": 639, ""API_CREDITS"": 366, ""DATASET"": 119}","{""COMPUTE"": 1.3718592964824121, ""MEMORY"": 1.3630672926447573, ""API_CREDITS"": 1.3797814207650274, ""DATASET"": 1.2773109243697478}",4,0,0,0.0,0.0899972567941318,0.1572478630790923,0.06465369844276096,9.897001479362194,13.338607088302888,27.372467214902287
delta0.00__moderate,0.0,moderate,1.3,2278610062,981fc118dd120b7d,"{""COMPUTE"": 873, ""MEMORY"": 745, ""API_CREDITS"": 425, ""DATASET"": 206}","{""COMPUTE"": 1.3837342497136311, ""MEMORY"": 1.3865771812080536, ""API_CREDITS"": 1.371764705882353, ""DATASET"": 1.4368932038834952}",4,0,0,0.0,0.08682293633374241,0.32426723045733463,0.04996023255825388,18.593584621581126,20.784798156844392,42.59410691136036
delta0.00__moderate,0.0,moderate,1.3,2305903047,fa5d994101b83dc6,"{""COMPUTE"": 650, ""MEMORY"": 542, ""API_CREDITS"": 281, ""DATASET"": 148}","{""COMPUTE"": 1.363076923076923, ""MEMORY"": 1.3376383763837638, ""API_CREDITS"": 1.3914590747330962, ""DATASET"": 1.135135135135135}",4,0,0,0.0,0.14817105486205243,0.2115075793235243,0.09828773626421639,10.771403529215435,7.771255069467776,22.26399101518823
delta0.00__moderate,0.0,moderate,1.3,2313044508,57e4eac08b6ee5cd,"{""COMPUTE"": 614, ""MEMORY"": 508, ""API_CREDITS"": 260, ""DATASET"": 135}","{""COMPUTE"": 1.1889250814332248, ""MEMORY"": 1.2007874015748032, ""API_CREDITS"": 1.146153846153846, ""DATASET"": 1.3037037037037038}",4,0,0,0.0,0.17187313241697258,0.2143294303621647,0.12904504649787668,7.673789867084186,14.094736870127612,35.712140960742225
delta0.00__moderate,0.0,moderate,1.3,2313893183,dda560245e9ea79b,"{""COMPUTE"": 833, ""MEMORY"": 666, ""API_CREDITS"": 400, ""DATASET"": 107}","{""COMPUTE"": 1.2725090036014406, ""MEMORY"": 1.2687687687687688, ""API_CREDITS"": 1.2575, ""DATASET"": 1.2710280373831775}",4,0,0,0.0,0.062450632695042814,0.3338929044264927,0.04357561915852722,13.049628410254007,10.668962596079346,46.03104468948703
delta0.00__moderate,0.0,moderate,1.3,2323336231,09d118d57301c084,"{""COMPUTE"": 673, ""MEMORY"": 557, ""API_CREDITS"": 281, ""DATASET"": 152}","{""COMPUTE"": 1.2778603268945021, ""MEMORY"": 1.2998204667863555, ""API_CREDITS"": 1.2526690391459074, ""DATASET"": 1.4736842105263157}",4,0,0,0.0,0.16337032532684706,0.26738609496723104,0.10916000022521764,10.758223169557567,13.840843734965242,43.04643564962768
delta0.00__moderate,0.0,moderate,1.3,2340911682,2b4d1905278c7889,"{""COMPUTE"": 554, ""MEMORY"": 451, ""API_CREDITS"": 230, ""DATASET"": 105}","{""COMPUTE"": 1.3032490974729243, ""MEMORY"": 1.3082039911308203, ""API_CREDITS"": 1.2956521739130435, ""DATASET"": 1.3714285714285714}",4,0,0,0.0,0.16571243102888675,0.15159185800474154,0.11968576820897496,3.2756111125194196,6.4433826545749895,8.140261915702924
delta0.00__moderate,0.0,moderate,1.3,2341361004,122a1a6fa46d1757,"{""COMPUTE"": 816, ""MEMORY"": 663, ""API_CREDITS"": 390, ""DATASET"": 128}","{""COMPUTE"": 1.286764705882353, ""MEMORY"": 1.2760180995475112, ""API_CREDITS"": 1.3076923076923077, ""DATASET"": 1.125}",4,0,0,0.0,0.05680990530146855,0.27232198338522967,0.03838992380270366,9.739286133635803,10.512068772400736,19.13738413936892
delta0.00__moderate,0.0,moderate,1.3,2359336968,140eb58853bc7b80,"{""COMPUTE"": 705, ""MEMORY"": 583, ""API_CREDITS"": 352, ""DATASET"": 117}","{""COMPUTE"": 1.1347517730496455, ""MEMORY"": 1.1423670668953687, ""API_CREDITS"": 1.1079545454545454, ""DATASET"": 1.2307692307692308}",4,0,0,0.0,0.10967034687964923,0.19181273182631328,0.06848415246348065,13.536906601033913,19.238616375537728,47.40355262337337
delta0.00__moderate,0.0,moderate,1.3,2364012430,5866eb3228de03cb,"{""COMPUTE"": 799, ""MEMORY"": 644, ""API_CREDITS"": 365, ""DATASET"": 128}","{""COMPUTE"": 1.2565707133917396, ""MEMORY"": 1.2453416149068324, ""API_CREDITS"": 1.2547945205479452, ""DATASET"": 1.125}",4,0,0,0.0,0.09229522687321341,0.35081290368025453,0.06570911581120932,21.715203902255684,12.841466710353432,36.74520788333955
delta0.00__moderate,0.0,moderate,1.3,2387674784,b82e0e3c0ddcb4af,"{""COMPUTE"": 648, ""MEMORY"": 536, ""API_CREDITS"": 295, ""DATASET"": 127}","{""COMPUTE"": 1.382716049382716, ""MEMORY"": 1.3526119402985075, ""API_CREDITS"": 1.4203389830508475, ""DATASET"": 1.0708661417322836}",4,0,0,0.0,0.09646020616212567,0.2761404090932176,0.061134071158385796,8.91531457583888,6.375556440575259,27.005445017215532
delta0.00__moderate,0.0,moderate,1.3,2460794327,b17067ff0b2f3783,"{""COMPUTE"": 770, ""MEMORY"": 606, ""API_CREDITS"": 351, ""DATASET"": 91}","{""COMPUTE"": 1.3246753246753247, ""MEMORY"": 1.316831683168317, ""API_CREDITS"": 1.3276353276353277, ""DATASET"": 1.2307692307692308}",4,0,0,0.0,0.07569789331205697,0.281470088526537,0.05044189583590251,7.252284012930396,10.088558529237131,14.396139250990805
delta0.00__moderate,0.0,moderate,1.3,2465060907,d2d6c022602aab95,"{""COMPUTE"": 421, ""MEMORY"": 378, ""API_CREDITS"": 158, ""DATASET"": 158}","{""COMPUTE"": 1.3111638954869358, ""MEMORY"": 1.3042328042328042, ""API_CREDITS"": 1.3354430379746836, ""DATASET"": 1.2658227848101267}",4,0,0,0.0,0.19473824786324787,0.1026247867571261,0.15526509081196582,7.238449175639485,9.558140895605268,5.308741608068691
delta0.00__moderate,0.0,moderate,1.3,2479492459,a8567ca758597ba5,"{""COMPUTE"": 749, ""MEMORY"": 606, ""API_CREDITS"": 344, ""DATASET"": 120}","{""COMPUTE"": 1.3404539385847798, ""MEMORY"": 1.33993399339934, ""API_CREDITS"": 1.3488372093023255, ""DATASET"": 1.3333333333333333}",4,0,0,0.0,0.09068225765012913,0.3450078890729404,0.060696841800422785,9.403575898477655,14.841113507641785,44.89159548442522
delta0.00__moderate,0.0,moderate,1.3,2555635641,a4387d5ef9b0114e,"{""COMPUTE"": 600, ""MEMORY"": 525, ""API_CREDITS"": 270, ""DATASET"": 176}","{""COMPUTE"": 1.1533333333333333, ""MEMORY"": 1.1752380952380952, ""API_CREDITS"": 1.1074074074074074, ""DATASET"": 1.3181818181818181}",4,0,0,0.0,0.14977674836117708,0.4098473254233441,0.09620532662255503,24.607256685336125,7.070714205523088,39.01494728549334
delta0.00__moderate,0.0,moderate,1.3,2557315479,476028de68c55e57,"{""COMPUTE"": 698, ""MEMORY"": 569, ""API_CREDITS"": 314, ""DATASET"": 123}","{""COMPUTE"": 1.3065902578796562, ""MEMORY"": 1.3093145869947276, ""API_CREDITS"": 1.2961783439490446, ""DATASET"": 1.3658536585365855}",4,0,0,0.0,0.12259518983872365,0.23500514068843467,0.0813382230548904,10.173933081623739,8.169754138061553,34.02941855899541
delta0.00__moderate,0.0,moderate,1.3,2582895085,e85011217b73d080,"{""COMPUTE"": 437, ""MEMORY"": 384, ""API_CREDITS"": 171, ""DATASET"": 144}","{""COMPUTE"": 1.208237986270023, ""MEMORY"": 1.2291666666666667, ""API_CREDITS"": 1.1695906432748537, ""DATASET"": 1.3333333333333333}",4,0,0,0.0,0.19042665237716885,0.16359554989456399,0.14527142860075842,5.307956463460734,8.388332640166558,16.0025109499406
delta0.00__moderate,0.0,moderate,1.3,2615816904,d3584f80b81cc8b1,"{""COMPUTE"": 587, ""MEMORY"": 491, ""API_CREDITS"": 294, ""DATASET"": 103}","{""COMPUTE"": 1.284497444633731, ""MEMORY"": 1.2892057026476578, ""API_CREDITS"": 1.2891156462585034, ""DATASET"": 1.3203883495145632}",4,0,0,0.0,0.10866985068072026,0.26535320924886413,0.07118637563232974,6.090483481387813,13.308333227713414,12.097309622273833
delta0.00__moderate,0.0,moderate,1.3,2641268422,95237eb8b659d3df,"{""COMPUTE"": 586, ""MEMORY"": 512, ""API_CREDITS"": 262, ""DATASET"": 170}","{""COMPUTE"": 1.273037542662116, ""MEMORY"": 1.271484375, ""API_CREDITS"": 1.2709923664122138, ""DATASET"": 1.2705882352941176}",4,0,0,0.0,0.17459778783308194,0.2095299209497069,0.12682061946767828,11.545021286881722,12.17894151345502,17.7116879535484
delta0.00__moderate,0.0,moderate,1.3,2650780455,b3f877eb099e4bb2,"{""COMPUTE"": 499, ""MEMORY"": 422, ""API_CREDITS"": 230, ""DATASET"": 109}","{""COMPUTE"": 1.254509018036072, ""MEMORY"": 1.2606635071090047, ""API_CREDITS"": 1.3217391304347825, ""DATASET"": 1.1743119266055047}",4,0,0,0.0,0.0749382398866935,0.36101705900117503,0.05473662733112905,6.464157192313618,8.155711812065599,38.2278076257719
delta0.00__moderate,0.0,moderate,1.3,2659608022,1d0a5dfe31c5f94e,"{""COMPUTE"": 674, ""MEMORY"": 576, ""API_CREDITS"": 309, ""DATASET"": 169}","{""COMPUTE"": 1.2759643916913948, ""MEMORY"": 1.2760416666666667, ""API_CREDITS"": 1.2718446601941749, ""DATASET"": 1.2781065088757397}",4,0,0,0.0,0.1604263434686229,0.171448405105203,0.107692301741015,6.563869850003982,3.037903471028775,7.572995608428218
delta0.00__moderate,0.0,moderate,1.3,2662675958,d701c408c5646b0e,"{""COMPUTE"": 693, ""MEMORY"": 574, ""API_CREDITS"": 358, ""DATASET"": 109}","{""COMPUTE"": 1.3275613275613276, ""MEMORY"": 1.3275261324041812, ""API_CREDITS"": 1.324022346368715, ""DATASET"": 1.3211009174311927}",4,0,0,0.0,0.0543938962810852,0.23181744724557815,0.03688212094460043,5.87700877455861,4.824835669679328,12.396215305897151
delta0.00__moderate,0.0,moderate,1.3,2673731007,225deee856426214,"{""COMPUTE"": 675, ""MEMORY"": 545, ""API_CREDITS"": 350, ""DATASET"": 73}","{""COMPUTE"": 1.208888888888889, ""MEMORY"": 1.2073394495412844, ""API_CREDITS"": 1.2285714285714286, ""DATASET"": 1.095890410958904}",4,0,0,0.0,0.04933080808080808,0.16523411212647485,0.034653829966329965,13.518431266192069,2.5746725590140596,26.024725816439258
delta0.00__moderate,0.0,moderate,1.3,2689934569,0952b086bf29e215,"{""COMPUTE"": 638, ""MEMORY"": 521, ""API_CREDITS"": 294, ""DATASET"": 109}","{""COMPUTE"": 1.238244514106583, ""MEMORY"": 1.2495201535508638, ""API_CREDITS"": 1.2006802721088434, ""DATASET"": 1.3944954128440368}",4,0,0,0.0,0.15209734709734712,0.26372245310835524,0.10295630295630297,11.026067721850355,5.87799799933908,27.365503596467132
delta0.00__moderate,0.0,moderate,1.3,2709531232,b3a00bfc9a3311da,"{""COMPUTE"": 735, ""MEMORY"": 624, ""API_CREDITS"": 334, ""DATASET"": 180}","{""COMPUTE"": 1.2843537414965986, ""MEMORY"": 1.2836538461538463, ""API_CREDITS"": 1.278443113772455, ""DATASET"": 1.288888888888889}",4,0,0,0.0,0.15070963173372812,0.17642801436389788,0.09686516350672979,8.082022266672025,3.5617534244754885,13.685647230208673
delta0.00__moderate,0.0,moderate,1.3,2732825905,509844862cf7061e,"{""COMPUTE"": 715, ""MEMORY"": 596, ""API_CREDITS"": 337, ""DATASET"": 143}","{""COMPUTE"": 1.3006993006993006, ""MEMORY"": 1.2919463087248322, ""API_CREDITS"": 1.2997032640949555, ""DATASET"": 1.2307692307692308}",4,0,0,0.0,0.08760134732157687,0.34279763472892943,0.05729527227913168,9.110744840638674,8.118071204434065,18.00951367665481
delta0.00__moderate,0.0,moderate,1.3,2788397956,e71eb7318f70f4b8,"{""COMPUTE"": 617, ""MEMORY"": 496, ""API_CREDITS"": 325, ""DATASET"": 56}","{""COMPUTE"": 1.3030794165316046, ""MEMORY"": 1.3004032258064515, ""API_CREDITS"": 1.3015384615384615, ""DATASET"": 1.2857142857142858}",4,0,0,0.0,0.04697934203142536,0.12487410625707195,0.031402713477366236,8.446620573208339,11.160436997227775,8.891065017652783
delta0.00__moderate,0.0,moderate,1.3,2790330942,125a80bf872c02a4,"{""COMPUTE"": 692, ""MEMORY"": 572, ""API_CREDITS"": 309, ""DATASET"": 140}","{""COMPUTE"": 1.2254335260115607, ""MEMORY"": 1.236013986013986, ""API_CREDITS"": 1.220064724919094, ""DATASET"": 1.3142857142857143}",4,0,0,0.0,0.14187110695262867,0.3839185795089886,0.0926684336530351,19.29900624208274,6.25480388307916,28.185087253162845
delta0.00__moderate,0.0,moderate,1.3,2803227013,1c5d544f8a902541,"{""COMPUTE"": 682, ""MEMORY"": 530, ""API_CREDITS"": 320, ""DATASET"": 58}","{""COMPUTE"": 1.2228739002932552, ""MEMORY"": 1.211320754716981, ""API_CREDITS"": 1.25625, ""DATASET"": 0.8275862068965517}",4,0,0,0.0,0.051505055734519606,0.3300328101363381,0.032933264117920275,13.543559591356042,15.273651706321422,38.762906666104314
delta0.00__moderate,0.0,moderate,1.3,2834917450,f31025fe269e2e49,"{""COMPUTE"": 654, ""MEMORY"": 542, ""API_CREDITS"": 283, ""DATASET"": 140}","{""COMPUTE"": 1.2813455657492354, ""MEMORY"": 1.2693726937269372, ""API_CREDITS"": 1.314487632508834, ""DATASET"": 1.1428571428571428}",4,0,0,0.0,0.15504144977829187,0.20028496432778745,0.10444915708073603,6.8582164650415285,5.145518891307712,16.85634625102175
delta0.00__moderate,0.0,moderate,1.3,2884304410,a24d490114dc8ef1,"{""COMPUTE"": 938, ""MEMORY"": 800, ""API_CREDITS"": 458, ""DATASET"": 221}","{""COMPUTE"": 1.2899786780383795, ""MEMORY"": 1.29625, ""API_CREDITS"": 1.2903930131004366, ""DATASET"": 1.339366515837104}",4,0,0,0.0,0.08713408641152223,0.2213425129905612,0.05174952320811573,10.034855395794668,14.789265902780807,27.497560538601466
delta0.00__moderate,0.0,moderate,1.3,2899573342,4b0344ff0cff3b5a,"{""COMPUTE"": 598, ""MEMORY"": 526, ""API_CREDITS"": 239, ""DATASET"": 204}","{""COMPUTE"": 1.173913043478261, ""MEMORY"": 1.1977186311787071, ""API_CREDITS"": 1.112970711297071, ""DATASET"": 1.3333333333333333}",4,0,0,0.0,0.1459314639492169,0.3962247338200367,0.09333880594947795,10.555502794488769,8.778460706014961,41.76638413777211
delta0.00__moderate,0.0,moderate,1.3,2933419437,3af3a6da2a5446bd,"{""COMPUTE"": 635, ""MEMORY"": 529, ""API_CREDITS"": 305, ""DATASET"": 119}","{""COMPUTE"": 1.316535433070866, ""MEMORY"": 1.3137996219281665, ""API_CREDITS"": 1.3278688524590163, ""DATASET"": 1.2773109243697478}",4,0,0,0.0,0.10759103931121121,0.2429778254215863,0.06507188288343496,15.344885682015038,11.09112019395061,18.315152843968413
delta0.00__moderate,0.0,moderate,1.3,2952553515,e509ad34886f0145,"{""COMPUTE"": 724, ""MEMORY"": 579, ""API_CREDITS"": 312, ""DATASET"": 116}","{""COMPUTE"": 1.270718232044199, ""MEMORY"": 1.2694300518134716, ""API_CREDITS"": 1.2467948717948718, ""DATASET"": 1.3103448275862069}",4,0,0,0.0,0.13786863786863787,0.24352060324126437,0.0922912763190541,10.554248968657344,15.787406481935763,19.630087809782086
delta0.00__moderate,0.0,moderate,1.3,2955940172,50ff6ec08fbd2c5e,"{""COMPUTE"": 697, ""MEMORY"": 589, ""API_CREDITS"": 314, ""DATASET"": 167}","{""COMPUTE"": 1.3543758967001436, ""MEMORY"": 1.368421052631579, ""API_CREDITS"": 1.3694267515923566, ""DATASET"": 1.437125748502994}",4,0,0,0.0,0.14982859435670678,0.2842782956003081,0.0964019572202303,9.031693186303068,7.536394678180328,22.314818558977482
delta0.00__moderate,0.0,moderate,1.3,2981583208,01848950a1e78246,"{""COMPUTE"": 866, ""MEMORY"": 717, ""API_CREDITS"": 439, ""DATASET"": 148}","{""COMPUTE"": 1.3163972286374135, ""MEMORY"": 1.3096234309623431, ""API_CREDITS"": 1.3143507972665147, ""DATASET"": 1.2432432432432432}",4,0,0,0.0,0.05987373737373738,0.1449004587244421,0.045740536148522255,6.4480444919920865,2.7305257921557957,18.41572336501632
delta0.00__moderate,0.0,moderate,1.3,2985129291,448cd08a300dc402,"{""COMPUTE"": 618, ""MEMORY"": 501, ""API_CREDITS"": 272, ""DATASET"": 106}","{""COMPUTE"": 1.3786407766990292, ""MEMORY"": 1.3872255489021956, ""API_CREDITS"": 1.400735294117647, ""DATASET"": 1.4339622641509433}",4,0,0,0.0,0.1408293626308332,0.38885405986972227,0.09263708445693741,7.920972450453242,13.335717357792163,51.90499183950872
delta0.00__moderate,0.0,moderate,1.3,2999756299,98da5e89b908bb69,"{""COMPUTE"": 668, ""MEMORY"": 534, ""API_CREDITS"": 320, ""DATASET"": 83}","{""COMPUTE"": 1.3323353293413174, ""MEMORY"": 1.3277153558052435, ""API_CREDITS"": 1.334375, ""DATASET"": 1.2530120481927711}",4,0,0,0.0,0.06850591173795594,0.23176951578576185,0.04626226553022133,19.023473188688214,11.465588930274402,18.13258355090932
delta0.00__moderate,0.0,moderate,1.3,3033509426,26b9d23c55c06eb3,"{""COMPUTE"": 652, ""MEMORY"": 522, ""API_CREDITS"": 331, ""DATASET"": 67}","{""COMPUTE"": 1.3773006134969326, ""MEMORY"": 1.3793103448275863, ""API_CREDITS"": 1.3776435045317221, ""DATASET"": 1.4328358208955223}",4,0,0,0.0,0.05151679662249515,0.3446386747276595,0.036435210435669996,7.135715002918194,14.876538491553271,31.16199557030121
delta0.00__moderate,0.0,moderate,1.3,3038190311,67877b51fcc3eb13,"{""COMPUTE"": 786, ""MEMORY"": 697, ""API_CREDITS"": 356, ""DATASET"": 257}","{""COMPUTE"": 1.2951653944020356, ""MEMORY"": 1.3012912482065997, ""API_CREDITS"": 1.2837078651685394, ""DATASET"": 1.33852140077821}",4,0,0,0.0,0.12231029488311042,0.18004184132921522,0.0871639754528104,4.001736704237506,6.246329754494738,5.077886030811737
delta0.00__moderate,0.0,moderate,1.3,3054276103,ebf49c1201bd0bb1,"{""COMPUTE"": 814, ""MEMORY"": 701, ""API_CREDITS"": 369, ""DATASET"": 225}","{""COMPUTE"": 1.316953316953317, ""MEMORY"": 1.3138373751783168, ""API_CREDITS"": 1.2981029810298104, ""DATASET"": 1.3155555555555556}",4,0,0,0.0,0.14903347193001223,0.26022253780847465,0.10546098755874617,15.83867647544254,9.605649320830393,39.08348466696826
delta0.00__moderate,0.0,moderate,1.3,3070189897,a4b4681672bfa01d,"{""COMPUTE"": 714, ""MEMORY"": 585, ""API_CREDITS"": 342, ""DATASET"": 118}","{""COMPUTE"": 1.30812324929972, ""MEMORY"": 1.3128205128205128, ""API_CREDITS"": 1.3099415204678362, ""DATASET"": 1.3559322033898304}",4,0,0,0.0,0.11657966045101968,0.3036774708626809,0.07151819960274652,29.327131672597062,7.825618850711403,16.2216545351921
delta0.00__moderate,0.0,moderate,1.3,3099722351,eac3f8002692c0c2,"{""COMPUTE"": 749, ""MEMORY"": 665, ""API_CREDITS"": 340, ""DATASET"": 244}","{""COMPUTE"": 1.3244325767690253, ""MEMORY"": 1.3338345864661654, ""API_CREDITS"": 1.2970588235294118, ""DATASET"": 1.4098360655737705}",4,0,0,0.0,0.12872651342779204,0.22055632401891848,0.09941931874506937,18.41448609014028,3.734416523410578,26.71911315050546
delta0.00__moderate,0.0,moderate,1.3,3116983969,172c2ee84d10ef83,"{""COMPUTE"": 703, ""MEMORY"": 554, ""API_CREDITS"": 353, ""DATASET"": 59}","{""COMPUTE"": 1.3485064011379801, ""MEMORY"": 1.3375451263537905, ""API_CREDITS"": 1.3342776203966005, ""DATASET"": 1.2203389830508475}",4,0,0,0.0,0.04876059794734493,0.1372810449666829,0.03495718987059347,4.661143380953212,2.65942973469371,24.335605324610924
delta0.00__moderate,0.0,moderate,1.3,3153527322,f49946db4fc2a759,"{""COMPUTE"": 988, ""MEMORY"": 810, ""API_CREDITS"": 474, ""DATASET"": 176}","{""COMPUTE"": 1.319838056680162, ""MEMORY"": 1.3185185185185184, ""API_CREDITS"": 1.3333333333333333, ""DATASET"": 1.2727272727272727}",4,0,0,0.0,0.04147127857393535,0.3671622767090268,0.02452232829697278,5.49828745661909,21.52091047443231,39.2522601275941
delta0.00__moderate,0.0,moderate,1.3,3164050495,164e0715a663eece,"{""COMPUTE"": 792, ""MEMORY"": 664, ""API_CREDITS"": 373, ""DATASET"": 171}","{""COMPUTE"": 1.2904040404040404, ""MEMORY"": 1.2966867469879517, ""API_CREDITS"": 1.2734584450402144, ""DATASET"": 1.3567251461988303}",4,0,0,0.0,0.1199172389693084,0.3614127448418247,0.074034203940746,11.791046536029588,13.619458923067908,31.406782504334135
delta0.00__moderate,0.0,moderate,1.3,3166920227,592dda1bcfd8a2e2,"{""COMPUTE"": 758, ""MEMORY"": 649, ""API_CREDITS"": 327, ""DATASET"": 212}","{""COMPUTE"": 1.3350923482849604, ""MEMORY"": 1.3189522342064715, ""API_CREDITS"": 1.3577981651376148, ""DATASET"": 1.2075471698113207}",4,0,0,0.0,0.1294124114878832,0.14377560676816029,0.08127005908137984,4.863764612752969,3.97402054778761,15.715012544809975
delta0.00__moderate,0.0,moderate,1.3,3175937812,e8fd6ae2c9a2f0e6,"{""COMPUTE"": 779, ""MEMORY"": 658, ""API_CREDITS"": 372, ""DATASET"": 173}","{""COMPUTE"": 1.2734274711168165, ""MEMORY"": 1.2674772036474165, ""API_CREDITS"": 1.2849462365591398, ""DATASET"": 1.2023121387283238}",4,0,0,0.0,0.1279667717903012,0.30184441404458795,0.0782468348644819,8.938044466887133,7.106950777228863,14.66078771374182
delta0.00__moderate,0.0,moderate,1.3,3192653688,c809952cd48cb8d5,"{""COMPUTE"": 967, ""MEMORY"": 799, ""API_CREDITS"": 467, ""DATASET"": 181}","{""COMPUTE"": 1.311271975180972, ""MEMORY"": 1.300375469336671, ""API_CREDITS"": 1.3211991434689507, ""DATASET"": 1.1933701657458564}",4,0,0,0.0,0.04495153459043142,0.36923005894085975,0.03080628375213318,6.7462421619878805,10.26963333114463,31.995139008440677
delta0.00__moderate,0.0,moderate,1.3,3200726976,5b944d87c3ff8288,"{""COMPUTE"": 659, ""MEMORY"": 521, ""API_CREDITS"": 303, ""DATASET"": 78}","{""COMPUTE"": 1.323216995447648, ""MEMORY"": 1.3320537428023032, ""API_CREDITS"": 1.3267326732673268, ""DATASET"": 1.435897435897436}",4,0,0,0.0,0.07883307094127187,0.4017441598691,0.05210847734035053,12.207847273941274,17.744494336549163,29.590969245797268
delta0.00__moderate,0.0,moderate,1.3,3225980398,c904334f042bb40e,"{""COMPUTE"": 771, ""MEMORY"": 632, ""API_CREDITS"": 357, ""DATASET"": 138}","{""COMPUTE"": 1.3333333333333333, ""MEMORY"": 1.3338607594936709, ""API_CREDITS"": 1.3473389355742298, ""DATASET"": 1.3333333333333333}",4,0,0,0.0,0.13668426620233848,0.1355370738303332,0.08681033379828561,10.706198936615683,6.681587684470572,13.849448133400491
delta0.00__moderate,0.0,moderate,1.3,3247708285,8e6e1858c4cc2c37,"{""COMPUTE"": 669, ""MEMORY"": 561, ""API_CREDITS"": 278, ""DATASET"": 166}","{""COMPUTE"": 1.3243647234678624, ""MEMORY"": 1.3351158645276293, ""API_CREDITS"": 1.3345323741007193, ""DATASET"": 1.3975903614457832}",4,0,0,0.0,0.1643598149920912,0.20643323790795418,0.11976020953339299,10.841226919948108,8.816379623703325,14.90820144938302
delta0.00__moderate,0.0,moderate,1.3,3275511066,b77d12876294c959,"{""COMPUTE"": 699, ""MEMORY"": 572, ""API_CREDITS"": 345, ""DATASET"": 106}","{""COMPUTE"": 1.256080114449213, ""MEMORY"": 1.2517482517482517, ""API_CREDITS"": 1.2521739130434784, ""DATASET"": 1.2075471698113207}",4,0,0,0.0,0.07879742031738596,0.21589871055341828,0.05064930289007146,3.218950262468184,11.97156473002771,17.240179115071406
delta0.00__moderate,0.0,moderate,1.3,3282615687,71e7701bdc5311eb,"{""COMPUTE"": 974, ""MEMORY"": 822, ""API_CREDITS"": 462, ""DATASET"": 224}","{""COMPUTE"": 1.3141683778234086, ""MEMORY"": 1.3211678832116789, ""API_CREDITS"": 1.3203463203463204, ""DATASET"": 1.3571428571428572}",4,0,0,0.0,0.10934181559181556,0.14258249439279588,0.07013039044289045,6.965118790622345,3.402739851925453,17.142495440129768
delta0.00__moderate,0.0,moderate,1.3,3309075039,401294a11e73887c,"{""COMPUTE"": 627, ""MEMORY"": 492, ""API_CREDITS"": 287, ""DATASET"": 67}","{""COMPUTE"": 1.467304625199362, ""MEMORY"": 1.4857723577235773, ""API_CREDITS"": 1.4668989547038327, ""DATASET"": 1.791044776119403}",4,0,0,0.0,0.1329139957264957,0.12410840272412653,0.09247462606837605,6.748409684901645,4.917469508488391,46.763965348948396
delta0.00__moderate,0.0,moderate,1.3,3334186716,82c1d50c2935cb0a,"{""COMPUTE"": 621, ""MEMORY"": 523, ""API_CREDITS"": 294, ""DATASET"": 131}","{""COMPUTE"": 1.2012882447665056, ""MEMORY"": 1.1988527724665392, ""API_CREDITS"": 1.2006802721088434, ""DATASET"": 1.1603053435114503}",4,0,0,0.0,0.12522786515698886,0.28716172308485954,0.07686327524573873,9.58507835235587,13.269655568782214,28.02952279680031
delta0.00__moderate,0.0,moderate,1.3,3439138492,fc6ace21eb9e9b09,"{""COMPUTE"": 751, ""MEMORY"": 625, ""API_CREDITS"": 362, ""DATASET"": 143}","{""COMPUTE"": 1.355525965379494, ""MEMORY"": 1.3504, ""API_CREDITS"": 1.3480662983425415, ""DATASET"": 1.3426573426573427}",4,0,0,0.0,0.07206186556750983,0.33884184184595373,0.0463594942403106,12.318944383220819,16.254539355001764,23.949229939860988
delta0.00__moderate,0.0,moderate,1.3,3447205743,1b33a8acab03db8f,"{""COMPUTE"": 820, ""MEMORY"": 690, ""API_CREDITS"": 366, ""DATASET"": 196}","{""COMPUTE"": 1.251219512195122, ""MEMORY"": 1.2507246376811594, ""API_CREDITS"": 1.2377049180327868, ""DATASET"": 1.2653061224489797}",4,0,0,0.0,0.16448201205482757,0.1199925092721552,0.11479180653937937,5.603905661353813,5.704466974649079,22.56913363595592
delta0.00__moderate,0.0,moderate,1.3,3460158696,07ab1760bca2c526,"{""COMPUTE"": 871, ""MEMORY"": 708, ""API_CREDITS"": 434, ""DATASET"": 127}","{""COMPUTE"": 1.251435132032147, ""MEMORY"": 1.2542372881355932, ""API_CREDITS"": 1.2534562211981566, ""DATASET"": 1.2598425196850394}",4,0,0,0.0,0.04958626679252036,0.28978368146564987,0.03347300765521796,8.010464991578827,8.124451409426603,25.02774456358081
delta0.00__moderate,0.0,moderate,1.3,3460268087,cce73bd5e78296e6,"{""COMPUTE"": 610, ""MEMORY"": 500, ""API_CREDITS"": 288, ""DATASET"": 99}","{""COMPUTE"": 1.4098360655737705, ""MEMORY"": 1.402, ""API_CREDITS"": 1.4131944444444444, ""DATASET"": 1.3737373737373737}",4,0,0,0.0,0.1332661314707305,0.31028030923336564,0.08655246717599312,9.835974674041632,13.337141989757072,47.22604280361613
delta0.00__moderate,0.0,moderate,1.3,3463781334,2a50885e1b3fe2b4,"{""COMPUTE"": 616, ""MEMORY"": 532, ""API_CREDITS"": 242, ""DATASET"": 194}","{""COMPUTE"": 1.3863636363636365, ""MEMORY"": 1.3853383458646618, ""API_CREDITS"": 1.4173553719008265, ""DATASET"": 1.3608247422680413}",4,0,0,0.0,0.17831708473217908,0.17346502102742756,0.13004451872376402,7.270552702180923,9.306039177126907,30.454713721260546
delta0.00__moderate,0.0,moderate,1.3,3467569127,7d6efd13f676044a,"{""COMPUTE"": 771, ""MEMORY"": 622, ""API_CREDITS"": 367, ""DATASET"": 113}","{""COMPUTE"": 1.356679636835279, ""MEMORY"": 1.355305466237942, ""API_CREDITS"": 1.3542234332425067, ""DATASET"": 1.345132743362832}",4,0,0,0.0,0.07831507851931391,0.40144073137318254,0.05544057886866024,20.427354215969924,23.86845236979302,27.85591645754363
delta0.00__moderate,0.0,moderate,1.3,3518403916,19f7f17f66d88537,"{""COMPUTE"": 811, ""MEMORY"": 706, ""API_CREDITS"": 375, ""DATASET"": 232}","{""COMPUTE"": 1.3440197287299631, ""MEMORY"": 1.339943342776204, ""API_CREDITS"": 1.36, ""DATASET"": 1.3103448275862069}",4,0,0,0.0,0.09763423077662443,0.31771305630760915,0.06587197826329666,13.677780516343043,10.949047100020543,25.35323708689377
delta0.00__moderate,0.0,moderate,1.3,3547154528,3de614ecdb0111c1,"{""COMPUTE"": 780, ""MEMORY"": 670, ""API_CREDITS"": 361, ""DATASET"": 205}","{""COMPUTE"": 1.3358974358974358, ""MEMORY"": 1.3343283582089551, ""API_CREDITS"": 1.335180055401662, ""DATASET"": 1.326829268292683}",4,0,0,0.0,0.09552053660964553,0.3668419070365234,0.061193553932827875,12.985606338700572,16.68061236982661,22.217797040117393
delta0.00__moderate,0.0,moderate,1.3,3556888763,6c2dddf788a665d7,"{""COMPUTE"": 887, ""MEMORY"": 746, ""API_CREDITS"": 422, ""DATASET"": 195}","{""COMPUTE"": 1.3483652762119505, ""MEMORY"": 1.353887399463807, ""API_CREDITS"": 1.3507109004739337, ""DATASET"": 1.3948717948717948}",4,0,0,0.0,0.11063789321037061,0.26625430286118695,0.07128538485803484,23.361675408570076,14.053355227898022,21.84767441664869
delta0.00__moderate,0.0,moderate,1.3,3585070197,ba2c45f64902b280,"{""COMPUTE"": 654, ""MEMORY"": 518, ""API_CREDITS"": 301, ""DATASET"": 78}","{""COMPUTE"": 1.201834862385321, ""MEMORY"": 1.194980694980695, ""API_CREDITS"": 1.186046511627907, ""DATASET"": 1.1282051282051282}",4,0,0,0.0,0.11195922116348696,0.3101532252135732,0.07523124776508697,8.993860275738344,10.140734496570582,31.770117756694603
delta0.00__moderate,0.0,moderate,1.3,3597312856,df4dbf96e417bcf1,"{""COMPUTE"": 655, ""MEMORY"": 528, ""API_CREDITS"": 311, ""DATASET"": 92}","{""COMPUTE"": 1.3190839694656489, ""MEMORY"": 1.3143939393939394, ""API_CREDITS"": 1.3311897106109325, ""DATASET"": 1.2173913043478262}",4,0,0,0.0,0.09227772292752184,0.12038020703773816,0.061040608071085946,10.509525271846359,5.423660543854729,21.607384348019053
delta0.00__moderate,0.0,moderate,1.3,3646743967,9222d2b928b8c0e9,"{""COMPUTE"": 918, ""MEMORY"": 760, ""API_CREDITS"": 460, ""DATASET"": 162}","{""COMPUTE"": 1.2919389978213507, ""MEMORY"": 1.2921052631578946, ""API_CREDITS"": 1.291304347826087, ""DATASET"": 1.2839506172839505}",4,0,0,0.0,0.04958109960857214,0.30428751443322916,0.03552041241344126,8.87558073972876,11.966656681423416,7.681421167014324
delta0.00__moderate,0.0,moderate,1.3,3702281959,c6c487a17d5367ad,"{""COMPUTE"": 515, ""MEMORY"": 407, ""API_CREDITS"": 279, ""DATASET"": 24}","{""COMPUTE"": 1.2116504854368932, ""MEMORY"": 1.203931203931204, ""API_CREDITS"": 1.2258064516129032, ""DATASET"": 0.6666666666666666}",4,0,0,0.0,0.02847222222222221,0.09413338111666048,0.021585648148148142,4.171220725961528,1.230226244850489,19.973602241160687
delta0.00__moderate,0.0,moderate,1.3,3703198363,ed9ab2a0508eca54,"{""COMPUTE"": 464, ""MEMORY"": 410, ""API_CREDITS"": 170, ""DATASET"": 167}","{""COMPUTE"": 1.3663793103448276, ""MEMORY"": 1.3658536585365855, ""API_CREDITS"": 1.411764705882353, ""DATASET"": 1.341317365269461}",4,0,0,0.0,0.17670391467793678,0.27415440045900147,0.11516829767613583,11.38740017016631,7.965889990110817,38.191325443824844
delta0.00__moderate,0.0,moderate,1.3,3722197476,dac0dd9a6385ec7f,"{""COMPUTE"": 829, ""MEMORY"": 677, ""API_CREDITS"": 405, ""DATASET"": 132}","{""COMPUTE"": 1.353437876960193, ""MEMORY"": 1.3574593796159526, ""API_CREDITS"": 1.3555555555555556, ""DATASET"": 1.393939393939394}",4,0,0,0.0,0.06543130900800898,0.3011471278885862,0.04556110573996491,16.131568243785296,15.882056491020952,20.385786240104114
delta0.00__moderate,0.0,moderate,1.3,3732653027,2d160b227400d825,"{""COMPUTE"": 830, ""MEMORY"": 678, ""API_CREDITS"": 372, ""DATASET"": 156}","{""COMPUTE"": 1.3951807228915662, ""MEMORY"": 1.4041297935103245, ""API_CREDITS"": 1.4301075268817205, ""DATASET"": 1.435897435897436}",4,0,0,0.0,0.08887636098386324,0.3810676776420243,0.05547892576564694,5.797733226862757,13.14406379376043,38.35019372979403
delta0.00__moderate,0.0,moderate,1.3,3755261675,3769c802c2eed736,"{""COMPUTE"": 555, ""MEMORY"": 491, ""API_CREDITS"": 225, ""DATASET"": 191}","{""COMPUTE"": 1.300900900900901, ""MEMORY"": 1.3014256619144602, ""API_CREDITS"": 1.3022222222222222, ""DATASET"": 1.2984293193717278}",4,0,0,0.0,0.18729301981729166,0.09630541692171331,0.13951265832333795,3.9402439593189875,2.6755303431244655,5.029782019604887
delta0.00__moderate,0.0,moderate,1.3,3819244249,ff9e592cb8f349e1,"{""COMPUTE"": 791, ""MEMORY"": 637, ""API_CREDITS"": 394, ""DATASET"": 101}","{""COMPUTE"": 1.2869785082174463, ""MEMORY"": 1.2872841444270016, ""API_CREDITS"": 1.2893401015228427, ""DATASET"": 1.2673267326732673}",4,0,0,0.0,0.059128997153859025,0.09993143739399957,0.04233578010770689,9.076103980355816,11.602508573615735,5.101600924590777
delta0.00__moderate,0.0,moderate,1.3,3825070817,b2ca5f85a74966e4,"{""COMPUTE"": 381, ""MEMORY"": 338, ""API_CREDITS"": 161, ""DATASET"": 119}","{""COMPUTE"": 1.2703412073490814, ""MEMORY"": 1.2544378698224852, ""API_CREDITS"": 1.3664596273291925, ""DATASET"": 1.0756302521008403}",4,0,0,0.0,0.14005647795140716,0.35917794338656245,0.09089317185030076,8.29403009612606,6.584792679173951,15.877624069872416
delta0.00__moderate,0.0,moderate,1.3,3829285020,40c2c011a3b55318,"{""COMPUTE"": 617, ""MEMORY"": 505, ""API_CREDITS"": 296, ""DATASET"": 96}","{""COMPUTE"": 1.2576985413290114, ""MEMORY"": 1.2475247524752475, ""API_CREDITS"": 1.25, ""DATASET"": 1.1666666666666667}",4,0,0,0.0,0.13025351192017856,0.22160334653876343,0.08564496203385091,4.858868783428508,5.996629008616872,23.358338372806987
delta0.00__moderate,0.0,moderate,1.3,3829736852,f8b8ebe2f8066f6f,"{""COMPUTE"": 608, ""MEMORY"": 528, ""API_CREDITS"": 241, ""DATASET"": 195}","{""COMPUTE"": 1.325657894736842, ""MEMORY"": 1.316287878787879, ""API_CREDITS"": 1.3319502074688796, ""DATASET"": 1.2717948717948717}",4,0,0,0.0,0.18254535319752707,0.14655849076336977,0.134587936218371,4.252265383294762,4.481674869818472,7.68621458035059
delta0.00__moderate,0.0,moderate,1.3,3834605579,56e90982fc7bb865,"{""COMPUTE"": 661, ""MEMORY"": 572, ""API_CREDITS"": 299, ""DATASET"": 182}","{""COMPUTE"": 1.3797276853252647, ""MEMORY"": 1.3636363636363635, ""API_CREDITS"": 1.431438127090301, ""DATASET"": 1.2307692307692308}",4,0,0,0.0,0.09755358696553802,0.38403337236343704,0.05882903839202224,9.00431848994983,12.954676718499421,29.876972000378554
delta0.00__moderate,0.0,moderate,1.3,3862073378,f2b73893fc1dda4b,"{""COMPUTE"": 701, ""MEMORY"": 613, ""API_CREDITS"": 331, ""DATASET"": 198}","{""COMPUTE"": 1.326676176890157, ""MEMORY"": 1.33605220228385, ""API_CREDITS"": 1.3081570996978853, ""DATASET"": 1.4141414141414141}",4,0,0,0.0,0.1290271516264071,0.39975650471584706,0.08864841432090613,16.978877782201053,21.201100004423274,67.42641750849043
delta0.00__moderate,0.0,moderate,1.3,3896223086,310ffa8c9ccefc7c,"{""COMPUTE"": 834, ""MEMORY"": 686, ""API_CREDITS"": 388, ""DATASET"": 156}","{""COMPUTE"": 1.3381294964028776, ""MEMORY"": 1.314868804664723, ""API_CREDITS"": 1.3453608247422681, ""DATASET"": 1.1282051282051282}",4,0,0,0.0,0.07731468137301999,0.224422116544679,0.04950968146909809,5.135467566665011,7.825338881400293,30.93083252081496
delta0.00__moderate,0.0,moderate,1.3,3902540653,72dede0c4a2364fe,"{""COMPUTE"": 827, ""MEMORY"": 668, ""API_CREDITS"": 373, ""DATASET"": 138}","{""COMPUTE"": 1.2333736396614268, ""MEMORY"": 1.2380239520958083, ""API_CREDITS"": 1.2037533512064342, ""DATASET"": 1.3333333333333333}",4,0,0,0.0,0.12393243848772431,0.24512587182341042,0.08846884481540186,7.7190933754499325,9.763416151696209,28.833798743192755
delta0.00__moderate,0.0,moderate,1.3,3945030225,6e46b24ad3931a4f,"{""COMPUTE"": 681, ""MEMORY"": 583, ""API_CREDITS"": 301, ""DATASET"": 182}","{""COMPUTE"": 1.236417033773862, ""MEMORY"": 1.2435677530017153, ""API_CREDITS"": 1.2325581395348837, ""DATASET"": 1.2747252747252746}",4,0,0,0.0,0.17077811368641063,0.26514178046825726,0.12303889018954521,14.96165781272911,12.514893965554064,31.22894819952184
delta0.00__moderate,0.0,moderate,1.3,3947356923,e29f1926289f08e2,"{""COMPUTE"": 530, ""MEMORY"": 473, ""API_CREDITS"": 204, ""DATASET"": 197}","{""COMPUTE"": 1.211320754716981, ""MEMORY"": 1.2262156448202959, ""API_CREDITS"": 1.1764705882352942, ""DATASET"": 1.299492385786802}",4,0,0,0.0,0.17589518558419542,0.2939394191625126,0.11364268628159215,9.522977263896925,14.054495566827379,52.84304340317552
delta0.00__moderate,0.0,moderate,1.3,3981156840,069191aa6ba73557,"{""COMPUTE"": 553, ""MEMORY"": 469, ""API_CREDITS"": 243, ""DATASET"": 135}","{""COMPUTE"": 1.2477396021699818, ""MEMORY"": 1.255863539445629, ""API_CREDITS"": 1.2798353909465021, ""DATASET"": 1.2444444444444445}",4,0,0,0.0,0.1611077405939206,0.31958890330368556,0.1116657555309221,4.11345404021457,13.836732464172377,35.09955313293994
delta0.00__moderate,0.0,moderate,1.3,3996589783,5fccaae67ae9c12d,"{""COMPUTE"": 738, ""MEMORY"": 658, ""API_CREDITS"": 331, ""DATASET"": 248}","{""COMPUTE"": 1.2818428184281843, ""MEMORY"": 1.2826747720364742, ""API_CREDITS"": 1.2809667673716012, ""DATASET"": 1.2903225806451613}",4,0,0,0.0,0.15644970644970646,0.13873569665190738,0.1095048595048595,7.28035463428494,6.991235050479426,14.048829939116311
delta0.00__moderate,0.0,moderate,1.3,4024888051,299d0c0d439470f5,"{""COMPUTE"": 397, ""MEMORY"": 357, ""API_CREDITS"": 153, ""DATASET"": 146}","{""COMPUTE"": 1.2040302267002518, ""MEMORY"": 1.2492997198879552, ""API_CREDITS"": 1.1895424836601307, ""DATASET"": 1.4246575342465753}",4,0,0,0.0,0.16330913212633644,0.2345026498876803,0.11260778367040226,5.987290757715002,9.457045027805906,31.097405951673498
delta0.00__moderate,0.0,moderate,1.3,4030503373,365ae13870169e2e,"{""COMPUTE"": 500, ""MEMORY"": 424, ""API_CREDITS"": 209, ""DATASET"": 126}","{""COMPUTE"": 1.16, ""MEMORY"": 1.1839622641509433, ""API_CREDITS"": 1.0813397129186604, ""DATASET"": 1.3968253968253967}",4,0,0,0.0,0.16406418162822017,0.40647491537558067,0.11768716478647297,17.465098485715952,8.050699937061195,34.24155709501069
delta0.00__moderate,0.0,moderate,1.3,4039868181,e11fc5433d7ce164,"{""COMPUTE"": 603, ""MEMORY"": 517, ""API_CREDITS"": 298, ""DATASET"": 135}","{""COMPUTE"": 1.2504145936981759, ""MEMORY"": 1.2340425531914894, ""API_CREDITS"": 1.2818791946308725, ""DATASET"": 1.0666666666666667}",4,0,0,0.0,0.08697765121260824,0.3944603628448415,0.05732788031040148,10.749207689045177,27.214124956566554,30.796896345983157
delta0.00__moderate,0.0,moderate,1.3,4070281976,2e23d86417cb6c32,"{""COMPUTE"": 842, ""MEMORY"": 735, ""API_CREDITS"": 389, ""DATASET"": 247}","{""COMPUTE"": 1.3657957244655583, ""MEMORY"": 1.361904761904762, ""API_CREDITS"": 1.3856041131105399, ""DATASET"": 1.3279352226720649}",4,0,0,0.0,0.08604415653277626,0.36605230997817784,0.06191793363209721,11.767974724983882,9.52331686098096,31.12609926209501
delta0.00__moderate,0.0,moderate,1.3,4074372378,233e507da70ed32a,"{""COMPUTE"": 868, ""MEMORY"": 707, ""API_CREDITS"": 432, ""DATASET"": 129}","{""COMPUTE"": 1.3387096774193548, ""MEMORY"": 1.3521923620933523, ""API_CREDITS"": 1.3425925925925926, ""DATASET"": 1.4883720930232558}",4,0,0,0.0,0.05311232865153029,0.33139872395057457,0.03738486107641543,8.969361194370714,10.143593265457952,46.91499035523108
delta0.00__moderate,0.0,moderate,1.3,4082760487,861b0b5b6ff47a19,"{""COMPUTE"": 784, ""MEMORY"": 659, ""API_CREDITS"": 377, ""DATASET"": 166}","{""COMPUTE"": 1.2653061224489797, ""MEMORY"": 1.2579666160849772, ""API_CREDITS"": 1.259946949602122, ""DATASET"": 1.2048192771084338}",4,0,0,0.0,0.12967900155400156,0.11297185218288287,0.07820087898212898,7.451904222890974,5.896571105048885,16.162136794220462
delta0.00__moderate,0.0,moderate,1.3,4095462803,a094aa065fede0bd,"{""COMPUTE"": 656, ""MEMORY"": 528, ""API_CREDITS"": 341, ""DATASET"": 67}","{""COMPUTE"": 1.3353658536585367, ""MEMORY"": 1.331439393939394, ""API_CREDITS"": 1.3284457478005864, ""DATASET"": 1.3134328358208955}",4,0,0,0.0,0.05075416963437796,0.23241602265202496,0.037429176806346935,4.875280020553552,14.209714627362125,25.21871717729122
delta0.00__moderate,0.0,moderate,1.3,4099285905,902d5d1b1283923b,"{""COMPUTE"": 672, ""MEMORY"": 553, ""API_CREDITS"": 317, ""DATASET"": 118}","{""COMPUTE"": 1.3154761904761905, ""MEMORY"": 1.305605786618445, ""API_CREDITS"": 1.3186119873817035, ""DATASET"": 1.2203389830508475}",4,0,0,0.0,0.13395741934951838,0.1531012953853752,0.08700227778205373,4.417813700156301,3.092652203505897,8.372355672090375
delta0.00__moderate,0.0,moderate,1.3,4105600667,4cbfdc1410762f66,"{""COMPUTE"": 748, ""MEMORY"": 646, ""API_CREDITS"": 361, ""DATASET"": 192}","{""COMPUTE"": 1.267379679144385, ""MEMORY"": 1.2678018575851393, ""API_CREDITS"": 1.2437673130193905, ""DATASET"": 1.2916666666666667}",4,0,0,0.0,0.1343256406405195,0.22232213405243417,0.07873700834340974,10.985712292940777,20.59486745574093,28.617502233192464
delta0.00__moderate,0.0,moderate,1.3,4163155962,f8dab6a84a639a45,"{""COMPUTE"": 690, ""MEMORY"": 585, ""API_CREDITS"": 338, ""DATASET"": 148}","{""COMPUTE"": 1.2260869565217392, ""MEMORY"": 1.2376068376068377, ""API_CREDITS"": 1.2307692307692308, ""DATASET"": 1.2972972972972974}",4,0,0,0.0,0.1355631803295355,0.22211531562576023,0.0857137605385269,8.09306542245144,16.126332349534348,23.481808159451134
delta0.00__moderate,0.0,moderate,1.3,4171035140,e7712635b729979e,"{""COMPUTE"": 741, ""MEMORY"": 634, ""API_CREDITS"": 345, ""DATASET"": 187}","{""COMPUTE"": 1.3090418353576248, ""MEMORY"": 1.3186119873817035, ""API_CREDITS"": 1.3101449275362318, ""DATASET"": 1.3689839572192513}",4,0,0,0.0,0.10261847293097295,0.29650050660698324,0.06720390207119657,9.46687895009115,12.888790518788158,21.66330551703903
delta0.00__moderate,0.0,moderate,1.3,4184451528,cd6512124cf45f03,"{""COMPUTE"": 784, ""MEMORY"": 649, ""API_CREDITS"": 371, ""DATASET"": 149}","{""COMPUTE"": 1.2933673469387754, ""MEMORY"": 1.2958397534668722, ""API_CREDITS"": 1.280323450134771, ""DATASET"": 1.342281879194631}",4,0,0,0.0,0.12017515083572575,0.22046533982808647,0.07400357029695821,9.992425123158819,10.153108469311512,10.447970077982239
delta0.00__moderate,0.0,moderate,1.3,4190426423,ff597266789c1f32,"{""COMPUTE"": 559, ""MEMORY"": 496, ""API_CREDITS"": 238, ""DATASET"": 187}","{""COMPUTE"": 1.2808586762075134, ""MEMORY"": 1.2661290322580645, ""API_CREDITS"": 1.2773109243697478, ""DATASET"": 1.1978609625668448}",4,0,0,0.0,0.16805849782994933,0.2915346378705927,0.11482690887428926,10.311149219455944,5.82078002033407,15.401292477751811
delta0.00__moderate,0.0,moderate,1.3,4202249207,24fe2c51737fefd8,"{""COMPUTE"": 731, ""MEMORY"": 595, ""API_CREDITS"": 342, ""DATASET"": 120}","{""COMPUTE"": 1.3132694938440492, ""MEMORY"": 1.2823529411764707, ""API_CREDITS"": 1.3128654970760234, ""DATASET"": 1.0}",4,0,0,0.0,0.0842497254667066,0.3472469985716076,0.05599069082559651,11.950926142754769,12.342075687049695,59.3304064123326
delta0.00__moderate,0.0,moderate,1.3,4206761894,d3d1b70ee16c6865,"{""COMPUTE"": 874, ""MEMORY"": 731, ""API_CREDITS"": 421, ""DATASET"": 180}","{""COMPUTE"": 1.4210526315789473, ""MEMORY"": 1.414500683994528, ""API_CREDITS"": 1.4489311163895486, ""DATASET"": 1.3333333333333333}",4,0,0,0.0,0.057502713977287984,0.29677948479001376,0.042838691490241214,2.518413822317942,19.536351709771996,43.015034359672576
delta0.25__high,0.25,high,1.9,19063083,c5ad27c70380b7d1,"{""COMPUTE"": 429, ""MEMORY"": 330, ""API_CREDITS"": 192, ""DATASET"": 36}","{""COMPUTE"": 1.6317016317016317, ""MEMORY"": 1.6787878787878787, ""API_CREDITS"": 1.65625, ""DATASET"": 2.2222222222222223}",4,14,11,0.19046759124962145,0.12543171114599685,0.4214972441263815,0.09174709769947866,34.04160674196044,10.181116097553575,11.21227835028266
delta0.25__high,0.25,high,1.9,27327381,d46c5a57e0e5cda1,"{""COMPUTE"": 480, ""MEMORY"": 378, ""API_CREDITS"": 239, ""DATASET"": 41}","{""COMPUTE"": 1.7791666666666666, ""MEMORY"": 1.8386243386243386, ""API_CREDITS"": 1.7615062761506277, ""DATASET"": 2.926829268292683}",4,17,16,0.1988909965749063,0.07024414618021924,0.4949667813167033,0.049762400770772146,49.144529767834,11.578482419191483,54.13788200464094
delta0.25__high,0.25,high,1.9,73091972,53a8ec6b768e1c86,"{""COMPUTE"": 381, ""MEMORY"": 333, ""API_CREDITS"": 167, ""DATASET"": 113}","{""COMPUTE"": 2.304461942257218, ""MEMORY"": 2.309309309309309, ""API_CREDITS"": 2.3652694610778444, ""DATASET"": 2.336283185840708}",4,13,10,0.2129647985838714,0.09301801083230794,0.5561462634080133,0.05970464536870589,91.53807399794745,32.434825012000324,44.444102203076
delta0.25__high,0.25,high,1.9,75104030,5aaaad29c42c04a3,"{""COMPUTE"": 274, ""MEMORY"": 250, ""API_CREDITS"": 104, ""DATASET"": 110}","{""COMPUTE"": 2.1751824817518246, ""MEMORY"": 2.092, ""API_CREDITS"": 2.394230769230769, ""DATASET"": 1.6727272727272726}",4,10,7,0.2036321355777341,0.15596700826879858,0.5865816875700613,0.10702100187394305,42.63333887282896,17.96105320252151,39.88171266196955
delta0.25__high,0.25,high,1.9,75640271,fdb1cedf69e0b52b,"{""COMPUTE"": 491, ""MEMORY"": 428, ""API_CREDITS"": 225, ""DATASET"": 143}","{""COMPUTE"": 2.0040733197556007, ""MEMORY"": 1.9579439252336448, ""API_CREDITS"": 2.0355555555555553, ""DATASET"": 1.6783216783216783}",4,9,4,0.12837636962681884,0.0755415214580372,0.415413824613399,0.050287565727544205,56.97453132374375,16.821054097658934,30.308395109541973
delta0.25__high,0.25,high,1.9,87781505,dc06c642149a2ed1,"{""COMPUTE"": 462, ""MEMORY"": 389, ""API_CREDITS"": 221, ""DATASET"": 98}","{""COMPUTE"": 2.0779220779220777, ""MEMORY"": 2.025706940874036, ""API_CREDITS"": 2.0995475113122173, ""DATASET"": 1.6326530612244898}",4,8,5,0.17391614255492346,0.06515498397865392,0.5839007176489747,0.042469123980066074,57.359968848273176,20.472949934764227,42.6484544143485
delta0.25__high,0.25,high,1.9,94885586,bf28a7a4355867d6,"{""COMPUTE"": 510, ""MEMORY"": 429, ""API_CREDITS"": 237, ""DATASET"": 113}","{""COMPUTE"": 1.9529411764705882, ""MEMORY"": 1.9836829836829837, ""API_CREDITS"": 1.9620253164556962, ""DATASET"": 2.1946902654867255}",4,18,10,0.1659228783493319,0.09298382355646516,0.5616798097095321,0.05441506461199385,61.781219029236354,24.331870755435375,62.08039995325594
delta0.25__high,0.25,high,1.9,101192955,b1c061a5306d12a6,"{""COMPUTE"": 474, ""MEMORY"": 410, ""API_CREDITS"": 229, ""DATASET"": 121}","{""COMPUTE"": 1.8523206751054853, ""MEMORY"": 1.8878048780487804, ""API_CREDITS"": 1.737991266375546, ""DATASET"": 2.2479338842975207}",4,17,13,0.16319690372849002,0.12372454834260388,0.551670676545949,0.09143775249099323,68.84669259483987,36.80796486878133,26.108320320038782
delta0.25__high,0.25,high,1.9,108416726,3172529a520b68c1,"{""COMPUTE"": 422, ""MEMORY"": 349, ""API_CREDITS"": 198, ""DATASET"": 76}","{""COMPUTE"": 2.042654028436019, ""MEMORY"": 2.020057306590258, ""API_CREDITS"": 2.095959595959596, ""DATASET"": 1.7894736842105263}",4,10,6,0.14237737470168435,0.09940127985804967,0.45653436940854886,0.06337260661858922,48.02520975463929,11.055646352847054,32.20905708311201
delta0.25__high,0.25,high,1.9,112626036,76129520ed6f7af8,"{""COMPUTE"": 483, ""MEMORY"": 389, ""API_CREDITS"": 220, ""DATASET"": 73}","{""COMPUTE"": 2.0786749482401654, ""MEMORY"": 2.0745501285347046, ""API_CREDITS"": 2.0954545454545452, ""DATASET"": 2.0821917808219177}",4,7,5,0.1856888716998459,0.11257021793310774,0.4935730621287651,0.07511928502299603,53.76750221576177,26.270207031636577,41.300038360542885
delta0.25__high,0.25,high,1.9,129877774,7a93f285b4e86272,"{""COMPUTE"": 625, ""MEMORY"": 514, ""API_CREDITS"": 308, ""DATASET"": 106}","{""COMPUTE"": 1.8496, ""MEMORY"": 1.8463035019455254, ""API_CREDITS"": 1.8149350649350648, ""DATASET"": 1.8867924528301887}",4,14,10,0.18547312138103103,0.05975466075487763,0.5475370929608648,0.04122316200390371,53.8002584778876,22.27697482932547,42.70628198621291
delta0.25__high,0.25,high,1.9,139216186,25c6d24e92c794ec,"{""COMPUTE"": 365, ""MEMORY"": 309, ""API_CREDITS"": 158, ""DATASET"": 87}","{""COMPUTE"": 1.8082191780821917, ""MEMORY"": 1.8770226537216828, ""API_CREDITS"": 1.620253164556962, ""DATASET"": 2.574712643678161}",4,15,9,0.17217882853044528,0.14020526675550546,0.5881290676639996,0.08891300246347546,46.12121446904937,16.59592760089989,56.061589595856525
delta0.25__high,0.25,high,1.9,139730805,3904555191aeeb45,"{""COMPUTE"": 546, ""MEMORY"": 430, ""API_CREDITS"": 261, ""DATASET"": 58}","{""COMPUTE"": 1.7179487179487178, ""MEMORY"": 1.7348837209302326, ""API_CREDITS"": 1.7088122605363985, ""DATASET"": 1.9310344827586208}",4,12,8,0.16072538288820823,0.06767812058305687,0.45556512856738,0.04432262598641929,38.04965446502817,7.460556163982845,34.70786218462712
delta0.25__high,0.25,high,1.9,147261721,5119b26353d06d4b,"{""COMPUTE"": 450, ""MEMORY"": 364, ""API_CREDITS"": 210, ""DATASET"": 68}","{""COMPUTE"": 1.751111111111111, ""MEMORY"": 1.7802197802197801, ""API_CREDITS"": 1.8095238095238095, ""DATASET"": 1.8823529411764706}",4,13,13,0.20537652225111566,0.08639842211929989,0.5287963400453981,0.05277898907436227,69.82190604660593,10.01630772427886,31.596036954313373
delta0.25__high,0.25,high,1.9,152599165,69cc45a83192eba9,"{""COMPUTE"": 523, ""MEMORY"": 429, ""API_CREDITS"": 258, ""DATASET"": 83}","{""COMPUTE"": 1.7896749521988529, ""MEMORY"": 1.7995337995337994, ""API_CREDITS"": 1.7674418604651163, ""DATASET"": 1.927710843373494}",4,9,7,0.17393150385518938,0.058096404811120814,0.5532749791310694,0.03827739012578646,66.9838072440793,20.721374302151926,52.032685153130444
delta0.25__high,0.25,high,1.9,153676091,397ae098e05887dc,"{""COMPUTE"": 488, ""MEMORY"": 407, ""API_CREDITS"": 246, ""DATASET"": 86}","{""COMPUTE"": 1.8770491803278688, ""MEMORY"": 1.864864864864865, ""API_CREDITS"": 1.8739837398373984, ""DATASET"": 1.7674418604651163}",4,4,3,0.1353969139452191,0.06673363704613705,0.401314328580316,0.04858498413185913,50.06960350972849,16.187143832322054,34.75596723544099
delta0.25__high,0.25,high,1.9,173143613,74c1a06e19b03d24,"{""COMPUTE"": 249, ""MEMORY"": 219, ""API_CREDITS"": 115, ""DATASET"": 67}","{""COMPUTE"": 2.144578313253012, ""MEMORY"": 2.1004566210045663, ""API_CREDITS"": 2.121739130434783, ""DATASET"": 1.9104477611940298}",4,7,5,0.19133037686699716,0.16027195027195024,0.4107991844846593,0.1255460588793922,52.37486218042407,16.215787566172924,31.616678622117693
delta0.25__high,0.25,high,1.9,190642350,015d15c5d8101a65,"{""COMPUTE"": 511, ""MEMORY"": 429, ""API_CREDITS"": 227, ""DATASET"": 120}","{""COMPUTE"": 1.9608610567514677, ""MEMORY"": 1.986013986013986, ""API_CREDITS"": 1.973568281938326, ""DATASET"": 2.1333333333333333}",4,15,11,0.17949981562702763,0.05439906456079909,0.6169823806084019,0.03510388943136173,53.737642144566735,16.429801121482598,43.80789167466188
delta0.25__high,0.25,high,1.9,207766894,27984e579187bf63,"{""COMPUTE"": 636, ""MEMORY"": 527, ""API_CREDITS"": 298, ""DATASET"": 128}","{""COMPUTE"": 1.8396226415094339, ""MEMORY"": 1.840607210626186, ""API_CREDITS"": 1.8187919463087248, ""DATASET"": 1.875}",4,17,7,0.08738561639395635,0.08805061231709056,0.2834723012721808,0.05713379049102043,32.47116949964804,12.945202566304806,34.37097111873511
delta0.25__high,0.25,high,1.9,214952310,aecda7b441093315,"{""COMPUTE"": 509, ""MEMORY"": 433, ""API_CREDITS"": 228, ""DATASET"": 130}","{""COMPUTE"": 1.8271119842829076, ""MEMORY"": 1.8452655889145497, ""API_CREDITS"": 1.8464912280701755, ""DATASET"": 1.9076923076923078}",4,11,6,0.1797536707006077,0.08480572127477601,0.5845384543709448,0.0504501679502034,47.25260245811089,30.460291721554146,48.41907659575252
delta0.25__high,0.25,high,1.9,223200515,3a3624d0767eaa31,"{""COMPUTE"": 414, ""MEMORY"": 358, ""API_CREDITS"": 177, ""DATASET"": 121}","{""COMPUTE"": 1.9565217391304348, ""MEMORY"": 1.9385474860335195, ""API_CREDITS"": 2.0677966101694913, ""DATASET"": 1.71900826446281}",4,9,5,0.14660252634152723,0.1327807441791479,0.4812867225344944,0.07840528377224804,35.05634863004099,15.59266272483876,47.7133580398365
delta0.25__high,0.25,high,1.9,271508238,42b23463f1ecea48,"{""COMPUTE"": 419, ""MEMORY"": 361, ""API_CREDITS"": 185, ""DATASET"": 114}","{""COMPUTE"": 1.8711217183770883, ""MEMORY"": 1.8254847645429362, ""API_CREDITS"": 1.8432432432432433, ""DATASET"": 1.6140350877192982}",4,9,8,0.17121772343913322,0.12856056355902182,0.4975759531307619,0.08986800810472308,60.75820620611353,11.322165303479153,46.881564999968674
delta0.25__high,0.25,high,1.9,278611269,acd144c1b436a7e7,"{""COMPUTE"": 448, ""MEMORY"": 411, ""API_CREDITS"": 178, ""DATASET"": 191}","{""COMPUTE"": 2.0580357142857144, ""MEMORY"": 2.0364963503649633, ""API_CREDITS"": 2.1741573033707864, ""DATASET"": 1.8848167539267016}",4,9,5,0.14346096428514735,0.09331356046072052,0.5141002830951652,0.06036094945303206,43.643127644754145,22.3348649713058,38.16819830463914
delta0.25__high,0.25,high,1.9,279304908,f981d37174c577cf,"{""COMPUTE"": 419, ""MEMORY"": 356, ""API_CREDITS"": 183, ""DATASET"": 106}","{""COMPUTE"": 1.7613365155131264, ""MEMORY"": 1.7865168539325842, ""API_CREDITS"": 1.8360655737704918, ""DATASET"": 1.8113207547169812}",4,11,9,0.1466543629108882,0.15347494564701092,0.48209359650199746,0.09918479956171765,40.11689658387079,15.469212530331959,36.76927652899052
delta0.25__high,0.25,high,1.9,284064978,fb8f322c5d80d41f,"{""COMPUTE"": 500, ""MEMORY"": 428, ""API_CREDITS"": 248, ""DATASET"": 115}","{""COMPUTE"": 2.176, ""MEMORY"": 2.191588785046729, ""API_CREDITS"": 2.153225806451613, ""DATASET"": 2.365217391304348}",4,9,8,0.20890102732146087,0.04937756701316136,0.5459911546598851,0.03786172897542669,77.1098164716863,29.07450603744117,80.6028466695003
delta0.25__high,0.25,high,1.9,322453867,bb9afcbaeeeb412a,"{""COMPUTE"": 508, ""MEMORY"": 405, ""API_CREDITS"": 246, ""DATASET"": 60}","{""COMPUTE"": 2.1102362204724407, ""MEMORY"": 2.1432098765432097, ""API_CREDITS"": 2.097560975609756, ""DATASET"": 2.6666666666666665}",4,8,6,0.20943629889560578,0.0576112521760801,0.546637975637468,0.036888647375091434,76.26281294770779,28.800463219392025,60.0767807952563
delta0.25__high,0.25,high,1.9,343457384,b3024453170f2415,"{""COMPUTE"": 610, ""MEMORY"": 493, ""API_CREDITS"": 296, ""DATASET"": 89}","{""COMPUTE"": 1.777049180327869, ""MEMORY"": 1.7667342799188641, ""API_CREDITS"": 1.7466216216216217, ""DATASET"": 1.7078651685393258}",4,11,7,0.14473222224788312,0.050809453121491516,0.3961208812554364,0.03708651562322416,41.83392653028008,14.106490213848323,21.552838374177536
delta0.25__high,0.25,high,1.9,386742898,cc284858b9cea0a9,"{""COMPUTE"": 466, ""MEMORY"": 417, ""API_CREDITS"": 202, ""DATASET"": 164}","{""COMPUTE"": 2.1373390557939915, ""MEMORY"": 2.0863309352517985, ""API_CREDITS"": 2.1881188118811883, ""DATASET"": 1.853658536585366}",4,9,6,0.18410057036801816,0.12511766210292838,0.5341701151462763,0.07968130941135797,52.6402907400201,23.16405685703164,43.93796690093786
delta0.25__high,0.25,high,1.9,396660506,f4e3abf2b2989336,"{""COMPUTE"": 330, ""MEMORY"": 278, ""API_CREDITS"": 163, ""DATASET"": 61}","{""COMPUTE"": 2.090909090909091, ""MEMORY"": 2.068345323741007, ""API_CREDITS"": 2.067484662576687, ""DATASET"": 1.9672131147540983}",4,12,10,0.23358799374299366,0.06504700571609505,0.5940262404903793,0.03966494175902922,102.90802925978691,26.17905569917097,80.97194767077535
delta0.25__high,0.25,high,1.9,421967079,6e2058948973ff3b,"{""COMPUTE"": 555, ""MEMORY"": 469, ""API_CREDITS"": 267, ""DATASET"": 123}","{""COMPUTE"": 1.8234234234234235, ""MEMORY"": 1.816631130063966, ""API_CREDITS"": 1.7827715355805243, ""DATASET"": 1.8211382113821137}",4,13,8,0.15205752448949114,0.10849560833108375,0.4253770535357318,0.07242178606562245,53.28482849097813,19.323031577514712,62.14599306024826
delta0.25__high,0.25,high,1.9,433449607,c47dce4f9edafb29,"{""COMPUTE"": 579, ""MEMORY"": 499, ""API_CREDITS"": 261, ""DATASET"": 163}","{""COMPUTE"": 1.6994818652849741, ""MEMORY"": 1.717434869739479, ""API_CREDITS"": 1.6666666666666667, ""DATASET"": 1.8159509202453987}",4,15,9,0.17052339991128326,0.10658468932480808,0.39399415369539104,0.06967779428006586,65.77393434931172,13.550701366746447,27.359302292281033
delta0.25__high,0.25,high,1.9,446926817,725f4c7ebd82c925,"{""COMPUTE"": 477, ""MEMORY"": 385, ""API_CREDITS"": 222, ""DATASET"": 71}","{""COMPUTE"": 1.849056603773585, ""MEMORY"": 1.851948051948052, ""API_CREDITS"": 1.8333333333333333, ""DATASET"": 1.9154929577464788}",4,10,3,0.14573818740069278,0.12363277423825512,0.3995605203422565,0.07832555287628946,42.050925893835455,12.333409452319321,23.25603800783973
delta0.25__high,0.25,high,1.9,453512931,8f79379b4918f6ec,"{""COMPUTE"": 481, ""MEMORY"": 409, ""API_CREDITS"": 231, ""DATASET"": 110}","{""COMPUTE"": 1.9625779625779627, ""MEMORY"": 1.9486552567237163, ""API_CREDITS"": 1.9870129870129871, ""DATASET"": 1.8181818181818181}",4,9,6,0.15793395014157935,0.09573042643630879,0.5010517108967565,0.054406070509011674,38.27893936764392,18.636426976887883,31.092857391499127
delta0.25__high,0.25,high,1.9,469716932,9ee8e36a46847d37,"{""COMPUTE"": 530, ""MEMORY"": 419, ""API_CREDITS"": 245, ""DATASET"": 64}","{""COMPUTE"": 1.8226415094339623, ""MEMORY"": 1.8138424821002386, ""API_CREDITS"": 1.8938775510204082, ""DATASET"": 1.5}",4,17,13,0.1784732947028712,0.05506774769343002,0.5284314090934258,0.03911334349822854,47.4821686324179,11.268946316604191,59.30363457617242
delta0.25__high,0.25,high,1.9,484036427,1aacdaa62f9b9a1a,"{""COMPUTE"": 485, ""MEMORY"": 406, ""API_CREDITS"": 249, ""DATASET"": 85}","{""COMPUTE"": 1.822680412371134, ""MEMORY"": 1.8054187192118227, ""API_CREDITS"": 1.8433734939759037, ""DATASET"": 1.6}",4,14,8,0.15125500762953936,0.03789089836508228,0.4702737377269332,0.022923574940456742,58.231709075016035,9.085216127081749,48.129472446155624
delta0.25__high,0.25,high,1.9,496510537,da7c3fe4913f760b,"{""COMPUTE"": 710, ""MEMORY"": 578, ""API_CREDITS"": 342, ""DATASET"": 117}","{""COMPUTE"": 1.7690140845070423, ""MEMORY"": 1.7491349480968859, ""API_CREDITS"": 1.7573099415204678, ""DATASET"": 1.5726495726495726}",4,11,6,0.1335797218260768,0.057225090066883776,0.37095397281976217,0.043673951923054434,62.52400595296953,17.18373028730114,48.598235510554
delta0.25__high,0.25,high,1.9,561058638,7a0d5758caad935a,"{""COMPUTE"": 532, ""MEMORY"": 405, ""API_CREDITS"": 249, ""DATASET"": 31}","{""COMPUTE"": 1.9022556390977443, ""MEMORY"": 1.945679012345679, ""API_CREDITS"": 1.895582329317269, ""DATASET"": 3.096774193548387}",4,12,8,0.14718512456889485,0.044401586011237525,0.4447329955866289,0.02782638245472004,36.72302689353163,13.624036005074574,31.90766822458779
delta0.25__high,0.25,high,1.9,572743071,f44d47027c05c798,"{""COMPUTE"": 575, ""MEMORY"": 474, ""API_CREDITS"": 259, ""DATASET"": 116}","{""COMPUTE"": 1.8504347826086958, ""MEMORY"": 1.8080168776371308, ""API_CREDITS"": 1.8803088803088803, ""DATASET"": 1.4482758620689655}",4,12,12,0.22354662201495631,0.07441424453479492,0.5508387068865532,0.04534824221312251,61.47564393907686,19.52434828984889,40.964392294515356
delta0.25__high,0.25,high,1.9,584741180,db1406b99883cf94,"{""COMPUTE"": 448, ""MEMORY"": 399, ""API_CREDITS"": 196, ""DATASET"": 151}","{""COMPUTE"": 1.8616071428571428, ""MEMORY"": 1.8771929824561404, ""API_CREDITS"": 1.8520408163265305, ""DATASET"": 1.9602649006622517}",4,8,4,0.1236286663882407,0.14461530107382395,0.4460279646909693,0.09427143763737099,38.44822835161077,18.537941361164048,41.47720443891863
delta0.25__high,0.25,high,1.9,585558921,3eb21fab543cffde,"{""COMPUTE"": 384, ""MEMORY"": 327, ""API_CREDITS"": 158, ""DATASET"": 105}","{""COMPUTE"": 2.4322916666666665, ""MEMORY"": 2.4220183486238533, ""API_CREDITS"": 2.7088607594936707, ""DATASET"": 2.1333333333333333}",4,14,14,0.2150756408203555,0.08710204093393642,0.579541109127424,0.05518983847647361,70.1482384610565,19.759775622034095,71.24003663736832
delta0.25__high,0.25,high,1.9,602333967,cc167897a7212186,"{""COMPUTE"": 526, ""MEMORY"": 443, ""API_CREDITS"": 243, ""DATASET"": 120}","{""COMPUTE"": 1.7718631178707225, ""MEMORY"": 1.724604966139955, ""API_CREDITS"": 1.8106995884773662, ""DATASET"": 1.3333333333333333}",4,14,12,0.1725785739565178,0.07170966226241514,0.5666487106651482,0.04316522287144713,45.68941588113977,14.791696237741855,15.618902696600925
delta0.25__high,0.25,high,1.9,608406825,f671ca8f87e07daa,"{""COMPUTE"": 560, ""MEMORY"": 457, ""API_CREDITS"": 278, ""DATASET"": 84}","{""COMPUTE"": 1.6714285714285715, ""MEMORY"": 1.7089715536105032, ""API_CREDITS"": 1.5359712230215827, ""DATASET"": 2.380952380952381}",4,13,10,0.19385590944637263,0.04785515514517349,0.5452466503585944,0.03260538252362434,64.01862043069602,20.41778819291568,30.243306910947155
delta0.25__high,0.25,high,1.9,610357580,2e40c65fabb00851,"{""COMPUTE"": 511, ""MEMORY"": 425, ""API_CREDITS"": 240, ""DATASET"": 102}","{""COMPUTE"": 2.1291585127201564, ""MEMORY"": 2.124705882352941, ""API_CREDITS"": 2.1375, ""DATASET"": 2.1176470588235294}",4,9,3,0.11632916424985773,0.12272034538496941,0.4304592582038007,0.07733774981948711,36.75654428471292,8.087757059650766,35.248423246110924
delta0.25__high,0.25,high,1.9,616227400,fd824ac26620dced,"{""COMPUTE"": 407, ""MEMORY"": 350, ""API_CREDITS"": 181, ""DATASET"": 110}","{""COMPUTE"": 2.004914004914005, ""MEMORY"": 2.0285714285714285, ""API_CREDITS"": 1.977900552486188, ""DATASET"": 2.1818181818181817}",4,11,10,0.18897771463479704,0.13253133296005146,0.49795561243016057,0.08717810621738048,78.7352876425553,23.735141126193117,44.569419275267045
delta0.25__high,0.25,high,1.9,638377088,6281960be3a0c4fe,"{""COMPUTE"": 279, ""MEMORY"": 259, ""API_CREDITS"": 101, ""DATASET"": 125}","{""COMPUTE"": 2.272401433691756, ""MEMORY"": 2.200772200772201, ""API_CREDITS"": 2.4356435643564356, ""DATASET"": 1.92}",4,10,6,0.16044906176682763,0.16988629340415567,0.5148459517996157,0.1072025507544136,48.93104214197404,11.005180042596407,57.36995746436212
delta0.25__high,0.25,high,1.9,659053096,444c642fcbc89220,"{""COMPUTE"": 432, ""MEMORY"": 363, ""API_CREDITS"": 186, ""DATASET"": 104}","{""COMPUTE"": 1.9305555555555556, ""MEMORY"": 1.9008264462809918, ""API_CREDITS"": 1.946236559139785, ""DATASET"": 1.6923076923076923}",4,11,11,0.20860816294161924,0.122939055017905,0.6581403524464629,0.08209202395011002,42.0820297330931,24.50983778597076,36.399626570481225
delta0.25__high,0.25,high,1.9,677637387,209e4dfa1687118f,"{""COMPUTE"": 554, ""MEMORY"": 466, ""API_CREDITS"": 264, ""DATASET"": 121}","{""COMPUTE"": 1.8014440433212997, ""MEMORY"": 1.7918454935622317, ""API_CREDITS"": 1.746212121212121, ""DATASET"": 1.7851239669421488}",4,10,5,0.16505911370700502,0.10051153763790578,0.5073306566478216,0.06038103997515273,51.730469382409524,30.40443338990192,54.096996713082184
delta0.25__high,0.25,high,1.9,687585327,59fad266476b0a02,"{""COMPUTE"": 418, ""MEMORY"": 323, ""API_CREDITS"": 210, ""DATASET"": 20}","{""COMPUTE"": 1.8851674641148326, ""MEMORY"": 1.9009287925696594, ""API_CREDITS"": 1.8761904761904762, ""DATASET"": 2.4}",4,8,4,0.15631210887747682,0.03969867857731368,0.5832604019056382,0.026361580680938416,49.56639549885685,16.784149127002483,57.692189779043524
delta0.25__high,0.25,high,1.9,705933680,6e258adffa1a8cd3,"{""COMPUTE"": 454, ""MEMORY"": 364, ""API_CREDITS"": 213, ""DATASET"": 62}","{""COMPUTE"": 1.9251101321585904, ""MEMORY"": 1.945054945054945, ""API_CREDITS"": 1.9530516431924883, ""DATASET"": 2.064516129032258}",4,7,4,0.14054442061819813,0.08394248482548487,0.4000199051876742,0.05316639150184352,49.51115313645489,12.188456857104661,38.008490735807605
delta0.25__high,0.25,high,1.9,713663764,8ebe79159d1da2de,"{""COMPUTE"": 331, ""MEMORY"": 283, ""API_CREDITS"": 169, ""DATASET"": 65}","{""COMPUTE"": 2.1389728096676737, ""MEMORY"": 2.1696113074204946, ""API_CREDITS"": 2.0236686390532546, ""DATASET"": 2.707692307692308}",4,13,10,0.176170852256612,0.12667591227730327,0.4708629451821924,0.07951814987958944,57.244927421445574,16.895668262894173,30.72914391971938
delta0.25__high,0.25,high,1.9,756150979,9c7a14dc61867790,"{""COMPUTE"": 336, ""MEMORY"": 268, ""API_CREDITS"": 161, ""DATASET"": 35}","{""COMPUTE"": 2.0952380952380953, ""MEMORY"": 2.1156716417910446, ""API_CREDITS"": 2.093167701863354, ""DATASET"": 2.5142857142857142}",4,8,5,0.1098345009212286,0.12316981244064577,0.41600558536806725,0.08571801301836025,41.262542178667125,9.16915423447779,9.146848169298133
delta0.25__high,0.25,high,1.9,759787730,bf4d04b72b707a98,"{""COMPUTE"": 567, ""MEMORY"": 469, ""API_CREDITS"": 273, ""DATASET"": 104}","{""COMPUTE"": 1.837742504409171, ""MEMORY"": 1.8443496801705757, ""API_CREDITS"": 1.8278388278388278, ""DATASET"": 1.9230769230769231}",4,8,7,0.19298752834408373,0.053847979679855336,0.6331224734238275,0.03363737089951253,54.69753956964022,22.007159929716618,43.42602919679792
delta0.25__high,0.25,high,1.9,779334002,bcbac1fb4b836939,"{""COMPUTE"": 656, ""MEMORY"": 523, ""API_CREDITS"": 314, ""DATASET"": 87}","{""COMPUTE"": 1.923780487804878, ""MEMORY"": 1.9923518164435947, ""API_CREDITS"": 1.9171974522292994, ""DATASET"": 2.7586206896551726}",4,13,9,0.16654000191795712,0.04882304091030507,0.5135752301428763,0.03184670308785875,47.94993823783605,18.68876456317226,43.93904230168786
delta0.25__high,0.25,high,1.9,786766500,3b989485b5cc7230,"{""COMPUTE"": 420, ""MEMORY"": 364, ""API_CREDITS"": 179, ""DATASET"": 125}","{""COMPUTE"": 2.119047619047619, ""MEMORY"": 2.0934065934065935, ""API_CREDITS"": 2.17877094972067, ""DATASET"": 1.92}",4,12,6,0.17496451523826365,0.07457181349669711,0.5640166055512656,0.04637460522915115,67.7368335745656,27.33098277561584,66.78731538991885
delta0.25__high,0.25,high,1.9,891045433,216aba7f2e6597b6,"{""COMPUTE"": 348, ""MEMORY"": 309, ""API_CREDITS"": 154, ""DATASET"": 110}","{""COMPUTE"": 2.1724137931034484, ""MEMORY"": 2.058252427184466, ""API_CREDITS"": 2.2857142857142856, ""DATASET"": 1.4545454545454546}",4,13,10,0.17119194509590374,0.06367655196019974,0.4795566993737275,0.04268608590914196,52.11713634643144,13.977924187983207,47.82080377299973
delta0.25__high,0.25,high,1.9,898744256,93257b3f4467da0e,"{""COMPUTE"": 499, ""MEMORY"": 385, ""API_CREDITS"": 245, ""DATASET"": 30}","{""COMPUTE"": 1.6272545090180361, ""MEMORY"": 1.6493506493506493, ""API_CREDITS"": 1.653061224489796, ""DATASET"": 1.8666666666666667}",4,17,11,0.15872868434534512,0.04044280135304545,0.3258950935951871,0.028316676926427028,34.76759152451019,4.8383805102413175,20.036874002667123
delta0.25__high,0.25,high,1.9,921012401,3d1305ec0d4632d2,"{""COMPUTE"": 582, ""MEMORY"": 468, ""API_CREDITS"": 267, ""DATASET"": 92}","{""COMPUTE"": 1.9621993127147765, ""MEMORY"": 2.032051282051282, ""API_CREDITS"": 1.951310861423221, ""DATASET"": 2.6956521739130435}",4,15,12,0.18500954465485922,0.09355734438607369,0.47229539290827577,0.06128039827395262,62.05306518204663,17.551774128962453,50.33736544887509
delta0.25__high,0.25,high,1.9,928131396,b33aa2cfb8752646,"{""COMPUTE"": 515, ""MEMORY"": 444, ""API_CREDITS"": 241, ""DATASET"": 135}","{""COMPUTE"": 2.151456310679612, ""MEMORY"": 2.130630630630631, ""API_CREDITS"": 2.1825726141078836, ""DATASET"": 2.0148148148148146}",4,13,10,0.17283074066094917,0.0639750248465423,0.5264150634469379,0.04051317250881064,65.80457343112947,18.998016225954327,64.81622524236779
delta0.25__high,0.25,high,1.9,986685360,9b12396511aae62e,"{""COMPUTE"": 424, ""MEMORY"": 355, ""API_CREDITS"": 190, ""DATASET"": 93}","{""COMPUTE"": 2.0330188679245285, ""MEMORY"": 2.0253521126760563, ""API_CREDITS"": 2.0473684210526315, ""DATASET"": 1.978494623655914}",4,10,6,0.18463689439218903,0.10446575750852066,0.577955978952467,0.06510735336804417,48.01094264696525,18.39358147487294,47.14146854324588
delta0.25__high,0.25,high,1.9,1040871164,6cb61c1ba45ef3bc,"{""COMPUTE"": 539, ""MEMORY"": 459, ""API_CREDITS"": 265, ""DATASET"": 122}","{""COMPUTE"": 1.9628942486085343, ""MEMORY"": 1.9302832244008714, ""API_CREDITS"": 1.969811320754717, ""DATASET"": 1.7049180327868851}",4,10,8,0.19556877724352087,0.04254784014185858,0.4960025387928115,0.030005727564988306,53.62360698516619,26.570915381298875,30.524622858678796
delta0.25__high,0.25,high,1.9,1109034924,9da644a9e723cfc1,"{""COMPUTE"": 610, ""MEMORY"": 479, ""API_CREDITS"": 283, ""DATASET"": 71}","{""COMPUTE"": 1.8721311475409836, ""MEMORY"": 1.9248434237995824, ""API_CREDITS"": 1.901060070671378, ""DATASET"": 2.4788732394366195}",4,16,13,0.18901325464138927,0.06396820629407939,0.5094137564500852,0.042164774003907474,58.65853808669965,36.69941896521853,46.97210447258487
delta0.25__high,0.25,high,1.9,1154819737,f531c156c6348aac,"{""COMPUTE"": 455, ""MEMORY"": 362, ""API_CREDITS"": 209, ""DATASET"": 58}","{""COMPUTE"": 1.9604395604395604, ""MEMORY"": 1.9944751381215469, ""API_CREDITS"": 1.9425837320574162, ""DATASET"": 2.4827586206896552}",4,13,11,0.20720806132028394,0.0827093772000181,0.5523760757461157,0.052374045184892824,55.960580750244,20.544810726483856,30.8037369144942
delta0.25__high,0.25,high,1.9,1158762883,1f561d2388f3bb1c,"{""COMPUTE"": 444, ""MEMORY"": 360, ""API_CREDITS"": 208, ""DATASET"": 68}","{""COMPUTE"": 2.063063063063063, ""MEMORY"": 1.9833333333333334, ""API_CREDITS"": 2.0865384615384617, ""DATASET"": 1.1764705882352942}",4,13,13,0.23580272739869176,0.05553678497074722,0.4729442678080133,0.03625077665958167,66.6495261184452,27.48241955428585,46.3614281661637
delta0.25__high,0.25,high,1.9,1164103101,cb5f91792419fcca,"{""COMPUTE"": 390, ""MEMORY"": 337, ""API_CREDITS"": 173, ""DATASET"": 106}","{""COMPUTE"": 1.794871794871795, ""MEMORY"": 1.7448071216617211, ""API_CREDITS"": 1.7572254335260116, ""DATASET"": 1.509433962264151}",4,17,9,0.16233669487656455,0.13546690163435562,0.4806401658613006,0.08458359506020156,44.201964280786974,15.650828032077479,40.251185226031346
delta0.25__high,0.25,high,1.9,1175015440,f002f2a833915ab1,"{""COMPUTE"": 470, ""MEMORY"": 411, ""API_CREDITS"": 206, ""DATASET"": 144}","{""COMPUTE"": 1.748936170212766, ""MEMORY"": 1.683698296836983, ""API_CREDITS"": 1.766990291262136, ""DATASET"": 1.3333333333333333}",4,16,13,0.17320322901695842,0.1405238021238021,0.4619140281026109,0.0863587801087801,57.124844773902716,15.484907269369808,69.2923972160384
delta0.25__high,0.25,high,1.9,1223536910,f07471619182d28f,"{""COMPUTE"": 292, ""MEMORY"": 256, ""API_CREDITS"": 120, ""DATASET"": 89}","{""COMPUTE"": 2.23972602739726, ""MEMORY"": 2.26171875, ""API_CREDITS"": 2.275, ""DATASET"": 2.4269662921348316}",4,11,9,0.16910377183212444,0.08028463289527724,0.4602730357898917,0.05019516065829576,56.06550235215875,14.404226908677018,34.04478073049603
delta0.25__high,0.25,high,1.9,1272846855,27758f5ae3e164c6,"{""COMPUTE"": 445, ""MEMORY"": 379, ""API_CREDITS"": 197, ""DATASET"": 113}","{""COMPUTE"": 2.134831460674157, ""MEMORY"": 2.0923482849604222, ""API_CREDITS"": 2.228426395939086, ""DATASET"": 1.7699115044247788}",4,10,6,0.15809243534879347,0.10065338448144105,0.42376061295009015,0.0623235127103195,59.44851239526989,11.760525448617608,46.919449093971075
delta0.25__high,0.25,high,1.9,1329904169,e8dad0aa2f8ab3bf,"{""COMPUTE"": 358, ""MEMORY"": 294, ""API_CREDITS"": 150, ""DATASET"": 72}","{""COMPUTE"": 1.9273743016759777, ""MEMORY"": 1.9489795918367347, ""API_CREDITS"": 1.78, ""DATASET"": 2.3333333333333335}",4,15,9,0.16116802655947296,0.15922891118543295,0.5178240292604374,0.1101154792705244,39.25676322918233,17.42791540950422,30.834093973002894
delta0.25__high,0.25,high,1.9,1393164231,a4a601257ad579b6,"{""COMPUTE"": 332, ""MEMORY"": 297, ""API_CREDITS"": 139, ""DATASET"": 115}","{""COMPUTE"": 2.3072289156626504, ""MEMORY"": 2.2525252525252526, ""API_CREDITS"": 2.381294964028777, ""DATASET"": 2.017391304347826}",4,15,10,0.20318138867024396,0.1399854129447296,0.5194229813533493,0.09710107603029565,55.985962158985785,9.29625930486105,47.70319953345433
delta0.25__high,0.25,high,1.9,1397601319,a6d03a683759ef94,"{""COMPUTE"": 537, ""MEMORY"": 414, ""API_CREDITS"": 256, ""DATASET"": 39}","{""COMPUTE"": 1.7057728119180633, ""MEMORY"": 1.7826086956521738, ""API_CREDITS"": 1.6171875, ""DATASET"": 3.6923076923076925}",4,15,13,0.19318055386017227,0.07568178616475829,0.5369580244164424,0.047452734505108084,50.80646275150559,12.729423095777323,23.010563442111557
delta0.25__high,0.25,high,1.9,1414408149,7185138ebe5b27fd,"{""COMPUTE"": 313, ""MEMORY"": 280, ""API_CREDITS"": 122, ""DATASET"": 113}","{""COMPUTE"": 2.415335463258786, ""MEMORY"": 2.3892857142857142, ""API_CREDITS"": 2.4836065573770494, ""DATASET"": 2.336283185840708}",4,8,5,0.18666214260871117,0.14892205492854727,0.5310230073045469,0.1038330107255473,65.04435102495374,18.122683937169246,60.22653729186425
delta0.25__high,0.25,high,1.9,1443238425,62f6f1d41cda23af,"{""COMPUTE"": 380, ""MEMORY"": 320, ""API_CREDITS"": 165, ""DATASET"": 90}","{""COMPUTE"": 1.9947368421052631, ""MEMORY"": 1.921875, ""API_CREDITS"": 2.090909090909091, ""DATASET"": 1.3333333333333333}",4,14,7,0.10187274427423798,0.12961887867548247,0.3180506836093074,0.0844452251684956,36.27692037070148,13.122344046739663,43.68155095990605
delta0.25__high,0.25,high,1.9,1446854669,fe5d421a395e7c11,"{""COMPUTE"": 280, ""MEMORY"": 249, ""API_CREDITS"": 107, ""DATASET"": 100}","{""COMPUTE"": 2.2071428571428573, ""MEMORY"": 2.1686746987951806, ""API_CREDITS"": 2.3551401869158877, ""DATASET"": 1.92}",4,14,13,0.21211104129364547,0.10662101999681865,0.5208410473147319,0.07548904421719183,56.45349164932026,20.905637657990773,34.060812654796905
delta0.25__high,0.25,high,1.9,1474233831,fc3661560a42f8c4,"{""COMPUTE"": 382, ""MEMORY"": 327, ""API_CREDITS"": 166, ""DATASET"": 101}","{""COMPUTE"": 2.0523560209424083, ""MEMORY"": 2.076452599388379, ""API_CREDITS"": 2.1265060240963853, ""DATASET"": 2.1386138613861387}",4,12,11,0.2001568604487666,0.08440576968904158,0.5573425599391378,0.05415958726159986,42.20436840629328,27.676391908864584,43.62447726455732
delta0.25__high,0.25,high,1.9,1476169622,77ad72e1a540ca31,"{""COMPUTE"": 253, ""MEMORY"": 217, ""API_CREDITS"": 126, ""DATASET"": 49}","{""COMPUTE"": 2.41897233201581, ""MEMORY"": 2.3087557603686637, ""API_CREDITS"": 2.5, ""DATASET"": 1.469387755102041}",4,12,8,0.13347624339292566,0.06312640817119913,0.40472967125622095,0.03948375394543278,51.997175337017175,8.897935882598729,33.50724216566825
delta0.25__high,0.25,high,1.9,1515534678,96dba982e6587077,"{""COMPUTE"": 435, ""MEMORY"": 359, ""API_CREDITS"": 218, ""DATASET"": 67}","{""COMPUTE"": 2.0735632183908046, ""MEMORY"": 2.0807799442896937, ""API_CREDITS"": 2.0596330275229358, ""DATASET"": 2.2686567164179103}",4,11,8,0.1819778920838889,0.044129937654576144,0.5106897130746255,0.02819106712182086,62.9783806614298,15.067673745963054,57.09856920881233
delta0.25__high,0.25,high,1.9,1538028730,33ed55c1b4c5e6ca,"{""COMPUTE"": 436, ""MEMORY"": 368, ""API_CREDITS"": 211, ""DATASET"": 90}","{""COMPUTE"": 1.889908256880734, ""MEMORY"": 1.8668478260869565, ""API_CREDITS"": 1.900473933649289, ""DATASET"": 1.6888888888888889}",4,6,3,0.1830878288298782,0.04654995361506313,0.526573224245999,0.030235353183983096,44.33829710442211,21.75919390898929,38.0625003282745
delta0.25__high,0.25,high,1.9,1607564961,311371836e7b28bb,"{""COMPUTE"": 390, ""MEMORY"": 339, ""API_CREDITS"": 168, ""DATASET"": 115}","{""COMPUTE"": 2.0, ""MEMORY"": 2.0088495575221237, ""API_CREDITS"": 2.0416666666666665, ""DATASET"": 2.017391304347826}",4,13,7,0.1537399480351698,0.10441826946503381,0.5180356806927439,0.06823572596071231,38.12209029108601,12.590838600821344,33.65081152395633
delta0.25__high,0.25,high,1.9,1647295192,6aded69d7a2910d8,"{""COMPUTE"": 531, ""MEMORY"": 451, ""API_CREDITS"": 231, ""DATASET"": 141}","{""COMPUTE"": 1.7627118644067796, ""MEMORY"": 1.7849223946784922, ""API_CREDITS"": 1.7619047619047619, ""DATASET"": 1.872340425531915}",4,11,10,0.2293017399193569,0.11847660062131773,0.563332833104493,0.0756196268423514,74.93199025310885,23.11842914377246,60.8897909435006
delta0.25__high,0.25,high,1.9,1680529007,ff799f4761ad7e69,"{""COMPUTE"": 427, ""MEMORY"": 340, ""API_CREDITS"": 190, ""DATASET"": 60}","{""COMPUTE"": 1.9063231850117095, ""MEMORY"": 1.9764705882352942, ""API_CREDITS"": 1.9157894736842105, ""DATASET"": 2.6666666666666665}",4,10,8,0.18874259069836397,0.12861610755218064,0.586563454839715,0.08898981662680294,38.71567467027494,21.785470965970827,40.496966888181
delta0.25__high,0.25,high,1.9,1683037842,311996573228b0bf,"{""COMPUTE"": 332, ""MEMORY"": 293, ""API_CREDITS"": 147, ""DATASET"": 101}","{""COMPUTE"": 2.2710843373493974, ""MEMORY"": 2.273037542662116, ""API_CREDITS"": 2.2448979591836733, ""DATASET"": 2.376237623762376}",4,10,9,0.17231197271565687,0.1033695490704205,0.5244705093777573,0.06738965777091321,70.2645585263929,27.560655601721745,58.334174849903214
delta0.25__high,0.25,high,1.9,1684113726,ccacab4c52ab3b27,"{""COMPUTE"": 532, ""MEMORY"": 473, ""API_CREDITS"": 232, ""DATASET"": 182}","{""COMPUTE"": 2.056390977443609, ""MEMORY"": 2.014799154334038, ""API_CREDITS"": 2.1163793103448274, ""DATASET"": 1.8021978021978022}",4,11,3,0.09778200750463922,0.09049702574678957,0.4444205181953121,0.06261359690076623,36.97769018143199,18.478396854610818,52.062027320693
delta0.25__high,0.25,high,1.9,1723470144,b95c6483da3ee64b,"{""COMPUTE"": 543, ""MEMORY"": 475, ""API_CREDITS"": 252, ""DATASET"": 159}","{""COMPUTE"": 1.8232044198895028, ""MEMORY"": 1.808421052631579, ""API_CREDITS"": 1.7976190476190477, ""DATASET"": 1.7610062893081762}",4,16,15,0.21823995439591595,0.04768146019858433,0.542407731648808,0.03138660233910888,77.96469797373184,13.076375632956724,57.51048124769869
delta0.25__high,0.25,high,1.9,1746522117,46550f4328518643,"{""COMPUTE"": 374, ""MEMORY"": 316, ""API_CREDITS"": 172, ""DATASET"": 82}","{""COMPUTE"": 1.9518716577540107, ""MEMORY"": 1.9335443037974684, ""API_CREDITS"": 1.936046511627907, ""DATASET"": 1.853658536585366}",4,8,6,0.17191842465418497,0.1258511490142968,0.5559648881541993,0.07625611943763312,44.650863107342964,18.073789275940268,40.699199801008035
delta0.25__high,0.25,high,1.9,1761268421,b9b7c54bd64ecb96,"{""COMPUTE"": 512, ""MEMORY"": 431, ""API_CREDITS"": 235, ""DATASET"": 116}","{""COMPUTE"": 2.0546875, ""MEMORY"": 2.02784222737819, ""API_CREDITS"": 2.119148936170213, ""DATASET"": 1.793103448275862}",4,13,11,0.18535580145866906,0.07930268203104304,0.5417127133962814,0.04685005057449193,57.87467710569582,15.921729401899208,39.32016602841529
delta0.25__high,0.25,high,1.9,1851037281,2f5396eec0ec76f1,"{""COMPUTE"": 532, ""MEMORY"": 443, ""API_CREDITS"": 247, ""DATASET"": 111}","{""COMPUTE"": 1.9022556390977443, ""MEMORY"": 1.8781038374717833, ""API_CREDITS"": 1.8785425101214575, ""DATASET"": 1.7297297297297298}",4,12,9,0.18943653922004988,0.1343212529400221,0.4789514652783735,0.08734372559373277,60.04692256330278,21.827732410694793,43.70969652611652
delta0.25__high,0.25,high,1.9,1867081647,cd44cf5b92ffee4d,"{""COMPUTE"": 407, ""MEMORY"": 369, ""API_CREDITS"": 169, ""DATASET"": 157}","{""COMPUTE"": 1.9262899262899262, ""MEMORY"": 1.905149051490515, ""API_CREDITS"": 1.970414201183432, ""DATASET"": 1.78343949044586}",4,5,5,0.2043995185032834,0.14997162105218342,0.48109910226205915,0.10133754549560858,96.78683847420666,19.932677958641527,40.80057976125319
delta0.25__high,0.25,high,1.9,1880620535,0881cf0b7dcb373d,"{""COMPUTE"": 488, ""MEMORY"": 411, ""API_CREDITS"": 232, ""DATASET"": 105}","{""COMPUTE"": 1.9795081967213115, ""MEMORY"": 1.9683698296836982, ""API_CREDITS"": 1.978448275862069, ""DATASET"": 1.9047619047619047}",4,15,9,0.14114913555758143,0.07137145559106389,0.4165774657432025,0.0456467479240465,53.62854262957546,19.68817520668968,35.60635212726492
delta0.25__high,0.25,high,1.9,1935876427,7c0591994ccdfa4d,"{""COMPUTE"": 449, ""MEMORY"": 408, ""API_CREDITS"": 183, ""DATASET"": 178}","{""COMPUTE"": 2.138084632516704, ""MEMORY"": 2.049019607843137, ""API_CREDITS"": 2.3169398907103824, ""DATASET"": 1.6179775280898876}",4,7,7,0.23184364240096186,0.08801148975898068,0.6745609181603797,0.058198780467549394,72.58383365075187,11.336173116280813,59.50688102887813
delta0.25__high,0.25,high,1.9,1943200581,f72679a5d38cc845,"{""COMPUTE"": 340, ""MEMORY"": 298, ""API_CREDITS"": 150, ""DATASET"": 99}","{""COMPUTE"": 2.041176470588235, ""MEMORY"": 2.0671140939597317, ""API_CREDITS"": 2.026666666666667, ""DATASET"": 2.2626262626262625}",4,8,6,0.2140211908352377,0.149032425422619,0.5871356631259446,0.09916831391974912,67.74994630774628,18.54162671762308,41.76186610781817
delta0.25__high,0.25,high,1.9,1957258698,b70bf6a214b7e090,"{""COMPUTE"": 361, ""MEMORY"": 317, ""API_CREDITS"": 149, ""DATASET"": 115}","{""COMPUTE"": 1.92797783933518, ""MEMORY"": 1.9526813880126184, ""API_CREDITS"": 1.8590604026845639, ""DATASET"": 2.1565217391304348}",4,14,12,0.22473468999202376,0.11895410670917114,0.5525530673920359,0.07989846730389975,78.01819893957061,21.479512200236716,28.115893556081062
delta0.25__high,0.25,high,1.9,2000676221,acb15663546128a6,"{""COMPUTE"": 606, ""MEMORY"": 500, ""API_CREDITS"": 292, ""DATASET"": 111}","{""COMPUTE"": 1.7590759075907592, ""MEMORY"": 1.782, ""API_CREDITS"": 1.7568493150684932, ""DATASET"": 1.945945945945946}",4,8,5,0.1390089730314673,0.08095555985600113,0.4607656729683296,0.04895438334540683,49.04515383616994,18.717606064490035,46.745098634080364
delta0.25__high,0.25,high,1.9,2071520222,78f2a095144bb455,"{""COMPUTE"": 423, ""MEMORY"": 365, ""API_CREDITS"": 201, ""DATASET"": 107}","{""COMPUTE"": 2.0425531914893615, ""MEMORY"": 2.0082191780821916, ""API_CREDITS"": 2.0049751243781095, ""DATASET"": 1.8691588785046729}",4,10,8,0.2154425297356437,0.09878157934200653,0.5209477375988261,0.06627989964693039,75.52821676723174,22.075560786980446,33.02984491035452
delta0.25__high,0.25,high,1.9,2104789822,6678b2d9a823d899,"{""COMPUTE"": 496, ""MEMORY"": 418, ""API_CREDITS"": 228, ""DATASET"": 113}","{""COMPUTE"": 1.8024193548387097, ""MEMORY"": 1.784688995215311, ""API_CREDITS"": 1.868421052631579, ""DATASET"": 1.5575221238938053}",4,13,10,0.18234921644445387,0.09360682200543952,0.4992480810786697,0.05662366393373178,56.95392477971598,19.654386333777282,39.33880550078088
delta0.25__high,0.25,high,1.9,2175919960,bf18a0a091ece5b9,"{""COMPUTE"": 605, ""MEMORY"": 509, ""API_CREDITS"": 290, ""DATASET"": 131}","{""COMPUTE"": 2.0429752066115703, ""MEMORY"": 2.0373280943025542, ""API_CREDITS"": 2.0517241379310347, ""DATASET"": 2.015267175572519}",4,10,5,0.15373485397469755,0.0697703611542409,0.38947185478756974,0.04513297831405075,55.58573814512073,11.690512432591609,39.04535219739865
delta0.25__high,0.25,high,1.9,2187181276,5fd79afee12ae213,"{""COMPUTE"": 329, ""MEMORY"": 293, ""API_CREDITS"": 144, ""DATASET"": 106}","{""COMPUTE"": 1.8541033434650456, ""MEMORY"": 1.7781569965870307, ""API_CREDITS"": 1.9930555555555556, ""DATASET"": 1.2830188679245282}",4,11,11,0.23555565605188444,0.07852634740826,0.5755952476475586,0.046347165567311666,47.92919346543065,16.477338971204237,44.826781136128595
delta0.25__high,0.25,high,1.9,2201730498,8caceff65797b691,"{""COMPUTE"": 477, ""MEMORY"": 413, ""API_CREDITS"": 229, ""DATASET"": 124}","{""COMPUTE"": 1.949685534591195, ""MEMORY"": 1.9128329297820823, ""API_CREDITS"": 1.965065502183406, ""DATASET"": 1.6774193548387097}",4,8,5,0.16554981831114557,0.0882273465990418,0.4391349863701641,0.053243776425659854,45.733367367223586,12.365716678381773,59.06160912718483
delta0.25__high,0.25,high,1.9,2207070483,ace241d96965a073,"{""COMPUTE"": 482, ""MEMORY"": 393, ""API_CREDITS"": 236, ""DATASET"": 72}","{""COMPUTE"": 2.008298755186722, ""MEMORY"": 1.9821882951653944, ""API_CREDITS"": 2.038135593220339, ""DATASET"": 1.6666666666666667}",4,12,10,0.21039774787815188,0.030306929320968432,0.6050500618199823,0.01953133218038296,61.45901674121606,19.767247676970122,44.24943936115438
delta0.25__high,0.25,high,1.9,2218791610,caa7bbeb204f26b9,"{""COMPUTE"": 545, ""MEMORY"": 421, ""API_CREDITS"": 258, ""DATASET"": 42}","{""COMPUTE"": 1.8091743119266055, ""MEMORY"": 1.8836104513064134, ""API_CREDITS"": 1.8255813953488371, ""DATASET"": 3.238095238095238}",4,14,12,0.17570048416838288,0.05450190182836048,0.5036617690185475,0.03422633578121855,44.988942601213495,9.345376702855486,58.256705206587846
delta0.25__high,0.25,high,1.9,2245371449,370f7fc756a5290d,"{""COMPUTE"": 452, ""MEMORY"": 388, ""API_CREDITS"": 196, ""DATASET"": 124}","{""COMPUTE"": 2.0575221238938055, ""MEMORY"": 2.033505154639175, ""API_CREDITS"": 2.11734693877551, ""DATASET"": 1.8709677419354838}",4,8,7,0.18764423879900297,0.09346634698699718,0.5520546382577262,0.06009816270279236,65.3111076689432,9.779036471955303,43.43020807631825
delta0.25__high,0.25,high,1.9,2264376108,4f118fb7a49ef984,"{""COMPUTE"": 545, ""MEMORY"": 437, ""API_CREDITS"": 250, ""DATASET"": 81}","{""COMPUTE"": 1.838532110091743, ""MEMORY"": 1.860411899313501, ""API_CREDITS"": 1.836, ""DATASET"": 2.074074074074074}",4,13,9,0.17414180047725938,0.10155884915873442,0.4267561676845582,0.06380249831150647,56.50606497062639,19.347001276710852,36.59853023706055
delta0.25__high,0.25,high,1.9,2278610062,d48f6c69ec95cafc,"{""COMPUTE"": 597, ""MEMORY"": 510, ""API_CREDITS"": 291, ""DATASET"": 141}","{""COMPUTE"": 1.9195979899497488, ""MEMORY"": 1.9098039215686275, ""API_CREDITS"": 1.8762886597938144, ""DATASET"": 1.929078014184397}",4,11,8,0.18529789966237153,0.08186775235962122,0.5617550550051372,0.04995078310105785,57.43969520513871,23.0927138288845,75.21098680690953
delta0.25__high,0.25,high,1.9,2305903047,8e294a2c150530e3,"{""COMPUTE"": 445, ""MEMORY"": 371, ""API_CREDITS"": 192, ""DATASET"": 101}","{""COMPUTE"": 1.7662921348314606, ""MEMORY"": 1.7601078167115902, ""API_CREDITS"": 1.7864583333333333, ""DATASET"": 1.6633663366336633}",4,11,10,0.19137018911963108,0.11096369899134967,0.4979824169642045,0.06843561222645039,63.31395400984167,15.370239998181482,42.44888421238232
delta0.25__high,0.25,high,1.9,2313044508,3bb76acb8d30d0f5,"{""COMPUTE"": 420, ""MEMORY"": 348, ""API_CREDITS"": 178, ""DATASET"": 92}","{""COMPUTE"": 2.157142857142857, ""MEMORY"": 2.221264367816092, ""API_CREDITS"": 2.2865168539325844, ""DATASET"": 2.5217391304347827}",4,16,14,0.18496571662622444,0.13974489119837957,0.4873143428618863,0.09261211441444,43.585791347545744,12.563038467396458,50.01564102788448
delta0.25__high,0.25,high,1.9,2313893183,792fa9f3ab9c9eb4,"{""COMPUTE"": 570, ""MEMORY"": 455, ""API_CREDITS"": 274, ""DATASET"": 73}","{""COMPUTE"": 1.7052631578947368, ""MEMORY"": 1.7054945054945054, ""API_CREDITS"": 1.6642335766423357, ""DATASET"": 1.7534246575342465}",4,8,8,0.2061348916897335,0.05530301686059133,0.6004059266164533,0.036330965157381455,75.3341120750339,20.407299150827942,47.485192032995464
delta0.25__high,0.25,high,1.9,2323336231,1e564427a8ccb007,"{""COMPUTE"": 460, ""MEMORY"": 381, ""API_CREDITS"": 192, ""DATASET"": 104}","{""COMPUTE"": 1.9521739130434783, ""MEMORY"": 2.0131233595800526, ""API_CREDITS"": 1.984375, ""DATASET"": 2.3846153846153846}",4,7,7,0.19603115442064975,0.13698604733631786,0.5184432727638361,0.09453370306139781,60.35351636510353,15.624624153518633,65.17167975301952
delta0.25__high,0.25,high,1.9,2340911682,fb7c63c1e4b68dfd,"{""COMPUTE"": 379, ""MEMORY"": 308, ""API_CREDITS"": 158, ""DATASET"": 72}","{""COMPUTE"": 1.95778364116095, ""MEMORY"": 1.9448051948051948, ""API_CREDITS"": 2.0569620253164556, ""DATASET"": 1.6666666666666667}",4,9,6,0.16999336882815788,0.14258843355044926,0.4181894531096137,0.10480427222385331,38.39484499211852,14.933636310884431,15.229130862613127
delta0.25__high,0.25,high,1.9,2341361004,3475826eb57849ad,"{""COMPUTE"": 558, ""MEMORY"": 453, ""API_CREDITS"": 267, ""DATASET"": 87}","{""COMPUTE"": 1.89247311827957, ""MEMORY"": 1.913907284768212, ""API_CREDITS"": 1.8913857677902621, ""DATASET"": 2.1149425287356323}",4,7,7,0.2271476609800783,0.03066206152293572,0.5921501083320071,0.022422591148437355,66.11021916147119,23.459155667681614,54.11946153029499
delta0.25__high,0.25,high,1.9,2359336968,f714a9ae70a233b9,"{""COMPUTE"": 482, ""MEMORY"": 399, ""API_CREDITS"": 241, ""DATASET"": 80}","{""COMPUTE"": 1.6182572614107884, ""MEMORY"": 1.5989974937343359, ""API_CREDITS"": 1.6016597510373445, ""DATASET"": 1.4}",4,8,8,0.1824551141804779,0.06437464098615145,0.49685384193149806,0.038466509841354156,61.496185460704986,14.554251924145797,75.29501117729414
delta0.25__high,0.25,high,1.9,2364012430,1ab3ae05132d09e2,"{""COMPUTE"": 546, ""MEMORY"": 441, ""API_CREDITS"": 250, ""DATASET"": 87}","{""COMPUTE"": 1.7326007326007327, ""MEMORY"": 1.7142857142857142, ""API_CREDITS"": 1.76, ""DATASET"": 1.471264367816092}",4,14,11,0.20983639885727742,0.045907688520373635,0.6177074114884465,0.029549202411496667,60.47943831477834,22.800149074556966,50.43727110642599
delta0.25__high,0.25,high,1.9,2387674784,69807e0db42541be,"{""COMPUTE"": 443, ""MEMORY"": 367, ""API_CREDITS"": 202, ""DATASET"": 87}","{""COMPUTE"": 2.0677200902934536, ""MEMORY"": 2.0381471389645776, ""API_CREDITS"": 2.0792079207920793, ""DATASET"": 1.839080459770115}",4,13,13,0.2031390182788477,0.048221205998957205,0.5847602207014281,0.031646806617299864,62.28772737208427,21.6643114685085,48.48755233757894
delta0.25__high,0.25,high,1.9,2460794327,eff5233213359987,"{""COMPUTE"": 527, ""MEMORY"": 414, ""API_CREDITS"": 240, ""DATASET"": 62}","{""COMPUTE"": 1.810246679316888, ""MEMORY"": 1.8623188405797102, ""API_CREDITS"": 1.8208333333333333, ""DATASET"": 2.4516129032258065}",4,16,11,0.10678213429623463,0.07387740390365057,0.44703641106390773,0.04623856922225433,36.0878278332137,7.5155722283835615,33.78223959354176
delta0.25__high,0.25,high,1.9,2465060907,266aa36a90e7be86,"{""COMPUTE"": 288, ""MEMORY"": 259, ""API_CREDITS"": 108, ""DATASET"": 108}","{""COMPUTE"": 2.5277777777777777, ""MEMORY"": 2.362934362934363, ""API_CREDITS"": 3.037037037037037, ""DATASET"": 1.4814814814814814}",4,15,15,0.22758787590838592,0.08609938894904584,0.48768143890495175,0.05629015236132328,73.01177613673116,18.37580131257318,63.63752872536973
delta0.25__high,0.25,high,1.9,2479492459,1d9e1612e14c8cf0,"{""COMPUTE"": 512, ""MEMORY"": 415, ""API_CREDITS"": 235, ""DATASET"": 82}","{""COMPUTE"": 1.921875, ""MEMORY"": 1.9132530120481928, ""API_CREDITS"": 1.9829787234042553, ""DATASET"": 1.7560975609756098}",4,10,8,0.12323518066753462,0.07476495570058614,0.5081748651923943,0.05169102641284626,32.44339295731142,14.596529781114574,53.945048913400406
delta0.25__high,0.25,high,1.9,2555635641,a04f1d1d181064df,"{""COMPUTE"": 411, ""MEMORY"": 359, ""API_CREDITS"": 185, ""DATASET"": 120}","{""COMPUTE"": 1.8929440389294403, ""MEMORY"": 1.871866295264624, ""API_CREDITS"": 1.7945945945945947, ""DATASET"": 1.8666666666666667}",4,17,13,0.12745598237921718,0.12327984215882024,0.4799725705998958,0.07705883078393266,29.796031696704357,13.163664271890715,52.527927409076234
delta0.25__high,0.25,high,1.9,2557315479,7a2fcef9f26b0bd4,"{""COMPUTE"": 478, ""MEMORY"": 389, ""API_CREDITS"": 215, ""DATASET"": 84}","{""COMPUTE"": 1.887029288702929, ""MEMORY"": 1.8534704370179949, ""API_CREDITS"": 1.8558139534883722, ""DATASET"": 1.619047619047619}",4,11,8,0.17838433588438898,0.10056844368553747,0.509641335228087,0.06643386047921672,52.30575241455935,13.336051325200204,47.6788033862592
delta0.25__high,0.25,high,1.9,2582895085,216aa0802f754469,"{""COMPUTE"": 299, ""MEMORY"": 263, ""API_CREDITS"": 117, ""DATASET"": 99}","{""COMPUTE"": 2.5551839464882944, ""MEMORY"": 2.3992395437262357, ""API_CREDITS"": 2.8803418803418803, ""DATASET"": 1.5353535353535352}",4,16,14,0.19458298763786278,0.08413137953797685,0.44884374837352475,0.05580133989556241,75.75895489804611,11.026212216185499,49.649098565354
delta0.25__high,0.25,high,1.9,2615816904,8a3b77fbcb245109,"{""COMPUTE"": 402, ""MEMORY"": 336, ""API_CREDITS"": 201, ""DATASET"": 71}","{""COMPUTE"": 1.845771144278607, ""MEMORY"": 1.8601190476190477, ""API_CREDITS"": 1.8656716417910448, ""DATASET"": 1.9154929577464788}",4,9,9,0.24868403865682046,0.07216058919223323,0.6227018750960113,0.047599344397273764,76.64709966742232,14.808127878584793,57.55118635033468
delta0.25__high,0.25,high,1.9,2641268422,409bae586a573466,"{""COMPUTE"": 401, ""MEMORY"": 350, ""API_CREDITS"": 179, ""DATASET"": 116}","{""COMPUTE"": 1.740648379052369, ""MEMORY"": 1.7657142857142858, ""API_CREDITS"": 1.5754189944134078, ""DATASET"": 2.0689655172413794}",4,15,12,0.18074491169209586,0.0822699370013948,0.5071042667018755,0.05334598339713428,48.43861013362653,14.353470474969926,50.23528690082097
delta0.25__high,0.25,high,1.9,2650780455,82a89d4785943f8f,"{""COMPUTE"": 341, ""MEMORY"": 289, ""API_CREDITS"": 157, ""DATASET"": 74}","{""COMPUTE"": 2.222873900293255, ""MEMORY"": 2.2318339100346023, ""API_CREDITS"": 2.3121019108280256, ""DATASET"": 2.27027027027027}",4,13,9,0.19946004841401263,0.05296160582896445,0.6161044274784038,0.03283215872144035,75.01822358331368,37.30062650860949,38.09636739098973
delta0.25__high,0.25,high,1.9,2659608022,2095758f88be4768,"{""COMPUTE"": 461, ""MEMORY"": 394, ""API_CREDITS"": 211, ""DATASET"": 116}","{""COMPUTE"": 1.947939262472885, ""MEMORY"": 1.9365482233502538, ""API_CREDITS"": 1.957345971563981, ""DATASET"": 1.8620689655172413}",4,8,3,0.1670664936908037,0.14007549872821098,0.42946076922542514,0.08832519047819758,64.64883088189508,21.41090727492902,47.81549754856173
delta0.25__high,0.25,high,1.9,2662675958,c341d4dfafd78c23,"{""COMPUTE"": 474, ""MEMORY"": 393, ""API_CREDITS"": 245, ""DATASET"": 74}","{""COMPUTE"": 1.7257383966244726, ""MEMORY"": 1.7328244274809161, ""API_CREDITS"": 1.6938775510204083, ""DATASET"": 1.837837837837838}",4,10,6,0.1966239010061747,0.06419464794057447,0.4966376997453162,0.042726545101964795,80.80088889859938,30.992634951677626,46.311925629751904
delta0.25__high,0.25,high,1.9,2673731007,bc032f76cf89ccc5,"{""COMPUTE"": 462, ""MEMORY"": 373, ""API_CREDITS"": 240, ""DATASET"": 50}","{""COMPUTE"": 2.038961038961039, ""MEMORY"": 2.0750670241286864, ""API_CREDITS"": 1.975, ""DATASET"": 2.88}",4,14,10,0.138918858874541,0.06952189850042272,0.3785868147648584,0.046835015032442216,50.508114525284704,13.9807089173083,38.76359238026433
delta0.25__high,0.25,high,1.9,2689934569,3aee5a40908fb0a0,"{""COMPUTE"": 437, ""MEMORY"": 357, ""API_CREDITS"": 201, ""DATASET"": 74}","{""COMPUTE"": 1.7803203661327232, ""MEMORY"": 1.7871148459383754, ""API_CREDITS"": 1.7213930348258706, ""DATASET"": 1.945945945945946}",4,17,7,0.1443922151878291,0.11939192703190214,0.4324217060212962,0.08179233842652939,38.12509406535154,17.647135984940324,35.179926379293526
delta0.25__high,0.25,high,1.9,2709531232,78880a02e1b86e65,"{""COMPUTE"": 503, ""MEMORY"": 427, ""API_CREDITS"": 228, ""DATASET"": 123}","{""COMPUTE"": 1.7892644135188867, ""MEMORY"": 1.82903981264637, ""API_CREDITS"": 1.7324561403508771, ""DATASET"": 2.1463414634146343}",4,15,11,0.17328120517107282,0.11684260487604384,0.4404521370114369,0.07709336094961639,71.63070459306319,15.415186312481751,57.13993433684013
delta0.25__high,0.25,high,1.9,2732825905,032cd34866c234ee,"{""COMPUTE"": 489, ""MEMORY"": 408, ""API_CREDITS"": 230, ""DATASET"": 98}","{""COMPUTE"": 1.7341513292433537, ""MEMORY"": 1.7107843137254901, ""API_CREDITS"": 1.7652173913043478, ""DATASET"": 1.469387755102041}",4,13,12,0.20079398043383193,0.09982583631743297,0.6385606455081368,0.061718831050938894,49.80555836244293,13.196527027983386,27.307472597169664
delta0.25__high,0.25,high,1.9,2788397956,a8878a958bb467ec,"{""COMPUTE"": 422, ""MEMORY"": 339, ""API_CREDITS"": 222, ""DATASET"": 39}","{""COMPUTE"": 2.0331753554502368, ""MEMORY"": 2.0442477876106193, ""API_CREDITS"": 1.9414414414414414, ""DATASET"": 2.6666666666666665}",4,17,15,0.21661528156147672,0.05948525601957227,0.4877803014803877,0.038735695128553356,63.88697208536354,23.10167459179178,38.502429071587294
delta0.25__high,0.25,high,1.9,2790330942,ba37458e75f543ba,"{""COMPUTE"": 474, ""MEMORY"": 391, ""API_CREDITS"": 211, ""DATASET"": 95}","{""COMPUTE"": 1.7426160337552743, ""MEMORY"": 1.751918158567775, ""API_CREDITS"": 1.7582938388625593, ""DATASET"": 1.768421052631579}",4,9,7,0.14026364010128514,0.10826602058747792,0.58288279295567,0.06704173266584416,32.77747043999246,22.40431564965188,46.705629086248244
delta0.25__high,0.25,high,1.9,2803227013,7dcf6cd5ab424efc,"{""COMPUTE"": 467, ""MEMORY"": 363, ""API_CREDITS"": 219, ""DATASET"": 39}","{""COMPUTE"": 1.6702355460385439, ""MEMORY"": 1.6887052341597797, ""API_CREDITS"": 1.6940639269406392, ""DATASET"": 1.8461538461538463}",4,11,11,0.22445848387123188,0.059615671911910535,0.6545175058408111,0.036837816947914014,63.30068640103507,11.575004248803202,36.66900408600151
delta0.25__high,0.25,high,1.9,2834917450,61162427d1079c6f,"{""COMPUTE"": 447, ""MEMORY"": 371, ""API_CREDITS"": 194, ""DATASET"": 96}","{""COMPUTE"": 1.8568232662192394, ""MEMORY"": 1.8005390835579516, ""API_CREDITS"": 1.9175257731958764, ""DATASET"": 1.3333333333333333}",4,14,6,0.15091644337908608,0.11235338885198841,0.4294337590647708,0.07605487266854905,49.35986859269125,17.832150203905556,39.20999629542781
delta0.25__high,0.25,high,1.9,2884304410,dc7a666d00e91c80,"{""COMPUTE"": 642, ""MEMORY"": 547, ""API_CREDITS"": 314, ""DATASET"": 151}","{""COMPUTE"": 1.8878504672897196, ""MEMORY"": 1.8848263254113347, ""API_CREDITS"": 1.8885350318471337, ""DATASET"": 1.8543046357615893}",4,13,7,0.19120140435191088,0.06153963082974664,0.4943269444954233,0.03631403249138526,75.79917663745842,17.583935839049463,63.46818147600947
delta0.25__high,0.25,high,1.9,2899573342,f80c5506aaa2c7de,"{""COMPUTE"": 409, ""MEMORY"": 360, ""API_CREDITS"": 164, ""DATASET"": 140}","{""COMPUTE"": 1.8190709046454767, ""MEMORY"": 1.7944444444444445, ""API_CREDITS"": 1.7682926829268293, ""DATASET"": 1.7142857142857142}",4,12,10,0.17141102961760676,0.11103480819284478,0.6139601429189038,0.07377940006449347,38.332788536087016,17.961161501405844,41.52556976743689
delta0.25__high,0.25,high,1.9,2933419437,fb6015bd4cf87974,"{""COMPUTE"": 434, ""MEMORY"": 362, ""API_CREDITS"": 209, ""DATASET"": 81}","{""COMPUTE"": 2.032258064516129, ""MEMORY"": 2.052486187845304, ""API_CREDITS"": 2.0334928229665072, ""DATASET"": 2.271604938271605}",4,11,6,0.13683468118624245,0.07384451739231739,0.43421125918976894,0.04307063990452339,39.253213919841755,24.37509716634848,35.79896566707664
delta0.25__high,0.25,high,1.9,2952553515,b06fd2f6eaa1c8c0,"{""COMPUTE"": 496, ""MEMORY"": 396, ""API_CREDITS"": 213, ""DATASET"": 79}","{""COMPUTE"": 1.8064516129032258, ""MEMORY"": 1.8156565656565657, ""API_CREDITS"": 1.7887323943661972, ""DATASET"": 1.9240506329113924}",4,9,4,0.18495837776824867,0.11494755365048251,0.47216278936705275,0.07934682706881685,62.02511181248412,14.727619060837304,35.32991238295333
delta0.25__high,0.25,high,1.9,2955940172,84c6edb357505524,"{""COMPUTE"": 477, ""MEMORY"": 403, ""API_CREDITS"": 215, ""DATASET"": 114}","{""COMPUTE"": 1.6603773584905661, ""MEMORY"": 1.6972704714640199, ""API_CREDITS"": 1.6, ""DATASET"": 1.9649122807017543}",4,13,8,0.19654125644652662,0.15019759561426227,0.535856532040064,0.09768437580937582,60.00715792321807,12.915192878397164,55.21414080074262
delta0.25__high,0.25,high,1.9,2981583208,aa19045e6f90f813,"{""COMPUTE"": 592, ""MEMORY"": 491, ""API_CREDITS"": 300, ""DATASET"": 101}","{""COMPUTE"": 1.7668918918918919, ""MEMORY"": 1.7780040733197555, ""API_CREDITS"": 1.7166666666666666, ""DATASET"": 1.9801980198019802}",4,11,6,0.14936184298407193,0.05406526316096855,0.40023337170735057,0.036512049634098494,37.84977761312029,15.372409184640789,37.20042294048512
delta0.25__high,0.25,high,1.9,2985129291,3f182d23865e1e42,"{""COMPUTE"": 423, ""MEMORY"": 343, ""API_CREDITS"": 186, ""DATASET"": 72}","{""COMPUTE"": 2.193853427895981, ""MEMORY"": 2.204081632653061, ""API_CREDITS"": 2.2795698924731185, ""DATASET"": 2.2222222222222223}",4,12,10,0.221489068522853,0.0830306005124233,0.6871531837614508,0.04915321082669966,58.7875156963934,23.2996179309677,64.1324463943863
delta0.25__high,0.25,high,1.9,2999756299,aa5314e8aad80faf,"{""COMPUTE"": 457, ""MEMORY"": 366, ""API_CREDITS"": 219, ""DATASET"": 57}","{""COMPUTE"": 1.6673960612691465, ""MEMORY"": 1.7540983606557377, ""API_CREDITS"": 1.54337899543379, ""DATASET"": 3.087719298245614}",4,12,11,0.21688306940233834,0.09061263931402402,0.557097400704949,0.05664992335377952,50.76161513889932,21.698223762998207,54.071603958891615
delta0.25__high,0.25,high,1.9,3033509426,303e93b3c1e09172,"{""COMPUTE"": 446, ""MEMORY"": 357, ""API_CREDITS"": 227, ""DATASET"": 46}","{""COMPUTE"": 2.094170403587444, ""MEMORY"": 2.0840336134453783, ""API_CREDITS"": 2.0616740088105727, ""DATASET"": 2.0869565217391304}",4,15,4,0.08951797959984222,0.04564494304893991,0.4485361257618142,0.029005480792682,17.460522773262323,14.40694680192401,40.02069761768447
delta0.25__high,0.25,high,1.9,3038190311,20fea3adb7dee00a,"{""COMPUTE"": 538, ""MEMORY"": 477, ""API_CREDITS"": 243, ""DATASET"": 176}","{""COMPUTE"": 1.903345724907063, ""MEMORY"": 1.8427672955974843, ""API_CREDITS"": 1.8806584362139918, ""DATASET"": 1.5909090909090908}",4,15,12,0.1592811998965962,0.10882588382726589,0.42830654645635485,0.07013880663117598,50.825274068209886,13.877837841805112,34.82515835252061
delta0.25__high,0.25,high,1.9,3054276103,1e849ab21ee13df3,"{""COMPUTE"": 557, ""MEMORY"": 480, ""API_CREDITS"": 252, ""DATASET"": 154}","{""COMPUTE"": 1.85278276481149, ""MEMORY"": 1.8020833333333333, ""API_CREDITS"": 1.869047619047619, ""DATASET"": 1.5064935064935066}",4,11,11,0.2386247493097605,0.0932606384921427,0.5863821776283581,0.05653070421396989,92.35222042327662,19.84329495813468,40.36718130137229
delta0.25__high,0.25,high,1.9,3070189897,1bec8175666fd3e9,"{""COMPUTE"": 488, ""MEMORY"": 400, ""API_CREDITS"": 234, ""DATASET"": 81}","{""COMPUTE"": 1.848360655737705, ""MEMORY"": 1.8525, ""API_CREDITS"": 1.7564102564102564, ""DATASET"": 2.074074074074074}",4,14,14,0.23056303660126765,0.07476994680479047,0.6200005806440805,0.04730938454599107,75.21362632524743,18.74953133617567,24.97382789815452
delta0.25__high,0.25,high,1.9,3099722351,1f9b49b2e36864f7,"{""COMPUTE"": 513, ""MEMORY"": 455, ""API_CREDITS"": 233, ""DATASET"": 167}","{""COMPUTE"": 1.875243664717349, ""MEMORY"": 1.8571428571428572, ""API_CREDITS"": 1.8669527896995708, ""DATASET"": 1.7724550898203593}",4,9,6,0.20913905451868742,0.10995606812379342,0.5480802422020813,0.07622347193306939,63.36585008499673,25.197610630494555,46.4615554251585
delta0.25__high,0.25,high,1.9,3116983969,7d74592b798f3666,"{""COMPUTE"": 481, ""MEMORY"": 379, ""API_CREDITS"": 242, ""DATASET"": 40}","{""COMPUTE"": 1.8253638253638254, ""MEMORY"": 1.8232189973614776, ""API_CREDITS"": 1.7231404958677685, ""DATASET"": 2.2}",4,15,13,0.16107872236589385,0.053319618340255136,0.4012442925311554,0.03689664270758441,44.676179366126156,7.048047447280328,41.280086461191075
delta0.25__high,0.25,high,1.9,3153527322,24cc9b5457fc00d8,"{""COMPUTE"": 676, ""MEMORY"": 554, ""API_CREDITS"": 324, ""DATASET"": 120}","{""COMPUTE"": 1.6893491124260356, ""MEMORY"": 1.6913357400722022, ""API_CREDITS"": 1.6882716049382716, ""DATASET"": 1.6666666666666667}",4,17,11,0.1862207991537166,0.04816247715696349,0.5747727811602511,0.030389819543931735,70.27121852924033,18.427373826249347,48.76191167493283
delta0.25__high,0.25,high,1.9,3164050495,97ff147d2e26ad7e,"{""COMPUTE"": 542, ""MEMORY"": 454, ""API_CREDITS"": 255, ""DATASET"": 117}","{""COMPUTE"": 1.845018450184502, ""MEMORY"": 1.8480176211453745, ""API_CREDITS"": 1.8392156862745097, ""DATASET"": 1.8461538461538463}",4,9,7,0.1857078832055111,0.08912317362452032,0.5612589318796144,0.056214242333015474,43.95847743898913,22.239385927457665,25.042809350925875
delta0.25__high,0.25,high,1.9,3166920227,786727fd8acd33d7,"{""COMPUTE"": 519, ""MEMORY"": 444, ""API_CREDITS"": 224, ""DATASET"": 145}","{""COMPUTE"": 1.9190751445086704, ""MEMORY"": 1.8603603603603605, ""API_CREDITS"": 2.0089285714285716, ""DATASET"": 1.4344827586206896}",4,16,7,0.1503968623603721,0.09801354221613827,0.4071703806647122,0.06011814740383326,33.913656298576335,10.1547331303393,30.4242708405167
delta0.25__high,0.25,high,1.9,3175937812,c29d095dd419a6a8,"{""COMPUTE"": 533, ""MEMORY"": 450, ""API_CREDITS"": 255, ""DATASET"": 118}","{""COMPUTE"": 1.8611632270168856, ""MEMORY"": 1.8422222222222222, ""API_CREDITS"": 1.8627450980392157, ""DATASET"": 1.694915254237288}",4,10,10,0.23965588607814914,0.04845608488117721,0.6178554466770356,0.030573765372544925,94.75145258712037,53.20880650847792,51.79925441335404
delta0.25__high,0.25,high,1.9,3192653688,8ef779e3a61f593d,"{""COMPUTE"": 661, ""MEMORY"": 547, ""API_CREDITS"": 320, ""DATASET"": 124}","{""COMPUTE"": 1.7912254160363086, ""MEMORY"": 1.7605118829981719, ""API_CREDITS"": 1.803125, ""DATASET"": 1.4838709677419355}",4,11,9,0.1881553380544367,0.03089782087993563,0.571809046826263,0.019721601320810796,71.73773803863283,27.721255683234716,50.810050382539494
delta0.25__high,0.25,high,1.9,3200726976,6e2856251ed309f8,"{""COMPUTE"": 451, ""MEMORY"": 356, ""API_CREDITS"": 207, ""DATASET"": 53}","{""COMPUTE"": 1.8403547671840355, ""MEMORY"": 1.904494382022472, ""API_CREDITS"": 1.826086956521739, ""DATASET"": 2.7169811320754715}",4,14,14,0.22551089641423142,0.051981478493213426,0.6428000217055503,0.03140078694563661,39.59014350983619,7.835952529696116,33.421333893061714
delta0.25__high,0.25,high,1.9,3225980398,c360d045ab055b98,"{""COMPUTE"": 528, ""MEMORY"": 432, ""API_CREDITS"": 245, ""DATASET"": 94}","{""COMPUTE"": 1.8522727272727273, ""MEMORY"": 1.8680555555555556, ""API_CREDITS"": 1.8653061224489795, ""DATASET"": 1.9574468085106382}",4,12,7,0.13418326819359963,0.12486661598832685,0.3470737668992397,0.07914871095095329,51.019599749506824,12.388009889074665,21.721902651317638
delta0.25__high,0.25,high,1.9,3247708285,8b6d43510b17c599,"{""COMPUTE"": 458, ""MEMORY"": 384, ""API_CREDITS"": 190, ""DATASET"": 114}","{""COMPUTE"": 1.9956331877729259, ""MEMORY"": 1.9739583333333333, ""API_CREDITS"": 2.031578947368421, ""DATASET"": 1.8245614035087718}",4,17,10,0.15015243173493617,0.10389766378269402,0.415406419407974,0.06858814874644947,59.54252285639467,19.83527495515673,24.555092857990555
delta0.25__high,0.25,high,1.9,3275511066,9c8c5a17c14ec2a9,"{""COMPUTE"": 478, ""MEMORY"": 391, ""API_CREDITS"": 236, ""DATASET"": 73}","{""COMPUTE"": 1.9581589958158996, ""MEMORY"": 1.948849104859335, ""API_CREDITS"": 1.9067796610169492, ""DATASET"": 1.9726027397260273}",4,15,15,0.22346350553257358,0.04976208967588277,0.5421986936274318,0.029151098994532044,72.35872671675271,28.183881633469543,48.989824549456436
delta0.25__high,0.25,high,1.9,3282615687,83f079c26dc08c33,"{""COMPUTE"": 666, ""MEMORY"": 562, ""API_CREDITS"": 316, ""DATASET"": 153}","{""COMPUTE"": 1.6036036036036037, ""MEMORY"": 1.6174377224199288, ""API_CREDITS"": 1.5664556962025316, ""DATASET"": 1.7254901960784315}",4,13,11,0.2032826809839983,0.09320531717839733,0.46214399064607625,0.05968581151156688,84.32623120262174,16.824354644894818,69.86724098756106
delta0.25__high,0.25,high,1.9,3309075039,123126712f89baa5,"{""COMPUTE"": 429, ""MEMORY"": 337, ""API_CREDITS"": 196, ""DATASET"": 46}","{""COMPUTE"": 2.2004662004662006, ""MEMORY"": 2.2611275964391693, ""API_CREDITS"": 2.2346938775510203, ""DATASET"": 3.130434782608696}",4,12,10,0.2299375712354943,0.08729904953572463,0.47025930590648785,0.0639250872779849,59.28583234355946,12.984177691800491,60.1414475922727
delta0.25__high,0.25,high,1.9,3334186716,e8bd1b2372221f8e,"{""COMPUTE"": 425, ""MEMORY"": 358, ""API_CREDITS"": 201, ""DATASET"": 89}","{""COMPUTE"": 1.9341176470588235, ""MEMORY"": 1.9078212290502794, ""API_CREDITS"": 1.955223880597015, ""DATASET"": 1.7078651685393258}",4,8,7,0.14917030028964584,0.07691332023765576,0.48975522324113235,0.04642386791602946,42.80129924785944,14.663042008741334,31.96154672231845
delta0.25__high,0.25,high,1.9,3439138492,f6cb382b3ecf319a,"{""COMPUTE"": 514, ""MEMORY"": 428, ""API_CREDITS"": 248, ""DATASET"": 98}","{""COMPUTE"": 1.953307392996109, ""MEMORY"": 1.955607476635514, ""API_CREDITS"": 1.9314516129032258, ""DATASET"": 2.0408163265306123}",4,12,10,0.1878005924419275,0.04193650488307665,0.5903342750829865,0.027219873670226002,58.15735276483101,14.275206174918338,49.45842794591462
delta0.25__high,0.25,high,1.9,3447205743,849b233fee90e517,"{""COMPUTE"": 561, ""MEMORY"": 472, ""API_CREDITS"": 250, ""DATASET"": 134}","{""COMPUTE"": 1.8253119429590017, ""MEMORY"": 1.8516949152542372, ""API_CREDITS"": 1.816, ""DATASET"": 2.029850746268657}",4,14,8,0.1564039151080249,0.09655923409039406,0.4011107515998322,0.0651588646999635,55.57395096580865,21.095019582546563,33.35631271390715
delta0.25__high,0.25,high,1.9,3460158696,2e5d96a268e9d774,"{""COMPUTE"": 596, ""MEMORY"": 485, ""API_CREDITS"": 297, ""DATASET"": 87}","{""COMPUTE"": 1.7483221476510067, ""MEMORY"": 1.8041237113402062, ""API_CREDITS"": 1.7003367003367003, ""DATASET"": 2.4827586206896552}",4,12,11,0.15326571908499761,0.05426340076574816,0.5114836762655297,0.03452569612679634,49.28193009751278,11.502387914843396,20.598688688925893
delta0.25__high,0.25,high,1.9,3460268087,f842c6c242824087,"{""COMPUTE"": 417, ""MEMORY"": 342, ""API_CREDITS"": 197, ""DATASET"": 68}","{""COMPUTE"": 2.3597122302158273, ""MEMORY"": 2.3362573099415203, ""API_CREDITS"": 2.3807106598984773, ""DATASET"": 2.235294117647059}",4,12,12,0.21266356040034504,0.08681102462352462,0.5521993139707638,0.05333051400759734,51.67412669218635,19.81767024103876,53.00713943303939
delta0.25__high,0.25,high,1.9,3463781334,816403285dc2e507,"{""COMPUTE"": 421, ""MEMORY"": 364, ""API_CREDITS"": 166, ""DATASET"": 133}","{""COMPUTE"": 1.995249406175772, ""MEMORY"": 1.9532967032967032, ""API_CREDITS"": 2.1506024096385543, ""DATASET"": 1.6240601503759398}",4,15,14,0.2230153510571523,0.12675855996637703,0.5759846150906941,0.08201839893382303,68.29513329311088,18.556964487699293,61.194219613006396
delta0.25__high,0.25,high,1.9,3467569127,348e4e119eda7184,"{""COMPUTE"": 527, ""MEMORY"": 426, ""API_CREDITS"": 251, ""DATASET"": 77}","{""COMPUTE"": 1.776091081593928, ""MEMORY"": 1.7887323943661972, ""API_CREDITS"": 1.792828685258964, ""DATASET"": 1.87012987012987}",4,13,10,0.17848729907443336,0.06932075327821326,0.5869306166194402,0.04635770869368363,65.25441017902935,19.43975184318287,39.21393125984287
delta0.25__high,0.25,high,1.9,3518403916,ad60b7f324a0f13c,"{""COMPUTE"": 555, ""MEMORY"": 483, ""API_CREDITS"": 257, ""DATASET"": 159}","{""COMPUTE"": 1.6684684684684685, ""MEMORY"": 1.6687370600414078, ""API_CREDITS"": 1.6108949416342413, ""DATASET"": 1.7106918238993711}",4,17,11,0.11814626976990601,0.11414625452533068,0.49750335744661006,0.06719212959626285,57.00836735822108,20.010708530172842,62.8138399215154
delta0.25__high,0.25,high,1.9,3547154528,7b98e70216e4e381,"{""COMPUTE"": 534, ""MEMORY"": 459, ""API_CREDITS"": 247, ""DATASET"": 140}","{""COMPUTE"": 1.6891385767790261, ""MEMORY"": 1.6993464052287581, ""API_CREDITS"": 1.6194331983805668, ""DATASET"": 1.8285714285714285}",4,14,11,0.18805026861119165,0.09887619210341679,0.5677314252957196,0.05857691667418554,73.17174751811122,11.092764045057004,34.43662326541062
delta0.25__high,0.25,high,1.9,3556888763,473fa28ba20c94c2,"{""COMPUTE"": 607, ""MEMORY"": 510, ""API_CREDITS"": 289, ""DATASET"": 133}","{""COMPUTE"": 1.7660626029654036, ""MEMORY"": 1.7980392156862746, ""API_CREDITS"": 1.768166089965398, ""DATASET"": 1.9849624060150375}",4,16,10,0.1230274289303369,0.11425980945186084,0.42286066455021337,0.0706429387848649,39.729161922544534,20.487712231923492,42.88821098370864
delta0.25__high,0.25,high,1.9,3585070197,8c92d79258b01d04,"{""COMPUTE"": 448, ""MEMORY"": 354, ""API_CREDITS"": 206, ""DATASET"": 53}","{""COMPUTE"": 1.9910714285714286, ""MEMORY"": 2.0677966101694913, ""API_CREDITS"": 2.0, ""DATASET"": 3.018867924528302}",4,14,12,0.18032138905053183,0.0886614883428114,0.5444747449450786,0.057390553635111786,46.37689919131549,11.831240102412464,58.27757008028737
delta0.25__high,0.25,high,1.9,3597312856,6734fe867559fde7,"{""COMPUTE"": 448, ""MEMORY"": 361, ""API_CREDITS"": 213, ""DATASET"": 63}","{""COMPUTE"": 2.1473214285714284, ""MEMORY"": 2.110803324099723, ""API_CREDITS"": 2.131455399061033, ""DATASET"": 1.7777777777777777}",4,12,11,0.21163389345042408,0.06217077922077922,0.4755355197408077,0.04311640211640211,68.68102324682795,21.95650257317857,47.327446730179
delta0.25__high,0.25,high,1.9,3646743967,2495de856117449f,"{""COMPUTE"": 628, ""MEMORY"": 520, ""API_CREDITS"": 314, ""DATASET"": 111}","{""COMPUTE"": 1.7261146496815287, ""MEMORY"": 1.7788461538461537, ""API_CREDITS"": 1.6401273885350318, ""DATASET"": 2.3783783783783785}",4,13,12,0.21049540535805986,0.03802658776342987,0.6051549192507588,0.025341979270550704,67.29133393335098,16.848867908843033,52.63277534656473
delta0.25__high,0.25,high,1.9,3702281959,e3540caf086f460d,"{""COMPUTE"": 352, ""MEMORY"": 279, ""API_CREDITS"": 191, ""DATASET"": 16}","{""COMPUTE"": 1.9659090909090908, ""MEMORY"": 1.9534050179211468, ""API_CREDITS"": 1.8795811518324608, ""DATASET"": 2.5}",4,11,10,0.1530518410816675,0.03106967019263845,0.3832499265181168,0.01929703624871001,39.46616191652571,11.27120275202771,45.17414048019385
delta0.25__high,0.25,high,1.9,3703198363,ae69d7084430f3ea,"{""COMPUTE"": 318, ""MEMORY"": 281, ""API_CREDITS"": 116, ""DATASET"": 114}","{""COMPUTE"": 1.9371069182389937, ""MEMORY"": 1.907473309608541, ""API_CREDITS"": 2.103448275862069, ""DATASET"": 1.6842105263157894}",4,11,9,0.190993405223122,0.11522572763442772,0.5845592158174551,0.07328361008311624,46.66579703934604,11.127777257841773,37.29197851480565
delta0.25__high,0.25,high,1.9,3722197476,4b7f5c5c8c83ebac,"{""COMPUTE"": 567, ""MEMORY"": 463, ""API_CREDITS"": 277, ""DATASET"": 90}","{""COMPUTE"": 1.8024691358024691, ""MEMORY"": 1.818574514038877, ""API_CREDITS"": 1.7978339350180506, ""DATASET"": 1.9555555555555555}",4,15,15,0.21026546467900964,0.061068679067923175,0.5927043203781103,0.042965917642019145,56.79179937756778,10.518740050417584,31.864275696216016
delta0.25__high,0.25,high,1.9,3732653027,25f06e54a3adb364,"{""COMPUTE"": 568, ""MEMORY"": 464, ""API_CREDITS"": 255, ""DATASET"": 107}","{""COMPUTE"": 1.9929577464788732, ""MEMORY"": 2.0301724137931036, ""API_CREDITS"": 2.0470588235294116, ""DATASET"": 2.2429906542056073}",4,9,6,0.16702823027690136,0.08036329973637331,0.6009102799983458,0.04814534458748215,64.18567676029325,14.944208289655469,42.16135730685695
delta0.25__high,0.25,high,1.9,3755261675,823eaa850f65c795,"{""COMPUTE"": 379, ""MEMORY"": 336, ""API_CREDITS"": 154, ""DATASET"": 130}","{""COMPUTE"": 1.7836411609498681, ""MEMORY"": 1.744047619047619, ""API_CREDITS"": 1.7532467532467533, ""DATASET"": 1.6}",4,15,12,0.21985839668748527,0.1568297407946314,0.46632432388739753,0.10400176633776054,60.266123369675995,13.70275720104759,52.25949680816739
delta0.25__high,0.25,high,1.9,3819244249,fd83414d1f540af0,"{""COMPUTE"": 541, ""MEMORY"": 436, ""API_CREDITS"": 270, ""DATASET"": 69}","{""COMPUTE"": 1.844731977818854, ""MEMORY"": 1.8830275229357798, ""API_CREDITS"": 1.8037037037037038, ""DATASET"": 2.4347826086956523}",4,19,9,0.11363723415872488,0.05874225088912295,0.33293652485175596,0.03991458393919122,34.51152002366248,12.786086798588622,33.61074188109966
delta0.25__high,0.25,high,1.9,3825070817,f2f735c5d41fbac0,"{""COMPUTE"": 261, ""MEMORY"": 232, ""API_CREDITS"": 110, ""DATASET"": 82}","{""COMPUTE"": 2.1915708812260535, ""MEMORY"": 2.081896551724138, ""API_CREDITS"": 2.3727272727272726, ""DATASET"": 1.4634146341463414}",4,11,8,0.184319656778176,0.09767594889167483,0.5848407623558148,0.056957034889820755,57.302873547120406,16.09186924296542,34.46545734895021
delta0.25__high,0.25,high,1.9,3829285020,05b837df7f3cbc33,"{""COMPUTE"": 422, ""MEMORY"": 345, ""API_CREDITS"": 202, ""DATASET"": 66}","{""COMPUTE"": 1.995260663507109, ""MEMORY"": 1.96231884057971, ""API_CREDITS"": 2.0346534653465347, ""DATASET"": 1.5757575757575757}",4,11,10,0.2095470440313304,0.06930838037616258,0.5914803993256155,0.04413304529916839,64.68110097529333,18.034327995803697,54.795704162896094
delta0.25__high,0.25,high,1.9,3829736852,22b1efba1a63e484,"{""COMPUTE"": 416, ""MEMORY"": 361, ""API_CREDITS"": 165, ""DATASET"": 133}","{""COMPUTE"": 2.1923076923076925, ""MEMORY"": 2.1301939058171744, ""API_CREDITS"": 2.3454545454545452, ""DATASET"": 1.744360902255639}",4,9,7,0.17745781892861565,0.10721686480179256,0.46180767145954627,0.07660466552094171,68.09689721517911,14.976693222238495,46.004980026981535
delta0.25__high,0.25,high,1.9,3834605579,caf80602976add79,"{""COMPUTE"": 453, ""MEMORY"": 391, ""API_CREDITS"": 205, ""DATASET"": 125}","{""COMPUTE"": 1.9028697571743929, ""MEMORY"": 1.938618925831202, ""API_CREDITS"": 1.8439024390243903, ""DATASET"": 2.176}",4,15,11,0.17724246247636347,0.0735364568589857,0.6061057470060952,0.04307699802241383,79.20887463615776,22.073569106047245,40.8658227965035
delta0.25__high,0.25,high,1.9,3862073378,f7f3211aa5dc738b,"{""COMPUTE"": 480, ""MEMORY"": 419, ""API_CREDITS"": 227, ""DATASET"": 136}","{""COMPUTE"": 2.0375, ""MEMORY"": 2.042959427207637, ""API_CREDITS"": 1.9911894273127753, ""DATASET"": 2.1176470588235294}",4,6,4,0.19727460773798003,0.11985135583141407,0.7008324269119127,0.08641439985824212,60.05035796158802,24.458197807624256,109.40256981841942
delta0.25__high,0.25,high,1.9,3896223086,b0b504e34d294f8e,"{""COMPUTE"": 570, ""MEMORY"": 469, ""API_CREDITS"": 266, ""DATASET"": 107}","{""COMPUTE"": 1.912280701754386, ""MEMORY"": 1.8912579957356077, ""API_CREDITS"": 1.913533834586466, ""DATASET"": 1.719626168224299}",4,7,2,0.10846745892341382,0.07801772747555881,0.36003531877355427,0.05126255921868541,29.276744588671175,14.472475492440852,31.307494177676315
delta0.25__high,0.25,high,1.9,3902540653,80d8615ca0e07697,"{""COMPUTE"": 566, ""MEMORY"": 457, ""API_CREDITS"": 255, ""DATASET"": 94}","{""COMPUTE"": 1.5971731448763251, ""MEMORY"": 1.6170678336980306, ""API_CREDITS"": 1.4941176470588236, ""DATASET"": 1.9574468085106382}",4,12,9,0.17587179399063135,0.10117256259228836,0.49315899586244266,0.07272552783296554,53.29060472929398,22.365489655369412,49.630737494802396
delta0.25__high,0.25,high,1.9,3945030225,e7b5c4e8f90b8cee,"{""COMPUTE"": 466, ""MEMORY"": 399, ""API_CREDITS"": 206, ""DATASET"": 124}","{""COMPUTE"": 1.9742489270386265, ""MEMORY"": 1.9423558897243107, ""API_CREDITS"": 2.004854368932039, ""DATASET"": 1.7419354838709677}",4,10,7,0.18820616186853645,0.09333916017626179,0.5160708477810343,0.06407521824883984,63.843174986837575,24.38377577422524,43.45125058360308
delta0.25__high,0.25,high,1.9,3947356923,aba28cbde9cf9caa,"{""COMPUTE"": 363, ""MEMORY"": 324, ""API_CREDITS"": 140, ""DATASET"": 135}","{""COMPUTE"": 1.7796143250688705, ""MEMORY"": 1.7839506172839505, ""API_CREDITS"": 1.7857142857142858, ""DATASET"": 1.7777777777777777}",4,15,12,0.17022645151786578,0.12215438108506046,0.5428124391512227,0.07873822652945152,45.30434280209468,9.615864624991602,50.89292488617726
delta0.25__high,0.25,high,1.9,3981156840,8dfb2381a884c0a0,"{""COMPUTE"": 378, ""MEMORY"": 321, ""API_CREDITS"": 166, ""DATASET"": 92}","{""COMPUTE"": 1.9365079365079365, ""MEMORY"": 1.9158878504672898, ""API_CREDITS"": 2.0542168674698793, ""DATASET"": 1.6521739130434783}",4,10,5,0.07485288930881157,0.13785510424497868,0.3889070672281229,0.08792598725646623,21.382255433236114,18.718088049363555,54.56160559108491
delta0.25__high,0.25,high,1.9,3996589783,0167caf8d9b446d5,"{""COMPUTE"": 505, ""MEMORY"": 450, ""API_CREDITS"": 226, ""DATASET"": 170}","{""COMPUTE"": 1.683168316831683, ""MEMORY"": 1.708888888888889, ""API_CREDITS"": 1.5530973451327434, ""DATASET"": 1.9294117647058824}",4,12,11,0.11648521302978364,0.13055509922025726,0.34126198202188385,0.08887718211995016,31.350282813377543,14.785051600627432,49.65436119849901
delta0.25__high,0.25,high,1.9,4024888051,48b4a21034d9cd57,"{""COMPUTE"": 272, ""MEMORY"": 244, ""API_CREDITS"": 105, ""DATASET"": 100}","{""COMPUTE"": 2.2058823529411766, ""MEMORY"": 2.2540983606557377, ""API_CREDITS"": 2.3047619047619046, ""DATASET"": 2.4}",4,15,13,0.20622762562385233,0.0983000638556801,0.530864098876176,0.061352682509802824,75.40090452830954,25.56654625409614,62.05148819890659
delta0.25__high,0.25,high,1.9,4030503373,c7a9514165f0feb7,"{""COMPUTE"": 342, ""MEMORY"": 290, ""API_CREDITS"": 143, ""DATASET"": 86}","{""COMPUTE"": 1.9707602339181287, ""MEMORY"": 1.993103448275862, ""API_CREDITS"": 2.055944055944056, ""DATASET"": 2.046511627906977}",4,16,14,0.2052535732762377,0.10330178046271751,0.6797624475835281,0.07243783833379211,54.91150356730051,12.514031393931964,62.77556022978107
delta0.25__high,0.25,high,1.9,4039868181,1ba09d46095423ba,"{""COMPUTE"": 413, ""MEMORY"": 354, ""API_CREDITS"": 204, ""DATASET"": 93}","{""COMPUTE"": 1.8644067796610169, ""MEMORY"": 1.844632768361582, ""API_CREDITS"": 1.7990196078431373, ""DATASET"": 1.8064516129032258}",4,16,13,0.17153391649778837,0.09121883869546485,0.6029354989689494,0.06117741121490935,47.82666151408034,13.309563992084366,31.35960740752971
delta0.25__high,0.25,high,1.9,4070281976,8f12fdebdafcbeab,"{""COMPUTE"": 576, ""MEMORY"": 503, ""API_CREDITS"": 266, ""DATASET"": 169}","{""COMPUTE"": 1.8611111111111112, ""MEMORY"": 1.8608349900596421, ""API_CREDITS"": 1.8345864661654134, ""DATASET"": 1.893491124260355}",4,10,9,0.22282472327993483,0.04695754542903909,0.628194047059519,0.0317268423580327,99.8213797240957,15.688791294828924,44.920655903726576
delta0.25__high,0.25,high,1.9,4074372378,f9d21bbf757c1892,"{""COMPUTE"": 594, ""MEMORY"": 484, ""API_CREDITS"": 295, ""DATASET"": 88}","{""COMPUTE"": 1.5622895622895623, ""MEMORY"": 1.6136363636363635, ""API_CREDITS"": 1.488135593220339, ""DATASET"": 2.272727272727273}",4,15,14,0.2134265069617097,0.07854060469461085,0.568054866745086,0.05043336096780838,73.17562464168462,21.22832825090229,56.49653747064071
delta0.25__high,0.25,high,1.9,4082760487,0b59c42287b265cd,"{""COMPUTE"": 537, ""MEMORY"": 451, ""API_CREDITS"": 258, ""DATASET"": 114}","{""COMPUTE"": 2.014897579143389, ""MEMORY"": 1.9778270509977827, ""API_CREDITS"": 2.0310077519379846, ""DATASET"": 1.6842105263157894}",4,14,10,0.1833487688011258,0.054279639427035745,0.4084967170494307,0.03267702143833772,62.423251340880974,14.56393905450651,28.864902396000844
delta0.25__high,0.25,high,1.9,4095462803,6d6b29b04c169387,"{""COMPUTE"": 449, ""MEMORY"": 361, ""API_CREDITS"": 233, ""DATASET"": 46}","{""COMPUTE"": 2.0400890868596884, ""MEMORY"": 2.0886426592797784, ""API_CREDITS"": 1.9656652360515021, ""DATASET"": 3.130434782608696}",4,12,11,0.20173513831317913,0.028930276079698506,0.528753117385493,0.019876672947555355,54.59690844145589,21.626654225179788,40.01149048889041
delta0.25__high,0.25,high,1.9,4099285905,248a608ab758b25c,"{""COMPUTE"": 460, ""MEMORY"": 378, ""API_CREDITS"": 217, ""DATASET"": 81}","{""COMPUTE"": 1.6956521739130435, ""MEMORY"": 1.7248677248677249, ""API_CREDITS"": 1.6589861751152073, ""DATASET"": 1.9753086419753085}",4,17,16,0.2096001589479495,0.07728493607243606,0.47930358513445853,0.04996959977428728,61.24176586037823,7.4938413697458985,46.35391698967919
delta0.25__high,0.25,high,1.9,4105600667,5e725fae260e7990,"{""COMPUTE"": 512, ""MEMORY"": 442, ""API_CREDITS"": 247, ""DATASET"": 132}","{""COMPUTE"": 1.796875, ""MEMORY"": 1.8099547511312217, ""API_CREDITS"": 1.7327935222672064, ""DATASET"": 1.9393939393939394}",4,10,5,0.1425372300513447,0.11930926828794826,0.45116627526008046,0.07003906263990041,47.84499178134246,6.25193564833178,41.78693478837672
delta0.25__high,0.25,high,1.9,4163155962,b0b8c8552bcf566d,"{""COMPUTE"": 472, ""MEMORY"": 400, ""API_CREDITS"": 231, ""DATASET"": 101}","{""COMPUTE"": 1.7161016949152543, ""MEMORY"": 1.7725, ""API_CREDITS"": 1.6233766233766234, ""DATASET"": 2.297029702970297}",4,12,11,0.20159917074622422,0.10033931016278975,0.5407910002747519,0.05799631514413298,81.36559598290252,20.120340266652683,39.274437878807014
delta0.25__high,0.25,high,1.9,4171035140,edcc4750933deed4,"{""COMPUTE"": 507, ""MEMORY"": 434, ""API_CREDITS"": 236, ""DATASET"": 128}","{""COMPUTE"": 1.893491124260355, ""MEMORY"": 1.8940092165898617, ""API_CREDITS"": 1.9067796610169492, ""DATASET"": 1.875}",4,12,10,0.1716040779664938,0.09752720917134458,0.5517180079904929,0.06909707938229352,55.7478442486977,20.462186537612816,53.94251165291692
delta0.25__high,0.25,high,1.9,4184451528,2ca99f9dc3313b8a,"{""COMPUTE"": 536, ""MEMORY"": 444, ""API_CREDITS"": 254, ""DATASET"": 102}","{""COMPUTE"": 1.791044776119403, ""MEMORY"": 1.8063063063063063, ""API_CREDITS"": 1.7244094488188977, ""DATASET"": 2.0392156862745097}",4,11,9,0.18651831707329927,0.10506760832686232,0.5322050269041967,0.06511392044645446,61.65475663375505,13.494186356879533,34.3846802048541
delta0.25__high,0.25,high,1.9,4190426423,dfd2106774434afe,"{""COMPUTE"": 383, ""MEMORY"": 340, ""API_CREDITS"": 163, ""DATASET"": 128}","{""COMPUTE"": 1.7493472584856398, ""MEMORY"": 1.7205882352941178, ""API_CREDITS"": 1.7607361963190185, ""DATASET"": 1.5625}",4,8,6,0.18475349458790322,0.15607262947780187,0.5724751593523196,0.10165682174183133,70.4702259953893,15.500914748878657,59.141679796171665
delta0.25__high,0.25,high,1.9,4202249207,a94cc53d7a028854,"{""COMPUTE"": 500, ""MEMORY"": 407, ""API_CREDITS"": 234, ""DATASET"": 82}","{""COMPUTE"": 2.02, ""MEMORY"": 1.9754299754299753, ""API_CREDITS"": 2.034188034188034, ""DATASET"": 1.5609756097560976}",4,12,11,0.1916869844490685,0.06020069917958262,0.5566773076019875,0.0432412149800137,61.55372955185761,16.852298570454824,48.21188747041138
delta0.25__high,0.25,high,1.9,4206761894,f09285aa7e66073a,"{""COMPUTE"": 598, ""MEMORY"": 500, ""API_CREDITS"": 288, ""DATASET"": 123}","{""COMPUTE"": 1.7324414715719063, ""MEMORY"": 1.756, ""API_CREDITS"": 1.7013888888888888, ""DATASET"": 1.951219512195122}",4,13,11,0.19496857195466974,0.06157141651938348,0.5847804952682277,0.04010603358028562,80.810015426752,42.25265875178975,59.851206700361935
delta0.25__moderate,0.25,moderate,1.3,19063083,6bc14452dccd1c6e,"{""COMPUTE"": 626, ""MEMORY"": 483, ""API_CREDITS"": 281, ""DATASET"": 52}","{""COMPUTE"": 1.1182108626198084, ""MEMORY"": 1.1469979296066253, ""API_CREDITS"": 1.1316725978647686, ""DATASET"": 1.5384615384615385}",4,14,11,0.19046759124962145,0.12543171114599685,0.4214972441263815,0.09174709769947866,34.04160674196044,10.181116097553575,11.21227835028266
delta0.25__moderate,0.25,moderate,1.3,27327381,19e1acbcd35b4448,"{""COMPUTE"": 701, ""MEMORY"": 552, ""API_CREDITS"": 350, ""DATASET"": 60}","{""COMPUTE"": 1.218259629101284, ""MEMORY"": 1.2590579710144927, ""API_CREDITS"": 1.2028571428571428, ""DATASET"": 2.0}",4,17,16,0.1988909965749063,0.07024414618021924,0.4949667813167033,0.049762400770772146,49.144529767834,11.578482419191483,54.13788200464094
delta0.25__moderate,0.25,moderate,1.3,73091972,55530b78e57b9bb5,"{""COMPUTE"": 556, ""MEMORY"": 487, ""API_CREDITS"": 245, ""DATASET"": 165}","{""COMPUTE"": 1.579136690647482, ""MEMORY"": 1.5790554414784395, ""API_CREDITS"": 1.6122448979591837, ""DATASET"": 1.6}",4,13,10,0.2129647985838714,0.09301801083230794,0.5561462634080133,0.05970464536870589,91.53807399794745,32.434825012000324,44.444102203076
delta0.25__moderate,0.25,moderate,1.3,75104030,f0f908fb66235800,"{""COMPUTE"": 401, ""MEMORY"": 366, ""API_CREDITS"": 152, ""DATASET"": 161}","{""COMPUTE"": 1.486284289276808, ""MEMORY"": 1.4289617486338797, ""API_CREDITS"": 1.638157894736842, ""DATASET"": 1.1428571428571428}",4,10,7,0.2036321355777341,0.15596700826879858,0.5865816875700613,0.10702100187394305,42.63333887282896,17.96105320252151,39.88171266196955
delta0.25__moderate,0.25,moderate,1.3,75640271,12be36d0cc013957,"{""COMPUTE"": 717, ""MEMORY"": 626, ""API_CREDITS"": 328, ""DATASET"": 209}","{""COMPUTE"": 1.3723849372384938, ""MEMORY"": 1.3386581469648562, ""API_CREDITS"": 1.396341463414634, ""DATASET"": 1.1483253588516746}",4,9,4,0.12837636962681884,0.0755415214580372,0.415413824613399,0.050287565727544205,56.97453132374375,16.821054097658934,30.308395109541973
delta0.25__moderate,0.25,moderate,1.3,87781505,4933f66d9f3097a6,"{""COMPUTE"": 675, ""MEMORY"": 569, ""API_CREDITS"": 323, ""DATASET"": 143}","{""COMPUTE"": 1.4222222222222223, ""MEMORY"": 1.3848857644991213, ""API_CREDITS"": 1.436532507739938, ""DATASET"": 1.118881118881119}",4,8,5,0.17391614255492346,0.06515498397865392,0.5839007176489747,0.042469123980066074,57.359968848273176,20.472949934764227,42.6484544143485
delta0.25__moderate,0.25,moderate,1.3,94885586,9dcce842537f8d1e,"{""COMPUTE"": 746, ""MEMORY"": 627, ""API_CREDITS"": 346, ""DATASET"": 165}","{""COMPUTE"": 1.3351206434316354, ""MEMORY"": 1.3572567783094098, ""API_CREDITS"": 1.3439306358381502, ""DATASET"": 1.503030303030303}",4,18,10,0.1659228783493319,0.09298382355646516,0.5616798097095321,0.05441506461199385,61.781219029236354,24.331870755435375,62.08039995325594
delta0.25__moderate,0.25,moderate,1.3,101192955,b064c94130435abb,"{""COMPUTE"": 693, ""MEMORY"": 599, ""API_CREDITS"": 335, ""DATASET"": 176}","{""COMPUTE"": 1.266955266955267, ""MEMORY"": 1.2921535893155258, ""API_CREDITS"": 1.1880597014925374, ""DATASET"": 1.5454545454545454}",4,17,13,0.16319690372849002,0.12372454834260388,0.551670676545949,0.09143775249099323,68.84669259483987,36.80796486878133,26.108320320038782
delta0.25__moderate,0.25,moderate,1.3,108416726,7a1d1ecf20ad1cfc,"{""COMPUTE"": 617, ""MEMORY"": 510, ""API_CREDITS"": 289, ""DATASET"": 112}","{""COMPUTE"": 1.3970826580226905, ""MEMORY"": 1.3823529411764706, ""API_CREDITS"": 1.4359861591695502, ""DATASET"": 1.2142857142857142}",4,10,6,0.14237737470168435,0.09940127985804967,0.45653436940854886,0.06337260661858922,48.02520975463929,11.055646352847054,32.20905708311201
delta0.25__moderate,0.25,moderate,1.3,112626036,895fa2a25e3ff5c3,"{""COMPUTE"": 706, ""MEMORY"": 568, ""API_CREDITS"": 321, ""DATASET"": 107}","{""COMPUTE"": 1.4220963172804533, ""MEMORY"": 1.420774647887324, ""API_CREDITS"": 1.4361370716510904, ""DATASET"": 1.4205607476635513}",4,7,5,0.1856888716998459,0.11257021793310774,0.4935730621287651,0.07511928502299603,53.76750221576177,26.270207031636577,41.300038360542885
delta0.25__moderate,0.25,moderate,1.3,129877774,a0faf36981e8b829,"{""COMPUTE"": 913, ""MEMORY"": 751, ""API_CREDITS"": 450, ""DATASET"": 155}","{""COMPUTE"": 1.2661555312157722, ""MEMORY"": 1.2636484687083889, ""API_CREDITS"": 1.2422222222222221, ""DATASET"": 1.2903225806451613}",4,14,10,0.18547312138103103,0.05975466075487763,0.5475370929608648,0.04122316200390371,53.8002584778876,22.27697482932547,42.70628198621291
delta0.25__moderate,0.25,moderate,1.3,139216186,6f478fe6fa4c5391,"{""COMPUTE"": 534, ""MEMORY"": 451, ""API_CREDITS"": 232, ""DATASET"": 127}","{""COMPUTE"": 1.2359550561797752, ""MEMORY"": 1.2860310421286032, ""API_CREDITS"": 1.103448275862069, ""DATASET"": 1.763779527559055}",4,15,9,0.17217882853044528,0.14020526675550546,0.5881290676639996,0.08891300246347546,46.12121446904937,16.59592760089989,56.061589595856525
delta0.25__moderate,0.25,moderate,1.3,139730805,ac1ef46bd3cfaf44,"{""COMPUTE"": 798, ""MEMORY"": 629, ""API_CREDITS"": 381, ""DATASET"": 85}","{""COMPUTE"": 1.1754385964912282, ""MEMORY"": 1.1860095389507155, ""API_CREDITS"": 1.1706036745406825, ""DATASET"": 1.3176470588235294}",4,12,8,0.16072538288820823,0.06767812058305687,0.45556512856738,0.04432262598641929,38.04965446502817,7.460556163982845,34.70786218462712
delta0.25__moderate,0.25,moderate,1.3,147261721,39c97e59375c776e,"{""COMPUTE"": 658, ""MEMORY"": 533, ""API_CREDITS"": 307, ""DATASET"": 100}","{""COMPUTE"": 1.1975683890577509, ""MEMORY"": 1.2157598499061915, ""API_CREDITS"": 1.237785016286645, ""DATASET"": 1.28}",4,13,13,0.20537652225111566,0.08639842211929989,0.5287963400453981,0.05277898907436227,69.82190604660593,10.01630772427886,31.596036954313373
delta0.25__moderate,0.25,moderate,1.3,152599165,0000fb6184ea7e9d,"{""COMPUTE"": 765, ""MEMORY"": 627, ""API_CREDITS"": 377, ""DATASET"": 122}","{""COMPUTE"": 1.223529411764706, ""MEMORY"": 1.2312599681020733, ""API_CREDITS"": 1.209549071618037, ""DATASET"": 1.3114754098360655}",4,9,7,0.17393150385518938,0.058096404811120814,0.5532749791310694,0.03827739012578646,66.9838072440793,20.721374302151926,52.032685153130444
delta0.25__moderate,0.25,moderate,1.3,153676091,a647beba8ae9a8f2,"{""COMPUTE"": 714, ""MEMORY"": 595, ""API_CREDITS"": 359, ""DATASET"": 126}","{""COMPUTE"": 1.2829131652661065, ""MEMORY"": 1.2756302521008402, ""API_CREDITS"": 1.2841225626740946, ""DATASET"": 1.2063492063492063}",4,4,3,0.1353969139452191,0.06673363704613705,0.401314328580316,0.04858498413185913,50.06960350972849,16.187143832322054,34.75596723544099
delta0.25__moderate,0.25,moderate,1.3,173143613,7680a243da9d1656,"{""COMPUTE"": 363, ""MEMORY"": 321, ""API_CREDITS"": 168, ""DATASET"": 98}","{""COMPUTE"": 1.4710743801652892, ""MEMORY"": 1.4330218068535825, ""API_CREDITS"": 1.4523809523809523, ""DATASET"": 1.3061224489795917}",4,7,5,0.19133037686699716,0.16027195027195024,0.4107991844846593,0.1255460588793922,52.37486218042407,16.215787566172924,31.616678622117693
delta0.25__moderate,0.25,moderate,1.3,190642350,e995955d303b4a9c,"{""COMPUTE"": 747, ""MEMORY"": 627, ""API_CREDITS"": 332, ""DATASET"": 175}","{""COMPUTE"": 1.3413654618473896, ""MEMORY"": 1.3588516746411483, ""API_CREDITS"": 1.3493975903614457, ""DATASET"": 1.4628571428571429}",4,15,11,0.17949981562702763,0.05439906456079909,0.6169823806084019,0.03510388943136173,53.737642144566735,16.429801121482598,43.80789167466188
delta0.25__moderate,0.25,moderate,1.3,207766894,25c14f3a89cd4f8b,"{""COMPUTE"": 930, ""MEMORY"": 770, ""API_CREDITS"": 435, ""DATASET"": 187}","{""COMPUTE"": 1.2580645161290323, ""MEMORY"": 1.2597402597402598, ""API_CREDITS"": 1.2459770114942528, ""DATASET"": 1.2834224598930482}",4,17,7,0.08738561639395635,0.08805061231709056,0.2834723012721808,0.05713379049102043,32.47116949964804,12.945202566304806,34.37097111873511
delta0.25__moderate,0.25,moderate,1.3,214952310,0d2e32faa474b69d,"{""COMPUTE"": 744, ""MEMORY"": 633, ""API_CREDITS"": 333, ""DATASET"": 190}","{""COMPUTE"": 1.25, ""MEMORY"": 1.2622432859399684, ""API_CREDITS"": 1.2642642642642643, ""DATASET"": 1.305263157894737}",4,11,6,0.1797536707006077,0.08480572127477601,0.5845384543709448,0.0504501679502034,47.25260245811089,30.460291721554146,48.41907659575252
delta0.25__moderate,0.25,moderate,1.3,223200515,b635b4098dcc5dc5,"{""COMPUTE"": 605, ""MEMORY"": 524, ""API_CREDITS"": 258, ""DATASET"": 176}","{""COMPUTE"": 1.3388429752066116, ""MEMORY"": 1.3244274809160306, ""API_CREDITS"": 1.4186046511627908, ""DATASET"": 1.1818181818181819}",4,9,5,0.14660252634152723,0.1327807441791479,0.4812867225344944,0.07840528377224804,35.05634863004099,15.59266272483876,47.7133580398365
delta0.25__moderate,0.25,moderate,1.3,271508238,39dc874088d936f0,"{""COMPUTE"": 612, ""MEMORY"": 527, ""API_CREDITS"": 270, ""DATASET"": 166}","{""COMPUTE"": 1.2810457516339868, ""MEMORY"": 1.2504743833017078, ""API_CREDITS"": 1.262962962962963, ""DATASET"": 1.108433734939759}",4,9,8,0.17121772343913322,0.12856056355902182,0.4975759531307619,0.08986800810472308,60.75820620611353,11.322165303479153,46.881564999968674
delta0.25__moderate,0.25,moderate,1.3,278611269,6c634739a3779867,"{""COMPUTE"": 654, ""MEMORY"": 601, ""API_CREDITS"": 260, ""DATASET"": 279}","{""COMPUTE"": 1.4097859327217126, ""MEMORY"": 1.3926788685524127, ""API_CREDITS"": 1.4884615384615385, ""DATASET"": 1.2903225806451613}",4,9,5,0.14346096428514735,0.09331356046072052,0.5141002830951652,0.06036094945303206,43.643127644754145,22.3348649713058,38.16819830463914
delta0.25__moderate,0.25,moderate,1.3,279304908,120dd86301bcd670,"{""COMPUTE"": 613, ""MEMORY"": 520, ""API_CREDITS"": 268, ""DATASET"": 155}","{""COMPUTE"": 1.203915171288744, ""MEMORY"": 1.2230769230769232, ""API_CREDITS"": 1.2537313432835822, ""DATASET"": 1.238709677419355}",4,11,9,0.1466543629108882,0.15347494564701092,0.48209359650199746,0.09918479956171765,40.11689658387079,15.469212530331959,36.76927652899052
delta0.25__moderate,0.25,moderate,1.3,284064978,3984aa70476fda4e,"{""COMPUTE"": 731, ""MEMORY"": 626, ""API_CREDITS"": 362, ""DATASET"": 169}","{""COMPUTE"": 1.4883720930232558, ""MEMORY"": 1.4984025559105432, ""API_CREDITS"": 1.4751381215469612, ""DATASET"": 1.6094674556213018}",4,9,8,0.20890102732146087,0.04937756701316136,0.5459911546598851,0.03786172897542669,77.1098164716863,29.07450603744117,80.6028466695003
delta0.25__moderate,0.25,moderate,1.3,322453867,3ecb9c47e431da7f,"{""COMPUTE"": 743, ""MEMORY"": 592, ""API_CREDITS"": 360, ""DATASET"": 87}","{""COMPUTE"": 1.442799461641992, ""MEMORY"": 1.4662162162162162, ""API_CREDITS"": 1.4333333333333333, ""DATASET"": 1.839080459770115}",4,8,6,0.20943629889560578,0.0576112521760801,0.546637975637468,0.036888647375091434,76.26281294770779,28.800463219392025,60.0767807952563
delta0.25__moderate,0.25,moderate,1.3,343457384,6142f5cbd71520be,"{""COMPUTE"": 891, ""MEMORY"": 720, ""API_CREDITS"": 432, ""DATASET"": 130}","{""COMPUTE"": 1.2166105499438833, ""MEMORY"": 1.2097222222222221, ""API_CREDITS"": 1.1967592592592593, ""DATASET"": 1.1692307692307693}",4,11,7,0.14473222224788312,0.050809453121491516,0.3961208812554364,0.03708651562322416,41.83392653028008,14.106490213848323,21.552838374177536
delta0.25__moderate,0.25,moderate,1.3,386742898,1adc423a69940a1a,"{""COMPUTE"": 681, ""MEMORY"": 610, ""API_CREDITS"": 295, ""DATASET"": 240}","{""COMPUTE"": 1.4625550660792952, ""MEMORY"": 1.4262295081967213, ""API_CREDITS"": 1.4983050847457626, ""DATASET"": 1.2666666666666666}",4,9,6,0.18410057036801816,0.12511766210292838,0.5341701151462763,0.07968130941135797,52.6402907400201,23.16405685703164,43.93796690093786
delta0.25__moderate,0.25,moderate,1.3,396660506,c4d78c11811afdf1,"{""COMPUTE"": 482, ""MEMORY"": 407, ""API_CREDITS"": 238, ""DATASET"": 90}","{""COMPUTE"": 1.4315352697095436, ""MEMORY"": 1.4127764127764129, ""API_CREDITS"": 1.415966386554622, ""DATASET"": 1.3333333333333333}",4,12,10,0.23358799374299366,0.06504700571609505,0.5940262404903793,0.03966494175902922,102.90802925978691,26.17905569917097,80.97194767077535
delta0.25__moderate,0.25,moderate,1.3,421967079,000129c7b09e71aa,"{""COMPUTE"": 811, ""MEMORY"": 686, ""API_CREDITS"": 390, ""DATASET"": 180}","{""COMPUTE"": 1.247842170160296, ""MEMORY"": 1.2419825072886297, ""API_CREDITS"": 1.2205128205128206, ""DATASET"": 1.2444444444444445}",4,13,8,0.15205752448949114,0.10849560833108375,0.4253770535357318,0.07242178606562245,53.28482849097813,19.323031577514712,62.14599306024826
delta0.25__moderate,0.25,moderate,1.3,433449607,db52dc7fcad39769,"{""COMPUTE"": 846, ""MEMORY"": 730, ""API_CREDITS"": 381, ""DATASET"": 238}","{""COMPUTE"": 1.1631205673758864, ""MEMORY"": 1.173972602739726, ""API_CREDITS"": 1.141732283464567, ""DATASET"": 1.2436974789915967}",4,15,9,0.17052339991128326,0.10658468932480808,0.39399415369539104,0.06967779428006586,65.77393434931172,13.550701366746447,27.359302292281033
delta0.25__moderate,0.25,moderate,1.3,446926817,63bc38e9fe5e1ec5,"{""COMPUTE"": 697, ""MEMORY"": 562, ""API_CREDITS"": 324, ""DATASET"": 103}","{""COMPUTE"": 1.2654232424677188, ""MEMORY"": 1.2686832740213523, ""API_CREDITS"": 1.2561728395061729, ""DATASET"": 1.3203883495145632}",4,10,3,0.14573818740069278,0.12363277423825512,0.3995605203422565,0.07832555287628946,42.050925893835455,12.333409452319321,23.25603800783973
delta0.25__moderate,0.25,moderate,1.3,453512931,e2d70e0e7263fb66,"{""COMPUTE"": 703, ""MEMORY"": 598, ""API_CREDITS"": 338, ""DATASET"": 161}","{""COMPUTE"": 1.3428165007112376, ""MEMORY"": 1.3327759197324414, ""API_CREDITS"": 1.3579881656804733, ""DATASET"": 1.2422360248447204}",4,9,6,0.15793395014157935,0.09573042643630879,0.5010517108967565,0.054406070509011674,38.27893936764392,18.636426976887883,31.092857391499127
delta0.25__moderate,0.25,moderate,1.3,469716932,a019b9145ca51b6c,"{""COMPUTE"": 774, ""MEMORY"": 612, ""API_CREDITS"": 358, ""DATASET"": 93}","{""COMPUTE"": 1.248062015503876, ""MEMORY"": 1.2418300653594772, ""API_CREDITS"": 1.2960893854748603, ""DATASET"": 1.032258064516129}",4,17,13,0.1784732947028712,0.05506774769343002,0.5284314090934258,0.03911334349822854,47.4821686324179,11.268946316604191,59.30363457617242
delta0.25__moderate,0.25,moderate,1.3,484036427,67a659a186aa9d2d,"{""COMPUTE"": 709, ""MEMORY"": 593, ""API_CREDITS"": 363, ""DATASET"": 125}","{""COMPUTE"": 1.2468265162200283, ""MEMORY"": 1.2360876897133222, ""API_CREDITS"": 1.2644628099173554, ""DATASET"": 1.088}",4,14,8,0.15125500762953936,0.03789089836508228,0.4702737377269332,0.022923574940456742,58.231709075016035,9.085216127081749,48.129472446155624
delta0.25__moderate,0.25,moderate,1.3,496510537,da1edd91bbbbf59c,"{""COMPUTE"": 1038, ""MEMORY"": 845, ""API_CREDITS"": 500, ""DATASET"": 171}","{""COMPUTE"": 1.210019267822736, ""MEMORY"": 1.196449704142012, ""API_CREDITS"": 1.202, ""DATASET"": 1.0760233918128654}",4,11,6,0.1335797218260768,0.057225090066883776,0.37095397281976217,0.043673951923054434,62.52400595296953,17.18373028730114,48.598235510554
delta0.25__moderate,0.25,moderate,1.3,561058638,b7f268d11da48a0d,"{""COMPUTE"": 778, ""MEMORY"": 592, ""API_CREDITS"": 364, ""DATASET"": 45}","{""COMPUTE"": 1.300771208226221, ""MEMORY"": 1.3310810810810811, ""API_CREDITS"": 1.2967032967032968, ""DATASET"": 2.1333333333333333}",4,12,8,0.14718512456889485,0.044401586011237525,0.4447329955866289,0.02782638245472004,36.72302689353163,13.624036005074574,31.90766822458779
delta0.25__moderate,0.25,moderate,1.3,572743071,5fac6d2587fa94c9,"{""COMPUTE"": 841, ""MEMORY"": 693, ""API_CREDITS"": 379, ""DATASET"": 170}","{""COMPUTE"": 1.2651605231866825, ""MEMORY"": 1.2366522366522366, ""API_CREDITS"": 1.2849604221635884, ""DATASET"": 0.9882352941176471}",4,12,12,0.22354662201495631,0.07441424453479492,0.5508387068865532,0.04534824221312251,61.47564393907686,19.52434828984889,40.964392294515356
delta0.25__moderate,0.25,moderate,1.3,584741180,22082dd9eaaffd3e,"{""COMPUTE"": 655, ""MEMORY"": 583, ""API_CREDITS"": 286, ""DATASET"": 221}","{""COMPUTE"": 1.2732824427480915, ""MEMORY"": 1.2847341337907376, ""API_CREDITS"": 1.2692307692307692, ""DATASET"": 1.339366515837104}",4,8,4,0.1236286663882407,0.14461530107382395,0.4460279646909693,0.09427143763737099,38.44822835161077,18.537941361164048,41.47720443891863
delta0.25__moderate,0.25,moderate,1.3,585558921,945bc5f7a57fcb49,"{""COMPUTE"": 561, ""MEMORY"": 478, ""API_CREDITS"": 231, ""DATASET"": 153}","{""COMPUTE"": 1.6648841354723707, ""MEMORY"": 1.6569037656903767, ""API_CREDITS"": 1.852813852813853, ""DATASET"": 1.4640522875816993}",4,14,14,0.2150756408203555,0.08710204093393642,0.579541109127424,0.05518983847647361,70.1482384610565,19.759775622034095,71.24003663736832
delta0.25__moderate,0.25,moderate,1.3,602333967,157e6b41994ed85f,"{""COMPUTE"": 769, ""MEMORY"": 648, ""API_CREDITS"": 355, ""DATASET"": 176}","{""COMPUTE"": 1.211963589076723, ""MEMORY"": 1.1790123456790123, ""API_CREDITS"": 1.2394366197183098, ""DATASET"": 0.9090909090909091}",4,14,12,0.1725785739565178,0.07170966226241514,0.5666487106651482,0.04316522287144713,45.68941588113977,14.791696237741855,15.618902696600925
delta0.25__moderate,0.25,moderate,1.3,608406825,a8294e6bc44acce2,"{""COMPUTE"": 819, ""MEMORY"": 668, ""API_CREDITS"": 406, ""DATASET"": 123}","{""COMPUTE"": 1.1428571428571428, ""MEMORY"": 1.1691616766467066, ""API_CREDITS"": 1.0517241379310345, ""DATASET"": 1.6260162601626016}",4,13,10,0.19385590944637263,0.04785515514517349,0.5452466503585944,0.03260538252362434,64.01862043069602,20.41778819291568,30.243306910947155
delta0.25__moderate,0.25,moderate,1.3,610357580,848dc5675298e7df,"{""COMPUTE"": 747, ""MEMORY"": 622, ""API_CREDITS"": 351, ""DATASET"": 150}","{""COMPUTE"": 1.4564926372155287, ""MEMORY"": 1.4517684887459807, ""API_CREDITS"": 1.4615384615384615, ""DATASET"": 1.44}",4,9,3,0.11632916424985773,0.12272034538496941,0.4304592582038007,0.07733774981948711,36.75654428471292,8.087757059650766,35.248423246110924
delta0.25__moderate,0.25,moderate,1.3,616227400,0c8ccbb0f087646c,"{""COMPUTE"": 594, ""MEMORY"": 512, ""API_CREDITS"": 265, ""DATASET"": 160}","{""COMPUTE"": 1.3737373737373737, ""MEMORY"": 1.38671875, ""API_CREDITS"": 1.350943396226415, ""DATASET"": 1.5}",4,11,10,0.18897771463479704,0.13253133296005146,0.49795561243016057,0.08717810621738048,78.7352876425553,23.735141126193117,44.569419275267045
delta0.25__moderate,0.25,moderate,1.3,638377088,7840cb913b13f1a8,"{""COMPUTE"": 407, ""MEMORY"": 379, ""API_CREDITS"": 148, ""DATASET"": 183}","{""COMPUTE"": 1.5577395577395576, ""MEMORY"": 1.5039577836411608, ""API_CREDITS"": 1.662162162162162, ""DATASET"": 1.3114754098360655}",4,10,6,0.16044906176682763,0.16988629340415567,0.5148459517996157,0.1072025507544136,48.93104214197404,11.005180042596407,57.36995746436212
delta0.25__moderate,0.25,moderate,1.3,659053096,9836639b52a4ddb1,"{""COMPUTE"": 632, ""MEMORY"": 531, ""API_CREDITS"": 271, ""DATASET"": 152}","{""COMPUTE"": 1.3196202531645569, ""MEMORY"": 1.2994350282485876, ""API_CREDITS"": 1.3357933579335792, ""DATASET"": 1.1578947368421053}",4,11,11,0.20860816294161924,0.122939055017905,0.6581403524464629,0.08209202395011002,42.0820297330931,24.50983778597076,36.399626570481225
delta0.25__moderate,0.25,moderate,1.3,677637387,0e53c5f9faab3e5e,"{""COMPUTE"": 809, ""MEMORY"": 682, ""API_CREDITS"": 386, ""DATASET"": 177}","{""COMPUTE"": 1.2336217552533992, ""MEMORY"": 1.2243401759530792, ""API_CREDITS"": 1.194300518134715, ""DATASET"": 1.2203389830508475}",4,10,5,0.16505911370700502,0.10051153763790578,0.5073306566478216,0.06038103997515273,51.730469382409524,30.40443338990192,54.096996713082184
delta0.25__moderate,0.25,moderate,1.3,687585327,81c4da10facb45a2,"{""COMPUTE"": 611, ""MEMORY"": 472, ""API_CREDITS"": 307, ""DATASET"": 29}","{""COMPUTE"": 1.2896890343698855, ""MEMORY"": 1.3008474576271187, ""API_CREDITS"": 1.283387622149837, ""DATASET"": 1.6551724137931034}",4,8,4,0.15631210887747682,0.03969867857731368,0.5832604019056382,0.026361580680938416,49.56639549885685,16.784149127002483,57.692189779043524
delta0.25__moderate,0.25,moderate,1.3,705933680,242ee1133a839105,"{""COMPUTE"": 663, ""MEMORY"": 533, ""API_CREDITS"": 312, ""DATASET"": 90}","{""COMPUTE"": 1.3182503770739065, ""MEMORY"": 1.3283302063789868, ""API_CREDITS"": 1.3333333333333333, ""DATASET"": 1.4222222222222223}",4,7,4,0.14054442061819813,0.08394248482548487,0.4000199051876742,0.05316639150184352,49.51115313645489,12.188456857104661,38.008490735807605
delta0.25__moderate,0.25,moderate,1.3,713663764,8416781c50344853,"{""COMPUTE"": 484, ""MEMORY"": 413, ""API_CREDITS"": 247, ""DATASET"": 95}","{""COMPUTE"": 1.462809917355372, ""MEMORY"": 1.486682808716707, ""API_CREDITS"": 1.3846153846153846, ""DATASET"": 1.8526315789473684}",4,13,10,0.176170852256612,0.12667591227730327,0.4708629451821924,0.07951814987958944,57.244927421445574,16.895668262894173,30.72914391971938
delta0.25__moderate,0.25,moderate,1.3,756150979,6aa901a53ab5760e,"{""COMPUTE"": 490, ""MEMORY"": 392, ""API_CREDITS"": 236, ""DATASET"": 51}","{""COMPUTE"": 1.436734693877551, ""MEMORY"": 1.4464285714285714, ""API_CREDITS"": 1.4279661016949152, ""DATASET"": 1.7254901960784315}",4,8,5,0.1098345009212286,0.12316981244064577,0.41600558536806725,0.08571801301836025,41.262542178667125,9.16915423447779,9.146848169298133
delta0.25__moderate,0.25,moderate,1.3,759787730,34edbef22f4f4078,"{""COMPUTE"": 828, ""MEMORY"": 685, ""API_CREDITS"": 400, ""DATASET"": 153}","{""COMPUTE"": 1.2584541062801933, ""MEMORY"": 1.2627737226277371, ""API_CREDITS"": 1.2475, ""DATASET"": 1.3071895424836601}",4,8,7,0.19298752834408373,0.053847979679855336,0.6331224734238275,0.03363737089951253,54.69753956964022,22.007159929716618,43.42602919679792
delta0.25__moderate,0.25,moderate,1.3,779334002,17c0df2ad6d07e33,"{""COMPUTE"": 959, ""MEMORY"": 765, ""API_CREDITS"": 459, ""DATASET"": 127}","{""COMPUTE"": 1.3159541188738269, ""MEMORY"": 1.362091503267974, ""API_CREDITS"": 1.3115468409586057, ""DATASET"": 1.889763779527559}",4,13,9,0.16654000191795712,0.04882304091030507,0.5135752301428763,0.03184670308785875,47.94993823783605,18.68876456317226,43.93904230168786
delta0.25__moderate,0.25,moderate,1.3,786766500,838c837a6955c463,"{""COMPUTE"": 614, ""MEMORY"": 532, ""API_CREDITS"": 262, ""DATASET"": 182}","{""COMPUTE"": 1.4495114006514658, ""MEMORY"": 1.4323308270676691, ""API_CREDITS"": 1.4885496183206106, ""DATASET"": 1.3186813186813187}",4,12,6,0.17496451523826365,0.07457181349669711,0.5640166055512656,0.04637460522915115,67.7368335745656,27.33098277561584,66.78731538991885
delta0.25__moderate,0.25,moderate,1.3,891045433,fb5afc87a59461a3,"{""COMPUTE"": 509, ""MEMORY"": 451, ""API_CREDITS"": 225, ""DATASET"": 161}","{""COMPUTE"": 1.4852652259332024, ""MEMORY"": 1.41019955654102, ""API_CREDITS"": 1.5644444444444445, ""DATASET"": 0.9937888198757764}",4,13,10,0.17119194509590374,0.06367655196019974,0.4795566993737275,0.04268608590914196,52.11713634643144,13.977924187983207,47.82080377299973
delta0.25__moderate,0.25,moderate,1.3,898744256,e4db10e7fcc7447f,"{""COMPUTE"": 729, ""MEMORY"": 563, ""API_CREDITS"": 358, ""DATASET"": 44}","{""COMPUTE"": 1.1138545953360768, ""MEMORY"": 1.1278863232682061, ""API_CREDITS"": 1.1312849162011174, ""DATASET"": 1.2727272727272727}",4,17,11,0.15872868434534512,0.04044280135304545,0.3258950935951871,0.028316676926427028,34.76759152451019,4.8383805102413175,20.036874002667123
delta0.25__moderate,0.25,moderate,1.3,921012401,324d2fb72b8b9115,"{""COMPUTE"": 851, ""MEMORY"": 684, ""API_CREDITS"": 390, ""DATASET"": 134}","{""COMPUTE"": 1.3419506462984725, ""MEMORY"": 1.3903508771929824, ""API_CREDITS"": 1.3358974358974358, ""DATASET"": 1.8507462686567164}",4,15,12,0.18500954465485922,0.09355734438607369,0.47229539290827577,0.06128039827395262,62.05306518204663,17.551774128962453,50.33736544887509
delta0.25__moderate,0.25,moderate,1.3,928131396,0398525cb717edce,"{""COMPUTE"": 753, ""MEMORY"": 649, ""API_CREDITS"": 352, ""DATASET"": 198}","{""COMPUTE"": 1.4714475431606906, ""MEMORY"": 1.4576271186440677, ""API_CREDITS"": 1.4943181818181819, ""DATASET"": 1.3737373737373737}",4,13,10,0.17283074066094917,0.0639750248465423,0.5264150634469379,0.04051317250881064,65.80457343112947,18.998016225954327,64.81622524236779
delta0.25__moderate,0.25,moderate,1.3,986685360,6e57204c11d5a23e,"{""COMPUTE"": 620, ""MEMORY"": 518, ""API_CREDITS"": 277, ""DATASET"": 135}","{""COMPUTE"": 1.3903225806451613, ""MEMORY"": 1.388030888030888, ""API_CREDITS"": 1.404332129963899, ""DATASET"": 1.362962962962963}",4,10,6,0.18463689439218903,0.10446575750852066,0.577955978952467,0.06510735336804417,48.01094264696525,18.39358147487294,47.14146854324588
delta0.25__moderate,0.25,moderate,1.3,1040871164,2da1ab56be8ece8f,"{""COMPUTE"": 788, ""MEMORY"": 672, ""API_CREDITS"": 387, ""DATASET"": 179}","{""COMPUTE"": 1.3426395939086295, ""MEMORY"": 1.318452380952381, ""API_CREDITS"": 1.3488372093023255, ""DATASET"": 1.1620111731843576}",4,10,8,0.19556877724352087,0.04254784014185858,0.4960025387928115,0.030005727564988306,53.62360698516619,26.570915381298875,30.524622858678796
delta0.25__moderate,0.25,moderate,1.3,1109034924,4f45ca6a535304fd,"{""COMPUTE"": 891, ""MEMORY"": 701, ""API_CREDITS"": 414, ""DATASET"": 104}","{""COMPUTE"": 1.281705948372615, ""MEMORY"": 1.3152639087018545, ""API_CREDITS"": 1.2995169082125604, ""DATASET"": 1.6923076923076923}",4,16,13,0.18901325464138927,0.06396820629407939,0.5094137564500852,0.042164774003907474,58.65853808669965,36.69941896521853,46.97210447258487
delta0.25__moderate,0.25,moderate,1.3,1154819737,6fa476cb2613cdef,"{""COMPUTE"": 666, ""MEMORY"": 529, ""API_CREDITS"": 305, ""DATASET"": 85}","{""COMPUTE"": 1.3393393393393394, ""MEMORY"": 1.3648393194706994, ""API_CREDITS"": 1.3311475409836067, ""DATASET"": 1.6941176470588235}",4,13,11,0.20720806132028394,0.0827093772000181,0.5523760757461157,0.052374045184892824,55.960580750244,20.544810726483856,30.8037369144942
delta0.25__moderate,0.25,moderate,1.3,1158762883,7551635e7572339d,"{""COMPUTE"": 649, ""MEMORY"": 526, ""API_CREDITS"": 304, ""DATASET"": 99}","{""COMPUTE"": 1.411402157164869, ""MEMORY"": 1.3574144486692015, ""API_CREDITS"": 1.4276315789473684, ""DATASET"": 0.8080808080808081}",4,13,13,0.23580272739869176,0.05553678497074722,0.4729442678080133,0.03625077665958167,66.6495261184452,27.48241955428585,46.3614281661637
delta0.25__moderate,0.25,moderate,1.3,1164103101,db9807e1f0f906fb,"{""COMPUTE"": 570, ""MEMORY"": 492, ""API_CREDITS"": 254, ""DATASET"": 155}","{""COMPUTE"": 1.2280701754385965, ""MEMORY"": 1.1951219512195121, ""API_CREDITS"": 1.1968503937007875, ""DATASET"": 1.032258064516129}",4,17,9,0.16233669487656455,0.13546690163435562,0.4806401658613006,0.08458359506020156,44.201964280786974,15.650828032077479,40.251185226031346
delta0.25__moderate,0.25,moderate,1.3,1175015440,9fdaa1d624c2b9ac,"{""COMPUTE"": 687, ""MEMORY"": 601, ""API_CREDITS"": 301, ""DATASET"": 210}","{""COMPUTE"": 1.1965065502183405, ""MEMORY"": 1.151414309484193, ""API_CREDITS"": 1.2093023255813953, ""DATASET"": 0.9142857142857143}",4,16,13,0.17320322901695842,0.1405238021238021,0.4619140281026109,0.0863587801087801,57.124844773902716,15.484907269369808,69.2923972160384
delta0.25__moderate,0.25,moderate,1.3,1223536910,f2d18b9288d8a021,"{""COMPUTE"": 427, ""MEMORY"": 374, ""API_CREDITS"": 176, ""DATASET"": 130}","{""COMPUTE"": 1.531615925058548, ""MEMORY"": 1.5481283422459893, ""API_CREDITS"": 1.5511363636363635, ""DATASET"": 1.6615384615384616}",4,11,9,0.16910377183212444,0.08028463289527724,0.4602730357898917,0.05019516065829576,56.06550235215875,14.404226908677018,34.04478073049603
delta0.25__moderate,0.25,moderate,1.3,1272846855,5d7197d4881d3017,"{""COMPUTE"": 650, ""MEMORY"": 553, ""API_CREDITS"": 288, ""DATASET"": 165}","{""COMPUTE"": 1.4615384615384615, ""MEMORY"": 1.433996383363472, ""API_CREDITS"": 1.5243055555555556, ""DATASET"": 1.2121212121212122}",4,10,6,0.15809243534879347,0.10065338448144105,0.42376061295009015,0.0623235127103195,59.44851239526989,11.760525448617608,46.919449093971075
delta0.25__moderate,0.25,moderate,1.3,1329904169,a8e4aedad28e91eb,"{""COMPUTE"": 523, ""MEMORY"": 429, ""API_CREDITS"": 219, ""DATASET"": 105}","{""COMPUTE"": 1.3193116634799236, ""MEMORY"": 1.3356643356643356, ""API_CREDITS"": 1.2191780821917808, ""DATASET"": 1.6}",4,15,9,0.16116802655947296,0.15922891118543295,0.5178240292604374,0.1101154792705244,39.25676322918233,17.42791540950422,30.834093973002894
delta0.25__moderate,0.25,moderate,1.3,1393164231,a2bb0e2170b17a9a,"{""COMPUTE"": 486, ""MEMORY"": 435, ""API_CREDITS"": 204, ""DATASET"": 168}","{""COMPUTE"": 1.5761316872427984, ""MEMORY"": 1.5379310344827586, ""API_CREDITS"": 1.6225490196078431, ""DATASET"": 1.380952380952381}",4,15,10,0.20318138867024396,0.1399854129447296,0.5194229813533493,0.09710107603029565,55.985962158985785,9.29625930486105,47.70319953345433
delta0.25__moderate,0.25,moderate,1.3,1397601319,a8b35cec5b15704d,"{""COMPUTE"": 784, ""MEMORY"": 606, ""API_CREDITS"": 374, ""DATASET"": 58}","{""COMPUTE"": 1.1683673469387754, ""MEMORY"": 1.2178217821782178, ""API_CREDITS"": 1.106951871657754, ""DATASET"": 2.4827586206896552}",4,15,13,0.19318055386017227,0.07568178616475829,0.5369580244164424,0.047452734505108084,50.80646275150559,12.729423095777323,23.010563442111557
delta0.25__moderate,0.25,moderate,1.3,1414408149,3d20f5fd511c0596,"{""COMPUTE"": 458, ""MEMORY"": 409, ""API_CREDITS"": 178, ""DATASET"": 165}","{""COMPUTE"": 1.6506550218340612, ""MEMORY"": 1.6356968215158925, ""API_CREDITS"": 1.702247191011236, ""DATASET"": 1.6}",4,8,5,0.18666214260871117,0.14892205492854727,0.5310230073045469,0.1038330107255473,65.04435102495374,18.122683937169246,60.22653729186425
delta0.25__moderate,0.25,moderate,1.3,1443238425,8ca209d35e4dbd49,"{""COMPUTE"": 556, ""MEMORY"": 468, ""API_CREDITS"": 241, ""DATASET"": 131}","{""COMPUTE"": 1.3633093525179856, ""MEMORY"": 1.314102564102564, ""API_CREDITS"": 1.4315352697095436, ""DATASET"": 0.916030534351145}",4,14,7,0.10187274427423798,0.12961887867548247,0.3180506836093074,0.0844452251684956,36.27692037070148,13.122344046739663,43.68155095990605
delta0.25__moderate,0.25,moderate,1.3,1446854669,56e9b717710e71d7,"{""COMPUTE"": 409, ""MEMORY"": 365, ""API_CREDITS"": 156, ""DATASET"": 146}","{""COMPUTE"": 1.511002444987775, ""MEMORY"": 1.4794520547945205, ""API_CREDITS"": 1.6153846153846154, ""DATASET"": 1.3150684931506849}",4,14,13,0.21211104129364547,0.10662101999681865,0.5208410473147319,0.07548904421719183,56.45349164932026,20.905637657990773,34.060812654796905
delta0.25__moderate,0.25,moderate,1.3,1474233831,0b54cad6dc73c0f2,"{""COMPUTE"": 558, ""MEMORY"": 478, ""API_CREDITS"": 242, ""DATASET"": 148}","{""COMPUTE"": 1.4050179211469533, ""MEMORY"": 1.4205020920502092, ""API_CREDITS"": 1.4586776859504131, ""DATASET"": 1.4594594594594594}",4,12,11,0.2001568604487666,0.08440576968904158,0.5573425599391378,0.05415958726159986,42.20436840629328,27.676391908864584,43.62447726455732
delta0.25__moderate,0.25,moderate,1.3,1476169622,3fdc173110cd682d,"{""COMPUTE"": 370, ""MEMORY"": 317, ""API_CREDITS"": 184, ""DATASET"": 72}","{""COMPUTE"": 1.654054054054054, ""MEMORY"": 1.5804416403785488, ""API_CREDITS"": 1.7119565217391304, ""DATASET"": 1.0}",4,12,8,0.13347624339292566,0.06312640817119913,0.40472967125622095,0.03948375394543278,51.997175337017175,8.897935882598729,33.50724216566825
delta0.25__moderate,0.25,moderate,1.3,1515534678,346dc14f2d29bd48,"{""COMPUTE"": 636, ""MEMORY"": 524, ""API_CREDITS"": 319, ""DATASET"": 98}","{""COMPUTE"": 1.4182389937106918, ""MEMORY"": 1.4255725190839694, ""API_CREDITS"": 1.4075235109717867, ""DATASET"": 1.5510204081632653}",4,11,8,0.1819778920838889,0.044129937654576144,0.5106897130746255,0.02819106712182086,62.9783806614298,15.067673745963054,57.09856920881233
delta0.25__moderate,0.25,moderate,1.3,1538028730,23d968864a23ef87,"{""COMPUTE"": 637, ""MEMORY"": 538, ""API_CREDITS"": 308, ""DATASET"": 132}","{""COMPUTE"": 1.293563579277865, ""MEMORY"": 1.2769516728624535, ""API_CREDITS"": 1.301948051948052, ""DATASET"": 1.1515151515151516}",4,6,3,0.1830878288298782,0.04654995361506313,0.526573224245999,0.030235353183983096,44.33829710442211,21.75919390898929,38.0625003282745
delta0.25__moderate,0.25,moderate,1.3,1607564961,c86525e04569b3e8,"{""COMPUTE"": 570, ""MEMORY"": 496, ""API_CREDITS"": 245, ""DATASET"": 169}","{""COMPUTE"": 1.368421052631579, ""MEMORY"": 1.372983870967742, ""API_CREDITS"": 1.4, ""DATASET"": 1.3727810650887573}",4,13,7,0.1537399480351698,0.10441826946503381,0.5180356806927439,0.06823572596071231,38.12209029108601,12.590838600821344,33.65081152395633
delta0.25__moderate,0.25,moderate,1.3,1647295192,d38814a8e3369787,"{""COMPUTE"": 775, ""MEMORY"": 659, ""API_CREDITS"": 337, ""DATASET"": 206}","{""COMPUTE"": 1.207741935483871, ""MEMORY"": 1.2215477996965098, ""API_CREDITS"": 1.2077151335311573, ""DATASET"": 1.2815533980582525}",4,11,10,0.2293017399193569,0.11847660062131773,0.563332833104493,0.0756196268423514,74.93199025310885,23.11842914377246,60.8897909435006
delta0.25__moderate,0.25,moderate,1.3,1680529007,4a384ca06ba0817c,"{""COMPUTE"": 624, ""MEMORY"": 497, ""API_CREDITS"": 278, ""DATASET"": 87}","{""COMPUTE"": 1.3044871794871795, ""MEMORY"": 1.352112676056338, ""API_CREDITS"": 1.3093525179856116, ""DATASET"": 1.839080459770115}",4,10,8,0.18874259069836397,0.12861610755218064,0.586563454839715,0.08898981662680294,38.71567467027494,21.785470965970827,40.496966888181
delta0.25__moderate,0.25,moderate,1.3,1683037842,c901dcb65ffe9b45,"{""COMPUTE"": 485, ""MEMORY"": 428, ""API_CREDITS"": 215, ""DATASET"": 148}","{""COMPUTE"": 1.554639175257732, ""MEMORY"": 1.5560747663551402, ""API_CREDITS"": 1.5348837209302326, ""DATASET"": 1.6216216216216217}",4,10,9,0.17231197271565687,0.1033695490704205,0.5244705093777573,0.06738965777091321,70.2645585263929,27.560655601721745,58.334174849903214
delta0.25__moderate,0.25,moderate,1.3,1684113726,6b6511d90e1a87e6,"{""COMPUTE"": 778, ""MEMORY"": 692, ""API_CREDITS"": 340, ""DATASET"": 266}","{""COMPUTE"": 1.4061696658097687, ""MEMORY"": 1.3771676300578035, ""API_CREDITS"": 1.4441176470588235, ""DATASET"": 1.2330827067669172}",4,11,3,0.09778200750463922,0.09049702574678957,0.4444205181953121,0.06261359690076623,36.97769018143199,18.478396854610818,52.062027320693
delta0.25__moderate,0.25,moderate,1.3,1723470144,fc2af7c898a14dbc,"{""COMPUTE"": 793, ""MEMORY"": 694, ""API_CREDITS"": 369, ""DATASET"": 232}","{""COMPUTE"": 1.2484237074401008, ""MEMORY"": 1.2377521613832854, ""API_CREDITS"": 1.2276422764227641, ""DATASET"": 1.206896551724138}",4,16,15,0.21823995439591595,0.04768146019858433,0.542407731648808,0.03138660233910888,77.96469797373184,13.076375632956724,57.51048124769869
delta0.25__moderate,0.25,moderate,1.3,1746522117,e99ccc508a41fa96,"{""COMPUTE"": 546, ""MEMORY"": 461, ""API_CREDITS"": 252, ""DATASET"": 119}","{""COMPUTE"": 1.336996336996337, ""MEMORY"": 1.3253796095444685, ""API_CREDITS"": 1.3214285714285714, ""DATASET"": 1.2773109243697478}",4,8,6,0.17191842465418497,0.1258511490142968,0.5559648881541993,0.07625611943763312,44.650863107342964,18.073789275940268,40.699199801008035
delta0.25__moderate,0.25,moderate,1.3,1761268421,5bf1375affaa7fcf,"{""COMPUTE"": 748, ""MEMORY"": 630, ""API_CREDITS"": 344, ""DATASET"": 170}","{""COMPUTE"": 1.4064171122994653, ""MEMORY"": 1.3873015873015873, ""API_CREDITS"": 1.447674418604651, ""DATASET"": 1.223529411764706}",4,13,11,0.18535580145866906,0.07930268203104304,0.5417127133962814,0.04685005057449193,57.87467710569582,15.921729401899208,39.32016602841529
delta0.25__moderate,0.25,moderate,1.3,1851037281,d74aff08ec7b2b45,"{""COMPUTE"": 777, ""MEMORY"": 648, ""API_CREDITS"": 362, ""DATASET"": 162}","{""COMPUTE"": 1.3024453024453024, ""MEMORY"": 1.2839506172839505, ""API_CREDITS"": 1.281767955801105, ""DATASET"": 1.1851851851851851}",4,12,9,0.18943653922004988,0.1343212529400221,0.4789514652783735,0.08734372559373277,60.04692256330278,21.827732410694793,43.70969652611652
delta0.25__moderate,0.25,moderate,1.3,1867081647,f198518136a0ce01,"{""COMPUTE"": 594, ""MEMORY"": 540, ""API_CREDITS"": 247, ""DATASET"": 230}","{""COMPUTE"": 1.3198653198653199, ""MEMORY"": 1.3018518518518518, ""API_CREDITS"": 1.3481781376518218, ""DATASET"": 1.2173913043478262}",4,5,5,0.2043995185032834,0.14997162105218342,0.48109910226205915,0.10133754549560858,96.78683847420666,19.932677958641527,40.80057976125319
delta0.25__moderate,0.25,moderate,1.3,1880620535,428971b9fbb68694,"{""COMPUTE"": 714, ""MEMORY"": 601, ""API_CREDITS"": 339, ""DATASET"": 153}","{""COMPUTE"": 1.3529411764705883, ""MEMORY"": 1.346089850249584, ""API_CREDITS"": 1.3539823008849559, ""DATASET"": 1.3071895424836601}",4,15,9,0.14114913555758143,0.07137145559106389,0.4165774657432025,0.0456467479240465,53.62854262957546,19.68817520668968,35.60635212726492
delta0.25__moderate,0.25,moderate,1.3,1935876427,e29d65656a32cbeb,"{""COMPUTE"": 657, ""MEMORY"": 596, ""API_CREDITS"": 267, ""DATASET"": 260}","{""COMPUTE"": 1.461187214611872, ""MEMORY"": 1.4026845637583893, ""API_CREDITS"": 1.5880149812734083, ""DATASET"": 1.1076923076923078}",4,7,7,0.23184364240096186,0.08801148975898068,0.6745609181603797,0.058198780467549394,72.58383365075187,11.336173116280813,59.50688102887813
delta0.25__moderate,0.25,moderate,1.3,1943200581,2dc490601b79843b,"{""COMPUTE"": 498, ""MEMORY"": 436, ""API_CREDITS"": 220, ""DATASET"": 145}","{""COMPUTE"": 1.393574297188755, ""MEMORY"": 1.4128440366972477, ""API_CREDITS"": 1.3818181818181818, ""DATASET"": 1.5448275862068965}",4,8,6,0.2140211908352377,0.149032425422619,0.5871356631259446,0.09916831391974912,67.74994630774628,18.54162671762308,41.76186610781817
delta0.25__moderate,0.25,moderate,1.3,1957258698,921e76641bd7a205,"{""COMPUTE"": 527, ""MEMORY"": 463, ""API_CREDITS"": 218, ""DATASET"": 168}","{""COMPUTE"": 1.3206831119544593, ""MEMORY"": 1.3369330453563715, ""API_CREDITS"": 1.2706422018348624, ""DATASET"": 1.4761904761904763}",4,14,12,0.22473468999202376,0.11895410670917114,0.5525530673920359,0.07989846730389975,78.01819893957061,21.479512200236716,28.115893556081062
delta0.25__moderate,0.25,moderate,1.3,2000676221,fc555018007d1ba3,"{""COMPUTE"": 885, ""MEMORY"": 730, ""API_CREDITS"": 427, ""DATASET"": 162}","{""COMPUTE"": 1.2045197740112994, ""MEMORY"": 1.2205479452054795, ""API_CREDITS"": 1.2014051522248244, ""DATASET"": 1.3333333333333333}",4,8,5,0.1390089730314673,0.08095555985600113,0.4607656729683296,0.04895438334540683,49.04515383616994,18.717606064490035,46.745098634080364
delta0.25__moderate,0.25,moderate,1.3,2071520222,e611ad61e3dc9204,"{""COMPUTE"": 618, ""MEMORY"": 534, ""API_CREDITS"": 294, ""DATASET"": 156}","{""COMPUTE"": 1.3980582524271845, ""MEMORY"": 1.3726591760299625, ""API_CREDITS"": 1.370748299319728, ""DATASET"": 1.2820512820512822}",4,10,8,0.2154425297356437,0.09878157934200653,0.5209477375988261,0.06627989964693039,75.52821676723174,22.075560786980446,33.02984491035452
delta0.25__moderate,0.25,moderate,1.3,2104789822,a4d332c34762ee5f,"{""COMPUTE"": 725, ""MEMORY"": 611, ""API_CREDITS"": 333, ""DATASET"": 166}","{""COMPUTE"": 1.233103448275862, ""MEMORY"": 1.220949263502455, ""API_CREDITS"": 1.2792792792792793, ""DATASET"": 1.0602409638554218}",4,13,10,0.18234921644445387,0.09360682200543952,0.4992480810786697,0.05662366393373178,56.95392477971598,19.654386333777282,39.33880550078088
delta0.25__moderate,0.25,moderate,1.3,2175919960,138badfe428bb4bd,"{""COMPUTE"": 885, ""MEMORY"": 743, ""API_CREDITS"": 423, ""DATASET"": 191}","{""COMPUTE"": 1.3966101694915254, ""MEMORY"": 1.395693135935397, ""API_CREDITS"": 1.4066193853427895, ""DATASET"": 1.382198952879581}",4,10,5,0.15373485397469755,0.0697703611542409,0.38947185478756974,0.04513297831405075,55.58573814512073,11.690512432591609,39.04535219739865
delta0.25__moderate,0.25,moderate,1.3,2187181276,cfb6ea1165967eee,"{""COMPUTE"": 481, ""MEMORY"": 428, ""API_CREDITS"": 211, ""DATASET"": 154}","{""COMPUTE"": 1.2681912681912682, ""MEMORY"": 1.2172897196261683, ""API_CREDITS"": 1.3601895734597156, ""DATASET"": 0.8831168831168831}",4,11,11,0.23555565605188444,0.07852634740826,0.5755952476475586,0.046347165567311666,47.92919346543065,16.477338971204237,44.826781136128595
delta0.25__moderate,0.25,moderate,1.3,2201730498,1245217afb782ffa,"{""COMPUTE"": 697, ""MEMORY"": 604, ""API_CREDITS"": 335, ""DATASET"": 181}","{""COMPUTE"": 1.33428981348637, ""MEMORY"": 1.3079470198675496, ""API_CREDITS"": 1.3432835820895523, ""DATASET"": 1.149171270718232}",4,8,5,0.16554981831114557,0.0882273465990418,0.4391349863701641,0.053243776425659854,45.733367367223586,12.365716678381773,59.06160912718483
delta0.25__moderate,0.25,moderate,1.3,2207070483,82a660cc2a4cd9b5,"{""COMPUTE"": 704, ""MEMORY"": 575, ""API_CREDITS"": 345, ""DATASET"": 105}","{""COMPUTE"": 1.375, ""MEMORY"": 1.3547826086956523, ""API_CREDITS"": 1.3942028985507247, ""DATASET"": 1.1428571428571428}",4,12,10,0.21039774787815188,0.030306929320968432,0.6050500618199823,0.01953133218038296,61.45901674121606,19.767247676970122,44.24943936115438
delta0.25__moderate,0.25,moderate,1.3,2218791610,110e74c82cf40a03,"{""COMPUTE"": 797, ""MEMORY"": 615, ""API_CREDITS"": 378, ""DATASET"": 61}","{""COMPUTE"": 1.2371392722710164, ""MEMORY"": 1.2894308943089432, ""API_CREDITS"": 1.246031746031746, ""DATASET"": 2.2295081967213113}",4,14,12,0.17570048416838288,0.05450190182836048,0.5036617690185475,0.03422633578121855,44.988942601213495,9.345376702855486,58.256705206587846
delta0.25__moderate,0.25,moderate,1.3,2245371449,d72e4a1b84d4eeef,"{""COMPUTE"": 661, ""MEMORY"": 567, ""API_CREDITS"": 287, ""DATASET"": 181}","{""COMPUTE"": 1.4069591527987897, ""MEMORY"": 1.3915343915343916, ""API_CREDITS"": 1.4459930313588851, ""DATASET"": 1.281767955801105}",4,8,7,0.18764423879900297,0.09346634698699718,0.5520546382577262,0.06009816270279236,65.3111076689432,9.779036471955303,43.43020807631825
delta0.25__moderate,0.25,moderate,1.3,2264376108,1090d026f9cddf78,"{""COMPUTE"": 796, ""MEMORY"": 639, ""API_CREDITS"": 366, ""DATASET"": 119}","{""COMPUTE"": 1.2587939698492463, ""MEMORY"": 1.272300469483568, ""API_CREDITS"": 1.2540983606557377, ""DATASET"": 1.411764705882353}",4,13,9,0.17414180047725938,0.10155884915873442,0.4267561676845582,0.06380249831150647,56.50606497062639,19.347001276710852,36.59853023706055
delta0.25__moderate,0.25,moderate,1.3,2278610062,93f7e3486264dabe,"{""COMPUTE"": 873, ""MEMORY"": 745, ""API_CREDITS"": 425, ""DATASET"": 206}","{""COMPUTE"": 1.3127147766323024, ""MEMORY"": 1.3073825503355705, ""API_CREDITS"": 1.2847058823529411, ""DATASET"": 1.3203883495145632}",4,11,8,0.18529789966237153,0.08186775235962122,0.5617550550051372,0.04995078310105785,57.43969520513871,23.0927138288845,75.21098680690953
delta0.25__moderate,0.25,moderate,1.3,2305903047,52f269c3e634edda,"{""COMPUTE"": 650, ""MEMORY"": 542, ""API_CREDITS"": 281, ""DATASET"": 148}","{""COMPUTE"": 1.2092307692307693, ""MEMORY"": 1.2047970479704797, ""API_CREDITS"": 1.2206405693950177, ""DATASET"": 1.135135135135135}",4,11,10,0.19137018911963108,0.11096369899134967,0.4979824169642045,0.06843561222645039,63.31395400984167,15.370239998181482,42.44888421238232
delta0.25__moderate,0.25,moderate,1.3,2313044508,c7c01ab07d821c50,"{""COMPUTE"": 614, ""MEMORY"": 508, ""API_CREDITS"": 260, ""DATASET"": 135}","{""COMPUTE"": 1.47557003257329, ""MEMORY"": 1.5216535433070866, ""API_CREDITS"": 1.5653846153846154, ""DATASET"": 1.7185185185185186}",4,16,14,0.18496571662622444,0.13974489119837957,0.4873143428618863,0.09261211441444,43.585791347545744,12.563038467396458,50.01564102788448
delta0.25__moderate,0.25,moderate,1.3,2313893183,b59857f111a3f80c,"{""COMPUTE"": 833, ""MEMORY"": 666, ""API_CREDITS"": 400, ""DATASET"": 107}","{""COMPUTE"": 1.1668667466986795, ""MEMORY"": 1.165165165165165, ""API_CREDITS"": 1.14, ""DATASET"": 1.1962616822429906}",4,8,8,0.2061348916897335,0.05530301686059133,0.6004059266164533,0.036330965157381455,75.3341120750339,20.407299150827942,47.485192032995464
delta0.25__moderate,0.25,moderate,1.3,2323336231,15ce12d7ab0b4ef1,"{""COMPUTE"": 673, ""MEMORY"": 557, ""API_CREDITS"": 281, ""DATASET"": 152}","{""COMPUTE"": 1.3343239227340267, ""MEMORY"": 1.377019748653501, ""API_CREDITS"": 1.3558718861209964, ""DATASET"": 1.631578947368421}",4,7,7,0.19603115442064975,0.13698604733631786,0.5184432727638361,0.09453370306139781,60.35351636510353,15.624624153518633,65.17167975301952
delta0.25__moderate,0.25,moderate,1.3,2340911682,14d2786122000222,"{""COMPUTE"": 554, ""MEMORY"": 451, ""API_CREDITS"": 230, ""DATASET"": 105}","{""COMPUTE"": 1.339350180505415, ""MEMORY"": 1.328159645232816, ""API_CREDITS"": 1.4130434782608696, ""DATASET"": 1.1428571428571428}",4,9,6,0.16999336882815788,0.14258843355044926,0.4181894531096137,0.10480427222385331,38.39484499211852,14.933636310884431,15.229130862613127
delta0.25__moderate,0.25,moderate,1.3,2341361004,7e5cd861072e48be,"{""COMPUTE"": 816, ""MEMORY"": 663, ""API_CREDITS"": 390, ""DATASET"": 128}","{""COMPUTE"": 1.2941176470588236, ""MEMORY"": 1.3076923076923077, ""API_CREDITS"": 1.294871794871795, ""DATASET"": 1.4375}",4,7,7,0.2271476609800783,0.03066206152293572,0.5921501083320071,0.022422591148437355,66.11021916147119,23.459155667681614,54.11946153029499
delta0.25__moderate,0.25,moderate,1.3,2359336968,6111491b7177684b,"{""COMPUTE"": 705, ""MEMORY"": 583, ""API_CREDITS"": 352, ""DATASET"": 117}","{""COMPUTE"": 1.1063829787234043, ""MEMORY"": 1.0943396226415094, ""API_CREDITS"": 1.0965909090909092, ""DATASET"": 0.9572649572649573}",4,8,8,0.1824551141804779,0.06437464098615145,0.49685384193149806,0.038466509841354156,61.496185460704986,14.554251924145797,75.29501117729414
delta0.25__moderate,0.25,moderate,1.3,2364012430,b83e43f6f5010538,"{""COMPUTE"": 799, ""MEMORY"": 644, ""API_CREDITS"": 365, ""DATASET"": 128}","{""COMPUTE"": 1.183979974968711, ""MEMORY"": 1.173913043478261, ""API_CREDITS"": 1.2054794520547945, ""DATASET"": 1.0}",4,14,11,0.20983639885727742,0.045907688520373635,0.6177074114884465,0.029549202411496667,60.47943831477834,22.800149074556966,50.43727110642599
delta0.25__moderate,0.25,moderate,1.3,2387674784,85dbb20e674a3dd5,"{""COMPUTE"": 648, ""MEMORY"": 536, ""API_CREDITS"": 295, ""DATASET"": 127}","{""COMPUTE"": 1.4135802469135803, ""MEMORY"": 1.3955223880597014, ""API_CREDITS"": 1.423728813559322, ""DATASET"": 1.2598425196850394}",4,13,13,0.2031390182788477,0.048221205998957205,0.5847602207014281,0.031646806617299864,62.28772737208427,21.6643114685085,48.48755233757894
delta0.25__moderate,0.25,moderate,1.3,2460794327,f786c1b2ef721144,"{""COMPUTE"": 770, ""MEMORY"": 606, ""API_CREDITS"": 351, ""DATASET"": 91}","{""COMPUTE"": 1.238961038961039, ""MEMORY"": 1.2722772277227723, ""API_CREDITS"": 1.245014245014245, ""DATASET"": 1.6703296703296704}",4,16,11,0.10678213429623463,0.07387740390365057,0.44703641106390773,0.04623856922225433,36.0878278332137,7.5155722283835615,33.78223959354176
delta0.25__moderate,0.25,moderate,1.3,2465060907,4efe7b4c8546e702,"{""COMPUTE"": 421, ""MEMORY"": 378, ""API_CREDITS"": 158, ""DATASET"": 158}","{""COMPUTE"": 1.7292161520190024, ""MEMORY"": 1.619047619047619, ""API_CREDITS"": 2.0759493670886076, ""DATASET"": 1.0126582278481013}",4,15,15,0.22758787590838592,0.08609938894904584,0.48768143890495175,0.05629015236132328,73.01177613673116,18.37580131257318,63.63752872536973
delta0.25__moderate,0.25,moderate,1.3,2479492459,437f3688161a34d5,"{""COMPUTE"": 749, ""MEMORY"": 606, ""API_CREDITS"": 344, ""DATASET"": 120}","{""COMPUTE"": 1.3137516688918558, ""MEMORY"": 1.3102310231023102, ""API_CREDITS"": 1.3546511627906976, ""DATASET"": 1.2}",4,10,8,0.12323518066753462,0.07476495570058614,0.5081748651923943,0.05169102641284626,32.44339295731142,14.596529781114574,53.945048913400406
delta0.25__moderate,0.25,moderate,1.3,2555635641,adb90ca1d47e194b,"{""COMPUTE"": 600, ""MEMORY"": 525, ""API_CREDITS"": 270, ""DATASET"": 176}","{""COMPUTE"": 1.2966666666666666, ""MEMORY"": 1.28, ""API_CREDITS"": 1.2296296296296296, ""DATASET"": 1.2727272727272727}",4,17,13,0.12745598237921718,0.12327984215882024,0.4799725705998958,0.07705883078393266,29.796031696704357,13.163664271890715,52.527927409076234
delta0.25__moderate,0.25,moderate,1.3,2557315479,487901d37c703bcb,"{""COMPUTE"": 698, ""MEMORY"": 569, ""API_CREDITS"": 314, ""DATASET"": 123}","{""COMPUTE"": 1.2922636103151863, ""MEMORY"": 1.2671353251318103, ""API_CREDITS"": 1.2707006369426752, ""DATASET"": 1.1056910569105691}",4,11,8,0.17838433588438898,0.10056844368553747,0.509641335228087,0.06643386047921672,52.30575241455935,13.336051325200204,47.6788033862592
delta0.25__moderate,0.25,moderate,1.3,2582895085,aae1cd541a66da69,"{""COMPUTE"": 437, ""MEMORY"": 384, ""API_CREDITS"": 171, ""DATASET"": 144}","{""COMPUTE"": 1.7482837528604118, ""MEMORY"": 1.6432291666666667, ""API_CREDITS"": 1.9707602339181287, ""DATASET"": 1.0555555555555556}",4,16,14,0.19458298763786278,0.08413137953797685,0.44884374837352475,0.05580133989556241,75.75895489804611,11.026212216185499,49.649098565354
delta0.25__moderate,0.25,moderate,1.3,2615816904,71656da48e084863,"{""COMPUTE"": 587, ""MEMORY"": 491, ""API_CREDITS"": 294, ""DATASET"": 103}","{""COMPUTE"": 1.264054514480409, ""MEMORY"": 1.2729124236252545, ""API_CREDITS"": 1.2755102040816326, ""DATASET"": 1.3203883495145632}",4,9,9,0.24868403865682046,0.07216058919223323,0.6227018750960113,0.047599344397273764,76.64709966742232,14.808127878584793,57.55118635033468
delta0.25__moderate,0.25,moderate,1.3,2641268422,efd08d51ddb68c22,"{""COMPUTE"": 586, ""MEMORY"": 512, ""API_CREDITS"": 262, ""DATASET"": 170}","{""COMPUTE"": 1.1911262798634812, ""MEMORY"": 1.20703125, ""API_CREDITS"": 1.0763358778625953, ""DATASET"": 1.411764705882353}",4,15,12,0.18074491169209586,0.0822699370013948,0.5071042667018755,0.05334598339713428,48.43861013362653,14.353470474969926,50.23528690082097
delta0.25__moderate,0.25,moderate,1.3,2650780455,87b656955d58d434,"{""COMPUTE"": 499, ""MEMORY"": 422, ""API_CREDITS"": 230, ""DATASET"": 109}","{""COMPUTE"": 1.5190380761523046, ""MEMORY"": 1.528436018957346, ""API_CREDITS"": 1.5782608695652174, ""DATASET"": 1.5412844036697249}",4,13,9,0.19946004841401263,0.05296160582896445,0.6161044274784038,0.03283215872144035,75.01822358331368,37.30062650860949,38.09636739098973
delta0.25__moderate,0.25,moderate,1.3,2659608022,1472d18b237a7d45,"{""COMPUTE"": 674, ""MEMORY"": 576, ""API_CREDITS"": 309, ""DATASET"": 169}","{""COMPUTE"": 1.3323442136498516, ""MEMORY"": 1.3246527777777777, ""API_CREDITS"": 1.3365695792880259, ""DATASET"": 1.2781065088757397}",4,8,3,0.1670664936908037,0.14007549872821098,0.42946076922542514,0.08832519047819758,64.64883088189508,21.41090727492902,47.81549754856173
delta0.25__moderate,0.25,moderate,1.3,2662675958,f5f8c4a521d96d8d,"{""COMPUTE"": 693, ""MEMORY"": 574, ""API_CREDITS"": 358, ""DATASET"": 109}","{""COMPUTE"": 1.1803751803751803, ""MEMORY"": 1.1864111498257839, ""API_CREDITS"": 1.1592178770949721, ""DATASET"": 1.2477064220183487}",4,10,6,0.1966239010061747,0.06419464794057447,0.4966376997453162,0.042726545101964795,80.80088889859938,30.992634951677626,46.311925629751904
delta0.25__moderate,0.25,moderate,1.3,2673731007,666ae8fe0aaa9cac,"{""COMPUTE"": 675, ""MEMORY"": 545, ""API_CREDITS"": 350, ""DATASET"": 73}","{""COMPUTE"": 1.3955555555555557, ""MEMORY"": 1.420183486238532, ""API_CREDITS"": 1.3542857142857143, ""DATASET"": 1.9726027397260273}",4,14,10,0.138918858874541,0.06952189850042272,0.3785868147648584,0.046835015032442216,50.508114525284704,13.9807089173083,38.76359238026433
delta0.25__moderate,0.25,moderate,1.3,2689934569,3326e4f882265a64,"{""COMPUTE"": 638, ""MEMORY"": 521, ""API_CREDITS"": 294, ""DATASET"": 109}","{""COMPUTE"": 1.219435736677116, ""MEMORY"": 1.2245681381957774, ""API_CREDITS"": 1.1768707482993197, ""DATASET"": 1.3211009174311927}",4,17,7,0.1443922151878291,0.11939192703190214,0.4324217060212962,0.08179233842652939,38.12509406535154,17.647135984940324,35.179926379293526
delta0.25__moderate,0.25,moderate,1.3,2709531232,199d66af71fae998,"{""COMPUTE"": 735, ""MEMORY"": 624, ""API_CREDITS"": 334, ""DATASET"": 180}","{""COMPUTE"": 1.2244897959183674, ""MEMORY"": 1.251602564102564, ""API_CREDITS"": 1.1826347305389222, ""DATASET"": 1.4666666666666666}",4,15,11,0.17328120517107282,0.11684260487604384,0.4404521370114369,0.07709336094961639,71.63070459306319,15.415186312481751,57.13993433684013
delta0.25__moderate,0.25,moderate,1.3,2732825905,92cb0e3814f20498,"{""COMPUTE"": 715, ""MEMORY"": 596, ""API_CREDITS"": 337, ""DATASET"": 143}","{""COMPUTE"": 1.186013986013986, ""MEMORY"": 1.1711409395973154, ""API_CREDITS"": 1.2047477744807122, ""DATASET"": 1.006993006993007}",4,13,12,0.20079398043383193,0.09982583631743297,0.6385606455081368,0.061718831050938894,49.80555836244293,13.196527027983386,27.307472597169664
delta0.25__moderate,0.25,moderate,1.3,2788397956,053683293bf9dc5c,"{""COMPUTE"": 617, ""MEMORY"": 496, ""API_CREDITS"": 325, ""DATASET"": 56}","{""COMPUTE"": 1.3905996758508914, ""MEMORY"": 1.3971774193548387, ""API_CREDITS"": 1.3261538461538462, ""DATASET"": 1.8571428571428572}",4,17,15,0.21661528156147672,0.05948525601957227,0.4877803014803877,0.038735695128553356,63.88697208536354,23.10167459179178,38.502429071587294
delta0.25__moderate,0.25,moderate,1.3,2790330942,09fc43673d557643,"{""COMPUTE"": 692, ""MEMORY"": 572, ""API_CREDITS"": 309, ""DATASET"": 140}","{""COMPUTE"": 1.19364161849711, ""MEMORY"": 1.1975524475524475, ""API_CREDITS"": 1.2006472491909386, ""DATASET"": 1.2}",4,9,7,0.14026364010128514,0.10826602058747792,0.58288279295567,0.06704173266584416,32.77747043999246,22.40431564965188,46.705629086248244
delta0.25__moderate,0.25,moderate,1.3,2803227013,22e391501fde5a04,"{""COMPUTE"": 682, ""MEMORY"": 530, ""API_CREDITS"": 320, ""DATASET"": 58}","{""COMPUTE"": 1.1436950146627567, ""MEMORY"": 1.1566037735849057, ""API_CREDITS"": 1.159375, ""DATASET"": 1.2413793103448276}",4,11,11,0.22445848387123188,0.059615671911910535,0.6545175058408111,0.036837816947914014,63.30068640103507,11.575004248803202,36.66900408600151
delta0.25__moderate,0.25,moderate,1.3,2834917450,6bb034df98e70683,"{""COMPUTE"": 654, ""MEMORY"": 542, ""API_CREDITS"": 283, ""DATASET"": 140}","{""COMPUTE"": 1.269113149847095, ""MEMORY"": 1.2324723247232472, ""API_CREDITS"": 1.314487632508834, ""DATASET"": 0.9142857142857143}",4,14,6,0.15091644337908608,0.11235338885198841,0.4294337590647708,0.07605487266854905,49.35986859269125,17.832150203905556,39.20999629542781
delta0.25__moderate,0.25,moderate,1.3,2884304410,20282cc71b877e92,"{""COMPUTE"": 938, ""MEMORY"": 800, ""API_CREDITS"": 458, ""DATASET"": 221}","{""COMPUTE"": 1.2921108742004264, ""MEMORY"": 1.28875, ""API_CREDITS"": 1.294759825327511, ""DATASET"": 1.2669683257918551}",4,13,7,0.19120140435191088,0.06153963082974664,0.4943269444954233,0.03631403249138526,75.79917663745842,17.583935839049463,63.46818147600947
delta0.25__moderate,0.25,moderate,1.3,2899573342,3bb52d1972979efe,"{""COMPUTE"": 598, ""MEMORY"": 526, ""API_CREDITS"": 239, ""DATASET"": 204}","{""COMPUTE"": 1.2441471571906355, ""MEMORY"": 1.2281368821292775, ""API_CREDITS"": 1.213389121338912, ""DATASET"": 1.1764705882352942}",4,12,10,0.17141102961760676,0.11103480819284478,0.6139601429189038,0.07377940006449347,38.332788536087016,17.961161501405844,41.52556976743689
delta0.25__moderate,0.25,moderate,1.3,2933419437,c4b39efbe7389dda,"{""COMPUTE"": 635, ""MEMORY"": 529, ""API_CREDITS"": 305, ""DATASET"": 119}","{""COMPUTE"": 1.388976377952756, ""MEMORY"": 1.4045368620037808, ""API_CREDITS"": 1.3934426229508197, ""DATASET"": 1.546218487394958}",4,11,6,0.13683468118624245,0.07384451739231739,0.43421125918976894,0.04307063990452339,39.253213919841755,24.37509716634848,35.79896566707664
delta0.25__moderate,0.25,moderate,1.3,2952553515,c6f9fc073b0e169a,"{""COMPUTE"": 724, ""MEMORY"": 579, ""API_CREDITS"": 312, ""DATASET"": 116}","{""COMPUTE"": 1.2375690607734806, ""MEMORY"": 1.241796200345423, ""API_CREDITS"": 1.2211538461538463, ""DATASET"": 1.3103448275862069}",4,9,4,0.18495837776824867,0.11494755365048251,0.47216278936705275,0.07934682706881685,62.02511181248412,14.727619060837304,35.32991238295333
delta0.25__moderate,0.25,moderate,1.3,2955940172,9856711ca269ec83,"{""COMPUTE"": 697, ""MEMORY"": 589, ""API_CREDITS"": 314, ""DATASET"": 167}","{""COMPUTE"": 1.1362984218077474, ""MEMORY"": 1.1612903225806452, ""API_CREDITS"": 1.0955414012738853, ""DATASET"": 1.341317365269461}",4,13,8,0.19654125644652662,0.15019759561426227,0.535856532040064,0.09768437580937582,60.00715792321807,12.915192878397164,55.21414080074262
delta0.25__moderate,0.25,moderate,1.3,2981583208,539f11ce377f088c,"{""COMPUTE"": 866, ""MEMORY"": 717, ""API_CREDITS"": 439, ""DATASET"": 148}","{""COMPUTE"": 1.207852193995381, ""MEMORY"": 1.217573221757322, ""API_CREDITS"": 1.173120728929385, ""DATASET"": 1.3513513513513513}",4,11,6,0.14936184298407193,0.05406526316096855,0.40023337170735057,0.036512049634098494,37.84977761312029,15.372409184640789,37.20042294048512
delta0.25__moderate,0.25,moderate,1.3,2985129291,5e9a138f55111cb0,"{""COMPUTE"": 618, ""MEMORY"": 501, ""API_CREDITS"": 272, ""DATASET"": 106}","{""COMPUTE"": 1.5016181229773462, ""MEMORY"": 1.5089820359281436, ""API_CREDITS"": 1.5588235294117647, ""DATASET"": 1.509433962264151}",4,12,10,0.221489068522853,0.0830306005124233,0.6871531837614508,0.04915321082669966,58.7875156963934,23.2996179309677,64.1324463943863
delta0.25__moderate,0.25,moderate,1.3,2999756299,cbb8ca10c76dc7f1,"{""COMPUTE"": 668, ""MEMORY"": 534, ""API_CREDITS"": 320, ""DATASET"": 83}","{""COMPUTE"": 1.1407185628742516, ""MEMORY"": 1.202247191011236, ""API_CREDITS"": 1.05625, ""DATASET"": 2.1204819277108435}",4,12,11,0.21688306940233834,0.09061263931402402,0.557097400704949,0.05664992335377952,50.76161513889932,21.698223762998207,54.071603958891615
delta0.25__moderate,0.25,moderate,1.3,3033509426,84296fd7e3cd01d0,"{""COMPUTE"": 652, ""MEMORY"": 522, ""API_CREDITS"": 331, ""DATASET"": 67}","{""COMPUTE"": 1.4325153374233128, ""MEMORY"": 1.4252873563218391, ""API_CREDITS"": 1.4138972809667674, ""DATASET"": 1.4328358208955223}",4,15,4,0.08951797959984222,0.04564494304893991,0.4485361257618142,0.029005480792682,17.460522773262323,14.40694680192401,40.02069761768447
delta0.25__moderate,0.25,moderate,1.3,3038190311,f41da36315037efa,"{""COMPUTE"": 786, ""MEMORY"": 697, ""API_CREDITS"": 356, ""DATASET"": 257}","{""COMPUTE"": 1.3027989821882953, ""MEMORY"": 1.2611190817790532, ""API_CREDITS"": 1.2837078651685394, ""DATASET"": 1.0894941634241244}",4,15,12,0.1592811998965962,0.10882588382726589,0.42830654645635485,0.07013880663117598,50.825274068209886,13.877837841805112,34.82515835252061
delta0.25__moderate,0.25,moderate,1.3,3054276103,4ddefdc16cb06e66,"{""COMPUTE"": 814, ""MEMORY"": 701, ""API_CREDITS"": 369, ""DATASET"": 225}","{""COMPUTE"": 1.2678132678132679, ""MEMORY"": 1.2339514978601998, ""API_CREDITS"": 1.2764227642276422, ""DATASET"": 1.031111111111111}",4,11,11,0.2386247493097605,0.0932606384921427,0.5863821776283581,0.05653070421396989,92.35222042327662,19.84329495813468,40.36718130137229
delta0.25__moderate,0.25,moderate,1.3,3070189897,dc48443e62c58b9b,"{""COMPUTE"": 714, ""MEMORY"": 585, ""API_CREDITS"": 342, ""DATASET"": 118}","{""COMPUTE"": 1.2633053221288515, ""MEMORY"": 1.2666666666666666, ""API_CREDITS"": 1.2017543859649122, ""DATASET"": 1.423728813559322}",4,14,14,0.23056303660126765,0.07476994680479047,0.6200005806440805,0.04730938454599107,75.21362632524743,18.74953133617567,24.97382789815452
delta0.25__moderate,0.25,moderate,1.3,3099722351,2193d84c50d7abb4,"{""COMPUTE"": 749, ""MEMORY"": 665, ""API_CREDITS"": 340, ""DATASET"": 244}","{""COMPUTE"": 1.2843791722296396, ""MEMORY"": 1.2706766917293233, ""API_CREDITS"": 1.2794117647058822, ""DATASET"": 1.2131147540983607}",4,9,6,0.20913905451868742,0.10995606812379342,0.5480802422020813,0.07622347193306939,63.36585008499673,25.197610630494555,46.4615554251585
delta0.25__moderate,0.25,moderate,1.3,3116983969,898ba4e3434dcfca,"{""COMPUTE"": 703, ""MEMORY"": 554, ""API_CREDITS"": 353, ""DATASET"": 59}","{""COMPUTE"": 1.2489331436699858, ""MEMORY"": 1.2472924187725631, ""API_CREDITS"": 1.1813031161473089, ""DATASET"": 1.4915254237288136}",4,15,13,0.16107872236589385,0.053319618340255136,0.4012442925311554,0.03689664270758441,44.676179366126156,7.048047447280328,41.280086461191075
delta0.25__moderate,0.25,moderate,1.3,3153527322,77d9764d6c7b8fc3,"{""COMPUTE"": 988, ""MEMORY"": 810, ""API_CREDITS"": 474, ""DATASET"": 176}","{""COMPUTE"": 1.1558704453441295, ""MEMORY"": 1.15679012345679, ""API_CREDITS"": 1.1540084388185654, ""DATASET"": 1.1363636363636365}",4,17,11,0.1862207991537166,0.04816247715696349,0.5747727811602511,0.030389819543931735,70.27121852924033,18.427373826249347,48.76191167493283
delta0.25__moderate,0.25,moderate,1.3,3164050495,4856152cf6084e2f,"{""COMPUTE"": 792, ""MEMORY"": 664, ""API_CREDITS"": 373, ""DATASET"": 171}","{""COMPUTE"": 1.2626262626262625, ""MEMORY"": 1.2635542168674698, ""API_CREDITS"": 1.257372654155496, ""DATASET"": 1.263157894736842}",4,9,7,0.1857078832055111,0.08912317362452032,0.5612589318796144,0.056214242333015474,43.95847743898913,22.239385927457665,25.042809350925875
delta0.25__moderate,0.25,moderate,1.3,3166920227,a5b1134bcf271fb4,"{""COMPUTE"": 758, ""MEMORY"": 649, ""API_CREDITS"": 327, ""DATASET"": 212}","{""COMPUTE"": 1.3139841688654355, ""MEMORY"": 1.2727272727272727, ""API_CREDITS"": 1.3761467889908257, ""DATASET"": 0.9811320754716981}",4,16,7,0.1503968623603721,0.09801354221613827,0.4071703806647122,0.06011814740383326,33.913656298576335,10.1547331303393,30.4242708405167
delta0.25__moderate,0.25,moderate,1.3,3175937812,30041da53e341175,"{""COMPUTE"": 779, ""MEMORY"": 658, ""API_CREDITS"": 372, ""DATASET"": 173}","{""COMPUTE"": 1.2734274711168165, ""MEMORY"": 1.2598784194528876, ""API_CREDITS"": 1.2768817204301075, ""DATASET"": 1.1560693641618498}",4,10,10,0.23965588607814914,0.04845608488117721,0.6178554466770356,0.030573765372544925,94.75145258712037,53.20880650847792,51.79925441335404
delta0.25__moderate,0.25,moderate,1.3,3192653688,8e537c091b3f5594,"{""COMPUTE"": 967, ""MEMORY"": 799, ""API_CREDITS"": 467, ""DATASET"": 181}","{""COMPUTE"": 1.2244053774560497, ""MEMORY"": 1.2052565707133918, ""API_CREDITS"": 1.2355460385438972, ""DATASET"": 1.0165745856353592}",4,11,9,0.1881553380544367,0.03089782087993563,0.571809046826263,0.019721601320810796,71.73773803863283,27.721255683234716,50.810050382539494
delta0.25__moderate,0.25,moderate,1.3,3200726976,d4322837129afa3f,"{""COMPUTE"": 659, ""MEMORY"": 521, ""API_CREDITS"": 303, ""DATASET"": 78}","{""COMPUTE"": 1.25948406676783, ""MEMORY"": 1.3013435700575815, ""API_CREDITS"": 1.2475247524752475, ""DATASET"": 1.8461538461538463}",4,14,14,0.22551089641423142,0.051981478493213426,0.6428000217055503,0.03140078694563661,39.59014350983619,7.835952529696116,33.421333893061714
delta0.25__moderate,0.25,moderate,1.3,3225980398,c06f5a8055ffab59,"{""COMPUTE"": 771, ""MEMORY"": 632, ""API_CREDITS"": 357, ""DATASET"": 138}","{""COMPUTE"": 1.2684824902723735, ""MEMORY"": 1.2768987341772151, ""API_CREDITS"": 1.280112044817927, ""DATASET"": 1.3333333333333333}",4,12,7,0.13418326819359963,0.12486661598832685,0.3470737668992397,0.07914871095095329,51.019599749506824,12.388009889074665,21.721902651317638
delta0.25__moderate,0.25,moderate,1.3,3247708285,592ce3f0a6dd63be,"{""COMPUTE"": 669, ""MEMORY"": 561, ""API_CREDITS"": 278, ""DATASET"": 166}","{""COMPUTE"": 1.3662182361733932, ""MEMORY"": 1.3511586452762923, ""API_CREDITS"": 1.3884892086330936, ""DATASET"": 1.2530120481927711}",4,17,10,0.15015243173493617,0.10389766378269402,0.415406419407974,0.06858814874644947,59.54252285639467,19.83527495515673,24.555092857990555
delta0.25__moderate,0.25,moderate,1.3,3275511066,b7d2350a309784c1,"{""COMPUTE"": 699, ""MEMORY"": 572, ""API_CREDITS"": 345, ""DATASET"": 106}","{""COMPUTE"": 1.3390557939914163, ""MEMORY"": 1.332167832167832, ""API_CREDITS"": 1.3043478260869565, ""DATASET"": 1.3584905660377358}",4,15,15,0.22346350553257358,0.04976208967588277,0.5421986936274318,0.029151098994532044,72.35872671675271,28.183881633469543,48.989824549456436
delta0.25__moderate,0.25,moderate,1.3,3282615687,f52ec6a5019b2ffc,"{""COMPUTE"": 974, ""MEMORY"": 822, ""API_CREDITS"": 462, ""DATASET"": 224}","{""COMPUTE"": 1.0965092402464065, ""MEMORY"": 1.1058394160583942, ""API_CREDITS"": 1.0714285714285714, ""DATASET"": 1.1785714285714286}",4,13,11,0.2032826809839983,0.09320531717839733,0.46214399064607625,0.05968581151156688,84.32623120262174,16.824354644894818,69.86724098756106
delta0.25__moderate,0.25,moderate,1.3,3309075039,76ab69c1525f7836,"{""COMPUTE"": 627, ""MEMORY"": 492, ""API_CREDITS"": 287, ""DATASET"": 67}","{""COMPUTE"": 1.5055821371610845, ""MEMORY"": 1.548780487804878, ""API_CREDITS"": 1.5261324041811846, ""DATASET"": 2.1492537313432836}",4,12,10,0.2299375712354943,0.08729904953572463,0.47025930590648785,0.0639250872779849,59.28583234355946,12.984177691800491,60.1414475922727
delta0.25__moderate,0.25,moderate,1.3,3334186716,488e0fd045e0521a,"{""COMPUTE"": 621, ""MEMORY"": 523, ""API_CREDITS"": 294, ""DATASET"": 131}","{""COMPUTE"": 1.3236714975845412, ""MEMORY"": 1.305927342256214, ""API_CREDITS"": 1.336734693877551, ""DATASET"": 1.1603053435114503}",4,8,7,0.14917030028964584,0.07691332023765576,0.48975522324113235,0.04642386791602946,42.80129924785944,14.663042008741334,31.96154672231845
delta0.25__moderate,0.25,moderate,1.3,3439138492,3fe8a4018212d236,"{""COMPUTE"": 751, ""MEMORY"": 625, ""API_CREDITS"": 362, ""DATASET"": 143}","{""COMPUTE"": 1.336884154460719, ""MEMORY"": 1.3392, ""API_CREDITS"": 1.3232044198895028, ""DATASET"": 1.3986013986013985}",4,12,10,0.1878005924419275,0.04193650488307665,0.5903342750829865,0.027219873670226002,58.15735276483101,14.275206174918338,49.45842794591462
delta0.25__moderate,0.25,moderate,1.3,3447205743,3068b9fdaea2da6a,"{""COMPUTE"": 820, ""MEMORY"": 690, ""API_CREDITS"": 366, ""DATASET"": 196}","{""COMPUTE"": 1.248780487804878, ""MEMORY"": 1.2666666666666666, ""API_CREDITS"": 1.2404371584699454, ""DATASET"": 1.3877551020408163}",4,14,8,0.1564039151080249,0.09655923409039406,0.4011107515998322,0.0651588646999635,55.57395096580865,21.095019582546563,33.35631271390715
delta0.25__moderate,0.25,moderate,1.3,3460158696,4a748f1ce770c79f,"{""COMPUTE"": 871, ""MEMORY"": 708, ""API_CREDITS"": 434, ""DATASET"": 127}","{""COMPUTE"": 1.1963260619977039, ""MEMORY"": 1.2358757062146892, ""API_CREDITS"": 1.163594470046083, ""DATASET"": 1.7007874015748032}",4,12,11,0.15326571908499761,0.05426340076574816,0.5114836762655297,0.03452569612679634,49.28193009751278,11.502387914843396,20.598688688925893
delta0.25__moderate,0.25,moderate,1.3,3460268087,c490c783dbd4ccc7,"{""COMPUTE"": 610, ""MEMORY"": 500, ""API_CREDITS"": 288, ""DATASET"": 99}","{""COMPUTE"": 1.6131147540983606, ""MEMORY"": 1.598, ""API_CREDITS"": 1.6284722222222223, ""DATASET"": 1.5353535353535352}",4,12,12,0.21266356040034504,0.08681102462352462,0.5521993139707638,0.05333051400759734,51.67412669218635,19.81767024103876,53.00713943303939
delta0.25__moderate,0.25,moderate,1.3,3463781334,c77abdcedb94d27f,"{""COMPUTE"": 616, ""MEMORY"": 532, ""API_CREDITS"": 242, ""DATASET"": 194}","{""COMPUTE"": 1.3636363636363635, ""MEMORY"": 1.336466165413534, ""API_CREDITS"": 1.475206611570248, ""DATASET"": 1.1134020618556701}",4,15,14,0.2230153510571523,0.12675855996637703,0.5759846150906941,0.08201839893382303,68.29513329311088,18.556964487699293,61.194219613006396
delta0.25__moderate,0.25,moderate,1.3,3467569127,40b30160ec64755d,"{""COMPUTE"": 771, ""MEMORY"": 622, ""API_CREDITS"": 367, ""DATASET"": 113}","{""COMPUTE"": 1.2140077821011672, ""MEMORY"": 1.22508038585209, ""API_CREDITS"": 1.2261580381471389, ""DATASET"": 1.2743362831858407}",4,13,10,0.17848729907443336,0.06932075327821326,0.5869306166194402,0.04635770869368363,65.25441017902935,19.43975184318287,39.21393125984287
delta0.25__moderate,0.25,moderate,1.3,3518403916,b306a2f90669eccf,"{""COMPUTE"": 811, ""MEMORY"": 706, ""API_CREDITS"": 375, ""DATASET"": 232}","{""COMPUTE"": 1.1418002466091246, ""MEMORY"": 1.141643059490085, ""API_CREDITS"": 1.104, ""DATASET"": 1.1724137931034482}",4,17,11,0.11814626976990601,0.11414625452533068,0.49750335744661006,0.06719212959626285,57.00836735822108,20.010708530172842,62.8138399215154
delta0.25__moderate,0.25,moderate,1.3,3547154528,49161d07ccd4c273,"{""COMPUTE"": 780, ""MEMORY"": 670, ""API_CREDITS"": 361, ""DATASET"": 205}","{""COMPUTE"": 1.1564102564102565, ""MEMORY"": 1.164179104477612, ""API_CREDITS"": 1.10803324099723, ""DATASET"": 1.248780487804878}",4,14,11,0.18805026861119165,0.09887619210341679,0.5677314252957196,0.05857691667418554,73.17174751811122,11.092764045057004,34.43662326541062
delta0.25__moderate,0.25,moderate,1.3,3556888763,15b0dc36b3417731,"{""COMPUTE"": 887, ""MEMORY"": 746, ""API_CREDITS"": 422, ""DATASET"": 195}","{""COMPUTE"": 1.2085682074408117, ""MEMORY"": 1.2292225201072386, ""API_CREDITS"": 1.2109004739336493, ""DATASET"": 1.353846153846154}",4,16,10,0.1230274289303369,0.11425980945186084,0.42286066455021337,0.0706429387848649,39.729161922544534,20.487712231923492,42.88821098370864
delta0.25__moderate,0.25,moderate,1.3,3585070197,a735a77aab4e09d5,"{""COMPUTE"": 654, ""MEMORY"": 518, ""API_CREDITS"": 301, ""DATASET"": 78}","{""COMPUTE"": 1.363914373088685, ""MEMORY"": 1.4131274131274132, ""API_CREDITS"": 1.3687707641196014, ""DATASET"": 2.051282051282051}",4,14,12,0.18032138905053183,0.0886614883428114,0.5444747449450786,0.057390553635111786,46.37689919131549,11.831240102412464,58.27757008028737
delta0.25__moderate,0.25,moderate,1.3,3597312856,5d603e1ef1de7ba3,"{""COMPUTE"": 655, ""MEMORY"": 528, ""API_CREDITS"": 311, ""DATASET"": 92}","{""COMPUTE"": 1.4687022900763358, ""MEMORY"": 1.4431818181818181, ""API_CREDITS"": 1.459807073954984, ""DATASET"": 1.2173913043478262}",4,12,11,0.21163389345042408,0.06217077922077922,0.4755355197408077,0.04311640211640211,68.68102324682795,21.95650257317857,47.327446730179
delta0.25__moderate,0.25,moderate,1.3,3646743967,e121e86cee76f6ca,"{""COMPUTE"": 918, ""MEMORY"": 760, ""API_CREDITS"": 460, ""DATASET"": 162}","{""COMPUTE"": 1.1808278867102397, ""MEMORY"": 1.2171052631578947, ""API_CREDITS"": 1.1195652173913044, ""DATASET"": 1.6296296296296295}",4,13,12,0.21049540535805986,0.03802658776342987,0.6051549192507588,0.025341979270550704,67.29133393335098,16.848867908843033,52.63277534656473
delta0.25__moderate,0.25,moderate,1.3,3702281959,e185dc46e34f16ff,"{""COMPUTE"": 515, ""MEMORY"": 407, ""API_CREDITS"": 279, ""DATASET"": 24}","{""COMPUTE"": 1.3436893203883495, ""MEMORY"": 1.339066339066339, ""API_CREDITS"": 1.2867383512544803, ""DATASET"": 1.6666666666666667}",4,11,10,0.1530518410816675,0.03106967019263845,0.3832499265181168,0.01929703624871001,39.46616191652571,11.27120275202771,45.17414048019385
delta0.25__moderate,0.25,moderate,1.3,3703198363,d70231f45485e9f2,"{""COMPUTE"": 464, ""MEMORY"": 410, ""API_CREDITS"": 170, ""DATASET"": 167}","{""COMPUTE"": 1.3275862068965518, ""MEMORY"": 1.3073170731707318, ""API_CREDITS"": 1.4352941176470588, ""DATASET"": 1.1497005988023952}",4,11,9,0.190993405223122,0.11522572763442772,0.5845592158174551,0.07328361008311624,46.66579703934604,11.127777257841773,37.29197851480565
delta0.25__moderate,0.25,moderate,1.3,3722197476,7b5f32a491be6a0e,"{""COMPUTE"": 829, ""MEMORY"": 677, ""API_CREDITS"": 405, ""DATASET"": 132}","{""COMPUTE"": 1.232810615199035, ""MEMORY"": 1.243722304283604, ""API_CREDITS"": 1.2296296296296296, ""DATASET"": 1.3333333333333333}",4,15,15,0.21026546467900964,0.061068679067923175,0.5927043203781103,0.042965917642019145,56.79179937756778,10.518740050417584,31.864275696216016
delta0.25__moderate,0.25,moderate,1.3,3732653027,7d4df6a3bcc8f49c,"{""COMPUTE"": 830, ""MEMORY"": 678, ""API_CREDITS"": 372, ""DATASET"": 156}","{""COMPUTE"": 1.363855421686747, ""MEMORY"": 1.3893805309734513, ""API_CREDITS"": 1.403225806451613, ""DATASET"": 1.5384615384615385}",4,9,6,0.16702823027690136,0.08036329973637331,0.6009102799983458,0.04814534458748215,64.18567676029325,14.944208289655469,42.16135730685695
delta0.25__moderate,0.25,moderate,1.3,3755261675,533c45a01484faae,"{""COMPUTE"": 555, ""MEMORY"": 491, ""API_CREDITS"": 225, ""DATASET"": 191}","{""COMPUTE"": 1.218018018018018, ""MEMORY"": 1.1934826883910388, ""API_CREDITS"": 1.2, ""DATASET"": 1.0890052356020943}",4,15,12,0.21985839668748527,0.1568297407946314,0.46632432388739753,0.10400176633776054,60.266123369675995,13.70275720104759,52.25949680816739
delta0.25__moderate,0.25,moderate,1.3,3819244249,6edc6ca1a83dc650,"{""COMPUTE"": 791, ""MEMORY"": 637, ""API_CREDITS"": 394, ""DATASET"": 101}","{""COMPUTE"": 1.261694058154235, ""MEMORY"": 1.2888540031397173, ""API_CREDITS"": 1.236040609137056, ""DATASET"": 1.6633663366336633}",4,19,9,0.11363723415872488,0.05874225088912295,0.33293652485175596,0.03991458393919122,34.51152002366248,12.786086798588622,33.61074188109966
delta0.25__moderate,0.25,moderate,1.3,3825070817,c586d81d29b88613,"{""COMPUTE"": 381, ""MEMORY"": 338, ""API_CREDITS"": 161, ""DATASET"": 119}","{""COMPUTE"": 1.5013123359580052, ""MEMORY"": 1.4289940828402368, ""API_CREDITS"": 1.6211180124223603, ""DATASET"": 1.0084033613445378}",4,11,8,0.184319656778176,0.09767594889167483,0.5848407623558148,0.056957034889820755,57.302873547120406,16.09186924296542,34.46545734895021
delta0.25__moderate,0.25,moderate,1.3,3829285020,1fa3888e5ee09cb7,"{""COMPUTE"": 617, ""MEMORY"": 505, ""API_CREDITS"": 296, ""DATASET"": 96}","{""COMPUTE"": 1.3646677471636952, ""MEMORY"": 1.3405940594059407, ""API_CREDITS"": 1.3885135135135136, ""DATASET"": 1.0833333333333333}",4,11,10,0.2095470440313304,0.06930838037616258,0.5914803993256155,0.04413304529916839,64.68110097529333,18.034327995803697,54.795704162896094
delta0.25__moderate,0.25,moderate,1.3,3829736852,2343a716dc04723a,"{""COMPUTE"": 608, ""MEMORY"": 528, ""API_CREDITS"": 241, ""DATASET"": 195}","{""COMPUTE"": 1.5, ""MEMORY"": 1.456439393939394, ""API_CREDITS"": 1.6058091286307055, ""DATASET"": 1.1897435897435897}",4,9,7,0.17745781892861565,0.10721686480179256,0.46180767145954627,0.07660466552094171,68.09689721517911,14.976693222238495,46.004980026981535
delta0.25__moderate,0.25,moderate,1.3,3834605579,9520c732d3369fff,"{""COMPUTE"": 661, ""MEMORY"": 572, ""API_CREDITS"": 299, ""DATASET"": 182}","{""COMPUTE"": 1.3040847201210288, ""MEMORY"": 1.3251748251748252, ""API_CREDITS"": 1.2642140468227425, ""DATASET"": 1.4945054945054945}",4,15,11,0.17724246247636347,0.0735364568589857,0.6061057470060952,0.04307699802241383,79.20887463615776,22.073569106047245,40.8658227965035
delta0.25__moderate,0.25,moderate,1.3,3862073378,51128d31f2b4eafa,"{""COMPUTE"": 701, ""MEMORY"": 613, ""API_CREDITS"": 331, ""DATASET"": 198}","{""COMPUTE"": 1.3951497860199715, ""MEMORY"": 1.3964110929853182, ""API_CREDITS"": 1.365558912386707, ""DATASET"": 1.4545454545454546}",4,6,4,0.19727460773798003,0.11985135583141407,0.7008324269119127,0.08641439985824212,60.05035796158802,24.458197807624256,109.40256981841942
delta0.25__moderate,0.25,moderate,1.3,3896223086,2f20e31e2505dbfc,"{""COMPUTE"": 834, ""MEMORY"": 686, ""API_CREDITS"": 388, ""DATASET"": 156}","{""COMPUTE"": 1.3069544364508394, ""MEMORY"": 1.293002915451895, ""API_CREDITS"": 1.3118556701030928, ""DATASET"": 1.1794871794871795}",4,7,2,0.10846745892341382,0.07801772747555881,0.36003531877355427,0.05126255921868541,29.276744588671175,14.472475492440852,31.307494177676315
delta0.25__moderate,0.25,moderate,1.3,3902540653,747f4d0c1c14e7b0,"{""COMPUTE"": 827, ""MEMORY"": 668, ""API_CREDITS"": 373, ""DATASET"": 138}","{""COMPUTE"": 1.0931076178960097, ""MEMORY"": 1.1062874251497006, ""API_CREDITS"": 1.0214477211796247, ""DATASET"": 1.3333333333333333}",4,12,9,0.17587179399063135,0.10117256259228836,0.49315899586244266,0.07272552783296554,53.29060472929398,22.365489655369412,49.630737494802396
delta0.25__moderate,0.25,moderate,1.3,3945030225,7665205cd4f94156,"{""COMPUTE"": 681, ""MEMORY"": 583, ""API_CREDITS"": 301, ""DATASET"": 182}","{""COMPUTE"": 1.3509544787077827, ""MEMORY"": 1.3293310463121784, ""API_CREDITS"": 1.372093023255814, ""DATASET"": 1.1868131868131868}",4,10,7,0.18820616186853645,0.09333916017626179,0.5160708477810343,0.06407521824883984,63.843174986837575,24.38377577422524,43.45125058360308
delta0.25__moderate,0.25,moderate,1.3,3947356923,80a2b7eda039e329,"{""COMPUTE"": 530, ""MEMORY"": 473, ""API_CREDITS"": 204, ""DATASET"": 197}","{""COMPUTE"": 1.2188679245283018, ""MEMORY"": 1.221987315010571, ""API_CREDITS"": 1.2254901960784315, ""DATASET"": 1.218274111675127}",4,15,12,0.17022645151786578,0.12215438108506046,0.5428124391512227,0.07873822652945152,45.30434280209468,9.615864624991602,50.89292488617726
delta0.25__moderate,0.25,moderate,1.3,3981156840,5c1a72e00a7cae4a,"{""COMPUTE"": 553, ""MEMORY"": 469, ""API_CREDITS"": 243, ""DATASET"": 135}","{""COMPUTE"": 1.3236889692585896, ""MEMORY"": 1.3113006396588487, ""API_CREDITS"": 1.4032921810699588, ""DATASET"": 1.125925925925926}",4,10,5,0.07485288930881157,0.13785510424497868,0.3889070672281229,0.08792598725646623,21.382255433236114,18.718088049363555,54.56160559108491
delta0.25__moderate,0.25,moderate,1.3,3996589783,1986495df4b1ef1c,"{""COMPUTE"": 738, ""MEMORY"": 658, ""API_CREDITS"": 331, ""DATASET"": 248}","{""COMPUTE"": 1.151761517615176, ""MEMORY"": 1.168693009118541, ""API_CREDITS"": 1.0604229607250755, ""DATASET"": 1.3225806451612903}",4,12,11,0.11648521302978364,0.13055509922025726,0.34126198202188385,0.08887718211995016,31.350282813377543,14.785051600627432,49.65436119849901
delta0.25__moderate,0.25,moderate,1.3,4024888051,aa7fdb0b8fc99d71,"{""COMPUTE"": 397, ""MEMORY"": 357, ""API_CREDITS"": 153, ""DATASET"": 146}","{""COMPUTE"": 1.5113350125944585, ""MEMORY"": 1.5406162464985995, ""API_CREDITS"": 1.5816993464052287, ""DATASET"": 1.643835616438356}",4,15,13,0.20622762562385233,0.0983000638556801,0.530864098876176,0.061352682509802824,75.40090452830954,25.56654625409614,62.05148819890659
delta0.25__moderate,0.25,moderate,1.3,4030503373,85509cab806450fb,"{""COMPUTE"": 500, ""MEMORY"": 424, ""API_CREDITS"": 209, ""DATASET"": 126}","{""COMPUTE"": 1.348, ""MEMORY"": 1.3632075471698113, ""API_CREDITS"": 1.4066985645933014, ""DATASET"": 1.3968253968253967}",4,16,14,0.2052535732762377,0.10330178046271751,0.6797624475835281,0.07243783833379211,54.91150356730051,12.514031393931964,62.77556022978107
delta0.25__moderate,0.25,moderate,1.3,4039868181,d30c61241880d971,"{""COMPUTE"": 603, ""MEMORY"": 517, ""API_CREDITS"": 298, ""DATASET"": 135}","{""COMPUTE"": 1.2769485903814262, ""MEMORY"": 1.263056092843327, ""API_CREDITS"": 1.2315436241610738, ""DATASET"": 1.2444444444444445}",4,16,13,0.17153391649778837,0.09121883869546485,0.6029354989689494,0.06117741121490935,47.82666151408034,13.309563992084366,31.35960740752971
delta0.25__moderate,0.25,moderate,1.3,4070281976,0ec08e9c64bcd84d,"{""COMPUTE"": 842, ""MEMORY"": 735, ""API_CREDITS"": 389, ""DATASET"": 247}","{""COMPUTE"": 1.2731591448931117, ""MEMORY"": 1.273469387755102, ""API_CREDITS"": 1.2544987146529563, ""DATASET"": 1.2955465587044535}",4,10,9,0.22282472327993483,0.04695754542903909,0.628194047059519,0.0317268423580327,99.8213797240957,15.688791294828924,44.920655903726576
delta0.25__moderate,0.25,moderate,1.3,4074372378,61455ce6a6f274a3,"{""COMPUTE"": 868, ""MEMORY"": 707, ""API_CREDITS"": 432, ""DATASET"": 129}","{""COMPUTE"": 1.0691244239631337, ""MEMORY"": 1.1046676096181047, ""API_CREDITS"": 1.0162037037037037, ""DATASET"": 1.550387596899225}",4,15,14,0.2134265069617097,0.07854060469461085,0.568054866745086,0.05043336096780838,73.17562464168462,21.22832825090229,56.49653747064071
delta0.25__moderate,0.25,moderate,1.3,4082760487,d53ca0dc8777f0b8,"{""COMPUTE"": 784, ""MEMORY"": 659, ""API_CREDITS"": 377, ""DATASET"": 166}","{""COMPUTE"": 1.3801020408163265, ""MEMORY"": 1.3535660091047041, ""API_CREDITS"": 1.389920424403183, ""DATASET"": 1.1566265060240963}",4,14,10,0.1833487688011258,0.054279639427035745,0.4084967170494307,0.03267702143833772,62.423251340880974,14.56393905450651,28.864902396000844
delta0.25__moderate,0.25,moderate,1.3,4095462803,a4665dc0b2fa7731,"{""COMPUTE"": 656, ""MEMORY"": 528, ""API_CREDITS"": 341, ""DATASET"": 67}","{""COMPUTE"": 1.396341463414634, ""MEMORY"": 1.428030303030303, ""API_CREDITS"": 1.343108504398827, ""DATASET"": 2.1492537313432836}",4,12,11,0.20173513831317913,0.028930276079698506,0.528753117385493,0.019876672947555355,54.59690844145589,21.626654225179788,40.01149048889041
delta0.25__moderate,0.25,moderate,1.3,4099285905,28cf1a67d985cccd,"{""COMPUTE"": 672, ""MEMORY"": 553, ""API_CREDITS"": 317, ""DATASET"": 118}","{""COMPUTE"": 1.1607142857142858, ""MEMORY"": 1.1790235081374323, ""API_CREDITS"": 1.135646687697161, ""DATASET"": 1.3559322033898304}",4,17,16,0.2096001589479495,0.07728493607243606,0.47930358513445853,0.04996959977428728,61.24176586037823,7.4938413697458985,46.35391698967919
delta0.25__moderate,0.25,moderate,1.3,4105600667,b550a7c55e88ed5a,"{""COMPUTE"": 748, ""MEMORY"": 646, ""API_CREDITS"": 361, ""DATASET"": 192}","{""COMPUTE"": 1.2299465240641712, ""MEMORY"": 1.238390092879257, ""API_CREDITS"": 1.185595567867036, ""DATASET"": 1.3333333333333333}",4,10,5,0.1425372300513447,0.11930926828794826,0.45116627526008046,0.07003906263990041,47.84499178134246,6.25193564833178,41.78693478837672
delta0.25__moderate,0.25,moderate,1.3,4163155962,61bbbf222174cb35,"{""COMPUTE"": 690, ""MEMORY"": 585, ""API_CREDITS"": 338, ""DATASET"": 148}","{""COMPUTE"": 1.173913043478261, ""MEMORY"": 1.2119658119658119, ""API_CREDITS"": 1.1094674556213018, ""DATASET"": 1.5675675675675675}",4,12,11,0.20159917074622422,0.10033931016278975,0.5407910002747519,0.05799631514413298,81.36559598290252,20.120340266652683,39.274437878807014
delta0.25__moderate,0.25,moderate,1.3,4171035140,ba870c2e74472e73,"{""COMPUTE"": 741, ""MEMORY"": 634, ""API_CREDITS"": 345, ""DATASET"": 187}","{""COMPUTE"": 1.2955465587044535, ""MEMORY"": 1.2965299684542586, ""API_CREDITS"": 1.3043478260869565, ""DATASET"": 1.2834224598930482}",4,12,10,0.1716040779664938,0.09752720917134458,0.5517180079904929,0.06909707938229352,55.7478442486977,20.462186537612816,53.94251165291692
delta0.25__moderate,0.25,moderate,1.3,4184451528,1090aec180762de0,"{""COMPUTE"": 784, ""MEMORY"": 649, ""API_CREDITS"": 371, ""DATASET"": 149}","{""COMPUTE"": 1.2244897959183674, ""MEMORY"": 1.2357473035439137, ""API_CREDITS"": 1.1805929919137466, ""DATASET"": 1.395973154362416}",4,11,9,0.18651831707329927,0.10506760832686232,0.5322050269041967,0.06511392044645446,61.65475663375505,13.494186356879533,34.3846802048541
delta0.25__moderate,0.25,moderate,1.3,4190426423,16a01a1376e064d2,"{""COMPUTE"": 559, ""MEMORY"": 496, ""API_CREDITS"": 238, ""DATASET"": 187}","{""COMPUTE"": 1.1985688729874777, ""MEMORY"": 1.1794354838709677, ""API_CREDITS"": 1.2058823529411764, ""DATASET"": 1.0695187165775402}",4,8,6,0.18475349458790322,0.15607262947780187,0.5724751593523196,0.10165682174183133,70.4702259953893,15.500914748878657,59.141679796171665
delta0.25__moderate,0.25,moderate,1.3,4202249207,2c5a51b22bd00533,"{""COMPUTE"": 731, ""MEMORY"": 595, ""API_CREDITS"": 342, ""DATASET"": 120}","{""COMPUTE"": 1.3816689466484269, ""MEMORY"": 1.3512605042016808, ""API_CREDITS"": 1.391812865497076, ""DATASET"": 1.0666666666666667}",4,12,11,0.1916869844490685,0.06020069917958262,0.5566773076019875,0.0432412149800137,61.55372955185761,16.852298570454824,48.21188747041138
delta0.25__moderate,0.25,moderate,1.3,4206761894,921af3bd3e484a16,"{""COMPUTE"": 874, ""MEMORY"": 731, ""API_CREDITS"": 421, ""DATASET"": 180}","{""COMPUTE"": 1.1853546910755148, ""MEMORY"": 1.20109439124487, ""API_CREDITS"": 1.163895486935867, ""DATASET"": 1.3333333333333333}",4,13,11,0.19496857195466974,0.06157141651938348,0.5847804952682277,0.04010603358028562,80.810015426752,42.25265875178975,59.851206700361935
delta0.50__high,0.5,high,1.9,19063083,3d931242a3b945c8,"{""COMPUTE"": 429, ""MEMORY"": 330, ""API_CREDITS"": 192, ""DATASET"": 36}","{""COMPUTE"": 1.4825174825174825, ""MEMORY"": 1.5636363636363637, ""API_CREDITS"": 1.5, ""DATASET"": 2.6666666666666665}",4,25,17,0.3809351824992429,0.1361337513061651,0.48894202676429527,0.09609058459633173,69.38390243279859,10.085867889864849,22.878887431606557
delta0.50__high,0.5,high,1.9,27327381,588d305a75a21d77,"{""COMPUTE"": 480, ""MEMORY"": 378, ""API_CREDITS"": 239, ""DATASET"": 41}","{""COMPUTE"": 1.7791666666666666, ""MEMORY"": 1.8386243386243386, ""API_CREDITS"": 1.7615062761506277, ""DATASET"": 2.926829268292683}",4,26,21,0.3977819931498126,0.07857636190969523,0.556997398581902,0.0534555621049874,94.77757045845776,14.01743047209755,34.90543927621653
delta0.50__high,0.5,high,1.9,73091972,78f7773731c067bf,"{""COMPUTE"": 381, ""MEMORY"": 333, ""API_CREDITS"": 167, ""DATASET"": 113}","{""COMPUTE"": 2.6351706036745406, ""MEMORY"": 2.6156156156156154, ""API_CREDITS"": 2.784431137724551, ""DATASET"": 2.47787610619469}",4,22,17,0.42592959716774265,0.07114596478115769,0.6035899833329681,0.04510580791082444,187.59608713774256,50.462646189409845,56.956141425625354
delta0.50__high,0.5,high,1.9,75104030,1d6ece64fc6f3bec,"{""COMPUTE"": 274, ""MEMORY"": 250, ""API_CREDITS"": 104, ""DATASET"": 110}","{""COMPUTE"": 2.5036496350364965, ""MEMORY"": 2.364, ""API_CREDITS"": 2.894230769230769, ""DATASET"": 1.6727272727272726}",4,19,15,0.4072642711554682,0.09410182935009406,0.6853440152510717,0.06448924101999089,90.85021585260661,20.769848489696614,74.57995032217322
delta0.50__high,0.5,high,1.9,75640271,cbde3db2ff449482,"{""COMPUTE"": 491, ""MEMORY"": 428, ""API_CREDITS"": 225, ""DATASET"": 143}","{""COMPUTE"": 2.1710794297352343, ""MEMORY"": 2.046728971962617, ""API_CREDITS"": 2.24, ""DATASET"": 1.3426573426573427}",4,26,15,0.2567527392536377,0.055758150820346804,0.44393375720972045,0.036577047924853785,105.14657258087595,14.199917925564577,60.47817898928278
delta0.50__high,0.5,high,1.9,87781505,2d8740811d53fc7f,"{""COMPUTE"": 462, ""MEMORY"": 389, ""API_CREDITS"": 221, ""DATASET"": 98}","{""COMPUTE"": 2.1645021645021645, ""MEMORY"": 2.095115681233933, ""API_CREDITS"": 2.2126696832579187, ""DATASET"": 1.5510204081632653}",4,20,16,0.34783228510984693,0.048770313161305236,0.618174333684208,0.02920015281547322,108.45828529073854,15.461895106970838,43.423307219389365
delta0.50__high,0.5,high,1.9,94885586,af55ef68cb0c3e27,"{""COMPUTE"": 510, ""MEMORY"": 429, ""API_CREDITS"": 237, ""DATASET"": 113}","{""COMPUTE"": 1.8196078431372549, ""MEMORY"": 1.8764568764568765, ""API_CREDITS"": 1.7679324894514767, ""DATASET"": 2.336283185840708}",4,26,15,0.33184575669866373,0.09728018317529773,0.5936644236228146,0.05880202539445808,109.05169464909204,17.577961884412947,45.18843785873825
delta0.50__high,0.5,high,1.9,101192955,1c08059d6ded8457,"{""COMPUTE"": 474, ""MEMORY"": 410, ""API_CREDITS"": 229, ""DATASET"": 121}","{""COMPUTE"": 1.8523206751054853, ""MEMORY"": 1.8878048780487804, ""API_CREDITS"": 1.737991266375546, ""DATASET"": 2.2479338842975207}",4,26,17,0.32639380745698005,0.12152216739022294,0.610202262598281,0.09104161602714843,120.9771694033118,24.95556135654139,35.91130241469424
delta0.50__high,0.5,high,1.9,108416726,6c79580e23a17a1f,"{""COMPUTE"": 422, ""MEMORY"": 349, ""API_CREDITS"": 198, ""DATASET"": 76}","{""COMPUTE"": 2.09478672985782, ""MEMORY"": 2.0687679083094554, ""API_CREDITS"": 2.111111111111111, ""DATASET"": 1.894736842105263}",4,20,12,0.2847547494033687,0.08946716008457622,0.5187571980165231,0.05790146467294982,97.66584180188345,20.0514609194521,36.70689206726066
delta0.50__high,0.5,high,1.9,112626036,f9a593edf23db2ef,"{""COMPUTE"": 483, ""MEMORY"": 389, ""API_CREDITS"": 220, ""DATASET"": 73}","{""COMPUTE"": 2.0662525879917184, ""MEMORY"": 2.120822622107969, ""API_CREDITS"": 2.0681818181818183, ""DATASET"": 2.73972602739726}",4,21,14,0.3713777433996918,0.09929037125905739,0.6427646231653888,0.06331553706363577,105.39345678547481,21.584019923400053,42.46200699552111
delta0.50__high,0.5,high,1.9,129877774,aef9a817947e1c8e,"{""COMPUTE"": 625, ""MEMORY"": 514, ""API_CREDITS"": 308, ""DATASET"": 106}","{""COMPUTE"": 1.6128, ""MEMORY"": 1.632295719844358, ""API_CREDITS"": 1.4837662337662338, ""DATASET"": 2.0377358490566038}",4,33,29,0.3709462427620622,0.08980176908948681,0.6551419116446169,0.0608399172668855,108.55966313026006,24.47865312510764,86.02287102513309
delta0.50__high,0.5,high,1.9,139216186,ac4973dbf4e8f3c4,"{""COMPUTE"": 365, ""MEMORY"": 309, ""API_CREDITS"": 158, ""DATASET"": 87}","{""COMPUTE"": 2.0054794520547947, ""MEMORY"": 2.0970873786407767, ""API_CREDITS"": 1.8481012658227849, ""DATASET"": 2.942528735632184}",4,23,16,0.34435765706089055,0.12170839181542686,0.6359315933719958,0.07484439404424313,96.30011713410113,23.055003743742134,58.900533895635725
delta0.50__high,0.5,high,1.9,139730805,961a05c448701ada,"{""COMPUTE"": 546, ""MEMORY"": 430, ""API_CREDITS"": 261, ""DATASET"": 58}","{""COMPUTE"": 1.6336996336996337, ""MEMORY"": 1.658139534883721, ""API_CREDITS"": 1.6666666666666667, ""DATASET"": 1.793103448275862}",4,20,16,0.32145076577641635,0.05825051881367774,0.5479245521722341,0.039651059759953054,83.10409117252657,10.437133946579365,25.499828384202242
delta0.50__high,0.5,high,1.9,147261721,dcb4194731c52796,"{""COMPUTE"": 450, ""MEMORY"": 364, ""API_CREDITS"": 210, ""DATASET"": 68}","{""COMPUTE"": 1.7733333333333334, ""MEMORY"": 1.8186813186813187, ""API_CREDITS"": 1.819047619047619, ""DATASET"": 2.1176470588235294}",4,23,23,0.4107530445022312,0.07923711250501489,0.6302128163595454,0.04814407321966658,132.93361087303379,22.418903959155557,40.82232761741191
delta0.50__high,0.5,high,1.9,152599165,eb4d0c99438c2f6c,"{""COMPUTE"": 523, ""MEMORY"": 429, ""API_CREDITS"": 258, ""DATASET"": 83}","{""COMPUTE"": 1.5105162523900573, ""MEMORY"": 1.5407925407925407, ""API_CREDITS"": 1.3914728682170543, ""DATASET"": 2.0240963855421685}",4,23,18,0.34786300771037876,0.11507207450560969,0.5765562041371914,0.07184523667416075,114.11960524253563,19.43362688018456,53.95467191686382
delta0.50__high,0.5,high,1.9,153676091,78c1a575d04115a2,"{""COMPUTE"": 488, ""MEMORY"": 407, ""API_CREDITS"": 246, ""DATASET"": 86}","{""COMPUTE"": 1.75, ""MEMORY"": 1.7444717444717446, ""API_CREDITS"": 1.7479674796747968, ""DATASET"": 1.6744186046511629}",4,20,10,0.2707938278904382,0.07358947020386344,0.4730177271791261,0.04795753497566909,96.05626862497257,19.207049733371182,63.10345311864458
delta0.50__high,0.5,high,1.9,173143613,bafd4d92dca232d4,"{""COMPUTE"": 249, ""MEMORY"": 219, ""API_CREDITS"": 115, ""DATASET"": 67}","{""COMPUTE"": 2.8514056224899598, ""MEMORY"": 2.684931506849315, ""API_CREDITS"": 2.8869565217391306, ""DATASET"": 1.9104477611940298}",4,21,15,0.38266075373399416,0.13607827607827608,0.5180454804855926,0.09892997392997394,103.77060406907356,15.787626198623771,42.818049079339026
delta0.50__high,0.5,high,1.9,190642350,11d264d64dfa12f2,"{""COMPUTE"": 511, ""MEMORY"": 429, ""API_CREDITS"": 227, ""DATASET"": 120}","{""COMPUTE"": 1.9882583170254402, ""MEMORY"": 1.9906759906759908, ""API_CREDITS"": 2.0, ""DATASET"": 2.0}",4,28,22,0.35899963125405526,0.0698239561968292,0.6677469915021016,0.04408668666188709,110.53131241303497,17.62936289086241,65.46780247923529
delta0.50__high,0.5,high,1.9,207766894,6eb0a7dccdea1612,"{""COMPUTE"": 636, ""MEMORY"": 527, ""API_CREDITS"": 298, ""DATASET"": 128}","{""COMPUTE"": 1.8553459119496856, ""MEMORY"": 1.8766603415559773, ""API_CREDITS"": 1.8355704697986577, ""DATASET"": 2.0625}",4,25,10,0.1747712327879127,0.10086361282492291,0.30751382182890724,0.06191607791476911,62.37216882968442,16.63193753338558,14.978231792745882
delta0.50__high,0.5,high,1.9,214952310,211cd15469d6ddd2,"{""COMPUTE"": 509, ""MEMORY"": 433, ""API_CREDITS"": 228, ""DATASET"": 130}","{""COMPUTE"": 1.776031434184676, ""MEMORY"": 1.8221709006928406, ""API_CREDITS"": 1.8026315789473684, ""DATASET"": 2.0307692307692307}",4,23,16,0.3595073414012154,0.024432606345543322,0.5908737112586404,0.016468921154298953,84.23474503301433,22.049729022269347,43.911126008778744
delta0.50__high,0.5,high,1.9,223200515,809a32d6fd90dc45,"{""COMPUTE"": 414, ""MEMORY"": 358, ""API_CREDITS"": 177, ""DATASET"": 121}","{""COMPUTE"": 2.004830917874396, ""MEMORY"": 2.016759776536313, ""API_CREDITS"": 2.0903954802259888, ""DATASET"": 1.9834710743801653}",4,21,16,0.2932050526830546,0.10346557489943632,0.5397247343841949,0.06595537758705927,65.04130086176947,17.47551013837568,78.99616890061573
delta0.50__high,0.5,high,1.9,271508238,54c3d8d5b8444e73,"{""COMPUTE"": 419, ""MEMORY"": 361, ""API_CREDITS"": 185, ""DATASET"": 114}","{""COMPUTE"": 2.1861575178997614, ""MEMORY"": 2.07202216066482, ""API_CREDITS"": 2.27027027027027, ""DATASET"": 1.4035087719298245}",4,20,17,0.3424354468782665,0.07535918936815997,0.5325422105523636,0.05163052741204388,116.82381457729561,6.7415627425872025,22.701627418419417
delta0.50__high,0.5,high,1.9,278611269,deb28ae552c266cc,"{""COMPUTE"": 448, ""MEMORY"": 411, ""API_CREDITS"": 178, ""DATASET"": 191}","{""COMPUTE"": 2.2723214285714284, ""MEMORY"": 2.1946472019464722, ""API_CREDITS"": 2.550561797752809, ""DATASET"": 1.7591623036649215}",4,21,13,0.2869219285702947,0.08491460799267019,0.5242859608592609,0.058466010695225834,75.60837032363875,6.272769003715993,63.60606114883734
delta0.50__high,0.5,high,1.9,279304908,fb7522edc5c13b65,"{""COMPUTE"": 419, ""MEMORY"": 356, ""API_CREDITS"": 183, ""DATASET"": 106}","{""COMPUTE"": 1.532219570405728, ""MEMORY"": 1.5646067415730338, ""API_CREDITS"": 1.6120218579234973, ""DATASET"": 1.5849056603773586}",4,24,19,0.2933087258217764,0.13406365024624042,0.5440813772346269,0.08575873388144556,73.0845109756975,8.720169778864586,37.587123833903014
delta0.50__high,0.5,high,1.9,284064978,cdb92f16c7481dcb,"{""COMPUTE"": 500, ""MEMORY"": 428, ""API_CREDITS"": 248, ""DATASET"": 115}","{""COMPUTE"": 2.248, ""MEMORY"": 2.235981308411215, ""API_CREDITS"": 2.189516129032258, ""DATASET"": 2.2956521739130435}",4,23,19,0.4178020546429219,0.038548019013370766,0.6116058003255321,0.02504945207993271,152.1610557593131,29.52559792469445,60.710994068782334
delta0.50__high,0.5,high,1.9,322453867,85be572fa0fe722d,"{""COMPUTE"": 508, ""MEMORY"": 405, ""API_CREDITS"": 246, ""DATASET"": 60}","{""COMPUTE"": 2.326771653543307, ""MEMORY"": 2.3925925925925924, ""API_CREDITS"": 2.33739837398374, ""DATASET"": 3.3333333333333335}",4,22,20,0.41887259779121155,0.02671708582418486,0.6476071653984591,0.016956550786139665,153.01928142048746,24.934076706469625,59.371875932314424
delta0.50__high,0.5,high,1.9,343457384,ef030a8a17ee36d9,"{""COMPUTE"": 610, ""MEMORY"": 493, ""API_CREDITS"": 296, ""DATASET"": 89}","{""COMPUTE"": 1.619672131147541, ""MEMORY"": 1.6247464503042597, ""API_CREDITS"": 1.510135135135135, ""DATASET"": 1.8876404494382022}",4,28,18,0.2894644444957663,0.11935718892976767,0.48475583025234203,0.07517623609511288,77.60311566761423,18.25623308217175,46.10344980491404
delta0.50__high,0.5,high,1.9,386742898,dfe9244b6d1e692b,"{""COMPUTE"": 466, ""MEMORY"": 417, ""API_CREDITS"": 202, ""DATASET"": 164}","{""COMPUTE"": 2.3605150214592276, ""MEMORY"": 2.2422062350119902, ""API_CREDITS"": 2.4603960396039604, ""DATASET"": 1.7073170731707317}",4,25,19,0.3682011407360364,0.10562122784142428,0.589226862988181,0.06286508278605818,96.5261355239104,24.748699287870064,72.45849809137162
delta0.50__high,0.5,high,1.9,396660506,c5cf79514b5f1af7,"{""COMPUTE"": 330, ""MEMORY"": 278, ""API_CREDITS"": 163, ""DATASET"": 61}","{""COMPUTE"": 2.43030303030303, ""MEMORY"": 2.4100719424460433, ""API_CREDITS"": 2.441717791411043, ""DATASET"": 2.360655737704918}",4,22,20,0.46717598748598727,0.03323627482673868,0.6644714727283975,0.02056456152015113,199.40696878764868,14.655466782174548,87.4585592069845
delta0.50__high,0.5,high,1.9,421967079,83122e4fff616681,"{""COMPUTE"": 555, ""MEMORY"": 469, ""API_CREDITS"": 267, ""DATASET"": 123}","{""COMPUTE"": 1.9927927927927929, ""MEMORY"": 1.9680170575692963, ""API_CREDITS"": 2.0262172284644193, ""DATASET"": 1.7560975609756098}",4,24,18,0.3041150489789823,0.03506103183534044,0.46791709133026954,0.021123072307979582,105.72873581554434,19.739505402781447,54.423647192307705
delta0.50__high,0.5,high,1.9,433449607,5c2622a7215460f9,"{""COMPUTE"": 579, ""MEMORY"": 499, ""API_CREDITS"": 261, ""DATASET"": 163}","{""COMPUTE"": 1.6649395509499136, ""MEMORY"": 1.6713426853707414, ""API_CREDITS"": 1.6628352490421456, ""DATASET"": 1.6687116564417177}",4,23,14,0.3410467998225665,0.07249714639166974,0.5018954122763052,0.04603799371801401,120.84324697945476,10.446495331698996,19.667999926128925
delta0.50__high,0.5,high,1.9,446926817,b18316ebf6e2f06c,"{""COMPUTE"": 477, ""MEMORY"": 385, ""API_CREDITS"": 222, ""DATASET"": 71}","{""COMPUTE"": 1.6226415094339623, ""MEMORY"": 1.6493506493506493, ""API_CREDITS"": 1.5, ""DATASET"": 2.140845070422535}",4,22,11,0.29147637480138555,0.11426239596483598,0.44681701950853076,0.07395157213021104,78.17479942269401,5.493011938828193,19.528888299246876
delta0.50__high,0.5,high,1.9,453512931,46569a833552f0e6,"{""COMPUTE"": 481, ""MEMORY"": 409, ""API_CREDITS"": 231, ""DATASET"": 110}","{""COMPUTE"": 1.975051975051975, ""MEMORY"": 1.9168704156479217, ""API_CREDITS"": 2.0259740259740258, ""DATASET"": 1.4545454545454546}",4,24,15,0.31586790028315875,0.06756760564610167,0.5397216362846003,0.03992482985177918,75.52979103905174,16.92050297188047,43.03598883120048
delta0.50__high,0.5,high,1.9,469716932,f0272a8e307dc884,"{""COMPUTE"": 530, ""MEMORY"": 419, ""API_CREDITS"": 245, ""DATASET"": 64}","{""COMPUTE"": 1.6150943396226416, ""MEMORY"": 1.6443914081145585, ""API_CREDITS"": 1.726530612244898, ""DATASET"": 1.625}",4,29,24,0.3569465894057424,0.06115932175061789,0.6087897679872559,0.03939780694198678,89.82336977534139,24.27380374961596,58.77604144559029
delta0.50__high,0.5,high,1.9,484036427,13945946e8e71663,"{""COMPUTE"": 485, ""MEMORY"": 406, ""API_CREDITS"": 249, ""DATASET"": 85}","{""COMPUTE"": 2.049484536082474, ""MEMORY"": 2.0295566502463056, ""API_CREDITS"": 2.0562248995983934, ""DATASET"": 1.8823529411764706}",4,26,13,0.30251001525907867,0.038878717841042465,0.5107387419456314,0.0248701527455575,114.38022686037174,27.888988371216474,25.903711125324502
delta0.50__high,0.5,high,1.9,496510537,f6044a3e982c2389,"{""COMPUTE"": 710, ""MEMORY"": 578, ""API_CREDITS"": 342, ""DATASET"": 117}","{""COMPUTE"": 1.5943661971830987, ""MEMORY"": 1.5709342560553634, ""API_CREDITS"": 1.567251461988304, ""DATASET"": 1.3675213675213675}",4,26,15,0.2671594436521536,0.0636053847932301,0.4438535255712586,0.04439511723696806,110.15847631081482,17.24971861896911,42.94386449719033
delta0.50__high,0.5,high,1.9,561058638,70e741d8fa2496e8,"{""COMPUTE"": 532, ""MEMORY"": 405, ""API_CREDITS"": 249, ""DATASET"": 31}","{""COMPUTE"": 1.8233082706766917, ""MEMORY"": 1.8814814814814815, ""API_CREDITS"": 1.7751004016064258, ""DATASET"": 3.6129032258064515}",4,23,16,0.2943702491377897,0.04265758434959895,0.5077707328679099,0.029453013110183612,72.50754825491914,23.349819316966684,41.569469892737686
delta0.50__high,0.5,high,1.9,572743071,6ee923c33f01efeb,"{""COMPUTE"": 575, ""MEMORY"": 474, ""API_CREDITS"": 259, ""DATASET"": 116}","{""COMPUTE"": 1.7565217391304349, ""MEMORY"": 1.6962025316455696, ""API_CREDITS"": 1.837837837837838, ""DATASET"": 1.103448275862069}",4,24,23,0.4470932440299127,0.04603020563823203,0.6280863656025008,0.02693832361479935,126.42418602350445,34.631482744791,33.97759846005226
delta0.50__high,0.5,high,1.9,584741180,58ebd11d444d03c7,"{""COMPUTE"": 448, ""MEMORY"": 399, ""API_CREDITS"": 196, ""DATASET"": 151}","{""COMPUTE"": 1.8169642857142858, ""MEMORY"": 1.781954887218045, ""API_CREDITS"": 1.8010204081632653, ""DATASET"": 1.6423841059602649}",4,22,14,0.24725733277648135,0.14184751548795005,0.478515262905109,0.08817891575477498,75.11480665435596,17.3666753854668,37.272857761574144
delta0.50__high,0.5,high,1.9,585558921,3f478d475a40060f,"{""COMPUTE"": 384, ""MEMORY"": 327, ""API_CREDITS"": 158, ""DATASET"": 105}","{""COMPUTE"": 2.6770833333333335, ""MEMORY"": 2.654434250764526, ""API_CREDITS"": 3.1392405063291138, ""DATASET"": 2.1333333333333333}",4,30,29,0.4301512816407111,0.056076221389301496,0.6097118290563451,0.038544076321033634,141.12018823796447,23.167855024319795,84.95280960503783
delta0.50__high,0.5,high,1.9,602333967,2f8d14ad62c6990d,"{""COMPUTE"": 526, ""MEMORY"": 443, ""API_CREDITS"": 243, ""DATASET"": 120}","{""COMPUTE"": 1.585551330798479, ""MEMORY"": 1.5259593679458239, ""API_CREDITS"": 1.5967078189300412, ""DATASET"": 1.0666666666666667}",4,24,20,0.3451571479130356,0.06738426738044491,0.6119378277998396,0.04196583882397606,80.3978056831918,28.379836123842676,39.6844424122378
delta0.50__high,0.5,high,1.9,608406825,9964ca65fa3bbe46,"{""COMPUTE"": 560, ""MEMORY"": 457, ""API_CREDITS"": 278, ""DATASET"": 84}","{""COMPUTE"": 1.3071428571428572, ""MEMORY"": 1.4070021881838075, ""API_CREDITS"": 1.039568345323741, ""DATASET"": 2.9523809523809526}",4,27,22,0.38771181889274514,0.08148190763759061,0.601070646388484,0.05380510815835074,125.19961588761909,16.56401014320144,76.85520132008709
delta0.50__high,0.5,high,1.9,610357580,63c7294481502809,"{""COMPUTE"": 511, ""MEMORY"": 425, ""API_CREDITS"": 240, ""DATASET"": 102}","{""COMPUTE"": 2.172211350293542, ""MEMORY"": 2.176470588235294, ""API_CREDITS"": 2.1625, ""DATASET"": 2.2745098039215685}",4,25,9,0.23265832849971546,0.1147559829315357,0.4420383120654326,0.07422492222471855,62.503389620142435,17.409700690786806,30.173766564286467
delta0.50__high,0.5,high,1.9,616227400,acb563bf8631df63,"{""COMPUTE"": 407, ""MEMORY"": 350, ""API_CREDITS"": 181, ""DATASET"": 110}","{""COMPUTE"": 2.1867321867321867, ""MEMORY"": 2.22, ""API_CREDITS"": 2.2044198895027622, ""DATASET"": 2.4}",4,22,16,0.37795542926959413,0.11929563684005307,0.5391583907311394,0.07550386790639892,156.01029490920632,21.104428783566373,43.85714852279073
delta0.50__high,0.5,high,1.9,638377088,3fd8987438f0f6e8,"{""COMPUTE"": 279, ""MEMORY"": 259, ""API_CREDITS"": 101, ""DATASET"": 125}","{""COMPUTE"": 2.3655913978494625, ""MEMORY"": 2.2972972972972974, ""API_CREDITS"": 2.623762376237624, ""DATASET"": 1.984}",4,22,11,0.32089812353365516,0.15869903979324917,0.583152641910642,0.10796450107898305,100.13338749164704,14.915693336338252,66.46904485905277
delta0.50__high,0.5,high,1.9,659053096,c11b04d11a29ed1b,"{""COMPUTE"": 432, ""MEMORY"": 363, ""API_CREDITS"": 186, ""DATASET"": 104}","{""COMPUTE"": 1.8009259259259258, ""MEMORY"": 1.7575757575757576, ""API_CREDITS"": 1.8602150537634408, ""DATASET"": 1.3846153846153846}",4,23,23,0.4172163258832385,0.07464002748807505,0.7268541365013862,0.0452938850434606,77.02424763222182,22.503522329044813,41.491552938752
delta0.50__high,0.5,high,1.9,677637387,ce53bed572c566da,"{""COMPUTE"": 554, ""MEMORY"": 466, ""API_CREDITS"": 264, ""DATASET"": 121}","{""COMPUTE"": 1.736462093862816, ""MEMORY"": 1.7081545064377683, ""API_CREDITS"": 1.6666666666666667, ""DATASET"": 1.5867768595041323}",4,23,16,0.33011822741401003,0.08742155116002005,0.578015230390398,0.05529317899250266,101.45543049308765,18.17873465398468,70.90778238261072
delta0.50__high,0.5,high,1.9,687585327,dc12247cd76c11d5,"{""COMPUTE"": 418, ""MEMORY"": 323, ""API_CREDITS"": 210, ""DATASET"": 20}","{""COMPUTE"": 2.0956937799043063, ""MEMORY"": 2.2043343653250775, ""API_CREDITS"": 2.019047619047619, ""DATASET"": 6.4}",4,20,15,0.31262421775495364,0.040649908548707696,0.6332068429064744,0.024727606814750277,95.31463337133259,28.506929425819493,33.98942690815073
delta0.50__high,0.5,high,1.9,705933680,5be9c6fc8d6bd10a,"{""COMPUTE"": 454, ""MEMORY"": 364, ""API_CREDITS"": 213, ""DATASET"": 62}","{""COMPUTE"": 1.8634361233480177, ""MEMORY"": 1.9065934065934067, ""API_CREDITS"": 1.8685446009389672, ""DATASET"": 2.3225806451612905}",4,22,16,0.28108884123639627,0.06673582176510846,0.45919671813417073,0.04069528763576208,94.79447454314425,11.295737597364123,25.48400237257577
delta0.50__high,0.5,high,1.9,713663764,a456dd92ac90d2db,"{""COMPUTE"": 331, ""MEMORY"": 283, ""API_CREDITS"": 169, ""DATASET"": 65}","{""COMPUTE"": 2.308157099697885, ""MEMORY"": 2.335689045936396, ""API_CREDITS"": 2.100591715976331, ""DATASET"": 3.076923076923077}",4,24,16,0.352341704513224,0.12338061323748346,0.5438941302108115,0.07145384757900662,105.85521259174688,34.49008992393863,36.131424678341965
delta0.50__high,0.5,high,1.9,756150979,131febfd175d0203,"{""COMPUTE"": 336, ""MEMORY"": 268, ""API_CREDITS"": 161, ""DATASET"": 35}","{""COMPUTE"": 2.238095238095238, ""MEMORY"": 2.2723880597014925, ""API_CREDITS"": 2.229813664596273, ""DATASET"": 2.9714285714285715}",4,18,9,0.21966900184245716,0.12601970560303893,0.4786047018744683,0.08479542576764798,73.80961756829943,14.163854750602198,13.20505209081846
delta0.50__high,0.5,high,1.9,759787730,c301028390debd45,"{""COMPUTE"": 567, ""MEMORY"": 469, ""API_CREDITS"": 273, ""DATASET"": 104}","{""COMPUTE"": 1.5343915343915344, ""MEMORY"": 1.5863539445628998, ""API_CREDITS"": 1.435897435897436, ""DATASET"": 2.1538461538461537}",4,25,20,0.3859750566881675,0.07769105082554903,0.6605463795913533,0.048720273592369114,115.8104401275636,16.373849653210673,44.69608372556743
delta0.50__high,0.5,high,1.9,779334002,4338ed66a3935484,"{""COMPUTE"": 656, ""MEMORY"": 523, ""API_CREDITS"": 314, ""DATASET"": 87}","{""COMPUTE"": 1.798780487804878, ""MEMORY"": 1.9005736137667304, ""API_CREDITS"": 1.7515923566878981, ""DATASET"": 3.1264367816091956}",4,27,20,0.33308000383591424,0.07819959723811531,0.5809427942877589,0.050939245407375704,92.75719964748303,11.252096247708552,58.371091053901694
delta0.50__high,0.5,high,1.9,786766500,ac24e141b8f8c40e,"{""COMPUTE"": 420, ""MEMORY"": 364, ""API_CREDITS"": 179, ""DATASET"": 125}","{""COMPUTE"": 2.242857142857143, ""MEMORY"": 2.217032967032967, ""API_CREDITS"": 2.374301675977654, ""DATASET"": 1.984}",4,21,13,0.3499290304765273,0.07424025447126588,0.6376605070449193,0.045872432774786136,130.04649377706386,36.15592672685182,69.5531247440014
delta0.50__high,0.5,high,1.9,891045433,f77b11c6058810a4,"{""COMPUTE"": 348, ""MEMORY"": 309, ""API_CREDITS"": 154, ""DATASET"": 110}","{""COMPUTE"": 2.0632183908045976, ""MEMORY"": 1.9514563106796117, ""API_CREDITS"": 2.1363636363636362, ""DATASET"": 1.3818181818181818}",4,21,16,0.34238389019180754,0.041267785750649336,0.5541235806143107,0.026419150916966606,102.74225709009038,14.371999327807828,29.88158711100873
delta0.50__high,0.5,high,1.9,898744256,de9f43560744ad7d,"{""COMPUTE"": 499, ""MEMORY"": 385, ""API_CREDITS"": 245, ""DATASET"": 30}","{""COMPUTE"": 1.4268537074148298, ""MEMORY"": 1.4623376623376623, ""API_CREDITS"": 1.457142857142857, ""DATASET"": 1.8666666666666667}",4,25,19,0.31745736869069024,0.05152362613851703,0.4275199417688467,0.03287669546494963,72.58827640384605,6.94194323703898,27.812981129359994
delta0.50__high,0.5,high,1.9,921012401,d436ad4a781fc03c,"{""COMPUTE"": 582, ""MEMORY"": 468, ""API_CREDITS"": 267, ""DATASET"": 92}","{""COMPUTE"": 1.9175257731958764, ""MEMORY"": 1.9893162393162394, ""API_CREDITS"": 1.8913857677902621, ""DATASET"": 2.6956521739130435}",4,26,21,0.37001908930971855,0.07050221276658858,0.5616738571791755,0.045631676598118925,129.56088252218922,17.677312330389324,61.53527377284531
delta0.50__high,0.5,high,1.9,928131396,c0229153ff8b15f7,"{""COMPUTE"": 515, ""MEMORY"": 444, ""API_CREDITS"": 241, ""DATASET"": 135}","{""COMPUTE"": 2.116504854368932, ""MEMORY"": 2.119369369369369, ""API_CREDITS"": 2.103734439834025, ""DATASET"": 2.1925925925925926}",4,23,17,0.34566148132189833,0.04691289916880754,0.5910085088812622,0.030507181906137337,134.33472525159866,21.498608081734698,53.34079338520825
delta0.50__high,0.5,high,1.9,986685360,fea1192a01157779,"{""COMPUTE"": 424, ""MEMORY"": 355, ""API_CREDITS"": 190, ""DATASET"": 93}","{""COMPUTE"": 1.9433962264150944, ""MEMORY"": 1.9323943661971832, ""API_CREDITS"": 1.9263157894736842, ""DATASET"": 1.89247311827957}",4,21,15,0.369273788784378,0.08576080782977337,0.6169107503256918,0.057272790031410725,91.91431125339234,17.35145589141533,61.91359159836261
delta0.50__high,0.5,high,1.9,1040871164,53e5d67d31754916,"{""COMPUTE"": 539, ""MEMORY"": 459, ""API_CREDITS"": 265, ""DATASET"": 122}","{""COMPUTE"": 1.8478664192949907, ""MEMORY"": 1.7799564270152506, ""API_CREDITS"": 1.8075471698113208, ""DATASET"": 1.3770491803278688}",4,21,19,0.3911375544870417,0.05380994666708953,0.5918939311301559,0.03476374573025098,104.72601561621462,15.29996286190835,25.401253222400445
delta0.50__high,0.5,high,1.9,1109034924,c9b025d81737e966,"{""COMPUTE"": 610, ""MEMORY"": 479, ""API_CREDITS"": 283, ""DATASET"": 71}","{""COMPUTE"": 1.8229508196721311, ""MEMORY"": 1.918580375782881, ""API_CREDITS"": 1.8409893992932862, ""DATASET"": 3.0422535211267605}",4,25,22,0.3780265092827784,0.0724453393168497,0.6433068243186368,0.04835198933112561,107.21608808255873,15.427872904676898,58.468417871823696
delta0.50__high,0.5,high,1.9,1154819737,925cf57fa375db7a,"{""COMPUTE"": 455, ""MEMORY"": 362, ""API_CREDITS"": 209, ""DATASET"": 58}","{""COMPUTE"": 2.035164835164835, ""MEMORY"": 2.1049723756906076, ""API_CREDITS"": 2.0191387559808613, ""DATASET"": 3.0344827586206895}",4,22,20,0.414416122640568,0.07067045859915778,0.6220337581857872,0.04575921251768051,107.86222973780696,26.820536709582356,50.741647960546395
delta0.50__high,0.5,high,1.9,1158762883,83c831fec82d695c,"{""COMPUTE"": 444, ""MEMORY"": 360, ""API_CREDITS"": 208, ""DATASET"": 68}","{""COMPUTE"": 2.2432432432432434, ""MEMORY"": 2.2, ""API_CREDITS"": 2.230769230769231, ""DATASET"": 1.8823529411764706}",4,27,26,0.4716054547973835,0.05111828888918672,0.5843227597418189,0.030795386373983265,132.06434830538163,26.464696619863528,30.18695247515301
delta0.50__high,0.5,high,1.9,1164103101,b97c43a6e9fc1bd5,"{""COMPUTE"": 390, ""MEMORY"": 337, ""API_CREDITS"": 173, ""DATASET"": 106}","{""COMPUTE"": 1.7333333333333334, ""MEMORY"": 1.682492581602374, ""API_CREDITS"": 1.69364161849711, ""DATASET"": 1.4339622641509433}",4,24,11,0.32467338975312915,0.137334848526811,0.49907264750769026,0.0913178634287344,95.39389568626767,21.413231621549865,37.42773370979032
delta0.50__high,0.5,high,1.9,1175015440,bc862a0107d5dfaf,"{""COMPUTE"": 470, ""MEMORY"": 411, ""API_CREDITS"": 206, ""DATASET"": 144}","{""COMPUTE"": 1.6553191489361703, ""MEMORY"": 1.5644768856447688, ""API_CREDITS"": 1.6941747572815533, ""DATASET"": 1.0555555555555556}",4,26,22,0.34640645803391684,0.10947782406013792,0.5521449548677949,0.06701479483885141,109.16261594107021,17.596910677839038,80.11447768177942
delta0.50__high,0.5,high,1.9,1223536910,83ed9e52f82918a5,"{""COMPUTE"": 292, ""MEMORY"": 256, ""API_CREDITS"": 120, ""DATASET"": 89}","{""COMPUTE"": 2.2739726027397262, ""MEMORY"": 2.296875, ""API_CREDITS"": 2.2666666666666666, ""DATASET"": 2.5168539325842696}",4,21,16,0.3382075436642489,0.07707325028918742,0.5061593337867931,0.04966134348943862,110.33621618111685,17.86518866978162,44.37149105250836
delta0.50__high,0.5,high,1.9,1272846855,794ba209cf39ee26,"{""COMPUTE"": 445, ""MEMORY"": 379, ""API_CREDITS"": 197, ""DATASET"": 113}","{""COMPUTE"": 2.301123595505618, ""MEMORY"": 2.242744063324538, ""API_CREDITS"": 2.4060913705583755, ""DATASET"": 1.8407079646017699}",4,22,15,0.3161848706975869,0.05118804719426694,0.47916741559608195,0.033922404151939554,115.25556992090007,15.943426917861473,32.05053709620256
delta0.50__high,0.5,high,1.9,1329904169,e55d9157df628189,"{""COMPUTE"": 358, ""MEMORY"": 294, ""API_CREDITS"": 150, ""DATASET"": 72}","{""COMPUTE"": 1.9385474860335195, ""MEMORY"": 1.9421768707482994, ""API_CREDITS"": 1.8466666666666667, ""DATASET"": 2.111111111111111}",4,29,18,0.32233605311894586,0.15671004869899896,0.5581180163049279,0.10745246415135919,74.38118192220219,25.352822580452614,38.848368025382634
delta0.50__high,0.5,high,1.9,1393164231,9f6bec1432d9c8cd,"{""COMPUTE"": 332, ""MEMORY"": 297, ""API_CREDITS"": 139, ""DATASET"": 115}","{""COMPUTE"": 2.5, ""MEMORY"": 2.3973063973063975, ""API_CREDITS"": 2.618705035971223, ""DATASET"": 1.9478260869565218}",4,24,17,0.4063627773404879,0.11156702589289111,0.5891461281188111,0.07721611971109837,104.43871105031239,7.541245294693394,50.15762907260619
delta0.50__high,0.5,high,1.9,1397601319,cfe76d6df1326d4a,"{""COMPUTE"": 537, ""MEMORY"": 414, ""API_CREDITS"": 256, ""DATASET"": 39}","{""COMPUTE"": 1.4189944134078212, ""MEMORY"": 1.538647342995169, ""API_CREDITS"": 1.30859375, ""DATASET"": 4.3076923076923075}",4,28,23,0.38636110772034454,0.09062343092313736,0.621461481341783,0.059564841764019404,100.00648743542494,25.331376944583692,40.72421727421217
delta0.50__high,0.5,high,1.9,1414408149,9dc51e6f93ec0522,"{""COMPUTE"": 313, ""MEMORY"": 280, ""API_CREDITS"": 122, ""DATASET"": 113}","{""COMPUTE"": 2.5559105431309903, ""MEMORY"": 2.5142857142857142, ""API_CREDITS"": 2.819672131147541, ""DATASET"": 2.265486725663717}",4,21,16,0.37332428521742234,0.07907069476511167,0.6237510308669382,0.05440008121683884,122.99933867391168,13.310988349780033,72.33584469433191
delta0.50__high,0.5,high,1.9,1443238425,2dc343e0d6ef080e,"{""COMPUTE"": 380, ""MEMORY"": 320, ""API_CREDITS"": 165, ""DATASET"": 90}","{""COMPUTE"": 2.031578947368421, ""MEMORY"": 1.94375, ""API_CREDITS"": 2.1454545454545455, ""DATASET"": 1.2444444444444445}",4,27,12,0.20374548854847596,0.12651897204616405,0.308354860952942,0.08366494342724456,63.34243671789292,6.273245533774083,35.38439597510574
delta0.50__high,0.5,high,1.9,1446854669,8d24eb3656c45790,"{""COMPUTE"": 280, ""MEMORY"": 249, ""API_CREDITS"": 107, ""DATASET"": 100}","{""COMPUTE"": 2.414285714285714, ""MEMORY"": 2.4136546184738954, ""API_CREDITS"": 2.607476635514019, ""DATASET"": 2.32}",4,27,26,0.42422208258729094,0.07357436953052031,0.6349037102668339,0.04593404057456057,112.7894048743759,17.46192153394466,36.694726369889054
delta0.50__high,0.5,high,1.9,1474233831,8e9d3a702a152776,"{""COMPUTE"": 382, ""MEMORY"": 327, ""API_CREDITS"": 166, ""DATASET"": 101}","{""COMPUTE"": 1.8900523560209423, ""MEMORY"": 1.926605504587156, ""API_CREDITS"": 1.9397590361445782, ""DATASET"": 2.0594059405940595}",4,21,18,0.4003137208975332,0.08563928759586391,0.6039133796372537,0.05399115915661264,93.61290929702314,20.46601753978413,48.477610023605905
delta0.50__high,0.5,high,1.9,1476169622,6fc4532d79458928,"{""COMPUTE"": 253, ""MEMORY"": 217, ""API_CREDITS"": 126, ""DATASET"": 49}","{""COMPUTE"": 2.9960474308300395, ""MEMORY"": 2.8617511520737327, ""API_CREDITS"": 3.0396825396825395, ""DATASET"": 2.122448979591837}",4,25,15,0.26695248678585126,0.05886185057237688,0.43846803081942615,0.037429555965740186,100.475435029153,8.727326524170456,28.13859999866622
delta0.50__high,0.5,high,1.9,1515534678,72c15b9684965a8e,"{""COMPUTE"": 435, ""MEMORY"": 359, ""API_CREDITS"": 218, ""DATASET"": 67}","{""COMPUTE"": 1.806896551724138, ""MEMORY"": 1.84958217270195, ""API_CREDITS"": 1.761467889908257, ""DATASET"": 2.388059701492537}",4,31,22,0.3639557841677778,0.08180675258858393,0.5392961821811588,0.05062503871218733,123.94864995164149,18.78985508002708,50.42331053774412
delta0.50__high,0.5,high,1.9,1538028730,8d751a1e8fd7dbd6,"{""COMPUTE"": 436, ""MEMORY"": 368, ""API_CREDITS"": 211, ""DATASET"": 90}","{""COMPUTE"": 2.041284403669725, ""MEMORY"": 1.9809782608695652, ""API_CREDITS"": 2.080568720379147, ""DATASET"": 1.511111111111111}",4,24,15,0.36617565765975635,0.03379278304641638,0.5748647371079669,0.022654438725507566,85.39188763990444,18.124309119923087,47.51515328704431
delta0.50__high,0.5,high,1.9,1607564961,76efad06dfe232da,"{""COMPUTE"": 390, ""MEMORY"": 339, ""API_CREDITS"": 168, ""DATASET"": 115}","{""COMPUTE"": 1.6974358974358974, ""MEMORY"": 1.752212389380531, ""API_CREDITS"": 1.6071428571428572, ""DATASET"": 2.0869565217391304}",4,24,12,0.30747989607033954,0.09696221104645075,0.5452117378605804,0.06253335153250716,82.2484937667122,14.868863800593259,45.934136579745996
delta0.50__high,0.5,high,1.9,1647295192,f82e02c058075e33,"{""COMPUTE"": 531, ""MEMORY"": 451, ""API_CREDITS"": 231, ""DATASET"": 141}","{""COMPUTE"": 1.75894538606403, ""MEMORY"": 1.7450110864745012, ""API_CREDITS"": 1.8398268398268398, ""DATASET"": 1.5319148936170213}",4,25,23,0.45860347983871375,0.05984386665903658,0.7190075406272135,0.03795296303679233,145.56945038056685,23.403808591407138,78.45185806197809
delta0.50__high,0.5,high,1.9,1680529007,a9b0fa60ad8bf63a,"{""COMPUTE"": 427, ""MEMORY"": 340, ""API_CREDITS"": 190, ""DATASET"": 60}","{""COMPUTE"": 1.639344262295082, ""MEMORY"": 1.7588235294117647, ""API_CREDITS"": 1.631578947368421, ""DATASET"": 2.933333333333333}",4,24,20,0.3774851813967279,0.09361024871376092,0.6221212218409915,0.06080799933260709,77.27631839789935,21.65783146860635,51.94436437762573
delta0.50__high,0.5,high,1.9,1683037842,3b74aad29fa8672c,"{""COMPUTE"": 332, ""MEMORY"": 293, ""API_CREDITS"": 147, ""DATASET"": 101}","{""COMPUTE"": 2.433734939759036, ""MEMORY"": 2.453924914675768, ""API_CREDITS"": 2.3197278911564627, ""DATASET"": 2.772277227722772}",4,24,22,0.34462394543131375,0.07766288256670337,0.5689187761802338,0.0533907197143969,140.98392130255613,17.232817590638145,81.01618133554929
delta0.50__high,0.5,high,1.9,1684113726,814c34fb7ba87a9a,"{""COMPUTE"": 532, ""MEMORY"": 473, ""API_CREDITS"": 232, ""DATASET"": 182}","{""COMPUTE"": 1.9661654135338347, ""MEMORY"": 1.904862579281184, ""API_CREDITS"": 1.9956896551724137, ""DATASET"": 1.6263736263736264}",4,23,9,0.19556401500927845,0.10525084798793836,0.44555365013777665,0.06848729013536302,59.75779652454071,18.280207968374214,41.75639810987558
delta0.50__high,0.5,high,1.9,1723470144,676a9d8243f772b1,"{""COMPUTE"": 543, ""MEMORY"": 475, ""API_CREDITS"": 252, ""DATASET"": 159}","{""COMPUTE"": 1.7458563535911602, ""MEMORY"": 1.7326315789473685, ""API_CREDITS"": 1.6547619047619047, ""DATASET"": 1.7610062893081762}",4,31,28,0.436479908791832,0.07498149338045763,0.6517197058719127,0.04427311176866705,159.8003586979074,29.063039747981275,53.05716594662939
delta0.50__high,0.5,high,1.9,1746522117,9c0fa2dd51dae266,"{""COMPUTE"": 374, ""MEMORY"": 316, ""API_CREDITS"": 172, ""DATASET"": 82}","{""COMPUTE"": 1.9839572192513368, ""MEMORY"": 1.9430379746835442, ""API_CREDITS"": 1.941860465116279, ""DATASET"": 1.7560975609756098}",4,19,15,0.34383684930836994,0.13613321544356025,0.5891332655244397,0.09564974457215836,68.52454020938345,12.524037803832366,37.00203919437561
delta0.50__high,0.5,high,1.9,1761268421,f2dd55a461980bf3,"{""COMPUTE"": 512, ""MEMORY"": 431, ""API_CREDITS"": 235, ""DATASET"": 116}","{""COMPUTE"": 2.078125, ""MEMORY"": 1.9791183294663572, ""API_CREDITS"": 2.2085106382978723, ""DATASET"": 1.1724137931034482}",4,24,20,0.3707116029173381,0.03684474273290062,0.5883306893256176,0.023333326081407216,117.99278987766753,24.62576056481504,80.89238948019717
delta0.50__high,0.5,high,1.9,1851037281,dfa5df209fac878b,"{""COMPUTE"": 532, ""MEMORY"": 443, ""API_CREDITS"": 247, ""DATASET"": 111}","{""COMPUTE"": 1.6203007518796992, ""MEMORY"": 1.6117381489841986, ""API_CREDITS"": 1.562753036437247, ""DATASET"": 1.5855855855855856}",4,26,22,0.37887307844009976,0.14408696548412142,0.5641523022868904,0.09800034622554353,114.82498770699364,18.37686909852449,51.66075616844774
delta0.50__high,0.5,high,1.9,1867081647,b1e82fcf156b80af,"{""COMPUTE"": 407, ""MEMORY"": 369, ""API_CREDITS"": 169, ""DATASET"": 157}","{""COMPUTE"": 2.0884520884520885, ""MEMORY"": 2.0189701897018972, ""API_CREDITS"": 2.195266272189349, ""DATASET"": 1.6815286624203822}",4,18,12,0.40879903700656667,0.1166046711136913,0.5437246715052534,0.07954311692359406,175.63992850200736,7.914555932315378,57.00117676754265
delta0.50__high,0.5,high,1.9,1880620535,ec6625f6b08415cd,"{""COMPUTE"": 488, ""MEMORY"": 411, ""API_CREDITS"": 232, ""DATASET"": 105}","{""COMPUTE"": 1.8934426229508197, ""MEMORY"": 1.905109489051095, ""API_CREDITS"": 1.8491379310344827, ""DATASET"": 2.057142857142857}",4,26,15,0.28229827111516287,0.06160659565684932,0.44793692544708935,0.038349279627765444,107.94887619539493,30.639975799800368,17.994044283798683
delta0.50__high,0.5,high,1.9,1935876427,36e9aa16160c0562,"{""COMPUTE"": 449, ""MEMORY"": 408, ""API_CREDITS"": 183, ""DATASET"": 178}","{""COMPUTE"": 1.9643652561247216, ""MEMORY"": 1.8431372549019607, ""API_CREDITS"": 2.1639344262295084, ""DATASET"": 1.2584269662921348}",4,19,19,0.4636872848019237,0.04717683394174011,0.7478130096034373,0.030496735811531537,147.85683708656762,36.998204605723004,70.45860135872248
delta0.50__high,0.5,high,1.9,1943200581,3a88842dfb7f9545,"{""COMPUTE"": 340, ""MEMORY"": 298, ""API_CREDITS"": 150, ""DATASET"": 99}","{""COMPUTE"": 2.4529411764705884, ""MEMORY"": 2.365771812080537, ""API_CREDITS"": 2.473333333333333, ""DATASET"": 2.0202020202020203}",4,22,20,0.4280423816704754,0.13011970359872704,0.6757546255202606,0.082390286858137,131.22496847842356,27.436408545274933,58.691429376384434
delta0.50__high,0.5,high,1.9,1957258698,40b5863c583d792a,"{""COMPUTE"": 361, ""MEMORY"": 317, ""API_CREDITS"": 149, ""DATASET"": 115}","{""COMPUTE"": 1.8282548476454294, ""MEMORY"": 1.8454258675078865, ""API_CREDITS"": 1.738255033557047, ""DATASET"": 2.017391304347826}",4,22,20,0.4494693799840475,0.09107955992884385,0.6397609768635945,0.06538576873341952,146.53063547222186,28.374147186452902,68.62063893130959
delta0.50__high,0.5,high,1.9,2000676221,2c4ebf4d7241ff06,"{""COMPUTE"": 606, ""MEMORY"": 500, ""API_CREDITS"": 292, ""DATASET"": 111}","{""COMPUTE"": 1.7557755775577557, ""MEMORY"": 1.784, ""API_CREDITS"": 1.7397260273972603, ""DATASET"": 2.018018018018018}",4,22,15,0.2780179460629346,0.08776858534598109,0.5129134351153221,0.05458846977999638,96.2832370361063,12.56087432492462,45.70745845922466
delta0.50__high,0.5,high,1.9,2071520222,6f07a4871a5abb0f,"{""COMPUTE"": 423, ""MEMORY"": 365, ""API_CREDITS"": 201, ""DATASET"": 107}","{""COMPUTE"": 1.9432624113475176, ""MEMORY"": 1.8712328767123287, ""API_CREDITS"": 1.955223880597015, ""DATASET"": 1.4205607476635513}",4,28,25,0.4308850594712874,0.08269394243398666,0.5973801128720578,0.05379294299429346,153.7140594947294,15.303005129435327,59.329051610427655
delta0.50__high,0.5,high,1.9,2104789822,9812b62a016d30c1,"{""COMPUTE"": 496, ""MEMORY"": 418, ""API_CREDITS"": 228, ""DATASET"": 113}","{""COMPUTE"": 1.8508064516129032, ""MEMORY"": 1.8588516746411483, ""API_CREDITS"": 1.9429824561403508, ""DATASET"": 1.7699115044247788}",4,25,18,0.3646984328889078,0.0768916653664353,0.5687686680166938,0.04511218859841241,115.9923172743194,21.150522843551588,55.78517480882055
delta0.50__high,0.5,high,1.9,2175919960,d8b0eb5b5bfb97e0,"{""COMPUTE"": 605, ""MEMORY"": 509, ""API_CREDITS"": 290, ""DATASET"": 131}","{""COMPUTE"": 1.9570247933884297, ""MEMORY"": 1.9587426326129667, ""API_CREDITS"": 1.9413793103448276, ""DATASET"": 2.015267175572519}",4,23,12,0.3074697079493951,0.05068912378214158,0.4824546645592971,0.03331730188561988,109.54124880828813,12.442445002434079,39.768818187545826
delta0.50__high,0.5,high,1.9,2187181276,123b9f1ce04f70f0,"{""COMPUTE"": 329, ""MEMORY"": 293, ""API_CREDITS"": 144, ""DATASET"": 106}","{""COMPUTE"": 2.0060790273556233, ""MEMORY"": 1.8361774744027304, ""API_CREDITS"": 2.3194444444444446, ""DATASET"": 0.7547169811320755}",4,23,22,0.47111131210376894,0.03613002385710537,0.6133120904841872,0.02319533617027054,101.6683827659782,18.00314627468336,44.631803997874265
delta0.50__high,0.5,high,1.9,2201730498,a20c03cf9130833c,"{""COMPUTE"": 477, ""MEMORY"": 413, ""API_CREDITS"": 229, ""DATASET"": 124}","{""COMPUTE"": 2.209643605870021, ""MEMORY"": 2.12590799031477, ""API_CREDITS"": 2.2096069868995634, ""DATASET"": 1.6774193548387097}",4,21,14,0.3310996366222912,0.05503003317329076,0.5054823731905992,0.035109557887615106,90.30142824593413,13.676778605239567,48.93387466157793
delta0.50__high,0.5,high,1.9,2207070483,58f6fab384c79793,"{""COMPUTE"": 482, ""MEMORY"": 393, ""API_CREDITS"": 236, ""DATASET"": 72}","{""COMPUTE"": 1.941908713692946, ""MEMORY"": 1.8778625954198473, ""API_CREDITS"": 1.9915254237288136, ""DATASET"": 1.1111111111111112}",4,24,20,0.4207954957563038,0.03221420420412889,0.6336375972771066,0.0202879508203611,114.17481653027023,22.72749998757999,62.46615677005576
delta0.50__high,0.5,high,1.9,2218791610,43998c72041c06bb,"{""COMPUTE"": 545, ""MEMORY"": 421, ""API_CREDITS"": 258, ""DATASET"": 42}","{""COMPUTE"": 1.9192660550458716, ""MEMORY"": 2.0380047505938244, ""API_CREDITS"": 1.9612403100775193, ""DATASET"": 4.190476190476191}",4,26,22,0.35140096833676565,0.048775312260894904,0.5911157470423548,0.0328115460573681,90.74186517107516,18.077879816693425,54.398406047244116
delta0.50__high,0.5,high,1.9,2245371449,f44a3ecaf63267d3,"{""COMPUTE"": 452, ""MEMORY"": 388, ""API_CREDITS"": 196, ""DATASET"": 124}","{""COMPUTE"": 2.190265486725664, ""MEMORY"": 2.1623711340206184, ""API_CREDITS"": 2.25, ""DATASET"": 2.0}",4,23,20,0.37528847759800593,0.06843009297672728,0.5987779577904385,0.04614736866078844,130.98501564394718,27.340648450194305,39.22183664479532
delta0.50__high,0.5,high,1.9,2264376108,cbc93f008368667e,"{""COMPUTE"": 545, ""MEMORY"": 437, ""API_CREDITS"": 250, ""DATASET"": 81}","{""COMPUTE"": 1.6440366972477065, ""MEMORY"": 1.7139588100686498, ""API_CREDITS"": 1.596, ""DATASET"": 2.4691358024691357}",4,29,23,0.34828360095451877,0.1277486018213222,0.49191139588540594,0.08399933686668283,106.72935372139686,11.562990399356098,34.29641252928474
delta0.50__high,0.5,high,1.9,2278610062,f86e1d0dc91d1ded,"{""COMPUTE"": 597, ""MEMORY"": 510, ""API_CREDITS"": 291, ""DATASET"": 141}","{""COMPUTE"": 1.6683417085427135, ""MEMORY"": 1.6588235294117648, ""API_CREDITS"": 1.5876288659793814, ""DATASET"": 1.702127659574468}",4,23,19,0.3705957993247431,0.08178616341327975,0.5956693599542958,0.055937871399747326,113.76083638902462,26.44013431088676,58.08176635771187
delta0.50__high,0.5,high,1.9,2305903047,c861199bac08207e,"{""COMPUTE"": 445, ""MEMORY"": 371, ""API_CREDITS"": 192, ""DATASET"": 101}","{""COMPUTE"": 1.8606741573033707, ""MEMORY"": 1.8167115902964959, ""API_CREDITS"": 1.9270833333333333, ""DATASET"": 1.4257425742574257}",4,21,17,0.38274037823926216,0.0775368650669803,0.5765083681064062,0.05107413260621383,121.84311893146197,27.43058064962389,39.855560669092924
delta0.50__high,0.5,high,1.9,2313044508,24c9e7c17eeb5769,"{""COMPUTE"": 420, ""MEMORY"": 348, ""API_CREDITS"": 178, ""DATASET"": 92}","{""COMPUTE"": 2.261904761904762, ""MEMORY"": 2.32183908045977, ""API_CREDITS"": 2.5168539325842696, ""DATASET"": 2.4347826086956523}",4,27,21,0.3699314332524488,0.0966049615452775,0.5640454319611375,0.058509805169815764,84.92438976256679,13.47688818672295,42.376330322606634
delta0.50__high,0.5,high,1.9,2313893183,65d6347a976b2912,"{""COMPUTE"": 570, ""MEMORY"": 455, ""API_CREDITS"": 274, ""DATASET"": 73}","{""COMPUTE"": 1.7649122807017543, ""MEMORY"": 1.7824175824175825, ""API_CREDITS"": 1.7116788321167884, ""DATASET"": 2.0821917808219177}",4,20,19,0.412269783379467,0.0487502121141827,0.6643876733855245,0.02952147614180396,140.62733441141947,17.06662454566872,58.896685712828294
delta0.50__high,0.5,high,1.9,2323336231,954a802e8ea202c3,"{""COMPUTE"": 460, ""MEMORY"": 381, ""API_CREDITS"": 192, ""DATASET"": 104}","{""COMPUTE"": 1.9739130434782608, ""MEMORY"": 2.026246719160105, ""API_CREDITS"": 2.1458333333333335, ""DATASET"": 2.1538461538461537}",4,21,18,0.3920623088412995,0.09690893901420217,0.562475674998623,0.0623164526344351,114.29267673476168,19.607703051523405,51.00032496709144
delta0.50__high,0.5,high,1.9,2340911682,3b14930289784ed7,"{""COMPUTE"": 379, ""MEMORY"": 308, ""API_CREDITS"": 158, ""DATASET"": 72}","{""COMPUTE"": 2.1055408970976255, ""MEMORY"": 2.1006493506493507, ""API_CREDITS"": 2.3607594936708862, ""DATASET"": 1.6666666666666667}",4,20,15,0.33998673765631576,0.11278382129107352,0.5079171304577873,0.07370973789059004,76.80764463993866,13.119497032353111,31.92961213956104
delta0.50__high,0.5,high,1.9,2341361004,c894a430060be78f,"{""COMPUTE"": 558, ""MEMORY"": 453, ""API_CREDITS"": 267, ""DATASET"": 87}","{""COMPUTE"": 1.7347670250896057, ""MEMORY"": 1.814569536423841, ""API_CREDITS"": 1.6404494382022472, ""DATASET"": 2.7586206896551726}",4,19,18,0.4542953219601566,0.04279962034248182,0.6612755949677379,0.029947253388447097,135.13519035119094,31.142017855733183,58.02329432024854
delta0.50__high,0.5,high,1.9,2359336968,7566d273b9f8b17e,"{""COMPUTE"": 482, ""MEMORY"": 399, ""API_CREDITS"": 241, ""DATASET"": 80}","{""COMPUTE"": 1.6639004149377594, ""MEMORY"": 1.6541353383458646, ""API_CREDITS"": 1.6265560165975104, ""DATASET"": 1.6}",4,20,18,0.3649102283609558,0.06803457920766347,0.6048429797552026,0.04183361530550658,119.52696964559355,20.408322983619087,64.96978206755955
delta0.50__high,0.5,high,1.9,2364012430,e989b74be65f7d26,"{""COMPUTE"": 546, ""MEMORY"": 441, ""API_CREDITS"": 250, ""DATASET"": 87}","{""COMPUTE"": 1.6593406593406594, ""MEMORY"": 1.6643990929705215, ""API_CREDITS"": 1.672, ""DATASET"": 1.6551724137931034}",4,23,20,0.41967279771455485,0.06896076495512435,0.6709457691748062,0.04638023196443825,107.91645779439462,20.19171712534656,58.09569437366716
delta0.50__high,0.5,high,1.9,2387674784,fca15f1c169b2ee8,"{""COMPUTE"": 443, ""MEMORY"": 367, ""API_CREDITS"": 202, ""DATASET"": 87}","{""COMPUTE"": 2.0767494356659144, ""MEMORY"": 2.084468664850136, ""API_CREDITS"": 2.014851485148515, ""DATASET"": 2.2988505747126435}",4,23,23,0.4062780365576953,0.05119513554252213,0.6491980851334848,0.03513581798748818,120.10468829344364,21.603943815482506,47.619716818931515
delta0.50__high,0.5,high,1.9,2460794327,add71b2b05912c45,"{""COMPUTE"": 527, ""MEMORY"": 414, ""API_CREDITS"": 240, ""DATASET"": 62}","{""COMPUTE"": 1.7685009487666035, ""MEMORY"": 1.821256038647343, ""API_CREDITS"": 1.8083333333333333, ""DATASET"": 2.3225806451612905}",4,28,17,0.21356426859246933,0.07938979807672217,0.5023469504383083,0.05064525615041193,66.64212826586778,18.345442491775014,59.78464848608754
delta0.50__high,0.5,high,1.9,2465060907,76e85b6adf78acb3,"{""COMPUTE"": 288, ""MEMORY"": 259, ""API_CREDITS"": 108, ""DATASET"": 108}","{""COMPUTE"": 2.7083333333333335, ""MEMORY"": 2.5173745173745172, ""API_CREDITS"": 3.3333333333333335, ""DATASET"": 1.4814814814814814}",4,27,25,0.45517575181677183,0.03558012810806239,0.5979635864028016,0.023898688592581388,143.98398726092321,15.616609640690887,52.04574057759162
delta0.50__high,0.5,high,1.9,2479492459,73ba865518a7567b,"{""COMPUTE"": 512, ""MEMORY"": 415, ""API_CREDITS"": 235, ""DATASET"": 82}","{""COMPUTE"": 1.67578125, ""MEMORY"": 1.621686746987952, ""API_CREDITS"": 1.7829787234042553, ""DATASET"": 0.8780487804878049}",4,30,21,0.24647036133506925,0.04435798943155497,0.5416322329844189,0.0284728765232127,63.524258669034566,9.912258635300933,38.71146341699988
delta0.50__high,0.5,high,1.9,2555635641,9ffd873ac759e370,"{""COMPUTE"": 411, ""MEMORY"": 359, ""API_CREDITS"": 185, ""DATASET"": 120}","{""COMPUTE"": 1.9464720194647203, ""MEMORY"": 1.9331476323119776, ""API_CREDITS"": 1.827027027027027, ""DATASET"": 2.0}",4,22,16,0.2549119647584344,0.13296706615106788,0.46461440475546806,0.08718915972498083,62.835079904602786,10.599110388694102,43.07514309011295
delta0.50__high,0.5,high,1.9,2557315479,d7f0172a6d2af9cc,"{""COMPUTE"": 478, ""MEMORY"": 389, ""API_CREDITS"": 215, ""DATASET"": 84}","{""COMPUTE"": 2.079497907949791, ""MEMORY"": 2.051413881748072, ""API_CREDITS"": 2.1488372093023256, ""DATASET"": 1.7142857142857142}",4,30,23,0.3567686717687779,0.04640702503223513,0.5944312308424231,0.029272783187349022,104.8968951723087,17.358246796323257,44.699586116860154
delta0.50__high,0.5,high,1.9,2582895085,ed64c6d1c7d0bd27,"{""COMPUTE"": 299, ""MEMORY"": 263, ""API_CREDITS"": 117, ""DATASET"": 99}","{""COMPUTE"": 3.3645484949832776, ""MEMORY"": 3.102661596958175, ""API_CREDITS"": 4.034188034188034, ""DATASET"": 1.6161616161616161}",4,29,25,0.3891659752757255,0.044299991485063625,0.5286146614870909,0.029457983876348116,156.52527556589922,29.301428637456464,47.28884234025568
delta0.50__high,0.5,high,1.9,2615816904,b492462520365be5,"{""COMPUTE"": 402, ""MEMORY"": 336, ""API_CREDITS"": 201, ""DATASET"": 71}","{""COMPUTE"": 2.029850746268657, ""MEMORY"": 2.0297619047619047, ""API_CREDITS"": 2.0398009950248754, ""DATASET"": 2.028169014084507}",4,15,15,0.4973680773136409,0.06872846901643176,0.6714563893001905,0.04162380643425802,148.09299329849173,25.024205407433527,103.47881888037085
delta0.50__high,0.5,high,1.9,2641268422,363c40e8fb31d8e1,"{""COMPUTE"": 401, ""MEMORY"": 350, ""API_CREDITS"": 179, ""DATASET"": 116}","{""COMPUTE"": 1.9700748129675811, ""MEMORY"": 1.9428571428571428, ""API_CREDITS"": 1.8770949720670391, ""DATASET"": 1.9310344827586208}",4,26,21,0.3614898233841917,0.06729826184324612,0.6048314172060859,0.042146672792766605,89.3188490947132,24.174768010467773,45.02409751300499
delta0.50__high,0.5,high,1.9,2650780455,1082ab51c2382031,"{""COMPUTE"": 341, ""MEMORY"": 289, ""API_CREDITS"": 157, ""DATASET"": 74}","{""COMPUTE"": 2.2639296187683287, ""MEMORY"": 2.356401384083045, ""API_CREDITS"": 2.261146496815287, ""DATASET"": 3.135135135135135}",4,25,18,0.39892009682802526,0.11180083481036313,0.6646451462821313,0.0763466774824432,154.08609667203265,29.17176110212527,47.24994845683735
delta0.50__high,0.5,high,1.9,2659608022,1b23aaacce29daca,"{""COMPUTE"": 461, ""MEMORY"": 394, ""API_CREDITS"": 211, ""DATASET"": 116}","{""COMPUTE"": 2.0824295010845986, ""MEMORY"": 2.0736040609137056, ""API_CREDITS"": 2.118483412322275, ""DATASET"": 2.0}",4,16,7,0.3341329873816074,0.11578904568334715,0.5059447745398032,0.07410910026565665,127.80555501400143,18.2728840854128,83.17684271195402
delta0.50__high,0.5,high,1.9,2662675958,9221f12677a153b9,"{""COMPUTE"": 474, ""MEMORY"": 393, ""API_CREDITS"": 245, ""DATASET"": 74}","{""COMPUTE"": 1.738396624472574, ""MEMORY"": 1.7735368956743003, ""API_CREDITS"": 1.6612244897959183, ""DATASET"": 2.27027027027027}",4,21,16,0.3932478020123494,0.06380643403186735,0.5483273483979564,0.035911566370025294,161.59723525360923,12.86651950315192,31.318655203909582
delta0.50__high,0.5,high,1.9,2673731007,b8c58cb3fbe275c8,"{""COMPUTE"": 462, ""MEMORY"": 373, ""API_CREDITS"": 240, ""DATASET"": 50}","{""COMPUTE"": 2.1645021645021645, ""MEMORY"": 2.2117962466487935, ""API_CREDITS"": 2.0625, ""DATASET"": 3.36}",4,23,16,0.277837717749082,0.0654443201224712,0.44194679052693303,0.043017126685376834,90.47265835836099,15.034012125472238,29.565108305848707
delta0.50__high,0.5,high,1.9,2689934569,04c150d5cb79a00a,"{""COMPUTE"": 437, ""MEMORY"": 357, ""API_CREDITS"": 201, ""DATASET"": 74}","{""COMPUTE"": 1.77116704805492, ""MEMORY"": 1.792717086834734, ""API_CREDITS"": 1.671641791044776, ""DATASET"": 2.1621621621621623}",4,25,9,0.2887844303756582,0.12065355422036457,0.47212813318116637,0.0804345841073571,73.85143652531703,19.944708561998826,21.039597887707252
delta0.50__high,0.5,high,1.9,2709531232,f0361778c82f06c1,"{""COMPUTE"": 503, ""MEMORY"": 427, ""API_CREDITS"": 228, ""DATASET"": 123}","{""COMPUTE"": 1.8131212723658052, ""MEMORY"": 1.8594847775175645, ""API_CREDITS"": 1.763157894736842, ""DATASET"": 2.2113821138211383}",4,21,17,0.3465624103421457,0.1101827988288466,0.5107740015338479,0.06912398026457997,138.6654382304378,12.882273551228204,65.70002314540126
delta0.50__high,0.5,high,1.9,2732825905,937b9329cb876de2,"{""COMPUTE"": 489, ""MEMORY"": 408, ""API_CREDITS"": 230, ""DATASET"": 98}","{""COMPUTE"": 1.6114519427402862, ""MEMORY"": 1.5759803921568627, ""API_CREDITS"": 1.6391304347826088, ""DATASET"": 1.2244897959183674}",4,25,21,0.40158796086766385,0.09778439606513273,0.7181539698808296,0.06341403013170763,104.13816251505766,20.377615408254716,34.55968393961974
delta0.50__high,0.5,high,1.9,2788397956,9495df8667dee97a,"{""COMPUTE"": 422, ""MEMORY"": 339, ""API_CREDITS"": 222, ""DATASET"": 39}","{""COMPUTE"": 2.118483412322275, ""MEMORY"": 2.129793510324484, ""API_CREDITS"": 2.009009009009009, ""DATASET"": 2.871794871794872}",4,26,22,0.4332305631229534,0.059532692618733014,0.5944064154904593,0.03700243477460335,130.64251658924846,7.628004434059744,49.26559235171893
delta0.50__high,0.5,high,1.9,2790330942,4c2d89bba6803ec0,"{""COMPUTE"": 474, ""MEMORY"": 391, ""API_CREDITS"": 211, ""DATASET"": 95}","{""COMPUTE"": 1.7679324894514767, ""MEMORY"": 1.7979539641943734, ""API_CREDITS"": 1.8056872037914693, ""DATASET"": 1.936842105263158}",4,25,16,0.28052728020257034,0.08307666034573664,0.6665398879941912,0.05145721966337763,56.94087457595393,25.94617438374892,53.30662659021596
delta0.50__high,0.5,high,1.9,2803227013,8cf8d2a058840194,"{""COMPUTE"": 467, ""MEMORY"": 363, ""API_CREDITS"": 219, ""DATASET"": 39}","{""COMPUTE"": 1.537473233404711, ""MEMORY"": 1.6336088154269972, ""API_CREDITS"": 1.4748858447488584, ""DATASET"": 3.4871794871794872}",4,22,22,0.44891696774246376,0.11314811490447883,0.7147940327827884,0.07753090586645213,121.79546565286768,14.171317258109797,54.094333296170674
delta0.50__high,0.5,high,1.9,2834917450,8c9f9202a110b863,"{""COMPUTE"": 447, ""MEMORY"": 371, ""API_CREDITS"": 194, ""DATASET"": 96}","{""COMPUTE"": 1.8926174496644295, ""MEMORY"": 1.830188679245283, ""API_CREDITS"": 2.0051546391752577, ""DATASET"": 1.25}",4,23,11,0.30183288675817216,0.0966423497963909,0.48904235013902225,0.05996993964377074,95.98320302926352,14.946829695772289,42.93819667229197
delta0.50__high,0.5,high,1.9,2884304410,4ede213df2eb9c9a,"{""COMPUTE"": 642, ""MEMORY"": 547, ""API_CREDITS"": 314, ""DATASET"": 151}","{""COMPUTE"": 1.8037383177570094, ""MEMORY"": 1.769652650822669, ""API_CREDITS"": 1.8343949044585988, ""DATASET"": 1.4834437086092715}",4,28,20,0.38240280870382176,0.041618992500446345,0.5652016884702787,0.024973162919261247,154.9989561003711,47.13668551599394,35.90610588576434
delta0.50__high,0.5,high,1.9,2899573342,ee04fa0a0f7fc419,"{""COMPUTE"": 409, ""MEMORY"": 360, ""API_CREDITS"": 164, ""DATASET"": 140}","{""COMPUTE"": 1.8141809290953546, ""MEMORY"": 1.7305555555555556, ""API_CREDITS"": 1.8597560975609757, ""DATASET"": 1.3142857142857143}",4,25,19,0.3428220592352135,0.10444851839418909,0.6673234180887548,0.08153814516147177,74.30838555194572,18.196678729299766,35.20691136203272
delta0.50__high,0.5,high,1.9,2933419437,4c0c2e918a256c9a,"{""COMPUTE"": 434, ""MEMORY"": 362, ""API_CREDITS"": 209, ""DATASET"": 81}","{""COMPUTE"": 2.0921658986175116, ""MEMORY"": 2.1215469613259668, ""API_CREDITS"": 2.124401913875598, ""DATASET"": 2.3703703703703702}",4,22,13,0.27366936237248496,0.05830267619997098,0.4826706637893596,0.036094954196457966,72.45497896593723,26.220564605874376,39.220881877432895
delta0.50__high,0.5,high,1.9,2952553515,b3e9aeb382436d95,"{""COMPUTE"": 496, ""MEMORY"": 396, ""API_CREDITS"": 213, ""DATASET"": 79}","{""COMPUTE"": 1.810483870967742, ""MEMORY"": 1.8257575757575757, ""API_CREDITS"": 1.8262910798122065, ""DATASET"": 1.9240506329113924}",4,22,12,0.36991675553649744,0.09659829929880918,0.5314152995727491,0.06978022658407528,123.35890028141819,19.5563935513836,52.96639350368388
delta0.50__high,0.5,high,1.9,2955940172,ddb258c2cca3b2fc,"{""COMPUTE"": 477, ""MEMORY"": 403, ""API_CREDITS"": 215, ""DATASET"": 114}","{""COMPUTE"": 1.7148846960167714, ""MEMORY"": 1.7468982630272953, ""API_CREDITS"": 1.6744186046511629, ""DATASET"": 1.9649122807017543}",4,22,17,0.39308251289305324,0.13815449596699597,0.5667374801719806,0.08800640187358937,118.32229757020241,10.633460809003967,31.097068719641612
delta0.50__high,0.5,high,1.9,2981583208,49fba44f73a27c41,"{""COMPUTE"": 592, ""MEMORY"": 491, ""API_CREDITS"": 300, ""DATASET"": 101}","{""COMPUTE"": 1.7533783783783783, ""MEMORY"": 1.8065173116089612, ""API_CREDITS"": 1.67, ""DATASET"": 2.4554455445544554}",4,23,12,0.2987236859681439,0.05805051281821032,0.4902716237487151,0.0339570679896035,72.79882737216819,22.17614990924396,50.25197684650116
delta0.50__high,0.5,high,1.9,2985129291,129df593b809ebf6,"{""COMPUTE"": 423, ""MEMORY"": 343, ""API_CREDITS"": 186, ""DATASET"": 72}","{""COMPUTE"": 2.023640661938534, ""MEMORY"": 2.0495626822157433, ""API_CREDITS"": 2.1344086021505375, ""DATASET"": 2.111111111111111}",4,20,18,0.442978137045706,0.0696643249005979,0.7443529735795288,0.042406237533730774,111.93788388802034,22.149393133283137,55.44203509106529
delta0.50__high,0.5,high,1.9,2999756299,778dd8a265211214,"{""COMPUTE"": 457, ""MEMORY"": 366, ""API_CREDITS"": 219, ""DATASET"": 57}","{""COMPUTE"": 1.7592997811816193, ""MEMORY"": 1.8633879781420766, ""API_CREDITS"": 1.5616438356164384, ""DATASET"": 3.6491228070175437}",4,23,22,0.4337661388046767,0.11473893938445026,0.6419211778766177,0.07401258850188475,103.67306492499226,20.798022451950455,51.27752814924272
delta0.50__high,0.5,high,1.9,3033509426,d933e5ab5f7f7723,"{""COMPUTE"": 446, ""MEMORY"": 357, ""API_CREDITS"": 227, ""DATASET"": 46}","{""COMPUTE"": 2.085201793721973, ""MEMORY"": 2.0756302521008405, ""API_CREDITS"": 2.004405286343612, ""DATASET"": 2.260869565217391}",4,30,13,0.1790359591996845,0.050787517067759,0.4644346841187499,0.031427181709999814,28.863931691104714,10.57712318712864,31.477556826595386
delta0.50__high,0.5,high,1.9,3038190311,49f3dea92280edc6,"{""COMPUTE"": 538, ""MEMORY"": 477, ""API_CREDITS"": 243, ""DATASET"": 176}","{""COMPUTE"": 1.9814126394052045, ""MEMORY"": 1.8763102725366876, ""API_CREDITS"": 1.9794238683127572, ""DATASET"": 1.4090909090909092}",4,27,18,0.3185623997931924,0.10475641885644796,0.4871956464486011,0.06980874634589583,101.15727695658195,14.567953870221269,24.549918365754312
delta0.50__high,0.5,high,1.9,3054276103,6718a1eb60ad9069,"{""COMPUTE"": 557, ""MEMORY"": 480, ""API_CREDITS"": 252, ""DATASET"": 154}","{""COMPUTE"": 1.9605026929982046, ""MEMORY"": 1.8458333333333334, ""API_CREDITS"": 2.0396825396825395, ""DATASET"": 1.1428571428571428}",4,22,21,0.47724949861952104,0.06724148442015555,0.6335800719665106,0.04156789608204912,171.98515845804494,24.941388178361663,59.281456871540854
delta0.50__high,0.5,high,1.9,3070189897,2bb1c6f5e1976c33,"{""COMPUTE"": 488, ""MEMORY"": 400, ""API_CREDITS"": 234, ""DATASET"": 81}","{""COMPUTE"": 1.8852459016393444, ""MEMORY"": 1.9375, ""API_CREDITS"": 1.764957264957265, ""DATASET"": 2.6666666666666665}",4,31,30,0.4611260732025353,0.068366916972429,0.6709472894237329,0.04072399054032128,150.15238493778185,21.844055154743092,57.57647432063714
delta0.50__high,0.5,high,1.9,3099722351,2d2073280a4aceed,"{""COMPUTE"": 513, ""MEMORY"": 455, ""API_CREDITS"": 233, ""DATASET"": 167}","{""COMPUTE"": 1.847953216374269, ""MEMORY"": 1.8197802197802198, ""API_CREDITS"": 1.8025751072961373, ""DATASET"": 1.7245508982035929}",4,23,15,0.41827810903737483,0.1240441714532757,0.6524755923741937,0.08713399064959663,121.41925057106248,21.565076067812925,91.62864945119895
delta0.50__high,0.5,high,1.9,3116983969,ed9f6a5339e2621f,"{""COMPUTE"": 481, ""MEMORY"": 379, ""API_CREDITS"": 242, ""DATASET"": 40}","{""COMPUTE"": 1.7214137214137215, ""MEMORY"": 1.7018469656992083, ""API_CREDITS"": 1.5991735537190082, ""DATASET"": 1.8}",4,25,19,0.3221574447317877,0.06376416682548758,0.4975343097165607,0.042949638295550256,91.24801955751559,13.471828030563659,46.28156302864338
delta0.50__high,0.5,high,1.9,3153527322,b4b8ad5764df0d4f,"{""COMPUTE"": 676, ""MEMORY"": 554, ""API_CREDITS"": 324, ""DATASET"": 120}","{""COMPUTE"": 1.393491124260355, ""MEMORY"": 1.404332129963899, ""API_CREDITS"": 1.3641975308641976, ""DATASET"": 1.4666666666666666}",4,29,21,0.37244159830743323,0.08124964700323295,0.6103367785642645,0.048835454100632475,136.0187961896925,20.873640966564267,89.21400109659696
delta0.50__high,0.5,high,1.9,3164050495,220d887ad54ee72c,"{""COMPUTE"": 542, ""MEMORY"": 454, ""API_CREDITS"": 255, ""DATASET"": 117}","{""COMPUTE"": 1.7859778597785978, ""MEMORY"": 1.7577092511013215, ""API_CREDITS"": 1.796078431372549, ""DATASET"": 1.5042735042735043}",4,20,15,0.3714157664110222,0.08049472669037887,0.5701089012836505,0.0490667838267476,93.84339769497547,14.558569914211532,38.07512092242941
delta0.50__high,0.5,high,1.9,3166920227,75c38c5e34b65a4c,"{""COMPUTE"": 519, ""MEMORY"": 444, ""API_CREDITS"": 224, ""DATASET"": 145}","{""COMPUTE"": 1.8998073217726397, ""MEMORY"": 1.8175675675675675, ""API_CREDITS"": 1.9866071428571428, ""DATASET"": 1.2689655172413794}",4,21,10,0.3007937247207443,0.09338655746173696,0.5006376735730355,0.055803793294839,68.15435145057528,20.66051750432852,34.71967644519594
delta0.50__high,0.5,high,1.9,3175937812,06181da2f06c7853,"{""COMPUTE"": 533, ""MEMORY"": 450, ""API_CREDITS"": 255, ""DATASET"": 118}","{""COMPUTE"": 1.6660412757973733, ""MEMORY"": 1.6755555555555555, ""API_CREDITS"": 1.6235294117647059, ""DATASET"": 1.7627118644067796}",4,21,21,0.4793117721562983,0.04384434562923884,0.6728151137005677,0.03140605254995665,181.48895608914643,12.781565628482056,63.751602279803556
delta0.50__high,0.5,high,1.9,3192653688,098945395e097f73,"{""COMPUTE"": 661, ""MEMORY"": 547, ""API_CREDITS"": 320, ""DATASET"": 124}","{""COMPUTE"": 1.7549167927382754, ""MEMORY"": 1.7312614259597807, ""API_CREDITS"": 1.778125, ""DATASET"": 1.4838709677419355}",4,18,13,0.3763106761088734,0.023144063750910226,0.5685975853816692,0.014220771432476126,138.2082843696518,20.39554817804039,63.49656898410726
delta0.50__high,0.5,high,1.9,3200726976,e311faf080e739f8,"{""COMPUTE"": 451, ""MEMORY"": 356, ""API_CREDITS"": 207, ""DATASET"": 53}","{""COMPUTE"": 1.6674057649667406, ""MEMORY"": 1.7640449438202248, ""API_CREDITS"": 1.6231884057971016, ""DATASET"": 3.018867924528302}",4,31,29,0.4510217928284628,0.10654240566160154,0.646006704367667,0.06941939648040778,85.3161104879167,16.74042061415675,29.101390560512872
delta0.50__high,0.5,high,1.9,3225980398,f70a00f17dd024f4,"{""COMPUTE"": 528, ""MEMORY"": 432, ""API_CREDITS"": 245, ""DATASET"": 94}","{""COMPUTE"": 1.8409090909090908, ""MEMORY"": 1.8981481481481481, ""API_CREDITS"": 1.8285714285714285, ""DATASET"": 2.382978723404255}",4,22,13,0.26836653638719926,0.12061437061437061,0.40058732857793816,0.07455744955744956,100.96134243470347,19.086579229095776,13.823882539677433
delta0.50__high,0.5,high,1.9,3247708285,2dc12bbcc7d902ec,"{""COMPUTE"": 458, ""MEMORY"": 384, ""API_CREDITS"": 190, ""DATASET"": 114}","{""COMPUTE"": 2.11353711790393, ""MEMORY"": 2.0625, ""API_CREDITS"": 2.210526315789474, ""DATASET"": 1.6842105263157894}",4,29,17,0.30030486346987234,0.08222898080562313,0.4669621333842772,0.059936244029917964,110.37563516822912,19.111632864466326,24.64623040373897
delta0.50__high,0.5,high,1.9,3275511066,21a3089a34e1a485,"{""COMPUTE"": 478, ""MEMORY"": 391, ""API_CREDITS"": 236, ""DATASET"": 73}","{""COMPUTE"": 2.2552301255230125, ""MEMORY"": 2.260869565217391, ""API_CREDITS"": 2.152542372881356, ""DATASET"": 2.6301369863013697}",4,33,31,0.44692701106514715,0.06683498059416874,0.6093597560278718,0.04221382423495077,146.8627973846123,28.2293063822039,90.66085571878641
delta0.50__high,0.5,high,1.9,3282615687,988a87906d95a360,"{""COMPUTE"": 666, ""MEMORY"": 562, ""API_CREDITS"": 316, ""DATASET"": 153}","{""COMPUTE"": 1.4534534534534536, ""MEMORY"": 1.4626334519572954, ""API_CREDITS"": 1.3860759493670887, ""DATASET"": 1.5686274509803921}",4,25,20,0.4065653619679967,0.06700722819309139,0.5623521719782122,0.046529380996732754,165.10075495873852,30.06259628578074,64.13557372168384
delta0.50__high,0.5,high,1.9,3309075039,5a4e599fb4dcf3b0,"{""COMPUTE"": 429, ""MEMORY"": 337, ""API_CREDITS"": 196, ""DATASET"": 46}","{""COMPUTE"": 2.097902097902098, ""MEMORY"": 2.2314540059347183, ""API_CREDITS"": 2.1020408163265305, ""DATASET"": 4.173913043478261}",4,26,22,0.4598751424709886,0.11065323568341047,0.5649599146581542,0.06844337580455437,123.90847152144725,25.280986834650236,51.9545149500453
delta0.50__high,0.5,high,1.9,3334186716,5a247a8eda4923d1,"{""COMPUTE"": 425, ""MEMORY"": 358, ""API_CREDITS"": 201, ""DATASET"": 89}","{""COMPUTE"": 2.2211764705882353, ""MEMORY"": 2.170391061452514, ""API_CREDITS"": 2.2238805970149254, ""DATASET"": 1.8876404494382022}",4,25,18,0.2983406005792917,0.06743812802898937,0.519796309845482,0.04227298442525159,82.97613654780018,18.011445216932973,78.93260148949255
delta0.50__high,0.5,high,1.9,3439138492,b9157c10f6552844,"{""COMPUTE"": 514, ""MEMORY"": 428, ""API_CREDITS"": 248, ""DATASET"": 98}","{""COMPUTE"": 1.8910505836575875, ""MEMORY"": 1.8598130841121496, ""API_CREDITS"": 1.8870967741935485, ""DATASET"": 1.6326530612244898}",4,20,17,0.375601184883855,0.030776622965901893,0.6489066506063269,0.019284233121401047,119.1794676685953,17.268301303700998,53.589417806381334
delta0.50__high,0.5,high,1.9,3447205743,5bb95b7bfe75a0e6,"{""COMPUTE"": 561, ""MEMORY"": 472, ""API_CREDITS"": 250, ""DATASET"": 134}","{""COMPUTE"": 1.8894830659536541, ""MEMORY"": 1.944915254237288, ""API_CREDITS"": 1.912, ""DATASET"": 2.2686567164179103}",4,23,16,0.3128078302160499,0.05176608765579458,0.5001934042891238,0.032280550208686885,105.87287349765101,17.703720668603957,31.881385259043295
delta0.50__high,0.5,high,1.9,3460158696,73bf7e61b56dbf48,"{""COMPUTE"": 596, ""MEMORY"": 485, ""API_CREDITS"": 297, ""DATASET"": 87}","{""COMPUTE"": 1.657718120805369, ""MEMORY"": 1.734020618556701, ""API_CREDITS"": 1.5858585858585859, ""DATASET"": 2.6666666666666665}",4,19,16,0.30653143816999523,0.07616297542887233,0.5648662294590024,0.04487633758783296,99.85421155062336,18.714723716600478,36.882890354336745
delta0.50__high,0.5,high,1.9,3460268087,dfb996aa03728f1c,"{""COMPUTE"": 417, ""MEMORY"": 342, ""API_CREDITS"": 197, ""DATASET"": 68}","{""COMPUTE"": 2.7002398081534773, ""MEMORY"": 2.6228070175438596, ""API_CREDITS"": 2.7766497461928936, ""DATASET"": 2.0}",4,23,22,0.4253271208006901,0.049365232017417986,0.5891240753569434,0.0326219714887336,107.3032756626669,14.51419902854448,74.85789175183419
delta0.50__high,0.5,high,1.9,3463781334,21b085f2b7a062ad,"{""COMPUTE"": 421, ""MEMORY"": 364, ""API_CREDITS"": 166, ""DATASET"": 133}","{""COMPUTE"": 2.161520190023753, ""MEMORY"": 2.076923076923077, ""API_CREDITS"": 2.4578313253012047, ""DATASET"": 1.443609022556391}",4,22,20,0.4460307021143046,0.07761956636773643,0.7383420085993125,0.05015891803383646,129.77289614090287,11.64775320549615,41.12575910289198
delta0.50__high,0.5,high,1.9,3467569127,a71aa0ff5bc621b9,"{""COMPUTE"": 527, ""MEMORY"": 426, ""API_CREDITS"": 251, ""DATASET"": 77}","{""COMPUTE"": 1.605313092979127, ""MEMORY"": 1.6525821596244132, ""API_CREDITS"": 1.6095617529880477, ""DATASET"": 2.0779220779220777}",4,25,19,0.3569745981488668,0.06371263786396814,0.6224091720072514,0.03827211676190147,114.13819585220931,28.421853359282014,30.820347732706484
delta0.50__high,0.5,high,1.9,3518403916,0a5e762b0a231181,"{""COMPUTE"": 555, ""MEMORY"": 483, ""API_CREDITS"": 257, ""DATASET"": 159}","{""COMPUTE"": 1.6252252252252253, ""MEMORY"": 1.6252587991718426, ""API_CREDITS"": 1.5680933852140078, ""DATASET"": 1.6603773584905661}",4,25,14,0.23629253953981202,0.11571122534810258,0.5528825603247077,0.06938706950342687,102.7046276880376,29.27976516805462,60.56196142066084
delta0.50__high,0.5,high,1.9,3547154528,afba305e6f670d26,"{""COMPUTE"": 534, ""MEMORY"": 459, ""API_CREDITS"": 247, ""DATASET"": 140}","{""COMPUTE"": 1.1947565543071161, ""MEMORY"": 1.2483660130718954, ""API_CREDITS"": 1.048582995951417, ""DATASET"": 1.6571428571428573}",4,30,26,0.3761005372223833,0.1472989857385268,0.6213078896485444,0.10849308025830533,137.29042837930493,28.03696914847157,71.38434877544452
delta0.50__high,0.5,high,1.9,3556888763,7123153ee528de96,"{""COMPUTE"": 607, ""MEMORY"": 510, ""API_CREDITS"": 289, ""DATASET"": 133}","{""COMPUTE"": 1.6672158154859966, ""MEMORY"": 1.6803921568627451, ""API_CREDITS"": 1.657439446366782, ""DATASET"": 1.744360902255639}",4,29,17,0.2460548578606738,0.12010367083896495,0.4507095911121894,0.07281094450212099,61.0743929604293,17.071649345412922,27.45937667176763
delta0.50__high,0.5,high,1.9,3585070197,7771b277c6b53d99,"{""COMPUTE"": 448, ""MEMORY"": 354, ""API_CREDITS"": 206, ""DATASET"": 53}","{""COMPUTE"": 1.9642857142857142, ""MEMORY"": 2.098870056497175, ""API_CREDITS"": 1.8689320388349515, ""DATASET"": 4.0754716981132075}",4,23,19,0.36064277810106365,0.10277609551992456,0.596907798583238,0.07266545223704167,84.91067232481497,14.816950824354004,51.635824382394965
delta0.50__high,0.5,high,1.9,3597312856,14ef79eb608b6467,"{""COMPUTE"": 448, ""MEMORY"": 361, ""API_CREDITS"": 213, ""DATASET"": 63}","{""COMPUTE"": 2.2767857142857144, ""MEMORY"": 2.2797783933518008, ""API_CREDITS"": 2.2582159624413145, ""DATASET"": 2.4126984126984126}",4,23,21,0.4232677869008481,0.058421400276066716,0.5843209000249493,0.03672204091763325,136.39574325539982,15.141364317990558,70.079698366149
delta0.50__high,0.5,high,1.9,3646743967,9925b74c61acf134,"{""COMPUTE"": 628, ""MEMORY"": 520, ""API_CREDITS"": 314, ""DATASET"": 111}","{""COMPUTE"": 1.5605095541401275, ""MEMORY"": 1.625, ""API_CREDITS"": 1.4363057324840764, ""DATASET"": 2.3783783783783785}",4,27,22,0.4209908107161197,0.07577772918401599,0.6882949089410878,0.05285604353696271,138.66351420706962,23.7971146512697,57.23449637339379
delta0.50__high,0.5,high,1.9,3702281959,5d42d3ca8edf455b,"{""COMPUTE"": 352, ""MEMORY"": 279, ""API_CREDITS"": 191, ""DATASET"": 16}","{""COMPUTE"": 2.125, ""MEMORY"": 2.121863799283154, ""API_CREDITS"": 1.9476439790575917, ""DATASET"": 4.0}",4,23,17,0.306103682163335,0.04381407341399711,0.4903545628567734,0.02684024368697649,81.27301114512122,21.43857434854681,35.632164804979645
delta0.50__high,0.5,high,1.9,3703198363,12ae7c89231f97dc,"{""COMPUTE"": 318, ""MEMORY"": 281, ""API_CREDITS"": 116, ""DATASET"": 114}","{""COMPUTE"": 2.056603773584906, ""MEMORY"": 1.9395017793594307, ""API_CREDITS"": 2.4741379310344827, ""DATASET"": 1.1929824561403508}",4,27,22,0.381986810446244,0.061290810889594274,0.685771691020392,0.04256263865236826,87.1478948211917,19.532581189722098,58.93858251819082
delta0.50__high,0.5,high,1.9,3722197476,3dd57e37f5e7d7e4,"{""COMPUTE"": 567, ""MEMORY"": 463, ""API_CREDITS"": 277, ""DATASET"": 90}","{""COMPUTE"": 1.781305114638448, ""MEMORY"": 1.8012958963282937, ""API_CREDITS"": 1.7833935018050542, ""DATASET"": 1.9555555555555555}",4,22,21,0.4205309293580193,0.05984568868067662,0.65542758509021,0.041037982422942605,111.99309050496363,18.61880745503879,37.50221128588951
delta0.50__high,0.5,high,1.9,3732653027,f7938155eafb07ad,"{""COMPUTE"": 568, ""MEMORY"": 464, ""API_CREDITS"": 255, ""DATASET"": 107}","{""COMPUTE"": 2.0422535211267605, ""MEMORY"": 2.081896551724138, ""API_CREDITS"": 2.1411764705882352, ""DATASET"": 2.2429906542056073}",4,19,13,0.3340564605538027,0.06143717041834546,0.652755960117567,0.04002425554031072,124.51432646647852,34.49939090699487,42.85148193122512
delta0.50__high,0.5,high,1.9,3755261675,d7fb1ba5565e3a76,"{""COMPUTE"": 379, ""MEMORY"": 336, ""API_CREDITS"": 154, ""DATASET"": 130}","{""COMPUTE"": 2.015831134564644, ""MEMORY"": 1.9494047619047619, ""API_CREDITS"": 2.0584415584415585, ""DATASET"": 1.6615384615384616}",4,23,19,0.43971679337497055,0.12971004935377853,0.5713552694306341,0.08396965839633708,120.56476299224347,14.306317589737356,50.14439017291179
delta0.50__high,0.5,high,1.9,3819244249,f71a6ac31cf59aa6,"{""COMPUTE"": 541, ""MEMORY"": 436, ""API_CREDITS"": 270, ""DATASET"": 69}","{""COMPUTE"": 1.8410351201478743, ""MEMORY"": 1.896788990825688, ""API_CREDITS"": 1.7962962962962963, ""DATASET"": 2.6666666666666665}",4,29,12,0.2272744683174497,0.051328099151309245,0.4477752738074236,0.03285022729504173,68.1185336004075,26.867971655185617,57.73964547089713
delta0.50__high,0.5,high,1.9,3825070817,2b90725a20dfc0d8,"{""COMPUTE"": 261, ""MEMORY"": 232, ""API_CREDITS"": 110, ""DATASET"": 82}","{""COMPUTE"": 2.6206896551724137, ""MEMORY"": 2.4051724137931036, ""API_CREDITS"": 2.8181818181818183, ""DATASET"": 1.3658536585365855}",4,25,18,0.368639313556352,0.08999465404633841,0.6071931992799331,0.0602989748151177,108.22110793591014,29.1245058361374,42.60841246942313
delta0.50__high,0.5,high,1.9,3829285020,21fa6d659e2f109a,"{""COMPUTE"": 422, ""MEMORY"": 345, ""API_CREDITS"": 202, ""DATASET"": 66}","{""COMPUTE"": 2.056872037914692, ""MEMORY"": 2.020289855072464, ""API_CREDITS"": 2.113861386138614, ""DATASET"": 1.5757575757575757}",4,26,22,0.4190940880626608,0.04808094309544291,0.7118515232680979,0.031223179077320497,129.19316049718043,20.716525154400998,73.34583707237793
delta0.50__high,0.5,high,1.9,3829736852,5b76751275c708c0,"{""COMPUTE"": 416, ""MEMORY"": 361, ""API_CREDITS"": 165, ""DATASET"": 133}","{""COMPUTE"": 2.1490384615384617, ""MEMORY"": 2.0498614958448753, ""API_CREDITS"": 2.3515151515151516, ""DATASET"": 1.443609022556391}",4,20,17,0.3549156378572313,0.07020152590518226,0.5766958148069188,0.04673547092057726,134.12457437795743,27.098083137685155,25.00623475121515
delta0.50__high,0.5,high,1.9,3834605579,bd17c712febe42a6,"{""COMPUTE"": 453, ""MEMORY"": 391, ""API_CREDITS"": 205, ""DATASET"": 125}","{""COMPUTE"": 1.955849889624724, ""MEMORY"": 1.9923273657289002, ""API_CREDITS"": 1.897560975609756, ""DATASET"": 2.24}",4,27,20,0.35448492495272704,0.06861257819332313,0.6330962926230147,0.04343590619864856,153.04628723665627,29.434642877991166,62.320069407305375
delta0.50__high,0.5,high,1.9,3862073378,f2d7de99931d40fc,"{""COMPUTE"": 480, ""MEMORY"": 419, ""API_CREDITS"": 227, ""DATASET"": 136}","{""COMPUTE"": 2.1375, ""MEMORY"": 2.0501193317422435, ""API_CREDITS"": 2.1365638766519823, ""DATASET"": 1.588235294117647}",4,26,24,0.39454921547596006,0.08437523555712177,0.7913126639850465,0.056803560049484704,106.6539704763573,26.242439655066416,83.84669158165265
delta0.50__high,0.5,high,1.9,3896223086,e63a8747fa7f1a51,"{""COMPUTE"": 570, ""MEMORY"": 469, ""API_CREDITS"": 266, ""DATASET"": 107}","{""COMPUTE"": 1.8385964912280701, ""MEMORY"": 1.814498933901919, ""API_CREDITS"": 1.7781954887218046, ""DATASET"": 1.719626168224299}",4,24,16,0.21693491784682764,0.1302083997961059,0.3958792371324272,0.08257972176637844,55.69313978942633,14.101558404846996,43.371984557591524
delta0.50__high,0.5,high,1.9,3902540653,3726bb7ff2a94635,"{""COMPUTE"": 566, ""MEMORY"": 457, ""API_CREDITS"": 255, ""DATASET"": 94}","{""COMPUTE"": 1.5971731448763251, ""MEMORY"": 1.6170678336980306, ""API_CREDITS"": 1.4941176470588236, ""DATASET"": 1.9574468085106382}",4,27,17,0.3517435879812627,0.09230725542017221,0.5603891556071463,0.06121772164431172,107.0107524893753,19.835062832864143,64.79870674809176
delta0.50__high,0.5,high,1.9,3945030225,d3c9090f3de76193,"{""COMPUTE"": 466, ""MEMORY"": 399, ""API_CREDITS"": 206, ""DATASET"": 124}","{""COMPUTE"": 2.0300429184549356, ""MEMORY"": 2.0050125313283207, ""API_CREDITS"": 2.0970873786407767, ""DATASET"": 1.8064516129032258}",4,19,15,0.37641232373707306,0.0859154891319334,0.5781099310480373,0.05439149561825679,123.44193933306427,22.937368213170526,64.4197271607613
delta0.50__high,0.5,high,1.9,3947356923,a496bdeb130df66a,"{""COMPUTE"": 363, ""MEMORY"": 324, ""API_CREDITS"": 140, ""DATASET"": 135}","{""COMPUTE"": 1.8898071625344353, ""MEMORY"": 1.882716049382716, ""API_CREDITS"": 1.9857142857142858, ""DATASET"": 1.7777777777777777}",4,22,18,0.34045290303573156,0.09836840071581855,0.6204301693141597,0.06643829529887708,87.39511209609446,15.938420110799102,58.72224591898054
delta0.50__high,0.5,high,1.9,3981156840,cece40534845d131,"{""COMPUTE"": 378, ""MEMORY"": 321, ""API_CREDITS"": 166, ""DATASET"": 92}","{""COMPUTE"": 2.074074074074074, ""MEMORY"": 2.0093457943925235, ""API_CREDITS"": 2.210843373493976, ""DATASET"": 1.4782608695652173}",4,24,10,0.14970577861762313,0.13396880078296008,0.39817198151903216,0.08806756787951477,44.697839756700866,11.463512180289243,38.799560070762475
delta0.50__high,0.5,high,1.9,3996589783,818c1c6921ede93d,"{""COMPUTE"": 505, ""MEMORY"": 450, ""API_CREDITS"": 226, ""DATASET"": 170}","{""COMPUTE"": 1.607920792079208, ""MEMORY"": 1.6133333333333333, ""API_CREDITS"": 1.424778761061947, ""DATASET"": 1.7882352941176471}",4,26,19,0.23297042605956728,0.1478579555978937,0.42356825447388635,0.10550461750152151,57.7662362117077,18.722149985234918,45.7722652067801
delta0.50__high,0.5,high,1.9,4024888051,13a31a30531d8d7d,"{""COMPUTE"": 272, ""MEMORY"": 244, ""API_CREDITS"": 105, ""DATASET"": 100}","{""COMPUTE"": 2.801470588235294, ""MEMORY"": 2.790983606557377, ""API_CREDITS"": 3.1142857142857143, ""DATASET"": 2.64}",4,26,22,0.41245525124770466,0.08481570970957844,0.6209925360795648,0.055197753705105455,147.3211940729269,12.43840919801257,71.22291841454667
delta0.50__high,0.5,high,1.9,4030503373,63c57e07286fa956,"{""COMPUTE"": 342, ""MEMORY"": 290, ""API_CREDITS"": 143, ""DATASET"": 86}","{""COMPUTE"": 1.9239766081871346, ""MEMORY"": 1.9413793103448276, ""API_CREDITS"": 2.160839160839161, ""DATASET"": 1.7674418604651163}",4,27,25,0.4105071465524753,0.08971602095246436,0.733177224651341,0.05670651973673651,99.42254797934852,18.581601469976164,86.48682038099533
delta0.50__high,0.5,high,1.9,4039868181,fdda56c4f7907d1d,"{""COMPUTE"": 413, ""MEMORY"": 354, ""API_CREDITS"": 204, ""DATASET"": 93}","{""COMPUTE"": 1.8062953995157385, ""MEMORY"": 1.7570621468926553, ""API_CREDITS"": 1.7156862745098038, ""DATASET"": 1.5483870967741935}",4,28,23,0.34306783299557675,0.09642827217027676,0.6532523278227398,0.0605958012878309,102.49519834621185,28.73462252200696,56.15294195177997
delta0.50__high,0.5,high,1.9,4070281976,62b9b78b5dd07327,"{""COMPUTE"": 576, ""MEMORY"": 503, ""API_CREDITS"": 266, ""DATASET"": 169}","{""COMPUTE"": 1.7430555555555556, ""MEMORY"": 1.7594433399602385, ""API_CREDITS"": 1.650375939849624, ""DATASET"": 1.9408284023668638}",4,25,23,0.4456494465598695,0.050735396945794285,0.6508589093192255,0.034256706877213154,191.11112905705264,45.35270069205018,89.31843343960054
delta0.50__high,0.5,high,1.9,4074372378,6809959944df9e26,"{""COMPUTE"": 594, ""MEMORY"": 484, ""API_CREDITS"": 295, ""DATASET"": 88}","{""COMPUTE"": 1.303030303030303, ""MEMORY"": 1.384297520661157, ""API_CREDITS"": 1.2, ""DATASET"": 2.3636363636363638}",4,25,22,0.4268530139234193,0.08720827446128651,0.6027647173262046,0.05472041377161858,144.4704452085334,24.170261426269963,57.62564853047498
delta0.50__high,0.5,high,1.9,4082760487,fdbb8cd70976b392,"{""COMPUTE"": 537, ""MEMORY"": 451, ""API_CREDITS"": 258, ""DATASET"": 114}","{""COMPUTE"": 2.1564245810055866, ""MEMORY"": 2.1019955654101996, ""API_CREDITS"": 2.186046511627907, ""DATASET"": 1.6842105263157894}",4,29,22,0.3666975376022515,0.02878957110955861,0.48163239370207594,0.019150811047865018,127.74595903815396,14.662197909319774,45.902168037542566
delta0.50__high,0.5,high,1.9,4095462803,41a6529d0c555506,"{""COMPUTE"": 449, ""MEMORY"": 361, ""API_CREDITS"": 233, ""DATASET"": 46}","{""COMPUTE"": 1.9688195991091315, ""MEMORY"": 2.080332409972299, ""API_CREDITS"": 1.7210300429184548, ""DATASET"": 4.695652173913044}",4,28,26,0.4034702766263582,0.07757634165449648,0.6318001787484554,0.052224830889254344,104.56713377410266,16.059534392167464,42.88105132317202
delta0.50__high,0.5,high,1.9,4099285905,6b0572def5d70e37,"{""COMPUTE"": 460, ""MEMORY"": 378, ""API_CREDITS"": 217, ""DATASET"": 81}","{""COMPUTE"": 1.6043478260869566, ""MEMORY"": 1.6058201058201058, ""API_CREDITS"": 1.6267281105990783, ""DATASET"": 1.4814814814814814}",4,29,27,0.419200317895899,0.09555738651326887,0.5759961871371547,0.06100588318725574,125.28658842788654,24.6279658652301,76.74137125899291
delta0.50__high,0.5,high,1.9,4105600667,9b4588b4a9c42bfa,"{""COMPUTE"": 512, ""MEMORY"": 442, ""API_CREDITS"": 247, ""DATASET"": 132}","{""COMPUTE"": 1.8046875, ""MEMORY"": 1.8054298642533937, ""API_CREDITS"": 1.7732793522267207, ""DATASET"": 1.8181818181818181}",4,23,11,0.28507446010268944,0.07975313731976952,0.523205727713103,0.04752761370563352,84.9034342556711,23.10586771678271,30.849777346499536
delta0.50__high,0.5,high,1.9,4163155962,fc3809d43aa71c47,"{""COMPUTE"": 472, ""MEMORY"": 400, ""API_CREDITS"": 231, ""DATASET"": 101}","{""COMPUTE"": 1.555084745762712, ""MEMORY"": 1.62, ""API_CREDITS"": 1.4372294372294372, ""DATASET"": 2.217821782178218}",4,23,19,0.40319834149244843,0.0906992657212763,0.62712350627235,0.05758773568659236,164.7309258586936,35.37317982965846,45.82307073893973
delta0.50__high,0.5,high,1.9,4171035140,c4f587a6a5432976,"{""COMPUTE"": 507, ""MEMORY"": 434, ""API_CREDITS"": 236, ""DATASET"": 128}","{""COMPUTE"": 1.8185404339250493, ""MEMORY"": 1.8179723502304148, ""API_CREDITS"": 1.8093220338983051, ""DATASET"": 1.8125}",4,24,17,0.3432081559329876,0.08306257899794124,0.6202222735782625,0.05543474775752414,111.32340826997317,18.329413347357303,53.938825219498284
delta0.50__high,0.5,high,1.9,4184451528,f4e150bbe10166f2,"{""COMPUTE"": 536, ""MEMORY"": 444, ""API_CREDITS"": 254, ""DATASET"": 102}","{""COMPUTE"": 1.6082089552238805, ""MEMORY"": 1.6306306306306306, ""API_CREDITS"": 1.5433070866141732, ""DATASET"": 1.8823529411764706}",4,23,19,0.37303663414659854,0.09297778700199164,0.6326696674815547,0.0601112083066006,118.43904297417127,17.321540636174092,33.323718958836224
delta0.50__high,0.5,high,1.9,4190426423,d13a20bc6e3fa703,"{""COMPUTE"": 383, ""MEMORY"": 340, ""API_CREDITS"": 163, ""DATASET"": 128}","{""COMPUTE"": 2.02088772845953, ""MEMORY"": 1.9264705882352942, ""API_CREDITS"": 2.1165644171779143, ""DATASET"": 1.4375}",4,28,19,0.36950698917580643,0.10103841636918645,0.664907830222028,0.07089280924534144,133.8863908930273,17.032637122121972,55.47052015659764
delta0.50__high,0.5,high,1.9,4202249207,220e3f96f8cdb4d2,"{""COMPUTE"": 500, ""MEMORY"": 407, ""API_CREDITS"": 234, ""DATASET"": 82}","{""COMPUTE"": 1.796, ""MEMORY"": 1.7542997542997543, ""API_CREDITS"": 1.7863247863247864, ""DATASET"": 1.3658536585365855}",4,27,23,0.383373968898137,0.07417613395588223,0.5506337566018898,0.053209449506407935,120.48058707033437,17.740030191290863,22.324758213892125
delta0.50__high,0.5,high,1.9,4206761894,1fe9fff032bfa69d,"{""COMPUTE"": 598, ""MEMORY"": 500, ""API_CREDITS"": 288, ""DATASET"": 123}","{""COMPUTE"": 1.5183946488294315, ""MEMORY"": 1.564, ""API_CREDITS"": 1.4513888888888888, ""DATASET"": 1.951219512195122}",4,27,21,0.38993714390933937,0.07852203612163192,0.6699421821419348,0.050611954590143,161.10499649383146,29.491499366381106,76.49012082814778
delta0.50__moderate,0.5,moderate,1.3,19063083,95a6c56be0257c31,"{""COMPUTE"": 626, ""MEMORY"": 483, ""API_CREDITS"": 281, ""DATASET"": 52}","{""COMPUTE"": 1.0159744408945688, ""MEMORY"": 1.0683229813664596, ""API_CREDITS"": 1.0249110320284698, ""DATASET"": 1.8461538461538463}",4,25,17,0.3809351824992429,0.1361337513061651,0.48894202676429527,0.09609058459633173,69.38390243279859,10.085867889864849,22.878887431606557
delta0.50__moderate,0.5,moderate,1.3,27327381,38f54c7de987f32b,"{""COMPUTE"": 701, ""MEMORY"": 552, ""API_CREDITS"": 350, ""DATASET"": 60}","{""COMPUTE"": 1.218259629101284, ""MEMORY"": 1.2590579710144927, ""API_CREDITS"": 1.2028571428571428, ""DATASET"": 2.0}",4,26,21,0.3977819931498126,0.07857636190969523,0.556997398581902,0.0534555621049874,94.77757045845776,14.01743047209755,34.90543927621653
delta0.50__moderate,0.5,moderate,1.3,73091972,a1bd38eef6de94fb,"{""COMPUTE"": 556, ""MEMORY"": 487, ""API_CREDITS"": 245, ""DATASET"": 165}","{""COMPUTE"": 1.8057553956834533, ""MEMORY"": 1.788501026694045, ""API_CREDITS"": 1.8979591836734695, ""DATASET"": 1.696969696969697}",4,22,17,0.42592959716774265,0.07114596478115769,0.6035899833329681,0.04510580791082444,187.59608713774256,50.462646189409845,56.956141425625354
delta0.50__moderate,0.5,moderate,1.3,75104030,3042a84b4dad5295,"{""COMPUTE"": 401, ""MEMORY"": 366, ""API_CREDITS"": 152, ""DATASET"": 161}","{""COMPUTE"": 1.7107231920199502, ""MEMORY"": 1.6147540983606556, ""API_CREDITS"": 1.980263157894737, ""DATASET"": 1.1428571428571428}",4,19,15,0.4072642711554682,0.09410182935009406,0.6853440152510717,0.06448924101999089,90.85021585260661,20.769848489696614,74.57995032217322
delta0.50__moderate,0.5,moderate,1.3,75640271,0a522d8749bcf049,"{""COMPUTE"": 717, ""MEMORY"": 626, ""API_CREDITS"": 328, ""DATASET"": 209}","{""COMPUTE"": 1.4867503486750349, ""MEMORY"": 1.3993610223642172, ""API_CREDITS"": 1.5365853658536586, ""DATASET"": 0.9186602870813397}",4,26,15,0.2567527392536377,0.055758150820346804,0.44393375720972045,0.036577047924853785,105.14657258087595,14.199917925564577,60.47817898928278
delta0.50__moderate,0.5,moderate,1.3,87781505,be3e3f59f781e9a7,"{""COMPUTE"": 675, ""MEMORY"": 569, ""API_CREDITS"": 323, ""DATASET"": 143}","{""COMPUTE"": 1.4814814814814814, ""MEMORY"": 1.4323374340949033, ""API_CREDITS"": 1.5139318885448916, ""DATASET"": 1.062937062937063}",4,20,16,0.34783228510984693,0.048770313161305236,0.618174333684208,0.02920015281547322,108.45828529073854,15.461895106970838,43.423307219389365
delta0.50__moderate,0.5,moderate,1.3,94885586,894883ca475adc4a,"{""COMPUTE"": 746, ""MEMORY"": 627, ""API_CREDITS"": 346, ""DATASET"": 165}","{""COMPUTE"": 1.2439678284182305, ""MEMORY"": 1.2838915470494419, ""API_CREDITS"": 1.2109826589595376, ""DATASET"": 1.6}",4,26,15,0.33184575669866373,0.09728018317529773,0.5936644236228146,0.05880202539445808,109.05169464909204,17.577961884412947,45.18843785873825
delta0.50__moderate,0.5,moderate,1.3,101192955,6bca14968b5029de,"{""COMPUTE"": 693, ""MEMORY"": 599, ""API_CREDITS"": 335, ""DATASET"": 176}","{""COMPUTE"": 1.266955266955267, ""MEMORY"": 1.2921535893155258, ""API_CREDITS"": 1.1880597014925374, ""DATASET"": 1.5454545454545454}",4,26,17,0.32639380745698005,0.12152216739022294,0.610202262598281,0.09104161602714843,120.9771694033118,24.95556135654139,35.91130241469424
delta0.50__moderate,0.5,moderate,1.3,108416726,904cfa48152eb368,"{""COMPUTE"": 617, ""MEMORY"": 510, ""API_CREDITS"": 289, ""DATASET"": 112}","{""COMPUTE"": 1.432739059967585, ""MEMORY"": 1.415686274509804, ""API_CREDITS"": 1.4463667820069204, ""DATASET"": 1.2857142857142858}",4,20,12,0.2847547494033687,0.08946716008457622,0.5187571980165231,0.05790146467294982,97.66584180188345,20.0514609194521,36.70689206726066
delta0.50__moderate,0.5,moderate,1.3,112626036,35da4d7c43f908e6,"{""COMPUTE"": 706, ""MEMORY"": 568, ""API_CREDITS"": 321, ""DATASET"": 107}","{""COMPUTE"": 1.4135977337110481, ""MEMORY"": 1.4524647887323943, ""API_CREDITS"": 1.4174454828660437, ""DATASET"": 1.8691588785046729}",4,21,14,0.3713777433996918,0.09929037125905739,0.6427646231653888,0.06331553706363577,105.39345678547481,21.584019923400053,42.46200699552111
delta0.50__moderate,0.5,moderate,1.3,129877774,2ed3f5816d5a3438,"{""COMPUTE"": 913, ""MEMORY"": 751, ""API_CREDITS"": 450, ""DATASET"": 155}","{""COMPUTE"": 1.104052573932092, ""MEMORY"": 1.1171770972037283, ""API_CREDITS"": 1.0155555555555555, ""DATASET"": 1.3935483870967742}",4,33,29,0.3709462427620622,0.08980176908948681,0.6551419116446169,0.0608399172668855,108.55966313026006,24.47865312510764,86.02287102513309
delta0.50__moderate,0.5,moderate,1.3,139216186,b48f2aaad59ebae3,"{""COMPUTE"": 534, ""MEMORY"": 451, ""API_CREDITS"": 232, ""DATASET"": 127}","{""COMPUTE"": 1.3707865168539326, ""MEMORY"": 1.4368070953436807, ""API_CREDITS"": 1.2586206896551724, ""DATASET"": 2.015748031496063}",4,23,16,0.34435765706089055,0.12170839181542686,0.6359315933719958,0.07484439404424313,96.30011713410113,23.055003743742134,58.900533895635725
delta0.50__moderate,0.5,moderate,1.3,139730805,a7d5d798ca8c5edb,"{""COMPUTE"": 798, ""MEMORY"": 629, ""API_CREDITS"": 381, ""DATASET"": 85}","{""COMPUTE"": 1.117794486215539, ""MEMORY"": 1.1335453100158983, ""API_CREDITS"": 1.141732283464567, ""DATASET"": 1.223529411764706}",4,20,16,0.32145076577641635,0.05825051881367774,0.5479245521722341,0.039651059759953054,83.10409117252657,10.437133946579365,25.499828384202242
delta0.50__moderate,0.5,moderate,1.3,147261721,fec810adf4e57e78,"{""COMPUTE"": 658, ""MEMORY"": 533, ""API_CREDITS"": 307, ""DATASET"": 100}","{""COMPUTE"": 1.2127659574468086, ""MEMORY"": 1.2420262664165103, ""API_CREDITS"": 1.244299674267101, ""DATASET"": 1.44}",4,23,23,0.4107530445022312,0.07923711250501489,0.6302128163595454,0.04814407321966658,132.93361087303379,22.418903959155557,40.82232761741191
delta0.50__moderate,0.5,moderate,1.3,152599165,a73196ccf541bb03,"{""COMPUTE"": 765, ""MEMORY"": 627, ""API_CREDITS"": 377, ""DATASET"": 122}","{""COMPUTE"": 1.0326797385620916, ""MEMORY"": 1.0542264752791068, ""API_CREDITS"": 0.9522546419098143, ""DATASET"": 1.3770491803278688}",4,23,18,0.34786300771037876,0.11507207450560969,0.5765562041371914,0.07184523667416075,114.11960524253563,19.43362688018456,53.95467191686382
delta0.50__moderate,0.5,moderate,1.3,153676091,6c6bae6491514a53,"{""COMPUTE"": 714, ""MEMORY"": 595, ""API_CREDITS"": 359, ""DATASET"": 126}","{""COMPUTE"": 1.196078431372549, ""MEMORY"": 1.1932773109243697, ""API_CREDITS"": 1.1977715877437325, ""DATASET"": 1.1428571428571428}",4,20,10,0.2707938278904382,0.07358947020386344,0.4730177271791261,0.04795753497566909,96.05626862497257,19.207049733371182,63.10345311864458
delta0.50__moderate,0.5,moderate,1.3,173143613,3b4f4ea9cadda07e,"{""COMPUTE"": 363, ""MEMORY"": 321, ""API_CREDITS"": 168, ""DATASET"": 98}","{""COMPUTE"": 1.955922865013774, ""MEMORY"": 1.8317757009345794, ""API_CREDITS"": 1.9761904761904763, ""DATASET"": 1.3061224489795917}",4,21,15,0.38266075373399416,0.13607827607827608,0.5180454804855926,0.09892997392997394,103.77060406907356,15.787626198623771,42.818049079339026
delta0.50__moderate,0.5,moderate,1.3,190642350,4f89f9941fc27039,"{""COMPUTE"": 747, ""MEMORY"": 627, ""API_CREDITS"": 332, ""DATASET"": 175}","{""COMPUTE"": 1.3601070950468541, ""MEMORY"": 1.3620414673046253, ""API_CREDITS"": 1.3674698795180722, ""DATASET"": 1.3714285714285714}",4,28,22,0.35899963125405526,0.0698239561968292,0.6677469915021016,0.04408668666188709,110.53131241303497,17.62936289086241,65.46780247923529
delta0.50__moderate,0.5,moderate,1.3,207766894,3e8b51859d48b97c,"{""COMPUTE"": 930, ""MEMORY"": 770, ""API_CREDITS"": 435, ""DATASET"": 187}","{""COMPUTE"": 1.2688172043010753, ""MEMORY"": 1.2844155844155845, ""API_CREDITS"": 1.257471264367816, ""DATASET"": 1.411764705882353}",4,25,10,0.1747712327879127,0.10086361282492291,0.30751382182890724,0.06191607791476911,62.37216882968442,16.63193753338558,14.978231792745882
delta0.50__moderate,0.5,moderate,1.3,214952310,845e426e370aca1a,"{""COMPUTE"": 744, ""MEMORY"": 633, ""API_CREDITS"": 333, ""DATASET"": 190}","{""COMPUTE"": 1.2150537634408602, ""MEMORY"": 1.2464454976303319, ""API_CREDITS"": 1.2342342342342343, ""DATASET"": 1.3894736842105264}",4,23,16,0.3595073414012154,0.024432606345543322,0.5908737112586404,0.016468921154298953,84.23474503301433,22.049729022269347,43.911126008778744
delta0.50__moderate,0.5,moderate,1.3,223200515,e1aece9db0183aa3,"{""COMPUTE"": 605, ""MEMORY"": 524, ""API_CREDITS"": 258, ""DATASET"": 176}","{""COMPUTE"": 1.371900826446281, ""MEMORY"": 1.3778625954198473, ""API_CREDITS"": 1.434108527131783, ""DATASET"": 1.3636363636363635}",4,21,16,0.2932050526830546,0.10346557489943632,0.5397247343841949,0.06595537758705927,65.04130086176947,17.47551013837568,78.99616890061573
delta0.50__moderate,0.5,moderate,1.3,271508238,1dfd44d1b2852097,"{""COMPUTE"": 612, ""MEMORY"": 527, ""API_CREDITS"": 270, ""DATASET"": 166}","{""COMPUTE"": 1.4967320261437909, ""MEMORY"": 1.4193548387096775, ""API_CREDITS"": 1.5555555555555556, ""DATASET"": 0.963855421686747}",4,20,17,0.3424354468782665,0.07535918936815997,0.5325422105523636,0.05163052741204388,116.82381457729561,6.7415627425872025,22.701627418419417
delta0.50__moderate,0.5,moderate,1.3,278611269,8f7cbacede47dec8,"{""COMPUTE"": 654, ""MEMORY"": 601, ""API_CREDITS"": 260, ""DATASET"": 279}","{""COMPUTE"": 1.5565749235474007, ""MEMORY"": 1.5008319467554077, ""API_CREDITS"": 1.7461538461538462, ""DATASET"": 1.2043010752688172}",4,21,13,0.2869219285702947,0.08491460799267019,0.5242859608592609,0.058466010695225834,75.60837032363875,6.272769003715993,63.60606114883734
delta0.50__moderate,0.5,moderate,1.3,279304908,d943cf4676ee13f8,"{""COMPUTE"": 613, ""MEMORY"": 520, ""API_CREDITS"": 268, ""DATASET"": 155}","{""COMPUTE"": 1.0473083197389885, ""MEMORY"": 1.0711538461538461, ""API_CREDITS"": 1.1007462686567164, ""DATASET"": 1.0838709677419356}",4,24,19,0.2933087258217764,0.13406365024624042,0.5440813772346269,0.08575873388144556,73.0845109756975,8.720169778864586,37.587123833903014
delta0.50__moderate,0.5,moderate,1.3,284064978,d91ce738d4ec169f,"{""COMPUTE"": 731, ""MEMORY"": 626, ""API_CREDITS"": 362, ""DATASET"": 169}","{""COMPUTE"": 1.5376196990424076, ""MEMORY"": 1.5287539936102237, ""API_CREDITS"": 1.5, ""DATASET"": 1.5621301775147929}",4,23,19,0.4178020546429219,0.038548019013370766,0.6116058003255321,0.02504945207993271,152.1610557593131,29.52559792469445,60.710994068782334
delta0.50__moderate,0.5,moderate,1.3,322453867,5424b28280db4532,"{""COMPUTE"": 743, ""MEMORY"": 592, ""API_CREDITS"": 360, ""DATASET"": 87}","{""COMPUTE"": 1.5908479138627187, ""MEMORY"": 1.6368243243243243, ""API_CREDITS"": 1.5972222222222223, ""DATASET"": 2.2988505747126435}",4,22,20,0.41887259779121155,0.02671708582418486,0.6476071653984591,0.016956550786139665,153.01928142048746,24.934076706469625,59.371875932314424
delta0.50__moderate,0.5,moderate,1.3,343457384,64870252c5b8d509,"{""COMPUTE"": 891, ""MEMORY"": 720, ""API_CREDITS"": 432, ""DATASET"": 130}","{""COMPUTE"": 1.1088664421997756, ""MEMORY"": 1.1125, ""API_CREDITS"": 1.0347222222222223, ""DATASET"": 1.2923076923076924}",4,28,18,0.2894644444957663,0.11935718892976767,0.48475583025234203,0.07517623609511288,77.60311566761423,18.25623308217175,46.10344980491404
delta0.50__moderate,0.5,moderate,1.3,386742898,584b67c6dccde378,"{""COMPUTE"": 681, ""MEMORY"": 610, ""API_CREDITS"": 295, ""DATASET"": 240}","{""COMPUTE"": 1.6152716593245227, ""MEMORY"": 1.5327868852459017, ""API_CREDITS"": 1.6847457627118645, ""DATASET"": 1.1666666666666667}",4,25,19,0.3682011407360364,0.10562122784142428,0.589226862988181,0.06286508278605818,96.5261355239104,24.748699287870064,72.45849809137162
delta0.50__moderate,0.5,moderate,1.3,396660506,41becfea77daeedd,"{""COMPUTE"": 482, ""MEMORY"": 407, ""API_CREDITS"": 238, ""DATASET"": 90}","{""COMPUTE"": 1.6639004149377594, ""MEMORY"": 1.6461916461916462, ""API_CREDITS"": 1.6722689075630253, ""DATASET"": 1.6}",4,22,20,0.46717598748598727,0.03323627482673868,0.6644714727283975,0.02056456152015113,199.40696878764868,14.655466782174548,87.4585592069845
delta0.50__moderate,0.5,moderate,1.3,421967079,617a42bf24645cdd,"{""COMPUTE"": 811, ""MEMORY"": 686, ""API_CREDITS"": 390, ""DATASET"": 180}","{""COMPUTE"": 1.3637484586929716, ""MEMORY"": 1.345481049562682, ""API_CREDITS"": 1.3871794871794871, ""DATASET"": 1.2}",4,24,18,0.3041150489789823,0.03506103183534044,0.46791709133026954,0.021123072307979582,105.72873581554434,19.739505402781447,54.423647192307705
delta0.50__moderate,0.5,moderate,1.3,433449607,43ac02e40a0bff15,"{""COMPUTE"": 846, ""MEMORY"": 730, ""API_CREDITS"": 381, ""DATASET"": 238}","{""COMPUTE"": 1.1394799054373523, ""MEMORY"": 1.1424657534246576, ""API_CREDITS"": 1.1391076115485563, ""DATASET"": 1.1428571428571428}",4,23,14,0.3410467998225665,0.07249714639166974,0.5018954122763052,0.04603799371801401,120.84324697945476,10.446495331698996,19.667999926128925
delta0.50__moderate,0.5,moderate,1.3,446926817,3d81123b456fc345,"{""COMPUTE"": 697, ""MEMORY"": 562, ""API_CREDITS"": 324, ""DATASET"": 103}","{""COMPUTE"": 1.1104734576757531, ""MEMORY"": 1.1298932384341638, ""API_CREDITS"": 1.0277777777777777, ""DATASET"": 1.4757281553398058}",4,22,11,0.29147637480138555,0.11426239596483598,0.44681701950853076,0.07395157213021104,78.17479942269401,5.493011938828193,19.528888299246876
delta0.50__moderate,0.5,moderate,1.3,453512931,41c11feae4ba7d27,"{""COMPUTE"": 703, ""MEMORY"": 598, ""API_CREDITS"": 338, ""DATASET"": 161}","{""COMPUTE"": 1.3513513513513513, ""MEMORY"": 1.3110367892976589, ""API_CREDITS"": 1.3846153846153846, ""DATASET"": 0.9937888198757764}",4,24,15,0.31586790028315875,0.06756760564610167,0.5397216362846003,0.03992482985177918,75.52979103905174,16.92050297188047,43.03598883120048
delta0.50__moderate,0.5,moderate,1.3,469716932,abe29d71a80739a2,"{""COMPUTE"": 774, ""MEMORY"": 612, ""API_CREDITS"": 358, ""DATASET"": 93}","{""COMPUTE"": 1.1059431524547803, ""MEMORY"": 1.1258169934640523, ""API_CREDITS"": 1.181564245810056, ""DATASET"": 1.118279569892473}",4,29,24,0.3569465894057424,0.06115932175061789,0.6087897679872559,0.03939780694198678,89.82336977534139,24.27380374961596,58.77604144559029
delta0.50__moderate,0.5,moderate,1.3,484036427,a16c36b3a5f15cc1,"{""COMPUTE"": 709, ""MEMORY"": 593, ""API_CREDITS"": 363, ""DATASET"": 125}","{""COMPUTE"": 1.4019746121297603, ""MEMORY"": 1.3895446880269815, ""API_CREDITS"": 1.4104683195592287, ""DATASET"": 1.28}",4,26,13,0.30251001525907867,0.038878717841042465,0.5107387419456314,0.0248701527455575,114.38022686037174,27.888988371216474,25.903711125324502
delta0.50__moderate,0.5,moderate,1.3,496510537,b249bcf134e8107a,"{""COMPUTE"": 1038, ""MEMORY"": 845, ""API_CREDITS"": 500, ""DATASET"": 171}","{""COMPUTE"": 1.0905587668593448, ""MEMORY"": 1.0745562130177515, ""API_CREDITS"": 1.072, ""DATASET"": 0.935672514619883}",4,26,15,0.2671594436521536,0.0636053847932301,0.4438535255712586,0.04439511723696806,110.15847631081482,17.24971861896911,42.94386449719033
delta0.50__moderate,0.5,moderate,1.3,561058638,99fb8f2ee9abc52a,"{""COMPUTE"": 778, ""MEMORY"": 592, ""API_CREDITS"": 364, ""DATASET"": 45}","{""COMPUTE"": 1.2467866323907455, ""MEMORY"": 1.287162162162162, ""API_CREDITS"": 1.2142857142857142, ""DATASET"": 2.488888888888889}",4,23,16,0.2943702491377897,0.04265758434959895,0.5077707328679099,0.029453013110183612,72.50754825491914,23.349819316966684,41.569469892737686
delta0.50__moderate,0.5,moderate,1.3,572743071,8df4fbab9d6498b3,"{""COMPUTE"": 841, ""MEMORY"": 693, ""API_CREDITS"": 379, ""DATASET"": 170}","{""COMPUTE"": 1.2009512485136742, ""MEMORY"": 1.1601731601731602, ""API_CREDITS"": 1.2559366754617414, ""DATASET"": 0.7529411764705882}",4,24,23,0.4470932440299127,0.04603020563823203,0.6280863656025008,0.02693832361479935,126.42418602350445,34.631482744791,33.97759846005226
delta0.50__moderate,0.5,moderate,1.3,584741180,37ea8688ec3c9a36,"{""COMPUTE"": 655, ""MEMORY"": 583, ""API_CREDITS"": 286, ""DATASET"": 221}","{""COMPUTE"": 1.2427480916030533, ""MEMORY"": 1.2195540308747856, ""API_CREDITS"": 1.2342657342657342, ""DATASET"": 1.1221719457013575}",4,22,14,0.24725733277648135,0.14184751548795005,0.478515262905109,0.08817891575477498,75.11480665435596,17.3666753854668,37.272857761574144
delta0.50__moderate,0.5,moderate,1.3,585558921,2dc28ada52761111,"{""COMPUTE"": 561, ""MEMORY"": 478, ""API_CREDITS"": 231, ""DATASET"": 153}","{""COMPUTE"": 1.8324420677361855, ""MEMORY"": 1.8158995815899581, ""API_CREDITS"": 2.1471861471861473, ""DATASET"": 1.4640522875816993}",4,30,29,0.4301512816407111,0.056076221389301496,0.6097118290563451,0.038544076321033634,141.12018823796447,23.167855024319795,84.95280960503783
delta0.50__moderate,0.5,moderate,1.3,602333967,d18879a136266d17,"{""COMPUTE"": 769, ""MEMORY"": 648, ""API_CREDITS"": 355, ""DATASET"": 176}","{""COMPUTE"": 1.0845253576072822, ""MEMORY"": 1.0432098765432098, ""API_CREDITS"": 1.0929577464788733, ""DATASET"": 0.7272727272727273}",4,24,20,0.3451571479130356,0.06738426738044491,0.6119378277998396,0.04196583882397606,80.3978056831918,28.379836123842676,39.6844424122378
delta0.50__moderate,0.5,moderate,1.3,608406825,6190e4c805aac23e,"{""COMPUTE"": 819, ""MEMORY"": 668, ""API_CREDITS"": 406, ""DATASET"": 123}","{""COMPUTE"": 0.8937728937728938, ""MEMORY"": 0.9625748502994012, ""API_CREDITS"": 0.7118226600985221, ""DATASET"": 2.016260162601626}",4,27,22,0.38771181889274514,0.08148190763759061,0.601070646388484,0.05380510815835074,125.19961588761909,16.56401014320144,76.85520132008709
delta0.50__moderate,0.5,moderate,1.3,610357580,f68b771d39c3757f,"{""COMPUTE"": 747, ""MEMORY"": 622, ""API_CREDITS"": 351, ""DATASET"": 150}","{""COMPUTE"": 1.4859437751004017, ""MEMORY"": 1.4871382636655948, ""API_CREDITS"": 1.4786324786324787, ""DATASET"": 1.5466666666666666}",4,25,9,0.23265832849971546,0.1147559829315357,0.4420383120654326,0.07422492222471855,62.503389620142435,17.409700690786806,30.173766564286467
delta0.50__moderate,0.5,moderate,1.3,616227400,cb678155f119db67,"{""COMPUTE"": 594, ""MEMORY"": 512, ""API_CREDITS"": 265, ""DATASET"": 160}","{""COMPUTE"": 1.4983164983164983, ""MEMORY"": 1.517578125, ""API_CREDITS"": 1.5056603773584907, ""DATASET"": 1.65}",4,22,16,0.37795542926959413,0.11929563684005307,0.5391583907311394,0.07550386790639892,156.01029490920632,21.104428783566373,43.85714852279073
delta0.50__moderate,0.5,moderate,1.3,638377088,7aff9a3b8241e2f1,"{""COMPUTE"": 407, ""MEMORY"": 379, ""API_CREDITS"": 148, ""DATASET"": 183}","{""COMPUTE"": 1.6216216216216217, ""MEMORY"": 1.5699208443271768, ""API_CREDITS"": 1.7905405405405406, ""DATASET"": 1.355191256830601}",4,22,11,0.32089812353365516,0.15869903979324917,0.583152641910642,0.10796450107898305,100.13338749164704,14.915693336338252,66.46904485905277
delta0.50__moderate,0.5,moderate,1.3,659053096,72b576b6846aedde,"{""COMPUTE"": 632, ""MEMORY"": 531, ""API_CREDITS"": 271, ""DATASET"": 152}","{""COMPUTE"": 1.231012658227848, ""MEMORY"": 1.2015065913371, ""API_CREDITS"": 1.2767527675276753, ""DATASET"": 0.9473684210526315}",4,23,23,0.4172163258832385,0.07464002748807505,0.7268541365013862,0.0452938850434606,77.02424763222182,22.503522329044813,41.491552938752
delta0.50__moderate,0.5,moderate,1.3,677637387,7447e520e8faabb5,"{""COMPUTE"": 809, ""MEMORY"": 682, ""API_CREDITS"": 386, ""DATASET"": 177}","{""COMPUTE"": 1.1891223733003708, ""MEMORY"": 1.1671554252199414, ""API_CREDITS"": 1.1398963730569949, ""DATASET"": 1.0847457627118644}",4,23,16,0.33011822741401003,0.08742155116002005,0.578015230390398,0.05529317899250266,101.45543049308765,18.17873465398468,70.90778238261072
delta0.50__moderate,0.5,moderate,1.3,687585327,c173bb2ad60fdf9a,"{""COMPUTE"": 611, ""MEMORY"": 472, ""API_CREDITS"": 307, ""DATASET"": 29}","{""COMPUTE"": 1.4337152209492634, ""MEMORY"": 1.5084745762711864, ""API_CREDITS"": 1.3811074918566775, ""DATASET"": 4.413793103448276}",4,20,15,0.31262421775495364,0.040649908548707696,0.6332068429064744,0.024727606814750277,95.31463337133259,28.506929425819493,33.98942690815073
delta0.50__moderate,0.5,moderate,1.3,705933680,766278874fd6a753,"{""COMPUTE"": 663, ""MEMORY"": 533, ""API_CREDITS"": 312, ""DATASET"": 90}","{""COMPUTE"": 1.2760180995475112, ""MEMORY"": 1.302063789868668, ""API_CREDITS"": 1.2756410256410255, ""DATASET"": 1.6}",4,22,16,0.28108884123639627,0.06673582176510846,0.45919671813417073,0.04069528763576208,94.79447454314425,11.295737597364123,25.48400237257577
delta0.50__moderate,0.5,moderate,1.3,713663764,4cd921efbdec925f,"{""COMPUTE"": 484, ""MEMORY"": 413, ""API_CREDITS"": 247, ""DATASET"": 95}","{""COMPUTE"": 1.578512396694215, ""MEMORY"": 1.6004842615012107, ""API_CREDITS"": 1.437246963562753, ""DATASET"": 2.1052631578947367}",4,24,16,0.352341704513224,0.12338061323748346,0.5438941302108115,0.07145384757900662,105.85521259174688,34.49008992393863,36.131424678341965
delta0.50__moderate,0.5,moderate,1.3,756150979,a5e4ac0712eaa2d7,"{""COMPUTE"": 490, ""MEMORY"": 392, ""API_CREDITS"": 236, ""DATASET"": 51}","{""COMPUTE"": 1.5346938775510204, ""MEMORY"": 1.5535714285714286, ""API_CREDITS"": 1.521186440677966, ""DATASET"": 2.0392156862745097}",4,18,9,0.21966900184245716,0.12601970560303893,0.4786047018744683,0.08479542576764798,73.80961756829943,14.163854750602198,13.20505209081846
delta0.50__moderate,0.5,moderate,1.3,759787730,85d9480e167375d7,"{""COMPUTE"": 828, ""MEMORY"": 685, ""API_CREDITS"": 400, ""DATASET"": 153}","{""COMPUTE"": 1.0507246376811594, ""MEMORY"": 1.0861313868613138, ""API_CREDITS"": 0.98, ""DATASET"": 1.4640522875816993}",4,25,20,0.3859750566881675,0.07769105082554903,0.6605463795913533,0.048720273592369114,115.8104401275636,16.373849653210673,44.69608372556743
delta0.50__moderate,0.5,moderate,1.3,779334002,759c04142bee900c,"{""COMPUTE"": 959, ""MEMORY"": 765, ""API_CREDITS"": 459, ""DATASET"": 127}","{""COMPUTE"": 1.2304483837330553, ""MEMORY"": 1.2993464052287582, ""API_CREDITS"": 1.198257080610022, ""DATASET"": 2.141732283464567}",4,27,20,0.33308000383591424,0.07819959723811531,0.5809427942877589,0.050939245407375704,92.75719964748303,11.252096247708552,58.371091053901694
delta0.50__moderate,0.5,moderate,1.3,786766500,9dc0b271b64a304c,"{""COMPUTE"": 614, ""MEMORY"": 532, ""API_CREDITS"": 262, ""DATASET"": 182}","{""COMPUTE"": 1.5342019543973942, ""MEMORY"": 1.5169172932330828, ""API_CREDITS"": 1.6221374045801527, ""DATASET"": 1.3626373626373627}",4,21,13,0.3499290304765273,0.07424025447126588,0.6376605070449193,0.045872432774786136,130.04649377706386,36.15592672685182,69.5531247440014
delta0.50__moderate,0.5,moderate,1.3,891045433,0dc9aaa3ec7bd8ac,"{""COMPUTE"": 509, ""MEMORY"": 451, ""API_CREDITS"": 225, ""DATASET"": 161}","{""COMPUTE"": 1.4106090373280944, ""MEMORY"": 1.3370288248337028, ""API_CREDITS"": 1.4622222222222223, ""DATASET"": 0.9440993788819876}",4,21,16,0.34238389019180754,0.041267785750649336,0.5541235806143107,0.026419150916966606,102.74225709009038,14.371999327807828,29.88158711100873
delta0.50__moderate,0.5,moderate,1.3,898744256,844950dd763c1337,"{""COMPUTE"": 729, ""MEMORY"": 563, ""API_CREDITS"": 358, ""DATASET"": 44}","{""COMPUTE"": 0.9766803840877915, ""MEMORY"": 1.0, ""API_CREDITS"": 0.9972067039106145, ""DATASET"": 1.2727272727272727}",4,25,19,0.31745736869069024,0.05152362613851703,0.4275199417688467,0.03287669546494963,72.58827640384605,6.94194323703898,27.812981129359994
delta0.50__moderate,0.5,moderate,1.3,921012401,9fcfc2a84a7c671e,"{""COMPUTE"": 851, ""MEMORY"": 684, ""API_CREDITS"": 390, ""DATASET"": 134}","{""COMPUTE"": 1.3113983548766157, ""MEMORY"": 1.3611111111111112, ""API_CREDITS"": 1.294871794871795, ""DATASET"": 1.8507462686567164}",4,26,21,0.37001908930971855,0.07050221276658858,0.5616738571791755,0.045631676598118925,129.56088252218922,17.677312330389324,61.53527377284531
delta0.50__moderate,0.5,moderate,1.3,928131396,80675e4d7b8a38a4,"{""COMPUTE"": 753, ""MEMORY"": 649, ""API_CREDITS"": 352, ""DATASET"": 198}","{""COMPUTE"": 1.447543160690571, ""MEMORY"": 1.4499229583975346, ""API_CREDITS"": 1.4403409090909092, ""DATASET"": 1.494949494949495}",4,23,17,0.34566148132189833,0.04691289916880754,0.5910085088812622,0.030507181906137337,134.33472525159866,21.498608081734698,53.34079338520825
delta0.50__moderate,0.5,moderate,1.3,986685360,584f1b1cb532c541,"{""COMPUTE"": 620, ""MEMORY"": 518, ""API_CREDITS"": 277, ""DATASET"": 135}","{""COMPUTE"": 1.3290322580645162, ""MEMORY"": 1.3243243243243243, ""API_CREDITS"": 1.3212996389891696, ""DATASET"": 1.3037037037037038}",4,21,15,0.369273788784378,0.08576080782977337,0.6169107503256918,0.057272790031410725,91.91431125339234,17.35145589141533,61.91359159836261
delta0.50__moderate,0.5,moderate,1.3,1040871164,d2917911e6ea3911,"{""COMPUTE"": 788, ""MEMORY"": 672, ""API_CREDITS"": 387, ""DATASET"": 179}","{""COMPUTE"": 1.263959390862944, ""MEMORY"": 1.2157738095238095, ""API_CREDITS"": 1.2377260981912144, ""DATASET"": 0.9385474860335196}",4,21,19,0.3911375544870417,0.05380994666708953,0.5918939311301559,0.03476374573025098,104.72601561621462,15.29996286190835,25.401253222400445
delta0.50__moderate,0.5,moderate,1.3,1109034924,32b1c74e3ba132ef,"{""COMPUTE"": 891, ""MEMORY"": 701, ""API_CREDITS"": 414, ""DATASET"": 104}","{""COMPUTE"": 1.2480359147025815, ""MEMORY"": 1.3109843081312411, ""API_CREDITS"": 1.2584541062801933, ""DATASET"": 2.076923076923077}",4,25,22,0.3780265092827784,0.0724453393168497,0.6433068243186368,0.04835198933112561,107.21608808255873,15.427872904676898,58.468417871823696
delta0.50__moderate,0.5,moderate,1.3,1154819737,be14585ce3042e33,"{""COMPUTE"": 666, ""MEMORY"": 529, ""API_CREDITS"": 305, ""DATASET"": 85}","{""COMPUTE"": 1.3903903903903905, ""MEMORY"": 1.440453686200378, ""API_CREDITS"": 1.383606557377049, ""DATASET"": 2.070588235294118}",4,22,20,0.414416122640568,0.07067045859915778,0.6220337581857872,0.04575921251768051,107.86222973780696,26.820536709582356,50.741647960546395
delta0.50__moderate,0.5,moderate,1.3,1158762883,45b914e6c72f269d,"{""COMPUTE"": 649, ""MEMORY"": 526, ""API_CREDITS"": 304, ""DATASET"": 99}","{""COMPUTE"": 1.534668721109399, ""MEMORY"": 1.505703422053232, ""API_CREDITS"": 1.5263157894736843, ""DATASET"": 1.292929292929293}",4,27,26,0.4716054547973835,0.05111828888918672,0.5843227597418189,0.030795386373983265,132.06434830538163,26.464696619863528,30.18695247515301
delta0.50__moderate,0.5,moderate,1.3,1164103101,11397b0e548fd932,"{""COMPUTE"": 570, ""MEMORY"": 492, ""API_CREDITS"": 254, ""DATASET"": 155}","{""COMPUTE"": 1.1859649122807017, ""MEMORY"": 1.1524390243902438, ""API_CREDITS"": 1.1535433070866141, ""DATASET"": 0.9806451612903225}",4,24,11,0.32467338975312915,0.137334848526811,0.49907264750769026,0.0913178634287344,95.39389568626767,21.413231621549865,37.42773370979032
delta0.50__moderate,0.5,moderate,1.3,1175015440,00e3dc0ba86e074e,"{""COMPUTE"": 687, ""MEMORY"": 601, ""API_CREDITS"": 301, ""DATASET"": 210}","{""COMPUTE"": 1.1324599708879184, ""MEMORY"": 1.0698835274542429, ""API_CREDITS"": 1.159468438538206, ""DATASET"": 0.7238095238095238}",4,26,22,0.34640645803391684,0.10947782406013792,0.5521449548677949,0.06701479483885141,109.16261594107021,17.596910677839038,80.11447768177942
delta0.50__moderate,0.5,moderate,1.3,1223536910,779f193c69b6fcc9,"{""COMPUTE"": 427, ""MEMORY"": 374, ""API_CREDITS"": 176, ""DATASET"": 130}","{""COMPUTE"": 1.5550351288056206, ""MEMORY"": 1.572192513368984, ""API_CREDITS"": 1.5454545454545454, ""DATASET"": 1.7230769230769232}",4,21,16,0.3382075436642489,0.07707325028918742,0.5061593337867931,0.04966134348943862,110.33621618111685,17.86518866978162,44.37149105250836
delta0.50__moderate,0.5,moderate,1.3,1272846855,7180680fff223a01,"{""COMPUTE"": 650, ""MEMORY"": 553, ""API_CREDITS"": 288, ""DATASET"": 165}","{""COMPUTE"": 1.5753846153846154, ""MEMORY"": 1.5370705244122966, ""API_CREDITS"": 1.6458333333333333, ""DATASET"": 1.2606060606060605}",4,22,15,0.3161848706975869,0.05118804719426694,0.47916741559608195,0.033922404151939554,115.25556992090007,15.943426917861473,32.05053709620256
delta0.50__moderate,0.5,moderate,1.3,1329904169,a9605ea462c81e2f,"{""COMPUTE"": 523, ""MEMORY"": 429, ""API_CREDITS"": 219, ""DATASET"": 105}","{""COMPUTE"": 1.3269598470363289, ""MEMORY"": 1.331002331002331, ""API_CREDITS"": 1.264840182648402, ""DATASET"": 1.4476190476190476}",4,29,18,0.32233605311894586,0.15671004869899896,0.5581180163049279,0.10745246415135919,74.38118192220219,25.352822580452614,38.848368025382634
delta0.50__moderate,0.5,moderate,1.3,1393164231,8c02ca52f07d40c8,"{""COMPUTE"": 486, ""MEMORY"": 435, ""API_CREDITS"": 204, ""DATASET"": 168}","{""COMPUTE"": 1.7078189300411524, ""MEMORY"": 1.6367816091954024, ""API_CREDITS"": 1.7843137254901962, ""DATASET"": 1.3333333333333333}",4,24,17,0.4063627773404879,0.11156702589289111,0.5891461281188111,0.07721611971109837,104.43871105031239,7.541245294693394,50.15762907260619
delta0.50__moderate,0.5,moderate,1.3,1397601319,c79d99af52b08e57,"{""COMPUTE"": 784, ""MEMORY"": 606, ""API_CREDITS"": 374, ""DATASET"": 58}","{""COMPUTE"": 0.9719387755102041, ""MEMORY"": 1.051155115511551, ""API_CREDITS"": 0.8957219251336899, ""DATASET"": 2.896551724137931}",4,28,23,0.38636110772034454,0.09062343092313736,0.621461481341783,0.059564841764019404,100.00648743542494,25.331376944583692,40.72421727421217
delta0.50__moderate,0.5,moderate,1.3,1414408149,dc4573113c314414,"{""COMPUTE"": 458, ""MEMORY"": 409, ""API_CREDITS"": 178, ""DATASET"": 165}","{""COMPUTE"": 1.7467248908296944, ""MEMORY"": 1.7212713936430317, ""API_CREDITS"": 1.9325842696629214, ""DATASET"": 1.5515151515151515}",4,21,16,0.37332428521742234,0.07907069476511167,0.6237510308669382,0.05440008121683884,122.99933867391168,13.310988349780033,72.33584469433191
delta0.50__moderate,0.5,moderate,1.3,1443238425,e469a86b541a168d,"{""COMPUTE"": 556, ""MEMORY"": 468, ""API_CREDITS"": 241, ""DATASET"": 131}","{""COMPUTE"": 1.3884892086330936, ""MEMORY"": 1.329059829059829, ""API_CREDITS"": 1.4688796680497926, ""DATASET"": 0.8549618320610687}",4,27,12,0.20374548854847596,0.12651897204616405,0.308354860952942,0.08366494342724456,63.34243671789292,6.273245533774083,35.38439597510574
delta0.50__moderate,0.5,moderate,1.3,1446854669,1d4bec55ac85d619,"{""COMPUTE"": 409, ""MEMORY"": 365, ""API_CREDITS"": 156, ""DATASET"": 146}","{""COMPUTE"": 1.6528117359413204, ""MEMORY"": 1.6465753424657534, ""API_CREDITS"": 1.7884615384615385, ""DATASET"": 1.5890410958904109}",4,27,26,0.42422208258729094,0.07357436953052031,0.6349037102668339,0.04593404057456057,112.7894048743759,17.46192153394466,36.694726369889054
delta0.50__moderate,0.5,moderate,1.3,1474233831,ac36bd1f95cf6390,"{""COMPUTE"": 558, ""MEMORY"": 478, ""API_CREDITS"": 242, ""DATASET"": 148}","{""COMPUTE"": 1.2939068100358424, ""MEMORY"": 1.3179916317991631, ""API_CREDITS"": 1.3305785123966942, ""DATASET"": 1.4054054054054055}",4,21,18,0.4003137208975332,0.08563928759586391,0.6039133796372537,0.05399115915661264,93.61290929702314,20.46601753978413,48.477610023605905
delta0.50__moderate,0.5,moderate,1.3,1476169622,23650cbef47cf714,"{""COMPUTE"": 370, ""MEMORY"": 317, ""API_CREDITS"": 184, ""DATASET"": 72}","{""COMPUTE"": 2.0486486486486486, ""MEMORY"": 1.9589905362776026, ""API_CREDITS"": 2.0815217391304346, ""DATASET"": 1.4444444444444444}",4,25,15,0.26695248678585126,0.05886185057237688,0.43846803081942615,0.037429555965740186,100.475435029153,8.727326524170456,28.13859999866622
delta0.50__moderate,0.5,moderate,1.3,1515534678,d901f5ba5629e739,"{""COMPUTE"": 636, ""MEMORY"": 524, ""API_CREDITS"": 319, ""DATASET"": 98}","{""COMPUTE"": 1.2358490566037736, ""MEMORY"": 1.2671755725190839, ""API_CREDITS"": 1.2037617554858935, ""DATASET"": 1.6326530612244898}",4,31,22,0.3639557841677778,0.08180675258858393,0.5392961821811588,0.05062503871218733,123.94864995164149,18.78985508002708,50.42331053774412
delta0.50__moderate,0.5,moderate,1.3,1538028730,2aa9dd88a9f38295,"{""COMPUTE"": 637, ""MEMORY"": 538, ""API_CREDITS"": 308, ""DATASET"": 132}","{""COMPUTE"": 1.3971742543171115, ""MEMORY"": 1.3550185873605949, ""API_CREDITS"": 1.4253246753246753, ""DATASET"": 1.0303030303030303}",4,24,15,0.36617565765975635,0.03379278304641638,0.5748647371079669,0.022654438725507566,85.39188763990444,18.124309119923087,47.51515328704431
delta0.50__moderate,0.5,moderate,1.3,1607564961,9e1e41f8cd95e266,"{""COMPUTE"": 570, ""MEMORY"": 496, ""API_CREDITS"": 245, ""DATASET"": 169}","{""COMPUTE"": 1.1614035087719299, ""MEMORY"": 1.1975806451612903, ""API_CREDITS"": 1.1020408163265305, ""DATASET"": 1.4201183431952662}",4,24,12,0.30747989607033954,0.09696221104645075,0.5452117378605804,0.06253335153250716,82.2484937667122,14.868863800593259,45.934136579745996
delta0.50__moderate,0.5,moderate,1.3,1647295192,47e54f0278a2c502,"{""COMPUTE"": 775, ""MEMORY"": 659, ""API_CREDITS"": 337, ""DATASET"": 206}","{""COMPUTE"": 1.2051612903225806, ""MEMORY"": 1.1942336874051593, ""API_CREDITS"": 1.261127596439169, ""DATASET"": 1.0485436893203883}",4,25,23,0.45860347983871375,0.05984386665903658,0.7190075406272135,0.03795296303679233,145.56945038056685,23.403808591407138,78.45185806197809
delta0.50__moderate,0.5,moderate,1.3,1680529007,a315e57c88d8eb56,"{""COMPUTE"": 624, ""MEMORY"": 497, ""API_CREDITS"": 278, ""DATASET"": 87}","{""COMPUTE"": 1.1217948717948718, ""MEMORY"": 1.2032193158953723, ""API_CREDITS"": 1.1151079136690647, ""DATASET"": 2.0229885057471266}",4,24,20,0.3774851813967279,0.09361024871376092,0.6221212218409915,0.06080799933260709,77.27631839789935,21.65783146860635,51.94436437762573
delta0.50__moderate,0.5,moderate,1.3,1683037842,6a24cb438b7ffa55,"{""COMPUTE"": 485, ""MEMORY"": 428, ""API_CREDITS"": 215, ""DATASET"": 148}","{""COMPUTE"": 1.665979381443299, ""MEMORY"": 1.6799065420560748, ""API_CREDITS"": 1.586046511627907, ""DATASET"": 1.8918918918918919}",4,24,22,0.34462394543131375,0.07766288256670337,0.5689187761802338,0.0533907197143969,140.98392130255613,17.232817590638145,81.01618133554929
delta0.50__moderate,0.5,moderate,1.3,1684113726,15889cdf3a6e98b2,"{""COMPUTE"": 778, ""MEMORY"": 692, ""API_CREDITS"": 340, ""DATASET"": 266}","{""COMPUTE"": 1.3444730077120823, ""MEMORY"": 1.3020231213872833, ""API_CREDITS"": 1.361764705882353, ""DATASET"": 1.112781954887218}",4,23,9,0.19556401500927845,0.10525084798793836,0.44555365013777665,0.06848729013536302,59.75779652454071,18.280207968374214,41.75639810987558
delta0.50__moderate,0.5,moderate,1.3,1723470144,4ed4b89c6ec145a3,"{""COMPUTE"": 793, ""MEMORY"": 694, ""API_CREDITS"": 369, ""DATASET"": 232}","{""COMPUTE"": 1.1954602774274905, ""MEMORY"": 1.185878962536023, ""API_CREDITS"": 1.1300813008130082, ""DATASET"": 1.206896551724138}",4,31,28,0.436479908791832,0.07498149338045763,0.6517197058719127,0.04427311176866705,159.8003586979074,29.063039747981275,53.05716594662939
delta0.50__moderate,0.5,moderate,1.3,1746522117,f41fca9aa6c0dc98,"{""COMPUTE"": 546, ""MEMORY"": 461, ""API_CREDITS"": 252, ""DATASET"": 119}","{""COMPUTE"": 1.358974358974359, ""MEMORY"": 1.331887201735358, ""API_CREDITS"": 1.3253968253968254, ""DATASET"": 1.2100840336134453}",4,19,15,0.34383684930836994,0.13613321544356025,0.5891332655244397,0.09564974457215836,68.52454020938345,12.524037803832366,37.00203919437561
delta0.50__moderate,0.5,moderate,1.3,1761268421,b099ed88a9b93d7c,"{""COMPUTE"": 748, ""MEMORY"": 630, ""API_CREDITS"": 344, ""DATASET"": 170}","{""COMPUTE"": 1.4224598930481283, ""MEMORY"": 1.353968253968254, ""API_CREDITS"": 1.5087209302325582, ""DATASET"": 0.8}",4,24,20,0.3707116029173381,0.03684474273290062,0.5883306893256176,0.023333326081407216,117.99278987766753,24.62576056481504,80.89238948019717
delta0.50__moderate,0.5,moderate,1.3,1851037281,9aef64bd131d51c8,"{""COMPUTE"": 777, ""MEMORY"": 648, ""API_CREDITS"": 362, ""DATASET"": 162}","{""COMPUTE"": 1.1093951093951093, ""MEMORY"": 1.1018518518518519, ""API_CREDITS"": 1.0662983425414365, ""DATASET"": 1.0864197530864197}",4,26,22,0.37887307844009976,0.14408696548412142,0.5641523022868904,0.09800034622554353,114.82498770699364,18.37686909852449,51.66075616844774
delta0.50__moderate,0.5,moderate,1.3,1867081647,a7396ffb1b3be058,"{""COMPUTE"": 594, ""MEMORY"": 540, ""API_CREDITS"": 247, ""DATASET"": 230}","{""COMPUTE"": 1.430976430976431, ""MEMORY"": 1.3796296296296295, ""API_CREDITS"": 1.5020242914979758, ""DATASET"": 1.1478260869565218}",4,18,12,0.40879903700656667,0.1166046711136913,0.5437246715052534,0.07954311692359406,175.63992850200736,7.914555932315378,57.00117676754265
delta0.50__moderate,0.5,moderate,1.3,1880620535,099cd34bb5f87542,"{""COMPUTE"": 714, ""MEMORY"": 601, ""API_CREDITS"": 339, ""DATASET"": 153}","{""COMPUTE"": 1.2941176470588236, ""MEMORY"": 1.302828618968386, ""API_CREDITS"": 1.2654867256637168, ""DATASET"": 1.411764705882353}",4,26,15,0.28229827111516287,0.06160659565684932,0.44793692544708935,0.038349279627765444,107.94887619539493,30.639975799800368,17.994044283798683
delta0.50__moderate,0.5,moderate,1.3,1935876427,9e8a768c3c1f2a98,"{""COMPUTE"": 657, ""MEMORY"": 596, ""API_CREDITS"": 267, ""DATASET"": 260}","{""COMPUTE"": 1.3424657534246576, ""MEMORY"": 1.261744966442953, ""API_CREDITS"": 1.4831460674157304, ""DATASET"": 0.8615384615384616}",4,19,19,0.4636872848019237,0.04717683394174011,0.7478130096034373,0.030496735811531537,147.85683708656762,36.998204605723004,70.45860135872248
delta0.50__moderate,0.5,moderate,1.3,1943200581,21aa68724037f8fc,"{""COMPUTE"": 498, ""MEMORY"": 436, ""API_CREDITS"": 220, ""DATASET"": 145}","{""COMPUTE"": 1.6746987951807228, ""MEMORY"": 1.6169724770642202, ""API_CREDITS"": 1.6863636363636363, ""DATASET"": 1.3793103448275863}",4,22,20,0.4280423816704754,0.13011970359872704,0.6757546255202606,0.082390286858137,131.22496847842356,27.436408545274933,58.691429376384434
delta0.50__moderate,0.5,moderate,1.3,1957258698,9faafb1af6357fd6,"{""COMPUTE"": 527, ""MEMORY"": 463, ""API_CREDITS"": 218, ""DATASET"": 168}","{""COMPUTE"": 1.252371916508539, ""MEMORY"": 1.263498920086393, ""API_CREDITS"": 1.188073394495413, ""DATASET"": 1.380952380952381}",4,22,20,0.4494693799840475,0.09107955992884385,0.6397609768635945,0.06538576873341952,146.53063547222186,28.374147186452902,68.62063893130959
delta0.50__moderate,0.5,moderate,1.3,2000676221,bca88d6172feae6e,"{""COMPUTE"": 885, ""MEMORY"": 730, ""API_CREDITS"": 427, ""DATASET"": 162}","{""COMPUTE"": 1.2022598870056498, ""MEMORY"": 1.2219178082191782, ""API_CREDITS"": 1.189695550351288, ""DATASET"": 1.382716049382716}",4,22,15,0.2780179460629346,0.08776858534598109,0.5129134351153221,0.05458846977999638,96.2832370361063,12.56087432492462,45.70745845922466
delta0.50__moderate,0.5,moderate,1.3,2071520222,c05262c9459b69a7,"{""COMPUTE"": 618, ""MEMORY"": 534, ""API_CREDITS"": 294, ""DATASET"": 156}","{""COMPUTE"": 1.3300970873786409, ""MEMORY"": 1.2790262172284643, ""API_CREDITS"": 1.336734693877551, ""DATASET"": 0.9743589743589743}",4,28,25,0.4308850594712874,0.08269394243398666,0.5973801128720578,0.05379294299429346,153.7140594947294,15.303005129435327,59.329051610427655
delta0.50__moderate,0.5,moderate,1.3,2104789822,c71e50a84f6ceda8,"{""COMPUTE"": 725, ""MEMORY"": 611, ""API_CREDITS"": 333, ""DATASET"": 166}","{""COMPUTE"": 1.2662068965517241, ""MEMORY"": 1.2716857610474632, ""API_CREDITS"": 1.3303303303303304, ""DATASET"": 1.2048192771084338}",4,25,18,0.3646984328889078,0.0768916653664353,0.5687686680166938,0.04511218859841241,115.9923172743194,21.150522843551588,55.78517480882055
delta0.50__moderate,0.5,moderate,1.3,2175919960,fed91be0bc28090a,"{""COMPUTE"": 885, ""MEMORY"": 743, ""API_CREDITS"": 423, ""DATASET"": 191}","{""COMPUTE"": 1.3378531073446327, ""MEMORY"": 1.34185733512786, ""API_CREDITS"": 1.33096926713948, ""DATASET"": 1.382198952879581}",4,23,12,0.3074697079493951,0.05068912378214158,0.4824546645592971,0.03331730188561988,109.54124880828813,12.442445002434079,39.768818187545826
delta0.50__moderate,0.5,moderate,1.3,2187181276,05739e3205b0f8ea,"{""COMPUTE"": 481, ""MEMORY"": 428, ""API_CREDITS"": 211, ""DATASET"": 154}","{""COMPUTE"": 1.3721413721413722, ""MEMORY"": 1.2570093457943925, ""API_CREDITS"": 1.5829383886255923, ""DATASET"": 0.5194805194805194}",4,23,22,0.47111131210376894,0.03613002385710537,0.6133120904841872,0.02319533617027054,101.6683827659782,18.00314627468336,44.631803997874265
delta0.50__moderate,0.5,moderate,1.3,2201730498,7a27fe17b38c3b1b,"{""COMPUTE"": 697, ""MEMORY"": 604, ""API_CREDITS"": 335, ""DATASET"": 181}","{""COMPUTE"": 1.5121951219512195, ""MEMORY"": 1.4536423841059603, ""API_CREDITS"": 1.51044776119403, ""DATASET"": 1.149171270718232}",4,21,14,0.3310996366222912,0.05503003317329076,0.5054823731905992,0.035109557887615106,90.30142824593413,13.676778605239567,48.93387466157793
delta0.50__moderate,0.5,moderate,1.3,2207070483,b22b0c3c4daed083,"{""COMPUTE"": 704, ""MEMORY"": 575, ""API_CREDITS"": 345, ""DATASET"": 105}","{""COMPUTE"": 1.3295454545454546, ""MEMORY"": 1.2834782608695652, ""API_CREDITS"": 1.3623188405797102, ""DATASET"": 0.7619047619047619}",4,24,20,0.4207954957563038,0.03221420420412889,0.6336375972771066,0.0202879508203611,114.17481653027023,22.72749998757999,62.46615677005576
delta0.50__moderate,0.5,moderate,1.3,2218791610,0708d792032311e7,"{""COMPUTE"": 797, ""MEMORY"": 615, ""API_CREDITS"": 378, ""DATASET"": 61}","{""COMPUTE"": 1.3124215809284818, ""MEMORY"": 1.395121951219512, ""API_CREDITS"": 1.3386243386243386, ""DATASET"": 2.8852459016393444}",4,26,22,0.35140096833676565,0.048775312260894904,0.5911157470423548,0.0328115460573681,90.74186517107516,18.077879816693425,54.398406047244116
delta0.50__moderate,0.5,moderate,1.3,2245371449,0ca7545050d4360c,"{""COMPUTE"": 661, ""MEMORY"": 567, ""API_CREDITS"": 287, ""DATASET"": 181}","{""COMPUTE"": 1.497730711043873, ""MEMORY"": 1.4797178130511464, ""API_CREDITS"": 1.5365853658536586, ""DATASET"": 1.3701657458563536}",4,23,20,0.37528847759800593,0.06843009297672728,0.5987779577904385,0.04614736866078844,130.98501564394718,27.340648450194305,39.22183664479532
delta0.50__moderate,0.5,moderate,1.3,2264376108,df7b902b9bdeb238,"{""COMPUTE"": 796, ""MEMORY"": 639, ""API_CREDITS"": 366, ""DATASET"": 119}","{""COMPUTE"": 1.1256281407035176, ""MEMORY"": 1.1721439749608764, ""API_CREDITS"": 1.0901639344262295, ""DATASET"": 1.680672268907563}",4,29,23,0.34828360095451877,0.1277486018213222,0.49191139588540594,0.08399933686668283,106.72935372139686,11.562990399356098,34.29641252928474
delta0.50__moderate,0.5,moderate,1.3,2278610062,7e3e3a47d87b2bdb,"{""COMPUTE"": 873, ""MEMORY"": 745, ""API_CREDITS"": 425, ""DATASET"": 206}","{""COMPUTE"": 1.140893470790378, ""MEMORY"": 1.1355704697986577, ""API_CREDITS"": 1.0870588235294119, ""DATASET"": 1.1650485436893203}",4,23,19,0.3705957993247431,0.08178616341327975,0.5956693599542958,0.055937871399747326,113.76083638902462,26.44013431088676,58.08176635771187
delta0.50__moderate,0.5,moderate,1.3,2305903047,03c3aa26823bfbb9,"{""COMPUTE"": 650, ""MEMORY"": 542, ""API_CREDITS"": 281, ""DATASET"": 148}","{""COMPUTE"": 1.2738461538461539, ""MEMORY"": 1.2435424354243543, ""API_CREDITS"": 1.3167259786476868, ""DATASET"": 0.972972972972973}",4,21,17,0.38274037823926216,0.0775368650669803,0.5765083681064062,0.05107413260621383,121.84311893146197,27.43058064962389,39.855560669092924
delta0.50__moderate,0.5,moderate,1.3,2313044508,0b9d8ecb6b4aa16c,"{""COMPUTE"": 614, ""MEMORY"": 508, ""API_CREDITS"": 260, ""DATASET"": 135}","{""COMPUTE"": 1.5472312703583062, ""MEMORY"": 1.5905511811023623, ""API_CREDITS"": 1.7230769230769232, ""DATASET"": 1.6592592592592592}",4,27,21,0.3699314332524488,0.0966049615452775,0.5640454319611375,0.058509805169815764,84.92438976256679,13.47688818672295,42.376330322606634
delta0.50__moderate,0.5,moderate,1.3,2313893183,efdd6be3003dbc33,"{""COMPUTE"": 833, ""MEMORY"": 666, ""API_CREDITS"": 400, ""DATASET"": 107}","{""COMPUTE"": 1.2076830732292918, ""MEMORY"": 1.2177177177177176, ""API_CREDITS"": 1.1725, ""DATASET"": 1.4205607476635513}",4,20,19,0.412269783379467,0.0487502121141827,0.6643876733855245,0.02952147614180396,140.62733441141947,17.06662454566872,58.896685712828294
delta0.50__moderate,0.5,moderate,1.3,2323336231,32f671d45dd25e2c,"{""COMPUTE"": 673, ""MEMORY"": 557, ""API_CREDITS"": 281, ""DATASET"": 152}","{""COMPUTE"": 1.349182763744428, ""MEMORY"": 1.385996409335727, ""API_CREDITS"": 1.4661921708185053, ""DATASET"": 1.4736842105263157}",4,21,18,0.3920623088412995,0.09690893901420217,0.562475674998623,0.0623164526344351,114.29267673476168,19.607703051523405,51.00032496709144
delta0.50__moderate,0.5,moderate,1.3,2340911682,51e06925647ad7e0,"{""COMPUTE"": 554, ""MEMORY"": 451, ""API_CREDITS"": 230, ""DATASET"": 105}","{""COMPUTE"": 1.44043321299639, ""MEMORY"": 1.434589800443459, ""API_CREDITS"": 1.6217391304347826, ""DATASET"": 1.1428571428571428}",4,20,15,0.33998673765631576,0.11278382129107352,0.5079171304577873,0.07370973789059004,76.80764463993866,13.119497032353111,31.92961213956104
delta0.50__moderate,0.5,moderate,1.3,2341361004,57f3a55940f956e3,"{""COMPUTE"": 816, ""MEMORY"": 663, ""API_CREDITS"": 390, ""DATASET"": 128}","{""COMPUTE"": 1.1862745098039216, ""MEMORY"": 1.239819004524887, ""API_CREDITS"": 1.123076923076923, ""DATASET"": 1.875}",4,19,18,0.4542953219601566,0.04279962034248182,0.6612755949677379,0.029947253388447097,135.13519035119094,31.142017855733183,58.02329432024854
delta0.50__moderate,0.5,moderate,1.3,2359336968,9618a4fb8e357508,"{""COMPUTE"": 705, ""MEMORY"": 583, ""API_CREDITS"": 352, ""DATASET"": 117}","{""COMPUTE"": 1.1375886524822696, ""MEMORY"": 1.1320754716981132, ""API_CREDITS"": 1.1136363636363635, ""DATASET"": 1.0940170940170941}",4,20,18,0.3649102283609558,0.06803457920766347,0.6048429797552026,0.04183361530550658,119.52696964559355,20.408322983619087,64.96978206755955
delta0.50__moderate,0.5,moderate,1.3,2364012430,409c4813e35549eb,"{""COMPUTE"": 799, ""MEMORY"": 644, ""API_CREDITS"": 365, ""DATASET"": 128}","{""COMPUTE"": 1.1339173967459324, ""MEMORY"": 1.139751552795031, ""API_CREDITS"": 1.1452054794520548, ""DATASET"": 1.125}",4,23,20,0.41967279771455485,0.06896076495512435,0.6709457691748062,0.04638023196443825,107.91645779439462,20.19171712534656,58.09569437366716
delta0.50__moderate,0.5,moderate,1.3,2387674784,d4a7ec322d9c873b,"{""COMPUTE"": 648, ""MEMORY"": 536, ""API_CREDITS"": 295, ""DATASET"": 127}","{""COMPUTE"": 1.4197530864197532, ""MEMORY"": 1.4272388059701493, ""API_CREDITS"": 1.3796610169491526, ""DATASET"": 1.5748031496062993}",4,23,23,0.4062780365576953,0.05119513554252213,0.6491980851334848,0.03513581798748818,120.10468829344364,21.603943815482506,47.619716818931515
delta0.50__moderate,0.5,moderate,1.3,2460794327,9cc0324aa1effdd2,"{""COMPUTE"": 770, ""MEMORY"": 606, ""API_CREDITS"": 351, ""DATASET"": 91}","{""COMPUTE"": 1.2103896103896103, ""MEMORY"": 1.2442244224422443, ""API_CREDITS"": 1.2364672364672364, ""DATASET"": 1.5824175824175823}",4,28,17,0.21356426859246933,0.07938979807672217,0.5023469504383083,0.05064525615041193,66.64212826586778,18.345442491775014,59.78464848608754
delta0.50__moderate,0.5,moderate,1.3,2465060907,d486e7de27467700,"{""COMPUTE"": 421, ""MEMORY"": 378, ""API_CREDITS"": 158, ""DATASET"": 158}","{""COMPUTE"": 1.852731591448931, ""MEMORY"": 1.7248677248677249, ""API_CREDITS"": 2.278481012658228, ""DATASET"": 1.0126582278481013}",4,27,25,0.45517575181677183,0.03558012810806239,0.5979635864028016,0.023898688592581388,143.98398726092321,15.616609640690887,52.04574057759162
delta0.50__moderate,0.5,moderate,1.3,2479492459,2793a8268a19fa79,"{""COMPUTE"": 749, ""MEMORY"": 606, ""API_CREDITS"": 344, ""DATASET"": 120}","{""COMPUTE"": 1.1455273698264352, ""MEMORY"": 1.1105610561056105, ""API_CREDITS"": 1.2180232558139534, ""DATASET"": 0.6}",4,30,21,0.24647036133506925,0.04435798943155497,0.5416322329844189,0.0284728765232127,63.524258669034566,9.912258635300933,38.71146341699988
delta0.50__moderate,0.5,moderate,1.3,2555635641,fea67246235ab813,"{""COMPUTE"": 600, ""MEMORY"": 525, ""API_CREDITS"": 270, ""DATASET"": 176}","{""COMPUTE"": 1.3333333333333333, ""MEMORY"": 1.321904761904762, ""API_CREDITS"": 1.2518518518518518, ""DATASET"": 1.3636363636363635}",4,22,16,0.2549119647584344,0.13296706615106788,0.46461440475546806,0.08718915972498083,62.835079904602786,10.599110388694102,43.07514309011295
delta0.50__moderate,0.5,moderate,1.3,2557315479,1571fffa0055813d,"{""COMPUTE"": 698, ""MEMORY"": 569, ""API_CREDITS"": 314, ""DATASET"": 123}","{""COMPUTE"": 1.4240687679083095, ""MEMORY"": 1.4024604569420036, ""API_CREDITS"": 1.4713375796178343, ""DATASET"": 1.170731707317073}",4,30,23,0.3567686717687779,0.04640702503223513,0.5944312308424231,0.029272783187349022,104.8968951723087,17.358246796323257,44.699586116860154
delta0.50__moderate,0.5,moderate,1.3,2582895085,20b234dab709ea8e,"{""COMPUTE"": 437, ""MEMORY"": 384, ""API_CREDITS"": 171, ""DATASET"": 144}","{""COMPUTE"": 2.3020594965675056, ""MEMORY"": 2.125, ""API_CREDITS"": 2.760233918128655, ""DATASET"": 1.1111111111111112}",4,29,25,0.3891659752757255,0.044299991485063625,0.5286146614870909,0.029457983876348116,156.52527556589922,29.301428637456464,47.28884234025568
delta0.50__moderate,0.5,moderate,1.3,2615816904,a762175c89aacaa4,"{""COMPUTE"": 587, ""MEMORY"": 491, ""API_CREDITS"": 294, ""DATASET"": 103}","{""COMPUTE"": 1.3901192504258943, ""MEMORY"": 1.3890020366598779, ""API_CREDITS"": 1.3945578231292517, ""DATASET"": 1.3980582524271845}",4,15,15,0.4973680773136409,0.06872846901643176,0.6714563893001905,0.04162380643425802,148.09299329849173,25.024205407433527,103.47881888037085
delta0.50__moderate,0.5,moderate,1.3,2641268422,e25a72cc820ed957,"{""COMPUTE"": 586, ""MEMORY"": 512, ""API_CREDITS"": 262, ""DATASET"": 170}","{""COMPUTE"": 1.348122866894198, ""MEMORY"": 1.328125, ""API_CREDITS"": 1.282442748091603, ""DATASET"": 1.3176470588235294}",4,26,21,0.3614898233841917,0.06729826184324612,0.6048314172060859,0.042146672792766605,89.3188490947132,24.174768010467773,45.02409751300499
delta0.50__moderate,0.5,moderate,1.3,2650780455,0d77f01a1d75eeeb,"{""COMPUTE"": 499, ""MEMORY"": 422, ""API_CREDITS"": 230, ""DATASET"": 109}","{""COMPUTE"": 1.5470941883767535, ""MEMORY"": 1.613744075829384, ""API_CREDITS"": 1.5434782608695652, ""DATASET"": 2.128440366972477}",4,25,18,0.39892009682802526,0.11180083481036313,0.6646451462821313,0.0763466774824432,154.08609667203265,29.17176110212527,47.24994845683735
delta0.50__moderate,0.5,moderate,1.3,2659608022,5bb9f8f0cfa04ecb,"{""COMPUTE"": 674, ""MEMORY"": 576, ""API_CREDITS"": 309, ""DATASET"": 169}","{""COMPUTE"": 1.42433234421365, ""MEMORY"": 1.4184027777777777, ""API_CREDITS"": 1.4466019417475728, ""DATASET"": 1.3727810650887573}",4,16,7,0.3341329873816074,0.11578904568334715,0.5059447745398032,0.07410910026565665,127.80555501400143,18.2728840854128,83.17684271195402
delta0.50__moderate,0.5,moderate,1.3,2662675958,b8e511735e747c5c,"{""COMPUTE"": 693, ""MEMORY"": 574, ""API_CREDITS"": 358, ""DATASET"": 109}","{""COMPUTE"": 1.189033189033189, ""MEMORY"": 1.2142857142857142, ""API_CREDITS"": 1.1368715083798884, ""DATASET"": 1.5412844036697249}",4,21,16,0.3932478020123494,0.06380643403186735,0.5483273483979564,0.035911566370025294,161.59723525360923,12.86651950315192,31.318655203909582
delta0.50__moderate,0.5,moderate,1.3,2673731007,7a557363a235027f,"{""COMPUTE"": 675, ""MEMORY"": 545, ""API_CREDITS"": 350, ""DATASET"": 73}","{""COMPUTE"": 1.4814814814814814, ""MEMORY"": 1.5137614678899083, ""API_CREDITS"": 1.4142857142857144, ""DATASET"": 2.3013698630136985}",4,23,16,0.277837717749082,0.0654443201224712,0.44194679052693303,0.043017126685376834,90.47265835836099,15.034012125472238,29.565108305848707
delta0.50__moderate,0.5,moderate,1.3,2689934569,867751d83a8f9f75,"{""COMPUTE"": 638, ""MEMORY"": 521, ""API_CREDITS"": 294, ""DATASET"": 109}","{""COMPUTE"": 1.213166144200627, ""MEMORY"": 1.2284069097888675, ""API_CREDITS"": 1.1428571428571428, ""DATASET"": 1.4678899082568808}",4,25,9,0.2887844303756582,0.12065355422036457,0.47212813318116637,0.0804345841073571,73.85143652531703,19.944708561998826,21.039597887707252
delta0.50__moderate,0.5,moderate,1.3,2709531232,998d7392b815e47f,"{""COMPUTE"": 735, ""MEMORY"": 624, ""API_CREDITS"": 334, ""DATASET"": 180}","{""COMPUTE"": 1.2408163265306122, ""MEMORY"": 1.2724358974358974, ""API_CREDITS"": 1.2035928143712575, ""DATASET"": 1.511111111111111}",4,21,17,0.3465624103421457,0.1101827988288466,0.5107740015338479,0.06912398026457997,138.6654382304378,12.882273551228204,65.70002314540126
delta0.50__moderate,0.5,moderate,1.3,2732825905,fab3ba165180d1c7,"{""COMPUTE"": 715, ""MEMORY"": 596, ""API_CREDITS"": 337, ""DATASET"": 143}","{""COMPUTE"": 1.102097902097902, ""MEMORY"": 1.0788590604026846, ""API_CREDITS"": 1.1186943620178043, ""DATASET"": 0.8391608391608392}",4,25,21,0.40158796086766385,0.09778439606513273,0.7181539698808296,0.06341403013170763,104.13816251505766,20.377615408254716,34.55968393961974
delta0.50__moderate,0.5,moderate,1.3,2788397956,0b41466651744669,"{""COMPUTE"": 617, ""MEMORY"": 496, ""API_CREDITS"": 325, ""DATASET"": 56}","{""COMPUTE"": 1.4489465153970826, ""MEMORY"": 1.4556451612903225, ""API_CREDITS"": 1.3723076923076922, ""DATASET"": 2.0}",4,26,22,0.4332305631229534,0.059532692618733014,0.5944064154904593,0.03700243477460335,130.64251658924846,7.628004434059744,49.26559235171893
delta0.50__moderate,0.5,moderate,1.3,2790330942,fa51a6077a261ff5,"{""COMPUTE"": 692, ""MEMORY"": 572, ""API_CREDITS"": 309, ""DATASET"": 140}","{""COMPUTE"": 1.2109826589595376, ""MEMORY"": 1.229020979020979, ""API_CREDITS"": 1.233009708737864, ""DATASET"": 1.3142857142857143}",4,25,16,0.28052728020257034,0.08307666034573664,0.6665398879941912,0.05145721966337763,56.94087457595393,25.94617438374892,53.30662659021596
delta0.50__moderate,0.5,moderate,1.3,2803227013,d5ef0c76e23963c5,"{""COMPUTE"": 682, ""MEMORY"": 530, ""API_CREDITS"": 320, ""DATASET"": 58}","{""COMPUTE"": 1.0527859237536656, ""MEMORY"": 1.118867924528302, ""API_CREDITS"": 1.009375, ""DATASET"": 2.3448275862068964}",4,22,22,0.44891696774246376,0.11314811490447883,0.7147940327827884,0.07753090586645213,121.79546565286768,14.171317258109797,54.094333296170674
delta0.50__moderate,0.5,moderate,1.3,2834917450,41649cf77b6ebcb5,"{""COMPUTE"": 654, ""MEMORY"": 542, ""API_CREDITS"": 283, ""DATASET"": 140}","{""COMPUTE"": 1.2935779816513762, ""MEMORY"": 1.2527675276752768, ""API_CREDITS"": 1.3745583038869258, ""DATASET"": 0.8571428571428571}",4,23,11,0.30183288675817216,0.0966423497963909,0.48904235013902225,0.05996993964377074,95.98320302926352,14.946829695772289,42.93819667229197
delta0.50__moderate,0.5,moderate,1.3,2884304410,ce4319e420e93050,"{""COMPUTE"": 938, ""MEMORY"": 800, ""API_CREDITS"": 458, ""DATASET"": 221}","{""COMPUTE"": 1.2345415778251598, ""MEMORY"": 1.21, ""API_CREDITS"": 1.25764192139738, ""DATASET"": 1.0135746606334841}",4,28,20,0.38240280870382176,0.041618992500446345,0.5652016884702787,0.024973162919261247,154.9989561003711,47.13668551599394,35.90610588576434
delta0.50__moderate,0.5,moderate,1.3,2899573342,de26c86771a39959,"{""COMPUTE"": 598, ""MEMORY"": 526, ""API_CREDITS"": 239, ""DATASET"": 204}","{""COMPUTE"": 1.2408026755852843, ""MEMORY"": 1.1844106463878328, ""API_CREDITS"": 1.2761506276150627, ""DATASET"": 0.9019607843137255}",4,25,19,0.3428220592352135,0.10444851839418909,0.6673234180887548,0.08153814516147177,74.30838555194572,18.196678729299766,35.20691136203272
delta0.50__moderate,0.5,moderate,1.3,2933419437,6df455d9a7db44f8,"{""COMPUTE"": 635, ""MEMORY"": 529, ""API_CREDITS"": 305, ""DATASET"": 119}","{""COMPUTE"": 1.4299212598425197, ""MEMORY"": 1.45179584120983, ""API_CREDITS"": 1.455737704918033, ""DATASET"": 1.6134453781512605}",4,22,13,0.27366936237248496,0.05830267619997098,0.4826706637893596,0.036094954196457966,72.45497896593723,26.220564605874376,39.220881877432895
delta0.50__moderate,0.5,moderate,1.3,2952553515,f1274b38ef25474d,"{""COMPUTE"": 724, ""MEMORY"": 579, ""API_CREDITS"": 312, ""DATASET"": 116}","{""COMPUTE"": 1.2403314917127073, ""MEMORY"": 1.2487046632124352, ""API_CREDITS"": 1.2467948717948718, ""DATASET"": 1.3103448275862069}",4,22,12,0.36991675553649744,0.09659829929880918,0.5314152995727491,0.06978022658407528,123.35890028141819,19.5563935513836,52.96639350368388
delta0.50__moderate,0.5,moderate,1.3,2955940172,18480c0888d85df0,"{""COMPUTE"": 697, ""MEMORY"": 589, ""API_CREDITS"": 314, ""DATASET"": 167}","{""COMPUTE"": 1.1736011477761836, ""MEMORY"": 1.195246179966044, ""API_CREDITS"": 1.1464968152866242, ""DATASET"": 1.341317365269461}",4,22,17,0.39308251289305324,0.13815449596699597,0.5667374801719806,0.08800640187358937,118.32229757020241,10.633460809003967,31.097068719641612
delta0.50__moderate,0.5,moderate,1.3,2981583208,8748276ec83151c1,"{""COMPUTE"": 866, ""MEMORY"": 717, ""API_CREDITS"": 439, ""DATASET"": 148}","{""COMPUTE"": 1.1986143187066975, ""MEMORY"": 1.2370990237099024, ""API_CREDITS"": 1.14123006833713, ""DATASET"": 1.6756756756756757}",4,23,12,0.2987236859681439,0.05805051281821032,0.4902716237487151,0.0339570679896035,72.79882737216819,22.17614990924396,50.25197684650116
delta0.50__moderate,0.5,moderate,1.3,2985129291,f007e811d9bf77e0,"{""COMPUTE"": 618, ""MEMORY"": 501, ""API_CREDITS"": 272, ""DATASET"": 106}","{""COMPUTE"": 1.3851132686084142, ""MEMORY"": 1.403193612774451, ""API_CREDITS"": 1.4595588235294117, ""DATASET"": 1.4339622641509433}",4,20,18,0.442978137045706,0.0696643249005979,0.7443529735795288,0.042406237533730774,111.93788388802034,22.149393133283137,55.44203509106529
delta0.50__moderate,0.5,moderate,1.3,2999756299,976c6a85bfeb3844,"{""COMPUTE"": 668, ""MEMORY"": 534, ""API_CREDITS"": 320, ""DATASET"": 83}","{""COMPUTE"": 1.2035928143712575, ""MEMORY"": 1.2771535580524345, ""API_CREDITS"": 1.06875, ""DATASET"": 2.5060240963855422}",4,23,22,0.4337661388046767,0.11473893938445026,0.6419211778766177,0.07401258850188475,103.67306492499226,20.798022451950455,51.27752814924272
delta0.50__moderate,0.5,moderate,1.3,3033509426,696e812f30e72d8c,"{""COMPUTE"": 652, ""MEMORY"": 522, ""API_CREDITS"": 331, ""DATASET"": 67}","{""COMPUTE"": 1.4263803680981595, ""MEMORY"": 1.4195402298850575, ""API_CREDITS"": 1.3746223564954683, ""DATASET"": 1.5522388059701493}",4,30,13,0.1790359591996845,0.050787517067759,0.4644346841187499,0.031427181709999814,28.863931691104714,10.57712318712864,31.477556826595386
delta0.50__moderate,0.5,moderate,1.3,3038190311,53290e71a588bbe9,"{""COMPUTE"": 786, ""MEMORY"": 697, ""API_CREDITS"": 356, ""DATASET"": 257}","{""COMPUTE"": 1.356234096692112, ""MEMORY"": 1.284074605451937, ""API_CREDITS"": 1.351123595505618, ""DATASET"": 0.9649805447470817}",4,27,18,0.3185623997931924,0.10475641885644796,0.4871956464486011,0.06980874634589583,101.15727695658195,14.567953870221269,24.549918365754312
delta0.50__moderate,0.5,moderate,1.3,3054276103,4e7173ef877a3a92,"{""COMPUTE"": 814, ""MEMORY"": 701, ""API_CREDITS"": 369, ""DATASET"": 225}","{""COMPUTE"": 1.3415233415233416, ""MEMORY"": 1.2639087018544937, ""API_CREDITS"": 1.3929539295392954, ""DATASET"": 0.7822222222222223}",4,22,21,0.47724949861952104,0.06724148442015555,0.6335800719665106,0.04156789608204912,171.98515845804494,24.941388178361663,59.281456871540854
delta0.50__moderate,0.5,moderate,1.3,3070189897,ddd182c5b3de15ff,"{""COMPUTE"": 714, ""MEMORY"": 585, ""API_CREDITS"": 342, ""DATASET"": 118}","{""COMPUTE"": 1.288515406162465, ""MEMORY"": 1.3247863247863247, ""API_CREDITS"": 1.2076023391812865, ""DATASET"": 1.8305084745762712}",4,31,30,0.4611260732025353,0.068366916972429,0.6709472894237329,0.04072399054032128,150.15238493778185,21.844055154743092,57.57647432063714
delta0.50__moderate,0.5,moderate,1.3,3099722351,3c7c16124de25771,"{""COMPUTE"": 749, ""MEMORY"": 665, ""API_CREDITS"": 340, ""DATASET"": 244}","{""COMPUTE"": 1.2656875834445929, ""MEMORY"": 1.2451127819548873, ""API_CREDITS"": 1.2352941176470589, ""DATASET"": 1.180327868852459}",4,23,15,0.41827810903737483,0.1240441714532757,0.6524755923741937,0.08713399064959663,121.41925057106248,21.565076067812925,91.62864945119895
delta0.50__moderate,0.5,moderate,1.3,3116983969,5b31029aaf10af1f,"{""COMPUTE"": 703, ""MEMORY"": 554, ""API_CREDITS"": 353, ""DATASET"": 59}","{""COMPUTE"": 1.1778093883357041, ""MEMORY"": 1.1642599277978338, ""API_CREDITS"": 1.0963172804532577, ""DATASET"": 1.2203389830508475}",4,25,19,0.3221574447317877,0.06376416682548758,0.4975343097165607,0.042949638295550256,91.24801955751559,13.471828030563659,46.28156302864338
delta0.50__moderate,0.5,moderate,1.3,3153527322,b78b3f52bcd7b17e,"{""COMPUTE"": 988, ""MEMORY"": 810, ""API_CREDITS"": 474, ""DATASET"": 176}","{""COMPUTE"": 0.9534412955465587, ""MEMORY"": 0.9604938271604938, ""API_CREDITS"": 0.9324894514767933, ""DATASET"": 1.0}",4,29,21,0.37244159830743323,0.08124964700323295,0.6103367785642645,0.048835454100632475,136.0187961896925,20.873640966564267,89.21400109659696
delta0.50__moderate,0.5,moderate,1.3,3164050495,1c82ec9531ef9fef,"{""COMPUTE"": 792, ""MEMORY"": 664, ""API_CREDITS"": 373, ""DATASET"": 171}","{""COMPUTE"": 1.2222222222222223, ""MEMORY"": 1.2018072289156627, ""API_CREDITS"": 1.227882037533512, ""DATASET"": 1.0292397660818713}",4,20,15,0.3714157664110222,0.08049472669037887,0.5701089012836505,0.0490667838267476,93.84339769497547,14.558569914211532,38.07512092242941
delta0.50__moderate,0.5,moderate,1.3,3166920227,ac0043e30b4ad383,"{""COMPUTE"": 758, ""MEMORY"": 649, ""API_CREDITS"": 327, ""DATASET"": 212}","{""COMPUTE"": 1.3007915567282322, ""MEMORY"": 1.2434514637904468, ""API_CREDITS"": 1.3608562691131498, ""DATASET"": 0.8679245283018868}",4,21,10,0.3007937247207443,0.09338655746173696,0.5006376735730355,0.055803793294839,68.15435145057528,20.66051750432852,34.71967644519594
delta0.50__moderate,0.5,moderate,1.3,3175937812,7b9d7fe19b085ca4,"{""COMPUTE"": 779, ""MEMORY"": 658, ""API_CREDITS"": 372, ""DATASET"": 173}","{""COMPUTE"": 1.1399229781771503, ""MEMORY"": 1.1458966565349544, ""API_CREDITS"": 1.1129032258064515, ""DATASET"": 1.2023121387283238}",4,21,21,0.4793117721562983,0.04384434562923884,0.6728151137005677,0.03140605254995665,181.48895608914643,12.781565628482056,63.751602279803556
delta0.50__moderate,0.5,moderate,1.3,3192653688,d54a535b587b797d,"{""COMPUTE"": 967, ""MEMORY"": 799, ""API_CREDITS"": 467, ""DATASET"": 181}","{""COMPUTE"": 1.1995863495346433, ""MEMORY"": 1.1852315394242803, ""API_CREDITS"": 1.2184154175588866, ""DATASET"": 1.0165745856353592}",4,18,13,0.3763106761088734,0.023144063750910226,0.5685975853816692,0.014220771432476126,138.2082843696518,20.39554817804039,63.49656898410726
delta0.50__moderate,0.5,moderate,1.3,3200726976,48253b89fb86a5e4,"{""COMPUTE"": 659, ""MEMORY"": 521, ""API_CREDITS"": 303, ""DATASET"": 78}","{""COMPUTE"": 1.1411229135053111, ""MEMORY"": 1.2053742802303262, ""API_CREDITS"": 1.108910891089109, ""DATASET"": 2.051282051282051}",4,31,29,0.4510217928284628,0.10654240566160154,0.646006704367667,0.06941939648040778,85.3161104879167,16.74042061415675,29.101390560512872
delta0.50__moderate,0.5,moderate,1.3,3225980398,736f6b12d1af21d4,"{""COMPUTE"": 771, ""MEMORY"": 632, ""API_CREDITS"": 357, ""DATASET"": 138}","{""COMPUTE"": 1.2607003891050583, ""MEMORY"": 1.2974683544303798, ""API_CREDITS"": 1.2549019607843137, ""DATASET"": 1.6231884057971016}",4,22,13,0.26836653638719926,0.12061437061437061,0.40058732857793816,0.07455744955744956,100.96134243470347,19.086579229095776,13.823882539677433
delta0.50__moderate,0.5,moderate,1.3,3247708285,370cdc505d99d0bd,"{""COMPUTE"": 669, ""MEMORY"": 561, ""API_CREDITS"": 278, ""DATASET"": 166}","{""COMPUTE"": 1.446935724962631, ""MEMORY"": 1.411764705882353, ""API_CREDITS"": 1.5107913669064748, ""DATASET"": 1.1566265060240963}",4,29,17,0.30030486346987234,0.08222898080562313,0.4669621333842772,0.059936244029917964,110.37563516822912,19.111632864466326,24.64623040373897
delta0.50__moderate,0.5,moderate,1.3,3275511066,b59d2bd7e618fffc,"{""COMPUTE"": 699, ""MEMORY"": 572, ""API_CREDITS"": 345, ""DATASET"": 106}","{""COMPUTE"": 1.542203147353362, ""MEMORY"": 1.5454545454545454, ""API_CREDITS"": 1.472463768115942, ""DATASET"": 1.8113207547169812}",4,33,31,0.44692701106514715,0.06683498059416874,0.6093597560278718,0.04221382423495077,146.8627973846123,28.2293063822039,90.66085571878641
delta0.50__moderate,0.5,moderate,1.3,3282615687,f578f88a529565ba,"{""COMPUTE"": 974, ""MEMORY"": 822, ""API_CREDITS"": 462, ""DATASET"": 224}","{""COMPUTE"": 0.9938398357289527, ""MEMORY"": 1.0, ""API_CREDITS"": 0.948051948051948, ""DATASET"": 1.0714285714285714}",4,25,20,0.4065653619679967,0.06700722819309139,0.5623521719782122,0.046529380996732754,165.10075495873852,30.06259628578074,64.13557372168384
delta0.50__moderate,0.5,moderate,1.3,3309075039,9f15c1e8b2bf6b06,"{""COMPUTE"": 627, ""MEMORY"": 492, ""API_CREDITS"": 287, ""DATASET"": 67}","{""COMPUTE"": 1.4354066985645932, ""MEMORY"": 1.5284552845528456, ""API_CREDITS"": 1.4355400696864111, ""DATASET"": 2.8656716417910446}",4,26,22,0.4598751424709886,0.11065323568341047,0.5649599146581542,0.06844337580455437,123.90847152144725,25.280986834650236,51.9545149500453
delta0.50__moderate,0.5,moderate,1.3,3334186716,19f252d4ff2e9236,"{""COMPUTE"": 621, ""MEMORY"": 523, ""API_CREDITS"": 294, ""DATASET"": 131}","{""COMPUTE"": 1.5201288244766507, ""MEMORY"": 1.4856596558317399, ""API_CREDITS"": 1.5204081632653061, ""DATASET"": 1.282442748091603}",4,25,18,0.2983406005792917,0.06743812802898937,0.519796309845482,0.04227298442525159,82.97613654780018,18.011445216932973,78.93260148949255
delta0.50__moderate,0.5,moderate,1.3,3439138492,13dd28ddc231ea04,"{""COMPUTE"": 751, ""MEMORY"": 625, ""API_CREDITS"": 362, ""DATASET"": 143}","{""COMPUTE"": 1.2942743009320905, ""MEMORY"": 1.2736, ""API_CREDITS"": 1.292817679558011, ""DATASET"": 1.118881118881119}",4,20,17,0.375601184883855,0.030776622965901893,0.6489066506063269,0.019284233121401047,119.1794676685953,17.268301303700998,53.589417806381334
delta0.50__moderate,0.5,moderate,1.3,3447205743,f3a5d3184eed348a,"{""COMPUTE"": 820, ""MEMORY"": 690, ""API_CREDITS"": 366, ""DATASET"": 196}","{""COMPUTE"": 1.2926829268292683, ""MEMORY"": 1.3304347826086957, ""API_CREDITS"": 1.3060109289617485, ""DATASET"": 1.5510204081632653}",4,23,16,0.3128078302160499,0.05176608765579458,0.5001934042891238,0.032280550208686885,105.87287349765101,17.703720668603957,31.881385259043295
delta0.50__moderate,0.5,moderate,1.3,3460158696,06bbbf7f6ceddad8,"{""COMPUTE"": 871, ""MEMORY"": 708, ""API_CREDITS"": 434, ""DATASET"": 127}","{""COMPUTE"": 1.1343283582089552, ""MEMORY"": 1.1878531073446328, ""API_CREDITS"": 1.0852534562211982, ""DATASET"": 1.8267716535433072}",4,19,16,0.30653143816999523,0.07616297542887233,0.5648662294590024,0.04487633758783296,99.85421155062336,18.714723716600478,36.882890354336745
delta0.50__moderate,0.5,moderate,1.3,3460268087,26762e1e11df4538,"{""COMPUTE"": 610, ""MEMORY"": 500, ""API_CREDITS"": 288, ""DATASET"": 99}","{""COMPUTE"": 1.8459016393442622, ""MEMORY"": 1.794, ""API_CREDITS"": 1.8993055555555556, ""DATASET"": 1.3737373737373737}",4,23,22,0.4253271208006901,0.049365232017417986,0.5891240753569434,0.0326219714887336,107.3032756626669,14.51419902854448,74.85789175183419
delta0.50__moderate,0.5,moderate,1.3,3463781334,b7bb796ff765a3ad,"{""COMPUTE"": 616, ""MEMORY"": 532, ""API_CREDITS"": 242, ""DATASET"": 194}","{""COMPUTE"": 1.4772727272727273, ""MEMORY"": 1.4210526315789473, ""API_CREDITS"": 1.6859504132231404, ""DATASET"": 0.9896907216494846}",4,22,20,0.4460307021143046,0.07761956636773643,0.7383420085993125,0.05015891803383646,129.77289614090287,11.64775320549615,41.12575910289198
delta0.50__moderate,0.5,moderate,1.3,3467569127,886089465799a9e0,"{""COMPUTE"": 771, ""MEMORY"": 622, ""API_CREDITS"": 367, ""DATASET"": 113}","{""COMPUTE"": 1.0972762645914398, ""MEMORY"": 1.1318327974276527, ""API_CREDITS"": 1.1008174386920981, ""DATASET"": 1.415929203539823}",4,25,19,0.3569745981488668,0.06371263786396814,0.6224091720072514,0.03827211676190147,114.13819585220931,28.421853359282014,30.820347732706484
delta0.50__moderate,0.5,moderate,1.3,3518403916,31c9be05fe9c5270,"{""COMPUTE"": 811, ""MEMORY"": 706, ""API_CREDITS"": 375, ""DATASET"": 232}","{""COMPUTE"": 1.1122071516646115, ""MEMORY"": 1.111898016997167, ""API_CREDITS"": 1.0746666666666667, ""DATASET"": 1.1379310344827587}",4,25,14,0.23629253953981202,0.11571122534810258,0.5528825603247077,0.06938706950342687,102.7046276880376,29.27976516805462,60.56196142066084
delta0.50__moderate,0.5,moderate,1.3,3547154528,bcf0a45ffa1152ce,"{""COMPUTE"": 780, ""MEMORY"": 670, ""API_CREDITS"": 361, ""DATASET"": 205}","{""COMPUTE"": 0.8179487179487179, ""MEMORY"": 0.8552238805970149, ""API_CREDITS"": 0.7174515235457064, ""DATASET"": 1.1317073170731706}",4,30,26,0.3761005372223833,0.1472989857385268,0.6213078896485444,0.10849308025830533,137.29042837930493,28.03696914847157,71.38434877544452
delta0.50__moderate,0.5,moderate,1.3,3556888763,5b491ff7782a7201,"{""COMPUTE"": 887, ""MEMORY"": 746, ""API_CREDITS"": 422, ""DATASET"": 195}","{""COMPUTE"": 1.1409244644870349, ""MEMORY"": 1.148793565683646, ""API_CREDITS"": 1.1350710900473933, ""DATASET"": 1.1897435897435897}",4,29,17,0.2460548578606738,0.12010367083896495,0.4507095911121894,0.07281094450212099,61.0743929604293,17.071649345412922,27.45937667176763
delta0.50__moderate,0.5,moderate,1.3,3585070197,5dc1ebffc1258eed,"{""COMPUTE"": 654, ""MEMORY"": 518, ""API_CREDITS"": 301, ""DATASET"": 78}","{""COMPUTE"": 1.345565749235474, ""MEMORY"": 1.4343629343629343, ""API_CREDITS"": 1.2790697674418605, ""DATASET"": 2.769230769230769}",4,23,19,0.36064277810106365,0.10277609551992456,0.596907798583238,0.07266545223704167,84.91067232481497,14.816950824354004,51.635824382394965
delta0.50__moderate,0.5,moderate,1.3,3597312856,9996827664a51d0d,"{""COMPUTE"": 655, ""MEMORY"": 528, ""API_CREDITS"": 311, ""DATASET"": 92}","{""COMPUTE"": 1.5572519083969465, ""MEMORY"": 1.558712121212121, ""API_CREDITS"": 1.5466237942122187, ""DATASET"": 1.6521739130434783}",4,23,21,0.4232677869008481,0.058421400276066716,0.5843209000249493,0.03672204091763325,136.39574325539982,15.141364317990558,70.079698366149
delta0.50__moderate,0.5,moderate,1.3,3646743967,89c5fac330866ce2,"{""COMPUTE"": 918, ""MEMORY"": 760, ""API_CREDITS"": 460, ""DATASET"": 162}","{""COMPUTE"": 1.0675381263616557, ""MEMORY"": 1.111842105263158, ""API_CREDITS"": 0.9804347826086957, ""DATASET"": 1.6296296296296295}",4,27,22,0.4209908107161197,0.07577772918401599,0.6882949089410878,0.05285604353696271,138.66351420706962,23.7971146512697,57.23449637339379
delta0.50__moderate,0.5,moderate,1.3,3702281959,2f702f655550fc73,"{""COMPUTE"": 515, ""MEMORY"": 407, ""API_CREDITS"": 279, ""DATASET"": 24}","{""COMPUTE"": 1.4524271844660195, ""MEMORY"": 1.4545454545454546, ""API_CREDITS"": 1.3333333333333333, ""DATASET"": 2.6666666666666665}",4,23,17,0.306103682163335,0.04381407341399711,0.4903545628567734,0.02684024368697649,81.27301114512122,21.43857434854681,35.632164804979645
delta0.50__moderate,0.5,moderate,1.3,3703198363,e5c3b1cfc3c6250a,"{""COMPUTE"": 464, ""MEMORY"": 410, ""API_CREDITS"": 170, ""DATASET"": 167}","{""COMPUTE"": 1.4094827586206897, ""MEMORY"": 1.329268292682927, ""API_CREDITS"": 1.688235294117647, ""DATASET"": 0.8143712574850299}",4,27,22,0.381986810446244,0.061290810889594274,0.685771691020392,0.04256263865236826,87.1478948211917,19.532581189722098,58.93858251819082
delta0.50__moderate,0.5,moderate,1.3,3722197476,9cd97e6634dafdb0,"{""COMPUTE"": 829, ""MEMORY"": 677, ""API_CREDITS"": 405, ""DATASET"": 132}","{""COMPUTE"": 1.218335343787696, ""MEMORY"": 1.2319054652880355, ""API_CREDITS"": 1.219753086419753, ""DATASET"": 1.3333333333333333}",4,22,21,0.4205309293580193,0.05984568868067662,0.65542758509021,0.041037982422942605,111.99309050496363,18.61880745503879,37.50221128588951
delta0.50__moderate,0.5,moderate,1.3,3732653027,7e17cfe90e6d3b45,"{""COMPUTE"": 830, ""MEMORY"": 678, ""API_CREDITS"": 372, ""DATASET"": 156}","{""COMPUTE"": 1.3975903614457832, ""MEMORY"": 1.424778761061947, ""API_CREDITS"": 1.467741935483871, ""DATASET"": 1.5384615384615385}",4,19,13,0.3340564605538027,0.06143717041834546,0.652755960117567,0.04002425554031072,124.51432646647852,34.49939090699487,42.85148193122512
delta0.50__moderate,0.5,moderate,1.3,3755261675,66156f9bf064dfcc,"{""COMPUTE"": 555, ""MEMORY"": 491, ""API_CREDITS"": 225, ""DATASET"": 191}","{""COMPUTE"": 1.3765765765765765, ""MEMORY"": 1.3340122199592668, ""API_CREDITS"": 1.4088888888888889, ""DATASET"": 1.130890052356021}",4,23,19,0.43971679337497055,0.12971004935377853,0.5713552694306341,0.08396965839633708,120.56476299224347,14.306317589737356,50.14439017291179
delta0.50__moderate,0.5,moderate,1.3,3819244249,caea4bdeaad0c728,"{""COMPUTE"": 791, ""MEMORY"": 637, ""API_CREDITS"": 394, ""DATASET"": 101}","{""COMPUTE"": 1.259165613147914, ""MEMORY"": 1.2982731554160125, ""API_CREDITS"": 1.2309644670050761, ""DATASET"": 1.8217821782178218}",4,29,12,0.2272744683174497,0.051328099151309245,0.4477752738074236,0.03285022729504173,68.1185336004075,26.867971655185617,57.73964547089713
delta0.50__moderate,0.5,moderate,1.3,3825070817,449fd4d17ef746b1,"{""COMPUTE"": 381, ""MEMORY"": 338, ""API_CREDITS"": 161, ""DATASET"": 119}","{""COMPUTE"": 1.795275590551181, ""MEMORY"": 1.650887573964497, ""API_CREDITS"": 1.9254658385093169, ""DATASET"": 0.9411764705882353}",4,25,18,0.368639313556352,0.08999465404633841,0.6071931992799331,0.0602989748151177,108.22110793591014,29.1245058361374,42.60841246942313
delta0.50__moderate,0.5,moderate,1.3,3829285020,79b8f6439dfcfb6c,"{""COMPUTE"": 617, ""MEMORY"": 505, ""API_CREDITS"": 296, ""DATASET"": 96}","{""COMPUTE"": 1.406807131280389, ""MEMORY"": 1.38019801980198, ""API_CREDITS"": 1.4425675675675675, ""DATASET"": 1.0833333333333333}",4,26,22,0.4190940880626608,0.04808094309544291,0.7118515232680979,0.031223179077320497,129.19316049718043,20.716525154400998,73.34583707237793
delta0.50__moderate,0.5,moderate,1.3,3829736852,71b9c73635d34dca,"{""COMPUTE"": 608, ""MEMORY"": 528, ""API_CREDITS"": 241, ""DATASET"": 195}","{""COMPUTE"": 1.4703947368421053, ""MEMORY"": 1.4015151515151516, ""API_CREDITS"": 1.6099585062240664, ""DATASET"": 0.9846153846153847}",4,20,17,0.3549156378572313,0.07020152590518226,0.5766958148069188,0.04673547092057726,134.12457437795743,27.098083137685155,25.00623475121515
delta0.50__moderate,0.5,moderate,1.3,3834605579,eb0f224ad5f0b542,"{""COMPUTE"": 661, ""MEMORY"": 572, ""API_CREDITS"": 299, ""DATASET"": 182}","{""COMPUTE"": 1.340393343419062, ""MEMORY"": 1.3618881118881119, ""API_CREDITS"": 1.3010033444816054, ""DATASET"": 1.5384615384615385}",4,27,20,0.35448492495272704,0.06861257819332313,0.6330962926230147,0.04343590619864856,153.04628723665627,29.434642877991166,62.320069407305375
delta0.50__moderate,0.5,moderate,1.3,3862073378,39435ddfcb994cc6,"{""COMPUTE"": 701, ""MEMORY"": 613, ""API_CREDITS"": 331, ""DATASET"": 198}","{""COMPUTE"": 1.4636233951497861, ""MEMORY"": 1.401305057096248, ""API_CREDITS"": 1.4652567975830815, ""DATASET"": 1.0909090909090908}",4,26,24,0.39454921547596006,0.08437523555712177,0.7913126639850465,0.056803560049484704,106.6539704763573,26.242439655066416,83.84669158165265
delta0.50__moderate,0.5,moderate,1.3,3896223086,b0ab1d58bbddb400,"{""COMPUTE"": 834, ""MEMORY"": 686, ""API_CREDITS"": 388, ""DATASET"": 156}","{""COMPUTE"": 1.2565947242206235, ""MEMORY"": 1.2405247813411078, ""API_CREDITS"": 1.2190721649484537, ""DATASET"": 1.1794871794871795}",4,24,16,0.21693491784682764,0.1302083997961059,0.3958792371324272,0.08257972176637844,55.69313978942633,14.101558404846996,43.371984557591524
delta0.50__moderate,0.5,moderate,1.3,3902540653,d16426a3c703bee6,"{""COMPUTE"": 827, ""MEMORY"": 668, ""API_CREDITS"": 373, ""DATASET"": 138}","{""COMPUTE"": 1.0931076178960097, ""MEMORY"": 1.1062874251497006, ""API_CREDITS"": 1.0214477211796247, ""DATASET"": 1.3333333333333333}",4,27,17,0.3517435879812627,0.09230725542017221,0.5603891556071463,0.06121772164431172,107.0107524893753,19.835062832864143,64.79870674809176
delta0.50__moderate,0.5,moderate,1.3,3945030225,ed4ab8c69918e04f,"{""COMPUTE"": 681, ""MEMORY"": 583, ""API_CREDITS"": 301, ""DATASET"": 182}","{""COMPUTE"": 1.3891336270190895, ""MEMORY"": 1.3722126929674099, ""API_CREDITS"": 1.435215946843854, ""DATASET"": 1.2307692307692308}",4,19,15,0.37641232373707306,0.0859154891319334,0.5781099310480373,0.05439149561825679,123.44193933306427,22.937368213170526,64.4197271607613
delta0.50__moderate,0.5,moderate,1.3,3947356923,834b2903e537de5d,"{""COMPUTE"": 530, ""MEMORY"": 473, ""API_CREDITS"": 204, ""DATASET"": 197}","{""COMPUTE"": 1.2943396226415094, ""MEMORY"": 1.2896405919661733, ""API_CREDITS"": 1.3627450980392157, ""DATASET"": 1.218274111675127}",4,22,18,0.34045290303573156,0.09836840071581855,0.6204301693141597,0.06643829529887708,87.39511209609446,15.938420110799102,58.72224591898054
delta0.50__moderate,0.5,moderate,1.3,3981156840,a86ac9cd727ad02a,"{""COMPUTE"": 553, ""MEMORY"": 469, ""API_CREDITS"": 243, ""DATASET"": 135}","{""COMPUTE"": 1.4177215189873418, ""MEMORY"": 1.3752665245202558, ""API_CREDITS"": 1.5102880658436213, ""DATASET"": 1.0074074074074073}",4,24,10,0.14970577861762313,0.13396880078296008,0.39817198151903216,0.08806756787951477,44.697839756700866,11.463512180289243,38.799560070762475
delta0.50__moderate,0.5,moderate,1.3,3996589783,3298e2e0ebab0da8,"{""COMPUTE"": 738, ""MEMORY"": 658, ""API_CREDITS"": 331, ""DATASET"": 248}","{""COMPUTE"": 1.100271002710027, ""MEMORY"": 1.1033434650455927, ""API_CREDITS"": 0.972809667673716, ""DATASET"": 1.2258064516129032}",4,26,19,0.23297042605956728,0.1478579555978937,0.42356825447388635,0.10550461750152151,57.7662362117077,18.722149985234918,45.7722652067801
delta0.50__moderate,0.5,moderate,1.3,4024888051,134576c73822aa2d,"{""COMPUTE"": 397, ""MEMORY"": 357, ""API_CREDITS"": 153, ""DATASET"": 146}","{""COMPUTE"": 1.9193954659949621, ""MEMORY"": 1.9075630252100841, ""API_CREDITS"": 2.1372549019607843, ""DATASET"": 1.8082191780821917}",4,26,22,0.41245525124770466,0.08481570970957844,0.6209925360795648,0.055197753705105455,147.3211940729269,12.43840919801257,71.22291841454667
delta0.50__moderate,0.5,moderate,1.3,4030503373,6276df4ab35a62b1,"{""COMPUTE"": 500, ""MEMORY"": 424, ""API_CREDITS"": 209, ""DATASET"": 126}","{""COMPUTE"": 1.316, ""MEMORY"": 1.3278301886792452, ""API_CREDITS"": 1.4784688995215312, ""DATASET"": 1.2063492063492063}",4,27,25,0.4105071465524753,0.08971602095246436,0.733177224651341,0.05670651973673651,99.42254797934852,18.581601469976164,86.48682038099533
delta0.50__moderate,0.5,moderate,1.3,4039868181,785aadf37c78e75a,"{""COMPUTE"": 603, ""MEMORY"": 517, ""API_CREDITS"": 298, ""DATASET"": 135}","{""COMPUTE"": 1.2371475953565505, ""MEMORY"": 1.2030947775628626, ""API_CREDITS"": 1.174496644295302, ""DATASET"": 1.0666666666666667}",4,28,23,0.34306783299557675,0.09642827217027676,0.6532523278227398,0.0605958012878309,102.49519834621185,28.73462252200696,56.15294195177997
delta0.50__moderate,0.5,moderate,1.3,4070281976,74bee066e26bbfb4,"{""COMPUTE"": 842, ""MEMORY"": 735, ""API_CREDITS"": 389, ""DATASET"": 247}","{""COMPUTE"": 1.1923990498812351, ""MEMORY"": 1.2040816326530612, ""API_CREDITS"": 1.1285347043701799, ""DATASET"": 1.3279352226720649}",4,25,23,0.4456494465598695,0.050735396945794285,0.6508589093192255,0.034256706877213154,191.11112905705264,45.35270069205018,89.31843343960054
delta0.50__moderate,0.5,moderate,1.3,4074372378,1da50dffbb989fb7,"{""COMPUTE"": 868, ""MEMORY"": 707, ""API_CREDITS"": 432, ""DATASET"": 129}","{""COMPUTE"": 0.8917050691244239, ""MEMORY"": 0.9476661951909476, ""API_CREDITS"": 0.8194444444444444, ""DATASET"": 1.6124031007751938}",4,25,22,0.4268530139234193,0.08720827446128651,0.6027647173262046,0.05472041377161858,144.4704452085334,24.170261426269963,57.62564853047498
delta0.50__moderate,0.5,moderate,1.3,4082760487,4b2a98935af81ed5,"{""COMPUTE"": 784, ""MEMORY"": 659, ""API_CREDITS"": 377, ""DATASET"": 166}","{""COMPUTE"": 1.4770408163265305, ""MEMORY"": 1.4385432473444613, ""API_CREDITS"": 1.4960212201591512, ""DATASET"": 1.1566265060240963}",4,29,22,0.3666975376022515,0.02878957110955861,0.48163239370207594,0.019150811047865018,127.74595903815396,14.662197909319774,45.902168037542566
delta0.50__moderate,0.5,moderate,1.3,4095462803,c8382184d4c46a19,"{""COMPUTE"": 656, ""MEMORY"": 528, ""API_CREDITS"": 341, ""DATASET"": 67}","{""COMPUTE"": 1.3475609756097562, ""MEMORY"": 1.4223484848484849, ""API_CREDITS"": 1.1759530791788857, ""DATASET"": 3.2238805970149254}",4,28,26,0.4034702766263582,0.07757634165449648,0.6318001787484554,0.052224830889254344,104.56713377410266,16.059534392167464,42.88105132317202
delta0.50__moderate,0.5,moderate,1.3,4099285905,9289ea6369ca0f4a,"{""COMPUTE"": 672, ""MEMORY"": 553, ""API_CREDITS"": 317, ""DATASET"": 118}","{""COMPUTE"": 1.0982142857142858, ""MEMORY"": 1.0976491862567812, ""API_CREDITS"": 1.113564668769716, ""DATASET"": 1.0169491525423728}",4,29,27,0.419200317895899,0.09555738651326887,0.5759961871371547,0.06100588318725574,125.28658842788654,24.6279658652301,76.74137125899291
delta0.50__moderate,0.5,moderate,1.3,4105600667,f5bac8cdd0366c27,"{""COMPUTE"": 748, ""MEMORY"": 646, ""API_CREDITS"": 361, ""DATASET"": 192}","{""COMPUTE"": 1.2352941176470589, ""MEMORY"": 1.2352941176470589, ""API_CREDITS"": 1.2132963988919667, ""DATASET"": 1.25}",4,23,11,0.28507446010268944,0.07975313731976952,0.523205727713103,0.04752761370563352,84.9034342556711,23.10586771678271,30.849777346499536
delta0.50__moderate,0.5,moderate,1.3,4163155962,f3282da98e839863,"{""COMPUTE"": 690, ""MEMORY"": 585, ""API_CREDITS"": 338, ""DATASET"": 148}","{""COMPUTE"": 1.063768115942029, ""MEMORY"": 1.1076923076923078, ""API_CREDITS"": 0.9822485207100592, ""DATASET"": 1.5135135135135136}",4,23,19,0.40319834149244843,0.0906992657212763,0.62712350627235,0.05758773568659236,164.7309258586936,35.37317982965846,45.82307073893973
delta0.50__moderate,0.5,moderate,1.3,4171035140,c6e65362f9fcc895,"{""COMPUTE"": 741, ""MEMORY"": 634, ""API_CREDITS"": 345, ""DATASET"": 187}","{""COMPUTE"": 1.2442645074224021, ""MEMORY"": 1.2444794952681388, ""API_CREDITS"": 1.23768115942029, ""DATASET"": 1.2406417112299466}",4,24,17,0.3432081559329876,0.08306257899794124,0.6202222735782625,0.05543474775752414,111.32340826997317,18.329413347357303,53.938825219498284
delta0.50__moderate,0.5,moderate,1.3,4184451528,7861131bf5ccf0ed,"{""COMPUTE"": 784, ""MEMORY"": 649, ""API_CREDITS"": 371, ""DATASET"": 149}","{""COMPUTE"": 1.0994897959183674, ""MEMORY"": 1.115562403697997, ""API_CREDITS"": 1.0566037735849056, ""DATASET"": 1.2885906040268456}",4,23,19,0.37303663414659854,0.09297778700199164,0.6326696674815547,0.0601112083066006,118.43904297417127,17.321540636174092,33.323718958836224
delta0.50__moderate,0.5,moderate,1.3,4190426423,6860df97143907e9,"{""COMPUTE"": 559, ""MEMORY"": 496, ""API_CREDITS"": 238, ""DATASET"": 187}","{""COMPUTE"": 1.3846153846153846, ""MEMORY"": 1.3205645161290323, ""API_CREDITS"": 1.449579831932773, ""DATASET"": 0.983957219251337}",4,28,19,0.36950698917580643,0.10103841636918645,0.664907830222028,0.07089280924534144,133.8863908930273,17.032637122121972,55.47052015659764
delta0.50__moderate,0.5,moderate,1.3,4202249207,bc6c0325a20ae3c2,"{""COMPUTE"": 731, ""MEMORY"": 595, ""API_CREDITS"": 342, ""DATASET"": 120}","{""COMPUTE"": 1.2284541723666211, ""MEMORY"": 1.2, ""API_CREDITS"": 1.2222222222222223, ""DATASET"": 0.9333333333333333}",4,27,23,0.383373968898137,0.07417613395588223,0.5506337566018898,0.053209449506407935,120.48058707033437,17.740030191290863,22.324758213892125
delta0.50__moderate,0.5,moderate,1.3,4206761894,d243dd53a5fa6d77,"{""COMPUTE"": 874, ""MEMORY"": 731, ""API_CREDITS"": 421, ""DATASET"": 180}","{""COMPUTE"": 1.0389016018306636, ""MEMORY"": 1.069767441860465, ""API_CREDITS"": 0.9928741092636579, ""DATASET"": 1.3333333333333333}",4,27,21,0.38993714390933937,0.07852203612163192,0.6699421821419348,0.050611954590143,161.10499649383146,29.491499366381106,76.49012082814778
delta0.75__high,0.75,high,1.9,19063083,805ace113b4e0705,"{""COMPUTE"": 429, ""MEMORY"": 330, ""API_CREDITS"": 192, ""DATASET"": 36}","{""COMPUTE"": 1.4125874125874125, ""MEMORY"": 1.5242424242424242, ""API_CREDITS"": 1.3802083333333333, ""DATASET"": 3.3333333333333335}",4,31,22,0.5714027737488644,0.16081251480845804,0.42319741253578225,0.12249845414145617,104.72619812363672,9.849659983379164,33.49483092445207
delta0.75__high,0.75,high,1.9,27327381,0f4624eda3a23726,"{""COMPUTE"": 480, ""MEMORY"": 378, ""API_CREDITS"": 239, ""DATASET"": 41}","{""COMPUTE"": 1.7791666666666666, ""MEMORY"": 1.8386243386243386, ""API_CREDITS"": 1.7615062761506277, ""DATASET"": 2.926829268292683}",4,33,28,0.5966729897247189,0.09096122941802691,0.4834861258300857,0.05959860631948324,140.41061114908146,10.198153824408175,34.51208245757923
delta0.75__high,0.75,high,1.9,73091972,e9b52e92eea20d2e,"{""COMPUTE"": 381, ""MEMORY"": 333, ""API_CREDITS"": 167, ""DATASET"": 113}","{""COMPUTE"": 2.9291338582677167, ""MEMORY"": 2.900900900900901, ""API_CREDITS"": 3.1497005988023954, ""DATASET"": 2.690265486725664}",4,37,31,0.6388943957516141,0.07442365461718574,0.5074062814144932,0.040829315241171185,283.6541002775377,14.328311749078061,43.74508042581798
delta0.75__high,0.75,high,1.9,75104030,be652a002e2935c0,"{""COMPUTE"": 274, ""MEMORY"": 250, ""API_CREDITS"": 104, ""DATASET"": 110}","{""COMPUTE"": 3.051094890510949, ""MEMORY"": 2.7, ""API_CREDITS"": 3.7788461538461537, ""DATASET"": 1.0909090909090908}",4,38,34,0.6108964067332024,0.06295681350084298,0.6483074413226472,0.039138707488729045,139.48413503065382,11.964945488114763,47.54948328193934
delta0.75__high,0.75,high,1.9,75640271,064d0dba4cb2e4f2,"{""COMPUTE"": 491, ""MEMORY"": 428, ""API_CREDITS"": 225, ""DATASET"": 143}","{""COMPUTE"": 2.35030549898167, ""MEMORY"": 2.207943925233645, ""API_CREDITS"": 2.448888888888889, ""DATASET"": 1.3986013986013985}",4,34,20,0.38512910888045643,0.04024172321016325,0.39370733948916464,0.02662717921850716,153.31861383800813,25.236627137419315,56.35485286407746
delta0.75__high,0.75,high,1.9,87781505,56629a216b9ce466,"{""COMPUTE"": 462, ""MEMORY"": 389, ""API_CREDITS"": 221, ""DATASET"": 98}","{""COMPUTE"": 2.173160173160173, ""MEMORY"": 2.051413881748072, ""API_CREDITS"": 2.2171945701357467, ""DATASET"": 1.1428571428571428}",4,37,27,0.5217484276647704,0.04681758729153413,0.5325981598861761,0.03105754288134081,160.61642009119782,20.340205289867832,27.350791267477046
delta0.75__high,0.75,high,1.9,94885586,81b54981754991d4,"{""COMPUTE"": 510, ""MEMORY"": 429, ""API_CREDITS"": 237, ""DATASET"": 113}","{""COMPUTE"": 1.6588235294117648, ""MEMORY"": 1.7529137529137528, ""API_CREDITS"": 1.5358649789029535, ""DATASET"": 2.5486725663716814}",4,35,23,0.4977686350479957,0.14060007026277224,0.516160740325074,0.09629847264004628,157.33699115094194,21.160724351842827,53.29647576422059
delta0.75__high,0.75,high,1.9,101192955,37ec5554514cc170,"{""COMPUTE"": 474, ""MEMORY"": 410, ""API_CREDITS"": 229, ""DATASET"": 121}","{""COMPUTE"": 1.9029535864978904, ""MEMORY"": 1.9268292682926829, ""API_CREDITS"": 1.7729257641921397, ""DATASET"": 2.2479338842975207}",4,36,23,0.48959071118547,0.12693708335660947,0.564653151331663,0.09233628319957295,174.24439581434763,31.253116242880182,58.41920722172383
delta0.75__high,0.75,high,1.9,108416726,959feb547aacf3c8,"{""COMPUTE"": 422, ""MEMORY"": 349, ""API_CREDITS"": 198, ""DATASET"": 76}","{""COMPUTE"": 2.2085308056872037, ""MEMORY"": 2.160458452722063, ""API_CREDITS"": 2.191919191919192, ""DATASET"": 1.894736842105263}",4,35,23,0.4271321241050532,0.07069681189370228,0.4918859583195461,0.045500270257803004,147.6805902711613,19.492950310003312,33.14046436209739
delta0.75__high,0.75,high,1.9,112626036,6039b4e1c1843dcc,"{""COMPUTE"": 483, ""MEMORY"": 389, ""API_CREDITS"": 220, ""DATASET"": 73}","{""COMPUTE"": 2.082815734989648, ""MEMORY"": 2.159383033419023, ""API_CREDITS"": 2.0545454545454547, ""DATASET"": 3.0684931506849313}",4,37,27,0.5570666150995377,0.08854904830278089,0.6713003930806116,0.05335167596983062,157.04032199578327,25.643856947060044,40.667473091297516
delta0.75__high,0.75,high,1.9,129877774,bb3735064913b5f6,"{""COMPUTE"": 625, ""MEMORY"": 514, ""API_CREDITS"": 308, ""DATASET"": 106}","{""COMPUTE"": 1.4496, ""MEMORY"": 1.4747081712062258, ""API_CREDITS"": 1.2922077922077921, ""DATASET"": 1.9622641509433962}",4,39,34,0.5564193641430931,0.11523178110704688,0.6376293599891588,0.07905442134290301,163.9316055067074,16.927438840639265,63.57126793658918
delta0.75__high,0.75,high,1.9,139216186,8f63e23f1ca277ce,"{""COMPUTE"": 365, ""MEMORY"": 309, ""API_CREDITS"": 158, ""DATASET"": 87}","{""COMPUTE"": 2.328767123287671, ""MEMORY"": 2.3624595469255665, ""API_CREDITS"": 2.2911392405063293, ""DATASET"": 2.7586206896551726}",4,32,23,0.5165364855913358,0.12936188846465824,0.5753423414994839,0.08616285244576104,147.69907306071585,22.59486726889467,51.35706118333994
delta0.75__high,0.75,high,1.9,139730805,f948ef1b326dd73d,"{""COMPUTE"": 546, ""MEMORY"": 430, ""API_CREDITS"": 261, ""DATASET"": 58}","{""COMPUTE"": 1.3919413919413919, ""MEMORY"": 1.430232558139535, ""API_CREDITS"": 1.475095785440613, ""DATASET"": 1.5172413793103448}",4,40,32,0.48217614866462455,0.053645819063720554,0.5353793606946801,0.03566873361564832,128.35836656552166,18.93022158101364,44.50660222534642
delta0.75__high,0.75,high,1.9,147261721,5f7ea0902529046b,"{""COMPUTE"": 450, ""MEMORY"": 364, ""API_CREDITS"": 210, ""DATASET"": 68}","{""COMPUTE"": 1.6666666666666667, ""MEMORY"": 1.717032967032967, ""API_CREDITS"": 1.7285714285714286, ""DATASET"": 2.0}",4,35,32,0.616129566753347,0.08000672469764622,0.5848831483677303,0.05353098035294659,196.92347715292703,21.89465714916327,49.40052851057042
delta0.75__high,0.75,high,1.9,152599165,220715bd372510c3,"{""COMPUTE"": 523, ""MEMORY"": 429, ""API_CREDITS"": 258, ""DATASET"": 83}","{""COMPUTE"": 1.407265774378585, ""MEMORY"": 1.4382284382284383, ""API_CREDITS"": 1.2364341085271318, ""DATASET"": 2.0240963855421685}",4,33,26,0.5217945115655681,0.13271156936597328,0.484527600513156,0.08428948252406236,161.5112023127638,18.605253227340267,37.020159405443515
delta0.75__high,0.75,high,1.9,153676091,43ae289ae61a5a3d,"{""COMPUTE"": 488, ""MEMORY"": 407, ""API_CREDITS"": 246, ""DATASET"": 86}","{""COMPUTE"": 1.9344262295081966, ""MEMORY"": 1.945945945945946, ""API_CREDITS"": 1.853658536585366, ""DATASET"": 2.2325581395348837}",4,38,23,0.4061907418356574,0.07817063119107291,0.4549431743869861,0.047081398882043074,144.3499046747728,22.55322237159642,35.89451154391339
delta0.75__high,0.75,high,1.9,173143613,ba87e5e69dc14b51,"{""COMPUTE"": 249, ""MEMORY"": 219, ""API_CREDITS"": 115, ""DATASET"": 67}","{""COMPUTE"": 3.3493975903614457, ""MEMORY"": 3.0639269406392695, ""API_CREDITS"": 3.347826086956522, ""DATASET"": 1.791044776119403}",4,32,25,0.5739911306009914,0.11074687249611417,0.4953303399564673,0.07755127577549216,156.0112267776747,18.99749547547912,25.088857763953627
delta0.75__high,0.75,high,1.9,190642350,4bd0c64827287ca3,"{""COMPUTE"": 511, ""MEMORY"": 429, ""API_CREDITS"": 227, ""DATASET"": 120}","{""COMPUTE"": 1.917808219178082, ""MEMORY"": 1.9114219114219113, ""API_CREDITS"": 1.920704845814978, ""DATASET"": 1.8666666666666667}",4,40,31,0.5384994468810828,0.09062947444829035,0.5909213429180952,0.05348039194148765,167.3249826815032,29.08666282627836,59.124714949720236
delta0.75__high,0.75,high,1.9,207766894,db0adc35f1000ca3,"{""COMPUTE"": 636, ""MEMORY"": 527, ""API_CREDITS"": 298, ""DATASET"": 128}","{""COMPUTE"": 1.7641509433962264, ""MEMORY"": 1.825426944971537, ""API_CREDITS"": 1.6979865771812082, ""DATASET"": 2.375}",4,41,18,0.26215684918186904,0.1417793317793318,0.2713611332111752,0.09799490632823966,94.29616131019435,15.416834253577273,24.99083410757906
delta0.75__high,0.75,high,1.9,214952310,dbbd8faac146d245,"{""COMPUTE"": 509, ""MEMORY"": 433, ""API_CREDITS"": 228, ""DATASET"": 130}","{""COMPUTE"": 1.9724950884086443, ""MEMORY"": 2.0115473441108547, ""API_CREDITS"": 2.039473684210526, ""DATASET"": 2.1538461538461537}",4,32,23,0.5392610121018231,0.05110056283988965,0.4733689980238544,0.03427329714511213,129.25421022664952,15.131841016677976,29.437581271348662
delta0.75__high,0.75,high,1.9,223200515,3ea41575a4f6c7fb,"{""COMPUTE"": 414, ""MEMORY"": 358, ""API_CREDITS"": 177, ""DATASET"": 121}","{""COMPUTE"": 1.6473429951690821, ""MEMORY"": 1.6843575418994414, ""API_CREDITS"": 1.6779661016949152, ""DATASET"": 1.7851239669421488}",4,37,27,0.43980757902458184,0.13090674922584952,0.502952121587177,0.0872099417163032,101.51328446865067,19.6585106859597,39.0238429939678
delta0.75__high,0.75,high,1.9,271508238,4d93a9a9eb7a2710,"{""COMPUTE"": 419, ""MEMORY"": 361, ""API_CREDITS"": 185, ""DATASET"": 114}","{""COMPUTE"": 2.252983293556086, ""MEMORY"": 2.152354570637119, ""API_CREDITS"": 2.4162162162162164, ""DATASET"": 1.4736842105263157}",4,35,27,0.5136531703173997,0.06398899324338696,0.4517540741409658,0.0430433141760509,172.88942294847766,21.2078612050832,39.118237061653225
delta0.75__high,0.75,high,1.9,278611269,6d989cd087e6d1d5,"{""COMPUTE"": 448, ""MEMORY"": 411, ""API_CREDITS"": 178, ""DATASET"": 191}","{""COMPUTE"": 2.232142857142857, ""MEMORY"": 2.1119221411192215, ""API_CREDITS"": 2.539325842696629, ""DATASET"": 1.5078534031413613}",4,31,19,0.43038289285544207,0.09587542826016479,0.43628400384040295,0.06439204107638727,110.14474170513172,20.98801218511426,33.00817843060727
delta0.75__high,0.75,high,1.9,279304908,7395541de2a8789e,"{""COMPUTE"": 419, ""MEMORY"": 356, ""API_CREDITS"": 183, ""DATASET"": 106}","{""COMPUTE"": 1.4510739856801909, ""MEMORY"": 1.4803370786516854, ""API_CREDITS"": 1.5573770491803278, ""DATASET"": 1.4339622641509433}",4,31,23,0.4399630887326647,0.11447009472533602,0.5075267579418044,0.07823742809772945,106.23709139652249,13.650914419682698,29.137243433224057
delta0.75__high,0.75,high,1.9,284064978,36cd56c66afb8f31,"{""COMPUTE"": 500, ""MEMORY"": 428, ""API_CREDITS"": 248, ""DATASET"": 115}","{""COMPUTE"": 2.204, ""MEMORY"": 2.1728971962616823, ""API_CREDITS"": 2.153225806451613, ""DATASET"": 2.0869565217391304}",4,35,29,0.6267030819643827,0.04440532301720801,0.5332001491947491,0.029665745014558802,227.2122950469399,30.082938339888965,53.96559564914887
delta0.75__high,0.75,high,1.9,322453867,ed0f8a3267253593,"{""COMPUTE"": 508, ""MEMORY"": 405, ""API_CREDITS"": 246, ""DATASET"": 60}","{""COMPUTE"": 2.2874015748031495, ""MEMORY"": 2.4074074074074074, ""API_CREDITS"": 2.2642276422764227, ""DATASET"": 4.133333333333334}",4,37,33,0.6283088966868173,0.06537665460679848,0.6067478626584315,0.039308948405260495,229.77574989326715,16.600863508327055,34.76343111147444
delta0.75__high,0.75,high,1.9,343457384,6b8922c544037cb0,"{""COMPUTE"": 610, ""MEMORY"": 493, ""API_CREDITS"": 296, ""DATASET"": 89}","{""COMPUTE"": 1.4918032786885247, ""MEMORY"": 1.513184584178499, ""API_CREDITS"": 1.3581081081081081, ""DATASET"": 1.9775280898876404}",4,39,24,0.43419666674364943,0.1368954229883816,0.4760935228924457,0.09624702795888675,113.37230480494839,17.487769768921595,42.3561278134204
delta0.75__high,0.75,high,1.9,386742898,ec40bb0314d39248,"{""COMPUTE"": 466, ""MEMORY"": 417, ""API_CREDITS"": 202, ""DATASET"": 164}","{""COMPUTE"": 2.429184549356223, ""MEMORY"": 2.2709832134292567, ""API_CREDITS"": 2.599009900990099, ""DATASET"": 1.5121951219512195}",4,33,24,0.5523017111040546,0.07875240993845996,0.5253691266436468,0.04604571890001216,140.46755865834686,11.275677967641416,73.17936271351954
delta0.75__high,0.75,high,1.9,396660506,3b86a7c66b91cbe0,"{""COMPUTE"": 330, ""MEMORY"": 278, ""API_CREDITS"": 163, ""DATASET"": 61}","{""COMPUTE"": 3.2484848484848485, ""MEMORY"": 3.212230215827338, ""API_CREDITS"": 3.2576687116564416, ""DATASET"": 3.278688524590164}",4,36,34,0.7007639812289809,0.023106350291012455,0.5677693911238992,0.016329201371408777,295.9059083155103,23.34558026870242,33.40426071796665
delta0.75__high,0.75,high,1.9,421967079,6eaa96660e92a93a,"{""COMPUTE"": 555, ""MEMORY"": 469, ""API_CREDITS"": 267, ""DATASET"": 123}","{""COMPUTE"": 1.9963963963963964, ""MEMORY"": 1.9658848614072495, ""API_CREDITS"": 2.044943820224719, ""DATASET"": 1.6910569105691058}",4,38,27,0.4561725734684734,0.03634255130961217,0.41108256269178356,0.0223714200291989,160.0825530915225,13.555396575480692,34.50192210760797
delta0.75__high,0.75,high,1.9,433449607,42fde5cd6d9c4dbd,"{""COMPUTE"": 579, ""MEMORY"": 499, ""API_CREDITS"": 261, ""DATASET"": 163}","{""COMPUTE"": 1.5854922279792747, ""MEMORY"": 1.5851703406813626, ""API_CREDITS"": 1.5977011494252873, ""DATASET"": 1.521472392638037}",4,36,24,0.5115701997338498,0.06412387934253103,0.49989536172080645,0.039329734969655375,175.91255960959776,14.091782756965726,26.771381682910018
delta0.75__high,0.75,high,1.9,446926817,2fe301280b3d9a57,"{""COMPUTE"": 477, ""MEMORY"": 385, ""API_CREDITS"": 222, ""DATASET"": 71}","{""COMPUTE"": 1.450733752620545, ""MEMORY"": 1.5116883116883117, ""API_CREDITS"": 1.2522522522522523, ""DATASET"": 2.4788732394366195}",4,35,18,0.43721456220207827,0.11528950789815827,0.3926025280592312,0.08523303207513737,114.61845503037704,15.172223651611093,23.094684529181606
delta0.75__high,0.75,high,1.9,453512931,f366ee0f518e1f6f,"{""COMPUTE"": 481, ""MEMORY"": 409, ""API_CREDITS"": 231, ""DATASET"": 110}","{""COMPUTE"": 2.0124740124740126, ""MEMORY"": 1.8924205378973105, ""API_CREDITS"": 2.069264069264069, ""DATASET"": 1.018181818181818}",4,40,29,0.4738018504247381,0.05113115721790454,0.47526575843941243,0.03726911398535487,114.65337523140774,14.553814026268697,38.0986556442222
delta0.75__high,0.75,high,1.9,469716932,fc8afc9c8620a56d,"{""COMPUTE"": 530, ""MEMORY"": 419, ""API_CREDITS"": 245, ""DATASET"": 64}","{""COMPUTE"": 1.4037735849056603, ""MEMORY"": 1.4534606205250598, ""API_CREDITS"": 1.5142857142857142, ""DATASET"": 1.625}",4,38,32,0.5354198841086136,0.061465370477898115,0.5760777793907935,0.03875399725160227,132.16457091826487,11.902362523805591,43.33095141752815
delta0.75__high,0.75,high,1.9,484036427,604a930d93215319,"{""COMPUTE"": 485, ""MEMORY"": 406, ""API_CREDITS"": 249, ""DATASET"": 85}","{""COMPUTE"": 2.1731958762886596, ""MEMORY"": 2.165024630541872, ""API_CREDITS"": 2.1726907630522088, ""DATASET"": 2.164705882352941}",4,37,17,0.4537650228886181,0.040081104977917455,0.4484448358638578,0.026847637354952394,170.52874464572744,9.131369377213472,37.691676852871815
delta0.75__high,0.75,high,1.9,496510537,7f262b25dfc37784,"{""COMPUTE"": 710, ""MEMORY"": 578, ""API_CREDITS"": 342, ""DATASET"": 117}","{""COMPUTE"": 1.36056338028169, ""MEMORY"": 1.3477508650519032, ""API_CREDITS"": 1.2894736842105263, ""DATASET"": 1.2991452991452992}",4,41,22,0.4007391654782304,0.10362657921481452,0.43290784537254706,0.06539984885573123,158.5400537831422,9.873688129181623,55.44235160919454
delta0.75__high,0.75,high,1.9,561058638,1c47c07d0f303b9a,"{""COMPUTE"": 532, ""MEMORY"": 405, ""API_CREDITS"": 249, ""DATASET"": 31}","{""COMPUTE"": 1.8834586466165413, ""MEMORY"": 1.9703703703703703, ""API_CREDITS"": 1.8072289156626506, ""DATASET"": 4.645161290322581}",4,34,24,0.4415553737066846,0.07130618943697352,0.4701363933821591,0.04878249302076911,109.58685186536646,17.372556310672998,39.321724008022336
delta0.75__high,0.75,high,1.9,572743071,36e60bb652f8ec73,"{""COMPUTE"": 575, ""MEMORY"": 474, ""API_CREDITS"": 259, ""DATASET"": 116}","{""COMPUTE"": 1.6556521739130434, ""MEMORY"": 1.5780590717299579, ""API_CREDITS"": 1.7451737451737452, ""DATASET"": 0.8275862068965517}",4,36,33,0.6706398660448688,0.04393656801360103,0.5445935898028398,0.026937317898965654,191.37272810793206,11.2570645459189,36.67255526158845
delta0.75__high,0.75,high,1.9,584741180,cab219f543e3a991,"{""COMPUTE"": 448, ""MEMORY"": 399, ""API_CREDITS"": 196, ""DATASET"": 151}","{""COMPUTE"": 1.7544642857142858, ""MEMORY"": 1.7218045112781954, ""API_CREDITS"": 1.6785714285714286, ""DATASET"": 1.6423841059602649}",4,39,20,0.37088599916472215,0.14866774387724696,0.4309516828228514,0.09746358032674533,112.18615167570147,16.094455603216566,36.12424676791
delta0.75__high,0.75,high,1.9,585558921,1eb2825129ec142e,"{""COMPUTE"": 384, ""MEMORY"": 327, ""API_CREDITS"": 158, ""DATASET"": 105}","{""COMPUTE"": 2.7864583333333335, ""MEMORY"": 2.7492354740061162, ""API_CREDITS"": 3.348101265822785, ""DATASET"": 2.057142857142857}",4,39,34,0.6452269224610666,0.050148501715827486,0.49382357526640225,0.034693797131040684,213.78650008925106,17.474272860293727,49.068424718600404
delta0.75__high,0.75,high,1.9,602333967,9efda7c08d349470,"{""COMPUTE"": 526, ""MEMORY"": 443, ""API_CREDITS"": 243, ""DATASET"": 120}","{""COMPUTE"": 1.479087452471483, ""MEMORY"": 1.419864559819413, ""API_CREDITS"": 1.5432098765432098, ""DATASET"": 0.8666666666666667}",4,35,28,0.5177357218695534,0.076436124481184,0.5363965585887195,0.04753179960604852,117.15855252014074,13.009307261427026,28.08090527605765
delta0.75__high,0.75,high,1.9,608406825,73faa5d6489da07c,"{""COMPUTE"": 560, ""MEMORY"": 457, ""API_CREDITS"": 278, ""DATASET"": 84}","{""COMPUTE"": 1.1607142857142858, ""MEMORY"": 1.2910284463894968, ""API_CREDITS"": 0.841726618705036, ""DATASET"": 3.238095238095238}",4,33,28,0.5815677283391177,0.11599593744130213,0.5237110382036484,0.07474147293810664,187.61973671952467,22.039437506496796,91.20776642021245
delta0.75__high,0.75,high,1.9,610357580,aafdacb09d26dbc2,"{""COMPUTE"": 511, ""MEMORY"": 425, ""API_CREDITS"": 240, ""DATASET"": 102}","{""COMPUTE"": 2.12133072407045, ""MEMORY"": 2.1176470588235294, ""API_CREDITS"": 2.0833333333333335, ""DATASET"": 2.196078431372549}",4,37,14,0.34898749274957314,0.12101625851555572,0.38203452026887913,0.07564446172144275,92.85931502788843,16.143429941402612,31.595442040569974
delta0.75__high,0.75,high,1.9,616227400,3a7ad869460c04f9,"{""COMPUTE"": 407, ""MEMORY"": 350, ""API_CREDITS"": 181, ""DATASET"": 110}","{""COMPUTE"": 2.004914004914005, ""MEMORY"": 2.0428571428571427, ""API_CREDITS"": 1.9944751381215469, ""DATASET"": 2.2545454545454544}",4,34,22,0.5669331439043911,0.13649292026223242,0.44661762794533305,0.08748028492345199,233.48479470214752,20.331390385245104,40.58529304071863
delta0.75__high,0.75,high,1.9,638377088,f4922432ce99c26d,"{""COMPUTE"": 279, ""MEMORY"": 259, ""API_CREDITS"": 101, ""DATASET"": 125}","{""COMPUTE"": 2.8100358422939067, ""MEMORY"": 2.7142857142857144, ""API_CREDITS"": 3.297029702970297, ""DATASET"": 2.24}",4,38,22,0.48134718530048276,0.15866089949207546,0.5454271837222535,0.1081094285552973,151.33573284132,7.177027537736696,71.98951598275603
delta0.75__high,0.75,high,1.9,659053096,404263c09ff04ec0,"{""COMPUTE"": 432, ""MEMORY"": 363, ""API_CREDITS"": 186, ""DATASET"": 104}","{""COMPUTE"": 1.787037037037037, ""MEMORY"": 1.7272727272727273, ""API_CREDITS"": 1.9193548387096775, ""DATASET"": 1.1538461538461537}",4,37,35,0.6258244888248577,0.06724468243856173,0.6489668550386983,0.04228015949879699,116.85988788814247,24.5931002282818,47.9155977121132
delta0.75__high,0.75,high,1.9,677637387,a268f50734d693f4,"{""COMPUTE"": 554, ""MEMORY"": 466, ""API_CREDITS"": 264, ""DATASET"": 121}","{""COMPUTE"": 1.5848375451263539, ""MEMORY"": 1.5343347639484979, ""API_CREDITS"": 1.503787878787879, ""DATASET"": 1.256198347107438}",4,33,23,0.49517734112101514,0.09351953294449511,0.5400368244940875,0.05889091292931791,151.1803916037658,17.61079302884063,67.40861338052896
delta0.75__high,0.75,high,1.9,687585327,10e9b5fdf55d1bb2,"{""COMPUTE"": 418, ""MEMORY"": 323, ""API_CREDITS"": 210, ""DATASET"": 20}","{""COMPUTE"": 2.1818181818181817, ""MEMORY"": 2.414860681114551, ""API_CREDITS"": 2.038095238095238, ""DATASET"": 11.2}",4,35,27,0.4689363266324305,0.0826730898641538,0.578669535166125,0.056852465031023834,141.06287124380836,22.809500072910954,49.0238332604224
delta0.75__high,0.75,high,1.9,705933680,45af2b536075d7c3,"{""COMPUTE"": 454, ""MEMORY"": 364, ""API_CREDITS"": 213, ""DATASET"": 62}","{""COMPUTE"": 1.7709251101321586, ""MEMORY"": 1.835164835164835, ""API_CREDITS"": 1.727699530516432, ""DATASET"": 2.5806451612903225}",4,35,22,0.4216332618545944,0.09402724603025807,0.4217342246389091,0.056213269334504275,141.86874853560775,15.08913518601156,23.92034705181616
delta0.75__high,0.75,high,1.9,713663764,f9b583925b61c906,"{""COMPUTE"": 331, ""MEMORY"": 283, ""API_CREDITS"": 169, ""DATASET"": 65}","{""COMPUTE"": 2.809667673716012, ""MEMORY"": 2.8409893992932864, ""API_CREDITS"": 2.5088757396449703, ""DATASET"": 3.9384615384615387}",4,36,26,0.528512556769836,0.10628277739242892,0.49289061769806636,0.06590581510574443,154.46549776204813,13.46994109976177,33.09611925119887
delta0.75__high,0.75,high,1.9,756150979,3e5ee6741b1544f5,"{""COMPUTE"": 336, ""MEMORY"": 268, ""API_CREDITS"": 161, ""DATASET"": 35}","{""COMPUTE"": 2.4047619047619047, ""MEMORY"": 2.485074626865672, ""API_CREDITS"": 2.347826086956522, ""DATASET"": 4.114285714285714}",4,30,17,0.32950350276368573,0.1289415902499072,0.4742813323163481,0.0820964179295529,106.35820633894002,10.25247249997424,13.26974285451726
delta0.75__high,0.75,high,1.9,759787730,659121e4e91df6c5,"{""COMPUTE"": 567, ""MEMORY"": 469, ""API_CREDITS"": 273, ""DATASET"": 104}","{""COMPUTE"": 1.3650793650793651, ""MEMORY"": 1.4072494669509594, ""API_CREDITS"": 1.2747252747252746, ""DATASET"": 1.8461538461538463}",4,36,30,0.5789625850322513,0.13796959102242262,0.5542440343039693,0.0905080701943572,178.36772551614607,26.36251920900472,35.53534015769826
delta0.75__high,0.75,high,1.9,779334002,d5567332e3828444,"{""COMPUTE"": 656, ""MEMORY"": 523, ""API_CREDITS"": 314, ""DATASET"": 87}","{""COMPUTE"": 1.6128048780487805, ""MEMORY"": 1.7667304015296368, ""API_CREDITS"": 1.515923566878981, ""DATASET"": 3.67816091954023}",4,41,31,0.49962000575387133,0.11274075835816083,0.5350896724499309,0.0778636226024839,138.16877576762639,29.180584858219678,53.324530009734644
delta0.75__high,0.75,high,1.9,786766500,7a0943500b3c92e6,"{""COMPUTE"": 420, ""MEMORY"": 364, ""API_CREDITS"": 179, ""DATASET"": 125}","{""COMPUTE"": 2.2333333333333334, ""MEMORY"": 2.25, ""API_CREDITS"": 2.35195530726257, ""DATASET"": 2.24}",4,33,21,0.524893545714791,0.06708414377795593,0.5965026242063455,0.040633525836410805,192.49375770267702,26.414594064144733,70.52995005408756
delta0.75__high,0.75,high,1.9,891045433,f4428c936e38df1c,"{""COMPUTE"": 348, ""MEMORY"": 309, ""API_CREDITS"": 154, ""DATASET"": 110}","{""COMPUTE"": 2.0057471264367814, ""MEMORY"": 1.8446601941747574, ""API_CREDITS"": 2.090909090909091, ""DATASET"": 1.018181818181818}",4,34,25,0.5135758352877112,0.0714738630964291,0.5171643818875703,0.047455318348137016,153.44947272514977,13.578298144074212,21.608051162430367
delta0.75__high,0.75,high,1.9,898744256,d6dc5f284479c2e5,"{""COMPUTE"": 499, ""MEMORY"": 385, ""API_CREDITS"": 245, ""DATASET"": 30}","{""COMPUTE"": 1.3066132264529058, ""MEMORY"": 1.3454545454545455, ""API_CREDITS"": 1.363265306122449, ""DATASET"": 1.6}",4,37,24,0.4761860530360354,0.04901629274122542,0.4203394203062498,0.031813717358147954,110.40896128318195,16.12428341584639,19.131966205148593
delta0.75__high,0.75,high,1.9,921012401,b858217582ce5a23,"{""COMPUTE"": 582, ""MEMORY"": 468, ""API_CREDITS"": 267, ""DATASET"": 92}","{""COMPUTE"": 2.0481099656357387, ""MEMORY"": 2.1303418803418803, ""API_CREDITS"": 2.0636704119850187, ""DATASET"": 2.869565217391304}",4,35,28,0.5550286339645778,0.05869262342127026,0.5285245564349438,0.03886924805366638,197.06869986233175,25.743494916381895,30.29084355530068
delta0.75__high,0.75,high,1.9,928131396,efee90a4441516a4,"{""COMPUTE"": 515, ""MEMORY"": 444, ""API_CREDITS"": 241, ""DATASET"": 135}","{""COMPUTE"": 2.015533980582524, ""MEMORY"": 2.029279279279279, ""API_CREDITS"": 1.9709543568464731, ""DATASET"": 2.1925925925925926}",4,32,22,0.5184922219828475,0.048738451493373816,0.5456258686073222,0.03384338467537597,202.86487707206777,41.9684962473739,57.620642429433396
delta0.75__high,0.75,high,1.9,986685360,fb91f214a96e38f3,"{""COMPUTE"": 424, ""MEMORY"": 355, ""API_CREDITS"": 190, ""DATASET"": 93}","{""COMPUTE"": 1.5424528301886793, ""MEMORY"": 1.6028169014084508, ""API_CREDITS"": 1.4052631578947368, ""DATASET"": 2.150537634408602}",4,35,29,0.553910683176567,0.13226070876964166,0.5380489285273158,0.07876415031774762,135.8176798598195,11.514141263259923,48.116356996844274
delta0.75__high,0.75,high,1.9,1040871164,1e268d18a2f6c040,"{""COMPUTE"": 539, ""MEMORY"": 459, ""API_CREDITS"": 265, ""DATASET"": 122}","{""COMPUTE"": 1.7142857142857142, ""MEMORY"": 1.6623093681917211, ""API_CREDITS"": 1.5735849056603775, ""DATASET"": 1.5081967213114753}",4,37,34,0.5867063317305626,0.1185151933477355,0.5447852406649363,0.07374335231700833,155.8284242472631,11.47913163940536,45.852147500652485
delta0.75__high,0.75,high,1.9,1109034924,de6ddcaf81f58088,"{""COMPUTE"": 610, ""MEMORY"": 479, ""API_CREDITS"": 283, ""DATASET"": 71}","{""COMPUTE"": 1.6721311475409837, ""MEMORY"": 1.7995824634655533, ""API_CREDITS"": 1.6607773851590106, ""DATASET"": 3.380281690140845}",4,36,31,0.5670397639241677,0.09313065471444477,0.6485445987684701,0.06618274536450237,155.77783640936977,26.985532641883463,47.27995784551086
delta0.75__high,0.75,high,1.9,1154819737,13f2864e7a6dc570,"{""COMPUTE"": 455, ""MEMORY"": 362, ""API_CREDITS"": 209, ""DATASET"": 58}","{""COMPUTE"": 2.035164835164835, ""MEMORY"": 2.1187845303867405, ""API_CREDITS"": 2.0334928229665072, ""DATASET"": 3.1724137931034484}",4,37,30,0.6216241839608517,0.07591038292051183,0.5422369328069782,0.05680766213742733,159.7638787253699,17.084012170720907,40.48217730024484
delta0.75__high,0.75,high,1.9,1158762883,8517694edb7e6434,"{""COMPUTE"": 444, ""MEMORY"": 360, ""API_CREDITS"": 208, ""DATASET"": 68}","{""COMPUTE"": 2.454954954954955, ""MEMORY"": 2.45, ""API_CREDITS"": 2.4326923076923075, ""DATASET"": 2.588235294117647}",4,40,39,0.7074081821960753,0.0979723574179722,0.5264389186190446,0.06241941595508529,197.4791704923181,15.453709928588689,35.793482842839126
delta0.75__high,0.75,high,1.9,1164103101,dc02b58532373d3c,"{""COMPUTE"": 390, ""MEMORY"": 337, ""API_CREDITS"": 173, ""DATASET"": 106}","{""COMPUTE"": 1.7692307692307692, ""MEMORY"": 1.6735905044510386, ""API_CREDITS"": 1.7109826589595376, ""DATASET"": 1.2075471698113207}",4,37,20,0.4870100846296937,0.1558852453509005,0.4139720721017972,0.11648373798946898,146.5858270917484,19.211012337609123,39.73955457335661
delta0.75__high,0.75,high,1.9,1175015440,9cf4ccf36b7ef722,"{""COMPUTE"": 470, ""MEMORY"": 411, ""API_CREDITS"": 206, ""DATASET"": 144}","{""COMPUTE"": 1.574468085106383, ""MEMORY"": 1.4841849148418491, ""API_CREDITS"": 1.5825242718446602, ""DATASET"": 1.0}",4,36,28,0.5196096870508753,0.10534614730446612,0.5279660689740849,0.06614659590630752,161.20038710823772,25.690748868508006,49.06072388208825
delta0.75__high,0.75,high,1.9,1223536910,7077a2f718b90316,"{""COMPUTE"": 292, ""MEMORY"": 256, ""API_CREDITS"": 120, ""DATASET"": 89}","{""COMPUTE"": 2.4452054794520546, ""MEMORY"": 2.45703125, ""API_CREDITS"": 2.4916666666666667, ""DATASET"": 2.606741573033708}",4,32,23,0.5073113154963732,0.10809210153772163,0.4304647916085982,0.06882438370588953,165.1248942524346,9.533425193802767,53.74243174745944
delta0.75__high,0.75,high,1.9,1272846855,7330c5288bdc9db2,"{""COMPUTE"": 445, ""MEMORY"": 379, ""API_CREDITS"": 197, ""DATASET"": 113}","{""COMPUTE"": 2.4359550561797754, ""MEMORY"": 2.387862796833773, ""API_CREDITS"": 2.553299492385787, ""DATASET"": 2.0530973451327434}",4,34,21,0.47427730604638035,0.04221811291204779,0.42270900113205706,0.027564604738478864,171.5451154681067,17.1405971501552,68.70978473499594
delta0.75__high,0.75,high,1.9,1329904169,ea78fb41acd595ec,"{""COMPUTE"": 358, ""MEMORY"": 294, ""API_CREDITS"": 150, ""DATASET"": 72}","{""COMPUTE"": 2.016759776536313, ""MEMORY"": 1.989795918367347, ""API_CREDITS"": 1.9666666666666666, ""DATASET"": 1.8888888888888888}",4,43,28,0.48350407967841874,0.1621194064510273,0.4934595986903249,0.12007353989217934,109.63479529012791,16.228111931928513,26.61065062859753
delta0.75__high,0.75,high,1.9,1393164231,3cb8fbcf1d177537,"{""COMPUTE"": 332, ""MEMORY"": 297, ""API_CREDITS"": 139, ""DATASET"": 115}","{""COMPUTE"": 2.63855421686747, ""MEMORY"": 2.4444444444444446, ""API_CREDITS"": 2.8633093525179856, ""DATASET"": 1.5304347826086957}",4,36,28,0.6095441660107319,0.08082903727553101,0.5254322643185999,0.05325211353914891,152.891459941639,16.98506612430606,42.76551629274905
delta0.75__high,0.75,high,1.9,1397601319,4884fbee9418bf0d,"{""COMPUTE"": 537, ""MEMORY"": 414, ""API_CREDITS"": 256, ""DATASET"": 39}","{""COMPUTE"": 1.1843575418994414, ""MEMORY"": 1.3043478260869565, ""API_CREDITS"": 1.046875, ""DATASET"": 4.102564102564102}",4,41,32,0.5795416615805168,0.14987806311141746,0.569517498271575,0.10409379831757463,149.29832902865428,19.4201164456851,50.937345284728934
delta0.75__high,0.75,high,1.9,1414408149,a3f48d9b12920ea7,"{""COMPUTE"": 313, ""MEMORY"": 280, ""API_CREDITS"": 122, ""DATASET"": 113}","{""COMPUTE"": 2.856230031948882, ""MEMORY"": 2.75, ""API_CREDITS"": 3.3278688524590163, ""DATASET"": 2.1238938053097347}",4,35,24,0.5599864278261335,0.07980341806170209,0.5896199834208811,0.04814829337913842,180.9543263228696,13.939850796272717,60.667213851795395
delta0.75__high,0.75,high,1.9,1443238425,4020448c528d40b9,"{""COMPUTE"": 380, ""MEMORY"": 320, ""API_CREDITS"": 165, ""DATASET"": 90}","{""COMPUTE"": 2.136842105263158, ""MEMORY"": 2.028125, ""API_CREDITS"": 2.296969696969697, ""DATASET"": 1.1555555555555554}",4,40,17,0.30561823282271394,0.13183760683760684,0.23491451859827503,0.08738242984818327,94.85750832620074,6.895199154833658,33.696487626797854
delta0.75__high,0.75,high,1.9,1446854669,fec45771bfbc9442,"{""COMPUTE"": 280, ""MEMORY"": 249, ""API_CREDITS"": 107, ""DATASET"": 100}","{""COMPUTE"": 2.7714285714285714, ""MEMORY"": 2.7429718875502007, ""API_CREDITS"": 3.1121495327102804, ""DATASET"": 2.48}",4,37,36,0.6363331238809364,0.09361192588006198,0.6009608779527906,0.06449476980088432,169.22000333916026,21.639464197940896,54.15551989904454
delta0.75__high,0.75,high,1.9,1474233831,9f6dd1d713510c06,"{""COMPUTE"": 382, ""MEMORY"": 327, ""API_CREDITS"": 166, ""DATASET"": 101}","{""COMPUTE"": 1.8638743455497382, ""MEMORY"": 1.8990825688073394, ""API_CREDITS"": 1.9457831325301205, ""DATASET"": 1.9801980198019802}",4,32,26,0.6004705813462999,0.12113604417010769,0.5064703545043042,0.07039651782961166,145.02145018775295,11.148551022575868,60.21176036130576
delta0.75__high,0.75,high,1.9,1476169622,b7a31f35734aa63e,"{""COMPUTE"": 253, ""MEMORY"": 217, ""API_CREDITS"": 126, ""DATASET"": 49}","{""COMPUTE"": 3.391304347826087, ""MEMORY"": 3.216589861751152, ""API_CREDITS"": 3.4444444444444446, ""DATASET"": 2.2857142857142856}",4,38,21,0.40042873017877695,0.05894968828341471,0.38583009619365205,0.039946389924279076,149.40796794864653,20.63005792822059,35.18061024706065
delta0.75__high,0.75,high,1.9,1515534678,227881c3ea581e90,"{""COMPUTE"": 435, ""MEMORY"": 359, ""API_CREDITS"": 218, ""DATASET"": 67}","{""COMPUTE"": 1.549425287356322, ""MEMORY"": 1.6128133704735377, ""API_CREDITS"": 1.5091743119266054, ""DATASET"": 2.2686567164179103}",4,43,31,0.5459336762516667,0.10341437593385884,0.4384200704259374,0.0687168036980083,185.9868401113923,6.431355218918526,39.55493045873561
delta0.75__high,0.75,high,1.9,1538028730,fb1cc31d68e7519f,"{""COMPUTE"": 436, ""MEMORY"": 368, ""API_CREDITS"": 211, ""DATASET"": 90}","{""COMPUTE"": 2.055045871559633, ""MEMORY"": 1.9592391304347827, ""API_CREDITS"": 2.137440758293839, ""DATASET"": 1.1555555555555554}",4,37,26,0.5492634864896345,0.039239361727188754,0.4915051894000116,0.024065077324414222,127.20090233375446,8.50491967589725,30.502062124347617
delta0.75__high,0.75,high,1.9,1607564961,b6a51756e43d887a,"{""COMPUTE"": 390, ""MEMORY"": 339, ""API_CREDITS"": 168, ""DATASET"": 115}","{""COMPUTE"": 1.564102564102564, ""MEMORY"": 1.6194690265486726, ""API_CREDITS"": 1.3988095238095237, ""DATASET"": 2.017391304347826}",4,35,20,0.4612198441055093,0.12864973050440828,0.47398735139536746,0.08434806420136738,126.77027223800296,15.441959793959498,65.94306663838448
delta0.75__high,0.75,high,1.9,1647295192,317ed490a1645ef9,"{""COMPUTE"": 531, ""MEMORY"": 451, ""API_CREDITS"": 231, ""DATASET"": 141}","{""COMPUTE"": 1.6836158192090396, ""MEMORY"": 1.6541019955654102, ""API_CREDITS"": 1.844155844155844, ""DATASET"": 1.24822695035461}",4,38,35,0.6879052197580707,0.0387309665734502,0.7107423397581788,0.024661814320114012,216.20691050802483,26.898595235762695,75.16184449426476
delta0.75__high,0.75,high,1.9,1680529007,fd5acb8fd7c418bc,"{""COMPUTE"": 427, ""MEMORY"": 340, ""API_CREDITS"": 190, ""DATASET"": 60}","{""COMPUTE"": 1.6627634660421546, ""MEMORY"": 1.8294117647058823, ""API_CREDITS"": 1.6736842105263159, ""DATASET"": 3.466666666666667}",4,34,26,0.5662277720950919,0.11221119355691184,0.528131604143673,0.07221430491325961,116.19040836622214,17.14705279359215,50.61001536161294
delta0.75__high,0.75,high,1.9,1683037842,5838b32971f31413,"{""COMPUTE"": 332, ""MEMORY"": 293, ""API_CREDITS"": 147, ""DATASET"": 101}","{""COMPUTE"": 2.4457831325301207, ""MEMORY"": 2.4470989761092152, ""API_CREDITS"": 2.3877551020408165, ""DATASET"": 2.613861386138614}",4,35,28,0.5169359181469705,0.11679935905978607,0.4963349169436513,0.07266500995165966,211.7032840787193,23.12267835603536,74.06925594771725
delta0.75__high,0.75,high,1.9,1684113726,cd985707b2af3430,"{""COMPUTE"": 532, ""MEMORY"": 473, ""API_CREDITS"": 232, ""DATASET"": 182}","{""COMPUTE"": 2.0, ""MEMORY"": 1.894291754756871, ""API_CREDITS"": 2.0517241379310347, ""DATASET"": 1.4065934065934067}",4,32,15,0.2933460225139176,0.12294160242053577,0.38403411233801577,0.07511614270957775,82.53790286764938,13.940109302634633,37.93830506461418
delta0.75__high,0.75,high,1.9,1723470144,9b6d38e74b170b4f,"{""COMPUTE"": 543, ""MEMORY"": 475, ""API_CREDITS"": 252, ""DATASET"": 159}","{""COMPUTE"": 1.7974217311233887, ""MEMORY"": 1.7621052631578948, ""API_CREDITS"": 1.7261904761904763, ""DATASET"": 1.6603773584905661}",4,37,34,0.6547198631877479,0.10010929573858636,0.6119166737570293,0.05941717388609074,241.9575468355872,13.509818417514323,72.23898969288136
delta0.75__high,0.75,high,1.9,1746522117,e00cef30cbf2425d,"{""COMPUTE"": 374, ""MEMORY"": 316, ""API_CREDITS"": 172, ""DATASET"": 82}","{""COMPUTE"": 1.8770053475935828, ""MEMORY"": 1.8417721518987342, ""API_CREDITS"": 1.7790697674418605, ""DATASET"": 1.7560975609756098}",4,33,24,0.5157552739625549,0.1570484925386886,0.5074928150629862,0.11711613247560959,92.51610500519234,13.446055779690758,33.9466113384183
delta0.75__high,0.75,high,1.9,1761268421,6c3e2ce6e8350962,"{""COMPUTE"": 512, ""MEMORY"": 431, ""API_CREDITS"": 235, ""DATASET"": 116}","{""COMPUTE"": 2.03515625, ""MEMORY"": 1.9048723897911832, ""API_CREDITS"": 2.157446808510638, ""DATASET"": 0.896551724137931}",4,33,28,0.5560674043760071,0.034937687554292024,0.5124997418461549,0.020656447219918914,178.11090264963926,23.659762961499098,65.9903082623718
delta0.75__high,0.75,high,1.9,1851037281,7cc861d2369ea4e4,"{""COMPUTE"": 532, ""MEMORY"": 443, ""API_CREDITS"": 247, ""DATASET"": 111}","{""COMPUTE"": 1.4774436090225564, ""MEMORY"": 1.4853273137697518, ""API_CREDITS"": 1.4008097165991902, ""DATASET"": 1.5855855855855856}",4,34,28,0.5683096176601498,0.14251098224490524,0.5167593921693651,0.09436755854829987,169.6030528506845,10.955984411342301,27.879764772539318
delta0.75__high,0.75,high,1.9,1867081647,cc7284bba9775799,"{""COMPUTE"": 407, ""MEMORY"": 369, ""API_CREDITS"": 169, ""DATASET"": 157}","{""COMPUTE"": 2.3685503685503684, ""MEMORY"": 2.168021680216802, ""API_CREDITS"": 2.6508875739644973, ""DATASET"": 1.2229299363057324}",4,33,26,0.6131985555098501,0.09543491474475578,0.46049114843033784,0.06152746318186853,254.49301852980815,25.03790510106209,52.91172125071137
delta0.75__high,0.75,high,1.9,1880620535,6050af516d81e6b4,"{""COMPUTE"": 488, ""MEMORY"": 411, ""API_CREDITS"": 232, ""DATASET"": 105}","{""COMPUTE"": 1.860655737704918, ""MEMORY"": 1.8905109489051095, ""API_CREDITS"": 1.7887931034482758, ""DATASET"": 2.2095238095238097}",4,41,25,0.4234474066727442,0.0756616586028351,0.3902078881147779,0.04736528850268859,164.23608026064997,20.411324946695824,23.85435305222984
delta0.75__high,0.75,high,1.9,1935876427,acda8a5caed23618,"{""COMPUTE"": 449, ""MEMORY"": 408, ""API_CREDITS"": 183, ""DATASET"": 178}","{""COMPUTE"": 1.8440979955456571, ""MEMORY"": 1.6642156862745099, ""API_CREDITS"": 2.0382513661202184, ""DATASET"": 0.8539325842696629}",4,35,33,0.6955309272028855,0.0829626990994601,0.6566709868881474,0.054786240032168594,223.12984052238343,10.497875976983616,59.129300466358586
delta0.75__high,0.75,high,1.9,1943200581,a2c256ad0b829799,"{""COMPUTE"": 340, ""MEMORY"": 298, ""API_CREDITS"": 150, ""DATASET"": 99}","{""COMPUTE"": 2.7941176470588234, ""MEMORY"": 2.577181208053691, ""API_CREDITS"": 2.8266666666666667, ""DATASET"": 1.6161616161616161}",4,38,35,0.642063572505713,0.09762381571130657,0.6099498909137787,0.06727026586030972,195.64308015767665,19.56898556453434,40.90431987698097
delta0.75__high,0.75,high,1.9,1957258698,406d49f5edb6cb2e,"{""COMPUTE"": 361, ""MEMORY"": 317, ""API_CREDITS"": 149, ""DATASET"": 115}","{""COMPUTE"": 2.221606648199446, ""MEMORY"": 2.186119873817035, ""API_CREDITS"": 2.302013422818792, ""DATASET"": 2.017391304347826}",4,37,34,0.6742040699760713,0.1007449018270164,0.5678244997458092,0.061388652728491526,215.565399741624,24.35441578076758,70.97683415845371
delta0.75__high,0.75,high,1.9,2000676221,e2cce76de4ad1bea,"{""COMPUTE"": 606, ""MEMORY"": 500, ""API_CREDITS"": 292, ""DATASET"": 111}","{""COMPUTE"": 1.7821782178217822, ""MEMORY"": 1.806, ""API_CREDITS"": 1.797945205479452, ""DATASET"": 1.945945945945946}",4,38,23,0.41702691909440187,0.0706654191066658,0.47817881031751924,0.04125847972020009,143.52132023604267,27.208381839261403,59.854446291720926
delta0.75__high,0.75,high,1.9,2071520222,f3f38b064c422f1e,"{""COMPUTE"": 423, ""MEMORY"": 365, ""API_CREDITS"": 201, ""DATASET"": 107}","{""COMPUTE"": 2.0567375886524824, ""MEMORY"": 1.9726027397260273, ""API_CREDITS"": 2.0497512437810945, ""DATASET"": 1.4953271028037383}",4,39,36,0.6463275892069312,0.1034347743744664,0.5245097291545947,0.0650582364933239,231.8999022222271,32.42980516939409,44.58184645056025
delta0.75__high,0.75,high,1.9,2104789822,b964e1c024c828aa,"{""COMPUTE"": 496, ""MEMORY"": 418, ""API_CREDITS"": 228, ""DATASET"": 113}","{""COMPUTE"": 1.8588709677419355, ""MEMORY"": 1.8660287081339713, ""API_CREDITS"": 2.0, ""DATASET"": 1.6991150442477876}",4,39,27,0.5470476493333617,0.06071783035051519,0.5148475662703685,0.038666934791838636,175.03070976892286,32.96311610311895,45.43801333874496
delta0.75__high,0.75,high,1.9,2175919960,ed0b0d4cd5a25f7d,"{""COMPUTE"": 605, ""MEMORY"": 509, ""API_CREDITS"": 290, ""DATASET"": 131}","{""COMPUTE"": 2.0264462809917356, ""MEMORY"": 2.0, ""API_CREDITS"": 2.0344827586206895, ""DATASET"": 1.83206106870229}",4,36,19,0.4612045619240926,0.039417338860607255,0.4737804807637791,0.027403164402950795,163.49675947145548,15.616154433613692,45.490585217677854
delta0.75__high,0.75,high,1.9,2187181276,8011f5b0905972ca,"{""COMPUTE"": 329, ""MEMORY"": 293, ""API_CREDITS"": 144, ""DATASET"": 106}","{""COMPUTE"": 1.872340425531915, ""MEMORY"": 1.651877133105802, ""API_CREDITS"": 2.1944444444444446, ""DATASET"": 0.3018867924528302}",4,33,32,0.7066669681556532,0.032702763355556004,0.48123794455965546,0.021802887294910228,155.4557323099256,13.651648677559942,48.463126582187755
delta0.75__high,0.75,high,1.9,2201730498,51af0606390057ec,"{""COMPUTE"": 477, ""MEMORY"": 413, ""API_CREDITS"": 229, ""DATASET"": 124}","{""COMPUTE"": 2.3144654088050314, ""MEMORY"": 2.188861985472155, ""API_CREDITS"": 2.2882096069868996, ""DATASET"": 1.5483870967741935}",4,32,20,0.49664945493343676,0.0467993353319467,0.453832474680029,0.03084056037675113,135.71701925586328,18.471112687259563,46.5313288312743
delta0.75__high,0.75,high,1.9,2207070483,e5cf0823f505ef51,"{""COMPUTE"": 482, ""MEMORY"": 393, ""API_CREDITS"": 236, ""DATASET"": 72}","{""COMPUTE"": 2.091286307053942, ""MEMORY"": 2.0381679389312977, ""API_CREDITS"": 2.1313559322033897, ""DATASET"": 1.4444444444444444}",4,31,26,0.6311932436344555,0.03203652438164498,0.517047835783932,0.019847706526815053,168.6968503151158,11.846177046554246,57.14904968565613
delta0.75__high,0.75,high,1.9,2218791610,6293479112bd4006,"{""COMPUTE"": 545, ""MEMORY"": 421, ""API_CREDITS"": 258, ""DATASET"": 42}","{""COMPUTE"": 1.8678899082568807, ""MEMORY"": 2.004750593824228, ""API_CREDITS"": 1.8914728682170543, ""DATASET"": 4.571428571428571}",4,39,31,0.5271014525051486,0.05740779254032267,0.5622695602535255,0.03582610938797592,136.49478774093677,22.232718853356328,40.98120499599116
delta0.75__high,0.75,high,1.9,2245371449,f1310a2fbd3fc6b0,"{""COMPUTE"": 452, ""MEMORY"": 388, ""API_CREDITS"": 196, ""DATASET"": 124}","{""COMPUTE"": 2.1327433628318584, ""MEMORY"": 2.1237113402061856, ""API_CREDITS"": 2.183673469387755, ""DATASET"": 2.064516129032258}",4,38,34,0.5629327163970089,0.10119314921142328,0.5266222313815497,0.06099020800677805,196.65892361895115,21.546746227407994,79.96497603258574
delta0.75__high,0.75,high,1.9,2264376108,14c6ef9c7615425f,"{""COMPUTE"": 545, ""MEMORY"": 437, ""API_CREDITS"": 250, ""DATASET"": 81}","{""COMPUTE"": 1.41651376146789, ""MEMORY"": 1.4897025171624714, ""API_CREDITS"": 1.348, ""DATASET"": 2.271604938271605}",4,39,31,0.5224254014317781,0.15246594225502766,0.43641030657884294,0.11134621146151676,157.87559562780294,15.913539660395074,26.136952711525215
delta0.75__high,0.75,high,1.9,2278610062,77ccb8df98248534,"{""COMPUTE"": 597, ""MEMORY"": 510, ""API_CREDITS"": 291, ""DATASET"": 141}","{""COMPUTE"": 1.4472361809045227, ""MEMORY"": 1.4176470588235295, ""API_CREDITS"": 1.3642611683848798, ""DATASET"": 1.3049645390070923}",4,34,28,0.5558936989871147,0.09888018160406059,0.49909393584568207,0.0715971776136373,170.43836327868138,14.024416575096419,30.93692719345258
delta0.75__high,0.75,high,1.9,2305903047,edcf21be5dfa39a6,"{""COMPUTE"": 445, ""MEMORY"": 371, ""API_CREDITS"": 192, ""DATASET"": 101}","{""COMPUTE"": 1.698876404494382, ""MEMORY"": 1.6873315363881403, ""API_CREDITS"": 1.8020833333333333, ""DATASET"": 1.4257425742574257}",4,38,31,0.5741105673588932,0.1058638494923661,0.526197064296326,0.06738475620082612,180.37228385308234,13.698403058036684,25.191167414371083
delta0.75__high,0.75,high,1.9,2313044508,5df4ad30e633fd7b,"{""COMPUTE"": 420, ""MEMORY"": 348, ""API_CREDITS"": 178, ""DATASET"": 92}","{""COMPUTE"": 2.3476190476190477, ""MEMORY"": 2.3793103448275863, ""API_CREDITS"": 2.764044943820225, ""DATASET"": 2.0869565217391304}",4,40,31,0.5548971498786732,0.057447407888592414,0.5084598569631605,0.0364485862192403,126.26298817758783,15.356310629986837,29.2083152326403
delta0.75__high,0.75,high,1.9,2313893183,f9c3a41be09ff896,"{""COMPUTE"": 570, ""MEMORY"": 455, ""API_CREDITS"": 274, ""DATASET"": 73}","{""COMPUTE"": 1.7403508771929825, ""MEMORY"": 1.789010989010989, ""API_CREDITS"": 1.7007299270072993, ""DATASET"": 2.410958904109589}",4,39,36,0.6184046750692006,0.07825076329875161,0.5920516653615162,0.04677174333778896,206.09249120167507,16.225186924967886,54.120967701555124
delta0.75__high,0.75,high,1.9,2323336231,4e83ae31a5a40b8a,"{""COMPUTE"": 460, ""MEMORY"": 381, ""API_CREDITS"": 192, ""DATASET"": 104}","{""COMPUTE"": 2.0695652173913044, ""MEMORY"": 2.1181102362204722, ""API_CREDITS"": 2.359375, ""DATASET"": 2.076923076923077}",4,30,26,0.5880934632619493,0.10033135234224642,0.4698952447843614,0.06119606059415311,168.23183710441978,20.00773264158752,43.19081845568062
delta0.75__high,0.75,high,1.9,2340911682,ebc0d1aa2f22935e,"{""COMPUTE"": 379, ""MEMORY"": 308, ""API_CREDITS"": 158, ""DATASET"": 72}","{""COMPUTE"": 2.2005277044854883, ""MEMORY"": 2.1493506493506493, ""API_CREDITS"": 2.6202531645569622, ""DATASET"": 1.1111111111111112}",4,35,25,0.5099801064844737,0.044217416627316916,0.4830274678482464,0.030805214164347294,115.22044428775881,12.463346038118145,50.067409736931864
delta0.75__high,0.75,high,1.9,2341361004,8f3b254b9268f3ed,"{""COMPUTE"": 558, ""MEMORY"": 453, ""API_CREDITS"": 267, ""DATASET"": 87}","{""COMPUTE"": 1.5878136200716846, ""MEMORY"": 1.7086092715231789, ""API_CREDITS"": 1.445692883895131, ""DATASET"": 3.1264367816091956}",4,28,27,0.6814429829402348,0.04842685877775274,0.5695294640347132,0.03257942158608874,204.5684924793196,27.372265991994396,66.65404682512663
delta0.75__high,0.75,high,1.9,2359336968,e073a4814d5768ab,"{""COMPUTE"": 482, ""MEMORY"": 399, ""API_CREDITS"": 241, ""DATASET"": 80}","{""COMPUTE"": 1.7593360995850622, ""MEMORY"": 1.786967418546366, ""API_CREDITS"": 1.7219917012448134, ""DATASET"": 2.1}",4,35,30,0.5473653425414339,0.05673490221585415,0.5855483966574485,0.03434311470094662,177.5577538304822,32.42734343699296,53.52144948136703
delta0.75__high,0.75,high,1.9,2364012430,87d169c6c66bd27d,"{""COMPUTE"": 546, ""MEMORY"": 441, ""API_CREDITS"": 250, ""DATASET"": 87}","{""COMPUTE"": 1.5054945054945055, ""MEMORY"": 1.5804988662131518, ""API_CREDITS"": 1.468, ""DATASET"": 2.2988505747126435}",4,35,32,0.6295091965718322,0.1280047348752459,0.5781307038945213,0.08647858771094026,155.81294682854258,12.489674816388126,39.19121138027864
delta0.75__high,0.75,high,1.9,2387674784,07305d10a5c6700f,"{""COMPUTE"": 443, ""MEMORY"": 367, ""API_CREDITS"": 202, ""DATASET"": 87}","{""COMPUTE"": 1.9909706546275394, ""MEMORY"": 2.087193460490463, ""API_CREDITS"": 1.8316831683168318, ""DATASET"": 3.1264367816091956}",4,36,35,0.6094170548365431,0.10039015346862769,0.5689780705474358,0.06266710234125582,177.92164921480298,27.48491915481719,51.79701906026031
delta0.75__high,0.75,high,1.9,2460794327,9fd01be5feb741e0,"{""COMPUTE"": 527, ""MEMORY"": 414, ""API_CREDITS"": 240, ""DATASET"": 62}","{""COMPUTE"": 1.6963946869070208, ""MEMORY"": 1.7777777777777777, ""API_CREDITS"": 1.75, ""DATASET"": 2.5806451612903225}",4,39,23,0.3203464028887039,0.07472341827736764,0.4920543842509251,0.04846773146376018,97.19642869852184,14.680851169100507,42.31938167072217
delta0.75__high,0.75,high,1.9,2465060907,9fc499056ebe8272,"{""COMPUTE"": 288, ""MEMORY"": 259, ""API_CREDITS"": 108, ""DATASET"": 108}","{""COMPUTE"": 2.8125, ""MEMORY"": 2.586872586872587, ""API_CREDITS"": 3.574074074074074, ""DATASET"": 1.3333333333333333}",4,34,30,0.6827636277251578,0.04155705307803441,0.5458823831422467,0.025856696837662035,214.95619838511527,31.773258322829097,64.97559872214202
delta0.75__high,0.75,high,1.9,2479492459,67359dabcde82235,"{""COMPUTE"": 512, ""MEMORY"": 415, ""API_CREDITS"": 235, ""DATASET"": 82}","{""COMPUTE"": 1.5859375, ""MEMORY"": 1.5180722891566265, ""API_CREDITS"": 1.7106382978723405, ""DATASET"": 0.5853658536585366}",4,36,24,0.36970554200260386,0.03314620597362019,0.4969125781325359,0.02091771529079978,95.5812163650162,19.505657209389685,44.032502966201456
delta0.75__high,0.75,high,1.9,2555635641,c7932d332a1d6fc5,"{""COMPUTE"": 411, ""MEMORY"": 359, ""API_CREDITS"": 185, ""DATASET"": 120}","{""COMPUTE"": 2.287104622871046, ""MEMORY"": 2.2089136490250696, ""API_CREDITS"": 2.2216216216216216, ""DATASET"": 1.9333333333333333}",4,37,24,0.38236794713765154,0.12786481262196073,0.37254096723561947,0.08375630512616988,96.76835042951092,8.123094843983003,22.733105352307632
delta0.75__high,0.75,high,1.9,2557315479,281a6059bff45ca5,"{""COMPUTE"": 478, ""MEMORY"": 389, ""API_CREDITS"": 215, ""DATASET"": 84}","{""COMPUTE"": 2.1338912133891212, ""MEMORY"": 2.102827763496144, ""API_CREDITS"": 2.2232558139534886, ""DATASET"": 1.7142857142857142}",4,34,26,0.535153007653167,0.04627572993021499,0.5572722403092487,0.030070412460131923,157.74588333008535,11.55790597710957,67.0209947894892
delta0.75__high,0.75,high,1.9,2582895085,b8347c53254cd4fd,"{""COMPUTE"": 299, ""MEMORY"": 263, ""API_CREDITS"": 117, ""DATASET"": 99}","{""COMPUTE"": 3.8327759197324416, ""MEMORY"": 3.4980988593155895, ""API_CREDITS"": 4.683760683760684, ""DATASET"": 1.6161616161616161}",4,38,32,0.5837489629135882,0.04257023780054443,0.47129628504092813,0.032647140732686854,237.29159623375236,31.4370563140774,43.87633370841889
delta0.75__high,0.75,high,1.9,2615816904,47cdbc997814a497,"{""COMPUTE"": 402, ""MEMORY"": 336, ""API_CREDITS"": 201, ""DATASET"": 71}","{""COMPUTE"": 2.3333333333333335, ""MEMORY"": 2.3095238095238093, ""API_CREDITS"": 2.308457711442786, ""DATASET"": 2.2535211267605635}",4,29,29,0.7460521159704614,0.07334415009504863,0.5333230826201782,0.0448119825742359,219.53888692956113,19.85738069049338,99.67357390556889
delta0.75__high,0.75,high,1.9,2641268422,7d3a9e4389efe263,"{""COMPUTE"": 401, ""MEMORY"": 350, ""API_CREDITS"": 179, ""DATASET"": 116}","{""COMPUTE"": 2.029925187032419, ""MEMORY"": 1.9742857142857142, ""API_CREDITS"": 1.905027932960894, ""DATASET"": 1.8620689655172413}",4,39,32,0.5422347350762876,0.12502159956281536,0.5802130538467244,0.08390839481769917,131.7566316375314,12.10979014223525,49.091029428107284
delta0.75__high,0.75,high,1.9,2650780455,87997f6167ba9e82,"{""COMPUTE"": 341, ""MEMORY"": 289, ""API_CREDITS"": 157, ""DATASET"": 74}","{""COMPUTE"": 2.3636363636363638, ""MEMORY"": 2.4602076124567476, ""API_CREDITS"": 2.3248407643312103, ""DATASET"": 3.3513513513513513}",4,34,23,0.5983801452420378,0.11767121131379067,0.5761705348886104,0.08212909567961595,233.15396976075166,13.956738831020298,74.84316871148341
delta0.75__high,0.75,high,1.9,2659608022,e33f7d02b6d27bfd,"{""COMPUTE"": 461, ""MEMORY"": 394, ""API_CREDITS"": 211, ""DATASET"": 116}","{""COMPUTE"": 1.822125813449024, ""MEMORY"": 1.8071065989847717, ""API_CREDITS"": 1.8578199052132702, ""DATASET"": 1.6551724137931034}",4,29,17,0.5011994810724111,0.11087957157078174,0.4667246002977023,0.07255805413595066,190.96227914610782,17.971552214196745,64.4622791461078
delta0.75__high,0.75,high,1.9,2662675958,e39a6de1e91c9545,"{""COMPUTE"": 474, ""MEMORY"": 393, ""API_CREDITS"": 245, ""DATASET"": 74}","{""COMPUTE"": 1.4767932489451476, ""MEMORY"": 1.5725190839694656, ""API_CREDITS"": 1.3142857142857143, ""DATASET"": 2.810810810810811}",4,33,27,0.589871703018524,0.11953959919147164,0.4588674240141682,0.07760547221728083,243.00572513252428,29.295817860642515,34.140188849549524
delta0.75__high,0.75,high,1.9,2673731007,aa2e50a81c397aa8,"{""COMPUTE"": 462, ""MEMORY"": 373, ""API_CREDITS"": 240, ""DATASET"": 50}","{""COMPUTE"": 2.264069264069264, ""MEMORY"": 2.3136729222520107, ""API_CREDITS"": 2.120833333333333, ""DATASET"": 3.68}",4,37,23,0.416756576623623,0.06470060610020613,0.4059907283511885,0.04138600115373676,130.6748838105283,19.094999082578827,28.942165743945495
delta0.75__high,0.75,high,1.9,2689934569,09dd6b9f8ec8bc54,"{""COMPUTE"": 437, ""MEMORY"": 357, ""API_CREDITS"": 201, ""DATASET"": 74}","{""COMPUTE"": 1.77116704805492, ""MEMORY"": 1.792717086834734, ""API_CREDITS"": 1.671641791044776, ""DATASET"": 2.1621621621621623}",4,41,19,0.43317664556348734,0.14974111676796378,0.41810250292309364,0.10545759982444754,113.48653305489324,9.049892674476236,25.964401201784245
delta0.75__high,0.75,high,1.9,2709531232,488414a7072cefb6,"{""COMPUTE"": 503, ""MEMORY"": 427, ""API_CREDITS"": 228, ""DATASET"": 123}","{""COMPUTE"": 2.003976143141153, ""MEMORY"": 2.0562060889929743, ""API_CREDITS"": 1.956140350877193, ""DATASET"": 2.4715447154471546}",4,36,28,0.5198436155132184,0.0723087576739012,0.4585139288434827,0.04414385285032354,206.519108263012,15.649079139692917,49.66833457808229
delta0.75__high,0.75,high,1.9,2732825905,eafb6a887070a8a9,"{""COMPUTE"": 489, ""MEMORY"": 408, ""API_CREDITS"": 230, ""DATASET"": 98}","{""COMPUTE"": 1.4192229038854807, ""MEMORY"": 1.392156862745098, ""API_CREDITS"": 1.4956521739130435, ""DATASET"": 0.9795918367346939}",4,34,29,0.6023819413014958,0.09542305413288524,0.6621843461649751,0.06389880607725187,160.03927548260646,17.32967346233772,38.52011389841095
delta0.75__high,0.75,high,1.9,2788397956,359fccdb6dd40ed6,"{""COMPUTE"": 422, ""MEMORY"": 339, ""API_CREDITS"": 222, ""DATASET"": 39}","{""COMPUTE"": 2.251184834123223, ""MEMORY"": 2.2831858407079646, ""API_CREDITS"": 2.081081081081081, ""DATASET"": 3.6923076923076925}",4,35,30,0.6498458446844302,0.08341943838706717,0.5532542222327107,0.05050110656870521,197.73999283661968,18.817782824058956,45.533129924077436
delta0.75__high,0.75,high,1.9,2790330942,3456e9b5f1bbf7a8,"{""COMPUTE"": 474, ""MEMORY"": 391, ""API_CREDITS"": 211, ""DATASET"": 95}","{""COMPUTE"": 1.6962025316455696, ""MEMORY"": 1.721227621483376, ""API_CREDITS"": 1.7582938388625593, ""DATASET"": 1.768421052631579}",4,38,28,0.42079092030385556,0.07428965023505087,0.670063954089643,0.053643431561592105,82.20033601362259,20.49393659041076,43.22990270237998
delta0.75__high,0.75,high,1.9,2803227013,d567e5919e049da8,"{""COMPUTE"": 467, ""MEMORY"": 363, ""API_CREDITS"": 219, ""DATASET"": 39}","{""COMPUTE"": 1.5546038543897216, ""MEMORY"": 1.6887052341597797, ""API_CREDITS"": 1.4748858447488584, ""DATASET"": 4.3076923076923075}",4,33,33,0.6733754516136955,0.1249829364562579,0.6138915681736594,0.07951928407582722,180.57730099204377,22.615328299094283,34.90573778200608
delta0.75__high,0.75,high,1.9,2834917450,02ccd3c10e580ceb,"{""COMPUTE"": 447, ""MEMORY"": 371, ""API_CREDITS"": 194, ""DATASET"": 96}","{""COMPUTE"": 1.6241610738255035, ""MEMORY"": 1.5606469002695418, ""API_CREDITS"": 1.7371134020618557, ""DATASET"": 0.9166666666666666}",4,39,21,0.4527493301372582,0.11333813137323423,0.4453500787827147,0.07450328871624855,142.60906827572774,16.14022803544815,35.34750371284341
delta0.75__high,0.75,high,1.9,2884304410,f942a857a4b832b4,"{""COMPUTE"": 642, ""MEMORY"": 547, ""API_CREDITS"": 314, ""DATASET"": 151}","{""COMPUTE"": 1.6947040498442367, ""MEMORY"": 1.6435100548446069, ""API_CREDITS"": 1.7356687898089171, ""DATASET"": 1.218543046357616}",4,37,27,0.5736042130557326,0.042145080594358876,0.5036798879992558,0.027965983940322358,234.19873556328375,31.534139030309337,18.69251923926431
delta0.75__high,0.75,high,1.9,2899573342,6f28023e14e072e5,"{""COMPUTE"": 409, ""MEMORY"": 360, ""API_CREDITS"": 164, ""DATASET"": 140}","{""COMPUTE"": 1.8973105134474328, ""MEMORY"": 1.7472222222222222, ""API_CREDITS"": 2.042682926829268, ""DATASET"": 0.9714285714285714}",4,36,29,0.5142330888528203,0.06860917225484692,0.608901765909207,0.044341941511529565,110.28398256780444,17.189240009001356,19.39099220441086
delta0.75__high,0.75,high,1.9,2933419437,7c43f8462febc839,"{""COMPUTE"": 434, ""MEMORY"": 362, ""API_CREDITS"": 209, ""DATASET"": 81}","{""COMPUTE"": 2.0, ""MEMORY"": 2.046961325966851, ""API_CREDITS"": 2.0047846889952154, ""DATASET"": 2.4691358024691357}",4,31,18,0.41050404355872744,0.07934482671324776,0.43795666074050654,0.051347479448983206,107.65299246453458,9.678973852468705,48.690508623986375
delta0.75__high,0.75,high,1.9,2952553515,6420da21c69d9a9d,"{""COMPUTE"": 496, ""MEMORY"": 396, ""API_CREDITS"": 213, ""DATASET"": 79}","{""COMPUTE"": 1.9112903225806452, ""MEMORY"": 1.9671717171717171, ""API_CREDITS"": 1.9953051643192488, ""DATASET"": 2.329113924050633}",4,34,21,0.5548751333047461,0.09636697809919172,0.4742160101915409,0.06761508713566364,184.6926887503523,18.602095296156268,43.94606439201977
delta0.75__high,0.75,high,1.9,2955940172,9b828eec179e52e2,"{""COMPUTE"": 477, ""MEMORY"": 403, ""API_CREDITS"": 215, ""DATASET"": 114}","{""COMPUTE"": 1.610062893081761, ""MEMORY"": 1.6451612903225807, ""API_CREDITS"": 1.5488372093023255, ""DATASET"": 1.894736842105263}",4,34,26,0.5896237693395797,0.14781115315789972,0.45607136971455864,0.09930055301357148,177.32077408084896,17.400993213660065,30.86080660132905
delta0.75__high,0.75,high,1.9,2981583208,bb9d926e0951800b,"{""COMPUTE"": 592, ""MEMORY"": 491, ""API_CREDITS"": 300, ""DATASET"": 101}","{""COMPUTE"": 1.6486486486486487, ""MEMORY"": 1.6965376782077393, ""API_CREDITS"": 1.5566666666666666, ""DATASET"": 2.297029702970297}",4,30,16,0.4480855289522159,0.06201159145171782,0.48299997089034785,0.03744663233452004,107.74787713121601,19.60018778986461,56.74886201714676
delta0.75__high,0.75,high,1.9,2985129291,7f0268e332c848bd,"{""COMPUTE"": 423, ""MEMORY"": 343, ""API_CREDITS"": 186, ""DATASET"": 72}","{""COMPUTE"": 2.2080378250591015, ""MEMORY"": 2.239067055393586, ""API_CREDITS"": 2.4086021505376345, ""DATASET"": 2.2222222222222223}",4,36,33,0.6644672055685589,0.06185668470286664,0.6452893580393244,0.03879205327278035,165.08825207964728,24.439507866858904,37.15037989325291
delta0.75__high,0.75,high,1.9,2999756299,475205e6098cf4d5,"{""COMPUTE"": 457, ""MEMORY"": 366, ""API_CREDITS"": 219, ""DATASET"": 57}","{""COMPUTE"": 1.562363238512035, ""MEMORY"": 1.7295081967213115, ""API_CREDITS"": 1.2191780821917808, ""DATASET"": 4.631578947368421}",4,39,37,0.6506492082070151,0.14663692929892194,0.5702435711394392,0.09105720099984162,159.7170326816339,21.361277534962444,49.07472545519494
delta0.75__high,0.75,high,1.9,3033509426,04de3c9d824bf7a8,"{""COMPUTE"": 446, ""MEMORY"": 357, ""API_CREDITS"": 227, ""DATASET"": 46}","{""COMPUTE"": 2.0807174887892375, ""MEMORY"": 2.0644257703081235, ""API_CREDITS"": 1.9691629955947136, ""DATASET"": 2.260869565217391}",4,38,18,0.2685539387995267,0.06026389188153893,0.42161854940525156,0.03518059645510626,40.41549833246231,7.749026989502608,29.090472244314963
delta0.75__high,0.75,high,1.9,3038190311,3fce62b7182753c2,"{""COMPUTE"": 538, ""MEMORY"": 477, ""API_CREDITS"": 243, ""DATASET"": 176}","{""COMPUTE"": 2.033457249070632, ""MEMORY"": 1.8951781970649895, ""API_CREDITS"": 2.0411522633744856, ""DATASET"": 1.2727272727272727}",4,35,24,0.47784359968978857,0.1115431951118353,0.4350572615888207,0.0743924516289513,151.63969672285955,6.15049848073333,35.82018123261265
delta0.75__high,0.75,high,1.9,3054276103,2aa96e0c322e284a,"{""COMPUTE"": 557, ""MEMORY"": 480, ""API_CREDITS"": 252, ""DATASET"": 154}","{""COMPUTE"": 1.9317773788150807, ""MEMORY"": 1.7833333333333334, ""API_CREDITS"": 2.0634920634920637, ""DATASET"": 0.8311688311688312}",4,33,32,0.7158742479292814,0.04219477731006766,0.5071486556078161,0.02573424520600497,251.61809649281318,22.614822841715,39.208103312326166
delta0.75__high,0.75,high,1.9,3070189897,05838bfcc074da2a,"{""COMPUTE"": 488, ""MEMORY"": 400, ""API_CREDITS"": 234, ""DATASET"": 81}","{""COMPUTE"": 1.7459016393442623, ""MEMORY"": 1.81, ""API_CREDITS"": 1.5555555555555556, ""DATASET"": 2.765432098765432}",4,38,37,0.691689109803803,0.12499912089497131,0.5548292923928327,0.07704762647165071,225.09114355031625,13.025018574867483,43.51435405418047
delta0.75__high,0.75,high,1.9,3099722351,0b8e637f3075e3cb,"{""COMPUTE"": 513, ""MEMORY"": 455, ""API_CREDITS"": 233, ""DATASET"": 167}","{""COMPUTE"": 1.9025341130604287, ""MEMORY"": 1.8395604395604395, ""API_CREDITS"": 1.8669527896995708, ""DATASET"": 1.5808383233532934}",4,34,25,0.6274171635560623,0.10268452634615564,0.6097494145661155,0.06626911428449711,189.38738870676534,22.90798708067579,83.85086378164586
delta0.75__high,0.75,high,1.9,3116983969,e32e6e5e1db1e412,"{""COMPUTE"": 481, ""MEMORY"": 379, ""API_CREDITS"": 242, ""DATASET"": 40}","{""COMPUTE"": 1.683991683991684, ""MEMORY"": 1.6886543535620053, ""API_CREDITS"": 1.5206611570247934, ""DATASET"": 2.4}",4,31,22,0.48323616709768163,0.07916968401522541,0.48733780646296393,0.05452702702702703,138.63013194203222,14.00145799946605,31.05098319512052
delta0.75__high,0.75,high,1.9,3153527322,1010484cb5874f54,"{""COMPUTE"": 676, ""MEMORY"": 554, ""API_CREDITS"": 324, ""DATASET"": 120}","{""COMPUTE"": 1.319526627218935, ""MEMORY"": 1.339350180505415, ""API_CREDITS"": 1.2901234567901234, ""DATASET"": 1.4666666666666666}",4,36,26,0.5586623974611499,0.08449104163954314,0.5237725686865234,0.0518761078617854,201.76637385014465,21.069014970259946,67.65133502991249
delta0.75__high,0.75,high,1.9,3164050495,186460ea311649e9,"{""COMPUTE"": 542, ""MEMORY"": 454, ""API_CREDITS"": 255, ""DATASET"": 117}","{""COMPUTE"": 1.8154981549815499, ""MEMORY"": 1.7599118942731278, ""API_CREDITS"": 1.8392156862745097, ""DATASET"": 1.2991452991452992}",4,32,22,0.5571236496165333,0.06844989908963421,0.457818191227068,0.04139836326393765,144.06574257906468,13.38804736007197,47.5663989430711
delta0.75__high,0.75,high,1.9,3166920227,caa82fcae2b4ec55,"{""COMPUTE"": 519, ""MEMORY"": 444, ""API_CREDITS"": 224, ""DATASET"": 145}","{""COMPUTE"": 1.8998073217726397, ""MEMORY"": 1.7635135135135136, ""API_CREDITS"": 2.075892857142857, ""DATASET"": 0.8275862068965517}",4,38,23,0.45119058708111637,0.050581812321384284,0.49347864235662325,0.031614386796971455,102.41072420962585,13.87514233354988,31.867761095684134
delta0.75__high,0.75,high,1.9,3175937812,bd9cd2009fd4fae2,"{""COMPUTE"": 533, ""MEMORY"": 450, ""API_CREDITS"": 255, ""DATASET"": 118}","{""COMPUTE"": 1.4371482176360224, ""MEMORY"": 1.4866666666666666, ""API_CREDITS"": 1.2980392156862746, ""DATASET"": 1.9661016949152543}",4,36,36,0.7189676582344475,0.11216600065825394,0.5526777632122278,0.07624264584182307,268.4171868973231,28.71196175376439,45.46477771587334
delta0.75__high,0.75,high,1.9,3192653688,c9cf51ed7b53a5c1,"{""COMPUTE"": 661, ""MEMORY"": 547, ""API_CREDITS"": 320, ""DATASET"": 124}","{""COMPUTE"": 1.8093797276853252, ""MEMORY"": 1.793418647166362, ""API_CREDITS"": 1.834375, ""DATASET"": 1.6129032258064515}",4,32,25,0.5644660141633101,0.035405597798808836,0.43042040984538166,0.023379367487484343,204.6788307006709,13.431433816773007,39.575740864372634
delta0.75__high,0.75,high,1.9,3200726976,cbeccc9fbce671b8,"{""COMPUTE"": 451, ""MEMORY"": 356, ""API_CREDITS"": 207, ""DATASET"": 53}","{""COMPUTE"": 1.5521064301552105, ""MEMORY"": 1.6938202247191012, ""API_CREDITS"": 1.5120772946859904, ""DATASET"": 3.4716981132075473}",4,38,35,0.6765326892426943,0.12882110228761007,0.491374720603037,0.09053683728639318,131.40933480414492,16.573467854933934,28.761773151481787
delta0.75__high,0.75,high,1.9,3225980398,288e21919b312dba,"{""COMPUTE"": 528, ""MEMORY"": 432, ""API_CREDITS"": 245, ""DATASET"": 94}","{""COMPUTE"": 1.7424242424242424, ""MEMORY"": 1.8287037037037037, ""API_CREDITS"": 1.7224489795918367, ""DATASET"": 2.5531914893617023}",4,36,21,0.40254980458079886,0.13832440707440707,0.3578576442460864,0.09143911643911644,150.9030851199001,13.3432465308638,16.913134206353806
delta0.75__high,0.75,high,1.9,3247708285,a0b8c45eeaee7c1a,"{""COMPUTE"": 458, ""MEMORY"": 384, ""API_CREDITS"": 190, ""DATASET"": 114}","{""COMPUTE"": 2.03056768558952, ""MEMORY"": 1.9635416666666667, ""API_CREDITS"": 2.0736842105263156, ""DATASET"": 1.543859649122807}",4,38,22,0.4504572952048085,0.07981466894238025,0.4208900704082474,0.057120019063083026,161.2617464732662,13.203970795479393,31.070973259830136
delta0.75__high,0.75,high,1.9,3275511066,a68d45b4a6f3da28,"{""COMPUTE"": 478, ""MEMORY"": 391, ""API_CREDITS"": 236, ""DATASET"": 73}","{""COMPUTE"": 2.196652719665272, ""MEMORY"": 2.21227621483376, ""API_CREDITS"": 2.0635593220338984, ""DATASET"": 2.73972602739726}",4,37,35,0.6703905165977208,0.10054741831933842,0.5158018884834734,0.06071584578311792,221.36686805247186,32.728828722357655,61.61837629285511
delta0.75__high,0.75,high,1.9,3282615687,7af15d816f252046,"{""COMPUTE"": 666, ""MEMORY"": 562, ""API_CREDITS"": 316, ""DATASET"": 153}","{""COMPUTE"": 1.2552552552552552, ""MEMORY"": 1.2437722419928825, ""API_CREDITS"": 1.1803797468354431, ""DATASET"": 1.2026143790849673}",4,38,33,0.6098480429519949,0.10167498416991319,0.524814147302533,0.06968757587113177,245.87527871485523,22.11335748340387,34.29296693600241
delta0.75__high,0.75,high,1.9,3309075039,63b53d7f01f6f6d3,"{""COMPUTE"": 429, ""MEMORY"": 337, ""API_CREDITS"": 196, ""DATASET"": 46}","{""COMPUTE"": 1.944055944055944, ""MEMORY"": 2.121661721068249, ""API_CREDITS"": 1.9234693877551021, ""DATASET"": 4.695652173913044}",4,35,30,0.689812713706483,0.13162965205583055,0.49431012364760524,0.08266737396530355,188.53111069933507,10.036488532793143,34.66966418879687
delta0.75__high,0.75,high,1.9,3334186716,33f5fa281cf0d8dc,"{""COMPUTE"": 425, ""MEMORY"": 358, ""API_CREDITS"": 201, ""DATASET"": 89}","{""COMPUTE"": 2.4329411764705884, ""MEMORY"": 2.399441340782123, ""API_CREDITS"": 2.353233830845771, ""DATASET"": 2.4269662921348316}",4,39,28,0.44751090086893747,0.10712092006904353,0.4443611585301319,0.06566902903954167,123.26567814062359,30.23195012962341,62.841301717217135
delta0.75__high,0.75,high,1.9,3439138492,895594a7507565c4,"{""COMPUTE"": 514, ""MEMORY"": 428, ""API_CREDITS"": 248, ""DATASET"": 98}","{""COMPUTE"": 1.793774319066148, ""MEMORY"": 1.7523364485981308, ""API_CREDITS"": 1.7661290322580645, ""DATASET"": 1.469387755102041}",4,36,30,0.5634017773257826,0.04901904862420351,0.5838441121944363,0.03198059979113056,180.20158257235957,32.96194626404487,58.469793398900414
delta0.75__high,0.75,high,1.9,3447205743,e4fe90d9c84138f6,"{""COMPUTE"": 561, ""MEMORY"": 472, ""API_CREDITS"": 250, ""DATASET"": 134}","{""COMPUTE"": 1.9393939393939394, ""MEMORY"": 1.9851694915254237, ""API_CREDITS"": 1.996, ""DATASET"": 2.208955223880597}",4,32,21,0.4692117453240747,0.03454871321827288,0.4839929280378563,0.022268750798042358,156.1717960294934,18.12153814707736,30.837428975301478
delta0.75__high,0.75,high,1.9,3460158696,609fedd69117a481,"{""COMPUTE"": 596, ""MEMORY"": 485, ""API_CREDITS"": 297, ""DATASET"": 87}","{""COMPUTE"": 1.563758389261745, ""MEMORY"": 1.665979381443299, ""API_CREDITS"": 1.4545454545454546, ""DATASET"": 2.942528735632184}",4,30,22,0.45979715725499276,0.0999344341513554,0.5120850849367596,0.062474864300770816,151.15695937813146,17.41249869076358,52.69506133646271
delta0.75__high,0.75,high,1.9,3460268087,108c3ec514d0d5e8,"{""COMPUTE"": 417, ""MEMORY"": 342, ""API_CREDITS"": 197, ""DATASET"": 68}","{""COMPUTE"": 2.988009592326139, ""MEMORY"": 2.915204678362573, ""API_CREDITS"": 3.0406091370558377, ""DATASET"": 2.4705882352941178}",4,35,32,0.637990681201035,0.04967696923498029,0.47989316016265376,0.03791322457298516,162.93242463314758,24.20771288671976,33.593655863791064
delta0.75__high,0.75,high,1.9,3463781334,da4d1b39b95007c1,"{""COMPUTE"": 421, ""MEMORY"": 364, ""API_CREDITS"": 166, ""DATASET"": 133}","{""COMPUTE"": 2.142517814726841, ""MEMORY"": 2.0631868131868134, ""API_CREDITS"": 2.5120481927710845, ""DATASET"": 1.3834586466165413}",4,31,28,0.6690460531714569,0.055722277427316266,0.7482333677881158,0.03552654394355908,191.2506589886949,19.587861035440977,47.875540672457625
delta0.75__high,0.75,high,1.9,3467569127,d507a295a7ccbf24,"{""COMPUTE"": 527, ""MEMORY"": 426, ""API_CREDITS"": 251, ""DATASET"": 77}","{""COMPUTE"": 1.6129032258064515, ""MEMORY"": 1.65962441314554, ""API_CREDITS"": 1.6613545816733069, ""DATASET"": 1.974025974025974}",4,33,25,0.5354618972233002,0.04367977435079,0.5484764823416303,0.027028228993213495,163.02198152538924,34.3034804403434,39.303276361375524
delta0.75__high,0.75,high,1.9,3518403916,e04e116f7a57549e,"{""COMPUTE"": 555, ""MEMORY"": 483, ""API_CREDITS"": 257, ""DATASET"": 159}","{""COMPUTE"": 1.6900900900900901, ""MEMORY"": 1.6853002070393375, ""API_CREDITS"": 1.6264591439688716, ""DATASET"": 1.7106918238993711}",4,43,26,0.354438809309718,0.13391164670299902,0.5358875791041132,0.08705563332951388,148.61785170975028,18.770982620751788,58.52861165009667
delta0.75__high,0.75,high,1.9,3547154528,d57fd0c1436fa588,"{""COMPUTE"": 534, ""MEMORY"": 459, ""API_CREDITS"": 247, ""DATASET"": 140}","{""COMPUTE"": 1.0262172284644195, ""MEMORY"": 1.1111111111111112, ""API_CREDITS"": 0.8502024291497976, ""DATASET"": 1.7142857142857142}",4,38,32,0.5641508058335748,0.17406160710753024,0.556503430753171,0.12480019113102525,201.40910924049868,13.485564709172968,60.9722549276752
delta0.75__high,0.75,high,1.9,3556888763,7bcd17a64d76c418,"{""COMPUTE"": 607, ""MEMORY"": 510, ""API_CREDITS"": 289, ""DATASET"": 133}","{""COMPUTE"": 1.6079077429983526, ""MEMORY"": 1.6137254901960785, ""API_CREDITS"": 1.5951557093425606, ""DATASET"": 1.6240601503759398}",4,39,22,0.3690822867910107,0.12175652620000399,0.39803407018735504,0.07405886024093167,82.99171547024923,5.8547920636122335,16.73002085641562
delta0.75__high,0.75,high,1.9,3585070197,95ab9f5f0074fcc4,"{""COMPUTE"": 448, ""MEMORY"": 354, ""API_CREDITS"": 206, ""DATASET"": 53}","{""COMPUTE"": 1.8482142857142858, ""MEMORY"": 2.096045197740113, ""API_CREDITS"": 1.6601941747572815, ""DATASET"": 5.735849056603773}",4,40,32,0.5409641671515953,0.13490349002364074,0.5299277461685159,0.10295116079146872,123.71294292896717,23.432019908655317,45.79801382952122
delta0.75__high,0.75,high,1.9,3597312856,a48b56b7c31942d1,"{""COMPUTE"": 448, ""MEMORY"": 361, ""API_CREDITS"": 213, ""DATASET"": 63}","{""COMPUTE"": 2.4955357142857144, ""MEMORY"": 2.509695290858726, ""API_CREDITS"": 2.488262910798122, ""DATASET"": 2.7936507936507935}",4,36,31,0.6349016803512723,0.054393573874993904,0.5385589160036577,0.03734025308320332,204.11046326397175,18.046006163579637,80.77850542806956
delta0.75__high,0.75,high,1.9,3646743967,b68fdd7129c9915e,"{""COMPUTE"": 628, ""MEMORY"": 520, ""API_CREDITS"": 314, ""DATASET"": 111}","{""COMPUTE"": 1.4617834394904459, ""MEMORY"": 1.521153846153846, ""API_CREDITS"": 1.3280254777070064, ""DATASET"": 2.234234234234234}",4,37,32,0.6314862160741795,0.11656643779183924,0.6294916933687424,0.07847822888564886,210.0356944807883,21.721351316240685,67.88766906607576
delta0.75__high,0.75,high,1.9,3702281959,9d41190a4e782a1e,"{""COMPUTE"": 352, ""MEMORY"": 279, ""API_CREDITS"": 191, ""DATASET"": 16}","{""COMPUTE"": 2.289772727272727, ""MEMORY"": 2.304659498207885, ""API_CREDITS"": 2.0575916230366493, ""DATASET"": 5.5}",4,33,23,0.4591555232450025,0.060696615613824334,0.48798483565395484,0.03951422837881239,123.07986037371673,14.065661686639992,65.4087460214447
delta0.75__high,0.75,high,1.9,3703198363,e0a84aa866232fb4,"{""COMPUTE"": 318, ""MEMORY"": 281, ""API_CREDITS"": 116, ""DATASET"": 114}","{""COMPUTE"": 2.119496855345912, ""MEMORY"": 1.9359430604982206, ""API_CREDITS"": 2.6551724137931036, ""DATASET"": 0.8421052631578947}",4,37,31,0.572980215669366,0.06957075250660777,0.6555562167024598,0.0489848503486113,128.5276706659242,9.730589234689619,38.99199351616256
delta0.75__high,0.75,high,1.9,3722197476,0b71b28458e63ee5,"{""COMPUTE"": 567, ""MEMORY"": 463, ""API_CREDITS"": 277, ""DATASET"": 90}","{""COMPUTE"": 1.693121693121693, ""MEMORY"": 1.712742980561555, ""API_CREDITS"": 1.6859205776173285, ""DATASET"": 1.8666666666666667}",4,32,31,0.6307963940370289,0.07155587829728001,0.5733035042632929,0.046196852959303765,172.54200433362408,15.852356785624812,24.94693300905114
delta0.75__high,0.75,high,1.9,3732653027,4b8bb4dd92761a1b,"{""COMPUTE"": 568, ""MEMORY"": 464, ""API_CREDITS"": 255, ""DATASET"": 107}","{""COMPUTE"": 1.9190140845070423, ""MEMORY"": 1.9762931034482758, ""API_CREDITS"": 2.066666666666667, ""DATASET"": 2.1682242990654204}",4,39,28,0.5010846908307041,0.05951209005370582,0.5944597665565344,0.04096838340008007,184.8429761726638,13.699874349822238,72.82382288729104
delta0.75__high,0.75,high,1.9,3755261675,70de21097f2558e1,"{""COMPUTE"": 379, ""MEMORY"": 336, ""API_CREDITS"": 154, ""DATASET"": 130}","{""COMPUTE"": 2.1477572559366753, ""MEMORY"": 2.056547619047619, ""API_CREDITS"": 2.2142857142857144, ""DATASET"": 1.6615384615384616}",4,35,30,0.6595751900624557,0.14185673031524254,0.524646139798325,0.09398256603586104,180.86340261481095,16.75934919502546,60.90407190235104
delta0.75__high,0.75,high,1.9,3819244249,36f6209664f0e77b,"{""COMPUTE"": 541, ""MEMORY"": 436, ""API_CREDITS"": 270, ""DATASET"": 69}","{""COMPUTE"": 1.7523105360443623, ""MEMORY"": 1.8440366972477065, ""API_CREDITS"": 1.6296296296296295, ""DATASET"": 3.246376811594203}",4,40,20,0.3409117024761747,0.10455112549347488,0.49756423069870853,0.06185282114361267,101.72554717715254,10.653649721531032,58.10385995035011
delta0.75__high,0.75,high,1.9,3825070817,d4cad98c9da6c227,"{""COMPUTE"": 261, ""MEMORY"": 232, ""API_CREDITS"": 110, ""DATASET"": 82}","{""COMPUTE"": 3.057471264367816, ""MEMORY"": 2.7456896551724137, ""API_CREDITS"": 3.3363636363636364, ""DATASET"": 1.2682926829268293}",4,38,26,0.552958970334528,0.09506324017945363,0.5029375300012764,0.0594383605897427,159.27027618772354,18.62495182718813,30.44682487106915
delta0.75__high,0.75,high,1.9,3829285020,9b9217207ea472b8,"{""COMPUTE"": 422, ""MEMORY"": 345, ""API_CREDITS"": 202, ""DATASET"": 66}","{""COMPUTE"": 2.3696682464454977, ""MEMORY"": 2.347826086956522, ""API_CREDITS"": 2.405940594059406, ""DATASET"": 2.1818181818181817}",4,33,28,0.6286411320939912,0.04922603317212679,0.6808841714017416,0.031147395724725423,193.7052200190675,24.157719855104613,75.76104136032393
delta0.75__high,0.75,high,1.9,3829736852,14180ab15a3229f5,"{""COMPUTE"": 416, ""MEMORY"": 361, ""API_CREDITS"": 165, ""DATASET"": 133}","{""COMPUTE"": 2.139423076923077, ""MEMORY"": 1.9889196675900278, ""API_CREDITS"": 2.412121212121212, ""DATASET"": 1.0827067669172932}",4,31,26,0.532373456785847,0.0542510153921334,0.5778230594769468,0.03529433450865614,200.15225154073576,14.971659535253702,39.196890593426104
delta0.75__high,0.75,high,1.9,3834605579,867f73951997a88c,"{""COMPUTE"": 453, ""MEMORY"": 391, ""API_CREDITS"": 205, ""DATASET"": 125}","{""COMPUTE"": 1.9205298013245033, ""MEMORY"": 1.9769820971867007, ""API_CREDITS"": 1.829268292682927, ""DATASET"": 2.368}",4,36,24,0.5317273874290905,0.07588080309192043,0.5402354797297599,0.05001364811276112,226.88369983715475,31.566264168553644,60.04090966175702
delta0.75__high,0.75,high,1.9,3862073378,9e0f00522d054cd5,"{""COMPUTE"": 480, ""MEMORY"": 419, ""API_CREDITS"": 227, ""DATASET"": 136}","{""COMPUTE"": 2.066666666666667, ""MEMORY"": 1.954653937947494, ""API_CREDITS"": 2.066079295154185, ""DATASET"": 1.3529411764705883}",4,35,32,0.5918238232139401,0.0686967066213178,0.7451377968256088,0.04672943962583981,153.25758299112658,28.12059506364432,66.13465914848844
delta0.75__high,0.75,high,1.9,3896223086,bb642b9756d6d3d5,"{""COMPUTE"": 570, ""MEMORY"": 469, ""API_CREDITS"": 266, ""DATASET"": 107}","{""COMPUTE"": 1.8140350877192983, ""MEMORY"": 1.7995735607675907, ""API_CREDITS"": 1.744360902255639, ""DATASET"": 1.794392523364486}",4,34,18,0.3254023767702414,0.13372823182695642,0.36572867237522494,0.08545205789242162,82.12098190586202,6.985424502171429,22.215835609985756
delta0.75__high,0.75,high,1.9,3902540653,eb81d17aaf2f139c,"{""COMPUTE"": 566, ""MEMORY"": 457, ""API_CREDITS"": 255, ""DATASET"": 94}","{""COMPUTE"": 1.5547703180212014, ""MEMORY"": 1.5820568927789935, ""API_CREDITS"": 1.4627450980392156, ""DATASET"": 1.9574468085106382}",4,37,25,0.527615381971894,0.12708001434310648,0.5106147520457521,0.09023850709878502,160.97864448656233,20.447424321736104,63.07346714188041
delta0.75__high,0.75,high,1.9,3945030225,69de17e903e6ae7f,"{""COMPUTE"": 466, ""MEMORY"": 399, ""API_CREDITS"": 206, ""DATASET"": 124}","{""COMPUTE"": 2.2017167381974247, ""MEMORY"": 2.1528822055137846, ""API_CREDITS"": 2.354368932038835, ""DATASET"": 1.7419354838709677}",4,37,31,0.5646184856056095,0.05036981281851937,0.5150762666997419,0.03236965779128959,184.29505665115857,25.574446823623862,53.0053110132172
delta0.75__high,0.75,high,1.9,3947356923,73e21009f2f57790,"{""COMPUTE"": 363, ""MEMORY"": 324, ""API_CREDITS"": 140, ""DATASET"": 135}","{""COMPUTE"": 2.115702479338843, ""MEMORY"": 2.0462962962962963, ""API_CREDITS"": 2.3785714285714286, ""DATASET"": 1.6}",4,36,28,0.5106793545535974,0.0952667729269137,0.5918283167619195,0.06103256867857987,130.8735745166465,23.02010028895768,48.52083478095731
delta0.75__high,0.75,high,1.9,3981156840,6abfad109ab5ba1d,"{""COMPUTE"": 378, ""MEMORY"": 321, ""API_CREDITS"": 166, ""DATASET"": 92}","{""COMPUTE"": 2.1375661375661377, ""MEMORY"": 2.074766355140187, ""API_CREDITS"": 2.2771084337349397, ""DATASET"": 1.565217391304348}",4,32,11,0.22455866792643467,0.13446347795185004,0.3700721000194798,0.08854730002985818,68.0298444521282,5.943713110970656,31.863529887651055
delta0.75__high,0.75,high,1.9,3996589783,a259ded590733b9b,"{""COMPUTE"": 505, ""MEMORY"": 450, ""API_CREDITS"": 226, ""DATASET"": 170}","{""COMPUTE"": 1.5366336633663367, ""MEMORY"": 1.5266666666666666, ""API_CREDITS"": 1.331858407079646, ""DATASET"": 1.6470588235294117}",4,37,22,0.3494556390893509,0.16073253939367615,0.43458309042208804,0.11188641550374129,84.3150394472245,26.24131041118525,47.53270518506491
delta0.75__high,0.75,high,1.9,4024888051,2b9e550e2b3d7f2c,"{""COMPUTE"": 272, ""MEMORY"": 244, ""API_CREDITS"": 105, ""DATASET"": 100}","{""COMPUTE"": 3.0220588235294117, ""MEMORY"": 2.9959016393442623, ""API_CREDITS"": 3.361904761904762, ""DATASET"": 2.8}",4,33,28,0.618682876871557,0.1069064266638265,0.5726329263720401,0.07427520171905781,219.2414836175442,16.54422199082364,85.13051318147195
delta0.75__high,0.75,high,1.9,4030503373,291b5e6feb875737,"{""COMPUTE"": 342, ""MEMORY"": 290, ""API_CREDITS"": 143, ""DATASET"": 86}","{""COMPUTE"": 1.95906432748538, ""MEMORY"": 1.9206896551724137, ""API_CREDITS"": 2.370629370629371, ""DATASET"": 1.2093023255813953}",4,36,32,0.615760719828713,0.06431741020938966,0.6448852919967836,0.037209114271548056,150.41431381989545,18.146063370532172,85.76728164400187
delta0.75__high,0.75,high,1.9,4039868181,5a263865cae862ec,"{""COMPUTE"": 413, ""MEMORY"": 354, ""API_CREDITS"": 204, ""DATASET"": 93}","{""COMPUTE"": 1.87409200968523, ""MEMORY"": 1.7966101694915255, ""API_CREDITS"": 1.803921568627451, ""DATASET"": 1.3763440860215055}",4,37,29,0.5146017494933651,0.09100812456552995,0.5920911529712373,0.05694753331146251,157.16373517834333,14.99845521956532,53.7719973489306
delta0.75__high,0.75,high,1.9,4070281976,92d36860b05992a6,"{""COMPUTE"": 576, ""MEMORY"": 503, ""API_CREDITS"": 266, ""DATASET"": 169}","{""COMPUTE"": 1.8958333333333333, ""MEMORY"": 1.89662027833002, ""API_CREDITS"": 1.8270676691729324, ""DATASET"": 1.9881656804733727}",4,40,38,0.6684741698398042,0.08128590897192288,0.5163571944619901,0.05682708248899732,282.6570427851932,26.9728463812109,62.36670158513248
delta0.75__high,0.75,high,1.9,4074372378,a1a0e8561ad05a05,"{""COMPUTE"": 594, ""MEMORY"": 484, ""API_CREDITS"": 295, ""DATASET"": 88}","{""COMPUTE"": 1.0235690235690236, ""MEMORY"": 1.128099173553719, ""API_CREDITS"": 0.888135593220339, ""DATASET"": 2.3636363636363638}",4,37,34,0.640279520885129,0.14110325128441073,0.4915366988983014,0.10788872312209909,215.76526577538212,17.293554296175216,79.57953345729969
delta0.75__high,0.75,high,1.9,4082760487,72b2f60cec1e8a4f,"{""COMPUTE"": 537, ""MEMORY"": 451, ""API_CREDITS"": 258, ""DATASET"": 114}","{""COMPUTE"": 2.160148975791434, ""MEMORY"": 2.0776053215077606, ""API_CREDITS"": 2.182170542635659, ""DATASET"": 1.4736842105263157}",4,38,29,0.5500463064033774,0.04592019209050221,0.41903282251283525,0.030804957856850123,193.06866673542697,20.426511164672668,30.819553006553353
delta0.75__high,0.75,high,1.9,4095462803,671415fb33d9849d,"{""COMPUTE"": 449, ""MEMORY"": 361, ""API_CREDITS"": 233, ""DATASET"": 46}","{""COMPUTE"": 1.9510022271714922, ""MEMORY"": 2.0914127423822713, ""API_CREDITS"": 1.6351931330472103, ""DATASET"": 5.391304347826087}",4,38,36,0.6052054149395373,0.10022233364148532,0.6007579078876538,0.07094031324413232,154.53735910674945,12.081374033850565,39.56229554325672
delta0.75__high,0.75,high,1.9,4099285905,e713a03790eaaee4,"{""COMPUTE"": 460, ""MEMORY"": 378, ""API_CREDITS"": 217, ""DATASET"": 81}","{""COMPUTE"": 1.6956521739130435, ""MEMORY"": 1.7380952380952381, ""API_CREDITS"": 1.672811059907834, ""DATASET"": 2.074074074074074}",4,38,34,0.6288004768438485,0.12326313693242236,0.5237963651701273,0.08564134035238212,189.33141099539486,12.823857801370522,30.086395507678777
delta0.75__high,0.75,high,1.9,4105600667,150c3df6660fd2ed,"{""COMPUTE"": 512, ""MEMORY"": 442, ""API_CREDITS"": 247, ""DATASET"": 132}","{""COMPUTE"": 1.78515625, ""MEMORY"": 1.739819004524887, ""API_CREDITS"": 1.728744939271255, ""DATASET"": 1.5151515151515151}",4,34,20,0.4276116901540341,0.0988522251174186,0.5049968721469772,0.058346474418513185,121.96187672999973,18.772476356856664,45.3619583002031
delta0.75__high,0.75,high,1.9,4163155962,4d161b345afe3ddb,"{""COMPUTE"": 472, ""MEMORY"": 400, ""API_CREDITS"": 231, ""DATASET"": 101}","{""COMPUTE"": 1.4872881355932204, ""MEMORY"": 1.59, ""API_CREDITS"": 1.316017316017316, ""DATASET"": 2.5346534653465347}",4,35,28,0.6047975122386725,0.13755713526218444,0.5685935999255313,0.08209430668846134,249.71990510864612,18.97785032900774,49.87318010518714
delta0.75__high,0.75,high,1.9,4171035140,4f922613b1f49b6b,"{""COMPUTE"": 507, ""MEMORY"": 434, ""API_CREDITS"": 236, ""DATASET"": 128}","{""COMPUTE"": 1.7238658777120315, ""MEMORY"": 1.7327188940092166, ""API_CREDITS"": 1.728813559322034, ""DATASET"": 1.75}",4,36,27,0.5148122338994813,0.07112491755455966,0.5780143397471919,0.04688471416417977,168.8682479082591,42.08808476593186,26.58057866415885
delta0.75__high,0.75,high,1.9,4184451528,1b360a482c2c37d2,"{""COMPUTE"": 536, ""MEMORY"": 444, ""API_CREDITS"": 254, ""DATASET"": 102}","{""COMPUTE"": 1.455223880597015, ""MEMORY"": 1.4684684684684686, ""API_CREDITS"": 1.4173228346456692, ""DATASET"": 1.5686274509803921}",4,34,28,0.5595549512198977,0.08819085052702161,0.6025706003229764,0.05950733580081204,175.67285491906628,26.52565371249796,46.225675389167435
delta0.75__high,0.75,high,1.9,4190426423,66d1b87956b1d100,"{""COMPUTE"": 383, ""MEMORY"": 340, ""API_CREDITS"": 163, ""DATASET"": 128}","{""COMPUTE"": 2.3237597911227152, ""MEMORY"": 2.2, ""API_CREDITS"": 2.5521472392638036, ""DATASET"": 1.5}",4,35,26,0.5542604837637096,0.09386806784306348,0.6360423823457871,0.060405218107862875,197.5412829521315,11.818911200062573,56.473788656340304
delta0.75__high,0.75,high,1.9,4202249207,b193c05ed0c7499f,"{""COMPUTE"": 500, ""MEMORY"": 407, ""API_CREDITS"": 234, ""DATASET"": 82}","{""COMPUTE"": 1.672, ""MEMORY"": 1.6584766584766584, ""API_CREDITS"": 1.6794871794871795, ""DATASET"": 1.4634146341463414}",4,40,35,0.5750609533472054,0.10444075916712733,0.4077648805617176,0.07231872247955623,179.8137214498444,17.90533562980144,23.926136839052123
delta0.75__high,0.75,high,1.9,4206761894,1a39ff79d9db3ac6,"{""COMPUTE"": 598, ""MEMORY"": 500, ""API_CREDITS"": 288, ""DATASET"": 123}","{""COMPUTE"": 1.491638795986622, ""MEMORY"": 1.532, ""API_CREDITS"": 1.3819444444444444, ""DATASET"": 1.951219512195122}",4,38,31,0.5849057158640091,0.0916362034344118,0.6216605992946013,0.060470018437199215,241.39997756091088,33.39526362794794,50.44923363711322
delta0.75__moderate,0.75,moderate,1.3,19063083,ac454b2024ad509d,"{""COMPUTE"": 626, ""MEMORY"": 483, ""API_CREDITS"": 281, ""DATASET"": 52}","{""COMPUTE"": 0.9680511182108626, ""MEMORY"": 1.041407867494824, ""API_CREDITS"": 0.9430604982206405, ""DATASET"": 2.3076923076923075}",4,31,22,0.5714027737488644,0.16081251480845804,0.42319741253578225,0.12249845414145617,104.72619812363672,9.849659983379164,33.49483092445207
delta0.75__moderate,0.75,moderate,1.3,27327381,330b1ae90283dbcc,"{""COMPUTE"": 701, ""MEMORY"": 552, ""API_CREDITS"": 350, ""DATASET"": 60}","{""COMPUTE"": 1.218259629101284, ""MEMORY"": 1.2590579710144927, ""API_CREDITS"": 1.2028571428571428, ""DATASET"": 2.0}",4,33,28,0.5966729897247189,0.09096122941802691,0.4834861258300857,0.05959860631948324,140.41061114908146,10.198153824408175,34.51208245757923
delta0.75__moderate,0.75,moderate,1.3,73091972,35070ca0a31a8826,"{""COMPUTE"": 556, ""MEMORY"": 487, ""API_CREDITS"": 245, ""DATASET"": 165}","{""COMPUTE"": 2.0071942446043165, ""MEMORY"": 1.9835728952772074, ""API_CREDITS"": 2.146938775510204, ""DATASET"": 1.8424242424242425}",4,37,31,0.6388943957516141,0.07442365461718574,0.5074062814144932,0.040829315241171185,283.6541002775377,14.328311749078061,43.74508042581798
delta0.75__moderate,0.75,moderate,1.3,75104030,9d6dfe0a5511fa56,"{""COMPUTE"": 401, ""MEMORY"": 366, ""API_CREDITS"": 152, ""DATASET"": 161}","{""COMPUTE"": 2.084788029925187, ""MEMORY"": 1.8442622950819672, ""API_CREDITS"": 2.585526315789474, ""DATASET"": 0.7453416149068323}",4,38,34,0.6108964067332024,0.06295681350084298,0.6483074413226472,0.039138707488729045,139.48413503065382,11.964945488114763,47.54948328193934
delta0.75__moderate,0.75,moderate,1.3,75640271,cb87b1c4e59412f9,"{""COMPUTE"": 717, ""MEMORY"": 626, ""API_CREDITS"": 328, ""DATASET"": 209}","{""COMPUTE"": 1.6094839609483962, ""MEMORY"": 1.5095846645367412, ""API_CREDITS"": 1.6798780487804879, ""DATASET"": 0.9569377990430622}",4,34,20,0.38512910888045643,0.04024172321016325,0.39370733948916464,0.02662717921850716,153.31861383800813,25.236627137419315,56.35485286407746
delta0.75__moderate,0.75,moderate,1.3,87781505,45fa51b6b6faed43,"{""COMPUTE"": 675, ""MEMORY"": 569, ""API_CREDITS"": 323, ""DATASET"": 143}","{""COMPUTE"": 1.4874074074074075, ""MEMORY"": 1.4024604569420036, ""API_CREDITS"": 1.5170278637770898, ""DATASET"": 0.7832167832167832}",4,37,27,0.5217484276647704,0.04681758729153413,0.5325981598861761,0.03105754288134081,160.61642009119782,20.340205289867832,27.350791267477046
delta0.75__moderate,0.75,moderate,1.3,94885586,f83224749d995045,"{""COMPUTE"": 746, ""MEMORY"": 627, ""API_CREDITS"": 346, ""DATASET"": 165}","{""COMPUTE"": 1.1340482573726542, ""MEMORY"": 1.1993620414673045, ""API_CREDITS"": 1.0520231213872833, ""DATASET"": 1.7454545454545454}",4,35,23,0.4977686350479957,0.14060007026277224,0.516160740325074,0.09629847264004628,157.33699115094194,21.160724351842827,53.29647576422059
delta0.75__moderate,0.75,moderate,1.3,101192955,4aadcd38463a34f0,"{""COMPUTE"": 693, ""MEMORY"": 599, ""API_CREDITS"": 335, ""DATASET"": 176}","{""COMPUTE"": 1.3015873015873016, ""MEMORY"": 1.318864774624374, ""API_CREDITS"": 1.2119402985074628, ""DATASET"": 1.5454545454545454}",4,36,23,0.48959071118547,0.12693708335660947,0.564653151331663,0.09233628319957295,174.24439581434763,31.253116242880182,58.41920722172383
delta0.75__moderate,0.75,moderate,1.3,108416726,9d643e25c509ede8,"{""COMPUTE"": 617, ""MEMORY"": 510, ""API_CREDITS"": 289, ""DATASET"": 112}","{""COMPUTE"": 1.5105348460291734, ""MEMORY"": 1.4784313725490197, ""API_CREDITS"": 1.5017301038062283, ""DATASET"": 1.2857142857142858}",4,35,23,0.4271321241050532,0.07069681189370228,0.4918859583195461,0.045500270257803004,147.6805902711613,19.492950310003312,33.14046436209739
delta0.75__moderate,0.75,moderate,1.3,112626036,fa96324849431f47,"{""COMPUTE"": 706, ""MEMORY"": 568, ""API_CREDITS"": 321, ""DATASET"": 107}","{""COMPUTE"": 1.424929178470255, ""MEMORY"": 1.4788732394366197, ""API_CREDITS"": 1.4080996884735202, ""DATASET"": 2.0934579439252334}",4,37,27,0.5570666150995377,0.08854904830278089,0.6713003930806116,0.05335167596983062,157.04032199578327,25.643856947060044,40.667473091297516
delta0.75__moderate,0.75,moderate,1.3,129877774,ec7676fbc969186f,"{""COMPUTE"": 913, ""MEMORY"": 751, ""API_CREDITS"": 450, ""DATASET"": 155}","{""COMPUTE"": 0.9923329682365827, ""MEMORY"": 1.0093209054593875, ""API_CREDITS"": 0.8844444444444445, ""DATASET"": 1.3419354838709678}",4,39,34,0.5564193641430931,0.11523178110704688,0.6376293599891588,0.07905442134290301,163.9316055067074,16.927438840639265,63.57126793658918
delta0.75__moderate,0.75,moderate,1.3,139216186,acc10de0fee5fc87,"{""COMPUTE"": 534, ""MEMORY"": 451, ""API_CREDITS"": 232, ""DATASET"": 127}","{""COMPUTE"": 1.591760299625468, ""MEMORY"": 1.6186252771618626, ""API_CREDITS"": 1.5603448275862069, ""DATASET"": 1.889763779527559}",4,32,23,0.5165364855913358,0.12936188846465824,0.5753423414994839,0.08616285244576104,147.69907306071585,22.59486726889467,51.35706118333994
delta0.75__moderate,0.75,moderate,1.3,139730805,559628dc3b303657,"{""COMPUTE"": 798, ""MEMORY"": 629, ""API_CREDITS"": 381, ""DATASET"": 85}","{""COMPUTE"": 0.9523809523809523, ""MEMORY"": 0.9777424483306836, ""API_CREDITS"": 1.010498687664042, ""DATASET"": 1.035294117647059}",4,40,32,0.48217614866462455,0.053645819063720554,0.5353793606946801,0.03566873361564832,128.35836656552166,18.93022158101364,44.50660222534642
delta0.75__moderate,0.75,moderate,1.3,147261721,e59c73abf6def7b6,"{""COMPUTE"": 658, ""MEMORY"": 533, ""API_CREDITS"": 307, ""DATASET"": 100}","{""COMPUTE"": 1.1398176291793314, ""MEMORY"": 1.172607879924953, ""API_CREDITS"": 1.1824104234527688, ""DATASET"": 1.36}",4,35,32,0.616129566753347,0.08000672469764622,0.5848831483677303,0.05353098035294659,196.92347715292703,21.89465714916327,49.40052851057042
delta0.75__moderate,0.75,moderate,1.3,152599165,aa18d47162a8b2f3,"{""COMPUTE"": 765, ""MEMORY"": 627, ""API_CREDITS"": 377, ""DATASET"": 122}","{""COMPUTE"": 0.9620915032679739, ""MEMORY"": 0.9840510366826156, ""API_CREDITS"": 0.8461538461538461, ""DATASET"": 1.3770491803278688}",4,33,26,0.5217945115655681,0.13271156936597328,0.484527600513156,0.08428948252406236,161.5112023127638,18.605253227340267,37.020159405443515
delta0.75__moderate,0.75,moderate,1.3,153676091,2b91bfd28a08627f,"{""COMPUTE"": 714, ""MEMORY"": 595, ""API_CREDITS"": 359, ""DATASET"": 126}","{""COMPUTE"": 1.3221288515406162, ""MEMORY"": 1.3310924369747898, ""API_CREDITS"": 1.2701949860724233, ""DATASET"": 1.5238095238095237}",4,38,23,0.4061907418356574,0.07817063119107291,0.4549431743869861,0.047081398882043074,144.3499046747728,22.55322237159642,35.89451154391339
delta0.75__moderate,0.75,moderate,1.3,173143613,f1126c3510be4468,"{""COMPUTE"": 363, ""MEMORY"": 321, ""API_CREDITS"": 168, ""DATASET"": 98}","{""COMPUTE"": 2.2975206611570247, ""MEMORY"": 2.0903426791277258, ""API_CREDITS"": 2.2916666666666665, ""DATASET"": 1.2244897959183674}",4,32,25,0.5739911306009914,0.11074687249611417,0.4953303399564673,0.07755127577549216,156.0112267776747,18.99749547547912,25.088857763953627
delta0.75__moderate,0.75,moderate,1.3,190642350,508f618505f1ff8b,"{""COMPUTE"": 747, ""MEMORY"": 627, ""API_CREDITS"": 332, ""DATASET"": 175}","{""COMPUTE"": 1.3119143239625168, ""MEMORY"": 1.3078149920255184, ""API_CREDITS"": 1.3132530120481927, ""DATASET"": 1.28}",4,40,31,0.5384994468810828,0.09062947444829035,0.5909213429180952,0.05348039194148765,167.3249826815032,29.08666282627836,59.124714949720236
delta0.75__moderate,0.75,moderate,1.3,207766894,2ded09c4dccfe3b6,"{""COMPUTE"": 930, ""MEMORY"": 770, ""API_CREDITS"": 435, ""DATASET"": 187}","{""COMPUTE"": 1.206451612903226, ""MEMORY"": 1.2493506493506494, ""API_CREDITS"": 1.1632183908045977, ""DATASET"": 1.625668449197861}",4,41,18,0.26215684918186904,0.1417793317793318,0.2713611332111752,0.09799490632823966,94.29616131019435,15.416834253577273,24.99083410757906
delta0.75__moderate,0.75,moderate,1.3,214952310,c02384b1e6cddd59,"{""COMPUTE"": 744, ""MEMORY"": 633, ""API_CREDITS"": 333, ""DATASET"": 190}","{""COMPUTE"": 1.3494623655913978, ""MEMORY"": 1.3759873617693523, ""API_CREDITS"": 1.3963963963963963, ""DATASET"": 1.4736842105263157}",4,32,23,0.5392610121018231,0.05110056283988965,0.4733689980238544,0.03427329714511213,129.25421022664952,15.131841016677976,29.437581271348662
delta0.75__moderate,0.75,moderate,1.3,223200515,2e8436f72f7e85fa,"{""COMPUTE"": 605, ""MEMORY"": 524, ""API_CREDITS"": 258, ""DATASET"": 176}","{""COMPUTE"": 1.1272727272727272, ""MEMORY"": 1.150763358778626, ""API_CREDITS"": 1.1511627906976745, ""DATASET"": 1.2272727272727273}",4,37,27,0.43980757902458184,0.13090674922584952,0.502952121587177,0.0872099417163032,101.51328446865067,19.6585106859597,39.0238429939678
delta0.75__moderate,0.75,moderate,1.3,271508238,2e37413b5c305757,"{""COMPUTE"": 612, ""MEMORY"": 527, ""API_CREDITS"": 270, ""DATASET"": 166}","{""COMPUTE"": 1.542483660130719, ""MEMORY"": 1.4743833017077799, ""API_CREDITS"": 1.6555555555555554, ""DATASET"": 1.0120481927710843}",4,35,27,0.5136531703173997,0.06398899324338696,0.4517540741409658,0.0430433141760509,172.88942294847766,21.2078612050832,39.118237061653225
delta0.75__moderate,0.75,moderate,1.3,278611269,9059040e378a9df5,"{""COMPUTE"": 654, ""MEMORY"": 601, ""API_CREDITS"": 260, ""DATASET"": 279}","{""COMPUTE"": 1.529051987767584, ""MEMORY"": 1.4442595673876872, ""API_CREDITS"": 1.7384615384615385, ""DATASET"": 1.032258064516129}",4,31,19,0.43038289285544207,0.09587542826016479,0.43628400384040295,0.06439204107638727,110.14474170513172,20.98801218511426,33.00817843060727
delta0.75__moderate,0.75,moderate,1.3,279304908,0b09a3bda266aa78,"{""COMPUTE"": 613, ""MEMORY"": 520, ""API_CREDITS"": 268, ""DATASET"": 155}","{""COMPUTE"": 0.9918433931484503, ""MEMORY"": 1.0134615384615384, ""API_CREDITS"": 1.0634328358208955, ""DATASET"": 0.9806451612903225}",4,31,23,0.4399630887326647,0.11447009472533602,0.5075267579418044,0.07823742809772945,106.23709139652249,13.650914419682698,29.137243433224057
delta0.75__moderate,0.75,moderate,1.3,284064978,27fdb9a979a62749,"{""COMPUTE"": 731, ""MEMORY"": 626, ""API_CREDITS"": 362, ""DATASET"": 169}","{""COMPUTE"": 1.5075239398084814, ""MEMORY"": 1.4856230031948883, ""API_CREDITS"": 1.4751381215469612, ""DATASET"": 1.4201183431952662}",4,35,29,0.6267030819643827,0.04440532301720801,0.5332001491947491,0.029665745014558802,227.2122950469399,30.082938339888965,53.96559564914887
delta0.75__moderate,0.75,moderate,1.3,322453867,c1679b167919fd55,"{""COMPUTE"": 743, ""MEMORY"": 592, ""API_CREDITS"": 360, ""DATASET"": 87}","{""COMPUTE"": 1.5639300134589502, ""MEMORY"": 1.6469594594594594, ""API_CREDITS"": 1.5472222222222223, ""DATASET"": 2.8505747126436782}",4,37,33,0.6283088966868173,0.06537665460679848,0.6067478626584315,0.039308948405260495,229.77574989326715,16.600863508327055,34.76343111147444
delta0.75__moderate,0.75,moderate,1.3,343457384,f5720efd98ebda64,"{""COMPUTE"": 891, ""MEMORY"": 720, ""API_CREDITS"": 432, ""DATASET"": 130}","{""COMPUTE"": 1.021324354657688, ""MEMORY"": 1.0361111111111112, ""API_CREDITS"": 0.9305555555555556, ""DATASET"": 1.353846153846154}",4,39,24,0.43419666674364943,0.1368954229883816,0.4760935228924457,0.09624702795888675,113.37230480494839,17.487769768921595,42.3561278134204
delta0.75__moderate,0.75,moderate,1.3,386742898,3f4574c9cbda46a8,"{""COMPUTE"": 681, ""MEMORY"": 610, ""API_CREDITS"": 295, ""DATASET"": 240}","{""COMPUTE"": 1.6622613803230544, ""MEMORY"": 1.5524590163934426, ""API_CREDITS"": 1.7796610169491525, ""DATASET"": 1.0333333333333334}",4,33,24,0.5523017111040546,0.07875240993845996,0.5253691266436468,0.04604571890001216,140.46755865834686,11.275677967641416,73.17936271351954
delta0.75__moderate,0.75,moderate,1.3,396660506,8706088e8771605b,"{""COMPUTE"": 482, ""MEMORY"": 407, ""API_CREDITS"": 238, ""DATASET"": 90}","{""COMPUTE"": 2.224066390041494, ""MEMORY"": 2.194103194103194, ""API_CREDITS"": 2.23109243697479, ""DATASET"": 2.2222222222222223}",4,36,34,0.7007639812289809,0.023106350291012455,0.5677693911238992,0.016329201371408777,295.9059083155103,23.34558026870242,33.40426071796665
delta0.75__moderate,0.75,moderate,1.3,421967079,4d51ddc3143f188b,"{""COMPUTE"": 811, ""MEMORY"": 686, ""API_CREDITS"": 390, ""DATASET"": 180}","{""COMPUTE"": 1.3662145499383478, ""MEMORY"": 1.3440233236151604, ""API_CREDITS"": 1.4, ""DATASET"": 1.1555555555555554}",4,38,27,0.4561725734684734,0.03634255130961217,0.41108256269178356,0.0223714200291989,160.0825530915225,13.555396575480692,34.50192210760797
delta0.75__moderate,0.75,moderate,1.3,433449607,1c4b3c80d120b28a,"{""COMPUTE"": 846, ""MEMORY"": 730, ""API_CREDITS"": 381, ""DATASET"": 238}","{""COMPUTE"": 1.0851063829787233, ""MEMORY"": 1.0835616438356164, ""API_CREDITS"": 1.094488188976378, ""DATASET"": 1.0420168067226891}",4,36,24,0.5115701997338498,0.06412387934253103,0.49989536172080645,0.039329734969655375,175.91255960959776,14.091782756965726,26.771381682910018
delta0.75__moderate,0.75,moderate,1.3,446926817,ef67cc33bcdc8f61,"{""COMPUTE"": 697, ""MEMORY"": 562, ""API_CREDITS"": 324, ""DATASET"": 103}","{""COMPUTE"": 0.9928263988522238, ""MEMORY"": 1.0355871886120998, ""API_CREDITS"": 0.8580246913580247, ""DATASET"": 1.7087378640776698}",4,35,18,0.43721456220207827,0.11528950789815827,0.3926025280592312,0.08523303207513737,114.61845503037704,15.172223651611093,23.094684529181606
delta0.75__moderate,0.75,moderate,1.3,453512931,50778e327983ee48,"{""COMPUTE"": 703, ""MEMORY"": 598, ""API_CREDITS"": 338, ""DATASET"": 161}","{""COMPUTE"": 1.3769559032716927, ""MEMORY"": 1.294314381270903, ""API_CREDITS"": 1.4142011834319526, ""DATASET"": 0.6956521739130435}",4,40,29,0.4738018504247381,0.05113115721790454,0.47526575843941243,0.03726911398535487,114.65337523140774,14.553814026268697,38.0986556442222
delta0.75__moderate,0.75,moderate,1.3,469716932,294763537d047b1f,"{""COMPUTE"": 774, ""MEMORY"": 612, ""API_CREDITS"": 358, ""DATASET"": 93}","{""COMPUTE"": 0.9612403100775194, ""MEMORY"": 0.9950980392156863, ""API_CREDITS"": 1.0363128491620113, ""DATASET"": 1.118279569892473}",4,38,32,0.5354198841086136,0.061465370477898115,0.5760777793907935,0.03875399725160227,132.16457091826487,11.902362523805591,43.33095141752815
delta0.75__moderate,0.75,moderate,1.3,484036427,da2f1cdb492a2e35,"{""COMPUTE"": 709, ""MEMORY"": 593, ""API_CREDITS"": 363, ""DATASET"": 125}","{""COMPUTE"": 1.4866008462623412, ""MEMORY"": 1.4822934232715008, ""API_CREDITS"": 1.4903581267217632, ""DATASET"": 1.472}",4,37,17,0.4537650228886181,0.040081104977917455,0.4484448358638578,0.026847637354952394,170.52874464572744,9.131369377213472,37.691676852871815
delta0.75__moderate,0.75,moderate,1.3,496510537,c9639a22d93148a3,"{""COMPUTE"": 1038, ""MEMORY"": 845, ""API_CREDITS"": 500, ""DATASET"": 171}","{""COMPUTE"": 0.930635838150289, ""MEMORY"": 0.9218934911242603, ""API_CREDITS"": 0.882, ""DATASET"": 0.8888888888888888}",4,41,22,0.4007391654782304,0.10362657921481452,0.43290784537254706,0.06539984885573123,158.5400537831422,9.873688129181623,55.44235160919454
delta0.75__moderate,0.75,moderate,1.3,561058638,8c4888da1ec9e3c5,"{""COMPUTE"": 778, ""MEMORY"": 592, ""API_CREDITS"": 364, ""DATASET"": 45}","{""COMPUTE"": 1.287917737789203, ""MEMORY"": 1.347972972972973, ""API_CREDITS"": 1.2362637362637363, ""DATASET"": 3.2}",4,34,24,0.4415553737066846,0.07130618943697352,0.4701363933821591,0.04878249302076911,109.58685186536646,17.372556310672998,39.321724008022336
delta0.75__moderate,0.75,moderate,1.3,572743071,9fc47b4f9b72a5e0,"{""COMPUTE"": 841, ""MEMORY"": 693, ""API_CREDITS"": 379, ""DATASET"": 170}","{""COMPUTE"": 1.131985731272295, ""MEMORY"": 1.0793650793650793, ""API_CREDITS"": 1.1926121372031662, ""DATASET"": 0.5647058823529412}",4,36,33,0.6706398660448688,0.04393656801360103,0.5445935898028398,0.026937317898965654,191.37272810793206,11.2570645459189,36.67255526158845
delta0.75__moderate,0.75,moderate,1.3,584741180,8b4d9e526c05a719,"{""COMPUTE"": 655, ""MEMORY"": 583, ""API_CREDITS"": 286, ""DATASET"": 221}","{""COMPUTE"": 1.2, ""MEMORY"": 1.1783876500857633, ""API_CREDITS"": 1.1503496503496504, ""DATASET"": 1.1221719457013575}",4,39,20,0.37088599916472215,0.14866774387724696,0.4309516828228514,0.09746358032674533,112.18615167570147,16.094455603216566,36.12424676791
delta0.75__moderate,0.75,moderate,1.3,585558921,b25bb47f872b00b9,"{""COMPUTE"": 561, ""MEMORY"": 478, ""API_CREDITS"": 231, ""DATASET"": 153}","{""COMPUTE"": 1.9073083778966131, ""MEMORY"": 1.8807531380753137, ""API_CREDITS"": 2.29004329004329, ""DATASET"": 1.411764705882353}",4,39,34,0.6452269224610666,0.050148501715827486,0.49382357526640225,0.034693797131040684,213.78650008925106,17.474272860293727,49.068424718600404
delta0.75__moderate,0.75,moderate,1.3,602333967,d98a82b9ceaa8eb5,"{""COMPUTE"": 769, ""MEMORY"": 648, ""API_CREDITS"": 355, ""DATASET"": 176}","{""COMPUTE"": 1.011703511053316, ""MEMORY"": 0.970679012345679, ""API_CREDITS"": 1.056338028169014, ""DATASET"": 0.5909090909090909}",4,35,28,0.5177357218695534,0.076436124481184,0.5363965585887195,0.04753179960604852,117.15855252014074,13.009307261427026,28.08090527605765
delta0.75__moderate,0.75,moderate,1.3,608406825,55dfccc014c1082e,"{""COMPUTE"": 819, ""MEMORY"": 668, ""API_CREDITS"": 406, ""DATASET"": 123}","{""COMPUTE"": 0.7936507936507936, ""MEMORY"": 0.8832335329341318, ""API_CREDITS"": 0.5763546798029556, ""DATASET"": 2.2113821138211383}",4,33,28,0.5815677283391177,0.11599593744130213,0.5237110382036484,0.07474147293810664,187.61973671952467,22.039437506496796,91.20776642021245
delta0.75__moderate,0.75,moderate,1.3,610357580,7560f29298f6826b,"{""COMPUTE"": 747, ""MEMORY"": 622, ""API_CREDITS"": 351, ""DATASET"": 150}","{""COMPUTE"": 1.4511378848728247, ""MEMORY"": 1.4469453376205788, ""API_CREDITS"": 1.4245014245014245, ""DATASET"": 1.4933333333333334}",4,37,14,0.34898749274957314,0.12101625851555572,0.38203452026887913,0.07564446172144275,92.85931502788843,16.143429941402612,31.595442040569974
delta0.75__moderate,0.75,moderate,1.3,616227400,1bb7ba7095319e8b,"{""COMPUTE"": 594, ""MEMORY"": 512, ""API_CREDITS"": 265, ""DATASET"": 160}","{""COMPUTE"": 1.3737373737373737, ""MEMORY"": 1.396484375, ""API_CREDITS"": 1.3622641509433961, ""DATASET"": 1.55}",4,34,22,0.5669331439043911,0.13649292026223242,0.44661762794533305,0.08748028492345199,233.48479470214752,20.331390385245104,40.58529304071863
delta0.75__moderate,0.75,moderate,1.3,638377088,e8dccda9d373de75,"{""COMPUTE"": 407, ""MEMORY"": 379, ""API_CREDITS"": 148, ""DATASET"": 183}","{""COMPUTE"": 1.9262899262899262, ""MEMORY"": 1.8548812664907652, ""API_CREDITS"": 2.25, ""DATASET"": 1.530054644808743}",4,38,22,0.48134718530048276,0.15866089949207546,0.5454271837222535,0.1081094285552973,151.33573284132,7.177027537736696,71.98951598275603
delta0.75__moderate,0.75,moderate,1.3,659053096,3d05271c2bad4f78,"{""COMPUTE"": 632, ""MEMORY"": 531, ""API_CREDITS"": 271, ""DATASET"": 152}","{""COMPUTE"": 1.2215189873417722, ""MEMORY"": 1.1807909604519775, ""API_CREDITS"": 1.3173431734317342, ""DATASET"": 0.7894736842105263}",4,37,35,0.6258244888248577,0.06724468243856173,0.6489668550386983,0.04228015949879699,116.85988788814247,24.5931002282818,47.9155977121132
delta0.75__moderate,0.75,moderate,1.3,677637387,0a9bed3b439c9998,"{""COMPUTE"": 809, ""MEMORY"": 682, ""API_CREDITS"": 386, ""DATASET"": 177}","{""COMPUTE"": 1.0852904820766378, ""MEMORY"": 1.0483870967741935, ""API_CREDITS"": 1.028497409326425, ""DATASET"": 0.8587570621468926}",4,33,23,0.49517734112101514,0.09351953294449511,0.5400368244940875,0.05889091292931791,151.1803916037658,17.61079302884063,67.40861338052896
delta0.75__moderate,0.75,moderate,1.3,687585327,ef77940e2fb24ed9,"{""COMPUTE"": 611, ""MEMORY"": 472, ""API_CREDITS"": 307, ""DATASET"": 29}","{""COMPUTE"": 1.4926350245499183, ""MEMORY"": 1.652542372881356, ""API_CREDITS"": 1.3941368078175895, ""DATASET"": 7.724137931034483}",4,35,27,0.4689363266324305,0.0826730898641538,0.578669535166125,0.056852465031023834,141.06287124380836,22.809500072910954,49.0238332604224
delta0.75__moderate,0.75,moderate,1.3,705933680,b04c62d257a2cb14,"{""COMPUTE"": 663, ""MEMORY"": 533, ""API_CREDITS"": 312, ""DATASET"": 90}","{""COMPUTE"": 1.2126696832579185, ""MEMORY"": 1.25328330206379, ""API_CREDITS"": 1.1794871794871795, ""DATASET"": 1.7777777777777777}",4,35,22,0.4216332618545944,0.09402724603025807,0.4217342246389091,0.056213269334504275,141.86874853560775,15.08913518601156,23.92034705181616
delta0.75__moderate,0.75,moderate,1.3,713663764,ec35b0aa90cd873f,"{""COMPUTE"": 484, ""MEMORY"": 413, ""API_CREDITS"": 247, ""DATASET"": 95}","{""COMPUTE"": 1.921487603305785, ""MEMORY"": 1.9467312348668282, ""API_CREDITS"": 1.7165991902834008, ""DATASET"": 2.694736842105263}",4,36,26,0.528512556769836,0.10628277739242892,0.49289061769806636,0.06590581510574443,154.46549776204813,13.46994109976177,33.09611925119887
delta0.75__moderate,0.75,moderate,1.3,756150979,4453de68bc938343,"{""COMPUTE"": 490, ""MEMORY"": 392, ""API_CREDITS"": 236, ""DATASET"": 51}","{""COMPUTE"": 1.6489795918367347, ""MEMORY"": 1.6989795918367347, ""API_CREDITS"": 1.6016949152542372, ""DATASET"": 2.823529411764706}",4,30,17,0.32950350276368573,0.1289415902499072,0.4742813323163481,0.0820964179295529,106.35820633894002,10.25247249997424,13.26974285451726
delta0.75__moderate,0.75,moderate,1.3,759787730,c27ce7177247e2ae,"{""COMPUTE"": 828, ""MEMORY"": 685, ""API_CREDITS"": 400, ""DATASET"": 153}","{""COMPUTE"": 0.9347826086956522, ""MEMORY"": 0.9635036496350365, ""API_CREDITS"": 0.87, ""DATASET"": 1.2549019607843137}",4,36,30,0.5789625850322513,0.13796959102242262,0.5542440343039693,0.0905080701943572,178.36772551614607,26.36251920900472,35.53534015769826
delta0.75__moderate,0.75,moderate,1.3,779334002,d8c2c1929358e317,"{""COMPUTE"": 959, ""MEMORY"": 765, ""API_CREDITS"": 459, ""DATASET"": 127}","{""COMPUTE"": 1.1032325338894682, ""MEMORY"": 1.2078431372549019, ""API_CREDITS"": 1.037037037037037, ""DATASET"": 2.5196850393700787}",4,41,31,0.49962000575387133,0.11274075835816083,0.5350896724499309,0.0778636226024839,138.16877576762639,29.180584858219678,53.324530009734644
delta0.75__moderate,0.75,moderate,1.3,786766500,735baaaa09bee447,"{""COMPUTE"": 614, ""MEMORY"": 532, ""API_CREDITS"": 262, ""DATASET"": 182}","{""COMPUTE"": 1.5276872964169381, ""MEMORY"": 1.5394736842105263, ""API_CREDITS"": 1.6068702290076335, ""DATASET"": 1.5384615384615385}",4,33,21,0.524893545714791,0.06708414377795593,0.5965026242063455,0.040633525836410805,192.49375770267702,26.414594064144733,70.52995005408756
delta0.75__moderate,0.75,moderate,1.3,891045433,d6bb927d1eed3944,"{""COMPUTE"": 509, ""MEMORY"": 451, ""API_CREDITS"": 225, ""DATASET"": 161}","{""COMPUTE"": 1.3713163064833005, ""MEMORY"": 1.2638580931263859, ""API_CREDITS"": 1.431111111111111, ""DATASET"": 0.6956521739130435}",4,34,25,0.5135758352877112,0.0714738630964291,0.5171643818875703,0.047455318348137016,153.44947272514977,13.578298144074212,21.608051162430367
delta0.75__moderate,0.75,moderate,1.3,898744256,8dc0541b7e8e3643,"{""COMPUTE"": 729, ""MEMORY"": 563, ""API_CREDITS"": 358, ""DATASET"": 44}","{""COMPUTE"": 0.8943758573388203, ""MEMORY"": 0.9200710479573713, ""API_CREDITS"": 0.9329608938547486, ""DATASET"": 1.0909090909090908}",4,37,24,0.4761860530360354,0.04901629274122542,0.4203394203062498,0.031813717358147954,110.40896128318195,16.12428341584639,19.131966205148593
delta0.75__moderate,0.75,moderate,1.3,921012401,2340787ad2ee5f30,"{""COMPUTE"": 851, ""MEMORY"": 684, ""API_CREDITS"": 390, ""DATASET"": 134}","{""COMPUTE"": 1.400705052878966, ""MEMORY"": 1.4576023391812865, ""API_CREDITS"": 1.412820512820513, ""DATASET"": 1.9701492537313432}",4,35,28,0.5550286339645778,0.05869262342127026,0.5285245564349438,0.03886924805366638,197.06869986233175,25.743494916381895,30.29084355530068
delta0.75__moderate,0.75,moderate,1.3,928131396,6bd5006923566b31,"{""COMPUTE"": 753, ""MEMORY"": 649, ""API_CREDITS"": 352, ""DATASET"": 198}","{""COMPUTE"": 1.3784860557768925, ""MEMORY"": 1.3882896764252697, ""API_CREDITS"": 1.3494318181818181, ""DATASET"": 1.494949494949495}",4,32,22,0.5184922219828475,0.048738451493373816,0.5456258686073222,0.03384338467537597,202.86487707206777,41.9684962473739,57.620642429433396
delta0.75__moderate,0.75,moderate,1.3,986685360,d05834555ee81c1d,"{""COMPUTE"": 620, ""MEMORY"": 518, ""API_CREDITS"": 277, ""DATASET"": 135}","{""COMPUTE"": 1.0548387096774194, ""MEMORY"": 1.0984555984555984, ""API_CREDITS"": 0.9638989169675091, ""DATASET"": 1.4814814814814814}",4,35,29,0.553910683176567,0.13226070876964166,0.5380489285273158,0.07876415031774762,135.8176798598195,11.514141263259923,48.116356996844274
delta0.75__moderate,0.75,moderate,1.3,1040871164,bf47f73498a09f19,"{""COMPUTE"": 788, ""MEMORY"": 672, ""API_CREDITS"": 387, ""DATASET"": 179}","{""COMPUTE"": 1.1725888324873097, ""MEMORY"": 1.1354166666666667, ""API_CREDITS"": 1.0775193798449612, ""DATASET"": 1.0279329608938548}",4,37,34,0.5867063317305626,0.1185151933477355,0.5447852406649363,0.07374335231700833,155.8284242472631,11.47913163940536,45.852147500652485
delta0.75__moderate,0.75,moderate,1.3,1109034924,65fa25608fb91f93,"{""COMPUTE"": 891, ""MEMORY"": 701, ""API_CREDITS"": 414, ""DATASET"": 104}","{""COMPUTE"": 1.1447811447811447, ""MEMORY"": 1.2296718972895864, ""API_CREDITS"": 1.1352657004830917, ""DATASET"": 2.3076923076923075}",4,36,31,0.5670397639241677,0.09313065471444477,0.6485445987684701,0.06618274536450237,155.77783640936977,26.985532641883463,47.27995784551086
delta0.75__moderate,0.75,moderate,1.3,1154819737,ddc41355b29c664f,"{""COMPUTE"": 666, ""MEMORY"": 529, ""API_CREDITS"": 305, ""DATASET"": 85}","{""COMPUTE"": 1.3903903903903905, ""MEMORY"": 1.449905482041588, ""API_CREDITS"": 1.3934426229508197, ""DATASET"": 2.164705882352941}",4,37,30,0.6216241839608517,0.07591038292051183,0.5422369328069782,0.05680766213742733,159.7638787253699,17.084012170720907,40.48217730024484
delta0.75__moderate,0.75,moderate,1.3,1158762883,84713b5239599ef8,"{""COMPUTE"": 649, ""MEMORY"": 526, ""API_CREDITS"": 304, ""DATASET"": 99}","{""COMPUTE"": 1.6795069337442219, ""MEMORY"": 1.6768060836501901, ""API_CREDITS"": 1.6644736842105263, ""DATASET"": 1.7777777777777777}",4,40,39,0.7074081821960753,0.0979723574179722,0.5264389186190446,0.06241941595508529,197.4791704923181,15.453709928588689,35.793482842839126
delta0.75__moderate,0.75,moderate,1.3,1164103101,f1beb76eecb45a41,"{""COMPUTE"": 570, ""MEMORY"": 492, ""API_CREDITS"": 254, ""DATASET"": 155}","{""COMPUTE"": 1.2105263157894737, ""MEMORY"": 1.146341463414634, ""API_CREDITS"": 1.1653543307086613, ""DATASET"": 0.8258064516129032}",4,37,20,0.4870100846296937,0.1558852453509005,0.4139720721017972,0.11648373798946898,146.5858270917484,19.211012337609123,39.73955457335661
delta0.75__moderate,0.75,moderate,1.3,1175015440,d472c93c7942320b,"{""COMPUTE"": 687, ""MEMORY"": 601, ""API_CREDITS"": 301, ""DATASET"": 210}","{""COMPUTE"": 1.0771470160116448, ""MEMORY"": 1.0149750415973378, ""API_CREDITS"": 1.0830564784053156, ""DATASET"": 0.6857142857142857}",4,36,28,0.5196096870508753,0.10534614730446612,0.5279660689740849,0.06614659590630752,161.20038710823772,25.690748868508006,49.06072388208825
delta0.75__moderate,0.75,moderate,1.3,1223536910,51425f81374c94a6,"{""COMPUTE"": 427, ""MEMORY"": 374, ""API_CREDITS"": 176, ""DATASET"": 130}","{""COMPUTE"": 1.6721311475409837, ""MEMORY"": 1.6818181818181819, ""API_CREDITS"": 1.6988636363636365, ""DATASET"": 1.7846153846153847}",4,32,23,0.5073113154963732,0.10809210153772163,0.4304647916085982,0.06882438370588953,165.1248942524346,9.533425193802767,53.74243174745944
delta0.75__moderate,0.75,moderate,1.3,1272846855,4b927eaa7d95ab4b,"{""COMPUTE"": 650, ""MEMORY"": 553, ""API_CREDITS"": 288, ""DATASET"": 165}","{""COMPUTE"": 1.6676923076923076, ""MEMORY"": 1.6365280289330921, ""API_CREDITS"": 1.7465277777777777, ""DATASET"": 1.406060606060606}",4,34,21,0.47427730604638035,0.04221811291204779,0.42270900113205706,0.027564604738478864,171.5451154681067,17.1405971501552,68.70978473499594
delta0.75__moderate,0.75,moderate,1.3,1329904169,7334c04773b13269,"{""COMPUTE"": 523, ""MEMORY"": 429, ""API_CREDITS"": 219, ""DATASET"": 105}","{""COMPUTE"": 1.3804971319311663, ""MEMORY"": 1.3636363636363635, ""API_CREDITS"": 1.3470319634703196, ""DATASET"": 1.2952380952380953}",4,43,28,0.48350407967841874,0.1621194064510273,0.4934595986903249,0.12007353989217934,109.63479529012791,16.228111931928513,26.61065062859753
delta0.75__moderate,0.75,moderate,1.3,1393164231,211a5b33fcf5436f,"{""COMPUTE"": 486, ""MEMORY"": 435, ""API_CREDITS"": 204, ""DATASET"": 168}","{""COMPUTE"": 1.8024691358024691, ""MEMORY"": 1.6689655172413793, ""API_CREDITS"": 1.9509803921568627, ""DATASET"": 1.0476190476190477}",4,36,28,0.6095441660107319,0.08082903727553101,0.5254322643185999,0.05325211353914891,152.891459941639,16.98506612430606,42.76551629274905
delta0.75__moderate,0.75,moderate,1.3,1397601319,42a85e8b3f2d7282,"{""COMPUTE"": 784, ""MEMORY"": 606, ""API_CREDITS"": 374, ""DATASET"": 58}","{""COMPUTE"": 0.8112244897959183, ""MEMORY"": 0.8910891089108911, ""API_CREDITS"": 0.7165775401069518, ""DATASET"": 2.7586206896551726}",4,41,32,0.5795416615805168,0.14987806311141746,0.569517498271575,0.10409379831757463,149.29832902865428,19.4201164456851,50.937345284728934
delta0.75__moderate,0.75,moderate,1.3,1414408149,735d797a6efce889,"{""COMPUTE"": 458, ""MEMORY"": 409, ""API_CREDITS"": 178, ""DATASET"": 165}","{""COMPUTE"": 1.9519650655021834, ""MEMORY"": 1.882640586797066, ""API_CREDITS"": 2.2808988764044944, ""DATASET"": 1.4545454545454546}",4,35,24,0.5599864278261335,0.07980341806170209,0.5896199834208811,0.04814829337913842,180.9543263228696,13.939850796272717,60.667213851795395
delta0.75__moderate,0.75,moderate,1.3,1443238425,0e4fe9d7cc74f6c5,"{""COMPUTE"": 556, ""MEMORY"": 468, ""API_CREDITS"": 241, ""DATASET"": 131}","{""COMPUTE"": 1.460431654676259, ""MEMORY"": 1.3867521367521367, ""API_CREDITS"": 1.5726141078838174, ""DATASET"": 0.7938931297709924}",4,40,17,0.30561823282271394,0.13183760683760684,0.23491451859827503,0.08738242984818327,94.85750832620074,6.895199154833658,33.696487626797854
delta0.75__moderate,0.75,moderate,1.3,1446854669,d2e48b34e37d9cfe,"{""COMPUTE"": 409, ""MEMORY"": 365, ""API_CREDITS"": 156, ""DATASET"": 146}","{""COMPUTE"": 1.8973105134474328, ""MEMORY"": 1.8712328767123287, ""API_CREDITS"": 2.1346153846153846, ""DATASET"": 1.6986301369863013}",4,37,36,0.6363331238809364,0.09361192588006198,0.6009608779527906,0.06449476980088432,169.22000333916026,21.639464197940896,54.15551989904454
delta0.75__moderate,0.75,moderate,1.3,1474233831,8cc777d74613edf3,"{""COMPUTE"": 558, ""MEMORY"": 478, ""API_CREDITS"": 242, ""DATASET"": 148}","{""COMPUTE"": 1.2759856630824373, ""MEMORY"": 1.299163179916318, ""API_CREDITS"": 1.334710743801653, ""DATASET"": 1.3513513513513513}",4,32,26,0.6004705813462999,0.12113604417010769,0.5064703545043042,0.07039651782961166,145.02145018775295,11.148551022575868,60.21176036130576
delta0.75__moderate,0.75,moderate,1.3,1476169622,138e36ca6b678b64,"{""COMPUTE"": 370, ""MEMORY"": 317, ""API_CREDITS"": 184, ""DATASET"": 72}","{""COMPUTE"": 2.3189189189189188, ""MEMORY"": 2.2018927444794953, ""API_CREDITS"": 2.358695652173913, ""DATASET"": 1.5555555555555556}",4,38,21,0.40042873017877695,0.05894968828341471,0.38583009619365205,0.039946389924279076,149.40796794864653,20.63005792822059,35.18061024706065
delta0.75__moderate,0.75,moderate,1.3,1515534678,eb2e10162f24abb9,"{""COMPUTE"": 636, ""MEMORY"": 524, ""API_CREDITS"": 319, ""DATASET"": 98}","{""COMPUTE"": 1.059748427672956, ""MEMORY"": 1.1049618320610688, ""API_CREDITS"": 1.031347962382445, ""DATASET"": 1.5510204081632653}",4,43,31,0.5459336762516667,0.10341437593385884,0.4384200704259374,0.0687168036980083,185.9868401113923,6.431355218918526,39.55493045873561
delta0.75__moderate,0.75,moderate,1.3,1538028730,5ce57daa207ff055,"{""COMPUTE"": 637, ""MEMORY"": 538, ""API_CREDITS"": 308, ""DATASET"": 132}","{""COMPUTE"": 1.4065934065934067, ""MEMORY"": 1.3401486988847584, ""API_CREDITS"": 1.4642857142857142, ""DATASET"": 0.7878787878787878}",4,37,26,0.5492634864896345,0.039239361727188754,0.4915051894000116,0.024065077324414222,127.20090233375446,8.50491967589725,30.502062124347617
delta0.75__moderate,0.75,moderate,1.3,1607564961,30ad30dfa579f03a,"{""COMPUTE"": 570, ""MEMORY"": 496, ""API_CREDITS"": 245, ""DATASET"": 169}","{""COMPUTE"": 1.0701754385964912, ""MEMORY"": 1.1068548387096775, ""API_CREDITS"": 0.9591836734693877, ""DATASET"": 1.3727810650887573}",4,35,20,0.4612198441055093,0.12864973050440828,0.47398735139536746,0.08434806420136738,126.77027223800296,15.441959793959498,65.94306663838448
delta0.75__moderate,0.75,moderate,1.3,1647295192,8062442669d0986c,"{""COMPUTE"": 775, ""MEMORY"": 659, ""API_CREDITS"": 337, ""DATASET"": 206}","{""COMPUTE"": 1.1535483870967742, ""MEMORY"": 1.1320182094081943, ""API_CREDITS"": 1.2640949554896141, ""DATASET"": 0.8543689320388349}",4,38,35,0.6879052197580707,0.0387309665734502,0.7107423397581788,0.024661814320114012,216.20691050802483,26.898595235762695,75.16184449426476
delta0.75__moderate,0.75,moderate,1.3,1680529007,0b4e1df84eea3600,"{""COMPUTE"": 624, ""MEMORY"": 497, ""API_CREDITS"": 278, ""DATASET"": 87}","{""COMPUTE"": 1.1378205128205128, ""MEMORY"": 1.2515090543259557, ""API_CREDITS"": 1.143884892086331, ""DATASET"": 2.3908045977011496}",4,34,26,0.5662277720950919,0.11221119355691184,0.528131604143673,0.07221430491325961,116.19040836622214,17.14705279359215,50.61001536161294
delta0.75__moderate,0.75,moderate,1.3,1683037842,51adfd7bb7ba9bf7,"{""COMPUTE"": 485, ""MEMORY"": 428, ""API_CREDITS"": 215, ""DATASET"": 148}","{""COMPUTE"": 1.6742268041237114, ""MEMORY"": 1.675233644859813, ""API_CREDITS"": 1.6325581395348838, ""DATASET"": 1.7837837837837838}",4,35,28,0.5169359181469705,0.11679935905978607,0.4963349169436513,0.07266500995165966,211.7032840787193,23.12267835603536,74.06925594771725
delta0.75__moderate,0.75,moderate,1.3,1684113726,91194d99c031f2a9,"{""COMPUTE"": 778, ""MEMORY"": 692, ""API_CREDITS"": 340, ""DATASET"": 266}","{""COMPUTE"": 1.3676092544987146, ""MEMORY"": 1.2947976878612717, ""API_CREDITS"": 1.4, ""DATASET"": 0.9624060150375939}",4,32,15,0.2933460225139176,0.12294160242053577,0.38403411233801577,0.07511614270957775,82.53790286764938,13.940109302634633,37.93830506461418
delta0.75__moderate,0.75,moderate,1.3,1723470144,c8d5205faf67d47e,"{""COMPUTE"": 793, ""MEMORY"": 694, ""API_CREDITS"": 369, ""DATASET"": 232}","{""COMPUTE"": 1.2307692307692308, ""MEMORY"": 1.2060518731988472, ""API_CREDITS"": 1.1788617886178863, ""DATASET"": 1.1379310344827587}",4,37,34,0.6547198631877479,0.10010929573858636,0.6119166737570293,0.05941717388609074,241.9575468355872,13.509818417514323,72.23898969288136
delta0.75__moderate,0.75,moderate,1.3,1746522117,2e8ecc9071181067,"{""COMPUTE"": 546, ""MEMORY"": 461, ""API_CREDITS"": 252, ""DATASET"": 119}","{""COMPUTE"": 1.2857142857142858, ""MEMORY"": 1.262472885032538, ""API_CREDITS"": 1.2142857142857142, ""DATASET"": 1.2100840336134453}",4,33,24,0.5157552739625549,0.1570484925386886,0.5074928150629862,0.11711613247560959,92.51610500519234,13.446055779690758,33.9466113384183
delta0.75__moderate,0.75,moderate,1.3,1761268421,efc6129a8ebf40ee,"{""COMPUTE"": 748, ""MEMORY"": 630, ""API_CREDITS"": 344, ""DATASET"": 170}","{""COMPUTE"": 1.393048128342246, ""MEMORY"": 1.3031746031746032, ""API_CREDITS"": 1.4738372093023255, ""DATASET"": 0.611764705882353}",4,33,28,0.5560674043760071,0.034937687554292024,0.5124997418461549,0.020656447219918914,178.11090264963926,23.659762961499098,65.9903082623718
delta0.75__moderate,0.75,moderate,1.3,1851037281,f4d913feaf514e15,"{""COMPUTE"": 777, ""MEMORY"": 648, ""API_CREDITS"": 362, ""DATASET"": 162}","{""COMPUTE"": 1.0115830115830116, ""MEMORY"": 1.0154320987654322, ""API_CREDITS"": 0.9558011049723757, ""DATASET"": 1.0864197530864197}",4,34,28,0.5683096176601498,0.14251098224490524,0.5167593921693651,0.09436755854829987,169.6030528506845,10.955984411342301,27.879764772539318
delta0.75__moderate,0.75,moderate,1.3,1867081647,793ad6ef27a55218,"{""COMPUTE"": 594, ""MEMORY"": 540, ""API_CREDITS"": 247, ""DATASET"": 230}","{""COMPUTE"": 1.6228956228956228, ""MEMORY"": 1.4814814814814814, ""API_CREDITS"": 1.8137651821862348, ""DATASET"": 0.8347826086956521}",4,33,26,0.6131985555098501,0.09543491474475578,0.46049114843033784,0.06152746318186853,254.49301852980815,25.03790510106209,52.91172125071137
delta0.75__moderate,0.75,moderate,1.3,1880620535,b0d1208c2496778e,"{""COMPUTE"": 714, ""MEMORY"": 601, ""API_CREDITS"": 339, ""DATASET"": 153}","{""COMPUTE"": 1.2717086834733893, ""MEMORY"": 1.2928452579034941, ""API_CREDITS"": 1.224188790560472, ""DATASET"": 1.5163398692810457}",4,41,25,0.4234474066727442,0.0756616586028351,0.3902078881147779,0.04736528850268859,164.23608026064997,20.411324946695824,23.85435305222984
delta0.75__moderate,0.75,moderate,1.3,1935876427,abecb2f3f929dd42,"{""COMPUTE"": 657, ""MEMORY"": 596, ""API_CREDITS"": 267, ""DATASET"": 260}","{""COMPUTE"": 1.2602739726027397, ""MEMORY"": 1.139261744966443, ""API_CREDITS"": 1.3970037453183521, ""DATASET"": 0.5846153846153846}",4,35,33,0.6955309272028855,0.0829626990994601,0.6566709868881474,0.054786240032168594,223.12984052238343,10.497875976983616,59.129300466358586
delta0.75__moderate,0.75,moderate,1.3,1943200581,73ad699e14fae7b5,"{""COMPUTE"": 498, ""MEMORY"": 436, ""API_CREDITS"": 220, ""DATASET"": 145}","{""COMPUTE"": 1.9076305220883534, ""MEMORY"": 1.761467889908257, ""API_CREDITS"": 1.9272727272727272, ""DATASET"": 1.103448275862069}",4,38,35,0.642063572505713,0.09762381571130657,0.6099498909137787,0.06727026586030972,195.64308015767665,19.56898556453434,40.90431987698097
delta0.75__moderate,0.75,moderate,1.3,1957258698,0316cf5197dda1cc,"{""COMPUTE"": 527, ""MEMORY"": 463, ""API_CREDITS"": 218, ""DATASET"": 168}","{""COMPUTE"": 1.5218216318785578, ""MEMORY"": 1.4967602591792657, ""API_CREDITS"": 1.573394495412844, ""DATASET"": 1.380952380952381}",4,37,34,0.6742040699760713,0.1007449018270164,0.5678244997458092,0.061388652728491526,215.565399741624,24.35441578076758,70.97683415845371
delta0.75__moderate,0.75,moderate,1.3,2000676221,06aacf409994edb0,"{""COMPUTE"": 885, ""MEMORY"": 730, ""API_CREDITS"": 427, ""DATASET"": 162}","{""COMPUTE"": 1.2203389830508475, ""MEMORY"": 1.236986301369863, ""API_CREDITS"": 1.2295081967213115, ""DATASET"": 1.3333333333333333}",4,38,23,0.41702691909440187,0.0706654191066658,0.47817881031751924,0.04125847972020009,143.52132023604267,27.208381839261403,59.854446291720926
delta0.75__moderate,0.75,moderate,1.3,2071520222,0e28cdb911c0422e,"{""COMPUTE"": 618, ""MEMORY"": 534, ""API_CREDITS"": 294, ""DATASET"": 156}","{""COMPUTE"": 1.4077669902912622, ""MEMORY"": 1.348314606741573, ""API_CREDITS"": 1.401360544217687, ""DATASET"": 1.0256410256410255}",4,39,36,0.6463275892069312,0.1034347743744664,0.5245097291545947,0.0650582364933239,231.8999022222271,32.42980516939409,44.58184645056025
delta0.75__moderate,0.75,moderate,1.3,2104789822,66ecd3c18aa94547,"{""COMPUTE"": 725, ""MEMORY"": 611, ""API_CREDITS"": 333, ""DATASET"": 166}","{""COMPUTE"": 1.2717241379310344, ""MEMORY"": 1.2765957446808511, ""API_CREDITS"": 1.3693693693693694, ""DATASET"": 1.1566265060240963}",4,39,27,0.5470476493333617,0.06071783035051519,0.5148475662703685,0.038666934791838636,175.03070976892286,32.96311610311895,45.43801333874496
delta0.75__moderate,0.75,moderate,1.3,2175919960,f1e3cc5ef430f915,"{""COMPUTE"": 885, ""MEMORY"": 743, ""API_CREDITS"": 423, ""DATASET"": 191}","{""COMPUTE"": 1.385310734463277, ""MEMORY"": 1.370121130551817, ""API_CREDITS"": 1.3947990543735225, ""DATASET"": 1.256544502617801}",4,36,19,0.4612045619240926,0.039417338860607255,0.4737804807637791,0.027403164402950795,163.49675947145548,15.616154433613692,45.490585217677854
delta0.75__moderate,0.75,moderate,1.3,2187181276,3aceff7473d65cd4,"{""COMPUTE"": 481, ""MEMORY"": 428, ""API_CREDITS"": 211, ""DATASET"": 154}","{""COMPUTE"": 1.2806652806652807, ""MEMORY"": 1.1308411214953271, ""API_CREDITS"": 1.4976303317535544, ""DATASET"": 0.2077922077922078}",4,33,32,0.7066669681556532,0.032702763355556004,0.48123794455965546,0.021802887294910228,155.4557323099256,13.651648677559942,48.463126582187755
delta0.75__moderate,0.75,moderate,1.3,2201730498,aa4174c7577e6b03,"{""COMPUTE"": 697, ""MEMORY"": 604, ""API_CREDITS"": 335, ""DATASET"": 181}","{""COMPUTE"": 1.5839311334289814, ""MEMORY"": 1.4966887417218544, ""API_CREDITS"": 1.5641791044776119, ""DATASET"": 1.0607734806629834}",4,32,20,0.49664945493343676,0.0467993353319467,0.453832474680029,0.03084056037675113,135.71701925586328,18.471112687259563,46.5313288312743
delta0.75__moderate,0.75,moderate,1.3,2207070483,b2ab4bb2d95fcf73,"{""COMPUTE"": 704, ""MEMORY"": 575, ""API_CREDITS"": 345, ""DATASET"": 105}","{""COMPUTE"": 1.4318181818181819, ""MEMORY"": 1.3930434782608696, ""API_CREDITS"": 1.4579710144927536, ""DATASET"": 0.9904761904761905}",4,31,26,0.6311932436344555,0.03203652438164498,0.517047835783932,0.019847706526815053,168.6968503151158,11.846177046554246,57.14904968565613
delta0.75__moderate,0.75,moderate,1.3,2218791610,dab8b68ae91a7212,"{""COMPUTE"": 797, ""MEMORY"": 615, ""API_CREDITS"": 378, ""DATASET"": 61}","{""COMPUTE"": 1.2772898368883312, ""MEMORY"": 1.3723577235772357, ""API_CREDITS"": 1.291005291005291, ""DATASET"": 3.1475409836065573}",4,39,31,0.5271014525051486,0.05740779254032267,0.5622695602535255,0.03582610938797592,136.49478774093677,22.232718853356328,40.98120499599116
delta0.75__moderate,0.75,moderate,1.3,2245371449,4850da2fbeb4fa93,"{""COMPUTE"": 661, ""MEMORY"": 567, ""API_CREDITS"": 287, ""DATASET"": 181}","{""COMPUTE"": 1.4583963691376702, ""MEMORY"": 1.4532627865961198, ""API_CREDITS"": 1.4912891986062717, ""DATASET"": 1.4143646408839778}",4,38,34,0.5629327163970089,0.10119314921142328,0.5266222313815497,0.06099020800677805,196.65892361895115,21.546746227407994,79.96497603258574
delta0.75__moderate,0.75,moderate,1.3,2264376108,d1b53309b0718eea,"{""COMPUTE"": 796, ""MEMORY"": 639, ""API_CREDITS"": 366, ""DATASET"": 119}","{""COMPUTE"": 0.9698492462311558, ""MEMORY"": 1.0187793427230047, ""API_CREDITS"": 0.9207650273224044, ""DATASET"": 1.546218487394958}",4,39,31,0.5224254014317781,0.15246594225502766,0.43641030657884294,0.11134621146151676,157.87559562780294,15.913539660395074,26.136952711525215
delta0.75__moderate,0.75,moderate,1.3,2278610062,eb4854b491f60b66,"{""COMPUTE"": 873, ""MEMORY"": 745, ""API_CREDITS"": 425, ""DATASET"": 206}","{""COMPUTE"": 0.9896907216494846, ""MEMORY"": 0.9704697986577181, ""API_CREDITS"": 0.9341176470588235, ""DATASET"": 0.8932038834951457}",4,34,28,0.5558936989871147,0.09888018160406059,0.49909393584568207,0.0715971776136373,170.43836327868138,14.024416575096419,30.93692719345258
delta0.75__moderate,0.75,moderate,1.3,2305903047,d3289295bcdb6a71,"{""COMPUTE"": 650, ""MEMORY"": 542, ""API_CREDITS"": 281, ""DATASET"": 148}","{""COMPUTE"": 1.1630769230769231, ""MEMORY"": 1.154981549815498, ""API_CREDITS"": 1.2313167259786477, ""DATASET"": 0.972972972972973}",4,38,31,0.5741105673588932,0.1058638494923661,0.526197064296326,0.06738475620082612,180.37228385308234,13.698403058036684,25.191167414371083
delta0.75__moderate,0.75,moderate,1.3,2313044508,195fd2730ad9309b,"{""COMPUTE"": 614, ""MEMORY"": 508, ""API_CREDITS"": 260, ""DATASET"": 135}","{""COMPUTE"": 1.6058631921824105, ""MEMORY"": 1.6299212598425197, ""API_CREDITS"": 1.8923076923076922, ""DATASET"": 1.4222222222222223}",4,40,31,0.5548971498786732,0.057447407888592414,0.5084598569631605,0.0364485862192403,126.26298817758783,15.356310629986837,29.2083152326403
delta0.75__moderate,0.75,moderate,1.3,2313893183,101186d6cc5a8629,"{""COMPUTE"": 833, ""MEMORY"": 666, ""API_CREDITS"": 400, ""DATASET"": 107}","{""COMPUTE"": 1.190876350540216, ""MEMORY"": 1.2222222222222223, ""API_CREDITS"": 1.165, ""DATASET"": 1.644859813084112}",4,39,36,0.6184046750692006,0.07825076329875161,0.5920516653615162,0.04677174333778896,206.09249120167507,16.225186924967886,54.120967701555124
delta0.75__moderate,0.75,moderate,1.3,2323336231,e586f1ade8529d03,"{""COMPUTE"": 673, ""MEMORY"": 557, ""API_CREDITS"": 281, ""DATASET"": 152}","{""COMPUTE"": 1.4145616641901932, ""MEMORY"": 1.4488330341113107, ""API_CREDITS"": 1.612099644128114, ""DATASET"": 1.4210526315789473}",4,30,26,0.5880934632619493,0.10033135234224642,0.4698952447843614,0.06119606059415311,168.23183710441978,20.00773264158752,43.19081845568062
delta0.75__moderate,0.75,moderate,1.3,2340911682,61b1000931cc511a,"{""COMPUTE"": 554, ""MEMORY"": 451, ""API_CREDITS"": 230, ""DATASET"": 105}","{""COMPUTE"": 1.5054151624548737, ""MEMORY"": 1.4678492239467849, ""API_CREDITS"": 1.8, ""DATASET"": 0.7619047619047619}",4,35,25,0.5099801064844737,0.044217416627316916,0.4830274678482464,0.030805214164347294,115.22044428775881,12.463346038118145,50.067409736931864
delta0.75__moderate,0.75,moderate,1.3,2341361004,f279d5f48cf830ea,"{""COMPUTE"": 816, ""MEMORY"": 663, ""API_CREDITS"": 390, ""DATASET"": 128}","{""COMPUTE"": 1.0857843137254901, ""MEMORY"": 1.167420814479638, ""API_CREDITS"": 0.9897435897435898, ""DATASET"": 2.125}",4,28,27,0.6814429829402348,0.04842685877775274,0.5695294640347132,0.03257942158608874,204.5684924793196,27.372265991994396,66.65404682512663
delta0.75__moderate,0.75,moderate,1.3,2359336968,d8089301499549c3,"{""COMPUTE"": 705, ""MEMORY"": 583, ""API_CREDITS"": 352, ""DATASET"": 117}","{""COMPUTE"": 1.202836879432624, ""MEMORY"": 1.222984562607204, ""API_CREDITS"": 1.1789772727272727, ""DATASET"": 1.435897435897436}",4,35,30,0.5473653425414339,0.05673490221585415,0.5855483966574485,0.03434311470094662,177.5577538304822,32.42734343699296,53.52144948136703
delta0.75__moderate,0.75,moderate,1.3,2364012430,437ebe19a243cab1,"{""COMPUTE"": 799, ""MEMORY"": 644, ""API_CREDITS"": 365, ""DATASET"": 128}","{""COMPUTE"": 1.0287859824780976, ""MEMORY"": 1.0822981366459627, ""API_CREDITS"": 1.0054794520547945, ""DATASET"": 1.5625}",4,35,32,0.6295091965718322,0.1280047348752459,0.5781307038945213,0.08647858771094026,155.81294682854258,12.489674816388126,39.19121138027864
delta0.75__moderate,0.75,moderate,1.3,2387674784,56f14c57829d26c2,"{""COMPUTE"": 648, ""MEMORY"": 536, ""API_CREDITS"": 295, ""DATASET"": 127}","{""COMPUTE"": 1.3611111111111112, ""MEMORY"": 1.4291044776119404, ""API_CREDITS"": 1.2542372881355932, ""DATASET"": 2.141732283464567}",4,36,35,0.6094170548365431,0.10039015346862769,0.5689780705474358,0.06266710234125582,177.92164921480298,27.48491915481719,51.79701906026031
delta0.75__moderate,0.75,moderate,1.3,2460794327,d6f6a17e673a8943,"{""COMPUTE"": 770, ""MEMORY"": 606, ""API_CREDITS"": 351, ""DATASET"": 91}","{""COMPUTE"": 1.161038961038961, ""MEMORY"": 1.2145214521452146, ""API_CREDITS"": 1.1965811965811965, ""DATASET"": 1.7582417582417582}",4,39,23,0.3203464028887039,0.07472341827736764,0.4920543842509251,0.04846773146376018,97.19642869852184,14.680851169100507,42.31938167072217
delta0.75__moderate,0.75,moderate,1.3,2465060907,3e470e79a079ec33,"{""COMPUTE"": 421, ""MEMORY"": 378, ""API_CREDITS"": 158, ""DATASET"": 158}","{""COMPUTE"": 1.9239904988123515, ""MEMORY"": 1.7724867724867726, ""API_CREDITS"": 2.4430379746835444, ""DATASET"": 0.9113924050632911}",4,34,30,0.6827636277251578,0.04155705307803441,0.5458823831422467,0.025856696837662035,214.95619838511527,31.773258322829097,64.97559872214202
delta0.75__moderate,0.75,moderate,1.3,2479492459,82f2ef5b513e976c,"{""COMPUTE"": 749, ""MEMORY"": 606, ""API_CREDITS"": 344, ""DATASET"": 120}","{""COMPUTE"": 1.0841121495327102, ""MEMORY"": 1.0396039603960396, ""API_CREDITS"": 1.1686046511627908, ""DATASET"": 0.4}",4,36,24,0.36970554200260386,0.03314620597362019,0.4969125781325359,0.02091771529079978,95.5812163650162,19.505657209389685,44.032502966201456
delta0.75__moderate,0.75,moderate,1.3,2555635641,9ba4ba5b6d49ef19,"{""COMPUTE"": 600, ""MEMORY"": 525, ""API_CREDITS"": 270, ""DATASET"": 176}","{""COMPUTE"": 1.5666666666666667, ""MEMORY"": 1.5104761904761905, ""API_CREDITS"": 1.5222222222222221, ""DATASET"": 1.3181818181818181}",4,37,24,0.38236794713765154,0.12786481262196073,0.37254096723561947,0.08375630512616988,96.76835042951092,8.123094843983003,22.733105352307632
delta0.75__moderate,0.75,moderate,1.3,2557315479,da03c734f71220ca,"{""COMPUTE"": 698, ""MEMORY"": 569, ""API_CREDITS"": 314, ""DATASET"": 123}","{""COMPUTE"": 1.4613180515759312, ""MEMORY"": 1.437609841827768, ""API_CREDITS"": 1.5222929936305734, ""DATASET"": 1.170731707317073}",4,34,26,0.535153007653167,0.04627572993021499,0.5572722403092487,0.030070412460131923,157.74588333008535,11.55790597710957,67.0209947894892
delta0.75__moderate,0.75,moderate,1.3,2582895085,28dbfbed689907a0,"{""COMPUTE"": 437, ""MEMORY"": 384, ""API_CREDITS"": 171, ""DATASET"": 144}","{""COMPUTE"": 2.622425629290618, ""MEMORY"": 2.3958333333333335, ""API_CREDITS"": 3.2046783625730995, ""DATASET"": 1.1111111111111112}",4,38,32,0.5837489629135882,0.04257023780054443,0.47129628504092813,0.032647140732686854,237.29159623375236,31.4370563140774,43.87633370841889
delta0.75__moderate,0.75,moderate,1.3,2615816904,cbc2e83a2684445c,"{""COMPUTE"": 587, ""MEMORY"": 491, ""API_CREDITS"": 294, ""DATASET"": 103}","{""COMPUTE"": 1.5979557069846677, ""MEMORY"": 1.580448065173116, ""API_CREDITS"": 1.5782312925170068, ""DATASET"": 1.5533980582524272}",4,29,29,0.7460521159704614,0.07334415009504863,0.5333230826201782,0.0448119825742359,219.53888692956113,19.85738069049338,99.67357390556889
delta0.75__moderate,0.75,moderate,1.3,2641268422,d2123b4a995a940c,"{""COMPUTE"": 586, ""MEMORY"": 512, ""API_CREDITS"": 262, ""DATASET"": 170}","{""COMPUTE"": 1.3890784982935154, ""MEMORY"": 1.349609375, ""API_CREDITS"": 1.3015267175572518, ""DATASET"": 1.2705882352941176}",4,39,32,0.5422347350762876,0.12502159956281536,0.5802130538467244,0.08390839481769917,131.7566316375314,12.10979014223525,49.091029428107284
delta0.75__moderate,0.75,moderate,1.3,2650780455,df7bda51735317a9,"{""COMPUTE"": 499, ""MEMORY"": 422, ""API_CREDITS"": 230, ""DATASET"": 109}","{""COMPUTE"": 1.6152304609218437, ""MEMORY"": 1.6848341232227488, ""API_CREDITS"": 1.5869565217391304, ""DATASET"": 2.2752293577981653}",4,34,23,0.5983801452420378,0.11767121131379067,0.5761705348886104,0.08212909567961595,233.15396976075166,13.956738831020298,74.84316871148341
delta0.75__moderate,0.75,moderate,1.3,2659608022,f21aa7d884b17ad1,"{""COMPUTE"": 674, ""MEMORY"": 576, ""API_CREDITS"": 309, ""DATASET"": 169}","{""COMPUTE"": 1.2462908011869436, ""MEMORY"": 1.2361111111111112, ""API_CREDITS"": 1.2686084142394822, ""DATASET"": 1.136094674556213}",4,29,17,0.5011994810724111,0.11087957157078174,0.4667246002977023,0.07255805413595066,190.96227914610782,17.971552214196745,64.4622791461078
delta0.75__moderate,0.75,moderate,1.3,2662675958,9d1df9f3a2fc1912,"{""COMPUTE"": 693, ""MEMORY"": 574, ""API_CREDITS"": 358, ""DATASET"": 109}","{""COMPUTE"": 1.0101010101010102, ""MEMORY"": 1.0766550522648084, ""API_CREDITS"": 0.8994413407821229, ""DATASET"": 1.908256880733945}",4,33,27,0.589871703018524,0.11953959919147164,0.4588674240141682,0.07760547221728083,243.00572513252428,29.295817860642515,34.140188849549524
delta0.75__moderate,0.75,moderate,1.3,2673731007,27b44a66e0734ae2,"{""COMPUTE"": 675, ""MEMORY"": 545, ""API_CREDITS"": 350, ""DATASET"": 73}","{""COMPUTE"": 1.5496296296296297, ""MEMORY"": 1.58348623853211, ""API_CREDITS"": 1.4542857142857142, ""DATASET"": 2.5205479452054793}",4,37,23,0.416756576623623,0.06470060610020613,0.4059907283511885,0.04138600115373676,130.6748838105283,19.094999082578827,28.942165743945495
delta0.75__moderate,0.75,moderate,1.3,2689934569,d8dea05ba2378c85,"{""COMPUTE"": 638, ""MEMORY"": 521, ""API_CREDITS"": 294, ""DATASET"": 109}","{""COMPUTE"": 1.213166144200627, ""MEMORY"": 1.2284069097888675, ""API_CREDITS"": 1.1428571428571428, ""DATASET"": 1.4678899082568808}",4,41,19,0.43317664556348734,0.14974111676796378,0.41810250292309364,0.10545759982444754,113.48653305489324,9.049892674476236,25.964401201784245
delta0.75__moderate,0.75,moderate,1.3,2709531232,3417672a1225c892,"{""COMPUTE"": 735, ""MEMORY"": 624, ""API_CREDITS"": 334, ""DATASET"": 180}","{""COMPUTE"": 1.3714285714285714, ""MEMORY"": 1.4070512820512822, ""API_CREDITS"": 1.3353293413173652, ""DATASET"": 1.6888888888888889}",4,36,28,0.5198436155132184,0.0723087576739012,0.4585139288434827,0.04414385285032354,206.519108263012,15.649079139692917,49.66833457808229
delta0.75__moderate,0.75,moderate,1.3,2732825905,36de23282bdc9058,"{""COMPUTE"": 715, ""MEMORY"": 596, ""API_CREDITS"": 337, ""DATASET"": 143}","{""COMPUTE"": 0.9706293706293706, ""MEMORY"": 0.9530201342281879, ""API_CREDITS"": 1.0207715133531157, ""DATASET"": 0.6713286713286714}",4,34,29,0.6023819413014958,0.09542305413288524,0.6621843461649751,0.06389880607725187,160.03927548260646,17.32967346233772,38.52011389841095
delta0.75__moderate,0.75,moderate,1.3,2788397956,46ea40696ddde35b,"{""COMPUTE"": 617, ""MEMORY"": 496, ""API_CREDITS"": 325, ""DATASET"": 56}","{""COMPUTE"": 1.539708265802269, ""MEMORY"": 1.560483870967742, ""API_CREDITS"": 1.4215384615384616, ""DATASET"": 2.5714285714285716}",4,35,30,0.6498458446844302,0.08341943838706717,0.5532542222327107,0.05050110656870521,197.73999283661968,18.817782824058956,45.533129924077436
delta0.75__moderate,0.75,moderate,1.3,2790330942,cf214e3c13c4f08b,"{""COMPUTE"": 692, ""MEMORY"": 572, ""API_CREDITS"": 309, ""DATASET"": 140}","{""COMPUTE"": 1.1618497109826589, ""MEMORY"": 1.1765734265734267, ""API_CREDITS"": 1.2006472491909386, ""DATASET"": 1.2}",4,38,28,0.42079092030385556,0.07428965023505087,0.670063954089643,0.053643431561592105,82.20033601362259,20.49393659041076,43.22990270237998
delta0.75__moderate,0.75,moderate,1.3,2803227013,fd6cf2620b8c1343,"{""COMPUTE"": 682, ""MEMORY"": 530, ""API_CREDITS"": 320, ""DATASET"": 58}","{""COMPUTE"": 1.064516129032258, ""MEMORY"": 1.1566037735849057, ""API_CREDITS"": 1.009375, ""DATASET"": 2.896551724137931}",4,33,33,0.6733754516136955,0.1249829364562579,0.6138915681736594,0.07951928407582722,180.57730099204377,22.615328299094283,34.90573778200608
delta0.75__moderate,0.75,moderate,1.3,2834917450,9b20b63ceb7ccb40,"{""COMPUTE"": 654, ""MEMORY"": 542, ""API_CREDITS"": 283, ""DATASET"": 140}","{""COMPUTE"": 1.110091743119266, ""MEMORY"": 1.0682656826568266, ""API_CREDITS"": 1.1908127208480566, ""DATASET"": 0.6285714285714286}",4,39,21,0.4527493301372582,0.11333813137323423,0.4453500787827147,0.07450328871624855,142.60906827572774,16.14022803544815,35.34750371284341
delta0.75__moderate,0.75,moderate,1.3,2884304410,0348cf56a0d85d62,"{""COMPUTE"": 938, ""MEMORY"": 800, ""API_CREDITS"": 458, ""DATASET"": 221}","{""COMPUTE"": 1.159914712153518, ""MEMORY"": 1.12375, ""API_CREDITS"": 1.1899563318777293, ""DATASET"": 0.832579185520362}",4,37,27,0.5736042130557326,0.042145080594358876,0.5036798879992558,0.027965983940322358,234.19873556328375,31.534139030309337,18.69251923926431
delta0.75__moderate,0.75,moderate,1.3,2899573342,cf44095b54d87e7d,"{""COMPUTE"": 598, ""MEMORY"": 526, ""API_CREDITS"": 239, ""DATASET"": 204}","{""COMPUTE"": 1.2976588628762542, ""MEMORY"": 1.1958174904942966, ""API_CREDITS"": 1.401673640167364, ""DATASET"": 0.6666666666666666}",4,36,29,0.5142330888528203,0.06860917225484692,0.608901765909207,0.044341941511529565,110.28398256780444,17.189240009001356,19.39099220441086
delta0.75__moderate,0.75,moderate,1.3,2933419437,1d2104a7e41be107,"{""COMPUTE"": 635, ""MEMORY"": 529, ""API_CREDITS"": 305, ""DATASET"": 119}","{""COMPUTE"": 1.3669291338582676, ""MEMORY"": 1.4007561436672968, ""API_CREDITS"": 1.3737704918032787, ""DATASET"": 1.680672268907563}",4,31,18,0.41050404355872744,0.07934482671324776,0.43795666074050654,0.051347479448983206,107.65299246453458,9.678973852468705,48.690508623986375
delta0.75__moderate,0.75,moderate,1.3,2952553515,be190f35d2b23862,"{""COMPUTE"": 724, ""MEMORY"": 579, ""API_CREDITS"": 312, ""DATASET"": 116}","{""COMPUTE"": 1.3093922651933703, ""MEMORY"": 1.3454231433506045, ""API_CREDITS"": 1.3621794871794872, ""DATASET"": 1.5862068965517242}",4,34,21,0.5548751333047461,0.09636697809919172,0.4742160101915409,0.06761508713566364,184.6926887503523,18.602095296156268,43.94606439201977
delta0.75__moderate,0.75,moderate,1.3,2955940172,99757fdd42a10ac3,"{""COMPUTE"": 697, ""MEMORY"": 589, ""API_CREDITS"": 314, ""DATASET"": 167}","{""COMPUTE"": 1.1018651362984218, ""MEMORY"": 1.1256366723259763, ""API_CREDITS"": 1.0605095541401275, ""DATASET"": 1.2934131736526946}",4,34,26,0.5896237693395797,0.14781115315789972,0.45607136971455864,0.09930055301357148,177.32077408084896,17.400993213660065,30.86080660132905
delta0.75__moderate,0.75,moderate,1.3,2981583208,1ee0e397e61ca226,"{""COMPUTE"": 866, ""MEMORY"": 717, ""API_CREDITS"": 439, ""DATASET"": 148}","{""COMPUTE"": 1.1270207852193996, ""MEMORY"": 1.1617852161785216, ""API_CREDITS"": 1.0637813211845102, ""DATASET"": 1.5675675675675675}",4,30,16,0.4480855289522159,0.06201159145171782,0.48299997089034785,0.03744663233452004,107.74787713121601,19.60018778986461,56.74886201714676
delta0.75__moderate,0.75,moderate,1.3,2985129291,d535fa2f7d198262,"{""COMPUTE"": 618, ""MEMORY"": 501, ""API_CREDITS"": 272, ""DATASET"": 106}","{""COMPUTE"": 1.5113268608414239, ""MEMORY"": 1.532934131736527, ""API_CREDITS"": 1.6470588235294117, ""DATASET"": 1.509433962264151}",4,36,33,0.6644672055685589,0.06185668470286664,0.6452893580393244,0.03879205327278035,165.08825207964728,24.439507866858904,37.15037989325291
delta0.75__moderate,0.75,moderate,1.3,2999756299,c6b83f6789e1bc8e,"{""COMPUTE"": 668, ""MEMORY"": 534, ""API_CREDITS"": 320, ""DATASET"": 83}","{""COMPUTE"": 1.0688622754491017, ""MEMORY"": 1.1853932584269662, ""API_CREDITS"": 0.834375, ""DATASET"": 3.180722891566265}",4,39,37,0.6506492082070151,0.14663692929892194,0.5702435711394392,0.09105720099984162,159.7170326816339,21.361277534962444,49.07472545519494
delta0.75__moderate,0.75,moderate,1.3,3033509426,2b3aa626642e6a70,"{""COMPUTE"": 652, ""MEMORY"": 522, ""API_CREDITS"": 331, ""DATASET"": 67}","{""COMPUTE"": 1.4233128834355828, ""MEMORY"": 1.4118773946360152, ""API_CREDITS"": 1.350453172205438, ""DATASET"": 1.5522388059701493}",4,38,18,0.2685539387995267,0.06026389188153893,0.42161854940525156,0.03518059645510626,40.41549833246231,7.749026989502608,29.090472244314963
delta0.75__moderate,0.75,moderate,1.3,3038190311,d144617f67521a94,"{""COMPUTE"": 786, ""MEMORY"": 697, ""API_CREDITS"": 356, ""DATASET"": 257}","{""COMPUTE"": 1.3918575063613232, ""MEMORY"": 1.296987087517934, ""API_CREDITS"": 1.3932584269662922, ""DATASET"": 0.8715953307392996}",4,35,24,0.47784359968978857,0.1115431951118353,0.4350572615888207,0.0743924516289513,151.63969672285955,6.15049848073333,35.82018123261265
delta0.75__moderate,0.75,moderate,1.3,3054276103,1167232c865341cf,"{""COMPUTE"": 814, ""MEMORY"": 701, ""API_CREDITS"": 369, ""DATASET"": 225}","{""COMPUTE"": 1.3218673218673218, ""MEMORY"": 1.2211126961483594, ""API_CREDITS"": 1.4092140921409213, ""DATASET"": 0.5688888888888889}",4,33,32,0.7158742479292814,0.04219477731006766,0.5071486556078161,0.02573424520600497,251.61809649281318,22.614822841715,39.208103312326166
delta0.75__moderate,0.75,moderate,1.3,3070189897,77128a7146a0ffc5,"{""COMPUTE"": 714, ""MEMORY"": 585, ""API_CREDITS"": 342, ""DATASET"": 118}","{""COMPUTE"": 1.1932773109243697, ""MEMORY"": 1.2376068376068377, ""API_CREDITS"": 1.064327485380117, ""DATASET"": 1.8983050847457628}",4,38,37,0.691689109803803,0.12499912089497131,0.5548292923928327,0.07704762647165071,225.09114355031625,13.025018574867483,43.51435405418047
delta0.75__moderate,0.75,moderate,1.3,3099722351,403d3fa435170d88,"{""COMPUTE"": 749, ""MEMORY"": 665, ""API_CREDITS"": 340, ""DATASET"": 244}","{""COMPUTE"": 1.3030707610146863, ""MEMORY"": 1.2586466165413535, ""API_CREDITS"": 1.2794117647058822, ""DATASET"": 1.0819672131147542}",4,34,25,0.6274171635560623,0.10268452634615564,0.6097494145661155,0.06626911428449711,189.38738870676534,22.90798708067579,83.85086378164586
delta0.75__moderate,0.75,moderate,1.3,3116983969,971fbe636606a13f,"{""COMPUTE"": 703, ""MEMORY"": 554, ""API_CREDITS"": 353, ""DATASET"": 59}","{""COMPUTE"": 1.1522048364153628, ""MEMORY"": 1.1552346570397112, ""API_CREDITS"": 1.0424929178470255, ""DATASET"": 1.6271186440677967}",4,31,22,0.48323616709768163,0.07916968401522541,0.48733780646296393,0.05452702702702703,138.63013194203222,14.00145799946605,31.05098319512052
delta0.75__moderate,0.75,moderate,1.3,3153527322,32a3ff5712ed405b,"{""COMPUTE"": 988, ""MEMORY"": 810, ""API_CREDITS"": 474, ""DATASET"": 176}","{""COMPUTE"": 0.902834008097166, ""MEMORY"": 0.9160493827160494, ""API_CREDITS"": 0.8818565400843882, ""DATASET"": 1.0}",4,36,26,0.5586623974611499,0.08449104163954314,0.5237725686865234,0.0518761078617854,201.76637385014465,21.069014970259946,67.65133502991249
delta0.75__moderate,0.75,moderate,1.3,3164050495,d5909608bca0fbc3,"{""COMPUTE"": 792, ""MEMORY"": 664, ""API_CREDITS"": 373, ""DATASET"": 171}","{""COMPUTE"": 1.2424242424242424, ""MEMORY"": 1.2033132530120483, ""API_CREDITS"": 1.257372654155496, ""DATASET"": 0.8888888888888888}",4,32,22,0.5571236496165333,0.06844989908963421,0.457818191227068,0.04139836326393765,144.06574257906468,13.38804736007197,47.5663989430711
delta0.75__moderate,0.75,moderate,1.3,3166920227,f199e4f58340ccee,"{""COMPUTE"": 758, ""MEMORY"": 649, ""API_CREDITS"": 327, ""DATASET"": 212}","{""COMPUTE"": 1.3007915567282322, ""MEMORY"": 1.2064714946070878, ""API_CREDITS"": 1.4220183486238531, ""DATASET"": 0.5660377358490566}",4,38,23,0.45119058708111637,0.050581812321384284,0.49347864235662325,0.031614386796971455,102.41072420962585,13.87514233354988,31.867761095684134
delta0.75__moderate,0.75,moderate,1.3,3175937812,37398a608db71730,"{""COMPUTE"": 779, ""MEMORY"": 658, ""API_CREDITS"": 372, ""DATASET"": 173}","{""COMPUTE"": 0.9833119383825417, ""MEMORY"": 1.0167173252279635, ""API_CREDITS"": 0.8897849462365591, ""DATASET"": 1.3410404624277457}",4,36,36,0.7189676582344475,0.11216600065825394,0.5526777632122278,0.07624264584182307,268.4171868973231,28.71196175376439,45.46477771587334
delta0.75__moderate,0.75,moderate,1.3,3192653688,c4c0e6035eb5ea30,"{""COMPUTE"": 967, ""MEMORY"": 799, ""API_CREDITS"": 467, ""DATASET"": 181}","{""COMPUTE"": 1.236814891416753, ""MEMORY"": 1.227784730913642, ""API_CREDITS"": 1.2569593147751605, ""DATASET"": 1.1049723756906078}",4,32,25,0.5644660141633101,0.035405597798808836,0.43042040984538166,0.023379367487484343,204.6788307006709,13.431433816773007,39.575740864372634
delta0.75__moderate,0.75,moderate,1.3,3200726976,c8956ea80170793c,"{""COMPUTE"": 659, ""MEMORY"": 521, ""API_CREDITS"": 303, ""DATASET"": 78}","{""COMPUTE"": 1.062215477996965, ""MEMORY"": 1.1573896353166986, ""API_CREDITS"": 1.033003300330033, ""DATASET"": 2.358974358974359}",4,38,35,0.6765326892426943,0.12882110228761007,0.491374720603037,0.09053683728639318,131.40933480414492,16.573467854933934,28.761773151481787
delta0.75__moderate,0.75,moderate,1.3,3225980398,85b73414c8cfe85e,"{""COMPUTE"": 771, ""MEMORY"": 632, ""API_CREDITS"": 357, ""DATASET"": 138}","{""COMPUTE"": 1.1932555123216602, ""MEMORY"": 1.25, ""API_CREDITS"": 1.1820728291316527, ""DATASET"": 1.7391304347826086}",4,36,21,0.40254980458079886,0.13832440707440707,0.3578576442460864,0.09143911643911644,150.9030851199001,13.3432465308638,16.913134206353806
delta0.75__moderate,0.75,moderate,1.3,3247708285,a3eef606f6a30799,"{""COMPUTE"": 669, ""MEMORY"": 561, ""API_CREDITS"": 278, ""DATASET"": 166}","{""COMPUTE"": 1.390134529147982, ""MEMORY"": 1.3440285204991087, ""API_CREDITS"": 1.4172661870503598, ""DATASET"": 1.0602409638554218}",4,38,22,0.4504572952048085,0.07981466894238025,0.4208900704082474,0.057120019063083026,161.2617464732662,13.203970795479393,31.070973259830136
delta0.75__moderate,0.75,moderate,1.3,3275511066,c54a75064c3b79a6,"{""COMPUTE"": 699, ""MEMORY"": 572, ""API_CREDITS"": 345, ""DATASET"": 106}","{""COMPUTE"": 1.502145922746781, ""MEMORY"": 1.5122377622377623, ""API_CREDITS"": 1.4115942028985506, ""DATASET"": 1.8867924528301887}",4,37,35,0.6703905165977208,0.10054741831933842,0.5158018884834734,0.06071584578311792,221.36686805247186,32.728828722357655,61.61837629285511
delta0.75__moderate,0.75,moderate,1.3,3282615687,df6842b3fecce26e,"{""COMPUTE"": 974, ""MEMORY"": 822, ""API_CREDITS"": 462, ""DATASET"": 224}","{""COMPUTE"": 0.8583162217659137, ""MEMORY"": 0.8503649635036497, ""API_CREDITS"": 0.8073593073593074, ""DATASET"": 0.8214285714285714}",4,38,33,0.6098480429519949,0.10167498416991319,0.524814147302533,0.06968757587113177,245.87527871485523,22.11335748340387,34.29296693600241
delta0.75__moderate,0.75,moderate,1.3,3309075039,a51739a8c3127634,"{""COMPUTE"": 627, ""MEMORY"": 492, ""API_CREDITS"": 287, ""DATASET"": 67}","{""COMPUTE"": 1.3301435406698565, ""MEMORY"": 1.4532520325203253, ""API_CREDITS"": 1.3135888501742161, ""DATASET"": 3.2238805970149254}",4,35,30,0.689812713706483,0.13162965205583055,0.49431012364760524,0.08266737396530355,188.53111069933507,10.036488532793143,34.66966418879687
delta0.75__moderate,0.75,moderate,1.3,3334186716,0e5a2a5c6e0447fd,"{""COMPUTE"": 621, ""MEMORY"": 523, ""API_CREDITS"": 294, ""DATASET"": 131}","{""COMPUTE"": 1.6650563607085347, ""MEMORY"": 1.6424474187380498, ""API_CREDITS"": 1.6088435374149659, ""DATASET"": 1.6488549618320612}",4,39,28,0.44751090086893747,0.10712092006904353,0.4443611585301319,0.06566902903954167,123.26567814062359,30.23195012962341,62.841301717217135
delta0.75__moderate,0.75,moderate,1.3,3439138492,e9fd28c3ed7aebcf,"{""COMPUTE"": 751, ""MEMORY"": 625, ""API_CREDITS"": 362, ""DATASET"": 143}","{""COMPUTE"": 1.2276964047936085, ""MEMORY"": 1.2, ""API_CREDITS"": 1.2099447513812154, ""DATASET"": 1.006993006993007}",4,36,30,0.5634017773257826,0.04901904862420351,0.5838441121944363,0.03198059979113056,180.20158257235957,32.96194626404487,58.469793398900414
delta0.75__moderate,0.75,moderate,1.3,3447205743,76a9e43100282981,"{""COMPUTE"": 820, ""MEMORY"": 690, ""API_CREDITS"": 366, ""DATASET"": 196}","{""COMPUTE"": 1.326829268292683, ""MEMORY"": 1.3579710144927537, ""API_CREDITS"": 1.3633879781420766, ""DATASET"": 1.510204081632653}",4,32,21,0.4692117453240747,0.03454871321827288,0.4839929280378563,0.022268750798042358,156.1717960294934,18.12153814707736,30.837428975301478
delta0.75__moderate,0.75,moderate,1.3,3460158696,0e78ff50819f7553,"{""COMPUTE"": 871, ""MEMORY"": 708, ""API_CREDITS"": 434, ""DATASET"": 127}","{""COMPUTE"": 1.0700344431687716, ""MEMORY"": 1.1412429378531073, ""API_CREDITS"": 0.9953917050691244, ""DATASET"": 2.015748031496063}",4,30,22,0.45979715725499276,0.0999344341513554,0.5120850849367596,0.062474864300770816,151.15695937813146,17.41249869076358,52.69506133646271
delta0.75__moderate,0.75,moderate,1.3,3460268087,e4f579bc40f09cf5,"{""COMPUTE"": 610, ""MEMORY"": 500, ""API_CREDITS"": 288, ""DATASET"": 99}","{""COMPUTE"": 2.042622950819672, ""MEMORY"": 1.994, ""API_CREDITS"": 2.079861111111111, ""DATASET"": 1.696969696969697}",4,35,32,0.637990681201035,0.04967696923498029,0.47989316016265376,0.03791322457298516,162.93242463314758,24.20771288671976,33.593655863791064
delta0.75__moderate,0.75,moderate,1.3,3463781334,cc7ed9b86fba7640,"{""COMPUTE"": 616, ""MEMORY"": 532, ""API_CREDITS"": 242, ""DATASET"": 194}","{""COMPUTE"": 1.4642857142857142, ""MEMORY"": 1.4116541353383458, ""API_CREDITS"": 1.7231404958677685, ""DATASET"": 0.9484536082474226}",4,31,28,0.6690460531714569,0.055722277427316266,0.7482333677881158,0.03552654394355908,191.2506589886949,19.587861035440977,47.875540672457625
delta0.75__moderate,0.75,moderate,1.3,3467569127,a6591d0e3eb1a88f,"{""COMPUTE"": 771, ""MEMORY"": 622, ""API_CREDITS"": 367, ""DATASET"": 113}","{""COMPUTE"": 1.1024643320363166, ""MEMORY"": 1.1366559485530547, ""API_CREDITS"": 1.1362397820163488, ""DATASET"": 1.345132743362832}",4,33,25,0.5354618972233002,0.04367977435079,0.5484764823416303,0.027028228993213495,163.02198152538924,34.3034804403434,39.303276361375524
delta0.75__moderate,0.75,moderate,1.3,3518403916,b7dcab305978a22d,"{""COMPUTE"": 811, ""MEMORY"": 706, ""API_CREDITS"": 375, ""DATASET"": 232}","{""COMPUTE"": 1.156596794081381, ""MEMORY"": 1.1529745042492918, ""API_CREDITS"": 1.1146666666666667, ""DATASET"": 1.1724137931034482}",4,43,26,0.354438809309718,0.13391164670299902,0.5358875791041132,0.08705563332951388,148.61785170975028,18.770982620751788,58.52861165009667
delta0.75__moderate,0.75,moderate,1.3,3547154528,31c2fe03363420dd,"{""COMPUTE"": 780, ""MEMORY"": 670, ""API_CREDITS"": 361, ""DATASET"": 205}","{""COMPUTE"": 0.7025641025641025, ""MEMORY"": 0.7611940298507462, ""API_CREDITS"": 0.5817174515235457, ""DATASET"": 1.170731707317073}",4,38,32,0.5641508058335748,0.17406160710753024,0.556503430753171,0.12480019113102525,201.40910924049868,13.485564709172968,60.9722549276752
delta0.75__moderate,0.75,moderate,1.3,3556888763,f64bbfecd933885d,"{""COMPUTE"": 887, ""MEMORY"": 746, ""API_CREDITS"": 422, ""DATASET"": 195}","{""COMPUTE"": 1.1003382187147688, ""MEMORY"": 1.1032171581769437, ""API_CREDITS"": 1.0924170616113744, ""DATASET"": 1.1076923076923078}",4,39,22,0.3690822867910107,0.12175652620000399,0.39803407018735504,0.07405886024093167,82.99171547024923,5.8547920636122335,16.73002085641562
delta0.75__moderate,0.75,moderate,1.3,3585070197,b332517c372e2d1b,"{""COMPUTE"": 654, ""MEMORY"": 518, ""API_CREDITS"": 301, ""DATASET"": 78}","{""COMPUTE"": 1.2660550458715596, ""MEMORY"": 1.4324324324324325, ""API_CREDITS"": 1.1362126245847175, ""DATASET"": 3.8974358974358974}",4,40,32,0.5409641671515953,0.13490349002364074,0.5299277461685159,0.10295116079146872,123.71294292896717,23.432019908655317,45.79801382952122
delta0.75__moderate,0.75,moderate,1.3,3597312856,c19fdd3861e1afef,"{""COMPUTE"": 655, ""MEMORY"": 528, ""API_CREDITS"": 311, ""DATASET"": 92}","{""COMPUTE"": 1.7068702290076336, ""MEMORY"": 1.7159090909090908, ""API_CREDITS"": 1.7041800643086817, ""DATASET"": 1.9130434782608696}",4,36,31,0.6349016803512723,0.054393573874993904,0.5385589160036577,0.03734025308320332,204.11046326397175,18.046006163579637,80.77850542806956
delta0.75__moderate,0.75,moderate,1.3,3646743967,db260ad754372aba,"{""COMPUTE"": 918, ""MEMORY"": 760, ""API_CREDITS"": 460, ""DATASET"": 162}","{""COMPUTE"": 1.0, ""MEMORY"": 1.0407894736842105, ""API_CREDITS"": 0.9065217391304348, ""DATASET"": 1.5308641975308641}",4,37,32,0.6314862160741795,0.11656643779183924,0.6294916933687424,0.07847822888564886,210.0356944807883,21.721351316240685,67.88766906607576
delta0.75__moderate,0.75,moderate,1.3,3702281959,f910b957c6353e11,"{""COMPUTE"": 515, ""MEMORY"": 407, ""API_CREDITS"": 279, ""DATASET"": 24}","{""COMPUTE"": 1.5650485436893204, ""MEMORY"": 1.5798525798525798, ""API_CREDITS"": 1.4086021505376345, ""DATASET"": 3.6666666666666665}",4,33,23,0.4591555232450025,0.060696615613824334,0.48798483565395484,0.03951422837881239,123.07986037371673,14.065661686639992,65.4087460214447
delta0.75__moderate,0.75,moderate,1.3,3703198363,3cb20f6468568aff,"{""COMPUTE"": 464, ""MEMORY"": 410, ""API_CREDITS"": 170, ""DATASET"": 167}","{""COMPUTE"": 1.4525862068965518, ""MEMORY"": 1.326829268292683, ""API_CREDITS"": 1.811764705882353, ""DATASET"": 0.5748502994011976}",4,37,31,0.572980215669366,0.06957075250660777,0.6555562167024598,0.0489848503486113,128.5276706659242,9.730589234689619,38.99199351616256
delta0.75__moderate,0.75,moderate,1.3,3722197476,b46ff99b590e2a23,"{""COMPUTE"": 829, ""MEMORY"": 677, ""API_CREDITS"": 405, ""DATASET"": 132}","{""COMPUTE"": 1.158021712907117, ""MEMORY"": 1.171344165435746, ""API_CREDITS"": 1.1530864197530863, ""DATASET"": 1.2727272727272727}",4,32,31,0.6307963940370289,0.07155587829728001,0.5733035042632929,0.046196852959303765,172.54200433362408,15.852356785624812,24.94693300905114
delta0.75__moderate,0.75,moderate,1.3,3732653027,144bf6baca663483,"{""COMPUTE"": 830, ""MEMORY"": 678, ""API_CREDITS"": 372, ""DATASET"": 156}","{""COMPUTE"": 1.3132530120481927, ""MEMORY"": 1.3525073746312684, ""API_CREDITS"": 1.4166666666666667, ""DATASET"": 1.4871794871794872}",4,39,28,0.5010846908307041,0.05951209005370582,0.5944597665565344,0.04096838340008007,184.8429761726638,13.699874349822238,72.82382288729104
delta0.75__moderate,0.75,moderate,1.3,3755261675,514d5a932be9c3f3,"{""COMPUTE"": 555, ""MEMORY"": 491, ""API_CREDITS"": 225, ""DATASET"": 191}","{""COMPUTE"": 1.4666666666666666, ""MEMORY"": 1.4073319755600815, ""API_CREDITS"": 1.5155555555555555, ""DATASET"": 1.130890052356021}",4,35,30,0.6595751900624557,0.14185673031524254,0.524646139798325,0.09398256603586104,180.86340261481095,16.75934919502546,60.90407190235104
delta0.75__moderate,0.75,moderate,1.3,3819244249,0033595c7c1862cd,"{""COMPUTE"": 791, ""MEMORY"": 637, ""API_CREDITS"": 394, ""DATASET"": 101}","{""COMPUTE"": 1.1984829329962072, ""MEMORY"": 1.262166405023548, ""API_CREDITS"": 1.116751269035533, ""DATASET"": 2.217821782178218}",4,40,20,0.3409117024761747,0.10455112549347488,0.49756423069870853,0.06185282114361267,101.72554717715254,10.653649721531032,58.10385995035011
delta0.75__moderate,0.75,moderate,1.3,3825070817,a1e1d39fb06b1389,"{""COMPUTE"": 381, ""MEMORY"": 338, ""API_CREDITS"": 161, ""DATASET"": 119}","{""COMPUTE"": 2.094488188976378, ""MEMORY"": 1.8846153846153846, ""API_CREDITS"": 2.279503105590062, ""DATASET"": 0.8739495798319328}",4,38,26,0.552958970334528,0.09506324017945363,0.5029375300012764,0.0594383605897427,159.27027618772354,18.62495182718813,30.44682487106915
delta0.75__moderate,0.75,moderate,1.3,3829285020,91af5f5a75a081c4,"{""COMPUTE"": 617, ""MEMORY"": 505, ""API_CREDITS"": 296, ""DATASET"": 96}","{""COMPUTE"": 1.6207455429497568, ""MEMORY"": 1.603960396039604, ""API_CREDITS"": 1.6418918918918919, ""DATASET"": 1.5}",4,33,28,0.6286411320939912,0.04922603317212679,0.6808841714017416,0.031147395724725423,193.7052200190675,24.157719855104613,75.76104136032393
delta0.75__moderate,0.75,moderate,1.3,3829736852,ab140e2d932c13b0,"{""COMPUTE"": 608, ""MEMORY"": 528, ""API_CREDITS"": 241, ""DATASET"": 195}","{""COMPUTE"": 1.4638157894736843, ""MEMORY"": 1.3598484848484849, ""API_CREDITS"": 1.6514522821576763, ""DATASET"": 0.7384615384615385}",4,31,26,0.532373456785847,0.0542510153921334,0.5778230594769468,0.03529433450865614,200.15225154073576,14.971659535253702,39.196890593426104
delta0.75__moderate,0.75,moderate,1.3,3834605579,831feed140d5dc0c,"{""COMPUTE"": 661, ""MEMORY"": 572, ""API_CREDITS"": 299, ""DATASET"": 182}","{""COMPUTE"": 1.3161875945537065, ""MEMORY"": 1.3513986013986015, ""API_CREDITS"": 1.254180602006689, ""DATASET"": 1.6263736263736264}",4,36,24,0.5317273874290905,0.07588080309192043,0.5402354797297599,0.05001364811276112,226.88369983715475,31.566264168553644,60.04090966175702
delta0.75__moderate,0.75,moderate,1.3,3862073378,4f6aa45ec0d681be,"{""COMPUTE"": 701, ""MEMORY"": 613, ""API_CREDITS"": 331, ""DATASET"": 198}","{""COMPUTE"": 1.4151212553495007, ""MEMORY"": 1.33605220228385, ""API_CREDITS"": 1.4169184290030212, ""DATASET"": 0.9292929292929293}",4,35,32,0.5918238232139401,0.0686967066213178,0.7451377968256088,0.04672943962583981,153.25758299112658,28.12059506364432,66.13465914848844
delta0.75__moderate,0.75,moderate,1.3,3896223086,f9b78656f2a9d762,"{""COMPUTE"": 834, ""MEMORY"": 686, ""API_CREDITS"": 388, ""DATASET"": 156}","{""COMPUTE"": 1.2398081534772183, ""MEMORY"": 1.2303206997084548, ""API_CREDITS"": 1.1958762886597938, ""DATASET"": 1.2307692307692308}",4,34,18,0.3254023767702414,0.13372823182695642,0.36572867237522494,0.08545205789242162,82.12098190586202,6.985424502171429,22.215835609985756
delta0.75__moderate,0.75,moderate,1.3,3902540653,696dfb06ff05f25d,"{""COMPUTE"": 827, ""MEMORY"": 668, ""API_CREDITS"": 373, ""DATASET"": 138}","{""COMPUTE"": 1.064087061668682, ""MEMORY"": 1.0823353293413174, ""API_CREDITS"": 1.0, ""DATASET"": 1.3333333333333333}",4,37,25,0.527615381971894,0.12708001434310648,0.5106147520457521,0.09023850709878502,160.97864448656233,20.447424321736104,63.07346714188041
delta0.75__moderate,0.75,moderate,1.3,3945030225,317948b2b3b16555,"{""COMPUTE"": 681, ""MEMORY"": 583, ""API_CREDITS"": 301, ""DATASET"": 182}","{""COMPUTE"": 1.5066079295154184, ""MEMORY"": 1.4734133790737565, ""API_CREDITS"": 1.611295681063123, ""DATASET"": 1.1868131868131868}",4,37,31,0.5646184856056095,0.05036981281851937,0.5150762666997419,0.03236965779128959,184.29505665115857,25.574446823623862,53.0053110132172
delta0.75__moderate,0.75,moderate,1.3,3947356923,20e26ec104b8ea23,"{""COMPUTE"": 530, ""MEMORY"": 473, ""API_CREDITS"": 204, ""DATASET"": 197}","{""COMPUTE"": 1.4490566037735848, ""MEMORY"": 1.4016913319238902, ""API_CREDITS"": 1.6323529411764706, ""DATASET"": 1.0964467005076142}",4,36,28,0.5106793545535974,0.0952667729269137,0.5918283167619195,0.06103256867857987,130.8735745166465,23.02010028895768,48.52083478095731
delta0.75__moderate,0.75,moderate,1.3,3981156840,7645533882706e5f,"{""COMPUTE"": 553, ""MEMORY"": 469, ""API_CREDITS"": 243, ""DATASET"": 135}","{""COMPUTE"": 1.461121157323689, ""MEMORY"": 1.420042643923241, ""API_CREDITS"": 1.5555555555555556, ""DATASET"": 1.0666666666666667}",4,32,11,0.22455866792643467,0.13446347795185004,0.3700721000194798,0.08854730002985818,68.0298444521282,5.943713110970656,31.863529887651055
delta0.75__moderate,0.75,moderate,1.3,3996589783,0d33fc3e982f1360,"{""COMPUTE"": 738, ""MEMORY"": 658, ""API_CREDITS"": 331, ""DATASET"": 248}","{""COMPUTE"": 1.051490514905149, ""MEMORY"": 1.0440729483282676, ""API_CREDITS"": 0.9093655589123867, ""DATASET"": 1.1290322580645162}",4,37,22,0.3494556390893509,0.16073253939367615,0.43458309042208804,0.11188641550374129,84.3150394472245,26.24131041118525,47.53270518506491
delta0.75__moderate,0.75,moderate,1.3,4024888051,84e3cb20b064c935,"{""COMPUTE"": 397, ""MEMORY"": 357, ""API_CREDITS"": 153, ""DATASET"": 146}","{""COMPUTE"": 2.070528967254408, ""MEMORY"": 2.0476190476190474, ""API_CREDITS"": 2.30718954248366, ""DATASET"": 1.917808219178082}",4,33,28,0.618682876871557,0.1069064266638265,0.5726329263720401,0.07427520171905781,219.2414836175442,16.54422199082364,85.13051318147195
delta0.75__moderate,0.75,moderate,1.3,4030503373,199e6174cc896bf8,"{""COMPUTE"": 500, ""MEMORY"": 424, ""API_CREDITS"": 209, ""DATASET"": 126}","{""COMPUTE"": 1.34, ""MEMORY"": 1.3136792452830188, ""API_CREDITS"": 1.6220095693779903, ""DATASET"": 0.8253968253968254}",4,36,32,0.615760719828713,0.06431741020938966,0.6448852919967836,0.037209114271548056,150.41431381989545,18.146063370532172,85.76728164400187
delta0.75__moderate,0.75,moderate,1.3,4039868181,10507cc440f431d7,"{""COMPUTE"": 603, ""MEMORY"": 517, ""API_CREDITS"": 298, ""DATASET"": 135}","{""COMPUTE"": 1.2835820895522387, ""MEMORY"": 1.230174081237911, ""API_CREDITS"": 1.2348993288590604, ""DATASET"": 0.9481481481481482}",4,37,29,0.5146017494933651,0.09100812456552995,0.5920911529712373,0.05694753331146251,157.16373517834333,14.99845521956532,53.7719973489306
delta0.75__moderate,0.75,moderate,1.3,4070281976,e99047a103098f30,"{""COMPUTE"": 842, ""MEMORY"": 735, ""API_CREDITS"": 389, ""DATASET"": 247}","{""COMPUTE"": 1.2969121140142519, ""MEMORY"": 1.2979591836734694, ""API_CREDITS"": 1.249357326478149, ""DATASET"": 1.360323886639676}",4,40,38,0.6684741698398042,0.08128590897192288,0.5163571944619901,0.05682708248899732,282.6570427851932,26.9728463812109,62.36670158513248
delta0.75__moderate,0.75,moderate,1.3,4074372378,5128b2987037781c,"{""COMPUTE"": 868, ""MEMORY"": 707, ""API_CREDITS"": 432, ""DATASET"": 129}","{""COMPUTE"": 0.7004608294930875, ""MEMORY"": 0.7722772277227723, ""API_CREDITS"": 0.6064814814814815, ""DATASET"": 1.6124031007751938}",4,37,34,0.640279520885129,0.14110325128441073,0.4915366988983014,0.10788872312209909,215.76526577538212,17.293554296175216,79.57953345729969
delta0.75__moderate,0.75,moderate,1.3,4082760487,c24f107a2868c3a9,"{""COMPUTE"": 784, ""MEMORY"": 659, ""API_CREDITS"": 377, ""DATASET"": 166}","{""COMPUTE"": 1.4795918367346939, ""MEMORY"": 1.4218512898330804, ""API_CREDITS"": 1.493368700265252, ""DATASET"": 1.0120481927710843}",4,38,29,0.5500463064033774,0.04592019209050221,0.41903282251283525,0.030804957856850123,193.06866673542697,20.426511164672668,30.819553006553353
delta0.75__moderate,0.75,moderate,1.3,4095462803,a579777f1348c493,"{""COMPUTE"": 656, ""MEMORY"": 528, ""API_CREDITS"": 341, ""DATASET"": 67}","{""COMPUTE"": 1.3353658536585367, ""MEMORY"": 1.4299242424242424, ""API_CREDITS"": 1.1173020527859236, ""DATASET"": 3.701492537313433}",4,38,36,0.6052054149395373,0.10022233364148532,0.6007579078876538,0.07094031324413232,154.53735910674945,12.081374033850565,39.56229554325672
delta0.75__moderate,0.75,moderate,1.3,4099285905,d47e752a640bd7f0,"{""COMPUTE"": 672, ""MEMORY"": 553, ""API_CREDITS"": 317, ""DATASET"": 118}","{""COMPUTE"": 1.1607142857142858, ""MEMORY"": 1.1880650994575046, ""API_CREDITS"": 1.1451104100946372, ""DATASET"": 1.423728813559322}",4,38,34,0.6288004768438485,0.12326313693242236,0.5237963651701273,0.08564134035238212,189.33141099539486,12.823857801370522,30.086395507678777
delta0.75__moderate,0.75,moderate,1.3,4105600667,90150fa9f4e0b982,"{""COMPUTE"": 748, ""MEMORY"": 646, ""API_CREDITS"": 361, ""DATASET"": 192}","{""COMPUTE"": 1.2219251336898396, ""MEMORY"": 1.1904024767801857, ""API_CREDITS"": 1.182825484764543, ""DATASET"": 1.0416666666666667}",4,34,20,0.4276116901540341,0.0988522251174186,0.5049968721469772,0.058346474418513185,121.96187672999973,18.772476356856664,45.3619583002031
delta0.75__moderate,0.75,moderate,1.3,4163155962,2a11b922f4222ef9,"{""COMPUTE"": 690, ""MEMORY"": 585, ""API_CREDITS"": 338, ""DATASET"": 148}","{""COMPUTE"": 1.017391304347826, ""MEMORY"": 1.087179487179487, ""API_CREDITS"": 0.8994082840236687, ""DATASET"": 1.7297297297297298}",4,35,28,0.6047975122386725,0.13755713526218444,0.5685935999255313,0.08209430668846134,249.71990510864612,18.97785032900774,49.87318010518714
delta0.75__moderate,0.75,moderate,1.3,4171035140,10d7759fd78474b3,"{""COMPUTE"": 741, ""MEMORY"": 634, ""API_CREDITS"": 345, ""DATASET"": 187}","{""COMPUTE"": 1.1794871794871795, ""MEMORY"": 1.1861198738170347, ""API_CREDITS"": 1.182608695652174, ""DATASET"": 1.1978609625668448}",4,36,27,0.5148122338994813,0.07112491755455966,0.5780143397471919,0.04688471416417977,168.8682479082591,42.08808476593186,26.58057866415885
delta0.75__moderate,0.75,moderate,1.3,4184451528,5d596b882e789f30,"{""COMPUTE"": 784, ""MEMORY"": 649, ""API_CREDITS"": 371, ""DATASET"": 149}","{""COMPUTE"": 0.9948979591836735, ""MEMORY"": 1.00462249614792, ""API_CREDITS"": 0.9703504043126685, ""DATASET"": 1.0738255033557047}",4,34,28,0.5595549512198977,0.08819085052702161,0.6025706003229764,0.05950733580081204,175.67285491906628,26.52565371249796,46.225675389167435
delta0.75__moderate,0.75,moderate,1.3,4190426423,133e1369d63413ce,"{""COMPUTE"": 559, ""MEMORY"": 496, ""API_CREDITS"": 238, ""DATASET"": 187}","{""COMPUTE"": 1.592128801431127, ""MEMORY"": 1.5080645161290323, ""API_CREDITS"": 1.7478991596638656, ""DATASET"": 1.0267379679144386}",4,35,26,0.5542604837637096,0.09386806784306348,0.6360423823457871,0.060405218107862875,197.5412829521315,11.818911200062573,56.473788656340304
delta0.75__moderate,0.75,moderate,1.3,4202249207,3f55fb3f3dba9b52,"{""COMPUTE"": 731, ""MEMORY"": 595, ""API_CREDITS"": 342, ""DATASET"": 120}","{""COMPUTE"": 1.1436388508891928, ""MEMORY"": 1.134453781512605, ""API_CREDITS"": 1.1491228070175439, ""DATASET"": 1.0}",4,40,35,0.5750609533472054,0.10444075916712733,0.4077648805617176,0.07231872247955623,179.8137214498444,17.90533562980144,23.926136839052123
delta0.75__moderate,0.75,moderate,1.3,4206761894,5241f6af922b1454,"{""COMPUTE"": 874, ""MEMORY"": 731, ""API_CREDITS"": 421, ""DATASET"": 180}","{""COMPUTE"": 1.0205949656750573, ""MEMORY"": 1.0478796169630642, ""API_CREDITS"": 0.9453681710213777, ""DATASET"": 1.3333333333333333}",4,38,31,0.5849057158640091,0.0916362034344118,0.6216605992946013,0.060470018437199215,241.39997756091088,33.39526362794794,50.44923363711322
delta1.00__high,1.0,high,1.9,19063083,184fcc4ecc876409,"{""COMPUTE"": 429, ""MEMORY"": 330, ""API_CREDITS"": 192, ""DATASET"": 36}","{""COMPUTE"": 1.0582750582750582, ""MEMORY"": 1.2454545454545454, ""API_CREDITS"": 1.0260416666666667, ""DATASET"": 4.222222222222222}",4,48,36,0.7618703649984858,0.18059224725891396,0.14872084987992187,0.1285864341419897,140.06849381447492,2.58732021611115,11.865416484533862
delta1.00__high,1.0,high,1.9,27327381,b0a83d1f1dc0ceb4,"{""COMPUTE"": 480, ""MEMORY"": 378, ""API_CREDITS"": 239, ""DATASET"": 41}","{""COMPUTE"": 1.7416666666666667, ""MEMORY"": 1.7989417989417988, ""API_CREDITS"": 1.6569037656903767, ""DATASET"": 3.1219512195121952}",4,48,42,0.7955639862996252,0.1332728999395666,0.21297163732006194,0.09201433854211631,186.04365183970523,6.27338600017548,12.270140317919173
delta1.00__high,1.0,high,1.9,73091972,3417459b59e544b3,"{""COMPUTE"": 381, ""MEMORY"": 333, ""API_CREDITS"": 167, ""DATASET"": 113}","{""COMPUTE"": 3.2755905511811023, ""MEMORY"": 3.2132132132132134, ""API_CREDITS"": 3.6766467065868262, ""DATASET"": 2.690265486725664}",4,48,40,0.8518591943354853,0.06875733235974199,0.19731136414331255,0.03620588414263113,379.71211341733283,11.167688897933223,39.906021650698555
delta1.00__high,1.0,high,1.9,75104030,a0579dac8d7fb780,"{""COMPUTE"": 274, ""MEMORY"": 250, ""API_CREDITS"": 104, ""DATASET"": 110}","{""COMPUTE"": 3.3284671532846715, ""MEMORY"": 2.904, ""API_CREDITS"": 4.134615384615385, ""DATASET"": 1.018181818181818}",4,48,43,0.8145285423109366,0.09847858387095772,0.41692200699508675,0.06558281025260164,188.11805420870095,12.096495807365912,53.60615418909876
delta1.00__high,1.0,high,1.9,75640271,8b61b9842e9f263d,"{""COMPUTE"": 491, ""MEMORY"": 428, ""API_CREDITS"": 225, ""DATASET"": 143}","{""COMPUTE"": 2.468431771894094, ""MEMORY"": 2.2710280373831777, ""API_CREDITS"": 2.631111111111111, ""DATASET"": 1.118881118881119}",4,48,28,0.5135054785072753,0.05057419432419431,0.22268458434476415,0.033470806778098446,201.49065509514034,13.609181392813701,26.26022373175182
delta1.00__high,1.0,high,1.9,87781505,ad850f9c8b7500ce,"{""COMPUTE"": 462, ""MEMORY"": 389, ""API_CREDITS"": 221, ""DATASET"": 98}","{""COMPUTE"": 2.1515151515151514, ""MEMORY"": 2.0154241645244215, ""API_CREDITS"": 2.2081447963800906, ""DATASET"": 0.9795918367346939}",4,48,36,0.6956645702196939,0.053095326854518024,0.26224336269494625,0.03534068056126879,212.7745548916571,16.22623033734938,26.014431427540647
delta1.00__high,1.0,high,1.9,94885586,8d75d62aa1f3578b,"{""COMPUTE"": 510, ""MEMORY"": 429, ""API_CREDITS"": 237, ""DATASET"": 113}","{""COMPUTE"": 1.7450980392156863, ""MEMORY"": 1.878787878787879, ""API_CREDITS"": 1.6118143459915613, ""DATASET"": 2.9734513274336285}",4,48,31,0.6636915133973275,0.1482591945091945,0.24931833561988548,0.11055183242683243,205.6222876527918,9.422114773087538,24.44529302460712
delta1.00__high,1.0,high,1.9,101192955,21c69051e2c52953,"{""COMPUTE"": 474, ""MEMORY"": 410, ""API_CREDITS"": 229, ""DATASET"": 121}","{""COMPUTE"": 1.8987341772151898, ""MEMORY"": 1.9170731707317072, ""API_CREDITS"": 1.737991266375546, ""DATASET"": 2.2479338842975207}",4,48,33,0.6527876149139601,0.13824633805709544,0.359721418955181,0.08544645311707301,227.56961838729046,22.762627868168845,41.55978569366388
delta1.00__high,1.0,high,1.9,108416726,3d7758f807236f2c,"{""COMPUTE"": 422, ""MEMORY"": 349, ""API_CREDITS"": 198, ""DATASET"": 76}","{""COMPUTE"": 2.1658767772511847, ""MEMORY"": 2.1318051575931234, ""API_CREDITS"": 2.080808080808081, ""DATASET"": 2.1052631578947367}",4,48,30,0.5695094988067374,0.11539439219597401,0.3314342869982419,0.07274154102380236,197.69533874043918,19.28375258183583,24.90045259780563
delta1.00__high,1.0,high,1.9,112626036,1565c604897fcc55,"{""COMPUTE"": 483, ""MEMORY"": 389, ""API_CREDITS"": 220, ""DATASET"": 73}","{""COMPUTE"": 1.9171842650103519, ""MEMORY"": 2.020565552699229, ""API_CREDITS"": 1.8272727272727274, ""DATASET"": 3.287671232876712}",4,48,36,0.7427554867993836,0.11451587140621099,0.531554605020521,0.07253808488595538,208.68718720609164,15.600887165993433,48.592642572677
delta1.00__high,1.0,high,1.9,129877774,ebd99b2311c4e2db,"{""COMPUTE"": 625, ""MEMORY"": 514, ""API_CREDITS"": 308, ""DATASET"": 106}","{""COMPUTE"": 1.3824, ""MEMORY"": 1.4143968871595332, ""API_CREDITS"": 1.1850649350649352, ""DATASET"": 2.0377358490566038}",4,48,41,0.7418924855241241,0.15560999875637357,0.4360823581038282,0.10679914358664928,219.30354788315472,18.196083329472405,52.399541429543426
delta1.00__high,1.0,high,1.9,139216186,c4758cf34e299f17,"{""COMPUTE"": 365, ""MEMORY"": 309, ""API_CREDITS"": 158, ""DATASET"": 87}","{""COMPUTE"": 2.6904109589041094, ""MEMORY"": 2.7605177993527508, ""API_CREDITS"": 2.7025316455696204, ""DATASET"": 3.4022988505747125}",4,48,35,0.6887153141217809,0.11510786831726529,0.364207289702172,0.0826051661373526,199.09802898733054,13.266666896228948,43.96652525669763
delta1.00__high,1.0,high,1.9,139730805,870ec60945dbec2f,"{""COMPUTE"": 546, ""MEMORY"": 430, ""API_CREDITS"": 261, ""DATASET"": 58}","{""COMPUTE"": 1.2820512820512822, ""MEMORY"": 1.3255813953488371, ""API_CREDITS"": 1.3869731800766283, ""DATASET"": 1.3793103448275863}",4,48,38,0.6429015315528328,0.053995539543661014,0.3763221977226238,0.038502887859552824,173.61264195851678,7.964044661174825,34.29790710232757
delta1.00__high,1.0,high,1.9,147261721,3dc82eaaa7f17df5,"{""COMPUTE"": 450, ""MEMORY"": 364, ""API_CREDITS"": 210, ""DATASET"": 68}","{""COMPUTE"": 1.7244444444444444, ""MEMORY"": 1.771978021978022, ""API_CREDITS"": 1.8047619047619048, ""DATASET"": 2.0}",4,48,44,0.8215060890044624,0.1327633304195804,0.28876729495418757,0.08815266041828544,260.9134333492262,5.430885597496604,18.080988815658156
delta1.00__high,1.0,high,1.9,152599165,37298c477329fdce,"{""COMPUTE"": 523, ""MEMORY"": 429, ""API_CREDITS"": 258, ""DATASET"": 83}","{""COMPUTE"": 1.1548757170172084, ""MEMORY"": 1.2074592074592074, ""API_CREDITS"": 0.9069767441860465, ""DATASET"": 2.1204819277108435}",4,48,36,0.6957260154207575,0.18780593118102012,0.19501456758971972,0.1373793350435766,208.9027993829919,6.41441453405718,6.380770573833895
delta1.00__high,1.0,high,1.9,153676091,d016b568f532f672,"{""COMPUTE"": 488, ""MEMORY"": 407, ""API_CREDITS"": 246, ""DATASET"": 86}","{""COMPUTE"": 2.081967213114754, ""MEMORY"": 2.1007371007371005, ""API_CREDITS"": 1.9878048780487805, ""DATASET"": 2.511627906976744}",4,48,28,0.5415876557808764,0.08720143360374452,0.3043124293894292,0.05245513451592759,193.15450144152433,11.409415899423566,5.70788013078349
delta1.00__high,1.0,high,1.9,173143613,726fa8d6f0aef8ed,"{""COMPUTE"": 249, ""MEMORY"": 219, ""API_CREDITS"": 115, ""DATASET"": 67}","{""COMPUTE"": 4.096385542168675, ""MEMORY"": 3.643835616438356, ""API_CREDITS"": 4.052173913043478, ""DATASET"": 1.671641791044776}",4,48,38,0.7653215074679885,0.08596494005403578,0.2792463147249335,0.06214882007767647,208.2518494862758,11.88521380748503,17.268282576153737
delta1.00__high,1.0,high,1.9,190642350,4af6b29eb5cdd898,"{""COMPUTE"": 511, ""MEMORY"": 429, ""API_CREDITS"": 227, ""DATASET"": 120}","{""COMPUTE"": 2.0391389432485325, ""MEMORY"": 2.0489510489510487, ""API_CREDITS"": 2.0837004405286343, ""DATASET"": 2.066666666666667}",4,48,38,0.7179992625081105,0.12247479708680707,0.30798375390596106,0.0748058115299298,224.11865294997145,14.449348839082797,33.47662370666621
delta1.00__high,1.0,high,1.9,207766894,53e40cecd6193fd7,"{""COMPUTE"": 636, ""MEMORY"": 527, ""API_CREDITS"": 298, ""DATASET"": 128}","{""COMPUTE"": 1.7232704402515724, ""MEMORY"": 1.7969639468690701, ""API_CREDITS"": 1.6543624161073827, ""DATASET"": 2.4375}",4,48,22,0.3495424655758254,0.15493638306138308,0.14536126252050166,0.11377274346024346,126.28426747345873,10.969321299032254,24.326843637652402
delta1.00__high,1.0,high,1.9,214952310,657cc8ac6ad9dc36,"{""COMPUTE"": 509, ""MEMORY"": 433, ""API_CREDITS"": 228, ""DATASET"": 130}","{""COMPUTE"": 1.9096267190569745, ""MEMORY"": 1.9953810623556583, ""API_CREDITS"": 1.9298245614035088, ""DATASET"": 2.4615384615384617}",4,48,32,0.7190146828024307,0.13968057079884344,0.1576595248041715,0.0931304591176758,178.1908980903311,9.165210997233883,24.887498120354625
delta1.00__high,1.0,high,1.9,223200515,77abd7c3674d828b,"{""COMPUTE"": 414, ""MEMORY"": 358, ""API_CREDITS"": 177, ""DATASET"": 121}","{""COMPUTE"": 1.4927536231884058, ""MEMORY"": 1.5502793296089385, ""API_CREDITS"": 1.4745762711864407, ""DATASET"": 1.7851239669421488}",4,48,31,0.5864101053661092,0.1601785728939292,0.33908385245390776,0.11487630617921181,138.79580890743375,6.759077985616007,34.89799476004415
delta1.00__high,1.0,high,1.9,271508238,555d4d5836d31957,"{""COMPUTE"": 419, ""MEMORY"": 361, ""API_CREDITS"": 185, ""DATASET"": 114}","{""COMPUTE"": 2.539379474940334, ""MEMORY"": 2.376731301939058, ""API_CREDITS"": 2.8216216216216217, ""DATASET"": 1.263157894736842}",4,48,37,0.6848708937565329,0.06025549613784908,0.1934900597628664,0.04185358486829075,228.95503131965972,5.869931267212746,22.534005923650824
delta1.00__high,1.0,high,1.9,278611269,42b3822ddb6dceb2,"{""COMPUTE"": 448, ""MEMORY"": 411, ""API_CREDITS"": 178, ""DATASET"": 191}","{""COMPUTE"": 2.3348214285714284, ""MEMORY"": 2.170316301703163, ""API_CREDITS"": 2.764044943820225, ""DATASET"": 1.3403141361256545}",4,48,28,0.5738438571405893,0.11814978522525692,0.19693682245225455,0.07267341323945099,146.01046650914523,7.403922880658132,13.916379078871271
delta1.00__high,1.0,high,1.9,279304908,fd3d8b2bf289f7c2,"{""COMPUTE"": 419, ""MEMORY"": 356, ""API_CREDITS"": 183, ""DATASET"": 106}","{""COMPUTE"": 1.269689737470167, ""MEMORY"": 1.2837078651685394, ""API_CREDITS"": 1.4808743169398908, ""DATASET"": 0.9811320754716981}",4,48,36,0.586617451643553,0.11974031302317384,0.32179233984705524,0.08093097868387818,139.39194171626434,12.8666581320564,36.72460951274602
delta1.00__high,1.0,high,1.9,284064978,e462a135e9776ac6,"{""COMPUTE"": 500, ""MEMORY"": 428, ""API_CREDITS"": 248, ""DATASET"": 115}","{""COMPUTE"": 2.2, ""MEMORY"": 2.1518691588785046, ""API_CREDITS"": 2.1088709677419355, ""DATASET"": 2.017391304347826}",4,48,40,0.8356041092858438,0.07999116521014331,0.22531062396369453,0.05217345272089798,302.26353433456666,6.461314216950463,14.21275788075404
delta1.00__high,1.0,high,1.9,322453867,0e1371b653c2d561,"{""COMPUTE"": 508, ""MEMORY"": 405, ""API_CREDITS"": 246, ""DATASET"": 60}","{""COMPUTE"": 2.2401574803149606, ""MEMORY"": 2.3679012345679014, ""API_CREDITS"": 2.231707317073171, ""DATASET"": 4.133333333333334}",4,48,41,0.8377451955824231,0.10107914353563276,0.36378373282058557,0.06290983116902663,306.5322183660467,11.380763370160855,14.610561874890882
delta1.00__high,1.0,high,1.9,343457384,f553817232e37525,"{""COMPUTE"": 610, ""MEMORY"": 493, ""API_CREDITS"": 296, ""DATASET"": 89}","{""COMPUTE"": 1.380327868852459, ""MEMORY"": 1.4401622718052738, ""API_CREDITS"": 1.222972972972973, ""DATASET"": 2.337078651685393}",4,48,30,0.5789288889915326,0.15028346085697106,0.33393249616120463,0.098041190185782,149.14149394228252,14.991219132720948,22.584676118959038
delta1.00__high,1.0,high,1.9,386742898,9d5323a46067d161,"{""COMPUTE"": 466, ""MEMORY"": 417, ""API_CREDITS"": 202, ""DATASET"": 164}","{""COMPUTE"": 2.291845493562232, ""MEMORY"": 2.0743405275779376, ""API_CREDITS"": 2.49009900990099, ""DATASET"": 1.024390243902439}",4,48,35,0.7364022814720728,0.055842888587889356,0.2852426519962758,0.035619121567908835,187.85434195447544,8.56334786619438,24.988839904927953
delta1.00__high,1.0,high,1.9,396660506,6200291a361b70c3,"{""COMPUTE"": 330, ""MEMORY"": 278, ""API_CREDITS"": 163, ""DATASET"": 61}","{""COMPUTE"": 3.9515151515151516, ""MEMORY"": 3.8956834532374103, ""API_CREDITS"": 3.932515337423313, ""DATASET"": 4.065573770491803}",4,48,46,0.9343519749719743,0.036048421028851564,0.197517784985105,0.02519516523919656,392.4048478433721,9.76880333853429,19.01137711385665
delta1.00__high,1.0,high,1.9,421967079,5d953c33d8686ce5,"{""COMPUTE"": 555, ""MEMORY"": 469, ""API_CREDITS"": 267, ""DATASET"": 123}","{""COMPUTE"": 2.046846846846847, ""MEMORY"": 1.9850746268656716, ""API_CREDITS"": 2.101123595505618, ""DATASET"": 1.4959349593495934}",4,48,34,0.6082300979579647,0.0439393080464509,0.1894986878203775,0.029898689273689275,215.19325104072425,3.1101018037814643,24.818703484007774
delta1.00__high,1.0,high,1.9,433449607,dda8c55c1eb8a903,"{""COMPUTE"": 579, ""MEMORY"": 499, ""API_CREDITS"": 261, ""DATASET"": 163}","{""COMPUTE"": 1.461139896373057, ""MEMORY"": 1.4589178356713426, ""API_CREDITS"": 1.471264367816092, ""DATASET"": 1.3742331288343559}",4,48,34,0.682093599645133,0.1238549185655323,0.34756040752184064,0.07696207851392324,230.98187223974082,12.522423012849396,38.883983533677565
delta1.00__high,1.0,high,1.9,446926817,d297bb57fa51b7bd,"{""COMPUTE"": 477, ""MEMORY"": 385, ""API_CREDITS"": 222, ""DATASET"": 71}","{""COMPUTE"": 1.320754716981132, ""MEMORY"": 1.4207792207792207, ""API_CREDITS"": 0.9954954954954955, ""DATASET"": 3.0422535211267605}",4,48,27,0.5829527496027711,0.17673727238944628,0.19042324576716554,0.12330763037284777,151.06211063806003,4.095121722245657,11.340030465680199
delta1.00__high,1.0,high,1.9,453512931,9b9b0b92865952cf,"{""COMPUTE"": 481, ""MEMORY"": 409, ""API_CREDITS"": 231, ""DATASET"": 110}","{""COMPUTE"": 2.1205821205821205, ""MEMORY"": 1.97799511002445, ""API_CREDITS"": 2.1948051948051948, ""DATASET"": 0.9454545454545454}",4,48,35,0.6317358005663175,0.054577441077441065,0.25697532490380715,0.04031968995510661,154.89967318615592,11.47009616305182,24.822549036066295
delta1.00__high,1.0,high,1.9,469716932,414ed38d4898b912,"{""COMPUTE"": 530, ""MEMORY"": 419, ""API_CREDITS"": 245, ""DATASET"": 64}","{""COMPUTE"": 1.381132075471698, ""MEMORY"": 1.4463007159904535, ""API_CREDITS"": 1.510204081632653, ""DATASET"": 1.75}",4,48,40,0.7138931788114848,0.0819457018546838,0.3941941138479728,0.050594211763322315,174.5057720611883,6.694385651828903,24.34410414473928
delta1.00__high,1.0,high,1.9,484036427,f07acfb0c6cb75fa,"{""COMPUTE"": 485, ""MEMORY"": 406, ""API_CREDITS"": 249, ""DATASET"": 85}","{""COMPUTE"": 2.3711340206185567, ""MEMORY"": 2.3472906403940885, ""API_CREDITS"": 2.325301204819277, ""DATASET"": 2.3529411764705883}",4,48,27,0.6050200305181573,0.05569092991773405,0.2181456112747013,0.03950696830851471,227.25873406185713,5.7379592509586255,33.102671141379524
delta1.00__high,1.0,high,1.9,496510537,7d3623c8833f4ac6,"{""COMPUTE"": 710, ""MEMORY"": 578, ""API_CREDITS"": 342, ""DATASET"": 117}","{""COMPUTE"": 1.2704225352112677, ""MEMORY"": 1.2647058823529411, ""API_CREDITS"": 1.1842105263157894, ""DATASET"": 1.2991452991452992}",4,48,27,0.5343188873043072,0.11085892194411465,0.2874934300922065,0.07306304046922708,208.6112354847161,8.600635886960772,28.50958153050645
delta1.00__high,1.0,high,1.9,561058638,85a9ee4dd5857d9a,"{""COMPUTE"": 532, ""MEMORY"": 405, ""API_CREDITS"": 249, ""DATASET"": 31}","{""COMPUTE"": 1.7932330827067668, ""MEMORY"": 1.9259259259259258, ""API_CREDITS"": 1.6385542168674698, ""DATASET"": 6.193548387096774}",4,48,32,0.5887404982755793,0.15043240341747804,0.2713451485125886,0.10372698059265223,147.94904100695635,12.841131076625869,24.614192864789075
delta1.00__high,1.0,high,1.9,572743071,8fcc290ca041d3a6,"{""COMPUTE"": 575, ""MEMORY"": 474, ""API_CREDITS"": 259, ""DATASET"": 116}","{""COMPUTE"": 1.7078260869565218, ""MEMORY"": 1.6054852320675106, ""API_CREDITS"": 1.833976833976834, ""DATASET"": 0.6206896551724138}",4,48,43,0.8941864880598254,0.04716223003515821,0.19693928806385008,0.03233474245214576,256.3212701923597,6.998956033498793,22.50822081322782
delta1.00__high,1.0,high,1.9,584741180,a0f58bf589ebbedb,"{""COMPUTE"": 448, ""MEMORY"": 399, ""API_CREDITS"": 196, ""DATASET"": 151}","{""COMPUTE"": 1.7857142857142858, ""MEMORY"": 1.7268170426065164, ""API_CREDITS"": 1.7091836734693877, ""DATASET"": 1.5364238410596027}",4,48,24,0.4945146655529627,0.16990021052521045,0.2685116803812628,0.11698471171127423,149.4439051911319,14.436427972860196,22.103082374364742
delta1.00__high,1.0,high,1.9,585558921,f0b36897638ba3a0,"{""COMPUTE"": 384, ""MEMORY"": 327, ""API_CREDITS"": 158, ""DATASET"": 105}","{""COMPUTE"": 2.9635416666666665, ""MEMORY"": 2.889908256880734, ""API_CREDITS"": 3.6392405063291138, ""DATASET"": 1.9047619047619047}",4,48,41,0.8603025632814222,0.05730788548468108,0.1334518958079089,0.04451803951113344,286.45281194053774,3.2161395798307058,14.178298568279184
delta1.00__high,1.0,high,1.9,602333967,c35d220267cedebe,"{""COMPUTE"": 526, ""MEMORY"": 443, ""API_CREDITS"": 243, ""DATASET"": 120}","{""COMPUTE"": 1.3003802281368821, ""MEMORY"": 1.216704288939052, ""API_CREDITS"": 1.3703703703703705, ""DATASET"": 0.4666666666666667}",4,48,37,0.6903142958260712,0.08329888294619711,0.29405752717520794,0.05372986446643527,154.59503675652297,4.894895455120834,27.284911310545663
delta1.00__high,1.0,high,1.9,608406825,c076448c48273673,"{""COMPUTE"": 560, ""MEMORY"": 457, ""API_CREDITS"": 278, ""DATASET"": 84}","{""COMPUTE"": 0.7928571428571428, ""MEMORY"": 1.0240700218818382, ""API_CREDITS"": 0.3597122302158273, ""DATASET"": 4.190476190476191}",4,48,41,0.7754236377854903,0.07620389249304911,0.23111159210859322,0.061682627947688175,250.09747105364977,14.63738634716668,40.71089184083584
delta1.00__high,1.0,high,1.9,610357580,000dc9e5a378500b,"{""COMPUTE"": 511, ""MEMORY"": 425, ""API_CREDITS"": 240, ""DATASET"": 102}","{""COMPUTE"": 2.0978473581213306, ""MEMORY"": 2.0752941176470587, ""API_CREDITS"": 2.0416666666666665, ""DATASET"": 2.0392156862745097}",4,48,19,0.4653166569994309,0.12776954853721156,0.21718154785624155,0.07918870676173666,123.5714860900822,6.92138151444922,44.769399440087376
delta1.00__high,1.0,high,1.9,616227400,d600d736fa01cce7,"{""COMPUTE"": 407, ""MEMORY"": 350, ""API_CREDITS"": 181, ""DATASET"": 110}","{""COMPUTE"": 2.054054054054054, ""MEMORY"": 2.137142857142857, ""API_CREDITS"": 2.0331491712707184, ""DATASET"": 2.618181818181818}",4,48,35,0.7559108585391883,0.1593240093240093,0.1419730742953576,0.10557498057498056,310.9592944950888,8.401658107853697,12.822826109518088
delta1.00__high,1.0,high,1.9,638377088,057a35e0070d9376,"{""COMPUTE"": 279, ""MEMORY"": 259, ""API_CREDITS"": 101, ""DATASET"": 125}","{""COMPUTE"": 3.068100358422939, ""MEMORY"": 2.9382239382239383, ""API_CREDITS"": 3.594059405940594, ""DATASET"": 2.368}",4,48,28,0.6417962470673103,0.16209382053132054,0.36053371525649913,0.11141049344174346,202.53807819099302,9.184432031095936,61.24412282163419
delta1.00__high,1.0,high,1.9,659053096,48aa943771ed4a0d,"{""COMPUTE"": 432, ""MEMORY"": 363, ""API_CREDITS"": 186, ""DATASET"": 104}","{""COMPUTE"": 1.8935185185185186, ""MEMORY"": 1.7796143250688705, ""API_CREDITS"": 2.118279569892473, ""DATASET"": 0.7692307692307693}",4,48,45,0.8344326517664769,0.08168602330779055,0.3533400930287749,0.05256806420285229,157.3265250901779,19.375714166655204,37.41928562787844
delta1.00__high,1.0,high,1.9,677637387,b9c1eeb878957451,"{""COMPUTE"": 554, ""MEMORY"": 466, ""API_CREDITS"": 264, ""DATASET"": 121}","{""COMPUTE"": 1.4873646209386282, ""MEMORY"": 1.3991416309012876, ""API_CREDITS"": 1.4393939393939394, ""DATASET"": 0.7933884297520661}",4,48,34,0.6602364548280201,0.06960593768835657,0.33788599795143387,0.04774948934689092,200.9053527144439,8.525923195501289,25.36026757139545
delta1.00__high,1.0,high,1.9,687585327,5eced45efc3cee7e,"{""COMPUTE"": 418, ""MEMORY"": 323, ""API_CREDITS"": 210, ""DATASET"": 20}","{""COMPUTE"": 2.3636363636363638, ""MEMORY"": 2.678018575851393, ""API_CREDITS"": 2.1476190476190475, ""DATASET"": 14.8}",4,48,38,0.6252484355099073,0.1436332403831432,0.37778225210888966,0.11159579478905168,186.81110911628414,13.493268173085609,49.507460055291425
delta1.00__high,1.0,high,1.9,705933680,8bc24b5f3c5c89b5,"{""COMPUTE"": 454, ""MEMORY"": 364, ""API_CREDITS"": 213, ""DATASET"": 62}","{""COMPUTE"": 1.7400881057268722, ""MEMORY"": 1.815934065934066, ""API_CREDITS"": 1.6854460093896713, ""DATASET"": 2.7096774193548385}",4,48,29,0.5621776824727925,0.12246990346988058,0.23966247957138342,0.07834179073339363,189.2552027657202,10.357557663070823,25.3538667111217
delta1.00__high,1.0,high,1.9,713663764,123732b79ca29380,"{""COMPUTE"": 331, ""MEMORY"": 283, ""API_CREDITS"": 169, ""DATASET"": 65}","{""COMPUTE"": 3.190332326283988, ""MEMORY"": 3.23321554770318, ""API_CREDITS"": 2.7514792899408285, ""DATASET"": 4.8}",4,48,36,0.704683409026448,0.12044587753969906,0.24161185807565447,0.07852799650886354,203.0757829323494,14.582904843047423,17.0114093469619
delta1.00__high,1.0,high,1.9,756150979,07f7765b0e6d1e24,"{""COMPUTE"": 336, ""MEMORY"": 268, ""API_CREDITS"": 161, ""DATASET"": 35}","{""COMPUTE"": 2.392857142857143, ""MEMORY"": 2.548507462686567, ""API_CREDITS"": 2.341614906832298, ""DATASET"": 5.257142857142857}",4,48,26,0.4393380036849143,0.13586184406803484,0.38266646186384706,0.08410552229011514,138.9067951095806,14.881237085405026,19.843553739875222
delta1.00__high,1.0,high,1.9,759787730,47d4960ec7cb725c,"{""COMPUTE"": 567, ""MEMORY"": 469, ""API_CREDITS"": 273, ""DATASET"": 104}","{""COMPUTE"": 1.2698412698412698, ""MEMORY"": 1.32409381663113, ""API_CREDITS"": 1.1391941391941391, ""DATASET"": 1.9230769230769231}",4,48,39,0.771950113376335,0.17881693220799802,0.23560486383333146,0.12747241929270567,241.09144920415108,7.875915860389103,14.048955452180637
delta1.00__high,1.0,high,1.9,779334002,ee26f130b695263b,"{""COMPUTE"": 656, ""MEMORY"": 523, ""API_CREDITS"": 314, ""DATASET"": 87}","{""COMPUTE"": 1.5914634146341464, ""MEMORY"": 1.7629063097514341, ""API_CREDITS"": 1.4968152866242037, ""DATASET"": 3.8620689655172415}",4,48,35,0.6661600076718285,0.11939010612401975,0.3195844182208307,0.08826412866421422,183.58035188776975,17.860205073700495,27.79536421595311
delta1.00__high,1.0,high,1.9,786766500,37ebd49bbec8842f,"{""COMPUTE"": 420, ""MEMORY"": 364, ""API_CREDITS"": 179, ""DATASET"": 125}","{""COMPUTE"": 2.257142857142857, ""MEMORY"": 2.2747252747252746, ""API_CREDITS"": 2.346368715083799, ""DATASET"": 2.304}",4,48,34,0.6998580609530546,0.12608380519525098,0.40255208324090935,0.07983449690276999,254.94102162829014,22.187476416713253,42.78792624763736
delta1.00__high,1.0,high,1.9,891045433,0f2e6d6f3bca0727,"{""COMPUTE"": 348, ""MEMORY"": 309, ""API_CREDITS"": 154, ""DATASET"": 110}","{""COMPUTE"": 2.0229885057471266, ""MEMORY"": 1.8802588996763754, ""API_CREDITS"": 2.0194805194805197, ""DATASET"": 1.2363636363636363}",4,48,35,0.6847677803836151,0.10248835691210617,0.3049770246844652,0.06793015290353122,204.22689926261424,15.356543025040681,28.72636097362859
delta1.00__high,1.0,high,1.9,898744256,450815bf24a28a33,"{""COMPUTE"": 499, ""MEMORY"": 385, ""API_CREDITS"": 245, ""DATASET"": 30}","{""COMPUTE"": 1.182364729458918, ""MEMORY"": 1.2181818181818183, ""API_CREDITS"": 1.236734693877551, ""DATASET"": 1.3333333333333333}",4,48,29,0.6349147373813805,0.06803260059273805,0.2612653387938661,0.044833769704903735,148.2296461625178,7.221205754929713,14.962171031274215
delta1.00__high,1.0,high,1.9,921012401,8df87733391e8f4f,"{""COMPUTE"": 582, ""MEMORY"": 468, ""API_CREDITS"": 267, ""DATASET"": 92}","{""COMPUTE"": 2.0171821305841924, ""MEMORY"": 2.141025641025641, ""API_CREDITS"": 2.0149812734082397, ""DATASET"": 3.3043478260869565}",4,48,37,0.7400381786194371,0.11062607911063906,0.3177423914491621,0.07387463999072778,264.57651720247435,9.750191398181387,27.061824705434276
delta1.00__high,1.0,high,1.9,928131396,b55cf26228d3e7fa,"{""COMPUTE"": 515, ""MEMORY"": 444, ""API_CREDITS"": 241, ""DATASET"": 135}","{""COMPUTE"": 1.992233009708738, ""MEMORY"": 2.0, ""API_CREDITS"": 1.941908713692946, ""DATASET"": 2.1333333333333333}",4,48,34,0.6913229626437966,0.1322756438125983,0.3576766059837211,0.08692824754363787,271.39502889253697,10.835203456961898,34.01262985281946
delta1.00__high,1.0,high,1.9,986685360,c3c1f614181dde84,"{""COMPUTE"": 424, ""MEMORY"": 355, ""API_CREDITS"": 190, ""DATASET"": 93}","{""COMPUTE"": 1.6037735849056605, ""MEMORY"": 1.6309859154929578, ""API_CREDITS"": 1.4578947368421054, ""DATASET"": 1.978494623655914}",4,48,39,0.7385475775687561,0.1598031884062146,0.28328083783597485,0.10738684714801422,179.72104846624657,19.358819256049102,21.337230858926745
delta1.00__high,1.0,high,1.9,1040871164,cee2ed0d09889b59,"{""COMPUTE"": 539, ""MEMORY"": 459, ""API_CREDITS"": 265, ""DATASET"": 122}","{""COMPUTE"": 1.6474953617810761, ""MEMORY"": 1.5991285403050108, ""API_CREDITS"": 1.5169811320754718, ""DATASET"": 1.4426229508196722}",4,48,41,0.7822751089740834,0.13567917674226088,0.26336925334333355,0.08431984519893398,206.93083287831152,10.508146649697446,31.976040146949828
delta1.00__high,1.0,high,1.9,1109034924,eabd032e972a9eaf,"{""COMPUTE"": 610, ""MEMORY"": 479, ""API_CREDITS"": 283, ""DATASET"": 71}","{""COMPUTE"": 1.6032786885245902, ""MEMORY"": 1.7766179540709812, ""API_CREDITS"": 1.5865724381625441, ""DATASET"": 3.943661971830986}",4,48,41,0.7560530185655568,0.12808580308580308,0.450372843608084,0.09533020991354324,204.3395847361809,24.870393056900593,32.049908170730895
delta1.00__high,1.0,high,1.9,1154819737,0545c7e77284be1e,"{""COMPUTE"": 455, ""MEMORY"": 362, ""API_CREDITS"": 209, ""DATASET"": 58}","{""COMPUTE"": 2.2285714285714286, ""MEMORY"": 2.3093922651933703, ""API_CREDITS"": 2.2583732057416266, ""DATASET"": 3.310344827586207}",4,48,40,0.828832245281136,0.0949009194267009,0.22255252422947017,0.06601452902882236,211.6655277129328,12.626780562194853,35.60396072362008
delta1.00__high,1.0,high,1.9,1158762883,76b8fc4919535298,"{""COMPUTE"": 444, ""MEMORY"": 360, ""API_CREDITS"": 208, ""DATASET"": 68}","{""COMPUTE"": 2.4504504504504503, ""MEMORY"": 2.466666666666667, ""API_CREDITS"": 2.423076923076923, ""DATASET"": 2.823529411764706}",4,48,47,0.943210909594767,0.13343693343693344,0.1988267418104324,0.08931192264525596,262.8939926792546,7.704339201403182,14.809635876065519
delta1.00__high,1.0,high,1.9,1164103101,86610070f371e2e5,"{""COMPUTE"": 390, ""MEMORY"": 337, ""API_CREDITS"": 173, ""DATASET"": 106}","{""COMPUTE"": 1.8666666666666667, ""MEMORY"": 1.7270029673590503, ""API_CREDITS"": 1.7919075144508672, ""DATASET"": 1.0566037735849056}",4,48,29,0.6493467795062583,0.15549450549450547,0.157716269445068,0.11531678198344865,197.77775849722912,3.8967745381697987,23.08171973350515
delta1.00__high,1.0,high,1.9,1175015440,a90ba170af7e9051,"{""COMPUTE"": 470, ""MEMORY"": 411, ""API_CREDITS"": 206, ""DATASET"": 144}","{""COMPUTE"": 1.523404255319149, ""MEMORY"": 1.4087591240875912, ""API_CREDITS"": 1.5, ""DATASET"": 0.8333333333333334}",4,48,36,0.6928129160678337,0.12592592592592594,0.32397720303098926,0.08447424101250099,213.2381582754052,15.434179951520854,37.020728168595326
delta1.00__high,1.0,high,1.9,1223536910,a553d3be396bd5ba,"{""COMPUTE"": 292, ""MEMORY"": 256, ""API_CREDITS"": 120, ""DATASET"": 89}","{""COMPUTE"": 2.506849315068493, ""MEMORY"": 2.55078125, ""API_CREDITS"": 2.4583333333333335, ""DATASET"": 2.966292134831461}",4,48,36,0.6764150873284976,0.1809349006942398,0.17299428832955388,0.14077305297671674,220.01092730484507,8.33061889182478,21.639332157202645
delta1.00__high,1.0,high,1.9,1272846855,915a3f64af9ae7b2,"{""COMPUTE"": 445, ""MEMORY"": 379, ""API_CREDITS"": 197, ""DATASET"": 113}","{""COMPUTE"": 2.6876404494382022, ""MEMORY"": 2.598944591029024, ""API_CREDITS"": 2.817258883248731, ""DATASET"": 2.0530973451327434}",4,48,34,0.6323697413951738,0.07656237230140116,0.2001838770067004,0.050620314506807214,229.22421268478524,10.174914456790093,26.643786049954212
delta1.00__high,1.0,high,1.9,1329904169,f0b7679590922d6e,"{""COMPUTE"": 358, ""MEMORY"": 294, ""API_CREDITS"": 150, ""DATASET"": 72}","{""COMPUTE"": 2.016759776536313, ""MEMORY"": 1.989795918367347, ""API_CREDITS"": 1.9666666666666666, ""DATASET"": 1.8888888888888888}",4,48,31,0.6446721062378917,0.18008688671672093,0.2576895469870609,0.1398923360249327,145.63412389970827,8.107039042230449,20.487960596470383
delta1.00__high,1.0,high,1.9,1393164231,c249a09c6352b922,"{""COMPUTE"": 332, ""MEMORY"": 297, ""API_CREDITS"": 139, ""DATASET"": 115}","{""COMPUTE"": 2.7710843373493974, ""MEMORY"": 2.494949494949495, ""API_CREDITS"": 3.0719424460431655, ""DATASET"": 1.182608695652174}",4,48,38,0.8127255546809757,0.0854667014575551,0.27587135277870983,0.05840608138626432,201.3442088329656,8.442216502887316,26.45963340600858
delta1.00__high,1.0,high,1.9,1397601319,a83bb13fa1972ffa,"{""COMPUTE"": 537, ""MEMORY"": 414, ""API_CREDITS"": 256, ""DATASET"": 39}","{""COMPUTE"": 1.0167597765363128, ""MEMORY"": 1.1521739130434783, ""API_CREDITS"": 0.85546875, ""DATASET"": 4.3076923076923075}",4,48,38,0.7727222154406891,0.173488579334928,0.3040364321440234,0.13666103841283242,198.8096883053537,6.134507282809378,18.8249449105405
delta1.00__high,1.0,high,1.9,1414408149,e689e3d69a19ee25,"{""COMPUTE"": 313, ""MEMORY"": 280, ""API_CREDITS"": 122, ""DATASET"": 113}","{""COMPUTE"": 3.3099041533546325, ""MEMORY"": 3.1357142857142857, ""API_CREDITS"": 4.016393442622951, ""DATASET"": 2.1238938053097347}",4,48,35,0.7466485704348447,0.11355740063170404,0.3578025845816383,0.06809581886981268,238.90931397182752,13.112422525077065,66.68392923910744
delta1.00__high,1.0,high,1.9,1443238425,29d57c2c4a757a4a,"{""COMPUTE"": 380, ""MEMORY"": 320, ""API_CREDITS"": 165, ""DATASET"": 90}","{""COMPUTE"": 2.231578947368421, ""MEMORY"": 2.15, ""API_CREDITS"": 2.4242424242424243, ""DATASET"": 1.4222222222222223}",4,48,20,0.40749097709695187,0.13638306138306136,0.04928421798256267,0.09176702926702925,126.37257993450856,2.563248020819752,6.048195715803103
delta1.00__high,1.0,high,1.9,1446854669,895bd0af1eab9368,"{""COMPUTE"": 280, ""MEMORY"": 249, ""API_CREDITS"": 107, ""DATASET"": 100}","{""COMPUTE"": 2.9214285714285713, ""MEMORY"": 2.791164658634538, ""API_CREDITS"": 3.635514018691589, ""DATASET"": 1.84}",4,48,47,0.8484441651745818,0.11285233645803361,0.3470550419656487,0.06773128587221543,225.65060180394468,14.554323147105096,15.71248141653591
delta1.00__high,1.0,high,1.9,1474233831,850b6ca20325b45f,"{""COMPUTE"": 382, ""MEMORY"": 327, ""API_CREDITS"": 166, ""DATASET"": 101}","{""COMPUTE"": 1.87434554973822, ""MEMORY"": 1.8501529051987768, ""API_CREDITS"": 2.1626506024096384, ""DATASET"": 1.3465346534653466}",4,48,38,0.8006274417950664,0.1289982375348229,0.18192609389627787,0.0888422214641727,196.42999107848277,6.392743378815898,30.090902170337525
delta1.00__high,1.0,high,1.9,1476169622,c03934acbe713d04,"{""COMPUTE"": 253, ""MEMORY"": 217, ""API_CREDITS"": 126, ""DATASET"": 49}","{""COMPUTE"": 3.652173913043478, ""MEMORY"": 3.3870967741935485, ""API_CREDITS"": 3.7222222222222223, ""DATASET"": 1.7959183673469388}",4,48,26,0.5339049735717026,0.05390256734006734,0.2108630642490289,0.03934922138047137,198.37515560844216,18.591646498165133,20.650402703893782
delta1.00__high,1.0,high,1.9,1515534678,1d0b1094050ca593,"{""COMPUTE"": 435, ""MEMORY"": 359, ""API_CREDITS"": 218, ""DATASET"": 67}","{""COMPUTE"": 1.4804597701149425, ""MEMORY"": 1.5766016713091922, ""API_CREDITS"": 1.4036697247706422, ""DATASET"": 2.626865671641791}",4,48,36,0.7279115683355556,0.15190824792233387,0.1358780967276257,0.10261003961881783,248.0250302711431,7.054830305563935,7.533451202709505
delta1.00__high,1.0,high,1.9,1538028730,de7e67741b96bfcb,"{""COMPUTE"": 436, ""MEMORY"": 368, ""API_CREDITS"": 211, ""DATASET"": 90}","{""COMPUTE"": 2.0871559633027523, ""MEMORY"": 1.9646739130434783, ""API_CREDITS"": 2.1658767772511847, ""DATASET"": 0.9777777777777777}",4,48,34,0.7323513153195127,0.056211744259836154,0.18736314640542454,0.03978918479096957,169.00991702760453,10.98218480121062,21.09419166220508
delta1.00__high,1.0,high,1.9,1607564961,8ce939f6b93bbe51,"{""COMPUTE"": 390, ""MEMORY"": 339, ""API_CREDITS"": 168, ""DATASET"": 115}","{""COMPUTE"": 1.646153846153846, ""MEMORY"": 1.696165191740413, ""API_CREDITS"": 1.4107142857142858, ""DATASET"": 2.1565217391304348}",4,48,32,0.614959792140679,0.1806521521815191,0.24178372216431207,0.12571632537307595,171.2920507092937,6.495039359276959,20.718043431731044
delta1.00__high,1.0,high,1.9,1647295192,d0a1cfc0e4588ec6,"{""COMPUTE"": 531, ""MEMORY"": 451, ""API_CREDITS"": 231, ""DATASET"": 141}","{""COMPUTE"": 1.6986817325800376, ""MEMORY"": 1.623059866962306, ""API_CREDITS"": 1.9047619047619047, ""DATASET"": 0.9078014184397163}",4,48,44,0.9172069596774275,0.057790174085438586,0.45695967699189805,0.037010323351477845,286.84437063548285,26.86026936276424,52.53862538519035
delta1.00__high,1.0,high,1.9,1680529007,ab88a757d1f3b69f,"{""COMPUTE"": 427, ""MEMORY"": 340, ""API_CREDITS"": 190, ""DATASET"": 60}","{""COMPUTE"": 1.6861826697892273, ""MEMORY"": 1.9264705882352942, ""API_CREDITS"": 1.563157894736842, ""DATASET"": 4.666666666666667}",4,48,36,0.7549703627934558,0.14511412470678506,0.21882998861983669,0.09297812619890754,155.10449833454496,8.17378653568009,10.99690364763223
delta1.00__high,1.0,high,1.9,1683037842,94565b7d76ee4f71,"{""COMPUTE"": 332, ""MEMORY"": 293, ""API_CREDITS"": 147, ""DATASET"": 101}","{""COMPUTE"": 2.5, ""MEMORY"": 2.52901023890785, ""API_CREDITS"": 2.360544217687075, ""DATASET"": 2.9306930693069306}",4,48,35,0.6892478908626275,0.13884087610502707,0.25240806948304556,0.0973047861903994,282.4226468548825,12.612730062496837,30.11081030804768
delta1.00__high,1.0,high,1.9,1684113726,329d6a6b8d609dec,"{""COMPUTE"": 532, ""MEMORY"": 473, ""API_CREDITS"": 232, ""DATASET"": 182}","{""COMPUTE"": 1.9323308270676691, ""MEMORY"": 1.8118393234672305, ""API_CREDITS"": 1.9612068965517242, ""DATASET"": 1.2747252747252746}",4,48,22,0.39112803001855684,0.14773858086358085,0.2165046539839173,0.0986367991576325,105.31800921075809,5.795005298906163,18.06062159541224
delta1.00__high,1.0,high,1.9,1723470144,8616aea9737d1fa6,"{""COMPUTE"": 543, ""MEMORY"": 475, ""API_CREDITS"": 252, ""DATASET"": 159}","{""COMPUTE"": 1.4622467771639043, ""MEMORY"": 1.456842105263158, ""API_CREDITS"": 1.2698412698412698, ""DATASET"": 1.610062893081761}",4,48,44,0.872959817583664,0.1304307095404404,0.3372117811395199,0.09516840772321226,324.14571626138064,10.487260562805139,22.862731107709795
delta1.00__high,1.0,high,1.9,1746522117,fecf2c05a8f4d3f2,"{""COMPUTE"": 374, ""MEMORY"": 316, ""API_CREDITS"": 172, ""DATASET"": 82}","{""COMPUTE"": 1.8716577540106951, ""MEMORY"": 1.7974683544303798, ""API_CREDITS"": 1.697674418604651, ""DATASET"": 1.5609756097560976}",4,48,37,0.6876736986167399,0.14928821303850764,0.2612089250262782,0.10897513851576968,116.50766980100131,8.033193034836481,20.353709708010086
delta1.00__high,1.0,high,1.9,1761268421,87dc7a85a51bcfa0,"{""COMPUTE"": 512, ""MEMORY"": 431, ""API_CREDITS"": 235, ""DATASET"": 116}","{""COMPUTE"": 2.0625, ""MEMORY"": 1.8863109048723898, ""API_CREDITS"": 2.157446808510638, ""DATASET"": 0.6206896551724138}",4,48,41,0.7414232058346762,0.044191919191919185,0.2588527341914386,0.030675505050505036,238.22901542161105,9.802040903342299,34.40408470046896
delta1.00__high,1.0,high,1.9,1851037281,9fa61b5eddaeb451,"{""COMPUTE"": 532, ""MEMORY"": 443, ""API_CREDITS"": 247, ""DATASET"": 111}","{""COMPUTE"": 1.2218045112781954, ""MEMORY"": 1.2460496613995484, ""API_CREDITS"": 1.1336032388663968, ""DATASET"": 1.4414414414414414}",4,48,37,0.7577461568801995,0.15243580719919061,0.27242884212016966,0.10203904878479465,224.38566506634788,8.974719533731225,8.891388909635614
delta1.00__high,1.0,high,1.9,1867081647,0b3f8e68ec7c1f34,"{""COMPUTE"": 407, ""MEMORY"": 369, ""API_CREDITS"": 169, ""DATASET"": 157}","{""COMPUTE"": 2.4373464373464375, ""MEMORY"": 2.205962059620596, ""API_CREDITS"": 2.757396449704142, ""DATASET"": 1.1210191082802548}",4,48,38,0.8175980740131333,0.13380866919306791,0.14727867165227923,0.08415774333825587,333.34610855760894,13.050097139878169,9.808276858509437
delta1.00__high,1.0,high,1.9,1880620535,696484fd68c615c4,"{""COMPUTE"": 488, ""MEMORY"": 411, ""API_CREDITS"": 232, ""DATASET"": 105}","{""COMPUTE"": 1.9139344262295082, ""MEMORY"": 1.927007299270073, ""API_CREDITS"": 1.8448275862068966, ""DATASET"": 2.1333333333333333}",4,48,29,0.5645965422303256,0.11415716723752437,0.1982669181978258,0.06993900831553271,220.52328432590502,9.319238661007477,10.593094997170304
delta1.00__high,1.0,high,1.9,1935876427,24ef54442d2836e6,"{""COMPUTE"": 449, ""MEMORY"": 408, ""API_CREDITS"": 183, ""DATASET"": 178}","{""COMPUTE"": 1.9955456570155903, ""MEMORY"": 1.7647058823529411, ""API_CREDITS"": 2.273224043715847, ""DATASET"": 0.7191011235955056}",4,48,45,0.9273745696038475,0.12934472934472932,0.31396154325965003,0.09290285331951997,299.0096025448145,5.884554421876328,17.87254054586265
delta1.00__high,1.0,high,1.9,1943200581,ad32a499dc019e7f,"{""COMPUTE"": 340, ""MEMORY"": 298, ""API_CREDITS"": 150, ""DATASET"": 99}","{""COMPUTE"": 2.7588235294117647, ""MEMORY"": 2.5167785234899327, ""API_CREDITS"": 2.76, ""DATASET"": 1.4545454545454546}",4,48,43,0.8560847633409508,0.12855492749704148,0.30307441684882885,0.0876922576466907,261.0309393597314,15.063430332326115,11.668481497194213
delta1.00__high,1.0,high,1.9,1957258698,cbf54042faeb4ec2,"{""COMPUTE"": 361, ""MEMORY"": 317, ""API_CREDITS"": 149, ""DATASET"": 115}","{""COMPUTE"": 2.3601108033241, ""MEMORY"": 2.331230283911672, ""API_CREDITS"": 2.5033557046979866, ""DATASET"": 2.1565217391304348}",4,48,43,0.898938759968095,0.13107338581934427,0.2545296750461395,0.08530033082059613,284.60016401102615,9.756584879468619,40.78592051001003
delta1.00__high,1.0,high,1.9,2000676221,95247ae2e53fa242,"{""COMPUTE"": 606, ""MEMORY"": 500, ""API_CREDITS"": 292, ""DATASET"": 111}","{""COMPUTE"": 1.6996699669966997, ""MEMORY"": 1.744, ""API_CREDITS"": 1.726027397260274, ""DATASET"": 2.018018018018018}",4,48,30,0.5560358921258692,0.09456787198970047,0.32075003489142834,0.05604037884803966,190.75940343597904,10.313613621187747,58.05381465311416
delta1.00__high,1.0,high,1.9,2071520222,824932e4164dab2b,"{""COMPUTE"": 423, ""MEMORY"": 365, ""API_CREDITS"": 201, ""DATASET"": 107}","{""COMPUTE"": 1.9432624113475176, ""MEMORY"": 1.8575342465753424, ""API_CREDITS"": 1.9402985074626866, ""DATASET"": 1.3457943925233644}",4,48,42,0.8617701189425748,0.13478230808739283,0.22504928469154217,0.08703931426389051,310.08574494972476,9.256382989723154,27.667205564451987
delta1.00__high,1.0,high,1.9,2104789822,4ac61e52e6abf396,"{""COMPUTE"": 496, ""MEMORY"": 418, ""API_CREDITS"": 228, ""DATASET"": 113}","{""COMPUTE"": 1.9516129032258065, ""MEMORY"": 1.9354066985645932, ""API_CREDITS"": 2.18859649122807, ""DATASET"": 1.4867256637168142}",4,48,34,0.7293968657778156,0.0633650894723093,0.25516461887619885,0.04656315308254964,234.06910226352625,19.850068144929857,39.486931854183105
delta1.00__high,1.0,high,1.9,2175919960,4406c9817424a564,"{""COMPUTE"": 605, ""MEMORY"": 509, ""API_CREDITS"": 290, ""DATASET"": 131}","{""COMPUTE"": 1.9239669421487604, ""MEMORY"": 1.8840864440078586, ""API_CREDITS"": 1.9068965517241379, ""DATASET"": 1.6488549618320612}",4,48,27,0.6149394158987902,0.048638844645141156,0.3148706237668175,0.033199935762047904,217.45227013462284,13.934900570012966,46.602524250252095
delta1.00__high,1.0,high,1.9,2187181276,fa88b9996c83ea95,"{""COMPUTE"": 329, ""MEMORY"": 293, ""API_CREDITS"": 144, ""DATASET"": 106}","{""COMPUTE"": 2.364741641337386, ""MEMORY"": 2.013651877133106, ""API_CREDITS"": 2.6805555555555554, ""DATASET"": 0.1509433962264151}",4,48,45,0.9422226242075379,0.03569236421794288,0.08525687909306436,0.02602196755206869,209.24308185387304,2.373710663839996,9.256900836861336
delta1.00__high,1.0,high,1.9,2201730498,6b7673aff1329a0b,"{""COMPUTE"": 477, ""MEMORY"": 413, ""API_CREDITS"": 229, ""DATASET"": 124}","{""COMPUTE"": 2.792452830188679, ""MEMORY"": 2.583535108958838, ""API_CREDITS"": 2.7991266375545854, ""DATASET"": 1.4838709677419355}",4,48,33,0.6621992732445824,0.04999985473604086,0.21335544324471611,0.03628112643484476,181.20524719056843,10.277332502584082,19.515420582856724
delta1.00__high,1.0,high,1.9,2207070483,7f20cd6cdecfd907,"{""COMPUTE"": 482, ""MEMORY"": 393, ""API_CREDITS"": 236, ""DATASET"": 72}","{""COMPUTE"": 2.091286307053942, ""MEMORY"": 2.063613231552163, ""API_CREDITS"": 2.156779661016949, ""DATASET"": 1.6666666666666667}",4,48,38,0.8415909915126075,0.05568438120521453,0.1715590526143819,0.03845858761223344,223.8457196104415,4.283053998545383,31.678576453249832
delta1.00__high,1.0,high,1.9,2218791610,6c01eae5bb79664b,"{""COMPUTE"": 545, ""MEMORY"": 421, ""API_CREDITS"": 258, ""DATASET"": 42}","{""COMPUTE"": 1.8862385321100918, ""MEMORY"": 2.0380047505938244, ""API_CREDITS"": 1.8992248062015504, ""DATASET"": 4.9523809523809526}",4,48,38,0.7028019366735313,0.0724264847156482,0.35955148505838297,0.04413755446218243,182.2477103107984,12.062175261194687,25.680829528297025
delta1.00__high,1.0,high,1.9,2245371449,fe162056e013e160,"{""COMPUTE"": 452, ""MEMORY"": 388, ""API_CREDITS"": 196, ""DATASET"": 124}","{""COMPUTE"": 2.411504424778761, ""MEMORY"": 2.4123711340206184, ""API_CREDITS"": 2.5714285714285716, ""DATASET"": 2.3225806451612905}",4,48,42,0.7505769551960119,0.11193806725343992,0.26692744112248745,0.06876287618651515,262.3328315939552,21.519198758040105,35.01351132587499
delta1.00__high,1.0,high,1.9,2264376108,79ee2d71e14791cb,"{""COMPUTE"": 545, ""MEMORY"": 437, ""API_CREDITS"": 250, ""DATASET"": 81}","{""COMPUTE"": 1.3724770642201836, ""MEMORY"": 1.4416475972540046, ""API_CREDITS"": 1.304, ""DATASET"": 2.1728395061728394}",4,48,37,0.6965672019090375,0.16417381476670015,0.20606201156291523,0.11556875637903306,209.02183753420903,13.500195669618504,6.70852248994112
delta1.00__high,1.0,high,1.9,2278610062,9ec94ba2f8009d9d,"{""COMPUTE"": 597, ""MEMORY"": 510, ""API_CREDITS"": 291, ""DATASET"": 141}","{""COMPUTE"": 1.2797319932998326, ""MEMORY"": 1.2470588235294118, ""API_CREDITS"": 1.168384879725086, ""DATASET"": 1.1347517730496455}",4,48,37,0.7411915986494862,0.1532065308093559,0.20112748451267826,0.10595969939291501,227.11589016833818,7.395603235983775,25.228190380454436
delta1.00__high,1.0,high,1.9,2305903047,c3b4def708dd809a,"{""COMPUTE"": 445, ""MEMORY"": 371, ""API_CREDITS"": 192, ""DATASET"": 101}","{""COMPUTE"": 1.743820224719101, ""MEMORY"": 1.6981132075471699, ""API_CREDITS"": 1.9270833333333333, ""DATASET"": 1.108910891089109}",4,48,37,0.7654807564785243,0.12927224736048265,0.3027147632191755,0.08400944779621251,238.90144877470257,13.58929541199481,36.76506052994267
delta1.00__high,1.0,high,1.9,2313044508,02d1aa9d3de0ecb4,"{""COMPUTE"": 420, ""MEMORY"": 348, ""API_CREDITS"": 178, ""DATASET"": 92}","{""COMPUTE"": 2.395238095238095, ""MEMORY"": 2.4051724137931036, ""API_CREDITS"": 2.9157303370786516, ""DATASET"": 1.826086956521739}",4,48,38,0.7398628665048976,0.06037751689401806,0.2265503923394233,0.044787094071556684,167.60158659260887,15.016763326698703,14.807088435204827
delta1.00__high,1.0,high,1.9,2313893183,66603c97c6fe13c4,"{""COMPUTE"": 570, ""MEMORY"": 455, ""API_CREDITS"": 274, ""DATASET"": 73}","{""COMPUTE"": 1.8210526315789475, ""MEMORY"": 1.8835164835164835, ""API_CREDITS"": 1.7627737226277371, ""DATASET"": 2.73972602739726}",4,48,44,0.824539566758934,0.12343288500416123,0.3166327533781598,0.07778853646254998,271.55764799193065,13.393479041117608,22.991700069468777
delta1.00__high,1.0,high,1.9,2323336231,b51a2b71ca13e3fa,"{""COMPUTE"": 460, ""MEMORY"": 381, ""API_CREDITS"": 192, ""DATASET"": 104}","{""COMPUTE"": 1.934782608695652, ""MEMORY"": 2.0288713910761156, ""API_CREDITS"": 2.2447916666666665, ""DATASET"": 2.230769230769231}",4,48,40,0.784124617682599,0.1326714257964258,0.15865765854218283,0.07972786761849264,222.1709974740779,13.526716655509128,9.741029943097242
delta1.00__high,1.0,high,1.9,2340911682,35ea10c7669194f3,"{""COMPUTE"": 379, ""MEMORY"": 308, ""API_CREDITS"": 158, ""DATASET"": 72}","{""COMPUTE"": 2.063324538258575, ""MEMORY"": 2.0844155844155843, ""API_CREDITS"": 2.4936708860759493, ""DATASET"": 1.5555555555555556}",4,48,35,0.6799734753126315,0.07202708883296492,0.2801945181635517,0.04880363790414563,153.63324393557895,12.18715307545088,34.34174597477341
delta1.00__high,1.0,high,1.9,2341361004,417fc394883bab29,"{""COMPUTE"": 558, ""MEMORY"": 453, ""API_CREDITS"": 267, ""DATASET"": 87}","{""COMPUTE"": 1.4121863799283154, ""MEMORY"": 1.6313465783664458, ""API_CREDITS"": 1.1123595505617978, ""DATASET"": 4.32183908045977}",4,48,46,0.9085906439203132,0.10484176288524114,0.22987862186544686,0.07158358100387084,274.0262362323586,17.19777882315177,34.36158259535299
delta1.00__high,1.0,high,1.9,2359336968,6abefff850df2a15,"{""COMPUTE"": 482, ""MEMORY"": 399, ""API_CREDITS"": 241, ""DATASET"": 80}","{""COMPUTE"": 1.7634854771784232, ""MEMORY"": 1.7719298245614035, ""API_CREDITS"": 1.7302904564315353, ""DATASET"": 1.9}",4,48,39,0.7298204567219116,0.07207510176033352,0.35070048289616024,0.04572132210876273,235.5885380153708,9.27840186893525,57.569029296954334
delta1.00__high,1.0,high,1.9,2364012430,29b825b4eb65629c,"{""COMPUTE"": 546, ""MEMORY"": 441, ""API_CREDITS"": 250, ""DATASET"": 87}","{""COMPUTE"": 1.4029304029304028, ""MEMORY"": 1.5170068027210883, ""API_CREDITS"": 1.324, ""DATASET"": 2.6666666666666665}",4,48,44,0.8393455954291097,0.16668803454386896,0.244078098346145,0.108981675826565,204.6896035279178,12.669016691816902,28.199868157397844
delta1.00__high,1.0,high,1.9,2387674784,7b68902dbf1b7a0c,"{""COMPUTE"": 443, ""MEMORY"": 367, ""API_CREDITS"": 202, ""DATASET"": 87}","{""COMPUTE"": 1.8826185101580135, ""MEMORY"": 2.0381471389645776, ""API_CREDITS"": 1.6237623762376239, ""DATASET"": 3.67816091954023}",4,48,44,0.8125560731153908,0.16707076707076704,0.27599612985842176,0.12535868785868784,235.73861013616238,7.170728492311068,42.34531432496075
delta1.00__high,1.0,high,1.9,2460794327,85a141b41cbed4c9,"{""COMPUTE"": 527, ""MEMORY"": 414, ""API_CREDITS"": 240, ""DATASET"": 62}","{""COMPUTE"": 1.6774193548387097, ""MEMORY"": 1.7681159420289856, ""API_CREDITS"": 1.7666666666666666, ""DATASET"": 2.5806451612903225}",4,48,28,0.42712853718493854,0.08044993892804779,0.39746335002493943,0.047847151431690486,127.75072913117593,18.928259798964664,39.73333122072952
delta1.00__high,1.0,high,1.9,2465060907,ada790de5b746606,"{""COMPUTE"": 288, ""MEMORY"": 259, ""API_CREDITS"": 108, ""DATASET"": 108}","{""COMPUTE"": 3.2083333333333335, ""MEMORY"": 3.003861003861004, ""API_CREDITS"": 3.9444444444444446, ""DATASET"": 1.9259259259259258}",4,48,44,0.9103515036335437,0.12583643154231391,0.24997569716901388,0.08132950655009481,285.9284095093073,10.804515771334467,9.622944773499638
delta1.00__high,1.0,high,1.9,2479492459,50d95b854b88cd7e,"{""COMPUTE"": 512, ""MEMORY"": 415, ""API_CREDITS"": 235, ""DATASET"": 82}","{""COMPUTE"": 1.46875, ""MEMORY"": 1.3975903614457832, ""API_CREDITS"": 1.6, ""DATASET"": 0.3902439024390244}",4,48,28,0.4929407226701385,0.0346116507376354,0.330304516031174,0.022947928979844736,127.87938739718248,7.781988712638927,26.271040931613012
delta1.00__high,1.0,high,1.9,2555635641,f2c840e13c0a507d,"{""COMPUTE"": 411, ""MEMORY"": 359, ""API_CREDITS"": 185, ""DATASET"": 120}","{""COMPUTE"": 2.374695863746959, ""MEMORY"": 2.2757660167130918, ""API_CREDITS"": 2.2864864864864867, ""DATASET"": 1.9333333333333333}",4,48,32,0.5098239295168687,0.14858145730238753,0.15068925501894376,0.09696125006202526,130.70162095441913,7.553289091459501,40.66578303923107
delta1.00__high,1.0,high,1.9,2557315479,2e45fe7bffa582f3,"{""COMPUTE"": 478, ""MEMORY"": 389, ""API_CREDITS"": 215, ""DATASET"": 84}","{""COMPUTE"": 2.3472803347280333, ""MEMORY"": 2.3110539845758353, ""API_CREDITS"": 2.4976744186046513, ""DATASET"": 1.8095238095238095}",4,48,38,0.7135373435375559,0.05855898021920602,0.3396972893281615,0.03934015289500122,210.59487148786198,8.052862781514472,60.60896992101618
delta1.00__high,1.0,high,1.9,2582895085,b3cdaca81a01d635,"{""COMPUTE"": 299, ""MEMORY"": 263, ""API_CREDITS"": 117, ""DATASET"": 99}","{""COMPUTE"": 4.454849498327759, ""MEMORY"": 4.057034220532319, ""API_CREDITS"": 5.478632478632479, ""DATASET"": 1.8585858585858586}",4,48,41,0.778331950551451,0.05235519197783349,0.19598634590648367,0.039978889035492814,318.05791690160544,9.636232956127866,28.836713200162553
delta1.00__high,1.0,high,1.9,2615816904,c056240718c653de,"{""COMPUTE"": 402, ""MEMORY"": 336, ""API_CREDITS"": 201, ""DATASET"": 71}","{""COMPUTE"": 2.7661691542288556, ""MEMORY"": 2.7351190476190474, ""API_CREDITS"": 2.5920398009950247, ""DATASET"": 3.0422535211267605}",4,48,48,0.9947361546272818,0.1279392482517482,0.0908434073346411,0.08067352207977208,290.9847805606305,5.243511186303055,20.805249888665916
delta1.00__high,1.0,high,1.9,2641268422,1f5f4284492b75c5,"{""COMPUTE"": 401, ""MEMORY"": 350, ""API_CREDITS"": 179, ""DATASET"": 116}","{""COMPUTE"": 1.9201995012468829, ""MEMORY"": 1.8885714285714286, ""API_CREDITS"": 1.6927374301675977, ""DATASET"": 2.0}",4,48,40,0.7229796467683834,0.17065193833184278,0.3756060534801248,0.11981094533348939,174.19441418034958,11.877530212874,41.59194877951959
delta1.00__high,1.0,high,1.9,2650780455,038abeac1352b3d4,"{""COMPUTE"": 341, ""MEMORY"": 289, ""API_CREDITS"": 157, ""DATASET"": 74}","{""COMPUTE"": 2.8797653958944283, ""MEMORY"": 2.9377162629757785, ""API_CREDITS"": 2.9235668789808917, ""DATASET"": 3.5675675675675675}",4,48,34,0.7978401936560505,0.12514501595288433,0.2654616723909604,0.07951961419887932,312.2218428494707,7.6024444339709545,43.905461001220964
delta1.00__high,1.0,high,1.9,2659608022,bb0ec199c174a787,"{""COMPUTE"": 461, ""MEMORY"": 394, ""API_CREDITS"": 211, ""DATASET"": 116}","{""COMPUTE"": 1.7180043383947938, ""MEMORY"": 1.700507614213198, ""API_CREDITS"": 1.7535545023696681, ""DATASET"": 1.5172413793103448}",4,48,32,0.6682659747632148,0.1382833434089275,0.23740858531544132,0.08310390302699494,254.11900327821414,13.386483147414774,25.59808419005653
delta1.00__high,1.0,high,1.9,2662675958,274a79aca35c8c73,"{""COMPUTE"": 474, ""MEMORY"": 393, ""API_CREDITS"": 245, ""DATASET"": 74}","{""COMPUTE"": 1.5654008438818565, ""MEMORY"": 1.6870229007633588, ""API_CREDITS"": 1.3428571428571427, ""DATASET"": 3.3513513513513513}",4,48,39,0.7864956040246988,0.1734939514228217,0.14176956016362208,0.11983028980936931,324.41421501143935,14.180668241439852,7.339018613839296
delta1.00__high,1.0,high,1.9,2673731007,c585e75971dc9188,"{""COMPUTE"": 462, ""MEMORY"": 373, ""API_CREDITS"": 240, ""DATASET"": 50}","{""COMPUTE"": 2.2683982683982684, ""MEMORY"": 2.3753351206434314, ""API_CREDITS"": 2.058333333333333, ""DATASET"": 4.8}",4,48,31,0.555675435498164,0.10398437043658935,0.200487156353054,0.06269943772487332,170.87710926269565,4.289932986208164,13.545302462228198
delta1.00__high,1.0,high,1.9,2689934569,3f5c35bdbe233bd0,"{""COMPUTE"": 437, ""MEMORY"": 357, ""API_CREDITS"": 201, ""DATASET"": 74}","{""COMPUTE"": 1.7116704805491991, ""MEMORY"": 1.7366946778711485, ""API_CREDITS"": 1.592039800995025, ""DATASET"": 2.1621621621621623}",4,48,23,0.5775688607513164,0.18139214834130088,0.21356768789389902,0.13523105895987253,153.12162958446945,10.294689565190986,14.148951422389642
delta1.00__high,1.0,high,1.9,2709531232,7d0277164334b2d4,"{""COMPUTE"": 503, ""MEMORY"": 427, ""API_CREDITS"": 228, ""DATASET"": 123}","{""COMPUTE"": 2.1510934393638173, ""MEMORY"": 2.201405152224824, ""API_CREDITS"": 2.1228070175438596, ""DATASET"": 2.6016260162601625}",4,48,36,0.6931248206842914,0.09739292015523769,0.21430196837984342,0.06606291330857937,274.60712387108407,7.856883572303609,48.87261795550981
delta1.00__high,1.0,high,1.9,2732825905,cfc6a06b293ea45f,"{""COMPUTE"": 489, ""MEMORY"": 408, ""API_CREDITS"": 230, ""DATASET"": 98}","{""COMPUTE"": 1.30879345603272, ""MEMORY"": 1.2965686274509804, ""API_CREDITS"": 1.3347826086956522, ""DATASET"": 1.0612244897959184}",4,48,41,0.8031759217353277,0.12760020709852185,0.3957719502130017,0.08412550289107702,215.9403884501552,18.72967221298656,19.272451879137822
delta1.00__high,1.0,high,1.9,2788397956,fb8a16c0cd23849a,"{""COMPUTE"": 422, ""MEMORY"": 339, ""API_CREDITS"": 222, ""DATASET"": 39}","{""COMPUTE"": 2.5639810426540284, ""MEMORY"": 2.616519174041298, ""API_CREDITS"": 2.3468468468468466, ""DATASET"": 4.717948717948718}",4,48,43,0.8664611262459068,0.09020446024836087,0.3191063074034665,0.05804408870057417,264.8374690839909,9.089249964709905,11.778198909693705
delta1.00__high,1.0,high,1.9,2790330942,01d239d8c33d5af0,"{""COMPUTE"": 474, ""MEMORY"": 391, ""API_CREDITS"": 211, ""DATASET"": 95}","{""COMPUTE"": 1.5443037974683544, ""MEMORY"": 1.5728900255754477, ""API_CREDITS"": 1.6161137440758293, ""DATASET"": 1.6}",4,48,35,0.5610545604051408,0.09466846101668011,0.5680693793513286,0.06523846320670419,107.71994777600004,15.912373050557507,30.039761093119825
delta1.00__high,1.0,high,1.9,2803227013,78a56171292415f1,"{""COMPUTE"": 467, ""MEMORY"": 363, ""API_CREDITS"": 219, ""DATASET"": 39}","{""COMPUTE"": 1.404710920770878, ""MEMORY"": 1.5922865013774106, ""API_CREDITS"": 1.269406392694064, ""DATASET"": 5.333333333333333}",4,48,48,0.8978339354849275,0.17449179949179952,0.2587368438692239,0.12256006006006005,239.35913633121984,17.4980685419638,18.18869438689588
delta1.00__high,1.0,high,1.9,2834917450,f480430bb23803d4,"{""COMPUTE"": 447, ""MEMORY"": 371, ""API_CREDITS"": 194, ""DATASET"": 96}","{""COMPUTE"": 1.5436241610738255, ""MEMORY"": 1.509433962264151, ""API_CREDITS"": 1.690721649484536, ""DATASET"": 1.0}",4,48,30,0.6036657735163443,0.12768253129077872,0.2471923709534758,0.08437867576613282,189.2349335221919,5.929570370111425,16.524782759095302
delta1.00__high,1.0,high,1.9,2884304410,ae6bf28a0d017f44,"{""COMPUTE"": 642, ""MEMORY"": 547, ""API_CREDITS"": 314, ""DATASET"": 151}","{""COMPUTE"": 1.588785046728972, ""MEMORY"": 1.5155393053016453, ""API_CREDITS"": 1.6528662420382165, ""DATASET"": 0.9006622516556292}",4,48,37,0.7648056174076435,0.057265665776304084,0.24231501901195662,0.040127720978784816,313.39851502619643,7.306260102618974,11.346811653931324
delta1.00__high,1.0,high,1.9,2899573342,8765f23601567017,"{""COMPUTE"": 409, ""MEMORY"": 360, ""API_CREDITS"": 164, ""DATASET"": 140}","{""COMPUTE"": 1.8288508557457213, ""MEMORY"": 1.6416666666666666, ""API_CREDITS"": 2.0548780487804876, ""DATASET"": 0.6285714285714286}",4,48,36,0.685644118470427,0.07661265519612792,0.3797833796312544,0.04773657205531296,146.2595795836631,14.565762880282506,18.851810155915246
delta1.00__high,1.0,high,1.9,2933419437,f76f8b4568c804b8,"{""COMPUTE"": 434, ""MEMORY"": 362, ""API_CREDITS"": 209, ""DATASET"": 81}","{""COMPUTE"": 2.2027649769585254, ""MEMORY"": 2.265193370165746, ""API_CREDITS"": 2.2583732057416266, ""DATASET"": 2.765432098765432}",4,48,28,0.5473387247449698,0.08133013572170907,0.2493894221533234,0.052712954449886294,143.0767428288585,19.932822689465436,30.166351077688834
delta1.00__high,1.0,high,1.9,2952553515,b333a9e563f875a7,"{""COMPUTE"": 496, ""MEMORY"": 396, ""API_CREDITS"": 213, ""DATASET"": 79}","{""COMPUTE"": 2.032258064516129, ""MEMORY"": 2.143939393939394, ""API_CREDITS"": 2.1737089201877935, ""DATASET"": 2.9367088607594938}",4,48,33,0.7398335110729947,0.1387692277814844,0.25055777296264986,0.08664833513127194,246.02647721928633,14.042096347179353,27.99791621787884
delta1.00__high,1.0,high,1.9,2955940172,d52f6c44f32994db,"{""COMPUTE"": 477, ""MEMORY"": 403, ""API_CREDITS"": 215, ""DATASET"": 114}","{""COMPUTE"": 1.5429769392033543, ""MEMORY"": 1.5558312655086848, ""API_CREDITS"": 1.5116279069767442, ""DATASET"": 1.6140350877192982}",4,48,38,0.7861650257861065,0.18258675728555246,0.12205801251475575,0.13346977654206568,236.3309361667352,4.925409669980517,13.37320675452559
delta1.00__high,1.0,high,1.9,2981583208,1c3ee2866885ea05,"{""COMPUTE"": 592, ""MEMORY"": 491, ""API_CREDITS"": 300, ""DATASET"": 101}","{""COMPUTE"": 1.7162162162162162, ""MEMORY"": 1.80040733197556, ""API_CREDITS"": 1.5733333333333333, ""DATASET"": 2.8514851485148514}",4,48,27,0.5974473719362878,0.1206197331197331,0.339072315054555,0.06971535096535096,143.13303630460618,18.301858334827852,42.83561108976421
delta1.00__high,1.0,high,1.9,2985129291,f9ad1776277e645c,"{""COMPUTE"": 423, ""MEMORY"": 343, ""API_CREDITS"": 186, ""DATASET"": 72}","{""COMPUTE"": 2.2174940898345152, ""MEMORY"": 2.2332361516034984, ""API_CREDITS"": 2.4623655913978495, ""DATASET"": 2.0}",4,48,44,0.885956274091412,0.08238160139942692,0.3045283094163396,0.05260636788668702,218.23862027127427,15.404119330993161,28.284031876058602
delta1.00__high,1.0,high,1.9,2999756299,88075c223d1c6341,"{""COMPUTE"": 457, ""MEMORY"": 366, ""API_CREDITS"": 219, ""DATASET"": 57}","{""COMPUTE"": 1.50109409190372, ""MEMORY"": 1.6639344262295082, ""API_CREDITS"": 1.1095890410958904, ""DATASET"": 4.631578947368421}",4,48,46,0.8675322776093534,0.1713635943936608,0.24029820567776586,0.11747021534946174,215.76100043827557,2.826748451025132,33.29677162331814
delta1.00__high,1.0,high,1.9,3033509426,121d643824771c05,"{""COMPUTE"": 446, ""MEMORY"": 357, ""API_CREDITS"": 227, ""DATASET"": 46}","{""COMPUTE"": 1.9417040358744395, ""MEMORY"": 1.8991596638655461, ""API_CREDITS"": 1.8061674008810573, ""DATASET"": 1.7391304347826086}",4,48,23,0.35807191839936897,0.0730013965796907,0.2886424009788488,0.046501379142212564,52.01796311991911,8.531357822770785,22.55609931131602
delta1.00__high,1.0,high,1.9,3038190311,d6076b3f7d1e46a1,"{""COMPUTE"": 538, ""MEMORY"": 477, ""API_CREDITS"": 243, ""DATASET"": 176}","{""COMPUTE"": 2.066914498141264, ""MEMORY"": 1.8742138364779874, ""API_CREDITS"": 2.0823045267489713, ""DATASET"": 1.0}",4,48,32,0.6371247995863848,0.13061383061383058,0.22397382781069278,0.08843240093240091,202.1743145646133,9.713211913349758,26.632810626148622
delta1.00__high,1.0,high,1.9,3054276103,370b99cafaa71f13,"{""COMPUTE"": 557, ""MEMORY"": 480, ""API_CREDITS"": 252, ""DATASET"": 154}","{""COMPUTE"": 1.7235188509874326, ""MEMORY"": 1.55, ""API_CREDITS"": 1.873015873015873, ""DATASET"": 0.4155844155844156}",4,48,47,0.954498997239042,0.04696969696969697,0.1103820818062662,0.03619528619528619,331.25103452758145,5.4943728326631955,11.671108621148617
delta1.00__high,1.0,high,1.9,3070189897,c09996fb69d7e7b9,"{""COMPUTE"": 488, ""MEMORY"": 400, ""API_CREDITS"": 234, ""DATASET"": 81}","{""COMPUTE"": 1.6967213114754098, ""MEMORY"": 1.7575, ""API_CREDITS"": 1.5085470085470085, ""DATASET"": 2.6666666666666665}",4,48,46,0.9222521464050706,0.16823031730174584,0.16962783962753525,0.12119215440644014,300.02990216285065,3.493020637901599,8.018929186398328
delta1.00__high,1.0,high,1.9,3099722351,50cd72bf83427150,"{""COMPUTE"": 513, ""MEMORY"": 455, ""API_CREDITS"": 233, ""DATASET"": 167}","{""COMPUTE"": 2.0311890838206628, ""MEMORY"": 1.9318681318681319, ""API_CREDITS"": 2.0300429184549356, ""DATASET"": 1.4850299401197604}",4,48,38,0.8365562180747497,0.12064616019125647,0.3349313272954963,0.0732661418606132,258.0760283863426,15.699934289254024,59.62306746641354
delta1.00__high,1.0,high,1.9,3116983969,454d2616ddd17fc5,"{""COMPUTE"": 481, ""MEMORY"": 379, ""API_CREDITS"": 242, ""DATASET"": 40}","{""COMPUTE"": 1.4594594594594594, ""MEMORY"": 1.4960422163588392, ""API_CREDITS"": 1.2272727272727273, ""DATASET"": 3.0}",4,48,33,0.6443148894635754,0.13093745919832878,0.3194550863941917,0.08881707794751274,186.07071687516927,8.465652571836193,23.956830415410963
delta1.00__high,1.0,high,1.9,3153527322,c10e7b337ea4b03b,"{""COMPUTE"": 676, ""MEMORY"": 554, ""API_CREDITS"": 324, ""DATASET"": 120}","{""COMPUTE"": 1.1242603550295858, ""MEMORY"": 1.1787003610108304, ""API_CREDITS"": 1.0462962962962963, ""DATASET"": 1.6666666666666667}",4,48,35,0.7448831966148665,0.14785899455936224,0.2366775530375446,0.09686247791333576,267.5139515105969,21.37204821438445,19.64716281518461
delta1.00__high,1.0,high,1.9,3164050495,649afe3310766cc8,"{""COMPUTE"": 542, ""MEMORY"": 454, ""API_CREDITS"": 255, ""DATASET"": 117}","{""COMPUTE"": 1.988929889298893, ""MEMORY"": 1.8722466960352422, ""API_CREDITS"": 2.0470588235294116, ""DATASET"": 0.9572649572649573}",4,48,33,0.7428315328220442,0.0543460366943526,0.16078702170134865,0.03895704184653489,194.28808746315391,14.460520304997159,32.599028846304854
delta1.00__high,1.0,high,1.9,3166920227,06ae467bb460b027,"{""COMPUTE"": 519, ""MEMORY"": 444, ""API_CREDITS"": 224, ""DATASET"": 145}","{""COMPUTE"": 1.834296724470135, ""MEMORY"": 1.6734234234234233, ""API_CREDITS"": 2.0044642857142856, ""DATASET"": 0.6068965517241379}",4,48,30,0.6015874494414886,0.04938198579395285,0.34577901352891777,0.03270111390746228,136.67495799037502,13.735111165209473,21.21209349753493
delta1.00__high,1.0,high,1.9,3175937812,21879e98f6425638,"{""COMPUTE"": 533, ""MEMORY"": 450, ""API_CREDITS"": 255, ""DATASET"": 118}","{""COMPUTE"": 1.3095684803001877, ""MEMORY"": 1.3733333333333333, ""API_CREDITS"": 1.1058823529411765, ""DATASET"": 2.0338983050847457}",4,48,48,0.9586235443125967,0.17067511627417048,0.1446174959783807,0.11592475362012124,355.3866042790683,5.662061202226475,17.18690205011514
delta1.00__high,1.0,high,1.9,3192653688,e31cbc9d462fc1a4,"{""COMPUTE"": 661, ""MEMORY"": 547, ""API_CREDITS"": 320, ""DATASET"": 124}","{""COMPUTE"": 1.8517397881996975, ""MEMORY"": 1.8190127970749543, ""API_CREDITS"": 1.890625, ""DATASET"": 1.4838709677419355}",4,48,36,0.7526213522177468,0.05987373737373738,0.06784364279190512,0.044886363636363634,271.1493770316899,2.8961767991259637,12.486194717180183
delta1.00__high,1.0,high,1.9,3200726976,a986cf4f8a8fd6d5,"{""COMPUTE"": 451, ""MEMORY"": 356, ""API_CREDITS"": 207, ""DATASET"": 53}","{""COMPUTE"": 1.6008869179600886, ""MEMORY"": 1.7556179775280898, ""API_CREDITS"": 1.541062801932367, ""DATASET"": 3.7735849056603774}",4,48,45,0.9020435856569257,0.180145483736644,0.07922504967071492,0.13021220134479802,177.50255912037315,2.6673545107594148,9.439860595839386
delta1.00__high,1.0,high,1.9,3225980398,03bd55eeb8be5287,"{""COMPUTE"": 528, ""MEMORY"": 432, ""API_CREDITS"": 245, ""DATASET"": 94}","{""COMPUTE"": 1.6666666666666667, ""MEMORY"": 1.7777777777777777, ""API_CREDITS"": 1.6326530612244898, ""DATASET"": 2.723404255319149}",4,48,28,0.5367330727743983,0.1738021238021238,0.16641201045533002,0.12308987308987308,202.52833718837223,4.768082514274563,20.189644421999834
delta1.00__high,1.0,high,1.9,3247708285,3a124bc61f30d831,"{""COMPUTE"": 458, ""MEMORY"": 384, ""API_CREDITS"": 190, ""DATASET"": 114}","{""COMPUTE"": 2.091703056768559, ""MEMORY"": 2.0, ""API_CREDITS"": 2.168421052631579, ""DATASET"": 1.4035087719298245}",4,48,29,0.6006097269397447,0.09437015276487516,0.23384243631575954,0.06293517626896773,212.53368838562008,12.524006922295092,16.225194931473094
delta1.00__high,1.0,high,1.9,3275511066,ac3cef3df5c48e4c,"{""COMPUTE"": 478, ""MEMORY"": 391, ""API_CREDITS"": 236, ""DATASET"": 73}","{""COMPUTE"": 2.401673640167364, ""MEMORY"": 2.3861892583120206, ""API_CREDITS"": 2.233050847457627, ""DATASET"": 2.73972602739726}",4,48,45,0.8938540221302942,0.13037963085132895,0.16660601097847175,0.08720092800281477,295.8709387203315,5.931370650335272,29.042481761446382
delta1.00__high,1.0,high,1.9,3282615687,917930c7e4120876,"{""COMPUTE"": 666, ""MEMORY"": 562, ""API_CREDITS"": 316, ""DATASET"": 153}","{""COMPUTE"": 1.2192192192192193, ""MEMORY"": 1.197508896797153, ""API_CREDITS"": 1.1360759493670887, ""DATASET"": 1.0980392156862746}",4,48,41,0.8131307239359934,0.15983290912518852,0.28286086050000797,0.11217523200519525,326.649802470972,17.158141481387137,38.52208877709445
delta1.00__high,1.0,high,1.9,3309075039,4f9752c4de3ac2cf,"{""COMPUTE"": 429, ""MEMORY"": 337, ""API_CREDITS"": 196, ""DATASET"": 46}","{""COMPUTE"": 1.8881118881118881, ""MEMORY"": 2.1038575667655786, ""API_CREDITS"": 1.913265306122449, ""DATASET"": 5.043478260869565}",4,48,42,0.9197502849419772,0.16533671290952848,0.15360192642268547,0.11628105802863083,253.1537498772229,2.6306189508787847,8.056000567658273
delta1.00__high,1.0,high,1.9,3334186716,3c4344be54f82b08,"{""COMPUTE"": 425, ""MEMORY"": 358, ""API_CREDITS"": 201, ""DATASET"": 89}","{""COMPUTE"": 2.498823529411765, ""MEMORY"": 2.4385474860335195, ""API_CREDITS"": 2.442786069651741, ""DATASET"": 2.247191011235955}",4,48,32,0.5966812011585834,0.12586332158545413,0.2083436830707213,0.0821378997734354,163.7761592071569,7.57736766130876,25.266757897321884
delta1.00__high,1.0,high,1.9,3439138492,20a399841bb8e68e,"{""COMPUTE"": 514, ""MEMORY"": 428, ""API_CREDITS"": 248, ""DATASET"": 98}","{""COMPUTE"": 1.88715953307393, ""MEMORY"": 1.8504672897196262, ""API_CREDITS"": 1.8548387096774193, ""DATASET"": 1.6326530612244898}",4,48,39,0.75120236976771,0.09234929281274883,0.3353800972826207,0.05853788649144798,241.22369747612382,14.615909526424742,30.549352752794093
delta1.00__high,1.0,high,1.9,3447205743,cf6545e99829838f,"{""COMPUTE"": 561, ""MEMORY"": 472, ""API_CREDITS"": 250, ""DATASET"": 134}","{""COMPUTE"": 2.142602495543672, ""MEMORY"": 2.194915254237288, ""API_CREDITS"": 2.272, ""DATASET"": 2.388059701492537}",4,48,32,0.6256156604320998,0.07886710239651416,0.27546546763499125,0.05605400409321978,206.47071856133581,12.896578398498862,19.188032968473923
delta1.00__high,1.0,high,1.9,3460158696,8ab7b374f00f46cf,"{""COMPUTE"": 596, ""MEMORY"": 485, ""API_CREDITS"": 297, ""DATASET"": 87}","{""COMPUTE"": 1.476510067114094, ""MEMORY"": 1.6041237113402063, ""API_CREDITS"": 1.367003367003367, ""DATASET"": 3.1264367816091956}",4,48,34,0.6130628763399905,0.12679143941279866,0.3080886923107678,0.08748886256976872,202.45970720563955,9.464648882379034,24.51938244608549
delta1.00__high,1.0,high,1.9,3460268087,91a29154d412d301,"{""COMPUTE"": 417, ""MEMORY"": 342, ""API_CREDITS"": 197, ""DATASET"": 68}","{""COMPUTE"": 3.223021582733813, ""MEMORY"": 3.1578947368421053, ""API_CREDITS"": 3.2893401015228427, ""DATASET"": 2.823529411764706}",4,48,40,0.8506542416013801,0.05454545454545456,0.129391233651943,0.04545454545454545,218.56157360362818,3.7240810324810814,21.605093063038534
delta1.00__high,1.0,high,1.9,3463781334,f640a7d84193078c,"{""COMPUTE"": 421, ""MEMORY"": 364, ""API_CREDITS"": 166, ""DATASET"": 133}","{""COMPUTE"": 2.1045130641330165, ""MEMORY"": 1.967032967032967, ""API_CREDITS"": 2.5301204819277108, ""DATASET"": 0.9624060150375939}",4,48,43,0.8920614042286092,0.08839277271614825,0.5396361728923171,0.06279324081920791,252.72842183648694,20.445320893703855,40.42534007502303
delta1.00__high,1.0,high,1.9,3467569127,be92885dcdd1badb,"{""COMPUTE"": 527, ""MEMORY"": 426, ""API_CREDITS"": 251, ""DATASET"": 77}","{""COMPUTE"": 1.2599620493358634, ""MEMORY"": 1.3380281690140845, ""API_CREDITS"": 1.3147410358565736, ""DATASET"": 1.87012987012987}",4,48,37,0.7139491962977335,0.1165886851133335,0.30374914627370136,0.0697312018255828,211.90576719856918,5.318829286131464,28.534761958077766
delta1.00__high,1.0,high,1.9,3518403916,3ade108faf5b060b,"{""COMPUTE"": 555, ""MEMORY"": 483, ""API_CREDITS"": 257, ""DATASET"": 159}","{""COMPUTE"": 1.6684684684684685, ""MEMORY"": 1.6480331262939958, ""API_CREDITS"": 1.5875486381322956, ""DATASET"": 1.610062893081761}",4,48,29,0.47258507907962405,0.1393168837538057,0.42268585157675825,0.09040857303731643,194.75310342103387,11.750143008366605,25.229914252940517
delta1.00__high,1.0,high,1.9,3547154528,6e5b40f1b27df60b,"{""COMPUTE"": 534, ""MEMORY"": 459, ""API_CREDITS"": 247, ""DATASET"": 140}","{""COMPUTE"": 0.8651685393258427, ""MEMORY"": 0.9477124183006536, ""API_CREDITS"": 0.6680161943319838, ""DATASET"": 1.542857142857143}",4,48,38,0.7522010744447666,0.1802223127465846,0.287771524578264,0.12625508256576218,265.5277901016924,3.4142146304293903,22.155946951019065
delta1.00__high,1.0,high,1.9,3556888763,fc9b5589466100d2,"{""COMPUTE"": 607, ""MEMORY"": 510, ""API_CREDITS"": 289, ""DATASET"": 133}","{""COMPUTE"": 1.542009884678748, ""MEMORY"": 1.5509803921568628, ""API_CREDITS"": 1.4982698961937717, ""DATASET"": 1.6240601503759398}",4,48,28,0.4921097157213476,0.13729326044818063,0.21437032211941068,0.08266881642047867,110.3896764208484,23.695817949165047,31.362484615831715
delta1.00__high,1.0,high,1.9,3585070197,c9502a99ce783702,"{""COMPUTE"": 448, ""MEMORY"": 354, ""API_CREDITS"": 206, ""DATASET"": 53}","{""COMPUTE"": 1.9196428571428572, ""MEMORY"": 2.1977401129943503, ""API_CREDITS"": 1.6990291262135921, ""DATASET"": 6.339622641509434}",4,48,38,0.7212855562021271,0.14758186258186257,0.27752881759913883,0.11972761035261036,162.51521353311938,18.49295328101023,20.669110222358967
delta1.00__high,1.0,high,1.9,3597312856,9896586785dcc265,"{""COMPUTE"": 448, ""MEMORY"": 361, ""API_CREDITS"": 213, ""DATASET"": 63}","{""COMPUTE"": 2.767857142857143, ""MEMORY"": 2.7977839335180055, ""API_CREDITS"": 2.7699530516431925, ""DATASET"": 3.3015873015873014}",4,48,41,0.8465355738016962,0.05074598007596028,0.24401210950709248,0.035845715661075826,271.82518327254365,17.511866258633827,31.91600698230742
delta1.00__high,1.0,high,1.9,3646743967,6fa3eaf310c97891,"{""COMPUTE"": 628, ""MEMORY"": 520, ""API_CREDITS"": 314, ""DATASET"": 111}","{""COMPUTE"": 1.2038216560509554, ""MEMORY"": 1.2596153846153846, ""API_CREDITS"": 1.0477707006369428, ""DATASET"": 1.945945945945946}",4,48,41,0.8419816214322394,0.1536485290980773,0.35816360324130364,0.10001874485119967,281.407874754507,20.128368702449027,29.340269405319106
delta1.00__high,1.0,high,1.9,3702281959,839e59c58f6ebbd1,"{""COMPUTE"": 352, ""MEMORY"": 279, ""API_CREDITS"": 191, ""DATASET"": 16}","{""COMPUTE"": 2.3693181818181817, ""MEMORY"": 2.4229390681003586, ""API_CREDITS"": 2.031413612565445, ""DATASET"": 8.0}",4,48,33,0.6122073643266699,0.13276309173170325,0.31503961251100016,0.08526335833850796,164.88670960231224,13.82109565921111,43.654944448139275
delta1.00__high,1.0,high,1.9,3703198363,4f4e646e7569863b,"{""COMPUTE"": 318, ""MEMORY"": 281, ""API_CREDITS"": 116, ""DATASET"": 114}","{""COMPUTE"": 2.257861635220126, ""MEMORY"": 2.0427046263345194, ""API_CREDITS"": 2.9827586206896552, ""DATASET"": 0.7017543859649122}",4,48,41,0.763973620892488,0.0715001512377404,0.4274592689000376,0.044598211178744275,170.6597958774577,10.290561730883743,38.8935643492938
delta1.00__high,1.0,high,1.9,3722197476,398945da449ab827,"{""COMPUTE"": 567, ""MEMORY"": 463, ""API_CREDITS"": 277, ""DATASET"": 90}","{""COMPUTE"": 1.509700176366843, ""MEMORY"": 1.488120950323974, ""API_CREDITS"": 1.5270758122743682, ""DATASET"": 1.1555555555555554}",4,48,46,0.8410618587160386,0.08091630591630589,0.2808871912458331,0.05487914862914863,233.0909181622845,4.097492235929541,26.492047488026483
delta1.00__high,1.0,high,1.9,3732653027,07989ff6d644f9b2,"{""COMPUTE"": 568, ""MEMORY"": 464, ""API_CREDITS"": 255, ""DATASET"": 107}","{""COMPUTE"": 2.007042253521127, ""MEMORY"": 2.0754310344827585, ""API_CREDITS"": 2.184313725490196, ""DATASET"": 2.317757009345794}",4,48,34,0.6681129211076055,0.07037602392080004,0.3643070196246909,0.04084739915741158,245.17162587884903,16.45095607334716,25.78592852369275
delta1.00__high,1.0,high,1.9,3755261675,bb3116d9155b4020,"{""COMPUTE"": 379, ""MEMORY"": 336, ""API_CREDITS"": 154, ""DATASET"": 130}","{""COMPUTE"": 2.2691292875989446, ""MEMORY"": 2.0982142857142856, ""API_CREDITS"": 2.435064935064935, ""DATASET"": 1.2923076923076924}",4,48,42,0.8794335867499411,0.13589152809376867,0.26906280643772124,0.08559817706338933,241.16204223737842,9.917515576179424,30.526771006769966
delta1.00__high,1.0,high,1.9,3819244249,64e41c37aaac58c6,"{""COMPUTE"": 541, ""MEMORY"": 436, ""API_CREDITS"": 270, ""DATASET"": 69}","{""COMPUTE"": 1.6044362292051757, ""MEMORY"": 1.7201834862385321, ""API_CREDITS"": 1.4444444444444444, ""DATASET"": 3.4782608695652173}",4,48,25,0.45454893663489954,0.11403572769156971,0.4793661154024543,0.07277074362883702,135.33256075389758,6.008364397877732,42.99505854744649
delta1.00__high,1.0,high,1.9,3825070817,5be568a7afc2b5de,"{""COMPUTE"": 261, ""MEMORY"": 232, ""API_CREDITS"": 110, ""DATASET"": 82}","{""COMPUTE"": 3.3409961685823757, ""MEMORY"": 2.9698275862068964, ""API_CREDITS"": 3.6272727272727274, ""DATASET"": 1.2682926829268293}",4,48,34,0.737278627112704,0.13101295405982905,0.19767962315747334,0.0912376469017094,210.31944443953702,8.403806881972708,32.73169882335142
delta1.00__high,1.0,high,1.9,3829285020,28bc246163f278a0,"{""COMPUTE"": 422, ""MEMORY"": 345, ""API_CREDITS"": 202, ""DATASET"": 66}","{""COMPUTE"": 2.293838862559242, ""MEMORY"": 2.3420289855072465, ""API_CREDITS"": 2.297029702970297, ""DATASET"": 2.909090909090909}",4,48,41,0.8381881761253216,0.0956683598178156,0.4141744263060298,0.05748009047819646,258.21727954095456,9.963094787059996,45.06676054031823
delta1.00__high,1.0,high,1.9,3829736852,780727a67d6a103a,"{""COMPUTE"": 416, ""MEMORY"": 361, ""API_CREDITS"": 165, ""DATASET"": 133}","{""COMPUTE"": 2.173076923076923, ""MEMORY"": 2.0221606648199444, ""API_CREDITS"": 2.484848484848485, ""DATASET"": 1.0827067669172932}",4,48,36,0.7098312757144627,0.09661961581199811,0.43925752462443796,0.06116769910155851,266.1799287035141,10.726685049520244,34.37212836638955
delta1.00__high,1.0,high,1.9,3834605579,b0765c84817325d1,"{""COMPUTE"": 453, ""MEMORY"": 391, ""API_CREDITS"": 205, ""DATASET"": 125}","{""COMPUTE"": 1.9955849889624724, ""MEMORY"": 2.0664961636828645, ""API_CREDITS"": 1.8926829268292682, ""DATASET"": 2.56}",4,48,34,0.7089698499054539,0.1378474399164054,0.2616423508999807,0.09614765024247783,300.7211124376533,6.475666183445461,34.68653668607015
delta1.00__high,1.0,high,1.9,3862073378,0fe0e5232ceb788a,"{""COMPUTE"": 480, ""MEMORY"": 419, ""API_CREDITS"": 227, ""DATASET"": 136}","{""COMPUTE"": 2.1041666666666665, ""MEMORY"": 1.9427207637231503, ""API_CREDITS"": 2.1233480176211454, ""DATASET"": 1.0588235294117647}",4,48,44,0.7890984309519201,0.06577174365043821,0.4914807336862839,0.04721712140315895,199.86119550589584,18.19184360730457,70.82899962567757
delta1.00__high,1.0,high,1.9,3896223086,8ea6fac17e67b1b1,"{""COMPUTE"": 570, ""MEMORY"": 469, ""API_CREDITS"": 266, ""DATASET"": 107}","{""COMPUTE"": 1.750877192982456, ""MEMORY"": 1.748400852878465, ""API_CREDITS"": 1.699248120300752, ""DATASET"": 1.794392523364486}",4,48,25,0.4338698356936553,0.1406389406389406,0.23209197612104496,0.09274887399887399,108.5488240222977,17.341102666086925,21.561652756859505
delta1.00__high,1.0,high,1.9,3902540653,e9a23bb5d64f6831,"{""COMPUTE"": 566, ""MEMORY"": 457, ""API_CREDITS"": 255, ""DATASET"": 94}","{""COMPUTE"": 1.452296819787986, ""MEMORY"": 1.4704595185995624, ""API_CREDITS"": 1.380392156862745, ""DATASET"": 1.702127659574468}",4,48,32,0.7034871759625254,0.16167887667887668,0.2788098587598598,0.11913495455162121,215.186021306528,10.817512965279592,56.008007809265564
delta1.00__high,1.0,high,1.9,3945030225,fc92a5f0dd5e581a,"{""COMPUTE"": 466, ""MEMORY"": 399, ""API_CREDITS"": 206, ""DATASET"": 124}","{""COMPUTE"": 2.40343347639485, ""MEMORY"": 2.305764411027569, ""API_CREDITS"": 2.6407766990291264, ""DATASET"": 1.5483870967741935}",4,48,39,0.7528246474741459,0.0667930055976474,0.26223003545188645,0.0473292196445182,245.14817396925295,6.896888925563946,22.567627527509746
delta1.00__high,1.0,high,1.9,3947356923,85cf0c3b6c1dc767,"{""COMPUTE"": 363, ""MEMORY"": 324, ""API_CREDITS"": 140, ""DATASET"": 135}","{""COMPUTE"": 2.203856749311295, ""MEMORY"": 2.1574074074074074, ""API_CREDITS"": 2.4357142857142855, ""DATASET"": 1.837037037037037}",4,48,37,0.6809058060714631,0.1606206614865833,0.42036623201936796,0.11552427041253856,174.3520369371986,15.623355569925275,38.240152690049335
delta1.00__high,1.0,high,1.9,3981156840,c6e474c4ceb49e32,"{""COMPUTE"": 378, ""MEMORY"": 321, ""API_CREDITS"": 166, ""DATASET"": 92}","{""COMPUTE"": 2.232804232804233, ""MEMORY"": 2.149532710280374, ""API_CREDITS"": 2.3493975903614457, ""DATASET"": 1.565217391304348}",4,48,18,0.2994115572352462,0.13796787503684055,0.28675330641331626,0.0921990126731506,91.36184914755557,7.007854385413779,31.32664600200701
delta1.00__high,1.0,high,1.9,3996589783,9cf064bfcd27762c,"{""COMPUTE"": 505, ""MEMORY"": 450, ""API_CREDITS"": 226, ""DATASET"": 170}","{""COMPUTE"": 1.4574257425742574, ""MEMORY"": 1.4555555555555555, ""API_CREDITS"": 1.2079646017699115, ""DATASET"": 1.6470588235294117}",4,48,27,0.46594085211913455,0.16776525485805457,0.3512998080891762,0.11738935144188344,110.86384268274132,12.64350590846921,48.62647849668307
delta1.00__high,1.0,high,1.9,4024888051,ee56b3a8ad2b81f4,"{""COMPUTE"": 272, ""MEMORY"": 244, ""API_CREDITS"": 105, ""DATASET"": 100}","{""COMPUTE"": 3.8161764705882355, ""MEMORY"": 3.651639344262295, ""API_CREDITS"": 4.466666666666667, ""DATASET"": 2.8}",4,48,41,0.8249105024954093,0.13211261332985272,0.3010266653205828,0.08665385499980723,291.1617731621615,12.44248136723104,18.000979738959703
delta1.00__high,1.0,high,1.9,4030503373,43d81741f9152bcd,"{""COMPUTE"": 342, ""MEMORY"": 290, ""API_CREDITS"": 143, ""DATASET"": 86}","{""COMPUTE"": 2.1871345029239766, ""MEMORY"": 2.1448275862068966, ""API_CREDITS"": 2.727272727272727, ""DATASET"": 1.302325581395349}",4,48,41,0.8210142931049506,0.06310260398018858,0.3346410251717807,0.039777410415920755,201.40805735010147,12.582970093248322,73.21479514624981
delta1.00__high,1.0,high,1.9,4039868181,ab41264e7a75ef9a,"{""COMPUTE"": 413, ""MEMORY"": 354, ""API_CREDITS"": 204, ""DATASET"": 93}","{""COMPUTE"": 2.082324455205811, ""MEMORY"": 1.9661016949152543, ""API_CREDITS"": 1.9803921568627452, ""DATASET"": 1.3763440860215055}",4,48,39,0.6861356659911535,0.09234733927408603,0.3623512021321751,0.061643877716657546,211.83227201047484,7.311593272471072,37.44435399838621
delta1.00__high,1.0,high,1.9,4070281976,4e8ca7d3f608ce43,"{""COMPUTE"": 576, ""MEMORY"": 503, ""API_CREDITS"": 266, ""DATASET"": 169}","{""COMPUTE"": 1.6736111111111112, ""MEMORY"": 1.6858846918489065, ""API_CREDITS"": 1.5338345864661653, ""DATASET"": 1.893491124260355}",4,48,46,0.891298893119739,0.16133204145252336,0.13686107648957738,0.11059506089626571,374.2921841615532,9.590757506640218,20.010500766901345
delta1.00__high,1.0,high,1.9,4074372378,9f21e1e81ea78e28,"{""COMPUTE"": 594, ""MEMORY"": 484, ""API_CREDITS"": 295, ""DATASET"": 88}","{""COMPUTE"": 0.7676767676767676, ""MEMORY"": 0.8863636363636364, ""API_CREDITS"": 0.6067796610169491, ""DATASET"": 2.272727272727273}",4,48,43,0.8537060278468386,0.19048477564102564,0.13885854058294997,0.1552650908119658,287.06008634223093,8.171787231305604,24.4052627453928
delta1.00__high,1.0,high,1.9,4082760487,78935f76477f64db,"{""COMPUTE"": 537, ""MEMORY"": 451, ""API_CREDITS"": 258, ""DATASET"": 114}","{""COMPUTE"": 2.4134078212290504, ""MEMORY"": 2.3237250554323725, ""API_CREDITS"": 2.449612403100775, ""DATASET"": 1.6842105263157894}",4,48,39,0.733395075204503,0.056397306397306404,0.1408368131777415,0.04545454545454545,258.39137443269993,3.743743534325525,5.517127824604747
delta1.00__high,1.0,high,1.9,4095462803,a36ed361d3c6187f,"{""COMPUTE"": 449, ""MEMORY"": 361, ""API_CREDITS"": 233, ""DATASET"": 46}","{""COMPUTE"": 1.8307349665924275, ""MEMORY"": 1.9833795013850415, ""API_CREDITS"": 1.4763948497854078, ""DATASET"": 5.565217391304348}",4,48,45,0.8069405532527165,0.13905549361154934,0.378302145981366,0.09675645545521465,204.5075844393962,7.677714025479148,35.21146531641133
delta1.00__high,1.0,high,1.9,4099285905,da647835fe4d5cac,"{""COMPUTE"": 460, ""MEMORY"": 378, ""API_CREDITS"": 217, ""DATASET"": 81}","{""COMPUTE"": 1.7043478260869565, ""MEMORY"": 1.7962962962962963, ""API_CREDITS"": 1.6267281105990783, ""DATASET"": 2.6666666666666665}",4,48,44,0.838400635791798,0.17604780840074957,0.22323029046177226,0.12650639121227356,253.3762335629032,3.1297900986983667,15.497334835107337
delta1.00__high,1.0,high,1.9,4105600667,2366d2e4dcc57cfb,"{""COMPUTE"": 512, ""MEMORY"": 442, ""API_CREDITS"": 247, ""DATASET"": 132}","{""COMPUTE"": 1.89453125, ""MEMORY"": 1.8031674208144797, ""API_CREDITS"": 1.874493927125506, ""DATASET"": 1.2727272727272727}",4,48,27,0.570148920205379,0.12416744303880226,0.36533050801998507,0.07904331786815608,159.0778062727787,15.419415560859287,29.42897195163613
delta1.00__high,1.0,high,1.9,4163155962,ae8cd9a8cc1ae4c4,"{""COMPUTE"": 472, ""MEMORY"": 400, ""API_CREDITS"": 231, ""DATASET"": 101}","{""COMPUTE"": 1.6906779661016949, ""MEMORY"": 1.8, ""API_CREDITS"": 1.5064935064935066, ""DATASET"": 2.8514851485148514}",4,48,38,0.8063966829848969,0.15382103941550757,0.2863275168635882,0.10437675796119533,334.980854552273,7.0926145333388115,19.970139212319875
delta1.00__high,1.0,high,1.9,4171035140,72e99156101a2be2,"{""COMPUTE"": 507, ""MEMORY"": 434, ""API_CREDITS"": 236, ""DATASET"": 128}","{""COMPUTE"": 1.621301775147929, ""MEMORY"": 1.608294930875576, ""API_CREDITS"": 1.7033898305084745, ""DATASET"": 1.375}",4,48,37,0.6864163118659752,0.08187193340316444,0.3825370593134485,0.05276715762843719,226.41308754654497,8.187503703819948,25.806627069716694
delta1.00__high,1.0,high,1.9,4184451528,1669066ff8c7d2e4,"{""COMPUTE"": 536, ""MEMORY"": 444, ""API_CREDITS"": 254, ""DATASET"": 102}","{""COMPUTE"": 1.1977611940298507, ""MEMORY"": 1.2207207207207207, ""API_CREDITS"": 1.125984251968504, ""DATASET"": 1.411764705882353}",4,48,39,0.7460732682931971,0.14171567208123811,0.3729800411833009,0.091795518086546,233.66561348204323,10.023219328774662,28.899503579588696
delta1.00__high,1.0,high,1.9,4190426423,cb4bc20ef37ecf57,"{""COMPUTE"": 383, ""MEMORY"": 340, ""API_CREDITS"": 163, ""DATASET"": 128}","{""COMPUTE"": 2.537859007832898, ""MEMORY"": 2.3705882352941177, ""API_CREDITS"": 2.9079754601226995, ""DATASET"": 1.375}",4,48,37,0.7390139783516129,0.07940251025694829,0.433922076045846,0.047864643841533584,261.27367823793514,14.193678064377329,39.46051312738693
delta1.00__high,1.0,high,1.9,4202249207,f9a312892209c216,"{""COMPUTE"": 500, ""MEMORY"": 407, ""API_CREDITS"": 234, ""DATASET"": 82}","{""COMPUTE"": 1.696, ""MEMORY"": 1.6904176904176904, ""API_CREDITS"": 1.7094017094017093, ""DATASET"": 1.5609756097560976}",4,48,40,0.7667479377962739,0.1363830613830614,0.03709863704663312,0.09176702926702925,239.14685582935445,2.5333259575219604,2.4292320395122675
delta1.00__high,1.0,high,1.9,4206761894,d40716eb9d02fd4e,"{""COMPUTE"": 598, ""MEMORY"": 500, ""API_CREDITS"": 288, ""DATASET"": 123}","{""COMPUTE"": 1.2307692307692308, ""MEMORY"": 1.322, ""API_CREDITS"": 1.0798611111111112, ""DATASET"": 2.1463414634146343}",4,48,41,0.7798742878186787,0.12753036711363647,0.363642217837552,0.0870481110614817,321.6949586279904,14.308517881233795,20.598394643436716
delta1.00__moderate,1.0,moderate,1.3,19063083,8d48493c9eff7041,"{""COMPUTE"": 626, ""MEMORY"": 483, ""API_CREDITS"": 281, ""DATASET"": 52}","{""COMPUTE"": 0.7252396166134185, ""MEMORY"": 0.8509316770186336, ""API_CREDITS"": 0.701067615658363, ""DATASET"": 2.923076923076923}",4,48,36,0.7618703649984858,0.18059224725891396,0.14872084987992187,0.1285864341419897,140.06849381447492,2.58732021611115,11.865416484533862
delta1.00__moderate,1.0,moderate,1.3,27327381,b8ebbcf2bfe82036,"{""COMPUTE"": 701, ""MEMORY"": 552, ""API_CREDITS"": 350, ""DATASET"": 60}","{""COMPUTE"": 1.1925820256776034, ""MEMORY"": 1.2318840579710144, ""API_CREDITS"": 1.1314285714285715, ""DATASET"": 2.1333333333333333}",4,48,42,0.7955639862996252,0.1332728999395666,0.21297163732006194,0.09201433854211631,186.04365183970523,6.27338600017548,12.270140317919173
delta1.00__moderate,1.0,moderate,1.3,73091972,84c7e844a5b801a8,"{""COMPUTE"": 556, ""MEMORY"": 487, ""API_CREDITS"": 245, ""DATASET"": 165}","{""COMPUTE"": 2.2446043165467624, ""MEMORY"": 2.197125256673511, ""API_CREDITS"": 2.5061224489795917, ""DATASET"": 1.8424242424242425}",4,48,40,0.8518591943354853,0.06875733235974199,0.19731136414331255,0.03620588414263113,379.71211341733283,11.167688897933223,39.906021650698555
delta1.00__moderate,1.0,moderate,1.3,75104030,0320fac88dc6f577,"{""COMPUTE"": 401, ""MEMORY"": 366, ""API_CREDITS"": 152, ""DATASET"": 161}","{""COMPUTE"": 2.2743142144638404, ""MEMORY"": 1.9836065573770492, ""API_CREDITS"": 2.8289473684210527, ""DATASET"": 0.6956521739130435}",4,48,43,0.8145285423109366,0.09847858387095772,0.41692200699508675,0.06558281025260164,188.11805420870095,12.096495807365912,53.60615418909876
delta1.00__moderate,1.0,moderate,1.3,75640271,5e9a34bc3e55b9b9,"{""COMPUTE"": 717, ""MEMORY"": 626, ""API_CREDITS"": 328, ""DATASET"": 209}","{""COMPUTE"": 1.6903765690376569, ""MEMORY"": 1.5527156549520766, ""API_CREDITS"": 1.8048780487804879, ""DATASET"": 0.7655502392344498}",4,48,28,0.5135054785072753,0.05057419432419431,0.22268458434476415,0.033470806778098446,201.49065509514034,13.609181392813701,26.26022373175182
delta1.00__moderate,1.0,moderate,1.3,87781505,f9d59964e853fcf8,"{""COMPUTE"": 675, ""MEMORY"": 569, ""API_CREDITS"": 323, ""DATASET"": 143}","{""COMPUTE"": 1.4725925925925927, ""MEMORY"": 1.3778558875219684, ""API_CREDITS"": 1.5108359133126934, ""DATASET"": 0.6713286713286714}",4,48,36,0.6956645702196939,0.053095326854518024,0.26224336269494625,0.03534068056126879,212.7745548916571,16.22623033734938,26.014431427540647
delta1.00__moderate,1.0,moderate,1.3,94885586,cd928de263ca4315,"{""COMPUTE"": 746, ""MEMORY"": 627, ""API_CREDITS"": 346, ""DATASET"": 165}","{""COMPUTE"": 1.193029490616622, ""MEMORY"": 1.2854864433811801, ""API_CREDITS"": 1.1040462427745665, ""DATASET"": 2.036363636363636}",4,48,31,0.6636915133973275,0.1482591945091945,0.24931833561988548,0.11055183242683243,205.6222876527918,9.422114773087538,24.44529302460712
delta1.00__moderate,1.0,moderate,1.3,101192955,0f179578bab01961,"{""COMPUTE"": 693, ""MEMORY"": 599, ""API_CREDITS"": 335, ""DATASET"": 176}","{""COMPUTE"": 1.2987012987012987, ""MEMORY"": 1.312186978297162, ""API_CREDITS"": 1.1880597014925374, ""DATASET"": 1.5454545454545454}",4,48,33,0.6527876149139601,0.13824633805709544,0.359721418955181,0.08544645311707301,227.56961838729046,22.762627868168845,41.55978569366388
delta1.00__moderate,1.0,moderate,1.3,108416726,c884572aa4755c06,"{""COMPUTE"": 617, ""MEMORY"": 510, ""API_CREDITS"": 289, ""DATASET"": 112}","{""COMPUTE"": 1.4813614262560777, ""MEMORY"": 1.4588235294117646, ""API_CREDITS"": 1.42560553633218, ""DATASET"": 1.4285714285714286}",4,48,30,0.5695094988067374,0.11539439219597401,0.3314342869982419,0.07274154102380236,197.69533874043918,19.28375258183583,24.90045259780563
delta1.00__moderate,1.0,moderate,1.3,112626036,d71696386bc96987,"{""COMPUTE"": 706, ""MEMORY"": 568, ""API_CREDITS"": 321, ""DATASET"": 107}","{""COMPUTE"": 1.311614730878187, ""MEMORY"": 1.3838028169014085, ""API_CREDITS"": 1.2523364485981308, ""DATASET"": 2.2429906542056073}",4,48,36,0.7427554867993836,0.11451587140621099,0.531554605020521,0.07253808488595538,208.68718720609164,15.600887165993433,48.592642572677
delta1.00__moderate,1.0,moderate,1.3,129877774,8d7c5ab845d07c15,"{""COMPUTE"": 913, ""MEMORY"": 751, ""API_CREDITS"": 450, ""DATASET"": 155}","{""COMPUTE"": 0.9463307776560789, ""MEMORY"": 0.9680426098535286, ""API_CREDITS"": 0.8111111111111111, ""DATASET"": 1.3935483870967742}",4,48,41,0.7418924855241241,0.15560999875637357,0.4360823581038282,0.10679914358664928,219.30354788315472,18.196083329472405,52.399541429543426
delta1.00__moderate,1.0,moderate,1.3,139216186,ccfd03fecb559a22,"{""COMPUTE"": 534, ""MEMORY"": 451, ""API_CREDITS"": 232, ""DATASET"": 127}","{""COMPUTE"": 1.8389513108614233, ""MEMORY"": 1.8913525498891353, ""API_CREDITS"": 1.8405172413793103, ""DATASET"": 2.3307086614173227}",4,48,35,0.6887153141217809,0.11510786831726529,0.364207289702172,0.0826051661373526,199.09802898733054,13.266666896228948,43.96652525669763
delta1.00__moderate,1.0,moderate,1.3,139730805,c45a18fbde63a5b8,"{""COMPUTE"": 798, ""MEMORY"": 629, ""API_CREDITS"": 381, ""DATASET"": 85}","{""COMPUTE"": 0.8771929824561403, ""MEMORY"": 0.9062003179650239, ""API_CREDITS"": 0.9501312335958005, ""DATASET"": 0.9411764705882353}",4,48,38,0.6429015315528328,0.053995539543661014,0.3763221977226238,0.038502887859552824,173.61264195851678,7.964044661174825,34.29790710232757
delta1.00__moderate,1.0,moderate,1.3,147261721,8bed5cfe4cd10eb8,"{""COMPUTE"": 658, ""MEMORY"": 533, ""API_CREDITS"": 307, ""DATASET"": 100}","{""COMPUTE"": 1.1793313069908815, ""MEMORY"": 1.2101313320825515, ""API_CREDITS"": 1.234527687296417, ""DATASET"": 1.36}",4,48,44,0.8215060890044624,0.1327633304195804,0.28876729495418757,0.08815266041828544,260.9134333492262,5.430885597496604,18.080988815658156
delta1.00__moderate,1.0,moderate,1.3,152599165,ea2429b55a20429d,"{""COMPUTE"": 765, ""MEMORY"": 627, ""API_CREDITS"": 377, ""DATASET"": 122}","{""COMPUTE"": 0.7895424836601307, ""MEMORY"": 0.8261562998405104, ""API_CREDITS"": 0.6206896551724138, ""DATASET"": 1.4426229508196722}",4,48,36,0.6957260154207575,0.18780593118102012,0.19501456758971972,0.1373793350435766,208.9027993829919,6.41441453405718,6.380770573833895
delta1.00__moderate,1.0,moderate,1.3,153676091,7ad9590fe3e33771,"{""COMPUTE"": 714, ""MEMORY"": 595, ""API_CREDITS"": 359, ""DATASET"": 126}","{""COMPUTE"": 1.42296918767507, ""MEMORY"": 1.4369747899159664, ""API_CREDITS"": 1.3621169916434541, ""DATASET"": 1.7142857142857142}",4,48,28,0.5415876557808764,0.08720143360374452,0.3043124293894292,0.05245513451592759,193.15450144152433,11.409415899423566,5.70788013078349
delta1.00__moderate,1.0,moderate,1.3,173143613,b6049076c8daf916,"{""COMPUTE"": 363, ""MEMORY"": 321, ""API_CREDITS"": 168, ""DATASET"": 98}","{""COMPUTE"": 2.809917355371901, ""MEMORY"": 2.485981308411215, ""API_CREDITS"": 2.7738095238095237, ""DATASET"": 1.1428571428571428}",4,48,38,0.7653215074679885,0.08596494005403578,0.2792463147249335,0.06214882007767647,208.2518494862758,11.88521380748503,17.268282576153737
delta1.00__moderate,1.0,moderate,1.3,190642350,ea956bebfc3cfb13,"{""COMPUTE"": 747, ""MEMORY"": 627, ""API_CREDITS"": 332, ""DATASET"": 175}","{""COMPUTE"": 1.394912985274431, ""MEMORY"": 1.4019138755980862, ""API_CREDITS"": 1.4246987951807228, ""DATASET"": 1.417142857142857}",4,48,38,0.7179992625081105,0.12247479708680707,0.30798375390596106,0.0748058115299298,224.11865294997145,14.449348839082797,33.47662370666621
delta1.00__moderate,1.0,moderate,1.3,207766894,608c52deac194d68,"{""COMPUTE"": 930, ""MEMORY"": 770, ""API_CREDITS"": 435, ""DATASET"": 187}","{""COMPUTE"": 1.178494623655914, ""MEMORY"": 1.2298701298701298, ""API_CREDITS"": 1.1333333333333333, ""DATASET"": 1.6684491978609626}",4,48,22,0.3495424655758254,0.15493638306138308,0.14536126252050166,0.11377274346024346,126.28426747345873,10.969321299032254,24.326843637652402
delta1.00__moderate,1.0,moderate,1.3,214952310,48363553a16c39c7,"{""COMPUTE"": 744, ""MEMORY"": 633, ""API_CREDITS"": 333, ""DATASET"": 190}","{""COMPUTE"": 1.3064516129032258, ""MEMORY"": 1.3649289099526067, ""API_CREDITS"": 1.3213213213213213, ""DATASET"": 1.6842105263157894}",4,48,32,0.7190146828024307,0.13968057079884344,0.1576595248041715,0.0931304591176758,178.1908980903311,9.165210997233883,24.887498120354625
delta1.00__moderate,1.0,moderate,1.3,223200515,f2d621b32a869922,"{""COMPUTE"": 605, ""MEMORY"": 524, ""API_CREDITS"": 258, ""DATASET"": 176}","{""COMPUTE"": 1.0214876033057851, ""MEMORY"": 1.0591603053435115, ""API_CREDITS"": 1.0116279069767442, ""DATASET"": 1.2272727272727273}",4,48,31,0.5864101053661092,0.1601785728939292,0.33908385245390776,0.11487630617921181,138.79580890743375,6.759077985616007,34.89799476004415
delta1.00__moderate,1.0,moderate,1.3,271508238,f594a71a98172adb,"{""COMPUTE"": 612, ""MEMORY"": 527, ""API_CREDITS"": 270, ""DATASET"": 166}","{""COMPUTE"": 1.738562091503268, ""MEMORY"": 1.6280834914611007, ""API_CREDITS"": 1.9333333333333333, ""DATASET"": 0.8674698795180723}",4,48,37,0.6848708937565329,0.06025549613784908,0.1934900597628664,0.04185358486829075,228.95503131965972,5.869931267212746,22.534005923650824
delta1.00__moderate,1.0,moderate,1.3,278611269,b0c49d90325b477e,"{""COMPUTE"": 654, ""MEMORY"": 601, ""API_CREDITS"": 260, ""DATASET"": 279}","{""COMPUTE"": 1.599388379204893, ""MEMORY"": 1.4841930116472546, ""API_CREDITS"": 1.8923076923076922, ""DATASET"": 0.9175627240143369}",4,48,28,0.5738438571405893,0.11814978522525692,0.19693682245225455,0.07267341323945099,146.01046650914523,7.403922880658132,13.916379078871271
delta1.00__moderate,1.0,moderate,1.3,279304908,fe5fda730dc60a41,"{""COMPUTE"": 613, ""MEMORY"": 520, ""API_CREDITS"": 268, ""DATASET"": 155}","{""COMPUTE"": 0.867862969004894, ""MEMORY"": 0.8788461538461538, ""API_CREDITS"": 1.0111940298507462, ""DATASET"": 0.6709677419354839}",4,48,36,0.586617451643553,0.11974031302317384,0.32179233984705524,0.08093097868387818,139.39194171626434,12.8666581320564,36.72460951274602
delta1.00__moderate,1.0,moderate,1.3,284064978,ab9249a945b55cd3,"{""COMPUTE"": 731, ""MEMORY"": 626, ""API_CREDITS"": 362, ""DATASET"": 169}","{""COMPUTE"": 1.5047879616963065, ""MEMORY"": 1.4712460063897763, ""API_CREDITS"": 1.4447513812154695, ""DATASET"": 1.3727810650887573}",4,48,40,0.8356041092858438,0.07999116521014331,0.22531062396369453,0.05217345272089798,302.26353433456666,6.461314216950463,14.21275788075404
delta1.00__moderate,1.0,moderate,1.3,322453867,af5334b1d5dee928,"{""COMPUTE"": 743, ""MEMORY"": 592, ""API_CREDITS"": 360, ""DATASET"": 87}","{""COMPUTE"": 1.531628532974428, ""MEMORY"": 1.6199324324324325, ""API_CREDITS"": 1.525, ""DATASET"": 2.8505747126436782}",4,48,41,0.8377451955824231,0.10107914353563276,0.36378373282058557,0.06290983116902663,306.5322183660467,11.380763370160855,14.610561874890882
delta1.00__moderate,1.0,moderate,1.3,343457384,b4c782280ef02366,"{""COMPUTE"": 891, ""MEMORY"": 720, ""API_CREDITS"": 432, ""DATASET"": 130}","{""COMPUTE"": 0.9450056116722784, ""MEMORY"": 0.9861111111111112, ""API_CREDITS"": 0.8379629629629629, ""DATASET"": 1.6}",4,48,30,0.5789288889915326,0.15028346085697106,0.33393249616120463,0.098041190185782,149.14149394228252,14.991219132720948,22.584676118959038
delta1.00__moderate,1.0,moderate,1.3,386742898,c926f0fbce656ead,"{""COMPUTE"": 681, ""MEMORY"": 610, ""API_CREDITS"": 295, ""DATASET"": 240}","{""COMPUTE"": 1.5682819383259912, ""MEMORY"": 1.4180327868852458, ""API_CREDITS"": 1.7050847457627119, ""DATASET"": 0.7}",4,48,35,0.7364022814720728,0.055842888587889356,0.2852426519962758,0.035619121567908835,187.85434195447544,8.56334786619438,24.988839904927953
delta1.00__moderate,1.0,moderate,1.3,396660506,96577ba22b3c0342,"{""COMPUTE"": 482, ""MEMORY"": 407, ""API_CREDITS"": 238, ""DATASET"": 90}","{""COMPUTE"": 2.7053941908713695, ""MEMORY"": 2.660933660933661, ""API_CREDITS"": 2.69327731092437, ""DATASET"": 2.7555555555555555}",4,48,46,0.9343519749719743,0.036048421028851564,0.197517784985105,0.02519516523919656,392.4048478433721,9.76880333853429,19.01137711385665
delta1.00__moderate,1.0,moderate,1.3,421967079,6a80a13c46baa71d,"{""COMPUTE"": 811, ""MEMORY"": 686, ""API_CREDITS"": 390, ""DATASET"": 180}","{""COMPUTE"": 1.400739827373613, ""MEMORY"": 1.3571428571428572, ""API_CREDITS"": 1.4384615384615385, ""DATASET"": 1.0222222222222221}",4,48,34,0.6082300979579647,0.0439393080464509,0.1894986878203775,0.029898689273689275,215.19325104072425,3.1101018037814643,24.818703484007774
delta1.00__moderate,1.0,moderate,1.3,433449607,74a061608fc1fb36,"{""COMPUTE"": 846, ""MEMORY"": 730, ""API_CREDITS"": 381, ""DATASET"": 238}","{""COMPUTE"": 1.0, ""MEMORY"": 0.9972602739726028, ""API_CREDITS"": 1.0078740157480315, ""DATASET"": 0.9411764705882353}",4,48,34,0.682093599645133,0.1238549185655323,0.34756040752184064,0.07696207851392324,230.98187223974082,12.522423012849396,38.883983533677565
delta1.00__moderate,1.0,moderate,1.3,446926817,b4d93a998a6710d2,"{""COMPUTE"": 697, ""MEMORY"": 562, ""API_CREDITS"": 324, ""DATASET"": 103}","{""COMPUTE"": 0.9038737446197992, ""MEMORY"": 0.9733096085409253, ""API_CREDITS"": 0.6820987654320988, ""DATASET"": 2.0970873786407767}",4,48,27,0.5829527496027711,0.17673727238944628,0.19042324576716554,0.12330763037284777,151.06211063806003,4.095121722245657,11.340030465680199
delta1.00__moderate,1.0,moderate,1.3,453512931,30df7230c08a8cfc,"{""COMPUTE"": 703, ""MEMORY"": 598, ""API_CREDITS"": 338, ""DATASET"": 161}","{""COMPUTE"": 1.4509246088193457, ""MEMORY"": 1.3528428093645486, ""API_CREDITS"": 1.5, ""DATASET"": 0.6459627329192547}",4,48,35,0.6317358005663175,0.054577441077441065,0.25697532490380715,0.04031968995510661,154.89967318615592,11.47009616305182,24.822549036066295
delta1.00__moderate,1.0,moderate,1.3,469716932,9349c2ad210a079c,"{""COMPUTE"": 774, ""MEMORY"": 612, ""API_CREDITS"": 358, ""DATASET"": 93}","{""COMPUTE"": 0.9457364341085271, ""MEMORY"": 0.9901960784313726, ""API_CREDITS"": 1.0335195530726258, ""DATASET"": 1.2043010752688172}",4,48,40,0.7138931788114848,0.0819457018546838,0.3941941138479728,0.050594211763322315,174.5057720611883,6.694385651828903,24.34410414473928
delta1.00__moderate,1.0,moderate,1.3,484036427,6e3e7674a573338d,"{""COMPUTE"": 709, ""MEMORY"": 593, ""API_CREDITS"": 363, ""DATASET"": 125}","{""COMPUTE"": 1.622002820874471, ""MEMORY"": 1.6070826306913997, ""API_CREDITS"": 1.5950413223140496, ""DATASET"": 1.6}",4,48,27,0.6050200305181573,0.05569092991773405,0.2181456112747013,0.03950696830851471,227.25873406185713,5.7379592509586255,33.102671141379524
delta1.00__moderate,1.0,moderate,1.3,496510537,25a26c1e7dac9959,"{""COMPUTE"": 1038, ""MEMORY"": 845, ""API_CREDITS"": 500, ""DATASET"": 171}","{""COMPUTE"": 0.8689788053949904, ""MEMORY"": 0.8650887573964497, ""API_CREDITS"": 0.81, ""DATASET"": 0.8888888888888888}",4,48,27,0.5343188873043072,0.11085892194411465,0.2874934300922065,0.07306304046922708,208.6112354847161,8.600635886960772,28.50958153050645
delta1.00__moderate,1.0,moderate,1.3,561058638,1b1e037bad432a5d,"{""COMPUTE"": 778, ""MEMORY"": 592, ""API_CREDITS"": 364, ""DATASET"": 45}","{""COMPUTE"": 1.2262210796915167, ""MEMORY"": 1.3175675675675675, ""API_CREDITS"": 1.120879120879121, ""DATASET"": 4.266666666666667}",4,48,32,0.5887404982755793,0.15043240341747804,0.2713451485125886,0.10372698059265223,147.94904100695635,12.841131076625869,24.614192864789075
delta1.00__moderate,1.0,moderate,1.3,572743071,47a624b4dc5f9f85,"{""COMPUTE"": 841, ""MEMORY"": 693, ""API_CREDITS"": 379, ""DATASET"": 170}","{""COMPUTE"": 1.1676575505350772, ""MEMORY"": 1.098124098124098, ""API_CREDITS"": 1.2532981530343008, ""DATASET"": 0.4235294117647059}",4,48,43,0.8941864880598254,0.04716223003515821,0.19693928806385008,0.03233474245214576,256.3212701923597,6.998956033498793,22.50822081322782
delta1.00__moderate,1.0,moderate,1.3,584741180,afac7ab739d59511,"{""COMPUTE"": 655, ""MEMORY"": 583, ""API_CREDITS"": 286, ""DATASET"": 221}","{""COMPUTE"": 1.2213740458015268, ""MEMORY"": 1.1818181818181819, ""API_CREDITS"": 1.1713286713286712, ""DATASET"": 1.0497737556561086}",4,48,24,0.4945146655529627,0.16990021052521045,0.2685116803812628,0.11698471171127423,149.4439051911319,14.436427972860196,22.103082374364742
delta1.00__moderate,1.0,moderate,1.3,585558921,84dea568f6c1f2c3,"{""COMPUTE"": 561, ""MEMORY"": 478, ""API_CREDITS"": 231, ""DATASET"": 153}","{""COMPUTE"": 2.028520499108734, ""MEMORY"": 1.9769874476987448, ""API_CREDITS"": 2.4891774891774894, ""DATASET"": 1.3071895424836601}",4,48,41,0.8603025632814222,0.05730788548468108,0.1334518958079089,0.04451803951113344,286.45281194053774,3.2161395798307058,14.178298568279184
delta1.00__moderate,1.0,moderate,1.3,602333967,cc6ec1c211ae7056,"{""COMPUTE"": 769, ""MEMORY"": 648, ""API_CREDITS"": 355, ""DATASET"": 176}","{""COMPUTE"": 0.8894668400520156, ""MEMORY"": 0.8317901234567902, ""API_CREDITS"": 0.9380281690140845, ""DATASET"": 0.3181818181818182}",4,48,37,0.6903142958260712,0.08329888294619711,0.29405752717520794,0.05372986446643527,154.59503675652297,4.894895455120834,27.284911310545663
delta1.00__moderate,1.0,moderate,1.3,608406825,b00efbb6a68b1c02,"{""COMPUTE"": 819, ""MEMORY"": 668, ""API_CREDITS"": 406, ""DATASET"": 123}","{""COMPUTE"": 0.5421245421245421, ""MEMORY"": 0.7005988023952096, ""API_CREDITS"": 0.24630541871921183, ""DATASET"": 2.861788617886179}",4,48,41,0.7754236377854903,0.07620389249304911,0.23111159210859322,0.061682627947688175,250.09747105364977,14.63738634716668,40.71089184083584
delta1.00__moderate,1.0,moderate,1.3,610357580,57f74b780eeeb31e,"{""COMPUTE"": 747, ""MEMORY"": 622, ""API_CREDITS"": 351, ""DATASET"": 150}","{""COMPUTE"": 1.4350736278447123, ""MEMORY"": 1.4180064308681672, ""API_CREDITS"": 1.396011396011396, ""DATASET"": 1.3866666666666667}",4,48,19,0.4653166569994309,0.12776954853721156,0.21718154785624155,0.07918870676173666,123.5714860900822,6.92138151444922,44.769399440087376
delta1.00__moderate,1.0,moderate,1.3,616227400,828c0eb27d234028,"{""COMPUTE"": 594, ""MEMORY"": 512, ""API_CREDITS"": 265, ""DATASET"": 160}","{""COMPUTE"": 1.4074074074074074, ""MEMORY"": 1.4609375, ""API_CREDITS"": 1.3886792452830188, ""DATASET"": 1.8}",4,48,35,0.7559108585391883,0.1593240093240093,0.1419730742953576,0.10557498057498056,310.9592944950888,8.401658107853697,12.822826109518088
delta1.00__moderate,1.0,moderate,1.3,638377088,7e2d1fc864119635,"{""COMPUTE"": 407, ""MEMORY"": 379, ""API_CREDITS"": 148, ""DATASET"": 183}","{""COMPUTE"": 2.1031941031941033, ""MEMORY"": 2.0079155672823217, ""API_CREDITS"": 2.4527027027027026, ""DATASET"": 1.6174863387978142}",4,48,28,0.6417962470673103,0.16209382053132054,0.36053371525649913,0.11141049344174346,202.53807819099302,9.184432031095936,61.24412282163419
delta1.00__moderate,1.0,moderate,1.3,659053096,64b25d1877e500c8,"{""COMPUTE"": 632, ""MEMORY"": 531, ""API_CREDITS"": 271, ""DATASET"": 152}","{""COMPUTE"": 1.2943037974683544, ""MEMORY"": 1.216572504708098, ""API_CREDITS"": 1.4538745387453875, ""DATASET"": 0.5263157894736842}",4,48,45,0.8344326517664769,0.08168602330779055,0.3533400930287749,0.05256806420285229,157.3265250901779,19.375714166655204,37.41928562787844
delta1.00__moderate,1.0,moderate,1.3,677637387,e7e5d460540b27ca,"{""COMPUTE"": 809, ""MEMORY"": 682, ""API_CREDITS"": 386, ""DATASET"": 177}","{""COMPUTE"": 1.0185414091470952, ""MEMORY"": 0.9560117302052786, ""API_CREDITS"": 0.9844559585492227, ""DATASET"": 0.5423728813559322}",4,48,34,0.6602364548280201,0.06960593768835657,0.33788599795143387,0.04774948934689092,200.9053527144439,8.525923195501289,25.36026757139545
delta1.00__moderate,1.0,moderate,1.3,687585327,32edea7767cf3b21,"{""COMPUTE"": 611, ""MEMORY"": 472, ""API_CREDITS"": 307, ""DATASET"": 29}","{""COMPUTE"": 1.6170212765957446, ""MEMORY"": 1.8326271186440677, ""API_CREDITS"": 1.4690553745928339, ""DATASET"": 10.206896551724139}",4,48,38,0.6252484355099073,0.1436332403831432,0.37778225210888966,0.11159579478905168,186.81110911628414,13.493268173085609,49.507460055291425
delta1.00__moderate,1.0,moderate,1.3,705933680,871a2db59521412e,"{""COMPUTE"": 663, ""MEMORY"": 533, ""API_CREDITS"": 312, ""DATASET"": 90}","{""COMPUTE"": 1.191553544494721, ""MEMORY"": 1.2401500938086305, ""API_CREDITS"": 1.1506410256410255, ""DATASET"": 1.8666666666666667}",4,48,29,0.5621776824727925,0.12246990346988058,0.23966247957138342,0.07834179073339363,189.2552027657202,10.357557663070823,25.3538667111217
delta1.00__moderate,1.0,moderate,1.3,713663764,a5f8ff74b6d8fe6e,"{""COMPUTE"": 484, ""MEMORY"": 413, ""API_CREDITS"": 247, ""DATASET"": 95}","{""COMPUTE"": 2.1818181818181817, ""MEMORY"": 2.2154963680387407, ""API_CREDITS"": 1.8825910931174088, ""DATASET"": 3.2842105263157895}",4,48,36,0.704683409026448,0.12044587753969906,0.24161185807565447,0.07852799650886354,203.0757829323494,14.582904843047423,17.0114093469619
delta1.00__moderate,1.0,moderate,1.3,756150979,78959e70429a4f10,"{""COMPUTE"": 490, ""MEMORY"": 392, ""API_CREDITS"": 236, ""DATASET"": 51}","{""COMPUTE"": 1.6408163265306122, ""MEMORY"": 1.7423469387755102, ""API_CREDITS"": 1.597457627118644, ""DATASET"": 3.607843137254902}",4,48,26,0.4393380036849143,0.13586184406803484,0.38266646186384706,0.08410552229011514,138.9067951095806,14.881237085405026,19.843553739875222
delta1.00__moderate,1.0,moderate,1.3,759787730,75fb9017776c2f68,"{""COMPUTE"": 828, ""MEMORY"": 685, ""API_CREDITS"": 400, ""DATASET"": 153}","{""COMPUTE"": 0.8695652173913043, ""MEMORY"": 0.9065693430656935, ""API_CREDITS"": 0.7775, ""DATASET"": 1.3071895424836601}",4,48,39,0.771950113376335,0.17881693220799802,0.23560486383333146,0.12747241929270567,241.09144920415108,7.875915860389103,14.048955452180637
delta1.00__moderate,1.0,moderate,1.3,779334002,5039dce3f949d3ee,"{""COMPUTE"": 959, ""MEMORY"": 765, ""API_CREDITS"": 459, ""DATASET"": 127}","{""COMPUTE"": 1.0886339937434828, ""MEMORY"": 1.2052287581699346, ""API_CREDITS"": 1.0239651416122004, ""DATASET"": 2.645669291338583}",4,48,35,0.6661600076718285,0.11939010612401975,0.3195844182208307,0.08826412866421422,183.58035188776975,17.860205073700495,27.79536421595311
delta1.00__moderate,1.0,moderate,1.3,786766500,a758710436e8a72c,"{""COMPUTE"": 614, ""MEMORY"": 532, ""API_CREDITS"": 262, ""DATASET"": 182}","{""COMPUTE"": 1.5439739413680782, ""MEMORY"": 1.556390977443609, ""API_CREDITS"": 1.6030534351145038, ""DATASET"": 1.5824175824175823}",4,48,34,0.6998580609530546,0.12608380519525098,0.40255208324090935,0.07983449690276999,254.94102162829014,22.187476416713253,42.78792624763736
delta1.00__moderate,1.0,moderate,1.3,891045433,cd39d6700047c867,"{""COMPUTE"": 509, ""MEMORY"": 451, ""API_CREDITS"": 225, ""DATASET"": 161}","{""COMPUTE"": 1.3831041257367387, ""MEMORY"": 1.288248337028825, ""API_CREDITS"": 1.3822222222222222, ""DATASET"": 0.84472049689441}",4,48,35,0.6847677803836151,0.10248835691210617,0.3049770246844652,0.06793015290353122,204.22689926261424,15.356543025040681,28.72636097362859
delta1.00__moderate,1.0,moderate,1.3,898744256,b051e63d05ef126d,"{""COMPUTE"": 729, ""MEMORY"": 563, ""API_CREDITS"": 358, ""DATASET"": 44}","{""COMPUTE"": 0.8093278463648834, ""MEMORY"": 0.8330373001776199, ""API_CREDITS"": 0.8463687150837989, ""DATASET"": 0.9090909090909091}",4,48,29,0.6349147373813805,0.06803260059273805,0.2612653387938661,0.044833769704903735,148.2296461625178,7.221205754929713,14.962171031274215
delta1.00__moderate,1.0,moderate,1.3,921012401,42849dc23e941eba,"{""COMPUTE"": 851, ""MEMORY"": 684, ""API_CREDITS"": 390, ""DATASET"": 134}","{""COMPUTE"": 1.3795534665099882, ""MEMORY"": 1.4649122807017543, ""API_CREDITS"": 1.3794871794871795, ""DATASET"": 2.2686567164179103}",4,48,37,0.7400381786194371,0.11062607911063906,0.3177423914491621,0.07387463999072778,264.57651720247435,9.750191398181387,27.061824705434276
delta1.00__moderate,1.0,moderate,1.3,928131396,5d10b017a4b2699c,"{""COMPUTE"": 753, ""MEMORY"": 649, ""API_CREDITS"": 352, ""DATASET"": 198}","{""COMPUTE"": 1.3625498007968126, ""MEMORY"": 1.3682588597842835, ""API_CREDITS"": 1.3295454545454546, ""DATASET"": 1.4545454545454546}",4,48,34,0.6913229626437966,0.1322756438125983,0.3576766059837211,0.08692824754363787,271.39502889253697,10.835203456961898,34.01262985281946
delta1.00__moderate,1.0,moderate,1.3,986685360,226ba56af60737d8,"{""COMPUTE"": 620, ""MEMORY"": 518, ""API_CREDITS"": 277, ""DATASET"": 135}","{""COMPUTE"": 1.096774193548387, ""MEMORY"": 1.1177606177606179, ""API_CREDITS"": 1.0, ""DATASET"": 1.362962962962963}",4,48,39,0.7385475775687561,0.1598031884062146,0.28328083783597485,0.10738684714801422,179.72104846624657,19.358819256049102,21.337230858926745
delta1.00__moderate,1.0,moderate,1.3,1040871164,1b4b5dfd3088020c,"{""COMPUTE"": 788, ""MEMORY"": 672, ""API_CREDITS"": 387, ""DATASET"": 179}","{""COMPUTE"": 1.1269035532994924, ""MEMORY"": 1.0922619047619047, ""API_CREDITS"": 1.0387596899224807, ""DATASET"": 0.9832402234636871}",4,48,41,0.7822751089740834,0.13567917674226088,0.26336925334333355,0.08431984519893398,206.93083287831152,10.508146649697446,31.976040146949828
delta1.00__moderate,1.0,moderate,1.3,1109034924,6812eb30cc746c9c,"{""COMPUTE"": 891, ""MEMORY"": 701, ""API_CREDITS"": 414, ""DATASET"": 104}","{""COMPUTE"": 1.0976430976430978, ""MEMORY"": 1.2139800285306706, ""API_CREDITS"": 1.0845410628019323, ""DATASET"": 2.6923076923076925}",4,48,41,0.7560530185655568,0.12808580308580308,0.450372843608084,0.09533020991354324,204.3395847361809,24.870393056900593,32.049908170730895
delta1.00__moderate,1.0,moderate,1.3,1154819737,fee30de08e10b9fb,"{""COMPUTE"": 666, ""MEMORY"": 529, ""API_CREDITS"": 305, ""DATASET"": 85}","{""COMPUTE"": 1.5225225225225225, ""MEMORY"": 1.5803402646502835, ""API_CREDITS"": 1.5475409836065575, ""DATASET"": 2.2588235294117647}",4,48,40,0.828832245281136,0.0949009194267009,0.22255252422947017,0.06601452902882236,211.6655277129328,12.626780562194853,35.60396072362008
delta1.00__moderate,1.0,moderate,1.3,1158762883,dc22cee24a65b96b,"{""COMPUTE"": 649, ""MEMORY"": 526, ""API_CREDITS"": 304, ""DATASET"": 99}","{""COMPUTE"": 1.6764252696456086, ""MEMORY"": 1.688212927756654, ""API_CREDITS"": 1.6578947368421053, ""DATASET"": 1.9393939393939394}",4,48,47,0.943210909594767,0.13343693343693344,0.1988267418104324,0.08931192264525596,262.8939926792546,7.704339201403182,14.809635876065519
delta1.00__moderate,1.0,moderate,1.3,1164103101,309a9837ee7f8c53,"{""COMPUTE"": 570, ""MEMORY"": 492, ""API_CREDITS"": 254, ""DATASET"": 155}","{""COMPUTE"": 1.2771929824561403, ""MEMORY"": 1.1829268292682926, ""API_CREDITS"": 1.220472440944882, ""DATASET"": 0.7225806451612903}",4,48,29,0.6493467795062583,0.15549450549450547,0.157716269445068,0.11531678198344865,197.77775849722912,3.8967745381697987,23.08171973350515
delta1.00__moderate,1.0,moderate,1.3,1175015440,311edefab3ce8937,"{""COMPUTE"": 687, ""MEMORY"": 601, ""API_CREDITS"": 301, ""DATASET"": 210}","{""COMPUTE"": 1.042212518195051, ""MEMORY"": 0.9633943427620633, ""API_CREDITS"": 1.026578073089701, ""DATASET"": 0.5714285714285714}",4,48,36,0.6928129160678337,0.12592592592592594,0.32397720303098926,0.08447424101250099,213.2381582754052,15.434179951520854,37.020728168595326
delta1.00__moderate,1.0,moderate,1.3,1223536910,c7e9a53a0421a2a3,"{""COMPUTE"": 427, ""MEMORY"": 374, ""API_CREDITS"": 176, ""DATASET"": 130}","{""COMPUTE"": 1.7142857142857142, ""MEMORY"": 1.7459893048128343, ""API_CREDITS"": 1.6761363636363635, ""DATASET"": 2.0307692307692307}",4,48,36,0.6764150873284976,0.1809349006942398,0.17299428832955388,0.14077305297671674,220.01092730484507,8.33061889182478,21.639332157202645
delta1.00__moderate,1.0,moderate,1.3,1272846855,92dadbaf92bc1fca,"{""COMPUTE"": 650, ""MEMORY"": 553, ""API_CREDITS"": 288, ""DATASET"": 165}","{""COMPUTE"": 1.84, ""MEMORY"": 1.7811934900542497, ""API_CREDITS"": 1.9270833333333333, ""DATASET"": 1.406060606060606}",4,48,34,0.6323697413951738,0.07656237230140116,0.2001838770067004,0.050620314506807214,229.22421268478524,10.174914456790093,26.643786049954212
delta1.00__moderate,1.0,moderate,1.3,1329904169,73ab6549849b4517,"{""COMPUTE"": 523, ""MEMORY"": 429, ""API_CREDITS"": 219, ""DATASET"": 105}","{""COMPUTE"": 1.3804971319311663, ""MEMORY"": 1.3636363636363635, ""API_CREDITS"": 1.3470319634703196, ""DATASET"": 1.2952380952380953}",4,48,31,0.6446721062378917,0.18008688671672093,0.2576895469870609,0.1398923360249327,145.63412389970827,8.107039042230449,20.487960596470383
delta1.00__moderate,1.0,moderate,1.3,1393164231,fdcb3561cbb25d36,"{""COMPUTE"": 486, ""MEMORY"": 435, ""API_CREDITS"": 204, ""DATASET"": 168}","{""COMPUTE"": 1.8930041152263375, ""MEMORY"": 1.703448275862069, ""API_CREDITS"": 2.093137254901961, ""DATASET"": 0.8095238095238095}",4,48,38,0.8127255546809757,0.0854667014575551,0.27587135277870983,0.05840608138626432,201.3442088329656,8.442216502887316,26.45963340600858
delta1.00__moderate,1.0,moderate,1.3,1397601319,1bc363c51e3a8e0f,"{""COMPUTE"": 784, ""MEMORY"": 606, ""API_CREDITS"": 374, ""DATASET"": 58}","{""COMPUTE"": 0.6964285714285714, ""MEMORY"": 0.7871287128712872, ""API_CREDITS"": 0.5855614973262032, ""DATASET"": 2.896551724137931}",4,48,38,0.7727222154406891,0.173488579334928,0.3040364321440234,0.13666103841283242,198.8096883053537,6.134507282809378,18.8249449105405
delta1.00__moderate,1.0,moderate,1.3,1414408149,fa792ef4374f2de6,"{""COMPUTE"": 458, ""MEMORY"": 409, ""API_CREDITS"": 178, ""DATASET"": 165}","{""COMPUTE"": 2.2620087336244543, ""MEMORY"": 2.1466992665036675, ""API_CREDITS"": 2.752808988764045, ""DATASET"": 1.4545454545454546}",4,48,35,0.7466485704348447,0.11355740063170404,0.3578025845816383,0.06809581886981268,238.90931397182752,13.112422525077065,66.68392923910744
delta1.00__moderate,1.0,moderate,1.3,1443238425,6c31c728d55942ac,"{""COMPUTE"": 556, ""MEMORY"": 468, ""API_CREDITS"": 241, ""DATASET"": 131}","{""COMPUTE"": 1.525179856115108, ""MEMORY"": 1.4700854700854702, ""API_CREDITS"": 1.6597510373443984, ""DATASET"": 0.9770992366412213}",4,48,20,0.40749097709695187,0.13638306138306136,0.04928421798256267,0.09176702926702925,126.37257993450856,2.563248020819752,6.048195715803103
delta1.00__moderate,1.0,moderate,1.3,1446854669,f3b7008fb77ce6b0,"{""COMPUTE"": 409, ""MEMORY"": 365, ""API_CREDITS"": 156, ""DATASET"": 146}","{""COMPUTE"": 2.0, ""MEMORY"": 1.904109589041096, ""API_CREDITS"": 2.4935897435897436, ""DATASET"": 1.2602739726027397}",4,48,47,0.8484441651745818,0.11285233645803361,0.3470550419656487,0.06773128587221543,225.65060180394468,14.554323147105096,15.71248141653591
delta1.00__moderate,1.0,moderate,1.3,1474233831,c4c16140351aa3fa,"{""COMPUTE"": 558, ""MEMORY"": 478, ""API_CREDITS"": 242, ""DATASET"": 148}","{""COMPUTE"": 1.2831541218637992, ""MEMORY"": 1.2656903765690377, ""API_CREDITS"": 1.4834710743801653, ""DATASET"": 0.918918918918919}",4,48,38,0.8006274417950664,0.1289982375348229,0.18192609389627787,0.0888422214641727,196.42999107848277,6.392743378815898,30.090902170337525
delta1.00__moderate,1.0,moderate,1.3,1476169622,2de2a19bc3a1170e,"{""COMPUTE"": 370, ""MEMORY"": 317, ""API_CREDITS"": 184, ""DATASET"": 72}","{""COMPUTE"": 2.497297297297297, ""MEMORY"": 2.3186119873817033, ""API_CREDITS"": 2.5489130434782608, ""DATASET"": 1.2222222222222223}",4,48,26,0.5339049735717026,0.05390256734006734,0.2108630642490289,0.03934922138047137,198.37515560844216,18.591646498165133,20.650402703893782
delta1.00__moderate,1.0,moderate,1.3,1515534678,d798738bf317aa41,"{""COMPUTE"": 636, ""MEMORY"": 524, ""API_CREDITS"": 319, ""DATASET"": 98}","{""COMPUTE"": 1.0125786163522013, ""MEMORY"": 1.0801526717557253, ""API_CREDITS"": 0.9592476489028213, ""DATASET"": 1.7959183673469388}",4,48,36,0.7279115683355556,0.15190824792233387,0.1358780967276257,0.10261003961881783,248.0250302711431,7.054830305563935,7.533451202709505
delta1.00__moderate,1.0,moderate,1.3,1538028730,8a13a44409cf1c85,"{""COMPUTE"": 637, ""MEMORY"": 538, ""API_CREDITS"": 308, ""DATASET"": 132}","{""COMPUTE"": 1.4285714285714286, ""MEMORY"": 1.3438661710037174, ""API_CREDITS"": 1.4837662337662338, ""DATASET"": 0.6666666666666666}",4,48,34,0.7323513153195127,0.056211744259836154,0.18736314640542454,0.03978918479096957,169.00991702760453,10.98218480121062,21.09419166220508
delta1.00__moderate,1.0,moderate,1.3,1607564961,11a5b146120fb46a,"{""COMPUTE"": 570, ""MEMORY"": 496, ""API_CREDITS"": 245, ""DATASET"": 169}","{""COMPUTE"": 1.1263157894736842, ""MEMORY"": 1.159274193548387, ""API_CREDITS"": 0.9673469387755103, ""DATASET"": 1.467455621301775}",4,48,32,0.614959792140679,0.1806521521815191,0.24178372216431207,0.12571632537307595,171.2920507092937,6.495039359276959,20.718043431731044
delta1.00__moderate,1.0,moderate,1.3,1647295192,b0ce0552042164ba,"{""COMPUTE"": 775, ""MEMORY"": 659, ""API_CREDITS"": 337, ""DATASET"": 206}","{""COMPUTE"": 1.1638709677419354, ""MEMORY"": 1.110773899848255, ""API_CREDITS"": 1.3056379821958457, ""DATASET"": 0.6213592233009708}",4,48,44,0.9172069596774275,0.057790174085438586,0.45695967699189805,0.037010323351477845,286.84437063548285,26.86026936276424,52.53862538519035
delta1.00__moderate,1.0,moderate,1.3,1680529007,dae8f388a16361d7,"{""COMPUTE"": 624, ""MEMORY"": 497, ""API_CREDITS"": 278, ""DATASET"": 87}","{""COMPUTE"": 1.1538461538461537, ""MEMORY"": 1.3179074446680081, ""API_CREDITS"": 1.0683453237410072, ""DATASET"": 3.218390804597701}",4,48,36,0.7549703627934558,0.14511412470678506,0.21882998861983669,0.09297812619890754,155.10449833454496,8.17378653568009,10.99690364763223
delta1.00__moderate,1.0,moderate,1.3,1683037842,f87190fe8b2f0e89,"{""COMPUTE"": 485, ""MEMORY"": 428, ""API_CREDITS"": 215, ""DATASET"": 148}","{""COMPUTE"": 1.711340206185567, ""MEMORY"": 1.7313084112149533, ""API_CREDITS"": 1.613953488372093, ""DATASET"": 2.0}",4,48,35,0.6892478908626275,0.13884087610502707,0.25240806948304556,0.0973047861903994,282.4226468548825,12.612730062496837,30.11081030804768
delta1.00__moderate,1.0,moderate,1.3,1684113726,f9e0a8bbde941b82,"{""COMPUTE"": 778, ""MEMORY"": 692, ""API_CREDITS"": 340, ""DATASET"": 266}","{""COMPUTE"": 1.3213367609254498, ""MEMORY"": 1.2384393063583814, ""API_CREDITS"": 1.338235294117647, ""DATASET"": 0.8721804511278195}",4,48,22,0.39112803001855684,0.14773858086358085,0.2165046539839173,0.0986367991576325,105.31800921075809,5.795005298906163,18.06062159541224
delta1.00__moderate,1.0,moderate,1.3,1723470144,3407bf9337f78217,"{""COMPUTE"": 793, ""MEMORY"": 694, ""API_CREDITS"": 369, ""DATASET"": 232}","{""COMPUTE"": 1.0012610340479193, ""MEMORY"": 0.9971181556195965, ""API_CREDITS"": 0.8672086720867209, ""DATASET"": 1.103448275862069}",4,48,44,0.872959817583664,0.1304307095404404,0.3372117811395199,0.09516840772321226,324.14571626138064,10.487260562805139,22.862731107709795
delta1.00__moderate,1.0,moderate,1.3,1746522117,9aed299de5709533,"{""COMPUTE"": 546, ""MEMORY"": 461, ""API_CREDITS"": 252, ""DATASET"": 119}","{""COMPUTE"": 1.2820512820512822, ""MEMORY"": 1.2321041214750543, ""API_CREDITS"": 1.1587301587301588, ""DATASET"": 1.0756302521008403}",4,48,37,0.6876736986167399,0.14928821303850764,0.2612089250262782,0.10897513851576968,116.50766980100131,8.033193034836481,20.353709708010086
delta1.00__moderate,1.0,moderate,1.3,1761268421,14c9a5ab027b37fa,"{""COMPUTE"": 748, ""MEMORY"": 630, ""API_CREDITS"": 344, ""DATASET"": 170}","{""COMPUTE"": 1.411764705882353, ""MEMORY"": 1.2904761904761906, ""API_CREDITS"": 1.4738372093023255, ""DATASET"": 0.4235294117647059}",4,48,41,0.7414232058346762,0.044191919191919185,0.2588527341914386,0.030675505050505036,238.22901542161105,9.802040903342299,34.40408470046896
delta1.00__moderate,1.0,moderate,1.3,1851037281,2594bcd0ac14904c,"{""COMPUTE"": 777, ""MEMORY"": 648, ""API_CREDITS"": 362, ""DATASET"": 162}","{""COMPUTE"": 0.8365508365508365, ""MEMORY"": 0.8518518518518519, ""API_CREDITS"": 0.7734806629834254, ""DATASET"": 0.9876543209876543}",4,48,37,0.7577461568801995,0.15243580719919061,0.27242884212016966,0.10203904878479465,224.38566506634788,8.974719533731225,8.891388909635614
delta1.00__moderate,1.0,moderate,1.3,1867081647,e0f1c884c98f0881,"{""COMPUTE"": 594, ""MEMORY"": 540, ""API_CREDITS"": 247, ""DATASET"": 230}","{""COMPUTE"": 1.67003367003367, ""MEMORY"": 1.5074074074074073, ""API_CREDITS"": 1.8866396761133604, ""DATASET"": 0.7652173913043478}",4,48,38,0.8175980740131333,0.13380866919306791,0.14727867165227923,0.08415774333825587,333.34610855760894,13.050097139878169,9.808276858509437
delta1.00__moderate,1.0,moderate,1.3,1880620535,72ed3e3c841e669d,"{""COMPUTE"": 714, ""MEMORY"": 601, ""API_CREDITS"": 339, ""DATASET"": 153}","{""COMPUTE"": 1.30812324929972, ""MEMORY"": 1.3178036605657237, ""API_CREDITS"": 1.2625368731563422, ""DATASET"": 1.4640522875816993}",4,48,29,0.5645965422303256,0.11415716723752437,0.1982669181978258,0.06993900831553271,220.52328432590502,9.319238661007477,10.593094997170304
delta1.00__moderate,1.0,moderate,1.3,1935876427,5a7797f77069d292,"{""COMPUTE"": 657, ""MEMORY"": 596, ""API_CREDITS"": 267, ""DATASET"": 260}","{""COMPUTE"": 1.3637747336377473, ""MEMORY"": 1.2080536912751678, ""API_CREDITS"": 1.5580524344569289, ""DATASET"": 0.49230769230769234}",4,48,45,0.9273745696038475,0.12934472934472932,0.31396154325965003,0.09290285331951997,299.0096025448145,5.884554421876328,17.87254054586265
delta1.00__moderate,1.0,moderate,1.3,1943200581,1444f5658090a982,"{""COMPUTE"": 498, ""MEMORY"": 436, ""API_CREDITS"": 220, ""DATASET"": 145}","{""COMPUTE"": 1.8835341365461848, ""MEMORY"": 1.7201834862385321, ""API_CREDITS"": 1.8818181818181818, ""DATASET"": 0.993103448275862}",4,48,43,0.8560847633409508,0.12855492749704148,0.30307441684882885,0.0876922576466907,261.0309393597314,15.063430332326115,11.668481497194213
delta1.00__moderate,1.0,moderate,1.3,1957258698,4772f188315ef7bf,"{""COMPUTE"": 527, ""MEMORY"": 463, ""API_CREDITS"": 218, ""DATASET"": 168}","{""COMPUTE"": 1.6166982922201139, ""MEMORY"": 1.5961123110151187, ""API_CREDITS"": 1.7110091743119267, ""DATASET"": 1.4761904761904763}",4,48,43,0.898938759968095,0.13107338581934427,0.2545296750461395,0.08530033082059613,284.60016401102615,9.756584879468619,40.78592051001003
delta1.00__moderate,1.0,moderate,1.3,2000676221,82384813bfbf6771,"{""COMPUTE"": 885, ""MEMORY"": 730, ""API_CREDITS"": 427, ""DATASET"": 162}","{""COMPUTE"": 1.1638418079096045, ""MEMORY"": 1.1945205479452055, ""API_CREDITS"": 1.180327868852459, ""DATASET"": 1.382716049382716}",4,48,30,0.5560358921258692,0.09456787198970047,0.32075003489142834,0.05604037884803966,190.75940343597904,10.313613621187747,58.05381465311416
delta1.00__moderate,1.0,moderate,1.3,2071520222,4c6d96390e5a85df,"{""COMPUTE"": 618, ""MEMORY"": 534, ""API_CREDITS"": 294, ""DATASET"": 156}","{""COMPUTE"": 1.3300970873786409, ""MEMORY"": 1.2696629213483146, ""API_CREDITS"": 1.3265306122448979, ""DATASET"": 0.9230769230769231}",4,48,42,0.8617701189425748,0.13478230808739283,0.22504928469154217,0.08703931426389051,310.08574494972476,9.256382989723154,27.667205564451987
delta1.00__moderate,1.0,moderate,1.3,2104789822,6c431db83d978ef0,"{""COMPUTE"": 725, ""MEMORY"": 611, ""API_CREDITS"": 333, ""DATASET"": 166}","{""COMPUTE"": 1.3351724137931034, ""MEMORY"": 1.3240589198036006, ""API_CREDITS"": 1.4984984984984986, ""DATASET"": 1.0120481927710843}",4,48,34,0.7293968657778156,0.0633650894723093,0.25516461887619885,0.04656315308254964,234.06910226352625,19.850068144929857,39.486931854183105
delta1.00__moderate,1.0,moderate,1.3,2175919960,bf8fb1a97aa7ca4e,"{""COMPUTE"": 885, ""MEMORY"": 743, ""API_CREDITS"": 423, ""DATASET"": 191}","{""COMPUTE"": 1.3152542372881355, ""MEMORY"": 1.2907133243606999, ""API_CREDITS"": 1.3073286052009456, ""DATASET"": 1.130890052356021}",4,48,27,0.6149394158987902,0.048638844645141156,0.3148706237668175,0.033199935762047904,217.45227013462284,13.934900570012966,46.602524250252095
delta1.00__moderate,1.0,moderate,1.3,2187181276,055363dd88c189a9,"{""COMPUTE"": 481, ""MEMORY"": 428, ""API_CREDITS"": 211, ""DATASET"": 154}","{""COMPUTE"": 1.6174636174636174, ""MEMORY"": 1.3785046728971964, ""API_CREDITS"": 1.8293838862559242, ""DATASET"": 0.1038961038961039}",4,48,45,0.9422226242075379,0.03569236421794288,0.08525687909306436,0.02602196755206869,209.24308185387304,2.373710663839996,9.256900836861336
delta1.00__moderate,1.0,moderate,1.3,2201730498,365785af514fae0c,"{""COMPUTE"": 697, ""MEMORY"": 604, ""API_CREDITS"": 335, ""DATASET"": 181}","{""COMPUTE"": 1.9110473457675754, ""MEMORY"": 1.7665562913907285, ""API_CREDITS"": 1.9134328358208956, ""DATASET"": 1.0165745856353592}",4,48,33,0.6621992732445824,0.04999985473604086,0.21335544324471611,0.03628112643484476,181.20524719056843,10.277332502584082,19.515420582856724
delta1.00__moderate,1.0,moderate,1.3,2207070483,79c736c47b114540,"{""COMPUTE"": 704, ""MEMORY"": 575, ""API_CREDITS"": 345, ""DATASET"": 105}","{""COMPUTE"": 1.4318181818181819, ""MEMORY"": 1.4104347826086956, ""API_CREDITS"": 1.4753623188405798, ""DATASET"": 1.1428571428571428}",4,48,38,0.8415909915126075,0.05568438120521453,0.1715590526143819,0.03845858761223344,223.8457196104415,4.283053998545383,31.678576453249832
delta1.00__moderate,1.0,moderate,1.3,2218791610,8b142d20fb756734,"{""COMPUTE"": 797, ""MEMORY"": 615, ""API_CREDITS"": 378, ""DATASET"": 61}","{""COMPUTE"": 1.289836888331242, ""MEMORY"": 1.395121951219512, ""API_CREDITS"": 1.2962962962962963, ""DATASET"": 3.4098360655737703}",4,48,38,0.7028019366735313,0.0724264847156482,0.35955148505838297,0.04413755446218243,182.2477103107984,12.062175261194687,25.680829528297025
delta1.00__moderate,1.0,moderate,1.3,2245371449,d0fb021fc671fb34,"{""COMPUTE"": 661, ""MEMORY"": 567, ""API_CREDITS"": 287, ""DATASET"": 181}","{""COMPUTE"": 1.6490166414523448, ""MEMORY"": 1.6507936507936507, ""API_CREDITS"": 1.7560975609756098, ""DATASET"": 1.591160220994475}",4,48,42,0.7505769551960119,0.11193806725343992,0.26692744112248745,0.06876287618651515,262.3328315939552,21.519198758040105,35.01351132587499
delta1.00__moderate,1.0,moderate,1.3,2264376108,71f656ec47f9fc50,"{""COMPUTE"": 796, ""MEMORY"": 639, ""API_CREDITS"": 366, ""DATASET"": 119}","{""COMPUTE"": 0.9396984924623115, ""MEMORY"": 0.9859154929577465, ""API_CREDITS"": 0.8907103825136612, ""DATASET"": 1.4789915966386555}",4,48,37,0.6965672019090375,0.16417381476670015,0.20606201156291523,0.11556875637903306,209.02183753420903,13.500195669618504,6.70852248994112
delta1.00__moderate,1.0,moderate,1.3,2278610062,5799e93da1832efd,"{""COMPUTE"": 873, ""MEMORY"": 745, ""API_CREDITS"": 425, ""DATASET"": 206}","{""COMPUTE"": 0.8751431844215349, ""MEMORY"": 0.8536912751677852, ""API_CREDITS"": 0.8, ""DATASET"": 0.7766990291262136}",4,48,37,0.7411915986494862,0.1532065308093559,0.20112748451267826,0.10595969939291501,227.11589016833818,7.395603235983775,25.228190380454436
delta1.00__moderate,1.0,moderate,1.3,2305903047,0af599f557022718,"{""COMPUTE"": 650, ""MEMORY"": 542, ""API_CREDITS"": 281, ""DATASET"": 148}","{""COMPUTE"": 1.1938461538461538, ""MEMORY"": 1.1623616236162362, ""API_CREDITS"": 1.3167259786476868, ""DATASET"": 0.7567567567567568}",4,48,37,0.7654807564785243,0.12927224736048265,0.3027147632191755,0.08400944779621251,238.90144877470257,13.58929541199481,36.76506052994267
delta1.00__moderate,1.0,moderate,1.3,2313044508,4dd3b13f0021d893,"{""COMPUTE"": 614, ""MEMORY"": 508, ""API_CREDITS"": 260, ""DATASET"": 135}","{""COMPUTE"": 1.6384364820846906, ""MEMORY"": 1.6476377952755905, ""API_CREDITS"": 1.9961538461538462, ""DATASET"": 1.2444444444444445}",4,48,38,0.7398628665048976,0.06037751689401806,0.2265503923394233,0.044787094071556684,167.60158659260887,15.016763326698703,14.807088435204827
delta1.00__moderate,1.0,moderate,1.3,2313893183,ceffc6c5d4eb7f25,"{""COMPUTE"": 833, ""MEMORY"": 666, ""API_CREDITS"": 400, ""DATASET"": 107}","{""COMPUTE"": 1.2460984393757504, ""MEMORY"": 1.2867867867867868, ""API_CREDITS"": 1.2075, ""DATASET"": 1.8691588785046729}",4,48,44,0.824539566758934,0.12343288500416123,0.3166327533781598,0.07778853646254998,271.55764799193065,13.393479041117608,22.991700069468777
delta1.00__moderate,1.0,moderate,1.3,2323336231,147e926efe0de724,"{""COMPUTE"": 673, ""MEMORY"": 557, ""API_CREDITS"": 281, ""DATASET"": 152}","{""COMPUTE"": 1.3224368499257058, ""MEMORY"": 1.3877917414721723, ""API_CREDITS"": 1.5338078291814947, ""DATASET"": 1.5263157894736843}",4,48,40,0.784124617682599,0.1326714257964258,0.15865765854218283,0.07972786761849264,222.1709974740779,13.526716655509128,9.741029943097242
delta1.00__moderate,1.0,moderate,1.3,2340911682,3e0cc36afe92befa,"{""COMPUTE"": 554, ""MEMORY"": 451, ""API_CREDITS"": 230, ""DATASET"": 105}","{""COMPUTE"": 1.4115523465703972, ""MEMORY"": 1.4235033259423504, ""API_CREDITS"": 1.7130434782608697, ""DATASET"": 1.0666666666666667}",4,48,35,0.6799734753126315,0.07202708883296492,0.2801945181635517,0.04880363790414563,153.63324393557895,12.18715307545088,34.34174597477341
delta1.00__moderate,1.0,moderate,1.3,2341361004,4e77b92442a02d11,"{""COMPUTE"": 816, ""MEMORY"": 663, ""API_CREDITS"": 390, ""DATASET"": 128}","{""COMPUTE"": 0.9656862745098039, ""MEMORY"": 1.114630467571644, ""API_CREDITS"": 0.7615384615384615, ""DATASET"": 2.9375}",4,48,46,0.9085906439203132,0.10484176288524114,0.22987862186544686,0.07158358100387084,274.0262362323586,17.19777882315177,34.36158259535299
delta1.00__moderate,1.0,moderate,1.3,2359336968,db5720fab15139ab,"{""COMPUTE"": 705, ""MEMORY"": 583, ""API_CREDITS"": 352, ""DATASET"": 117}","{""COMPUTE"": 1.2056737588652482, ""MEMORY"": 1.2126929674099485, ""API_CREDITS"": 1.1846590909090908, ""DATASET"": 1.2991452991452992}",4,48,39,0.7298204567219116,0.07207510176033352,0.35070048289616024,0.04572132210876273,235.5885380153708,9.27840186893525,57.569029296954334
delta1.00__moderate,1.0,moderate,1.3,2364012430,c45c435bec65fe0c,"{""COMPUTE"": 799, ""MEMORY"": 644, ""API_CREDITS"": 365, ""DATASET"": 128}","{""COMPUTE"": 0.9586983729662077, ""MEMORY"": 1.0388198757763976, ""API_CREDITS"": 0.9068493150684932, ""DATASET"": 1.8125}",4,48,44,0.8393455954291097,0.16668803454386896,0.244078098346145,0.108981675826565,204.6896035279178,12.669016691816902,28.199868157397844
delta1.00__moderate,1.0,moderate,1.3,2387674784,6a3cb8c177e5612f,"{""COMPUTE"": 648, ""MEMORY"": 536, ""API_CREDITS"": 295, ""DATASET"": 127}","{""COMPUTE"": 1.287037037037037, ""MEMORY"": 1.3955223880597014, ""API_CREDITS"": 1.111864406779661, ""DATASET"": 2.5196850393700787}",4,48,44,0.8125560731153908,0.16707076707076704,0.27599612985842176,0.12535868785868784,235.73861013616238,7.170728492311068,42.34531432496075
delta1.00__moderate,1.0,moderate,1.3,2460794327,218b5d7cd74351e7,"{""COMPUTE"": 770, ""MEMORY"": 606, ""API_CREDITS"": 351, ""DATASET"": 91}","{""COMPUTE"": 1.148051948051948, ""MEMORY"": 1.2079207920792079, ""API_CREDITS"": 1.207977207977208, ""DATASET"": 1.7582417582417582}",4,48,28,0.42712853718493854,0.08044993892804779,0.39746335002493943,0.047847151431690486,127.75072913117593,18.928259798964664,39.73333122072952
delta1.00__moderate,1.0,moderate,1.3,2465060907,7cda92b8ba07ac22,"{""COMPUTE"": 421, ""MEMORY"": 378, ""API_CREDITS"": 158, ""DATASET"": 158}","{""COMPUTE"": 2.1947743467933494, ""MEMORY"": 2.058201058201058, ""API_CREDITS"": 2.6962025316455698, ""DATASET"": 1.3164556962025316}",4,48,44,0.9103515036335437,0.12583643154231391,0.24997569716901388,0.08132950655009481,285.9284095093073,10.804515771334467,9.622944773499638
delta1.00__moderate,1.0,moderate,1.3,2479492459,f2105ca7a2840704,"{""COMPUTE"": 749, ""MEMORY"": 606, ""API_CREDITS"": 344, ""DATASET"": 120}","{""COMPUTE"": 1.0040053404539386, ""MEMORY"": 0.9570957095709571, ""API_CREDITS"": 1.0930232558139534, ""DATASET"": 0.26666666666666666}",4,48,28,0.4929407226701385,0.0346116507376354,0.330304516031174,0.022947928979844736,127.87938739718248,7.781988712638927,26.271040931613012
delta1.00__moderate,1.0,moderate,1.3,2555635641,910315b90449ad1e,"{""COMPUTE"": 600, ""MEMORY"": 525, ""API_CREDITS"": 270, ""DATASET"": 176}","{""COMPUTE"": 1.6266666666666667, ""MEMORY"": 1.5561904761904761, ""API_CREDITS"": 1.5666666666666667, ""DATASET"": 1.3181818181818181}",4,48,32,0.5098239295168687,0.14858145730238753,0.15068925501894376,0.09696125006202526,130.70162095441913,7.553289091459501,40.66578303923107
delta1.00__moderate,1.0,moderate,1.3,2557315479,3caa2241464843c9,"{""COMPUTE"": 698, ""MEMORY"": 569, ""API_CREDITS"": 314, ""DATASET"": 123}","{""COMPUTE"": 1.6074498567335243, ""MEMORY"": 1.5799648506151143, ""API_CREDITS"": 1.7101910828025477, ""DATASET"": 1.2357723577235773}",4,48,38,0.7135373435375559,0.05855898021920602,0.3396972893281615,0.03934015289500122,210.59487148786198,8.052862781514472,60.60896992101618
delta1.00__moderate,1.0,moderate,1.3,2582895085,5b98750101839452,"{""COMPUTE"": 437, ""MEMORY"": 384, ""API_CREDITS"": 171, ""DATASET"": 144}","{""COMPUTE"": 3.0480549199084668, ""MEMORY"": 2.7786458333333335, ""API_CREDITS"": 3.7485380116959064, ""DATASET"": 1.2777777777777777}",4,48,41,0.778331950551451,0.05235519197783349,0.19598634590648367,0.039978889035492814,318.05791690160544,9.636232956127866,28.836713200162553
delta1.00__moderate,1.0,moderate,1.3,2615816904,4bc3581ff5debdc4,"{""COMPUTE"": 587, ""MEMORY"": 491, ""API_CREDITS"": 294, ""DATASET"": 103}","{""COMPUTE"": 1.8943781942078364, ""MEMORY"": 1.8716904276985744, ""API_CREDITS"": 1.772108843537415, ""DATASET"": 2.0970873786407767}",4,48,48,0.9947361546272818,0.1279392482517482,0.0908434073346411,0.08067352207977208,290.9847805606305,5.243511186303055,20.805249888665916
delta1.00__moderate,1.0,moderate,1.3,2641268422,a362941ece7d2b4d,"{""COMPUTE"": 586, ""MEMORY"": 512, ""API_CREDITS"": 262, ""DATASET"": 170}","{""COMPUTE"": 1.3139931740614335, ""MEMORY"": 1.291015625, ""API_CREDITS"": 1.1564885496183206, ""DATASET"": 1.3647058823529412}",4,48,40,0.7229796467683834,0.17065193833184278,0.3756060534801248,0.11981094533348939,174.19441418034958,11.877530212874,41.59194877951959
delta1.00__moderate,1.0,moderate,1.3,2650780455,0d8d5379c50de2d5,"{""COMPUTE"": 499, ""MEMORY"": 422, ""API_CREDITS"": 230, ""DATASET"": 109}","{""COMPUTE"": 1.967935871743487, ""MEMORY"": 2.0118483412322274, ""API_CREDITS"": 1.9956521739130435, ""DATASET"": 2.4220183486238533}",4,48,34,0.7978401936560505,0.12514501595288433,0.2654616723909604,0.07951961419887932,312.2218428494707,7.6024444339709545,43.905461001220964
delta1.00__moderate,1.0,moderate,1.3,2659608022,5b49b198e84025d0,"{""COMPUTE"": 674, ""MEMORY"": 576, ""API_CREDITS"": 309, ""DATASET"": 169}","{""COMPUTE"": 1.175074183976261, ""MEMORY"": 1.1631944444444444, ""API_CREDITS"": 1.197411003236246, ""DATASET"": 1.0414201183431953}",4,48,32,0.6682659747632148,0.1382833434089275,0.23740858531544132,0.08310390302699494,254.11900327821414,13.386483147414774,25.59808419005653
delta1.00__moderate,1.0,moderate,1.3,2662675958,9470c2c9663fa472,"{""COMPUTE"": 693, ""MEMORY"": 574, ""API_CREDITS"": 358, ""DATASET"": 109}","{""COMPUTE"": 1.0707070707070707, ""MEMORY"": 1.1550522648083623, ""API_CREDITS"": 0.9189944134078212, ""DATASET"": 2.2752293577981653}",4,48,39,0.7864956040246988,0.1734939514228217,0.14176956016362208,0.11983028980936931,324.41421501143935,14.180668241439852,7.339018613839296
delta1.00__moderate,1.0,moderate,1.3,2673731007,cb4614ea83c1df03,"{""COMPUTE"": 675, ""MEMORY"": 545, ""API_CREDITS"": 350, ""DATASET"": 73}","{""COMPUTE"": 1.5525925925925925, ""MEMORY"": 1.6256880733944954, ""API_CREDITS"": 1.4114285714285715, ""DATASET"": 3.287671232876712}",4,48,31,0.555675435498164,0.10398437043658935,0.200487156353054,0.06269943772487332,170.87710926269565,4.289932986208164,13.545302462228198
delta1.00__moderate,1.0,moderate,1.3,2689934569,ce5455247b76f5e4,"{""COMPUTE"": 638, ""MEMORY"": 521, ""API_CREDITS"": 294, ""DATASET"": 109}","{""COMPUTE"": 1.1724137931034482, ""MEMORY"": 1.1900191938579654, ""API_CREDITS"": 1.08843537414966, ""DATASET"": 1.4678899082568808}",4,48,23,0.5775688607513164,0.18139214834130088,0.21356768789389902,0.13523105895987253,153.12162958446945,10.294689565190986,14.148951422389642
delta1.00__moderate,1.0,moderate,1.3,2709531232,1df7be138b4dbc81,"{""COMPUTE"": 735, ""MEMORY"": 624, ""API_CREDITS"": 334, ""DATASET"": 180}","{""COMPUTE"": 1.472108843537415, ""MEMORY"": 1.5064102564102564, ""API_CREDITS"": 1.4491017964071857, ""DATASET"": 1.7777777777777777}",4,48,36,0.6931248206842914,0.09739292015523769,0.21430196837984342,0.06606291330857937,274.60712387108407,7.856883572303609,48.87261795550981
delta1.00__moderate,1.0,moderate,1.3,2732825905,15bf282906b34492,"{""COMPUTE"": 715, ""MEMORY"": 596, ""API_CREDITS"": 337, ""DATASET"": 143}","{""COMPUTE"": 0.8951048951048951, ""MEMORY"": 0.8875838926174496, ""API_CREDITS"": 0.9109792284866469, ""DATASET"": 0.7272727272727273}",4,48,41,0.8031759217353277,0.12760020709852185,0.3957719502130017,0.08412550289107702,215.9403884501552,18.72967221298656,19.272451879137822
delta1.00__moderate,1.0,moderate,1.3,2788397956,ab8d27f7e3829ec4,"{""COMPUTE"": 617, ""MEMORY"": 496, ""API_CREDITS"": 325, ""DATASET"": 56}","{""COMPUTE"": 1.753646677471637, ""MEMORY"": 1.7883064516129032, ""API_CREDITS"": 1.603076923076923, ""DATASET"": 3.2857142857142856}",4,48,43,0.8664611262459068,0.09020446024836087,0.3191063074034665,0.05804408870057417,264.8374690839909,9.089249964709905,11.778198909693705
delta1.00__moderate,1.0,moderate,1.3,2790330942,0281ee46ad4b01af,"{""COMPUTE"": 692, ""MEMORY"": 572, ""API_CREDITS"": 309, ""DATASET"": 140}","{""COMPUTE"": 1.0578034682080926, ""MEMORY"": 1.0751748251748252, ""API_CREDITS"": 1.103559870550162, ""DATASET"": 1.0857142857142856}",4,48,35,0.5610545604051408,0.09466846101668011,0.5680693793513286,0.06523846320670419,107.71994777600004,15.912373050557507,30.039761093119825
delta1.00__moderate,1.0,moderate,1.3,2803227013,2dbc06545385cf6e,"{""COMPUTE"": 682, ""MEMORY"": 530, ""API_CREDITS"": 320, ""DATASET"": 58}","{""COMPUTE"": 0.9618768328445748, ""MEMORY"": 1.090566037735849, ""API_CREDITS"": 0.86875, ""DATASET"": 3.586206896551724}",4,48,48,0.8978339354849275,0.17449179949179952,0.2587368438692239,0.12256006006006005,239.35913633121984,17.4980685419638,18.18869438689588
delta1.00__moderate,1.0,moderate,1.3,2834917450,87dbe068818306e4,"{""COMPUTE"": 654, ""MEMORY"": 542, ""API_CREDITS"": 283, ""DATASET"": 140}","{""COMPUTE"": 1.055045871559633, ""MEMORY"": 1.033210332103321, ""API_CREDITS"": 1.1590106007067138, ""DATASET"": 0.6857142857142857}",4,48,30,0.6036657735163443,0.12768253129077872,0.2471923709534758,0.08437867576613282,189.2349335221919,5.929570370111425,16.524782759095302
delta1.00__moderate,1.0,moderate,1.3,2884304410,916073c4b8756931,"{""COMPUTE"": 938, ""MEMORY"": 800, ""API_CREDITS"": 458, ""DATASET"": 221}","{""COMPUTE"": 1.0874200426439233, ""MEMORY"": 1.03625, ""API_CREDITS"": 1.1331877729257642, ""DATASET"": 0.6153846153846154}",4,48,37,0.7648056174076435,0.057265665776304084,0.24231501901195662,0.040127720978784816,313.39851502619643,7.306260102618974,11.346811653931324
delta1.00__moderate,1.0,moderate,1.3,2899573342,6435ce9282915c30,"{""COMPUTE"": 598, ""MEMORY"": 526, ""API_CREDITS"": 239, ""DATASET"": 204}","{""COMPUTE"": 1.2508361204013378, ""MEMORY"": 1.123574144486692, ""API_CREDITS"": 1.4100418410041842, ""DATASET"": 0.43137254901960786}",4,48,36,0.685644118470427,0.07661265519612792,0.3797833796312544,0.04773657205531296,146.2595795836631,14.565762880282506,18.851810155915246
delta1.00__moderate,1.0,moderate,1.3,2933419437,9c34d558d41ab48f,"{""COMPUTE"": 635, ""MEMORY"": 529, ""API_CREDITS"": 305, ""DATASET"": 119}","{""COMPUTE"": 1.505511811023622, ""MEMORY"": 1.550094517958412, ""API_CREDITS"": 1.5475409836065575, ""DATASET"": 1.8823529411764706}",4,48,28,0.5473387247449698,0.08133013572170907,0.2493894221533234,0.052712954449886294,143.0767428288585,19.932822689465436,30.166351077688834
delta1.00__moderate,1.0,moderate,1.3,2952553515,6d49e8da6bcc8a09,"{""COMPUTE"": 724, ""MEMORY"": 579, ""API_CREDITS"": 312, ""DATASET"": 116}","{""COMPUTE"": 1.3922651933701657, ""MEMORY"": 1.4663212435233162, ""API_CREDITS"": 1.483974358974359, ""DATASET"": 2.0}",4,48,33,0.7398335110729947,0.1387692277814844,0.25055777296264986,0.08664833513127194,246.02647721928633,14.042096347179353,27.99791621787884
delta1.00__moderate,1.0,moderate,1.3,2955940172,92918a260a733a1c,"{""COMPUTE"": 697, ""MEMORY"": 589, ""API_CREDITS"": 314, ""DATASET"": 167}","{""COMPUTE"": 1.0559540889526542, ""MEMORY"": 1.064516129032258, ""API_CREDITS"": 1.035031847133758, ""DATASET"": 1.1017964071856288}",4,48,38,0.7861650257861065,0.18258675728555246,0.12205801251475575,0.13346977654206568,236.3309361667352,4.925409669980517,13.37320675452559
delta1.00__moderate,1.0,moderate,1.3,2981583208,1f632b776ad6606e,"{""COMPUTE"": 866, ""MEMORY"": 717, ""API_CREDITS"": 439, ""DATASET"": 148}","{""COMPUTE"": 1.1732101616628174, ""MEMORY"": 1.2329149232914924, ""API_CREDITS"": 1.0751708428246014, ""DATASET"": 1.945945945945946}",4,48,27,0.5974473719362878,0.1206197331197331,0.339072315054555,0.06971535096535096,143.13303630460618,18.301858334827852,42.83561108976421
delta1.00__moderate,1.0,moderate,1.3,2985129291,210e49c6ff187140,"{""COMPUTE"": 618, ""MEMORY"": 501, ""API_CREDITS"": 272, ""DATASET"": 106}","{""COMPUTE"": 1.5177993527508091, ""MEMORY"": 1.528942115768463, ""API_CREDITS"": 1.6838235294117647, ""DATASET"": 1.3584905660377358}",4,48,44,0.885956274091412,0.08238160139942692,0.3045283094163396,0.05260636788668702,218.23862027127427,15.404119330993161,28.284031876058602
delta1.00__moderate,1.0,moderate,1.3,2999756299,6c10adee38b715f1,"{""COMPUTE"": 668, ""MEMORY"": 534, ""API_CREDITS"": 320, ""DATASET"": 83}","{""COMPUTE"": 1.026946107784431, ""MEMORY"": 1.1404494382022472, ""API_CREDITS"": 0.759375, ""DATASET"": 3.180722891566265}",4,48,46,0.8675322776093534,0.1713635943936608,0.24029820567776586,0.11747021534946174,215.76100043827557,2.826748451025132,33.29677162331814
delta1.00__moderate,1.0,moderate,1.3,3033509426,1f5fc5ec7553705d,"{""COMPUTE"": 652, ""MEMORY"": 522, ""API_CREDITS"": 331, ""DATASET"": 67}","{""COMPUTE"": 1.3282208588957056, ""MEMORY"": 1.2988505747126438, ""API_CREDITS"": 1.2386706948640482, ""DATASET"": 1.1940298507462686}",4,48,23,0.35807191839936897,0.0730013965796907,0.2886424009788488,0.046501379142212564,52.01796311991911,8.531357822770785,22.55609931131602
delta1.00__moderate,1.0,moderate,1.3,3038190311,623737bb41473e81,"{""COMPUTE"": 786, ""MEMORY"": 697, ""API_CREDITS"": 356, ""DATASET"": 257}","{""COMPUTE"": 1.4147582697201018, ""MEMORY"": 1.2826398852223817, ""API_CREDITS"": 1.4213483146067416, ""DATASET"": 0.6848249027237354}",4,48,32,0.6371247995863848,0.13061383061383058,0.22397382781069278,0.08843240093240091,202.1743145646133,9.713211913349758,26.632810626148622
delta1.00__moderate,1.0,moderate,1.3,3054276103,9e9de35270c9d440,"{""COMPUTE"": 814, ""MEMORY"": 701, ""API_CREDITS"": 369, ""DATASET"": 225}","{""COMPUTE"": 1.1793611793611793, ""MEMORY"": 1.0613409415121255, ""API_CREDITS"": 1.2791327913279134, ""DATASET"": 0.28444444444444444}",4,48,47,0.954498997239042,0.04696969696969697,0.1103820818062662,0.03619528619528619,331.25103452758145,5.4943728326631955,11.671108621148617
delta1.00__moderate,1.0,moderate,1.3,3070189897,fc376c292dc9b116,"{""COMPUTE"": 714, ""MEMORY"": 585, ""API_CREDITS"": 342, ""DATASET"": 118}","{""COMPUTE"": 1.1596638655462186, ""MEMORY"": 1.2017094017094017, ""API_CREDITS"": 1.0321637426900585, ""DATASET"": 1.8305084745762712}",4,48,46,0.9222521464050706,0.16823031730174584,0.16962783962753525,0.12119215440644014,300.02990216285065,3.493020637901599,8.018929186398328
delta1.00__moderate,1.0,moderate,1.3,3099722351,aeab13e42d3897fa,"{""COMPUTE"": 749, ""MEMORY"": 665, ""API_CREDITS"": 340, ""DATASET"": 244}","{""COMPUTE"": 1.3911882510013351, ""MEMORY"": 1.3218045112781955, ""API_CREDITS"": 1.3911764705882352, ""DATASET"": 1.0163934426229508}",4,48,38,0.8365562180747497,0.12064616019125647,0.3349313272954963,0.0732661418606132,258.0760283863426,15.699934289254024,59.62306746641354
delta1.00__moderate,1.0,moderate,1.3,3116983969,b11c78c53f58a481,"{""COMPUTE"": 703, ""MEMORY"": 554, ""API_CREDITS"": 353, ""DATASET"": 59}","{""COMPUTE"": 0.9985775248933144, ""MEMORY"": 1.023465703971119, ""API_CREDITS"": 0.8413597733711048, ""DATASET"": 2.0338983050847457}",4,48,33,0.6443148894635754,0.13093745919832878,0.3194550863941917,0.08881707794751274,186.07071687516927,8.465652571836193,23.956830415410963
delta1.00__moderate,1.0,moderate,1.3,3153527322,7e6ae67c5e48dd39,"{""COMPUTE"": 988, ""MEMORY"": 810, ""API_CREDITS"": 474, ""DATASET"": 176}","{""COMPUTE"": 0.7692307692307693, ""MEMORY"": 0.8061728395061728, ""API_CREDITS"": 0.7151898734177216, ""DATASET"": 1.1363636363636365}",4,48,35,0.7448831966148665,0.14785899455936224,0.2366775530375446,0.09686247791333576,267.5139515105969,21.37204821438445,19.64716281518461
delta1.00__moderate,1.0,moderate,1.3,3164050495,f0300e94317da995,"{""COMPUTE"": 792, ""MEMORY"": 664, ""API_CREDITS"": 373, ""DATASET"": 171}","{""COMPUTE"": 1.3611111111111112, ""MEMORY"": 1.2801204819277108, ""API_CREDITS"": 1.3994638069705094, ""DATASET"": 0.6549707602339181}",4,48,33,0.7428315328220442,0.0543460366943526,0.16078702170134865,0.03895704184653489,194.28808746315391,14.460520304997159,32.599028846304854
delta1.00__moderate,1.0,moderate,1.3,3166920227,a3dff88bb22b4e2c,"{""COMPUTE"": 758, ""MEMORY"": 649, ""API_CREDITS"": 327, ""DATASET"": 212}","{""COMPUTE"": 1.2559366754617414, ""MEMORY"": 1.1448382126348229, ""API_CREDITS"": 1.3730886850152906, ""DATASET"": 0.41509433962264153}",4,48,30,0.6015874494414886,0.04938198579395285,0.34577901352891777,0.03270111390746228,136.67495799037502,13.735111165209473,21.21209349753493
delta1.00__moderate,1.0,moderate,1.3,3175937812,2ba3fb4266dd3ebc,"{""COMPUTE"": 779, ""MEMORY"": 658, ""API_CREDITS"": 372, ""DATASET"": 173}","{""COMPUTE"": 0.8960205391527599, ""MEMORY"": 0.939209726443769, ""API_CREDITS"": 0.7580645161290323, ""DATASET"": 1.3872832369942196}",4,48,48,0.9586235443125967,0.17067511627417048,0.1446174959783807,0.11592475362012124,355.3866042790683,5.662061202226475,17.18690205011514
delta1.00__moderate,1.0,moderate,1.3,3192653688,b55a379acbd3536a,"{""COMPUTE"": 967, ""MEMORY"": 799, ""API_CREDITS"": 467, ""DATASET"": 181}","{""COMPUTE"": 1.265770423991727, ""MEMORY"": 1.2453066332916145, ""API_CREDITS"": 1.2955032119914347, ""DATASET"": 1.0165745856353592}",4,48,36,0.7526213522177468,0.05987373737373738,0.06784364279190512,0.044886363636363634,271.1493770316899,2.8961767991259637,12.486194717180183
delta1.00__moderate,1.0,moderate,1.3,3200726976,1f0fd6fb796e84d9,"{""COMPUTE"": 659, ""MEMORY"": 521, ""API_CREDITS"": 303, ""DATASET"": 78}","{""COMPUTE"": 1.0955993930197268, ""MEMORY"": 1.199616122840691, ""API_CREDITS"": 1.0528052805280528, ""DATASET"": 2.5641025641025643}",4,48,45,0.9020435856569257,0.180145483736644,0.07922504967071492,0.13021220134479802,177.50255912037315,2.6673545107594148,9.439860595839386
delta1.00__moderate,1.0,moderate,1.3,3225980398,18f578db43c45fc3,"{""COMPUTE"": 771, ""MEMORY"": 632, ""API_CREDITS"": 357, ""DATASET"": 138}","{""COMPUTE"": 1.1413748378728923, ""MEMORY"": 1.2151898734177216, ""API_CREDITS"": 1.1204481792717087, ""DATASET"": 1.855072463768116}",4,48,28,0.5367330727743983,0.1738021238021238,0.16641201045533002,0.12308987308987308,202.52833718837223,4.768082514274563,20.189644421999834
delta1.00__moderate,1.0,moderate,1.3,3247708285,ae8995e712af3a0c,"{""COMPUTE"": 669, ""MEMORY"": 561, ""API_CREDITS"": 278, ""DATASET"": 166}","{""COMPUTE"": 1.4319880418535127, ""MEMORY"": 1.3689839572192513, ""API_CREDITS"": 1.4820143884892085, ""DATASET"": 0.963855421686747}",4,48,29,0.6006097269397447,0.09437015276487516,0.23384243631575954,0.06293517626896773,212.53368838562008,12.524006922295092,16.225194931473094
delta1.00__moderate,1.0,moderate,1.3,3275511066,b1eeb77f37d9df26,"{""COMPUTE"": 699, ""MEMORY"": 572, ""API_CREDITS"": 345, ""DATASET"": 106}","{""COMPUTE"": 1.642346208869814, ""MEMORY"": 1.631118881118881, ""API_CREDITS"": 1.527536231884058, ""DATASET"": 1.8867924528301887}",4,48,45,0.8938540221302942,0.13037963085132895,0.16660601097847175,0.08720092800281477,295.8709387203315,5.931370650335272,29.042481761446382
delta1.00__moderate,1.0,moderate,1.3,3282615687,931a2f278678ac44,"{""COMPUTE"": 974, ""MEMORY"": 822, ""API_CREDITS"": 462, ""DATASET"": 224}","{""COMPUTE"": 0.8336755646817249, ""MEMORY"": 0.818734793187348, ""API_CREDITS"": 0.7770562770562771, ""DATASET"": 0.75}",4,48,41,0.8131307239359934,0.15983290912518852,0.28286086050000797,0.11217523200519525,326.649802470972,17.158141481387137,38.52208877709445
delta1.00__moderate,1.0,moderate,1.3,3309075039,934b21d51148f81d,"{""COMPUTE"": 627, ""MEMORY"": 492, ""API_CREDITS"": 287, ""DATASET"": 67}","{""COMPUTE"": 1.291866028708134, ""MEMORY"": 1.4410569105691058, ""API_CREDITS"": 1.3066202090592334, ""DATASET"": 3.462686567164179}",4,48,42,0.9197502849419772,0.16533671290952848,0.15360192642268547,0.11628105802863083,253.1537498772229,2.6306189508787847,8.056000567658273
delta1.00__moderate,1.0,moderate,1.3,3334186716,94d9a7dd237b7fa8,"{""COMPUTE"": 621, ""MEMORY"": 523, ""API_CREDITS"": 294, ""DATASET"": 131}","{""COMPUTE"": 1.710144927536232, ""MEMORY"": 1.6692160611854685, ""API_CREDITS"": 1.6700680272108843, ""DATASET"": 1.5267175572519085}",4,48,32,0.5966812011585834,0.12586332158545413,0.2083436830707213,0.0821378997734354,163.7761592071569,7.57736766130876,25.266757897321884
delta1.00__moderate,1.0,moderate,1.3,3439138492,74fa43d1fe2316cd,"{""COMPUTE"": 751, ""MEMORY"": 625, ""API_CREDITS"": 362, ""DATASET"": 143}","{""COMPUTE"": 1.2916111850865513, ""MEMORY"": 1.2672, ""API_CREDITS"": 1.270718232044199, ""DATASET"": 1.118881118881119}",4,48,39,0.75120236976771,0.09234929281274883,0.3353800972826207,0.05853788649144798,241.22369747612382,14.615909526424742,30.549352752794093
delta1.00__moderate,1.0,moderate,1.3,3447205743,34ef1ca46174da7a,"{""COMPUTE"": 820, ""MEMORY"": 690, ""API_CREDITS"": 366, ""DATASET"": 196}","{""COMPUTE"": 1.4658536585365853, ""MEMORY"": 1.5014492753623188, ""API_CREDITS"": 1.5519125683060109, ""DATASET"": 1.6326530612244898}",4,48,32,0.6256156604320998,0.07886710239651416,0.27546546763499125,0.05605400409321978,206.47071856133581,12.896578398498862,19.188032968473923
delta1.00__moderate,1.0,moderate,1.3,3460158696,b2de71bdf2aea9d8,"{""COMPUTE"": 871, ""MEMORY"": 708, ""API_CREDITS"": 434, ""DATASET"": 127}","{""COMPUTE"": 1.010332950631458, ""MEMORY"": 1.0988700564971752, ""API_CREDITS"": 0.9354838709677419, ""DATASET"": 2.141732283464567}",4,48,34,0.6130628763399905,0.12679143941279866,0.3080886923107678,0.08748886256976872,202.45970720563955,9.464648882379034,24.51938244608549
delta1.00__moderate,1.0,moderate,1.3,3460268087,74b507533e307686,"{""COMPUTE"": 610, ""MEMORY"": 500, ""API_CREDITS"": 288, ""DATASET"": 99}","{""COMPUTE"": 2.2032786885245903, ""MEMORY"": 2.16, ""API_CREDITS"": 2.25, ""DATASET"": 1.9393939393939394}",4,48,40,0.8506542416013801,0.05454545454545456,0.129391233651943,0.04545454545454545,218.56157360362818,3.7240810324810814,21.605093063038534
delta1.00__moderate,1.0,moderate,1.3,3463781334,f8eafa72489428a2,"{""COMPUTE"": 616, ""MEMORY"": 532, ""API_CREDITS"": 242, ""DATASET"": 194}","{""COMPUTE"": 1.4383116883116882, ""MEMORY"": 1.3458646616541354, ""API_CREDITS"": 1.7355371900826446, ""DATASET"": 0.6597938144329897}",4,48,43,0.8920614042286092,0.08839277271614825,0.5396361728923171,0.06279324081920791,252.72842183648694,20.445320893703855,40.42534007502303
delta1.00__moderate,1.0,moderate,1.3,3467569127,cd3bc7c931340b08,"{""COMPUTE"": 771, ""MEMORY"": 622, ""API_CREDITS"": 367, ""DATASET"": 113}","{""COMPUTE"": 0.8612191958495461, ""MEMORY"": 0.9163987138263665, ""API_CREDITS"": 0.8991825613079019, ""DATASET"": 1.2743362831858407}",4,48,37,0.7139491962977335,0.1165886851133335,0.30374914627370136,0.0697312018255828,211.90576719856918,5.318829286131464,28.534761958077766
delta1.00__moderate,1.0,moderate,1.3,3518403916,3c2797634578eda0,"{""COMPUTE"": 811, ""MEMORY"": 706, ""API_CREDITS"": 375, ""DATASET"": 232}","{""COMPUTE"": 1.1418002466091246, ""MEMORY"": 1.1274787535410764, ""API_CREDITS"": 1.088, ""DATASET"": 1.103448275862069}",4,48,29,0.47258507907962405,0.1393168837538057,0.42268585157675825,0.09040857303731643,194.75310342103387,11.750143008366605,25.229914252940517
delta1.00__moderate,1.0,moderate,1.3,3547154528,e1a2eeba3446b1fb,"{""COMPUTE"": 780, ""MEMORY"": 670, ""API_CREDITS"": 361, ""DATASET"": 205}","{""COMPUTE"": 0.5923076923076923, ""MEMORY"": 0.6492537313432836, ""API_CREDITS"": 0.45706371191135736, ""DATASET"": 1.053658536585366}",4,48,38,0.7522010744447666,0.1802223127465846,0.287771524578264,0.12625508256576218,265.5277901016924,3.4142146304293903,22.155946951019065
delta1.00__moderate,1.0,moderate,1.3,3556888763,329602415bc352c9,"{""COMPUTE"": 887, ""MEMORY"": 746, ""API_CREDITS"": 422, ""DATASET"": 195}","{""COMPUTE"": 1.0552423900789176, ""MEMORY"": 1.0603217158176943, ""API_CREDITS"": 1.0260663507109005, ""DATASET"": 1.1076923076923078}",4,48,28,0.4921097157213476,0.13729326044818063,0.21437032211941068,0.08266881642047867,110.3896764208484,23.695817949165047,31.362484615831715
delta1.00__moderate,1.0,moderate,1.3,3585070197,3291982de8a82efc,"{""COMPUTE"": 654, ""MEMORY"": 518, ""API_CREDITS"": 301, ""DATASET"": 78}","{""COMPUTE"": 1.3149847094801224, ""MEMORY"": 1.501930501930502, ""API_CREDITS"": 1.1627906976744187, ""DATASET"": 4.3076923076923075}",4,48,38,0.7212855562021271,0.14758186258186257,0.27752881759913883,0.11972761035261036,162.51521353311938,18.49295328101023,20.669110222358967
delta1.00__moderate,1.0,moderate,1.3,3597312856,465999742e26d25d,"{""COMPUTE"": 655, ""MEMORY"": 528, ""API_CREDITS"": 311, ""DATASET"": 92}","{""COMPUTE"": 1.8931297709923665, ""MEMORY"": 1.9128787878787878, ""API_CREDITS"": 1.8971061093247588, ""DATASET"": 2.260869565217391}",4,48,41,0.8465355738016962,0.05074598007596028,0.24401210950709248,0.035845715661075826,271.82518327254365,17.511866258633827,31.91600698230742
delta1.00__moderate,1.0,moderate,1.3,3646743967,46ccdb49b331b822,"{""COMPUTE"": 918, ""MEMORY"": 760, ""API_CREDITS"": 460, ""DATASET"": 162}","{""COMPUTE"": 0.8235294117647058, ""MEMORY"": 0.8618421052631579, ""API_CREDITS"": 0.7152173913043478, ""DATASET"": 1.3333333333333333}",4,48,41,0.8419816214322394,0.1536485290980773,0.35816360324130364,0.10001874485119967,281.407874754507,20.128368702449027,29.340269405319106
delta1.00__moderate,1.0,moderate,1.3,3702281959,58d59dc4b7b546d0,"{""COMPUTE"": 515, ""MEMORY"": 407, ""API_CREDITS"": 279, ""DATASET"": 24}","{""COMPUTE"": 1.6194174757281554, ""MEMORY"": 1.660933660933661, ""API_CREDITS"": 1.3906810035842294, ""DATASET"": 5.333333333333333}",4,48,33,0.6122073643266699,0.13276309173170325,0.31503961251100016,0.08526335833850796,164.88670960231224,13.82109565921111,43.654944448139275
delta1.00__moderate,1.0,moderate,1.3,3703198363,da69bc4c6abd64e1,"{""COMPUTE"": 464, ""MEMORY"": 410, ""API_CREDITS"": 170, ""DATASET"": 167}","{""COMPUTE"": 1.5474137931034482, ""MEMORY"": 1.4, ""API_CREDITS"": 2.0352941176470587, ""DATASET"": 0.47904191616766467}",4,48,41,0.763973620892488,0.0715001512377404,0.4274592689000376,0.044598211178744275,170.6597958774577,10.290561730883743,38.8935643492938
delta1.00__moderate,1.0,moderate,1.3,3722197476,b5b8cd91f54d51fa,"{""COMPUTE"": 829, ""MEMORY"": 677, ""API_CREDITS"": 405, ""DATASET"": 132}","{""COMPUTE"": 1.0325693606755126, ""MEMORY"": 1.017725258493353, ""API_CREDITS"": 1.0444444444444445, ""DATASET"": 0.7878787878787878}",4,48,46,0.8410618587160386,0.08091630591630589,0.2808871912458331,0.05487914862914863,233.0909181622845,4.097492235929541,26.492047488026483
delta1.00__moderate,1.0,moderate,1.3,3732653027,1caaedde75723e9c,"{""COMPUTE"": 830, ""MEMORY"": 678, ""API_CREDITS"": 372, ""DATASET"": 156}","{""COMPUTE"": 1.3734939759036144, ""MEMORY"": 1.420353982300885, ""API_CREDITS"": 1.4973118279569892, ""DATASET"": 1.5897435897435896}",4,48,34,0.6681129211076055,0.07037602392080004,0.3643070196246909,0.04084739915741158,245.17162587884903,16.45095607334716,25.78592852369275
delta1.00__moderate,1.0,moderate,1.3,3755261675,a0143f200b79f131,"{""COMPUTE"": 555, ""MEMORY"": 491, ""API_CREDITS"": 225, ""DATASET"": 191}","{""COMPUTE"": 1.5495495495495495, ""MEMORY"": 1.4358452138492872, ""API_CREDITS"": 1.6666666666666667, ""DATASET"": 0.8795811518324608}",4,48,42,0.8794335867499411,0.13589152809376867,0.26906280643772124,0.08559817706338933,241.16204223737842,9.917515576179424,30.526771006769966
delta1.00__moderate,1.0,moderate,1.3,3819244249,626ac75373000956,"{""COMPUTE"": 791, ""MEMORY"": 637, ""API_CREDITS"": 394, ""DATASET"": 101}","{""COMPUTE"": 1.0973451327433628, ""MEMORY"": 1.1773940345368916, ""API_CREDITS"": 0.9898477157360406, ""DATASET"": 2.376237623762376}",4,48,25,0.45454893663489954,0.11403572769156971,0.4793661154024543,0.07277074362883702,135.33256075389758,6.008364397877732,42.99505854744649
delta1.00__moderate,1.0,moderate,1.3,3825070817,1d35c3c327d22c33,"{""COMPUTE"": 381, ""MEMORY"": 338, ""API_CREDITS"": 161, ""DATASET"": 119}","{""COMPUTE"": 2.288713910761155, ""MEMORY"": 2.0384615384615383, ""API_CREDITS"": 2.4782608695652173, ""DATASET"": 0.8739495798319328}",4,48,34,0.737278627112704,0.13101295405982905,0.19767962315747334,0.0912376469017094,210.31944443953702,8.403806881972708,32.73169882335142
delta1.00__moderate,1.0,moderate,1.3,3829285020,5618c05fe11d3801,"{""COMPUTE"": 617, ""MEMORY"": 505, ""API_CREDITS"": 296, ""DATASET"": 96}","{""COMPUTE"": 1.5688816855753647, ""MEMORY"": 1.6, ""API_CREDITS"": 1.5675675675675675, ""DATASET"": 2.0}",4,48,41,0.8381881761253216,0.0956683598178156,0.4141744263060298,0.05748009047819646,258.21727954095456,9.963094787059996,45.06676054031823
delta1.00__moderate,1.0,moderate,1.3,3829736852,75aaadab889725ab,"{""COMPUTE"": 608, ""MEMORY"": 528, ""API_CREDITS"": 241, ""DATASET"": 195}","{""COMPUTE"": 1.486842105263158, ""MEMORY"": 1.3825757575757576, ""API_CREDITS"": 1.7012448132780082, ""DATASET"": 0.7384615384615385}",4,48,36,0.7098312757144627,0.09661961581199811,0.43925752462443796,0.06116769910155851,266.1799287035141,10.726685049520244,34.37212836638955
delta1.00__moderate,1.0,moderate,1.3,3834605579,97ba3e06582a19b7,"{""COMPUTE"": 661, ""MEMORY"": 572, ""API_CREDITS"": 299, ""DATASET"": 182}","{""COMPUTE"": 1.367624810892587, ""MEMORY"": 1.4125874125874125, ""API_CREDITS"": 1.2976588628762542, ""DATASET"": 1.7582417582417582}",4,48,34,0.7089698499054539,0.1378474399164054,0.2616423508999807,0.09614765024247783,300.7211124376533,6.475666183445461,34.68653668607015
delta1.00__moderate,1.0,moderate,1.3,3862073378,3e728f9bc534bd57,"{""COMPUTE"": 701, ""MEMORY"": 613, ""API_CREDITS"": 331, ""DATASET"": 198}","{""COMPUTE"": 1.4407988587731813, ""MEMORY"": 1.3278955954323002, ""API_CREDITS"": 1.4561933534743203, ""DATASET"": 0.7272727272727273}",4,48,44,0.7890984309519201,0.06577174365043821,0.4914807336862839,0.04721712140315895,199.86119550589584,18.19184360730457,70.82899962567757
delta1.00__moderate,1.0,moderate,1.3,3896223086,64b25bf7081d2784,"{""COMPUTE"": 834, ""MEMORY"": 686, ""API_CREDITS"": 388, ""DATASET"": 156}","{""COMPUTE"": 1.196642685851319, ""MEMORY"": 1.19533527696793, ""API_CREDITS"": 1.1649484536082475, ""DATASET"": 1.2307692307692308}",4,48,25,0.4338698356936553,0.1406389406389406,0.23209197612104496,0.09274887399887399,108.5488240222977,17.341102666086925,21.561652756859505
delta1.00__moderate,1.0,moderate,1.3,3902540653,e6e79ad8ffc39b09,"{""COMPUTE"": 827, ""MEMORY"": 668, ""API_CREDITS"": 373, ""DATASET"": 138}","{""COMPUTE"": 0.9939540507859734, ""MEMORY"": 1.0059880239520957, ""API_CREDITS"": 0.9436997319034852, ""DATASET"": 1.1594202898550725}",4,48,32,0.7034871759625254,0.16167887667887668,0.2788098587598598,0.11913495455162121,215.186021306528,10.817512965279592,56.008007809265564
delta1.00__moderate,1.0,moderate,1.3,3945030225,4798732f47e47bf0,"{""COMPUTE"": 681, ""MEMORY"": 583, ""API_CREDITS"": 301, ""DATASET"": 182}","{""COMPUTE"": 1.644640234948605, ""MEMORY"": 1.5780445969125214, ""API_CREDITS"": 1.8073089700996678, ""DATASET"": 1.054945054945055}",4,48,39,0.7528246474741459,0.0667930055976474,0.26223003545188645,0.0473292196445182,245.14817396925295,6.896888925563946,22.567627527509746
delta1.00__moderate,1.0,moderate,1.3,3947356923,5fb3ff16bdd37bc4,"{""COMPUTE"": 530, ""MEMORY"": 473, ""API_CREDITS"": 204, ""DATASET"": 197}","{""COMPUTE"": 1.509433962264151, ""MEMORY"": 1.477801268498943, ""API_CREDITS"": 1.6715686274509804, ""DATASET"": 1.2588832487309645}",4,48,37,0.6809058060714631,0.1606206614865833,0.42036623201936796,0.11552427041253856,174.3520369371986,15.623355569925275,38.240152690049335
delta1.00__moderate,1.0,moderate,1.3,3981156840,15a74dc81933a9cd,"{""COMPUTE"": 553, ""MEMORY"": 469, ""API_CREDITS"": 243, ""DATASET"": 135}","{""COMPUTE"": 1.5262206148282098, ""MEMORY"": 1.4712153518123667, ""API_CREDITS"": 1.6049382716049383, ""DATASET"": 1.0666666666666667}",4,48,18,0.2994115572352462,0.13796787503684055,0.28675330641331626,0.0921990126731506,91.36184914755557,7.007854385413779,31.32664600200701
delta1.00__moderate,1.0,moderate,1.3,3996589783,2af95613801db868,"{""COMPUTE"": 738, ""MEMORY"": 658, ""API_CREDITS"": 331, ""DATASET"": 248}","{""COMPUTE"": 0.997289972899729, ""MEMORY"": 0.9954407294832827, ""API_CREDITS"": 0.824773413897281, ""DATASET"": 1.1290322580645162}",4,48,27,0.46594085211913455,0.16776525485805457,0.3512998080891762,0.11738935144188344,110.86384268274132,12.64350590846921,48.62647849668307
delta1.00__moderate,1.0,moderate,1.3,4024888051,c8fb758e91043a72,"{""COMPUTE"": 397, ""MEMORY"": 357, ""API_CREDITS"": 153, ""DATASET"": 146}","{""COMPUTE"": 2.6146095717884132, ""MEMORY"": 2.495798319327731, ""API_CREDITS"": 3.065359477124183, ""DATASET"": 1.917808219178082}",4,48,41,0.8249105024954093,0.13211261332985272,0.3010266653205828,0.08665385499980723,291.1617731621615,12.44248136723104,18.000979738959703
delta1.00__moderate,1.0,moderate,1.3,4030503373,10eaf9e4b06c0343,"{""COMPUTE"": 500, ""MEMORY"": 424, ""API_CREDITS"": 209, ""DATASET"": 126}","{""COMPUTE"": 1.496, ""MEMORY"": 1.4669811320754718, ""API_CREDITS"": 1.8660287081339713, ""DATASET"": 0.8888888888888888}",4,48,41,0.8210142931049506,0.06310260398018858,0.3346410251717807,0.039777410415920755,201.40805735010147,12.582970093248322,73.21479514624981
delta1.00__moderate,1.0,moderate,1.3,4039868181,1ea133532abb5c32,"{""COMPUTE"": 603, ""MEMORY"": 517, ""API_CREDITS"": 298, ""DATASET"": 135}","{""COMPUTE"": 1.4262023217247097, ""MEMORY"": 1.3462282398452612, ""API_CREDITS"": 1.3557046979865772, ""DATASET"": 0.9481481481481482}",4,48,39,0.6861356659911535,0.09234733927408603,0.3623512021321751,0.061643877716657546,211.83227201047484,7.311593272471072,37.44435399838621
delta1.00__moderate,1.0,moderate,1.3,4070281976,189e4f9f3d509bd3,"{""COMPUTE"": 842, ""MEMORY"": 735, ""API_CREDITS"": 389, ""DATASET"": 247}","{""COMPUTE"": 1.144893111638955, ""MEMORY"": 1.1537414965986394, ""API_CREDITS"": 1.0488431876606683, ""DATASET"": 1.2955465587044535}",4,48,46,0.891298893119739,0.16133204145252336,0.13686107648957738,0.11059506089626571,374.2921841615532,9.590757506640218,20.010500766901345
delta1.00__moderate,1.0,moderate,1.3,4074372378,9f23ad7c2920c5e6,"{""COMPUTE"": 868, ""MEMORY"": 707, ""API_CREDITS"": 432, ""DATASET"": 129}","{""COMPUTE"": 0.5253456221198156, ""MEMORY"": 0.6067892503536068, ""API_CREDITS"": 0.41435185185185186, ""DATASET"": 1.550387596899225}",4,48,43,0.8537060278468386,0.19048477564102564,0.13885854058294997,0.1552650908119658,287.06008634223093,8.171787231305604,24.4052627453928
delta1.00__moderate,1.0,moderate,1.3,4082760487,92a684a62176187d,"{""COMPUTE"": 784, ""MEMORY"": 659, ""API_CREDITS"": 377, ""DATASET"": 166}","{""COMPUTE"": 1.653061224489796, ""MEMORY"": 1.590288315629742, ""API_CREDITS"": 1.676392572944297, ""DATASET"": 1.1566265060240963}",4,48,39,0.733395075204503,0.056397306397306404,0.1408368131777415,0.04545454545454545,258.39137443269993,3.743743534325525,5.517127824604747
delta1.00__moderate,1.0,moderate,1.3,4095462803,d71d63ad1d47d099,"{""COMPUTE"": 656, ""MEMORY"": 528, ""API_CREDITS"": 341, ""DATASET"": 67}","{""COMPUTE"": 1.2530487804878048, ""MEMORY"": 1.356060606060606, ""API_CREDITS"": 1.0087976539589443, ""DATASET"": 3.8208955223880596}",4,48,45,0.8069405532527165,0.13905549361154934,0.378302145981366,0.09675645545521465,204.5075844393962,7.677714025479148,35.21146531641133
delta1.00__moderate,1.0,moderate,1.3,4099285905,123271d38db8b9e9,"{""COMPUTE"": 672, ""MEMORY"": 553, ""API_CREDITS"": 317, ""DATASET"": 118}","{""COMPUTE"": 1.1666666666666667, ""MEMORY"": 1.2278481012658229, ""API_CREDITS"": 1.113564668769716, ""DATASET"": 1.8305084745762712}",4,48,44,0.838400635791798,0.17604780840074957,0.22323029046177226,0.12650639121227356,253.3762335629032,3.1297900986983667,15.497334835107337
delta1.00__moderate,1.0,moderate,1.3,4105600667,444fc0a084b1915a,"{""COMPUTE"": 748, ""MEMORY"": 646, ""API_CREDITS"": 361, ""DATASET"": 192}","{""COMPUTE"": 1.2967914438502675, ""MEMORY"": 1.2337461300309598, ""API_CREDITS"": 1.2825484764542936, ""DATASET"": 0.875}",4,48,27,0.570148920205379,0.12416744303880226,0.36533050801998507,0.07904331786815608,159.0778062727787,15.419415560859287,29.42897195163613
delta1.00__moderate,1.0,moderate,1.3,4163155962,a34c7fcb824b126d,"{""COMPUTE"": 690, ""MEMORY"": 585, ""API_CREDITS"": 338, ""DATASET"": 148}","{""COMPUTE"": 1.1565217391304348, ""MEMORY"": 1.2307692307692308, ""API_CREDITS"": 1.029585798816568, ""DATASET"": 1.945945945945946}",4,48,38,0.8063966829848969,0.15382103941550757,0.2863275168635882,0.10437675796119533,334.980854552273,7.0926145333388115,19.970139212319875
delta1.00__moderate,1.0,moderate,1.3,4171035140,22009623c49c5bda,"{""COMPUTE"": 741, ""MEMORY"": 634, ""API_CREDITS"": 345, ""DATASET"": 187}","{""COMPUTE"": 1.1093117408906883, ""MEMORY"": 1.1009463722397477, ""API_CREDITS"": 1.1652173913043478, ""DATASET"": 0.9411764705882353}",4,48,37,0.6864163118659752,0.08187193340316444,0.3825370593134485,0.05276715762843719,226.41308754654497,8.187503703819948,25.806627069716694
delta1.00__moderate,1.0,moderate,1.3,4184451528,552f9128c5d31042,"{""COMPUTE"": 784, ""MEMORY"": 649, ""API_CREDITS"": 371, ""DATASET"": 149}","{""COMPUTE"": 0.8188775510204082, ""MEMORY"": 0.8351309707241911, ""API_CREDITS"": 0.77088948787062, ""DATASET"": 0.9664429530201343}",4,48,39,0.7460732682931971,0.14171567208123811,0.3729800411833009,0.091795518086546,233.66561348204323,10.023219328774662,28.899503579588696
delta1.00__moderate,1.0,moderate,1.3,4190426423,669e27329248bd0a,"{""COMPUTE"": 559, ""MEMORY"": 496, ""API_CREDITS"": 238, ""DATASET"": 187}","{""COMPUTE"": 1.7388193202146691, ""MEMORY"": 1.625, ""API_CREDITS"": 1.9915966386554622, ""DATASET"": 0.9411764705882353}",4,48,37,0.7390139783516129,0.07940251025694829,0.433922076045846,0.047864643841533584,261.27367823793514,14.193678064377329,39.46051312738693
delta1.00__moderate,1.0,moderate,1.3,4202249207,4e0039312a0a5836,"{""COMPUTE"": 731, ""MEMORY"": 595, ""API_CREDITS"": 342, ""DATASET"": 120}","{""COMPUTE"": 1.1600547195622435, ""MEMORY"": 1.1563025210084035, ""API_CREDITS"": 1.1695906432748537, ""DATASET"": 1.0666666666666667}",4,48,40,0.7667479377962739,0.1363830613830614,0.03709863704663312,0.09176702926702925,239.14685582935445,2.5333259575219604,2.4292320395122675
delta1.00__moderate,1.0,moderate,1.3,4206761894,e3ba38291883d4e8,"{""COMPUTE"": 874, ""MEMORY"": 731, ""API_CREDITS"": 421, ""DATASET"": 180}","{""COMPUTE"": 0.8421052631578947, ""MEMORY"": 0.9042407660738714, ""API_CREDITS"": 0.7387173396674585, ""DATASET"": 1.4666666666666666}",4,48,41,0.7798742878186787,0.12753036711363647,0.363642217837552,0.0870481110614817,321.6949586279904,14.308517881233795,20.598394643436716
